stock_id,Date,Score_5d,Score_10d,Unc_5d,Unc_10d,SQ_5d
9960,2026-08-06,0.09618316,0.07858456,0.0096837,0.008550301,9.931454
9941,2026-08-06,0.070650764,0.057736374,0.0072901365,0.011923167,9.689953
1256,2026-08-06,0.09065585,0.07736011,0.009560004,0.009271573,9.481833
8341,2026-08-06,0.08351792,0.07092897,0.008987156,0.010005626,9.291997
1419,2026-08-06,0.09568197,0.075726815,0.010334098,0.011517046,9.257965
1726,2026-08-06,0.07838648,0.07511644,0.008493106,0.009954521,9.228337
7631,2026-08-06,0.08149678,0.07811131,0.008981874,0.011063705,9.072461
6651,2026-08-06,0.08308433,0.09914751,0.009226848,0.0107341595,9.003652
5525,2026-08-06,0.081436686,0.06965618,0.0091509735,0.010437364,8.898265
6177,2026-08-06,0.09539029,0.10344362,0.010751581,0.010904935,8.871386
8072,2026-08-06,0.07867647,0.071315095,0.008911536,0.011290468,8.827619
1730,2026-08-06,0.078332834,0.089287296,0.008918014,0.0117757255,8.782678
6914,2026-08-06,0.07847026,0.079203404,0.0090210745,0.009419917,8.697585
1417,2026-08-06,0.061312255,0.05395386,0.0070907734,0.007851932,8.645546
4736,2026-08-06,0.07386722,0.06960071,0.008723499,0.0090091,8.466642
4131,2026-08-06,0.06366048,0.061677806,0.0075717797,0.009981194,8.406488
2731,2026-08-06,0.07191037,0.06434215,0.0086351475,0.009713675,8.326672
6115,2026-08-06,0.051058237,0.03572072,0.0062226756,0.009037931,8.203872
4536,2026-08-06,0.073611625,0.07800034,0.009014023,0.009540397,8.16544
1452,2026-08-06,0.045803387,0.030357549,0.005622769,0.0074524577,8.144608
3526,2026-08-06,0.0892646,0.08067413,0.010970446,0.010320025,8.136084
6140,2026-08-06,0.076764725,0.087165065,0.00945914,0.010455564,8.114544
4430,2026-08-06,0.07440675,0.07277009,0.009339051,0.0076469085,7.9664173
3356,2026-08-06,0.0955723,0.09682887,0.012163979,0.011775396,7.856347
2516,2026-08-06,0.056424715,0.046237905,0.007193874,0.008338865,7.8423495
2603,2026-08-06,0.072004445,0.07130375,0.0092022605,0.00915642,7.823797
3546,2026-08-06,0.08520714,0.097814366,0.010936511,0.014068713,7.7903595
9931,2026-08-06,0.056378286,0.06408468,0.0073035182,0.009546893,7.718276
6692,2026-08-06,0.06740238,0.057457753,0.00876579,0.0093195,7.688376
2850,2026-08-06,0.07040164,0.072955064,0.009193256,0.01160232,7.657133
4432,2026-08-06,0.075704195,0.09092951,0.009885992,0.010463949,7.656949
1268,2026-08-06,0.06887191,0.06320695,0.009060378,0.010020647,7.6005993
5230,2026-08-06,0.102101155,0.111120015,0.013459983,0.015507416,7.58497
1783,2026-08-06,0.061488245,0.06484782,0.00813277,0.0076110847,7.559624
6803,2026-08-06,0.06715963,0.04703951,0.008887405,0.008192719,7.55587
1339,2026-08-06,0.07928466,0.099676564,0.010497957,0.01081677,7.5516706
9906,2026-08-06,0.09194457,0.092874244,0.0122097535,0.009911321,7.529803
4154,2026-08-06,0.086623766,0.074370734,0.011538352,0.009494385,7.5068135
4550,2026-08-06,0.07071578,0.07227205,0.009444943,0.009881073,7.4863653
3306,2026-08-06,0.08200553,0.08297834,0.010994496,0.01016132,7.4581017
5215,2026-08-06,0.06314614,0.059448414,0.008471961,0.014655541,7.4526644
4924,2026-08-06,0.08398212,0.08770232,0.011271011,0.0101318,7.4504995
2851,2026-08-06,0.0756713,0.08373669,0.010268301,0.009265979,7.3686905
4580,2026-08-06,0.07176218,0.064260855,0.009779001,0.009910932,7.3376455
2729,2026-08-06,0.07510882,0.06171045,0.010292091,0.010887556,7.2970123
6790,2026-08-06,0.055636525,0.04262012,0.0076407883,0.009108586,7.280564
8487,2026-08-06,0.06539407,0.051413536,0.0089976415,0.009977946,7.267105
4950,2026-08-06,0.056039907,0.057628594,0.0077344705,0.008811631,7.244538
4107,2026-08-06,0.069836155,0.07381728,0.009644213,0.00973845,7.2404985
1416,2026-08-06,0.06658248,0.055682156,0.009203943,0.010110866,7.233339
3218,2026-08-06,0.05493378,0.06586396,0.007596068,0.01072644,7.2309184
1465,2026-08-06,0.08376932,0.06913575,0.011598216,0.01087002,7.221981
4951,2026-08-06,0.084555134,0.09320533,0.011707436,0.008935786,7.2217274
4904,2026-08-06,0.08806874,0.047353584,0.01220315,0.011736905,7.216294
1210,2026-08-06,0.056110404,0.019379858,0.0077839387,0.009012583,7.207559
4161,2026-08-06,0.06416659,0.072290674,0.008916659,0.0108847935,7.1954517
1788,2026-08-06,0.07568245,0.08243934,0.0105195865,0.006558995,7.1937475
5511,2026-08-06,0.07525191,0.06483597,0.010474369,0.009599329,7.1836996
2832,2026-08-06,0.07806794,0.08633124,0.010875195,0.010740322,7.177872
1720,2026-08-06,0.061539482,0.04478533,0.008572526,0.008091697,7.1778493
8367,2026-08-06,0.05325506,0.039168317,0.0074419607,0.01042445,7.155091
1817,2026-08-06,0.062623344,0.04681902,0.0087635,0.0077680224,7.1451135
6577,2026-08-06,0.06120439,0.04657601,0.0085829375,0.0086597325,7.1301064
6605,2026-08-06,0.05571591,0.071849704,0.007893638,0.007011049,7.057437
3628,2026-08-06,0.0589372,0.05521675,0.00836199,0.008904744,7.047384
3432,2026-08-06,0.06383304,0.07227652,0.009058548,0.009274721,7.045941
1402,2026-08-06,0.055941008,0.03442196,0.007947953,0.0076641585,7.037531
5522,2026-08-06,0.046482787,0.033062417,0.0066061313,0.00890023,7.035245
3611,2026-08-06,0.06378919,0.07272527,0.009071832,0.010268472,7.0307913
2753,2026-08-06,0.06830994,0.068828754,0.009724547,0.00712072,7.023763
7718,2026-08-06,0.07597909,0.0792815,0.01082098,0.010652638,7.020812
5514,2026-08-06,0.05081521,0.03850628,0.0072483364,0.0076393588,7.0096364
6233,2026-08-06,0.06670954,0.0723368,0.009530121,0.009724537,6.999128
4162,2026-08-06,0.04500572,0.0362996,0.0064827823,0.008345009,6.941276
5533,2026-08-06,0.06609992,0.063707694,0.009544051,0.009461635,6.925046
8176,2026-08-06,0.0745698,0.074959084,0.010812895,0.010677603,6.8957386
4766,2026-08-06,0.06765533,0.066364154,0.009847438,0.012020841,6.869651
3518,2026-08-06,0.066370286,0.07198804,0.009685209,0.008464436,6.8520393
8938,2026-08-06,0.06165781,0.038027067,0.009007758,0.008513522,6.844207
2834,2026-08-06,0.07965309,0.07204047,0.011669315,0.0114529105,6.825273
3118,2026-08-06,0.06495334,0.06524109,0.009518279,0.0090421345,6.8233466
6684,2026-08-06,0.07643652,0.08600936,0.01125999,0.011557931,6.7877264
2614,2026-08-06,0.045787204,0.03309121,0.006792756,0.0089618005,6.739601
1537,2026-08-06,0.06263457,0.053742494,0.009309817,0.011127316,6.7270756
4111,2026-08-06,0.066267066,0.066636,0.009872238,0.01122714,6.7117863
2442,2026-08-06,0.0576119,0.049544614,0.008611996,0.0071355086,6.68895
5609,2026-08-06,0.06265439,0.06274775,0.009373537,0.010283015,6.6834645
2852,2026-08-06,0.054325406,0.055531032,0.008160517,0.009242915,6.6562877
8481,2026-08-06,0.06659836,0.062835455,0.010045356,0.009082682,6.629106
2440,2026-08-06,0.0610861,0.055814646,0.009224967,0.0091114445,6.621105
5220,2026-08-06,0.055962086,0.06553311,0.008451831,0.0119931195,6.620514
3044,2026-08-06,0.06157546,0.05987954,0.009314243,0.010767113,6.6101832
6757,2026-08-06,0.05515758,0.06607923,0.008346006,0.011072102,6.608067
9946,2026-08-06,0.059797812,0.051347878,0.009054278,0.010444373,6.6036415
8284,2026-08-06,0.048022747,0.05901093,0.007272581,0.011150755,6.6023526
6183,2026-08-06,0.0652155,0.061054397,0.009909449,0.008800961,6.580478
2597,2026-08-06,0.046411768,0.03788578,0.0070554577,0.009691333,6.577205
6208,2026-08-06,0.065285176,0.05460626,0.009937607,0.009344953,6.5688457
1410,2026-08-06,0.06509993,0.051804353,0.009935875,0.0082808705,6.551348
8424,2026-08-06,0.04881956,0.062358562,0.0074583436,0.008177814,6.544753
6776,2026-08-06,0.052054413,0.046154346,0.007956213,0.007933278,6.541789
2412,2026-08-06,0.08746993,0.048012264,0.013412765,0.010539711,6.520908
2739,2026-08-06,0.05422463,0.041442204,0.008346725,0.00861725,6.495737
4702,2026-08-06,0.14121388,0.13880774,0.021759834,0.027114676,6.4893594
3419,2026-08-06,0.05414375,0.050581455,0.008364447,0.00876315,6.4723077
2496,2026-08-06,0.051906686,0.03771511,0.008030239,0.008325867,6.4630985
6185,2026-08-06,0.070971996,0.06060883,0.0109864175,0.010136674,6.4593883
2816,2026-08-06,0.058527015,0.07662091,0.00906114,0.011315126,6.45841
1472,2026-08-06,0.06695769,0.07065336,0.010367045,0.009103311,6.458082
2548,2026-08-06,0.06176206,0.047173817,0.00959767,0.010035706,6.434439
0055,2026-08-06,0.13220778,0.16277038,0.02055128,0.019089183,6.432755
6464,2026-08-06,0.067949004,0.0642777,0.010573785,0.011814677,6.4255686
2636,2026-08-06,0.056987226,0.043925986,0.008936791,0.007981901,6.3759856
9951,2026-08-06,0.06844738,0.06739448,0.010744993,0.009925739,6.3695726
9925,2026-08-06,0.050843786,0.045594513,0.008024283,0.008229141,6.335451
1558,2026-08-06,0.06200281,0.06897452,0.009789213,0.009390015,6.3331423
5493,2026-08-06,0.06509981,0.08017697,0.010314767,0.010767435,6.3107095
2506,2026-08-06,0.07124861,0.06798336,0.011342283,0.011334514,6.281128
1618,2026-08-06,0.054241575,0.061065156,0.008651756,0.0077611427,6.268705
2385,2026-08-06,0.043717615,0.019327892,0.007011467,0.010254116,6.2342706
2433,2026-08-06,0.047514375,0.037729338,0.0076332754,0.0075653535,6.2238226
3332,2026-08-06,0.055151954,0.035568874,0.008915095,0.009401854,6.1856627
1473,2026-08-06,0.05514664,0.04877951,0.008924054,0.007721745,6.1788573
1457,2026-08-06,0.048808057,0.033014763,0.007955339,0.007593107,6.1344867
2501,2026-08-06,0.05431635,0.044875756,0.0088574495,0.009080687,6.1315866
2755,2026-08-06,0.04530823,0.047040697,0.0073929406,0.010212761,6.1277514
5508,2026-08-06,0.04261981,0.052917086,0.0069551445,0.007745414,6.12693
4754,2026-08-06,0.07356751,0.06706776,0.012038476,0.010322345,6.110524
1734,2026-08-06,0.057595238,0.062829494,0.009436319,0.011001839,6.102924
2727,2026-08-06,0.07222115,0.052398246,0.011842634,0.0104635395,6.097888
1474,2026-08-06,0.04559258,0.033213153,0.0074907923,0.008471276,6.085671
6023,2026-08-06,0.0544533,0.05709893,0.00897209,0.010356567,6.0685115
1512,2026-08-06,0.06043796,0.056477528,0.009964768,0.0114463065,6.064556
3597,2026-08-06,0.05299588,0.06582792,0.008748801,0.010768844,6.0568094
3027,2026-08-06,0.04513119,0.050472878,0.007461744,0.0074364827,6.0475335
2066,2026-08-06,0.0558752,0.07283126,0.009243865,0.011729339,6.0439177
2459,2026-08-06,0.05348493,0.050136164,0.008848622,0.008604482,6.0437527
6670,2026-08-06,0.05059668,0.036390517,0.008380738,0.009274294,6.0365376
4506,2026-08-06,0.07117278,0.07420392,0.011794386,0.009645594,6.033951
8446,2026-08-06,0.05587596,0.053217888,0.009262306,0.008963054,6.0319676
6592,2026-08-06,0.048450645,0.031182293,0.008053221,0.0087865,6.015559
3596,2026-08-06,0.064617366,0.06857117,0.010758892,0.012246309,6.0053916
6259,2026-08-06,0.084652916,0.09270468,0.014116742,0.012689278,5.9962077
1233,2026-08-06,0.06545655,0.05971129,0.010926494,0.010219691,5.990078
6561,2026-08-06,0.056264218,0.050461683,0.009412929,0.009225659,5.9766984
3527,2026-08-06,0.06406068,0.06398334,0.010728239,0.010688852,5.9706635
6508,2026-08-06,0.049279474,0.05000835,0.00826148,0.009730004,5.9642467
6951,2026-08-06,0.068374224,0.06514462,0.011561815,0.009565608,5.9132853
6690,2026-08-06,0.052928213,0.066628605,0.008999987,0.011690219,5.8802676
9110,2026-08-06,0.05454988,0.049339056,0.009285968,0.009890698,5.8738093
1599,2026-08-06,0.056718707,0.06146478,0.009660739,0.007251729,5.870445
3045,2026-08-06,0.06889471,0.036583897,0.011775439,0.011572644,5.8502154
1540,2026-08-06,0.050192427,0.0633957,0.008624739,0.007737355,5.818913
1813,2026-08-06,0.04352307,0.030485136,0.0074890014,0.011898742,5.810823
6855,2026-08-06,0.04751457,0.057523645,0.008214293,0.011079322,5.783673
1781,2026-08-06,0.06932901,0.07151164,0.012006613,0.00941091,5.773754
9944,2026-08-06,0.06718175,0.06284526,0.011635025,0.011751004,5.7735996
2537,2026-08-06,0.06074443,0.062511005,0.010524978,0.01014906,5.770906
2228,2026-08-06,0.053612955,0.043485936,0.009303582,0.00833474,5.761995
2633,2026-08-06,0.060039587,0.033496104,0.010487429,0.010595641,5.7243643
9927,2026-08-06,0.058469888,0.045272555,0.010243422,0.009713058,5.7074847
6931,2026-08-06,0.045341834,0.03254719,0.007951572,0.008238317,5.701531
5460,2026-08-06,0.06481736,0.06919141,0.011371883,0.009545127,5.6992903
1733,2026-08-06,0.05473988,0.05865925,0.009616009,0.010362663,5.691986
3679,2026-08-06,0.042861883,0.036112513,0.0075348555,0.0072241323,5.6877265
7732,2026-08-06,0.054346208,0.056716103,0.009556319,0.009107327,5.6863446
6606,2026-08-06,0.06256275,0.07392129,0.011013979,0.010978947,5.679788
9912,2026-08-06,0.075206324,0.07008937,0.013243386,0.010768505,5.678355
6151,2026-08-06,0.041802723,0.05171879,0.0073636253,0.009356469,5.676151
4535,2026-08-06,0.0616827,0.07329138,0.010873009,0.011925134,5.672489
8462,2026-08-06,0.065777674,0.06263522,0.011607896,0.012707753,5.666144
4401,2026-08-06,0.047846843,0.029859532,0.008461902,0.007504561,5.6537156
1437,2026-08-06,0.0464155,0.014832616,0.008233265,0.009071088,5.6368723
3492,2026-08-06,0.04323601,0.053099044,0.0076973992,0.008170114,5.616234
6123,2026-08-06,0.05732809,0.06996814,0.010220355,0.010588798,5.6086583
2211,2026-08-06,0.038313303,0.011024787,0.0068501774,0.0071572238,5.5922217
3188,2026-08-06,0.061023165,0.06347728,0.010942202,0.0107946955,5.5763535
4153,2026-08-06,0.061377537,0.07952263,0.0110070305,0.012226263,5.5757055
8032,2026-08-06,0.06214745,0.0818887,0.011153017,0.012561123,5.571755
2915,2026-08-06,0.052206855,0.04404303,0.009402303,0.009743142,5.5519695
1451,2026-08-06,0.049311843,0.06204157,0.00888133,0.011671979,5.5516787
6846,2026-08-06,0.036723446,0.026131554,0.0066425884,0.010559308,5.5276523
1587,2026-08-06,0.039737638,0.03257264,0.0072212154,0.009078037,5.50214
4728,2026-08-06,0.052352328,0.0594582,0.009517552,0.012606095,5.5000305
4711,2026-08-06,0.05773703,0.06891089,0.01050205,0.009660541,5.497168
2615,2026-08-06,0.05020601,0.04542057,0.009140081,0.0094721755,5.492349
5438,2026-08-06,0.038332436,0.03717249,0.0069813533,0.0088326745,5.4899025
6703,2026-08-06,0.06622191,0.085514545,0.012079792,0.013130599,5.4815865
9905,2026-08-06,0.05418029,0.0706205,0.00989411,0.00951967,5.475461
3588,2026-08-06,0.056057505,0.06301603,0.010242212,0.009819257,5.472649
3150,2026-08-06,0.059141587,0.066639975,0.01081313,0.009194287,5.4689174
8416,2026-08-06,0.056455933,0.058741473,0.010333779,0.011219272,5.462713
3311,2026-08-06,0.04835746,0.04022123,0.008852971,0.009988432,5.461669
2509,2026-08-06,0.04318559,0.03481015,0.00791823,0.006547305,5.453256
1445,2026-08-06,0.048866864,0.034833834,0.008986408,0.010033906,5.4372587
3276,2026-08-06,0.05749613,0.04436746,0.010606136,0.010682468,5.420514
6186,2026-08-06,0.059262767,0.01785198,0.01094312,0.010964141,5.4150324
3021,2026-08-06,0.048897155,0.053697135,0.0090428125,0.011099091,5.406697
6176,2026-08-06,0.0550114,0.0192864,0.01022384,0.009551466,5.380172
3646,2026-08-06,0.04931941,0.044671886,0.009202014,0.010331557,5.35905
1906,2026-08-06,0.054479424,0.06095121,0.010183297,0.008967401,5.349355
6506,2026-08-06,0.050262537,0.047366437,0.009405922,0.008606744,5.3431435
1453,2026-08-06,0.06947037,0.06551141,0.013020806,0.011081122,5.3349257
6615,2026-08-06,0.07293701,0.06895887,0.013694732,0.012586852,5.325528
2640,2026-08-06,0.046208326,0.04224332,0.008713844,0.008865925,5.3022547
2488,2026-08-06,0.03941207,0.03305209,0.007438983,0.0078101507,5.2973337
3308,2026-08-06,0.04628748,0.055488996,0.008748171,0.011241169,5.2904987
4549,2026-08-06,0.045188125,0.0470319,0.008545787,0.008171773,5.2871475
3297,2026-08-06,0.05585068,0.06400814,0.010624177,0.009896106,5.2564473
5515,2026-08-06,0.06457148,0.06473242,0.012303661,0.012560514,5.247725
4721,2026-08-06,0.05693261,0.068198234,0.010853709,0.010682705,5.244969
1503,2026-08-06,0.046792135,0.030600082,0.008930635,0.010649994,5.2389216
1449,2026-08-06,0.037825115,0.04107187,0.0072257514,0.0092210565,5.234041
3050,2026-08-06,0.056353267,0.055519592,0.010796039,0.010907414,5.219326
3025,2026-08-06,0.049598344,0.066368595,0.009510139,0.009930627,5.2147636
2542,2026-08-06,0.06848385,0.0665834,0.01316604,0.010918154,5.2011576
8464,2026-08-06,0.045191247,0.04037951,0.008691169,0.008612386,5.1990757
4105,2026-08-06,0.052285362,0.04724053,0.01006309,0.009858043,5.1952395
9935,2026-08-06,0.05446138,0.067859635,0.010526216,0.008747094,5.1733885
3171,2026-08-06,0.044466116,0.06460432,0.008600414,0.0123102795,5.1696286
5531,2026-08-06,0.05428849,0.039623436,0.0105186645,0.0099796755,5.1606674
8183,2026-08-06,0.06302149,0.05976287,0.0122300135,0.011992937,5.1525974
2901,2026-08-06,0.042828042,0.04477252,0.008329779,0.00875942,5.1409407
5364,2026-08-06,0.03688531,0.038370486,0.007181864,0.009494699,5.1351814
1565,2026-08-06,0.04774487,0.039036404,0.009300793,0.011089626,5.1328673
2752,2026-08-06,0.046168525,0.045056477,0.009005674,0.01052723,5.1260347
6534,2026-08-06,0.03847489,0.049300075,0.0075339186,0.0077632894,5.106212
3512,2026-08-06,0.054839548,0.06802185,0.010766986,0.011218251,5.0928326
4568,2026-08-06,0.04119614,0.04720695,0.008104019,0.0073721777,5.0827937
6560,2026-08-06,0.051378753,0.062878355,0.010138261,0.009487304,5.0673075
6156,2026-08-06,0.059983563,0.047896307,0.011864854,0.010597769,5.0551405
2062,2026-08-06,0.04071256,0.032839175,0.008078851,0.008407684,5.0387764
2414,2026-08-06,0.047152184,0.042492732,0.009358496,0.011659242,5.0378976
2308,2026-08-06,0.05665845,0.063905075,0.011248911,0.011203302,5.0363464
2801,2026-08-06,0.052202668,0.043887205,0.010383526,0.009878854,5.0269666
1615,2026-08-06,0.046354447,0.036393728,0.009224816,0.009532292,5.0244274
8277,2026-08-06,0.04718498,0.05693515,0.009424504,0.011172596,5.0060964
6909,2026-08-06,0.054914083,0.058501672,0.01097239,0.0112274615,5.0042953
7743,2026-08-06,0.045033302,0.060251664,0.008998675,0.009098491,5.0038805
6569,2026-08-06,0.04736995,0.037877336,0.00947926,0.012856816,4.996693
2101,2026-08-06,0.04802258,0.06465741,0.0096200695,0.008953483,4.991397
4933,2026-08-06,0.03810006,0.05017721,0.007632696,0.009186764,4.9910374
1530,2026-08-06,0.048200868,0.048479166,0.009657387,0.009538828,4.990571
1464,2026-08-06,0.03774155,0.039899334,0.007567743,0.008398997,4.9865017
3522,2026-08-06,0.052517477,0.055976328,0.010550372,0.009460665,4.9773126
5701,2026-08-06,0.05128204,0.036043275,0.010306098,0.008478842,4.9754105
4953,2026-08-06,0.0400252,0.05330497,0.00806005,0.009132734,4.9652586
5287,2026-08-06,0.05136814,0.03430794,0.0103451945,0.008687051,4.9649305
1102,2026-08-06,0.042530134,0.013922924,0.008566622,0.010469152,4.9640536
6523,2026-08-06,0.053367972,0.049122285,0.010752009,0.008143784,4.9630733
4440,2026-08-06,0.04657434,0.05205195,0.009387087,0.00872698,4.9610043
2607,2026-08-06,0.041019067,0.03916301,0.008286105,0.008651271,4.9497466
3002,2026-08-06,0.041573904,0.04690241,0.008403129,0.010136352,4.9468427
7736,2026-08-06,0.046559095,0.03750991,0.009443052,0.009043752,4.9299912
3552,2026-08-06,0.05722853,0.05356489,0.01164038,0.010317659,4.9159575
2617,2026-08-06,0.039242603,0.049585864,0.007983409,0.008548836,4.9149036
4207,2026-08-06,0.04320122,0.0549171,0.008802003,0.007081151,4.9075546
2462,2026-08-06,0.0484699,0.03910533,0.009887875,0.009439836,4.9014573
9917,2026-08-06,0.03322474,0.0046529393,0.006791576,0.009234297,4.8913317
9926,2026-08-06,0.05058642,0.05583167,0.010342007,0.010228889,4.8908815
2929,2026-08-06,0.036727287,0.020345526,0.007523652,0.008628103,4.8809285
7747,2026-08-06,0.052192066,0.060480393,0.010700155,0.009574083,4.8772364
6294,2026-08-06,0.03994769,0.039827067,0.0081947865,0.009098107,4.8741736
2524,2026-08-06,0.03406851,0.007695371,0.006988599,0.008569939,4.8741727
1737,2026-08-06,0.04919034,0.03871344,0.010098233,0.011431573,4.8707004
0061,2026-08-06,0.100175984,0.12552315,0.020566327,0.013535888,4.870637
6667,2026-08-06,0.06703011,0.07209514,0.013775428,0.011747046,4.8655653
5016,2026-08-06,0.044394534,0.053448785,0.009129171,0.008380145,4.8623986
3530,2026-08-06,0.058266155,0.054447606,0.012029387,0.008560534,4.8432484
8011,2026-08-06,0.036127526,0.033281572,0.0074844267,0.008338326,4.8263817
9939,2026-08-06,0.045637343,0.045262743,0.009457344,0.011188721,4.825088
3293,2026-08-06,0.052354395,0.06053705,0.0108508095,0.01032562,4.8244853
2024,2026-08-06,0.042407587,0.026907504,0.00879575,0.009523961,4.820824
6192,2026-08-06,0.040227477,0.041076414,0.008345079,0.011207125,4.8199253
6482,2026-08-06,0.047742866,0.03846996,0.009904349,0.0098124165,4.819907
3703,2026-08-06,0.032683767,0.017053593,0.0067919656,0.007919507,4.811414
8432,2026-08-06,0.046526883,0.06511087,0.009675608,0.010630218,4.808181
4114,2026-08-06,0.030403852,0.0152916545,0.006334415,0.007000577,4.799031
3164,2026-08-06,0.05325447,0.05213004,0.011144232,0.00895051,4.7782288
5519,2026-08-06,0.045162674,0.03510922,0.009453795,0.008751831,4.7766953
1471,2026-08-06,0.0434487,0.049103398,0.009103639,0.010185744,4.7721496
2707,2026-08-06,0.050392088,0.027684635,0.010585524,0.011374461,4.7600217
6498,2026-08-06,0.044019412,0.046010215,0.009257704,0.010958674,4.7543817
3213,2026-08-06,0.04890981,0.07293865,0.010294436,0.012467223,4.7506304
6771,2026-08-06,0.043695785,0.035362806,0.009225266,0.010912778,4.7360206
4905,2026-08-06,0.04872197,0.04080968,0.010290474,0.0085364245,4.734207
2718,2026-08-06,0.04182028,0.04105173,0.008846299,0.009611514,4.726898
7642,2026-08-06,0.065098524,0.059303068,0.013778529,0.013450907,4.7242923
6655,2026-08-06,0.03956022,0.03349224,0.008398823,0.008186492,4.709649
6918,2026-08-06,0.05046714,0.05417898,0.010718283,0.008850558,4.7080703
6596,2026-08-06,0.04814495,0.05130702,0.010229801,0.00854325,4.705883
1777,2026-08-06,0.05357384,0.07750807,0.011398545,0.013434342,4.6996474
2906,2026-08-06,0.044402424,0.04085535,0.009461832,0.009147511,4.6922975
5302,2026-08-06,0.047211073,0.045891825,0.010067157,0.012109221,4.689147
4192,2026-08-06,0.036782462,0.034147095,0.007848792,0.008398924,4.685788
1264,2026-08-06,0.04466641,0.02932419,0.009553206,0.007926425,4.6750517
9908,2026-08-06,0.04787577,0.037685774,0.010243679,0.009334644,4.6732326
1539,2026-08-06,0.04907723,0.061152562,0.010536913,0.010135241,4.657206
4907,2026-08-06,0.05057889,0.092773154,0.0108646955,0.010675001,4.654915
6874,2026-08-06,0.057472315,0.059343357,0.012356451,0.012091739,4.6508226
4173,2026-08-06,0.038810767,0.030294832,0.008361231,0.009349834,4.6411977
6835,2026-08-06,0.03823174,0.03853182,0.008252465,0.007079736,4.6322045
4554,2026-08-06,0.042923253,0.055546697,0.009284385,0.009036271,4.6226683
6576,2026-08-06,0.04817509,0.06247498,0.010422131,0.01169707,4.62194
6625,2026-08-06,0.044038758,0.047353916,0.009562872,0.010054378,4.604699
1786,2026-08-06,0.038543906,0.026232326,0.008392705,0.0074066827,4.5920014
3128,2026-08-06,0.038761742,0.049082343,0.008459517,0.008199731,4.581486
3622,2026-08-06,0.03795614,0.044350497,0.008285332,0.0091149025,4.580572
9937,2026-08-06,0.047999624,0.0440421,0.010491997,0.011084118,4.574444
6195,2026-08-06,0.053841352,0.061845344,0.011790614,0.010429828,4.5660715
6504,2026-08-06,0.03633305,0.026789557,0.007960987,0.010118131,4.563314
1531,2026-08-06,0.044886973,0.038942054,0.00984269,0.010021888,4.559974
8080,2026-08-06,0.04413834,0.028775921,0.009693452,0.007934318,4.552948
4138,2026-08-06,0.044739466,0.046556138,0.009828797,0.008611786,4.551413
6154,2026-08-06,0.041862056,0.061760888,0.009199416,0.010261475,4.5500174
6283,2026-08-06,0.034988396,0.025088245,0.007724697,0.0078091305,4.528834
6158,2026-08-06,0.05359908,0.042912863,0.011854198,0.009004199,4.521146
6844,2026-08-06,0.049382433,0.043294016,0.01092434,0.010140109,4.5199904
6277,2026-08-06,0.04061061,0.027575744,0.009009653,0.009758343,4.5069556
3592,2026-08-06,0.041313466,0.045907952,0.0091708135,0.01048944,4.5043945
4807,2026-08-06,0.063128136,0.05224548,0.0140479095,0.012247728,4.4934545
2114,2026-08-06,0.0450133,0.038564842,0.010017837,0.00919878,4.4928665
1234,2026-08-06,0.034392882,0.017587665,0.0076600304,0.0070933076,4.489329
8928,2026-08-06,0.03942396,0.047929224,0.008790686,0.00688584,4.484232
2740,2026-08-06,0.041849494,0.008019237,0.009375625,0.0084257135,4.463172
1907,2026-08-06,0.05041703,0.05134905,0.011309606,0.012207246,4.4575
5203,2026-08-06,0.043106038,0.050257765,0.009675805,0.011225036,4.454573
4581,2026-08-06,0.042872593,0.05265026,0.00971885,0.011280449,4.4108286
2892,2026-08-06,0.042946562,0.04474605,0.009737956,0.007868758,4.4097705
1732,2026-08-06,0.035636142,0.036990855,0.008086759,0.010115008,4.4061823
6170,2026-08-06,0.034937423,0.030565513,0.007942916,0.007584646,4.3980103
6281,2026-08-06,0.0582203,0.052155573,0.013240282,0.009847876,4.396878
5212,2026-08-06,0.045436654,0.047702234,0.010361489,0.009955446,4.384724
2945,2026-08-06,0.03986701,0.05216085,0.0090946965,0.012349331,4.383063
1294,2026-08-06,0.041040298,0.042246867,0.009377389,0.008758458,4.3760495
6494,2026-08-06,0.035525516,0.058872055,0.008118994,0.010319899,4.3750668
6791,2026-08-06,0.04370807,0.06223204,0.0099984305,0.011312408,4.371056
6216,2026-08-06,0.028683543,0.023675645,0.006577894,0.008797822,4.359934
2480,2026-08-06,0.041894548,0.01863174,0.009626936,0.0076038446,4.3513527
7708,2026-08-06,0.08185673,0.08842739,0.018824093,0.01409166,4.3482776
8401,2026-08-06,0.052947547,0.053383954,0.012190299,0.0098969815,4.34306
8435,2026-08-06,0.041605752,0.0417484,0.00957971,0.010482145,4.3426585
4426,2026-08-06,0.036374357,0.018595656,0.008388395,0.0076363776,4.335754
3567,2026-08-06,0.044943906,0.042827297,0.010371118,0.013223014,4.3331466
6996,2026-08-06,0.05241383,0.07705946,0.012126356,0.0145365205,4.32195
6146,2026-08-06,0.05773808,0.05269545,0.013379947,0.012005173,4.314947
6967,2026-08-06,0.056766424,0.054824255,0.013184434,0.013569048,4.3052373
8354,2026-08-06,0.057823222,0.05658222,0.013434554,0.011102771,4.3037467
3540,2026-08-06,0.04625361,0.046310116,0.010767771,0.010149737,4.2951612
4771,2026-08-06,0.028001918,0.04682108,0.0065634265,0.010840727,4.265707
2471,2026-08-06,0.039955273,0.038724076,0.009378661,0.0095384335,4.2597775
6109,2026-08-06,0.05873941,0.046133928,0.013795569,0.012441484,4.2575374
5201,2026-08-06,0.05271799,0.04875989,0.012398179,0.011803229,4.2517323
1521,2026-08-06,0.03288086,0.03502587,0.00773699,0.008291316,4.2492766
2432,2026-08-06,0.0428843,0.060210068,0.010162233,0.012145997,4.219553
2751,2026-08-06,0.07050546,0.08540275,0.01671918,0.018137084,4.216789
2596,2026-08-06,0.045134407,0.050712466,0.010713748,0.010917851,4.212363
7765,2026-08-06,0.047909174,0.029378952,0.011397338,0.010479012,4.203172
8085,2026-08-06,0.043020654,0.034140144,0.010258421,0.00890225,4.1932826
3130,2026-08-06,0.03565708,0.01651107,0.008512248,0.009199541,4.1884227
2420,2026-08-06,0.034031283,0.02970213,0.008126467,0.008506814,4.1871943
3266,2026-08-06,0.04425804,0.049775686,0.010573991,0.008048815,4.185161
4974,2026-08-06,0.036625993,0.04727843,0.008757521,0.009321171,4.181755
2012,2026-08-06,0.03873488,0.01711635,0.009303055,0.007651069,4.1632257
2547,2026-08-06,0.02500204,0.01868374,0.006019185,0.007322189,4.1530356
1446,2026-08-06,0.034750827,0.023582239,0.0083685145,0.008457858,4.152072
5007,2026-08-06,0.041419778,0.033689212,0.009976477,0.011463793,4.1513276
1101,2026-08-06,0.03714924,0.032178987,0.008954186,0.008279698,4.1483493
3264,2026-08-06,0.04574852,0.049879216,0.011082158,0.014787156,4.1277514
5355,2026-08-06,0.05251188,0.05168412,0.0127612045,0.00906858,4.11464
4588,2026-08-06,0.038516823,0.0360019,0.009363765,0.0092162285,4.1129513
3631,2026-08-06,0.04902994,0.03710788,0.011930079,0.009237528,4.1094303
3669,2026-08-06,0.044545904,0.03198677,0.010852304,0.008666498,4.1043634
6266,2026-08-06,0.02764293,0.011804142,0.0067509045,0.004246623,4.094094
5403,2026-08-06,0.037389614,0.024190804,0.009140906,0.0088669015,4.0899143
2609,2026-08-06,0.04857903,0.04794435,0.011899663,0.008989624,4.0820436
2207,2026-08-06,0.051014584,0.043192197,0.012500136,0.008984567,4.080796
6843,2026-08-06,0.036005337,0.048195112,0.008825107,0.009269464,4.0794134
6936,2026-08-06,0.04110438,0.038682174,0.010088375,0.008373564,4.0740266
6114,2026-08-06,0.044841718,0.029230546,0.011007689,0.00732627,4.0733023
2028,2026-08-06,0.034313522,0.021252709,0.008435205,0.008607857,4.0674124
1752,2026-08-06,0.037494887,0.045183223,0.00922487,0.011969042,4.0641026
8083,2026-08-06,0.03516536,0.03320816,0.00868538,0.009332546,4.0483327
6590,2026-08-06,0.046371948,0.03636868,0.01147068,0.009055907,4.042298
2546,2026-08-06,0.04068533,0.049038403,0.010072527,0.009673493,4.0388365
5478,2026-08-06,0.044330455,0.036472775,0.01097935,0.0086613465,4.0372534
2250,2026-08-06,0.042401005,0.053871434,0.010503163,0.010780254,4.0365906
4503,2026-08-06,0.030380972,0.037577976,0.0075508477,0.008777534,4.0229855
6212,2026-08-06,0.037045833,0.05391061,0.009219954,0.007838324,4.0175705
6128,2026-08-06,0.033629235,0.034319926,0.008372674,0.009682288,4.016067
6214,2026-08-06,0.03134606,0.01677943,0.007819071,0.0116093755,4.008411
6708,2026-08-06,0.034239072,0.045963053,0.008544576,0.008562848,4.006643
6167,2026-08-06,0.06529997,0.065312654,0.01634516,0.014217566,3.9948204
2536,2026-08-06,0.042821746,0.03652044,0.01072427,0.009068006,3.992603
9902,2026-08-06,0.035021815,0.031139178,0.008793665,0.008157467,3.9821658
3085,2026-08-06,0.0457021,0.04552578,0.011485703,0.0075949184,3.9786959
3570,2026-08-06,0.04841679,0.049336575,0.012217102,0.010353062,3.9627097
2247,2026-08-06,0.04147793,0.03957312,0.010470943,0.008124623,3.9608629
3551,2026-08-06,0.040534362,0.053446986,0.010264745,0.0115509005,3.9485066
8409,2026-08-06,0.042250015,0.024368772,0.010707872,0.0075185494,3.9453282
3227,2026-08-06,0.051937897,0.056582626,0.013164268,0.011382228,3.9450693
9942,2026-08-06,0.028532632,0.017755793,0.007232742,0.008181306,3.9443808
2911,2026-08-06,0.042162146,0.042182308,0.010695024,0.011645229,3.941852
5356,2026-08-06,0.032329552,0.023778515,0.008214013,0.008247119,3.9354231
2347,2026-08-06,0.039826583,0.026092123,0.010126306,0.008949617,3.932594
8101,2026-08-06,0.040302135,0.021111544,0.010251226,0.009652636,3.9310617
6968,2026-08-06,0.09027555,0.10085235,0.022968097,0.01687203,3.9303048
3360,2026-08-06,0.050359726,0.04978255,0.012848381,0.012042069,3.9192336
6612,2026-08-06,0.032291345,0.039306223,0.008265044,0.008006196,3.9065053
2611,2026-08-06,0.030263104,0.016766412,0.0077605033,0.010418487,3.8991292
8213,2026-08-06,0.027712446,0.024737654,0.007125565,0.0086995615,3.888612
5521,2026-08-06,0.032807715,0.02913717,0.008438851,0.009552858,3.8872387
5487,2026-08-06,0.030518234,0.03920265,0.007859387,0.010161715,3.8825355
1443,2026-08-06,0.044012476,0.027796777,0.011338737,0.010979204,3.8812606
6752,2026-08-06,0.03891619,0.06381288,0.010031696,0.011365001,3.878936
3083,2026-08-06,0.041094746,0.0409587,0.0106055895,0.009809781,3.8744543
2736,2026-08-06,0.030103974,0.01946587,0.0077788536,0.007018315,3.8694782
2880,2026-08-06,0.03870066,0.050845325,0.010022776,0.008619239,3.860886
3711,2026-08-06,0.038620956,0.029978551,0.010016477,0.0115177445,3.8553576
8272,2026-08-06,0.033087064,0.021745605,0.00858877,0.0092058,3.8519146
2107,2026-08-06,0.031165762,0.022098016,0.008110162,0.0083974665,3.84233
5529,2026-08-06,0.036203958,0.03498148,0.009424245,0.008713464,3.8411689
6026,2026-08-06,0.037881386,0.036842354,0.009887303,0.012192745,3.8309288
3285,2026-08-06,0.04072602,0.06058007,0.010637587,0.0095676575,3.828142
1776,2026-08-06,0.03268287,0.023133734,0.008552992,0.009775295,3.8207738
3288,2026-08-06,0.04093576,0.01528089,0.010747619,0.008754779,3.8084667
3706,2026-08-06,0.04265707,0.025746096,0.011321394,0.009961786,3.7674956
2450,2026-08-06,0.03436378,0.015914986,0.009124226,0.009207257,3.7658005
1603,2026-08-06,0.034373414,0.029694915,0.009128496,0.0070099304,3.7650943
3217,2026-08-06,0.042653244,0.03778298,0.01133424,0.009677684,3.7628882
8107,2026-08-06,0.03448305,0.041318912,0.009164463,0.008640897,3.7622812
5344,2026-08-06,0.042031255,0.046909172,0.011179663,0.012746868,3.759281
5543,2026-08-06,0.028792344,0.013558645,0.007702902,0.008602734,3.7373717
5292,2026-08-06,0.03126102,0.04959645,0.008377611,0.012005073,3.7310503
6264,2026-08-06,0.04134262,0.054422315,0.011080743,0.009791223,3.7306964
6697,2026-08-06,0.043117482,0.048016764,0.011568394,0.009384156,3.7268574
1506,2026-08-06,0.032548573,0.021605976,0.0087343,0.0103792865,3.7260966
4433,2026-08-06,0.031197127,0.028721979,0.008406254,0.009713072,3.710739
7556,2026-08-06,0.04494542,0.06884494,0.01211407,0.013230099,3.7098768
9918,2026-08-06,0.05537484,0.04512321,0.014958508,0.011891291,3.7016482
8931,2026-08-06,0.025371412,0.004722682,0.0068742414,0.0079914685,3.6902578
6150,2026-08-06,0.047220595,0.057369668,0.012809033,0.012324903,3.6862197
4995,2026-08-06,0.039493516,0.0516196,0.010720878,0.0118774315,3.6834514
4126,2026-08-06,0.033922948,0.03977437,0.009235523,0.009652567,3.6726968
1110,2026-08-06,0.029981015,0.018305326,0.008167512,0.008119691,3.6703153
5312,2026-08-06,0.034905512,0.023948617,0.00953479,0.008253206,3.6604738
8067,2026-08-06,0.037585568,0.035303093,0.010273583,0.010410586,3.658111
6276,2026-08-06,0.035740618,0.028668214,0.009807998,0.01072771,3.643656
2705,2026-08-06,0.043130405,0.03375083,0.011846882,0.009624047,3.6403472
3010,2026-08-06,0.034845795,0.04391155,0.009574176,0.010494745,3.6391807
4994,2026-08-06,0.037137035,0.010810083,0.010204478,0.009207765,3.6389313
1103,2026-08-06,0.031372085,0.012176841,0.008637783,0.009633366,3.6315398
5876,2026-08-06,0.032864206,0.025772048,0.009076156,0.009137444,3.62054
7721,2026-08-06,0.06850679,0.082709745,0.01902112,0.015134317,3.6014278
5315,2026-08-06,0.03437514,0.028494796,0.00954843,0.009127781,3.5997057
6111,2026-08-06,0.03617941,0.01752109,0.010059782,0.008938159,3.596083
8423,2026-08-06,0.043035183,0.05769608,0.01198447,0.011441774,3.5906126
3593,2026-08-06,0.026462091,0.016816074,0.0074267597,0.009259696,3.562594
8410,2026-08-06,0.031820875,0.02851607,0.008939777,0.008575762,3.5590727
1203,2026-08-06,0.03659582,0.03152434,0.010307528,0.008787794,3.550053
2504,2026-08-06,0.03522494,0.00038857906,0.009926065,0.009190491,3.5483742
1760,2026-08-06,0.027565215,0.013465804,0.007800864,0.008689375,3.5331576
4528,2026-08-06,0.033586342,0.024003506,0.009530548,0.008639148,3.5237026
1418,2026-08-06,0.032880723,0.022947216,0.00933761,0.009581071,3.520944
2762,2026-08-06,0.029522391,-0.0023573115,0.00838478,0.010912169,3.52053
6138,2026-08-06,0.045000963,0.052111316,0.01278571,0.011123626,3.519354
5211,2026-08-06,0.031052042,0.04376135,0.008828022,0.010494823,3.5170422
3632,2026-08-06,0.050137933,0.037535675,0.014259357,0.013653264,3.515896
8163,2026-08-06,0.030116303,0.020182855,0.008573574,0.007873861,3.5122797
8433,2026-08-06,0.034089148,0.046056468,0.009727423,0.010310446,3.5040774
1762,2026-08-06,0.024649182,0.016399903,0.0070443773,0.009075543,3.4986322
4109,2026-08-06,0.030241156,0.01688327,0.0086545255,0.008943784,3.4938555
1611,2026-08-06,0.03486956,0.037640627,0.009985219,0.010739539,3.491768
6221,2026-08-06,0.025463006,0.010682132,0.007297257,0.0067931614,3.4889162
6741,2026-08-06,0.033585165,0.03013643,0.009633422,0.0085053,3.4859552
1570,2026-08-06,0.034804497,0.021893533,0.010005487,0.0077461544,3.4781933
3713,2026-08-06,0.03245474,0.040200908,0.009424964,0.0075330357,3.4431214
4735,2026-08-06,0.036612198,0.06060815,0.010632467,0.009400198,3.44311
9945,2026-08-06,0.031011317,0.020022638,0.00904846,0.010080027,3.4268692
8941,2026-08-06,0.035727967,0.052337155,0.010446907,0.008271162,3.419629
4557,2026-08-06,0.033334687,0.010925651,0.009760793,0.009044842,3.4148118
0056,2026-08-06,0.04485265,0.04867225,0.0131434435,0.014783706,3.4122899
2908,2026-08-06,0.024159765,0.011600537,0.0070904577,0.008074828,3.4068828
2013,2026-08-06,0.032643568,0.022560429,0.009617807,0.010583425,3.393723
1477,2026-08-06,0.04020775,0.047019046,0.01188127,0.010480465,3.3838441
2115,2026-08-06,0.02376425,0.034896873,0.0070309606,0.0075609637,3.3794632
6664,2026-08-06,0.030406479,0.03247215,0.00903062,0.009061929,3.3666694
2701,2026-08-06,0.03130085,0.014981681,0.009310564,0.009651494,3.361503
5902,2026-08-06,0.029222611,0.035903797,0.008698509,0.0076810224,3.3591104
1220,2026-08-06,0.03583305,0.03366993,0.010680891,0.009531966,3.3545606
2008,2026-08-06,0.034789566,0.0314376,0.010370885,0.010289114,3.3542182
2453,2026-08-06,0.026639154,0.030355204,0.0079483595,0.009372875,3.351107
1323,2026-08-06,0.031282075,0.03786424,0.009338051,0.008965148,3.3495986
2377,2026-08-06,0.041466873,0.036923274,0.012410392,0.012021706,3.3410332
6916,2026-08-06,0.027604528,0.03182997,0.0082954075,0.008315018,3.3272867
2373,2026-08-06,0.026400331,0.006520751,0.007941163,0.008640835,3.324073
6171,2026-08-06,0.035158202,0.03484479,0.010583136,0.011222254,3.3217828
2702,2026-08-06,0.026990168,0.01813662,0.0081712995,0.008890304,3.3026404
4414,2026-08-06,0.02519445,0.007083806,0.007632656,0.008137142,3.3004434
7713,2026-08-06,0.030480977,0.011491396,0.009250207,0.009302417,3.2948108
1614,2026-08-06,0.03068235,0.025831603,0.009330762,0.008140876,3.2879481
5324,2026-08-06,0.037575524,0.05198518,0.011454329,0.010247224,3.2801785
6662,2026-08-06,0.028592575,0.025058452,0.008762044,0.008037889,3.2628589
1476,2026-08-06,0.025812479,0.030633302,0.007913906,0.008331652,3.2612488
2444,2026-08-06,0.034282587,0.03180072,0.010520639,0.008970506,3.2582934
6136,2026-08-06,0.03017049,0.042417064,0.009262449,0.007279733,3.256939
2109,2026-08-06,0.028169842,0.03077733,0.008660887,0.008235605,3.2521598
6121,2026-08-06,0.037097726,0.039899725,0.011417074,0.01130585,3.2490354
6899,2026-08-06,0.036068916,0.035162855,0.011147276,0.009875247,3.2353806
1340,2026-08-06,0.02030299,0.008295566,0.0062783994,0.010727936,3.2332697
6194,2026-08-06,0.030174252,0.024341103,0.009338918,0.009214314,3.2306762
8463,2026-08-06,0.03896272,0.028518943,0.012087171,0.008600062,3.2232106
1519,2026-08-06,0.030002082,0.027938891,0.009309402,0.0077428995,3.222426
2748,2026-08-06,0.03086188,0.009615478,0.009583976,0.01050766,3.219818
1541,2026-08-06,0.030955585,0.04243299,0.009618406,0.009800387,3.2180347
1216,2026-08-06,0.038360618,0.0166575,0.011920149,0.008743056,3.2178624
4720,2026-08-06,0.02925774,0.03248019,0.0091082705,0.010029003,3.2118642
3071,2026-08-06,0.031709064,0.03718685,0.009882841,0.008843942,3.208172
5209,2026-08-06,0.038145285,0.047674235,0.011891159,0.009588998,3.2075996
2641,2026-08-06,0.028739346,0.031370945,0.008967541,0.006785109,3.2044616
4911,2026-08-06,0.02271431,0.00096655806,0.0070877536,0.008597895,3.2042742
2745,2026-08-06,0.025831604,0.022724062,0.008075331,0.006820083,3.198433
2102,2026-08-06,0.03590221,0.013919713,0.011276148,0.008660434,3.1836247
6691,2026-08-06,0.023025477,0.036655966,0.007267389,0.009302478,3.167893
2732,2026-08-06,0.023925316,0.031094069,0.007553403,0.008455671,3.1670692
5223,2026-08-06,0.026047347,0.02503318,0.008227803,0.009576868,3.1653872
1227,2026-08-06,0.026139898,0.0033156946,0.008286383,0.0064891772,3.15418
5263,2026-08-06,0.022235595,0.007601963,0.007054425,0.007801871,3.15156
2380,2026-08-06,0.034203615,0.022141812,0.010885589,0.0108537525,3.1418118
6160,2026-08-06,0.036792554,0.038843393,0.011722549,0.010980288,3.138346
1315,2026-08-06,0.029094052,0.021482335,0.009271422,0.008254142,3.137697
3499,2026-08-06,0.022958513,0.02868766,0.007325732,0.007635137,3.133527
6210,2026-08-06,0.03094588,0.0141257765,0.00990187,0.0071635228,3.1249404
8066,2026-08-06,0.03337456,0.01505143,0.010708132,0.0069089266,3.116458
3232,2026-08-06,0.028394334,0.014703602,0.009118949,0.009094022,3.1134312
2646,2026-08-06,0.030463183,0.006889352,0.009801645,0.009049879,3.1076493
3047,2026-08-06,0.021195749,0.021155823,0.0068414942,0.006833545,3.097664
2382,2026-08-06,0.04034346,0.025144678,0.013062328,0.011141854,3.0882988
8087,2026-08-06,0.03516274,0.037835773,0.011394037,0.009881923,3.0857942
5534,2026-08-06,0.032438908,0.020523187,0.01051904,0.0070892484,3.0835347
1213,2026-08-06,0.03203296,0.043924022,0.010421103,0.00899261,3.07356
2937,2026-08-06,0.025803046,0.008830064,0.008451465,0.008343493,3.0527246
4741,2026-08-06,0.029438691,0.048079543,0.009650487,0.011563498,3.0501714
1338,2026-08-06,0.028253846,0.008061314,0.009262738,0.0077870595,3.04994
6015,2026-08-06,0.032127365,0.035650715,0.010595508,0.01123877,3.0318823
5288,2026-08-06,0.026913265,0.021172391,0.008890379,0.0128338495,3.026894
9940,2026-08-06,0.030913452,0.023556463,0.010229146,0.010678401,3.0217996
2106,2026-08-06,0.032976206,0.028374555,0.010950576,0.010756151,3.0110924
4935,2026-08-06,0.030405922,0.020212604,0.010160307,0.009461337,2.9923236
6117,2026-08-06,0.027936874,0.02062397,0.009337137,0.008228338,2.9916966
6417,2026-08-06,0.024585005,0.042965993,0.008239045,0.010947569,2.9836009
8415,2026-08-06,0.027241329,0.022579826,0.009140868,0.008501444,2.9798427
6838,2026-08-06,0.02819705,0.017078752,0.009479233,0.007642203,2.9742992
2618,2026-08-06,0.029338647,0.032708917,0.00990016,0.00955341,2.9631524
3531,2026-08-06,0.026269386,0.025297971,0.008898526,0.008841702,2.9517734
6242,2026-08-06,0.033005144,0.0149399545,0.011184301,0.0105887065,2.9507604
3289,2026-08-06,0.03836425,0.049550947,0.0130263455,0.014228507,2.9449015
1109,2026-08-06,0.020336656,0.0007552284,0.0069146166,0.00871138,2.940686
3030,2026-08-06,0.029543718,0.02511191,0.010048616,0.008902697,2.9397857
1702,2026-08-06,0.028607227,0.017206857,0.009735814,0.00990787,2.938048
6201,2026-08-06,0.03380735,0.0068392754,0.011515733,0.010184521,2.9354982
3349,2026-08-06,0.02892371,0.02763433,0.009868165,0.007641695,2.930715
2520,2026-08-06,0.026303506,0.0074296426,0.008982763,0.009018622,2.9278939
4155,2026-08-06,0.023614977,0.006021269,0.008089174,0.008075701,2.9189703
8443,2026-08-06,0.028213056,0.03601045,0.009720568,0.00842356,2.9021096
5880,2026-08-06,0.030140484,0.019672368,0.010394476,0.010572681,2.8993845
1580,2026-08-06,0.028260088,0.028055312,0.009747984,0.007838286,2.8987725
3687,2026-08-06,0.027264273,0.01839311,0.009423264,0.009764079,2.8929868
4190,2026-08-06,0.02464821,0.0077698687,0.00853921,0.010579025,2.8861363
2387,2026-08-06,0.020607559,0.013949701,0.0071457624,0.00959535,2.8834817
3444,2026-08-06,0.025016392,0.031908408,0.008677994,0.009243615,2.8824067
4104,2026-08-06,0.031136015,0.011128857,0.010802683,0.0088572735,2.8819814
6465,2026-08-06,0.023668524,0.012627496,0.008216472,0.009772846,2.880268
1240,2026-08-06,0.033009753,0.03735293,0.0114699295,0.009626451,2.8776877
2022,2026-08-06,0.030207673,0.028818095,0.010523329,0.008719003,2.8702707
5353,2026-08-06,0.02344794,0.048771825,0.008177396,0.009613228,2.8670585
8034,2026-08-06,0.023227913,0.031470176,0.008103173,0.009339071,2.8661668
1806,2026-08-06,0.023655096,0.0035101399,0.008253589,0.0056072273,2.8656902
2025,2026-08-06,0.031267446,0.027184574,0.010911075,0.011402879,2.8653986
6585,2026-08-06,0.033115067,0.044195224,0.011597014,0.013248215,2.8552358
1413,2026-08-06,0.023577468,0.00483238,0.008256806,0.009169626,2.8551733
4121,2026-08-06,0.021146405,0.012470124,0.0074188304,0.0064587193,2.8499851
2897,2026-08-06,0.024538253,0.014284943,0.008609953,0.008536802,2.8496556
4119,2026-08-06,0.03088268,0.022139598,0.010868418,0.009194506,2.841245
3206,2026-08-06,0.02371014,0.03251225,0.008362845,0.0098014,2.8348372
6237,2026-08-06,0.031724367,0.03951492,0.011191229,0.011987782,2.8344994
4417,2026-08-06,0.023308435,0.02239448,0.008231412,0.008772859,2.831301
2349,2026-08-06,0.027212257,0.03385868,0.009614364,0.008883475,2.8300805
4572,2026-08-06,0.030572748,0.023704736,0.010805644,0.01056729,2.8290694
5546,2026-08-06,0.028447963,0.018444363,0.01006207,0.010106529,2.8269668
6203,2026-08-06,0.02013499,-0.004951902,0.007123713,0.007345412,2.8260775
1463,2026-08-06,0.021038434,0.03543409,0.0074958215,0.0076675084,2.806314
6637,2026-08-06,0.02947644,0.028653096,0.010506033,0.008455119,2.8054008
5225,2026-08-06,0.018842809,0.022565253,0.0067548337,0.009300772,2.7891169
4529,2026-08-06,0.025292201,0.015802167,0.009078193,0.010665523,2.785732
6728,2026-08-06,0.030691683,0.010810932,0.011017172,0.010474326,2.7855513
4551,2026-08-06,0.03162784,0.03640918,0.011359918,0.009030414,2.783916
3152,2026-08-06,0.03256548,0.038828127,0.0117117,0.011668474,2.7803562
4806,2026-08-06,0.025827486,0.0333152,0.009288435,0.009467046,2.7803075
4999,2026-08-06,0.021204745,0.007187674,0.007628933,0.008965041,2.7791524
2812,2026-08-06,0.024344174,0.0046398314,0.008772593,0.013225778,2.7747097
8489,2026-08-06,0.034318157,0.047196347,0.012379852,0.012661844,2.7718735
2390,2026-08-06,0.029425805,0.028869173,0.010622988,0.009291807,2.7697513
5410,2026-08-06,0.029781401,0.058523495,0.0108030755,0.011554625,2.756497
6411,2026-08-06,0.026571697,0.039211083,0.009676887,0.010045357,2.7456093
6958,2026-08-06,0.026699578,0.026482377,0.009781308,0.012231939,2.7293742
1516,2026-08-06,0.024864722,0.027003491,0.009176229,0.009255985,2.709393
8442,2026-08-06,0.027953036,0.02167602,0.0103261275,0.0107026715,2.706758
6953,2026-08-06,0.02510325,0.028139042,0.00928007,0.010329554,2.7047799
1442,2026-08-06,0.024332345,0.018063752,0.009023929,0.009442576,2.6961257
5210,2026-08-06,0.019937148,0.0005016486,0.007403937,0.0070891893,2.692413
2357,2026-08-06,0.02522152,0.013510758,0.009372287,0.007996073,2.6907868
2726,2026-08-06,0.021757491,0.01012462,0.008109375,0.00689656,2.6826737
9958,2026-08-06,0.024122048,0.0285761,0.008994046,0.008301609,2.6817038
1535,2026-08-06,0.02363102,0.007846034,0.008858961,0.009913102,2.6671696
7749,2026-08-06,0.02388031,0.033696536,0.008956708,0.009199398,2.665895
1723,2026-08-06,0.027402647,0.0056013456,0.010287749,0.008363651,2.6633604
2415,2026-08-06,0.025235293,0.035606045,0.009474179,0.007571321,2.6633053
3086,2026-08-06,0.028544629,0.03303017,0.010739965,0.009253673,2.6575477
5607,2026-08-06,0.021919478,0.01851049,0.008247961,0.008474991,2.6572409
3014,2026-08-06,0.024965521,0.035442438,0.009412833,0.012093251,2.6520038
4767,2026-08-06,0.028827798,0.051319122,0.010876939,0.0094981035,2.6501157
3011,2026-08-06,0.019957485,0.0052576074,0.0075482195,0.008102927,2.6436489
1438,2026-08-06,0.03336031,0.034653302,0.012640853,0.011636723,2.638878
9930,2026-08-06,0.026986353,0.0042823176,0.010279383,0.0072228136,2.6250339
2236,2026-08-06,0.020230982,-0.0017303281,0.0077176983,0.007255402,2.6210356
6189,2026-08-06,0.025786,0.037811916,0.009856016,0.010850389,2.6160045
2515,2026-08-06,0.024656754,0.018024107,0.009430095,0.012990598,2.6144106
9928,2026-08-06,0.024367338,0.027522087,0.009331176,0.010499768,2.61111
6222,2026-08-06,0.02589689,0.01755063,0.009922699,0.00785314,2.6096005
6101,2026-08-06,0.028006913,0.018397639,0.010791606,0.010108299,2.595009
6641,2026-08-06,0.024239626,0.036279645,0.009345144,0.0075098877,2.5935428
4102,2026-08-06,0.023645815,0.007089089,0.009123814,0.009687874,2.5913749
2476,2026-08-06,0.022071604,0.037913527,0.008516793,0.01001411,2.591235
2243,2026-08-06,0.034948874,0.031138862,0.013539554,0.012052554,2.581052
4442,2026-08-06,0.026698953,-0.008958882,0.010427971,0.00956148,2.5600753
3623,2026-08-06,0.030996045,0.033059943,0.012148336,0.011760869,2.5512543
1712,2026-08-06,0.020460315,-0.0012531951,0.008019201,0.010279803,2.5510974
2006,2026-08-06,0.028655319,0.032985486,0.011247041,0.011821138,2.547583
3325,2026-08-06,0.023266168,0.02445525,0.009140797,0.00811371,2.5450323
5871,2026-08-06,0.028035928,0.021261148,0.011023622,0.010201077,2.5430284
6118,2026-08-06,0.025570987,0.024047697,0.010139932,0.0065183607,2.5215619
3380,2026-08-06,0.014984163,0.006019501,0.0059547755,0.00770575,2.5159047
8016,2026-08-06,0.02899275,0.045539442,0.011561263,0.009986125,2.5075324
1708,2026-08-06,0.031531937,0.029237688,0.012578701,0.011268119,2.506573
2067,2026-08-06,0.027080644,0.031328272,0.010812551,0.010077908,2.5043247
2535,2026-08-06,0.022581,0.045378312,0.009031801,0.011541875,2.4998891
5015,2026-08-06,0.028737327,0.04011436,0.011520278,0.010125444,2.494283
5310,2026-08-06,0.028915925,0.030199667,0.011597302,0.010283926,2.493117
1466,2026-08-06,0.024033252,0.0074897865,0.0096431915,0.01189836,2.4919925
9911,2026-08-06,0.024294404,0.017181002,0.00976959,0.009270518,2.4864829
1475,2026-08-06,0.031940434,0.045467965,0.012855006,0.009422588,2.4844756
4108,2026-08-06,0.023460183,0.010449997,0.009444503,0.0063149547,2.483741
2108,2026-08-06,0.022340376,0.018562311,0.009019932,0.0070784073,2.476504
2206,2026-08-06,0.025642265,0.0001932743,0.01035331,0.008206635,2.4764822
6616,2026-08-06,0.024713863,0.010334692,0.009980148,0.007487291,2.4760542
8349,2026-08-06,0.026721667,0.027977444,0.010832941,0.010109342,2.466477
2610,2026-08-06,0.025271647,0.02715269,0.010263992,0.008969617,2.4619257
8048,2026-08-06,0.021531532,0.030904071,0.008774297,0.009888898,2.4536526
4915,2026-08-06,0.023220329,-0.009361129,0.0094776945,0.0077144974,2.449739
7753,2026-08-06,0.025857802,0.034888636,0.01055793,0.012464957,2.4489036
6197,2026-08-06,0.027856134,0.036998354,0.0113853915,0.014062115,2.446441
6164,2026-08-06,0.02271551,0.032316394,0.009291419,0.011981647,2.4445207
2704,2026-08-06,0.023639953,0.002538049,0.00968584,0.008445466,2.4404192
2642,2026-08-06,0.017842267,0.013394469,0.007347986,0.006188282,2.4278543
3467,2026-08-06,0.022268781,0.03127926,0.009195919,0.009733139,2.4213305
5704,2026-08-06,0.024224874,0.036918394,0.010006836,0.007974424,2.4205906
4438,2026-08-06,0.02348309,0.012496044,0.009725581,0.009088937,2.4143212
3287,2026-08-06,0.019062383,0.037269637,0.0079047,0.007865826,2.41122
8049,2026-08-06,0.024366358,0.039548207,0.010128589,0.011510114,2.4054635
6925,2026-08-06,0.021040605,0.038449217,0.008763896,0.009496215,2.4005537
9934,2026-08-06,0.020812457,0.032011356,0.008678157,0.008356246,2.3979814
8084,2026-08-06,0.021197429,0.023412613,0.008843323,0.0086266715,2.396727
8240,2026-08-06,0.016503287,0.030985849,0.0068906057,0.008398412,2.394694
6593,2026-08-06,0.027406342,0.023482196,0.011466539,0.010224573,2.389906
8045,2026-08-06,0.018438216,-0.0062749255,0.0077327704,0.010006991,2.3841174
3043,2026-08-06,0.0221671,0.021141743,0.009313421,0.009507312,2.3798685
2838,2026-08-06,0.015984276,0.0025177414,0.0067436593,0.009126478,2.3699162
5603,2026-08-06,0.020188302,0.004064237,0.008525766,0.006863967,2.3676386
6248,2026-08-06,0.017596776,0.020351302,0.0074367197,0.0085550975,2.365883
1201,2026-08-06,0.021057796,0.00025474298,0.008904691,0.008188959,2.3645325
3257,2026-08-06,0.02869399,0.026325338,0.012152194,0.010593925,2.3610246
2364,2026-08-06,0.025189351,0.03806658,0.010683387,0.009598452,2.3575852
7734,2026-08-06,0.02954929,0.022765556,0.012542679,0.012414274,2.3557115
6591,2026-08-06,0.01962927,0.021988273,0.008350931,0.010359755,2.3502672
4160,2026-08-06,0.030050285,0.03660874,0.012806964,0.011234749,2.3462186
2904,2026-08-06,0.013856601,-0.0049027223,0.005909263,0.009450499,2.3444982
2020,2026-08-06,0.017825995,0.0069027212,0.007605349,0.0056441072,2.3435678
1441,2026-08-06,0.023291675,0.014909669,0.009958688,0.0091287205,2.3385947
2884,2026-08-06,0.024192026,0.017152516,0.010381553,0.008910625,2.330065
4763,2026-08-06,0.026886432,0.01871808,0.0115509,0.010010119,2.3274467
4552,2026-08-06,0.019717364,0.006583949,0.008486222,0.0071286745,2.3231823
6144,2026-08-06,0.023330633,0.014060676,0.010053853,0.010112106,2.3203356
6169,2026-08-06,0.023898866,0.013738268,0.010353114,0.008579512,2.3081515
5283,2026-08-06,0.023483807,0.024482317,0.010177257,0.008339085,2.3072524
2743,2026-08-06,0.02133037,-0.0028226355,0.009290465,0.008314879,2.2956948
5276,2026-08-06,0.018729346,0.024154501,0.00817157,0.006724098,2.2917328
6719,2026-08-06,0.026232135,0.028848968,0.011479753,0.012364948,2.2848792
8930,2026-08-06,0.026226036,0.040012367,0.011494877,0.010929102,2.2813427
2438,2026-08-06,0.024896735,0.029040288,0.0109184915,0.009835,2.280027
4532,2026-08-06,0.017721262,0.023707934,0.007808512,0.00996663,2.2691894
2855,2026-08-06,0.018173967,0.030613275,0.008018802,0.009683841,2.2661364
6246,2026-08-06,0.03316645,0.02321282,0.014691584,0.017455857,2.25736
3046,2026-08-06,0.027542142,0.04825522,0.012295921,0.010357415,2.2397592
6270,2026-08-06,0.017036779,0.036227632,0.0076080784,0.009241887,2.239007
1604,2026-08-06,0.019358369,-0.0029286272,0.008651385,0.0077557247,2.2373447
3388,2026-08-06,0.018564051,0.013883053,0.008375344,0.009191934,2.2162473
1460,2026-08-06,0.023331122,-0.0054036845,0.01052852,0.008769768,2.2157822
1527,2026-08-06,0.017216181,-0.0062285257,0.0077712936,0.0082590375,2.215071
3465,2026-08-06,0.026212096,0.024415951,0.011842318,0.012613969,2.2132392
6982,2026-08-06,0.022109164,0.02119762,0.010032708,0.012707375,2.2034888
3122,2026-08-06,0.019728001,0.03833491,0.009051951,0.009968711,2.1791792
2376,2026-08-06,0.020933263,0.009383943,0.009713447,0.009918156,2.154859
8450,2026-08-06,0.0150291035,0.010473891,0.0069808103,0.008660495,2.1526084
8411,2026-08-06,0.023701927,0.02338648,0.011022495,0.009647078,2.1501281
2383,2026-08-06,0.016421739,0.029000096,0.0076839086,0.012138575,2.1368816
1598,2026-08-06,0.0181462,0.012058655,0.008499542,0.0074782264,2.1347108
3056,2026-08-06,0.02185945,0.021546898,0.010268465,0.0073044267,2.128587
4770,2026-08-06,0.020881513,-0.009663896,0.009834572,0.00908104,2.1230605
4930,2026-08-06,0.018615691,0.009126114,0.008826196,0.0074502607,2.108902
1454,2026-08-06,0.01727568,0.029975882,0.008193986,0.007442908,2.1080792
2379,2026-08-06,0.02935679,0.02555718,0.01393486,0.008983737,2.1065648
2330,2026-08-06,0.022848738,0.013443176,0.010853178,0.013090227,2.105064
2616,2026-08-06,0.014149121,-0.0045715473,0.0067285867,0.0066369604,2.1025245
6229,2026-08-06,0.020739878,0.045315333,0.0098917,0.011626846,2.096483
2820,2026-08-06,0.017602695,-0.0061085103,0.008416629,0.007974656,2.09117
6865,2026-08-06,0.019818502,0.01081466,0.009492485,0.008725999,2.0875897
6994,2026-08-06,0.017019888,-0.011147308,0.00815454,0.009706592,2.0869112
8908,2026-08-06,0.014054831,0.013771542,0.006736678,0.008609642,2.0860052
2428,2026-08-06,0.020881573,0.021930376,0.010084425,0.011738602,2.07047
6470,2026-08-06,0.016249489,-0.003981561,0.00785503,0.007605656,2.0684097
3268,2026-08-06,0.025406389,0.048483238,0.0122937765,0.014422881,2.0664375
4747,2026-08-06,0.018826287,0.025011474,0.009199922,0.007854044,2.0461304
1104,2026-08-06,0.01599899,-0.004680442,0.007873926,0.008402633,2.0316367
1721,2026-08-06,0.01743149,0.031148171,0.008591231,0.01376841,2.0287502
8403,2026-08-06,0.016595297,0.0032985038,0.0081853075,0.007098433,2.0272017
6821,2026-08-06,0.018739589,0.02769893,0.00928158,0.010428311,2.0187907
2608,2026-08-06,0.014391107,-0.0055244057,0.007131462,0.009068551,2.0176914
2063,2026-08-06,0.017366003,0.013008978,0.008607157,0.0075624776,2.0173893
1316,2026-08-06,0.019653078,0.012415733,0.009747317,0.010113006,2.0160482
5398,2026-08-06,0.016532928,0.0035599938,0.008227048,0.008506392,2.0093377
2505,2026-08-06,0.016525613,0.004251361,0.008234775,0.006578433,2.0065644
2754,2026-08-06,0.015256209,0.015647102,0.0076122875,0.00923566,2.0038924
2427,2026-08-06,0.011725575,-0.014721636,0.0058671935,0.007742942,1.9981576
4714,2026-08-06,0.01818974,0.024381189,0.009104797,0.008429922,1.9976
4164,2026-08-06,0.015144757,-0.0023297486,0.0076146713,0.007237422,1.9886307
4560,2026-08-06,0.019960457,0.017033072,0.010045703,0.008430407,1.9867669
6104,2026-08-06,0.019916896,0.02958317,0.010048992,0.013863452,1.9817822
5474,2026-08-06,0.020933969,0.029509915,0.010574336,0.011753125,1.9795085
6152,2026-08-06,0.018438727,0.027983816,0.00932483,0.009568271,1.9771672
1731,2026-08-06,0.01443498,0.025810577,0.0073212185,0.009197932,1.9713944
1514,2026-08-06,0.015836941,0.0058583757,0.008042435,0.009426924,1.9689275
2886,2026-08-06,0.019408595,0.019352058,0.009907865,0.009893285,1.9587102
6720,2026-08-06,0.019209985,0.015343311,0.009836933,0.0074445917,1.9526445
6184,2026-08-06,0.013423467,0.004021296,0.006894318,0.009177059,1.9467511
6241,2026-08-06,0.02197056,0.01385977,0.011304033,0.008994399,1.9434317
6962,2026-08-06,0.021006498,0.007639189,0.010828752,0.010270613,1.9397026
2885,2026-08-06,0.026765462,0.041228373,0.013822231,0.0124791,1.9362667
8171,2026-08-06,0.018181212,0.012710843,0.009489105,0.010406339,1.9158072
6279,2026-08-06,0.016340213,0.03295423,0.008542481,0.008407143,1.9125942
6552,2026-08-06,0.017452415,0.022353133,0.009135108,0.009394844,1.910268
1525,2026-08-06,0.02018963,0.03380774,0.010587946,0.008131346,1.9066705
5548,2026-08-06,0.019479148,0.00926311,0.010224602,0.006000006,1.9049389
6486,2026-08-06,0.012533317,0.0018816914,0.006638148,0.008232777,1.8877901
3557,2026-08-06,0.018190173,0.038761254,0.009751281,0.015332245,1.8652225
1324,2026-08-06,0.015728299,0.004107908,0.008431528,0.007596933,1.8651937
3710,2026-08-06,0.017760055,0.0022328102,0.009672362,0.008411332,1.8359753
6205,2026-08-06,0.014980477,0.019929338,0.008168972,0.009648065,1.833602
6425,2026-08-06,0.015689624,0.02438538,0.008592108,0.009653082,1.8258381
2947,2026-08-06,0.01413734,0.0008212008,0.007757631,0.008053516,1.8221437
2706,2026-08-06,0.012003692,-0.010614688,0.0065871943,0.008908414,1.8220004
2015,2026-08-06,0.012911467,0.005494251,0.007106045,0.007522006,1.8167139
3290,2026-08-06,0.020417463,0.012475293,0.0112563055,0.011724092,1.8137078
5907,2026-08-06,0.0148473205,0.0059868186,0.008194947,0.007096407,1.8115443
8454,2026-08-06,0.013791689,0.008045362,0.0076988135,0.0089945495,1.7911719
6763,2026-08-06,0.01607918,0.023210973,0.008978571,0.008677161,1.7906401
1307,2026-08-06,0.017212616,0.019332008,0.009662246,0.013063601,1.7812457
1568,2026-08-06,0.019488776,0.032414053,0.011009526,0.011601901,1.7700131
2511,2026-08-06,0.014186349,-1.1768565e-05,0.008019405,0.008061653,1.7687819
5301,2026-08-06,0.01605041,-0.005621623,0.009076883,0.00967594,1.7680784
4166,2026-08-06,0.01614838,-0.0022722196,0.009141647,0.008097621,1.7662694
2613,2026-08-06,0.016055897,0.0034539357,0.009101481,0.0083051,1.7639033
1808,2026-08-06,0.022559237,0.028359791,0.012790642,0.013908884,1.7635919
3447,2026-08-06,0.01702761,0.02707673,0.009716376,0.009302256,1.7522849
8440,2026-08-06,0.015220102,0.030458834,0.008709505,0.007552759,1.7473271
6412,2026-08-06,0.01933688,0.004111776,0.01107259,0.01070844,1.7462159
2887,2026-08-06,0.02036665,0.029948942,0.01173058,0.0079423115,1.7360535
6674,2026-08-06,0.014570859,0.01342483,0.008498025,0.0076264422,1.7144153
2891,2026-08-06,0.015096871,0.020045234,0.008860134,0.00865181,1.7037178
6461,2026-08-06,0.015491063,0.0040530628,0.009109573,0.0069334027,1.7003388
6796,2026-08-06,0.015808392,0.016708678,0.009451761,0.011434033,1.6723571
6196,2026-08-06,0.01622111,0.011426828,0.009804989,0.009021885,1.6542042
6903,2026-08-06,0.017784964,0.030334929,0.0107564265,0.011267635,1.6532731
9933,2026-08-06,0.01741934,-0.0026957688,0.010549799,0.009723734,1.6509973
8942,2026-08-06,0.015894327,0.025564702,0.009654109,0.008377872,1.6462089
5269,2026-08-06,0.016744483,0.011056834,0.010171293,0.009088588,1.6460873
5347,2026-08-06,0.014853986,0.022305809,0.009051465,0.0103496285,1.6408774
6743,2026-08-06,0.017598541,-0.017079629,0.010757249,0.0104402,1.6358184
2461,2026-08-06,0.011152005,0.020119822,0.006820154,0.009147448,1.6349148
8092,2026-08-06,0.015283311,0.020659752,0.009378397,0.008702561,1.6294556
8932,2026-08-06,0.02011865,0.016209055,0.012383643,0.014199096,1.6244837
6579,2026-08-06,0.021233767,0.034590818,0.013097308,0.013378292,1.6211077
1342,2026-08-06,0.016526142,0.00674281,0.010254117,0.008633673,1.611502
3073,2026-08-06,0.018202357,0.041990686,0.011319395,0.010526467,1.6079259
1321,2026-08-06,0.02029964,0.006112939,0.01263113,0.012126534,1.6069846
2431,2026-08-06,0.018701982,0.030306162,0.011651931,0.011056456,1.6049165
6792,2026-08-06,0.013000352,0.021301508,0.008178884,0.009239672,1.5893075
6574,2026-08-06,0.01495166,0.0355851,0.009458246,0.011545069,1.5806397
2248,2026-08-06,0.012954127,-0.0025498415,0.00824231,0.010242115,1.5714715
2530,2026-08-06,0.016182702,-0.00935388,0.010311617,0.009424463,1.569214
3686,2026-08-06,0.011758091,0.018456228,0.007500653,0.006892552,1.5674
6581,2026-08-06,0.018648826,0.023348987,0.011908063,0.010268366,1.5659356
1713,2026-08-06,0.016299332,-0.0052709687,0.010440555,0.008588174,1.5610061
8227,2026-08-06,0.0184575,0.035418827,0.011831163,0.008663782,1.559943
6573,2026-08-06,0.017583149,0.030709647,0.011317366,0.011060452,1.5535059
2926,2026-08-06,0.014798524,0.0020707885,0.009549417,0.0059752474,1.549516
6228,2026-08-06,0.013629286,0.005472035,0.0088079525,0.009830484,1.5472084
5452,2026-08-06,0.015404636,0.02695055,0.0099603245,0.011303844,1.5464445
6923,2026-08-06,0.016852506,-0.0026125098,0.010911116,0.009546629,1.5443847
2539,2026-08-06,0.017837556,0.027696459,0.011554072,0.010687435,1.5436993
6469,2026-08-06,0.013283753,-0.016044943,0.008626493,0.0100918785,1.5397003
2362,2026-08-06,0.019086424,0.020311927,0.012441277,0.0110469125,1.5339978
2890,2026-08-06,0.017123997,0.009004193,0.011166512,0.010571763,1.5333762
3521,2026-08-06,0.015761849,-0.0078938035,0.010358867,0.011274299,1.5214335
3017,2026-08-06,0.018902438,0.04422411,0.012455594,0.012133486,1.5174644
4533,2026-08-06,0.013475167,0.018907875,0.008904922,0.009602895,1.5130569
2027,2026-08-06,0.015303981,0.011809481,0.010144089,0.008172517,1.5085112
8249,2026-08-06,0.013302963,0.00693085,0.008914287,0.008762396,1.4921519
3494,2026-08-06,0.013351922,0.00045893714,0.008956245,0.007939702,1.4906281
1336,2026-08-06,0.016495503,0.021029783,0.011115921,0.010299203,1.4838195
3004,2026-08-06,0.01291401,-0.012115986,0.00874053,0.009398149,1.4773169
8390,2026-08-06,0.011656728,0.024400089,0.007941171,0.007868006,1.4677005
2007,2026-08-06,0.0128902765,0.0030839539,0.008789303,0.006474052,1.46642
3716,2026-08-06,0.014430151,-0.005625759,0.0098443115,0.0071172575,1.4656876
2429,2026-08-06,0.01640531,0.01910398,0.011371592,0.010841926,1.4425304
2734,2026-08-06,0.015181582,0.015428752,0.01052961,0.010008035,1.4416621
3058,2026-08-06,0.013315522,0.00022963024,0.009248987,0.010886749,1.4395179
4968,2026-08-06,0.013869186,0.014786098,0.009718005,0.012366847,1.4270171
2482,2026-08-06,0.011870028,-0.0066320333,0.008346884,0.00922752,1.4219207
5512,2026-08-06,0.011274535,0.00023908503,0.007984786,0.0066449987,1.4118253
2477,2026-08-06,0.012000999,0.018023951,0.008502501,0.007219851,1.4113009
6666,2026-08-06,0.013016133,-0.01894995,0.009259628,0.010458411,1.4055345
3672,2026-08-06,0.010378943,0.012098661,0.0074134246,0.009183854,1.3998313
6902,2026-08-06,0.01789986,0.0379349,0.012875467,0.01029716,1.3901219
6142,2026-08-06,0.012309048,0.0022308803,0.008884782,0.010242538,1.3852521
6894,2026-08-06,0.012323097,0.02752905,0.008970981,0.012034376,1.3735089
6290,2026-08-06,0.016576516,0.0044752657,0.012075043,0.011210613,1.3726777
3034,2026-08-06,0.014348439,0.01224943,0.010458133,0.0084970435,1.3718573
2903,2026-08-06,0.010207099,-0.013313238,0.0074679377,0.0076583372,1.3666066
1295,2026-08-06,0.010305825,-0.008426751,0.007551987,0.010153009,1.3644701
6603,2026-08-06,0.0141510805,0.011971216,0.010400891,0.010671588,1.3604333
4148,2026-08-06,0.014203028,0.010354816,0.010452584,0.0079380255,1.3586754
4137,2026-08-06,0.012010756,0.0030964792,0.008862108,0.009266016,1.3551404
4523,2026-08-06,0.013778353,0.02284528,0.010245936,0.012407242,1.3446314
4938,2026-08-06,0.01091541,0.0038739003,0.008119519,0.00771062,1.3441764
5465,2026-08-06,0.015588796,0.016117385,0.0116101755,0.01013592,1.3425683
2514,2026-08-06,0.01242458,-0.019625131,0.009280024,0.008889023,1.3387078
3052,2026-08-06,0.010763707,0.012681886,0.008041773,0.008444965,1.3383079
8488,2026-08-06,0.0096798455,0.0036519591,0.0072610276,0.008858262,1.3329399
3019,2026-08-06,0.015394277,0.007689641,0.011576052,0.00954399,1.3297234
2612,2026-08-06,0.01317418,0.033696063,0.009953441,0.008295981,1.3234475
1325,2026-08-06,0.014437244,-0.007076794,0.011008439,0.009086587,1.3113515
3060,2026-08-06,0.01537766,0.0229053,0.011735375,0.011779327,1.3102564
4502,2026-08-06,0.011264594,0.022014499,0.00860105,0.010511054,1.3095244
3051,2026-08-06,0.011217852,0.030992743,0.008570349,0.008363779,1.3087616
4934,2026-08-06,0.014568806,0.024093425,0.011172293,0.009903697,1.3038955
3372,2026-08-06,0.011991736,0.03028262,0.009270574,0.009956238,1.2933872
6658,2026-08-06,0.01761718,0.034654703,0.013643173,0.011625101,1.291187
1529,2026-08-06,0.012572762,-0.0024787164,0.009742615,0.011106309,1.290359
2458,2026-08-06,0.013304309,-0.0016602022,0.010317626,0.012535533,1.2893488
1773,2026-08-06,0.013501022,0.01699705,0.0104896985,0.008333346,1.2869517
4909,2026-08-06,0.0133808255,0.022522783,0.010420514,0.010273757,1.2839617
8076,2026-08-06,0.014273141,0.013045397,0.011152141,0.0075132027,1.2797418
6021,2026-08-06,0.015665753,0.015154486,0.012309979,0.010277365,1.2725027
7584,2026-08-06,0.012084943,0.0024997096,0.0095226765,0.010644726,1.2689368
7723,2026-08-06,0.019186031,-0.031564504,0.015121212,0.019001585,1.2687317
5878,2026-08-06,0.009752256,-0.0035995638,0.007746958,0.008585869,1.2586873
2867,2026-08-06,0.011387545,-0.003870834,0.009046906,0.0084800245,1.2585834
7547,2026-08-06,0.01073071,0.013999295,0.008561513,0.007611209,1.2532196
8917,2026-08-06,0.013277898,0.026277037,0.010641593,0.011062222,1.2476187
3479,2026-08-06,0.017761376,0.026057478,0.014274895,0.014428703,1.2441515
1229,2026-08-06,0.008551599,-0.020242542,0.0068748244,0.005933193,1.2437199
1805,2026-08-06,0.012262247,0.02551276,0.009872066,0.010180442,1.2419897
6928,2026-08-06,0.011232998,-0.0024704258,0.009205729,0.0093912175,1.2200856
3529,2026-08-06,0.012052942,0.01956459,0.009889222,0.010497588,1.2186725
6754,2026-08-06,0.008072104,0.010386181,0.0066356687,0.00850208,1.2162886
4545,2026-08-06,0.0084068,0.018785568,0.006916381,0.008940545,1.2153156
4527,2026-08-06,0.012986261,0.027066339,0.010772791,0.011096318,1.2053567
6732,2026-08-06,0.014746787,0.014762467,0.012254497,0.010354955,1.2032794
6679,2026-08-06,0.012125432,0.019166322,0.010078537,0.0114830835,1.202975
5489,2026-08-06,0.01506392,0.030206842,0.012587291,0.013043481,1.1966612
6629,2026-08-06,0.017397236,0.021272382,0.014542405,0.011986074,1.1962285
4205,2026-08-06,0.010496812,0.0038265937,0.008784098,0.009209459,1.1948429
8121,2026-08-06,0.011671374,0.019226743,0.00980017,0.010274585,1.1908144
8038,2026-08-06,0.010250737,0.008122644,0.008687781,0.008570681,1.1797669
3313,2026-08-06,0.012427795,0.008290572,0.0105510615,0.0061109834,1.1777599
1236,2026-08-06,0.011654477,0.032191113,0.0100309355,0.009532327,1.1617376
3031,2026-08-06,0.009382078,0.023690777,0.008188638,0.008879855,1.1456035
4420,2026-08-06,0.010810496,0.011568474,0.0094703715,0.009451579,1.1413865
2419,2026-08-06,0.011392896,0.021611402,0.010030432,0.010973269,1.1357198
3705,2026-08-06,0.009889436,-0.0067523927,0.0087115485,0.008993463,1.1350795
5481,2026-08-06,0.007971312,-0.013989175,0.0070650806,0.0070506944,1.1281095
5450,2026-08-06,0.010174459,0.0002559487,0.009122593,0.008796357,1.1151811
8081,2026-08-06,0.013491594,0.011826187,0.012125576,0.015326274,1.1125642
1232,2026-08-06,0.01031125,-0.005130894,0.009273278,0.010242525,1.1118116
4942,2026-08-06,0.01099306,-0.00016605036,0.009958886,0.009047545,1.1037335
1436,2026-08-06,0.009759534,-0.010766269,0.008897737,0.008241384,1.0967325
3537,2026-08-06,0.011199311,0.027569072,0.010230985,0.010728584,1.0945395
8466,2026-08-06,0.010942999,0.0009917343,0.010043536,0.009467867,1.0894479
6642,2026-08-06,0.010524118,0.028870694,0.009667512,0.01109937,1.0884941
2923,2026-08-06,0.010510572,-0.0323391,0.009706441,0.009319264,1.0827335
8924,2026-08-06,0.010367412,-0.017857235,0.009584561,0.00841402,1.0815655
9904,2026-08-06,0.010318202,-0.027736207,0.009541455,0.011720204,1.0812943
2538,2026-08-06,0.008082821,-0.02190878,0.007475441,0.0072709355,1.0811055
3005,2026-08-06,0.012340526,0.009949283,0.01142933,0.012017606,1.0796299
7722,2026-08-06,0.010484469,-0.0064722328,0.009737143,0.010903284,1.0766394
6224,2026-08-06,0.010786233,0.02274739,0.010127925,0.009418045,1.0648941
2356,2026-08-06,0.012118316,0.0024243642,0.011425741,0.009196082,1.0605226
2905,2026-08-06,0.010825252,-0.0015828699,0.010283769,0.010357828,1.0525517
2404,2026-08-06,0.009140176,0.017356995,0.008689327,0.0076883365,1.0517642
6971,2026-08-06,0.012344047,-0.009912591,0.011742545,0.009444597,1.0511346
2430,2026-08-06,0.008791192,-0.0103065055,0.008521029,0.007434924,1.0315844
6782,2026-08-06,0.010762902,0.0341856,0.010485069,0.009909209,1.0264001
6438,2026-08-06,0.010381482,0.02028519,0.010180705,0.012422588,1.0196211
1612,2026-08-06,0.008192281,0.0024553484,0.008132203,0.0087791765,1.0072639
5538,2026-08-06,0.007998541,0.009433853,0.007996497,0.009608008,1.0001305
4120,2026-08-06,0.009078238,0.023905646,0.009143385,0.009515192,0.9927664
1432,2026-08-06,0.009951611,0.005954127,0.010151875,0.008106689,0.9801766
9938,2026-08-06,0.008121927,-0.009283581,0.008296988,0.008681811,0.9787827
3272,2026-08-06,0.009006866,0.01638142,0.009265271,0.008440349,0.9720055
8935,2026-08-06,0.01143393,-0.0027597353,0.011763924,0.0097198775,0.971866
2939,2026-08-06,0.01066035,-0.007904296,0.011055826,0.007988744,0.96414196
6515,2026-08-06,0.00902981,0.020037,0.009408975,0.0088532,0.9595998
2882,2026-08-06,0.009404689,0.0041806707,0.009806932,0.009320754,0.958886
3259,2026-08-06,0.009682629,0.008193941,0.010117757,0.009226974,0.95689905
8222,2026-08-06,0.0086207185,-0.00174596,0.0090622585,0.010233882,0.95117205
8929,2026-08-06,0.005802107,-0.007757244,0.0060989866,0.008976447,0.9511672
6020,2026-08-06,0.008957207,0.004180708,0.009588591,0.01008413,0.9340552
2606,2026-08-06,0.010373551,0.014985498,0.011211651,0.009104597,0.9251649
8937,2026-08-06,0.009534492,0.005087894,0.010306979,0.013506993,0.92496234
2201,2026-08-06,0.0082633095,-0.00983421,0.008990307,0.008986042,0.9190331
2498,2026-08-06,0.008919714,-0.008541183,0.0097062765,0.0096943565,0.91886884
0052,2026-08-06,0.018984616,0.03674895,0.02071465,0.020975845,0.91643834
6174,2026-08-06,0.009740877,-0.0026291008,0.010649445,0.0120730335,0.91459817
6751,2026-08-06,0.007900414,0.019548887,0.008701082,0.009878566,0.90787625
3665,2026-08-06,0.006992692,0.006797503,0.0077628805,0.009158045,0.90066975
2064,2026-08-06,0.007000982,-0.011417159,0.007785572,0.011019303,0.8991096
5278,2026-08-06,0.0081664855,0.023439221,0.00914729,0.008481474,0.89267886
3533,2026-08-06,0.008674542,0.009578036,0.00978322,0.010418349,0.886585
5213,2026-08-06,0.009692375,-0.013902207,0.010933525,0.008125656,0.88640106
6516,2026-08-06,0.011003486,0.031583037,0.01248193,0.010600733,0.8814826
6517,2026-08-06,0.008357946,0.0025473332,0.009517546,0.011630194,0.8780696
5434,2026-08-06,0.008344932,-0.0055375155,0.009533175,0.009925586,0.87526524
6005,2026-08-06,0.00712589,0.015653286,0.008200608,0.009288793,0.8688405
6163,2026-08-06,0.0067184847,0.006916796,0.007841885,0.008120913,0.8566343
3008,2026-08-06,0.008120833,0.014387096,0.009487327,0.009259808,0.85587615
8499,2026-08-06,0.009065525,0.0002780584,0.010598573,0.007156955,0.8552726
3131,2026-08-06,0.009475847,0.009143227,0.011078408,0.01145679,0.8552665
5523,2026-08-06,0.009781598,0.015799144,0.011462069,0.009669005,0.85331404
8455,2026-08-06,0.011024009,0.009611327,0.012958644,0.012013,0.85064137
3437,2026-08-06,0.009566163,0.022047523,0.011274079,0.009727958,0.8484342
6122,2026-08-06,0.007706676,-0.006231085,0.009085061,0.009520118,0.8481867
3666,2026-08-06,0.007847819,0.009475433,0.009457218,0.009156347,0.82973534
1626,2026-08-06,0.0067478786,-0.0076448643,0.008132401,0.007947855,0.8296503
8478,2026-08-06,0.0074894135,0.0008583753,0.009048668,0.008615336,0.82758987
2528,2026-08-06,0.0063545923,0.01720529,0.0077858423,0.007839886,0.81606793
6788,2026-08-06,0.009390654,0.01731614,0.01157628,0.011510213,0.81112784
6263,2026-08-06,0.008212338,0.02013601,0.010132186,0.008789679,0.8104399
3224,2026-08-06,0.007500326,0.018135773,0.009278339,0.0075594415,0.80828226
4569,2026-08-06,0.011146486,0.025871273,0.013914402,0.010698832,0.8010179
3684,2026-08-06,0.009123648,0.020187374,0.011528524,0.00945587,0.7913291
2637,2026-08-06,0.0060885726,0.0061042276,0.0076968567,0.0099430075,0.79094386
8255,2026-08-06,0.007874529,0.016311282,0.0099600265,0.011433312,0.79053384
0051,2026-08-06,0.008159301,0.0248341,0.010550457,0.013285362,0.77328664
2455,2026-08-06,0.009452796,-0.0031378344,0.012355643,0.012017879,0.764997
2360,2026-08-06,0.0068095326,0.005736618,0.008989432,0.008920859,0.75741994
5608,2026-08-06,0.0067206207,-0.010827449,0.0089143915,0.009562707,0.75382227
6568,2026-08-06,0.008430115,0.025085261,0.011231514,0.010096392,0.7505101
3022,2026-08-06,0.009930726,0.011210145,0.013275802,0.0094897,0.74797577
3515,2026-08-06,0.006927532,0.009987874,0.009281011,0.0126140565,0.74633956
3354,2026-08-06,0.007321092,0.022546379,0.009872193,0.012119332,0.741512
2460,2026-08-06,0.0070888293,0.024270149,0.009627261,0.009018686,0.73625225
2345,2026-08-06,0.0063277553,0.012059045,0.008759247,0.011612411,0.7223261
4746,2026-08-06,0.0065839915,0.014353945,0.009259133,0.009484513,0.711004
3038,2026-08-06,0.0057851947,0.014359384,0.008225793,0.010775487,0.7032138
4961,2026-08-06,0.0063599222,0.015792131,0.009151566,0.0098093655,0.6948786
4556,2026-08-06,0.009450745,-0.011875455,0.013898511,0.012954042,0.6799336
3207,2026-08-06,0.007292869,0.011796024,0.010764997,0.007810419,0.6773983
8024,2026-08-06,0.0066938135,0.015065216,0.009914534,0.009348041,0.67508346
2002,2026-08-06,0.005282719,-0.007263316,0.007960566,0.008669036,0.6635276
3617,2026-08-06,0.0065716924,0.02294571,0.009990969,0.008816138,0.65769744
2441,2026-08-06,0.008904767,0.018670805,0.014166912,0.013707297,0.62851655
6134,2026-08-06,0.006625201,0.029386973,0.010589605,0.011342593,0.6255734
2605,2026-08-06,0.0052309455,0.00016093231,0.008418844,0.0076430365,0.6212639
8936,2026-08-06,0.00548167,-0.00043812202,0.00883988,0.0057658153,0.62003666
5222,2026-08-06,0.005566876,0.002123746,0.009088279,0.009007104,0.61246616
4972,2026-08-06,0.00706439,0.003815653,0.011535698,0.009570496,0.61234075
2105,2026-08-06,0.005259381,-0.014014824,0.0086081885,0.008134731,0.6109032
6284,2026-08-06,0.004552009,0.001732937,0.007460318,0.009408765,0.61008114
2363,2026-08-06,0.00817019,0.012396455,0.013425975,0.013041789,0.60849077
1414,2026-08-06,0.0051217773,0.020126859,0.0085523,0.009223689,0.59880716
2845,2026-08-06,0.0070654433,-0.0034568831,0.011800248,0.010766601,0.598703
3402,2026-08-06,0.0076517067,0.021129807,0.012814925,0.014577143,0.59704673
2912,2026-08-06,0.0056899693,-0.029897654,0.009738322,0.01065301,0.58422637
3511,2026-08-06,0.005566356,0.015709309,0.009552919,0.011445929,0.5826253
5202,2026-08-06,0.0060632895,0.015198501,0.010512413,0.009085593,0.5767194
6505,2026-08-06,0.005590266,-0.029934628,0.009827602,0.00980337,0.5687753
3673,2026-08-06,0.0051916423,0.014125685,0.009202819,0.011985473,0.56407475
4952,2026-08-06,0.0049008625,0.013794089,0.008809821,0.010235709,0.5562322
5604,2026-08-06,0.005427018,0.0095470585,0.009894147,0.009606387,0.5484525
4530,2026-08-06,0.004090833,-0.023171516,0.007843519,0.009394849,0.5214893
1513,2026-08-06,0.0059846165,0.0031120006,0.0117315985,0.009261301,0.51008445
2534,2026-08-06,0.0049032574,-0.009218598,0.009654719,0.007803529,0.50780857
5251,2026-08-06,0.0065531665,0.00924782,0.012919606,0.0127642,0.50718725
2010,2026-08-06,0.0036202655,0.006276003,0.007206485,0.008084194,0.5022925
5284,2026-08-06,0.004564489,0.005685221,0.009091753,0.010344105,0.5019919
6922,2026-08-06,0.0052533555,0.02845835,0.010534198,0.014101454,0.498648
6227,2026-08-06,0.005638816,0.04004317,0.011331752,0.008589015,0.4975681
8279,2026-08-06,0.004940712,0.020707548,0.010121471,0.008423867,0.48809344
6997,2026-08-06,0.0049955035,-0.017263094,0.010550763,0.008559548,0.47342828
6542,2026-08-06,0.0043564634,0.025195615,0.0092936205,0.009958759,0.46870804
5439,2026-08-06,0.0038046597,0.025360743,0.008234729,0.009047402,0.46196997
5457,2026-08-06,0.0031113501,0.0012207949,0.006902107,0.0077434457,0.45071736
1742,2026-08-06,0.0051292065,0.03319682,0.011401596,0.0120227,0.44982797
6753,2026-08-06,0.0039155064,-0.012588964,0.00872998,0.008767077,0.44846123
6811,2026-08-06,0.0037327285,0.005501605,0.008367479,0.008575559,0.44604623
3092,2026-08-06,0.004647549,0.012922363,0.010494366,0.0096628545,0.4428191
5274,2026-08-06,0.0035632015,0.012421726,0.008162716,0.012162217,0.43646806
2351,2026-08-06,0.0059318943,0.028842745,0.013666022,0.01276436,0.43402976
4745,2026-08-06,0.0043625208,0.014018879,0.010286166,0.009728419,0.42407408
3023,2026-08-06,0.0033526176,0.009621301,0.007942309,0.008719628,0.42206815
2034,2026-08-06,0.003772772,-0.0032084316,0.009252708,0.008309775,0.40770376
6234,2026-08-06,0.0041481843,0.023070654,0.010947726,0.012443292,0.3788737
6794,2026-08-06,0.0040550446,-0.01722322,0.010717168,0.008938317,0.37833372
1616,2026-08-06,0.0028456876,0.009276676,0.0076215547,0.008772059,0.37332466
2451,2026-08-06,0.0044125915,0.007995611,0.012041429,0.012209772,0.3664204
4755,2026-08-06,0.0032669962,-0.0021400868,0.009114441,0.010527459,0.3584024
3168,2026-08-06,0.0030857122,0.009416453,0.0086906515,0.009105375,0.35502023
3615,2026-08-06,0.0032921187,0.010843812,0.009292922,0.010004157,0.35422274
1444,2026-08-06,0.003343595,-0.006102037,0.009459027,0.00791274,0.35344455
9929,2026-08-06,0.0044196127,0.012872437,0.012509664,0.011371016,0.35326764
3607,2026-08-06,0.0035359329,0.0136268735,0.010093835,0.010995683,0.35027146
6491,2026-08-06,0.0035268927,0.021484887,0.01007693,0.008921605,0.34996203
3416,2026-08-06,0.0029776976,0.015058435,0.008588662,0.01071747,0.3466606
2316,2026-08-06,0.0042893603,0.034707237,0.012436913,0.013926205,0.34486172
2029,2026-08-06,0.0036666177,-0.0011319214,0.010672412,0.007924119,0.34352815
8916,2026-08-06,0.0034694704,0.0048198844,0.010356007,0.008688913,0.33498773
8201,2026-08-06,0.002941064,0.01495092,0.008883763,0.008942295,0.33102334
5258,2026-08-06,0.0027387969,0.002134937,0.008324592,0.009425636,0.3289612
6582,2026-08-06,0.0021999744,-0.014868025,0.0067914943,0.00816538,0.32388315
3095,2026-08-06,0.0034175315,0.0044347127,0.0106795225,0.009694215,0.3199779
4133,2026-08-06,0.003928739,0.009184951,0.012362603,0.013344529,0.31776652
7740,2026-08-06,0.002235419,0.014131616,0.0070943856,0.00900318,0.3150525
5903,2026-08-06,0.0030057577,-0.033234853,0.009732025,0.011831394,0.30882052
3541,2026-08-06,0.0024881135,-0.016022421,0.008114287,0.00840067,0.30659586
6191,2026-08-06,0.0031639591,-0.013523314,0.010824713,0.011202675,0.29226336
4439,2026-08-06,0.0027636257,0.014139118,0.009690387,0.010335322,0.28516307
1785,2026-08-06,0.0029733912,0.0064940094,0.010546364,0.011242157,0.28190845
1301,2026-08-06,0.0029099337,-0.013598013,0.010561029,0.011786898,0.27550894
6527,2026-08-06,0.0029771982,0.036424212,0.01103343,0.010981319,0.26980987
3228,2026-08-06,0.0023240622,0.0091639105,0.008649337,0.008673369,0.26866722
1583,2026-08-06,0.0030554978,0.003913005,0.011411046,0.010657013,0.2677432
1725,2026-08-06,0.002151308,0.013907251,0.008055364,0.011403735,0.26703215
1219,2026-08-06,0.0026465775,-0.026527723,0.009950605,0.008035124,0.26594478
6598,2026-08-06,0.0026761303,0.00013766804,0.01023155,0.012130999,0.2615311
1533,2026-08-06,0.0023665898,0.019431403,0.009100504,0.008187786,0.26002184
3390,2026-08-06,0.0018337669,0.01740678,0.0071404544,0.0077611203,0.2567778
5530,2026-08-06,0.0022051877,-0.018634638,0.008742128,0.00975247,0.25221953
4958,2026-08-06,0.0021809821,-0.0060790437,0.008828785,0.010273798,0.24700284
5234,2026-08-06,0.0019526116,0.01186237,0.008170026,0.012057062,0.23896772
6496,2026-08-06,0.0023294825,-0.0041802567,0.009773442,0.01077911,0.23832384
4129,2026-08-06,0.0021400354,-0.011896377,0.009267963,0.009730652,0.23088185
4406,2026-08-06,0.0018295831,-0.0071991323,0.008043734,0.009130192,0.22742616
3310,2026-08-06,0.0023393065,0.019866312,0.010561522,0.010885073,0.22147234
6261,2026-08-06,0.0021173628,0.013138077,0.009671849,0.009485881,0.21889752
8421,2026-08-06,0.0020836557,-0.0053048655,0.010335326,0.010579058,0.20158571
9962,2026-08-06,0.0015304836,0.02806587,0.007725,0.009150968,0.19809522
8086,2026-08-06,0.0020955682,0.016898844,0.011757146,0.01529711,0.17822267
3037,2026-08-06,0.0023003325,0.0045317924,0.012991083,0.012995106,0.17705648
5905,2026-08-06,0.0016864573,-0.012669448,0.010738329,0.011030677,0.15703563
1532,2026-08-06,0.0013721242,-0.026700199,0.008992431,0.0069839205,0.1525696
9950,2026-08-06,0.0013306846,0.0099818865,0.009055096,0.0101042595,0.146938
3689,2026-08-06,0.0018156259,0.015177663,0.01255823,0.01053508,0.14456506
4966,2026-08-06,0.0016373398,0.00022957734,0.011390554,0.009209362,0.14373279
6870,2026-08-06,0.0015877362,0.0074748527,0.011616478,0.008868747,0.13666789
2324,2026-08-06,0.0016193199,0.008667511,0.013983484,0.010017499,0.11579403
1108,2026-08-06,0.0008678241,-0.012052178,0.008333893,0.007241053,0.10411941
3528,2026-08-06,0.0011432834,0.027853386,0.010991307,0.013822602,0.104007594
5469,2026-08-06,0.0009646157,-0.004687786,0.010350445,0.009785883,0.09318657
2540,2026-08-06,0.00068144186,-0.03002314,0.0074528484,0.009834644,0.091421485
1796,2026-08-06,0.00091724744,0.00992945,0.010649453,0.010654122,0.086122856
3105,2026-08-06,0.00078466715,0.0015421913,0.009273143,0.010503904,0.08460805
6405,2026-08-06,0.0008016071,0.0123567,0.009693232,0.01119458,0.08268907
6712,2026-08-06,0.0007281408,0.030815763,0.009197652,0.0108299805,0.07915734
3322,2026-08-06,0.00065499067,-0.0022222528,0.008962563,0.009948291,0.073072575
3209,2026-08-06,0.0004664647,0.009280847,0.0068362528,0.009192832,0.068224
2030,2026-08-06,0.00067775074,0.019021789,0.010436236,0.009939198,0.06493584
1707,2026-08-06,0.00044706513,-0.020245569,0.007665686,0.0072447616,0.0583127
8105,2026-08-06,0.0015058741,0.033725988,0.02962248,0.02344141,0.0508338
1217,2026-08-06,0.00036649723,-0.022796083,0.00957366,0.010472948,0.03827783
5227,2026-08-06,0.00037776201,-0.023063164,0.010135083,0.012303044,0.03726903
7750,2026-08-06,0.0004428122,0.0010328591,0.011883579,0.009361504,0.037259392
6435,2026-08-06,0.00046493072,0.010341159,0.012628401,0.012966893,0.036813363
1909,2026-08-06,0.00019263457,-0.01123476,0.007823339,0.009480321,0.024619916
6895,2026-08-06,0.000120724864,-0.014777447,0.0067430744,0.0064361645,0.01790088
1735,2026-08-06,0.00019425216,0.0034971684,0.011578617,0.010103945,0.016775353
5601,2026-08-06,7.812468e-05,-0.024777647,0.010268782,0.009952526,0.007607238
3630,2026-08-06,-2.2367978e-05,-0.025290318,0.010269132,0.010161895,-0.002177964
1586,2026-08-06,-4.273077e-05,-0.011598364,0.008366704,0.009045887,-0.0051066303
5299,2026-08-06,-0.00016948693,0.0059663663,0.014059381,0.011634625,-0.01205422
6937,2026-08-06,-0.00023049513,0.0014760601,0.011347021,0.0143557545,-0.020311482
4116,2026-08-06,-0.00020903234,0.024400543,0.01019042,0.00856549,-0.02051062
3717,2026-08-06,-0.00028942214,0.014590859,0.010717609,0.010025507,-0.027001837
6721,2026-08-06,-0.0002856562,-0.022205966,0.009273925,0.006962134,-0.03079876
2417,2026-08-06,-0.00024645976,0.0041631376,0.0075866003,0.008077277,-0.032481913
4973,2026-08-06,-0.00041679677,0.01878028,0.011377098,0.011614307,-0.0366315
7712,2026-08-06,-0.0006420828,0.020839177,0.011743846,0.013030006,-0.054669324
8091,2026-08-06,-0.00071051135,0.026508268,0.0121798115,0.010160958,-0.05833038
6126,2026-08-06,-0.0005693668,0.008798061,0.009014036,0.008685307,-0.06315746
2331,2026-08-06,-0.0006757235,-0.0032670598,0.010381624,0.010058167,-0.06508215
8068,2026-08-06,-0.00081304496,0.01162133,0.011663224,0.009595734,-0.06970416
1459,2026-08-06,-0.00089607836,0.02400949,0.011913358,0.010552658,-0.07520995
3443,2026-08-06,-0.00077571784,0.010302687,0.010216159,0.011095379,-0.07592305
6016,2026-08-06,-0.000838842,-0.0064982823,0.009823959,0.011594615,-0.08537868
2239,2026-08-06,-0.0008529828,-0.020527879,0.009121087,0.010325151,-0.09350741
1455,2026-08-06,-0.0009068798,-0.0015428253,0.009433744,0.008227358,-0.0961213
8404,2026-08-06,-0.0010689546,-0.021417046,0.009365191,0.006414645,-0.11412906
3466,2026-08-06,-0.0009958461,-0.0061558434,0.008570201,0.008568488,-0.11618513
1799,2026-08-06,-0.0010421438,-0.010852799,0.008050601,0.009431023,-0.12943311
3141,2026-08-06,-0.0017427955,0.029055571,0.012697955,0.011983896,-0.13723928
6695,2026-08-06,-0.0012563183,-0.012394615,0.009059025,0.0092063695,-0.1386661
8473,2026-08-06,-0.0015817968,-0.014810489,0.010330671,0.010646019,-0.15310173
9924,2026-08-06,-0.0012215595,-0.020352772,0.007976936,0.0073655536,-0.15311722
2497,2026-08-06,-0.0017775547,0.008476118,0.011400048,0.009350584,-0.15591152
6671,2026-08-06,-0.001774656,-0.006571061,0.0108799115,0.010114018,-0.1630981
3252,2026-08-06,-0.0015981202,-0.02782863,0.009010902,0.0098067075,-0.1773344
2485,2026-08-06,-0.0036673462,0.0101465145,0.018066041,0.017636439,-0.20298544
6957,2026-08-06,-0.0023905176,-0.032783918,0.0098960055,0.010476626,-0.24153948
2478,2026-08-06,-0.004295972,0.022547571,0.01772593,0.019333832,-0.24234158
1218,2026-08-06,-0.0018249501,-0.020175615,0.007407058,0.006981435,-0.24634664
4441,2026-08-06,-0.003000032,0.012133453,0.011780234,0.010896375,-0.25464496
3041,2026-08-06,-0.0024953492,-0.0012082757,0.009711337,0.011026077,-0.2569257
4419,2026-08-06,-0.0024145911,-0.00544961,0.009210208,0.010568218,-0.2621362
1468,2026-08-06,-0.002923154,0.0014891401,0.010972165,0.010129131,-0.26639116
3169,2026-08-06,-0.0023367344,0.011518752,0.008255773,0.010163857,-0.2830082
2227,2026-08-06,-0.0028240357,-0.011780792,0.009778802,0.00760761,-0.28876203
5289,2026-08-06,-0.0031007826,0.012213809,0.010609341,0.01224393,-0.29224157
5206,2026-08-06,-0.0021198422,0.02131642,0.007069193,0.008226615,-0.29982808
8114,2026-08-06,-0.0035757697,-0.0015725798,0.011862732,0.011163553,-0.30140346
3357,2026-08-06,-0.003932077,0.019158345,0.012691083,0.014216332,-0.30980548
3162,2026-08-06,-0.0027973424,-0.0037719507,0.008838621,0.008119732,-0.316455
6231,2026-08-06,-0.0033014263,0.0111845415,0.010363681,0.011249143,-0.31852657
2483,2026-08-06,-0.0048111677,0.003946193,0.01503164,0.01940238,-0.32004806
6861,2026-08-06,-0.0035572147,0.012072482,0.010717442,0.009907175,-0.33187795
2724,2026-08-06,-0.0039330227,-0.012185137,0.011692574,0.01261135,-0.33634052
2065,2026-08-06,-0.0035963953,0.011453209,0.010368889,0.011924137,-0.34681135
8047,2026-08-06,-0.0036106422,0.006974827,0.010124966,0.008960715,-0.35657263
1784,2026-08-06,-0.003329698,0.0037861555,0.009304942,0.006430771,-0.35780343
4726,2026-08-06,-0.0025596246,-0.019157233,0.0068543986,0.00853145,-0.37337357
1326,2026-08-06,-0.0034442483,-0.019233448,0.008957122,0.008546086,-0.38448328
6190,2026-08-06,-0.0034370713,0.0020023172,0.008614954,0.013468916,-0.39891943
1439,2026-08-06,-0.0053369384,0.00895816,0.01297994,0.009415534,-0.4111365
1593,2026-08-06,-0.0041028117,0.019327872,0.009574163,0.00961468,-0.4284848
2454,2026-08-06,-0.0048093055,-0.0048840553,0.011012899,0.008504478,-0.43665785
6742,2026-08-06,-0.0049684164,-0.004606114,0.011321925,0.009367524,-0.43879268
4188,2026-08-06,-0.0044546206,0.010704553,0.009955906,0.0074250097,-0.44739002
6657,2026-08-06,-0.0035446943,-0.009865312,0.0079196,0.007928763,-0.44752848
9943,2026-08-06,-0.0040033143,-0.021830676,0.008941888,0.0082533145,-0.4476534
2836,2026-08-06,-0.003782686,-0.027857598,0.008350109,0.008169061,-0.45295614
3029,2026-08-06,-0.0051439283,0.0040148282,0.011254072,0.0088992035,-0.457032
6175,2026-08-06,-0.00491924,-0.0032608407,0.01051687,0.012686333,-0.46770304
4943,2026-08-06,-0.005839291,0.0057864715,0.012167971,0.0120843565,-0.47985086
8426,2026-08-06,-0.0044067693,0.003127718,0.009161379,0.0092709325,-0.4809634
6804,2026-08-06,-0.0044163647,0.006931255,0.009100749,0.008741746,-0.48522153
8477,2026-08-06,-0.0050742705,0.0056167063,0.0104406215,0.008320152,-0.48596576
6881,2026-08-06,-0.003934898,-0.01878583,0.008032498,0.0086379135,-0.48981127
3373,2026-08-06,-0.0039792364,-0.012447971,0.0078569045,0.008707381,-0.50639915
2756,2026-08-06,-0.004823468,-0.026094506,0.009270968,0.008884447,-0.5202205
2910,2026-08-06,-0.005210982,-0.030676562,0.009987336,0.0107766455,-0.52170676
6143,2026-08-06,-0.0054319096,0.0069786804,0.009935248,0.009790233,-0.54667616
1528,2026-08-06,-0.0047517945,-0.0021960323,0.008635873,0.009488102,-0.5501753
8088,2026-08-06,-0.007138164,0.006788567,0.012877061,0.010911262,-0.5542887
3483,2026-08-06,-0.0066797864,-0.0015082252,0.012045339,0.012166402,-0.5545076
3691,2026-08-06,-0.006247884,-0.004109255,0.011119329,0.012310956,-0.56184345
3501,2026-08-06,-0.0049459613,-0.037164506,0.0087811425,0.008723081,-0.5631839
3555,2026-08-06,-0.0067472816,0.0059108483,0.011956311,0.013419562,-0.56428087
3645,2026-08-06,-0.00569672,-0.006819423,0.009942317,0.012654844,-0.5729194
8429,2026-08-06,-0.003927765,-0.02054767,0.00670006,0.009633347,-0.5861409
6130,2026-08-06,-0.006328487,-0.01316293,0.010769331,0.009321138,-0.58758515
6418,2026-08-06,-0.0061546075,0.015286533,0.010413943,0.011285582,-0.5909401
3556,2026-08-06,-0.005723253,0.019177,0.009586332,0.013569647,-0.5969599
8109,2026-08-06,-0.0061987042,0.02120583,0.010224669,0.014241865,-0.60619056
5432,2026-08-06,-0.005185592,-0.00016003466,0.008550206,0.007628401,-0.6064164
8940,2026-08-06,-0.004811629,-0.021782143,0.007890604,0.008679586,-0.6097149
5381,2026-08-06,-0.0057050404,-0.0055339346,0.009343206,0.009529382,-0.6105431
6510,2026-08-06,-0.0056047738,0.00073193066,0.009033042,0.008890255,-0.620406
2014,2026-08-06,-0.0062096706,-0.019579967,0.00992268,0.007714755,-0.6257427
5345,2026-08-06,-0.007588484,-0.008576338,0.012057366,0.0144488,-0.62931275
4916,2026-08-06,-0.008752495,0.006640822,0.0138989,0.012516641,-0.62968045
6180,2026-08-06,-0.004255081,-0.02532562,0.0066580134,0.008519148,-0.63899577
4538,2026-08-06,-0.005376948,-0.009461931,0.008375212,0.0072926814,-0.64193076
2916,2026-08-06,-0.00628536,0.010527486,0.009764811,0.009328252,-0.64360857
2883,2026-08-06,-0.005212265,-0.008100939,0.007957929,0.0076583605,-0.6548953
1341,2026-08-06,-0.0072712684,-0.0010902482,0.011085743,0.010349854,-0.6558525
8059,2026-08-06,-0.006530355,-0.0043474874,0.009912948,0.009830116,-0.65870374
1609,2026-08-06,-0.0057155103,-0.003696439,0.008569949,0.008396928,-0.6668468
4113,2026-08-06,-0.004508705,-0.005774126,0.006653687,0.0073343576,-0.67752326
2323,2026-08-06,-0.005681278,-0.004330941,0.008348869,0.010362723,-0.68040323
2023,2026-08-06,-0.0054946067,-0.020770302,0.008061089,0.0084465165,-0.6815364
3265,2026-08-06,-0.010838902,0.014422569,0.015694924,0.01763871,-0.69055516
2327,2026-08-06,-0.006710123,-0.01798428,0.009677147,0.008882248,-0.69332725
6188,2026-08-06,-0.006295548,0.0020787388,0.009072802,0.008631615,-0.6938158
2258,2026-08-06,-0.005595852,-0.02542119,0.007948591,0.0075446824,-0.7039169
6859,2026-08-06,-0.006988554,-0.009103025,0.009861804,0.009011022,-0.7085768
1903,2026-08-06,-0.0051327916,-0.0220733,0.007209044,0.006978084,-0.71189463
5468,2026-08-06,-0.007812433,0.022962252,0.010884208,0.01368439,-0.717711
3138,2026-08-06,-0.007529469,-0.00057707616,0.010469305,0.009492427,-0.71912605
3115,2026-08-06,-0.008660683,0.0062678037,0.011794808,0.009597209,-0.73421705
1815,2026-08-06,-0.009597314,0.0052748504,0.01306552,0.009142684,-0.73449653
2421,2026-08-06,-0.006604292,-0.00059202977,0.0089481715,0.007971345,-0.737978
3221,2026-08-06,-0.01908559,0.009046809,0.025795292,0.029526582,-0.73985785
6223,2026-08-06,-0.0076602697,0.0025712,0.010338106,0.008809169,-0.7409025
7780,2026-08-06,-0.0060638953,-0.023722865,0.008108516,0.0065192613,-0.7477505
1423,2026-08-06,-0.0058557647,-0.024445085,0.0076474645,0.008442125,-0.76561314
6807,2026-08-06,-0.0071549914,0.008132519,0.009317596,0.009379207,-0.76781857
4171,2026-08-06,-0.008069023,-0.023950629,0.010461457,0.011023348,-0.7712359
3516,2026-08-06,-0.007555022,0.00835484,0.009631061,0.007025365,-0.7843619
3260,2026-08-06,-0.0076224166,-0.020537276,0.009361781,0.009440252,-0.8141188
6462,2026-08-06,-0.007554066,-0.0013598468,0.009274718,0.008500703,-0.81439143
1231,2026-08-06,-0.005870402,-0.03783107,0.0071004853,0.008031067,-0.82664424
8054,2026-08-06,-0.007463603,-0.0032049282,0.00900784,0.010430592,-0.8284754
3434,2026-08-06,-0.008852613,0.016686201,0.01064736,0.009468879,-0.83135927
5306,2026-08-06,-0.0075288503,0.0010492757,0.0089710085,0.007448122,-0.8391488
3661,2026-08-06,-0.008835147,-4.7797275e-05,0.010523372,0.007943235,-0.83949393
6199,2026-08-06,-0.012189118,-0.042371444,0.014508778,0.016412497,-0.8400623
8096,2026-08-06,-0.011957579,0.004466282,0.014189848,0.010585076,-0.84262615
6924,2026-08-06,-0.015932942,0.020773206,0.01883356,0.03378128,-0.8459418
2059,2026-08-06,-0.009393864,0.009887101,0.011002202,0.009114825,-0.85373914
6235,2026-08-06,-0.0063921567,-0.0010182447,0.007472264,0.0076895906,-0.85533667
8289,2026-08-06,-0.009726895,-0.00093999563,0.011259867,0.012126207,-0.86377853
2881,2026-08-06,-0.007856111,-0.008586152,0.009012806,0.008921411,-0.8715642
6955,2026-08-06,-0.008555712,0.0044734534,0.009737992,0.008447784,-0.8785008
9949,2026-08-06,-0.010451451,-0.020065408,0.011815269,0.0078722825,-0.8844967
8162,2026-08-06,-0.008203452,0.009844602,0.0090114325,0.0094154645,-0.9102373
3078,2026-08-06,-0.007833867,-0.0062592276,0.0084640095,0.01041255,-0.925441
6781,2026-08-06,-0.009091339,0.001351622,0.009728563,0.0073770634,-0.9344036
2849,2026-08-06,-0.007722708,-0.030071763,0.00824452,0.010304709,-0.93659437
4707,2026-08-06,-0.016785162,0.0148436455,0.017727284,0.02198601,-0.94680125
6155,2026-08-06,-0.009480957,-0.0017622146,0.00998554,0.013804366,-0.94937354
6805,2026-08-06,-0.010110223,0.0045732516,0.010475762,0.009790568,-0.96501404
6785,2026-08-06,-0.006998708,-0.010859833,0.0072374605,0.0072325426,-0.966878
8933,2026-08-06,-0.009769338,-0.0104863,0.010026791,0.01107575,-0.9742263
7751,2026-08-06,-0.008514949,-0.005513369,0.008673473,0.008628161,-0.9816099
3296,2026-08-06,-0.0075718006,-0.006771398,0.007668034,0.009470559,-0.9873213
6689,2026-08-06,-0.01190242,0.004656499,0.011944591,0.010048829,-0.996386
5009,2026-08-06,-0.012252774,-0.026628982,0.012137173,0.012816794,-1.0094414
2474,2026-08-06,-0.00974681,-0.030093746,0.009586633,0.0070391037,-1.0166023
2305,2026-08-06,-0.013316868,-0.04067653,0.013057649,0.01567732,-1.0197737
4772,2026-08-06,-0.010837746,0.0009328784,0.010459686,0.013797845,-1.0360454
6245,2026-08-06,-0.010279473,0.0042370805,0.009893406,0.0088183815,-1.0389175
6873,2026-08-06,-0.009377585,-0.029955985,0.008958048,0.009175145,-1.0467166
8069,2026-08-06,-0.011147374,-0.008861999,0.010514436,0.009955553,-1.0600961
1456,2026-08-06,-0.010355099,-0.002789664,0.009761247,0.010319442,-1.060729
3580,2026-08-06,-0.013747281,-0.0013285078,0.012870812,0.014299413,-1.0680145
1563,2026-08-06,-0.009503055,-0.0099537205,0.008843869,0.00917942,-1.0744145
8089,2026-08-06,-0.008525691,-0.011946004,0.007928949,0.008766655,-1.0751256
1590,2026-08-06,-0.012445029,-0.0071832323,0.011552372,0.009019395,-1.0771772
1789,2026-08-06,-0.013127497,-0.030403292,0.0121036405,0.012352883,-1.0845011
3191,2026-08-06,-0.009572792,0.011392966,0.0087139765,0.011252776,-1.09843
6165,2026-08-06,-0.012597549,-0.012855041,0.011447451,0.012156215,-1.1003715
3653,2026-08-06,-0.010950984,0.005951978,0.009851351,0.011430899,-1.1115097
3490,2026-08-06,-0.014791284,0.011536189,0.013101745,0.010080917,-1.128869
2329,2026-08-06,-0.010484254,-0.012646216,0.009248774,0.010458781,-1.1334605
2353,2026-08-06,-0.0097184535,-0.028476415,0.008545677,0.008325733,-1.1371031
1795,2026-08-06,-0.015926538,-0.0198495,0.0138806375,0.01838729,-1.1473098
2889,2026-08-06,-0.010475557,-0.014085444,0.009090375,0.010615392,-1.1522522
2069,2026-08-06,-0.013103664,0.011143966,0.0113244075,0.010540598,-1.1570147
4306,2026-08-06,-0.010244196,-0.016653059,0.008760221,0.009758525,-1.1692657
8093,2026-08-06,-0.011480014,0.0011776858,0.0097423,0.011192165,-1.178247
6257,2026-08-06,-0.0139931105,-0.00538052,0.011863181,0.01105331,-1.1794417
6525,2026-08-06,-0.022867206,0.021689678,0.019155968,0.01997661,-1.1936756
8104,2026-08-06,-0.011999775,-0.004176168,0.01004881,0.009815418,-1.1940299
1337,2026-08-06,-0.009732877,-0.027380042,0.008085097,0.008904927,-1.2036556
8210,2026-08-06,-0.011099021,0.00091020763,0.009211494,0.0070585147,-1.2047791
0057,2026-08-06,-0.033464205,-0.014362426,0.027742289,0.03172904,-1.206209
6863,2026-08-06,-0.013471339,-0.015681792,0.01113715,0.010228969,-1.2094772
2061,2026-08-06,-0.02509778,0.0071695405,0.02073578,0.024912694,-1.2103027
3379,2026-08-06,-0.010140736,-0.0011731734,0.008363657,0.00983075,-1.2123313
3294,2026-08-06,-0.010831402,-0.009148542,0.008802264,0.011044231,-1.2303847
6913,2026-08-06,-0.017230352,-0.0015490636,0.013692149,0.010929542,-1.2583191
1617,2026-08-06,-0.014926403,0.007178588,0.011779494,0.011940839,-1.267044
6546,2026-08-06,-0.012776172,0.01286303,0.010033259,0.0096206935,-1.2732551
6589,2026-08-06,-0.015995892,-0.011358903,0.012552909,0.008306305,-1.2741762
6654,2026-08-06,-0.031827323,-0.0025524497,0.02466418,0.025476929,-1.2903746
3324,2026-08-06,-0.016286308,0.0003954618,0.012598114,0.011047021,-1.292655
3481,2026-08-06,-0.013554045,-0.01808375,0.010462422,0.008504313,-1.295374
8422,2026-08-06,-0.012818111,-0.014757905,0.009886516,0.0099278055,-1.2963934
6133,2026-08-06,-0.012874689,0.0035954947,0.009917543,0.008282307,-1.2980423
5516,2026-08-06,-0.014189619,0.018013498,0.010726181,0.011219756,-1.3227724
8097,2026-08-06,-0.010416957,-0.029895116,0.007847388,0.009028658,-1.3272734
6509,2026-08-06,-0.016991043,0.002066564,0.012702431,0.013070484,-1.3375161
4106,2026-08-06,-0.018172534,-0.009887355,0.013431873,0.0121782655,-1.3528404
2337,2026-08-06,-0.017672693,-0.02089106,0.012933577,0.010307345,-1.3663139
0053,2026-08-06,-0.014617094,0.0037187636,0.010529546,0.014532448,-1.388066
8071,2026-08-06,-0.01840794,0.0019838894,0.013178566,0.0125952475,-1.3967031
6669,2026-08-06,-0.011052098,-0.0175977,0.007906613,0.008845797,-1.3976529
4967,2026-08-06,-0.017913397,-0.005599232,0.012699654,0.009474249,-1.410431
4416,2026-08-06,-0.012132025,-0.003200997,0.008478348,0.010143925,-1.4307733
2722,2026-08-06,-0.015350464,-0.015086399,0.0106845,0.009767685,-1.4365695
2338,2026-08-06,-0.019768579,-0.011915958,0.013748595,0.008972759,-1.4377573
3178,2026-08-06,-0.016319726,-0.014446863,0.011333252,0.010345692,-1.439859
5864,2026-08-06,-0.01800765,-0.016228504,0.0122637125,0.012515118,-1.4682487
6492,2026-08-06,-0.01193907,-0.031241735,0.008125671,0.006972093,-1.4691218
4744,2026-08-06,-0.016306689,-0.029361539,0.010994447,0.011151643,-1.48304
6885,2026-08-06,-0.013707058,-0.013885828,0.009219766,0.009202427,-1.4865422
1314,2026-08-06,-0.01253334,-0.0260688,0.008324842,0.009087708,-1.5053539
1591,2026-08-06,-0.0134938825,-0.032587707,0.0089464905,0.01064677,-1.5081192
3303,2026-08-06,-0.012976485,-0.004270019,0.008586972,0.007577802,-1.511007
6024,2026-08-06,-0.012850777,-0.03910985,0.008497955,0.009023462,-1.5120419
3054,2026-08-06,-0.017612003,-0.018254276,0.01158748,0.012055465,-1.5197854
5285,2026-08-06,-0.020062046,-0.0017657869,0.013127673,0.01239565,-1.5281092
6213,2026-08-06,-0.021114865,-0.012542406,0.01371366,0.011668408,-1.5395836
2405,2026-08-06,-0.01616813,-0.020813337,0.010268148,0.008194722,-1.5744374
6556,2026-08-06,-0.016033841,0.011800199,0.010144257,0.010881537,-1.5804273
4304,2026-08-06,-0.014090721,-0.03673184,0.0089074755,0.008566059,-1.5817207
2472,2026-08-06,-0.02586042,-0.014225653,0.016313367,0.014245236,-1.5851316
1504,2026-08-06,-0.014688014,-0.024968704,0.009249313,0.01141048,-1.5878397
6649,2026-08-06,-0.01380293,-0.017467001,0.008660243,0.008593519,-1.5936431
2303,2026-08-06,-0.013566287,-0.017733993,0.008469082,0.009391255,-1.6016712
6278,2026-08-06,-0.027121045,-0.012193718,0.016833443,0.016534247,-1.6110449
2468,2026-08-06,-0.014606728,-0.01286219,0.00897201,0.007938276,-1.6278516
3024,2026-08-06,-0.01360807,-0.018717464,0.008301424,0.009506964,-1.6390479
2464,2026-08-06,-0.016912965,-0.0038529777,0.010255422,0.012913073,-1.6490121
3033,2026-08-06,-0.013367066,-0.00093690766,0.00808419,0.012360464,-1.6532779
5475,2026-08-06,-0.015828827,-0.0027326378,0.00952406,0.008510452,-1.6618086
9914,2026-08-06,-0.015356175,-0.024540981,0.009219025,0.00892588,-1.6655241
2314,2026-08-06,-0.017824465,-0.005953581,0.010611482,0.014442603,-1.6795756
6271,2026-08-06,-0.020512052,-0.0031402064,0.012194592,0.014565033,-1.6819235
3702,2026-08-06,-0.01457146,-0.015704758,0.008657166,0.009626574,-1.682973
2643,2026-08-06,-0.016252106,0.006207014,0.009634363,0.009682346,-1.6867143
6541,2026-08-06,-0.018168036,-0.03417678,0.010731796,0.009384563,-1.6927589
6432,2026-08-06,-0.02497421,-0.038232546,0.014619844,0.017975613,-1.7081237
6219,2026-08-06,-0.016417924,-0.028221922,0.009570762,0.010966117,-1.7152458
6472,2026-08-06,-0.031948324,-0.020661468,0.018612,0.016266024,-1.7164522
4157,2026-08-06,-0.013325294,-0.011160968,0.0077415225,0.0098487325,-1.7210534
9136,2026-08-06,-0.013809418,-0.035770375,0.007981971,0.0080569675,-1.7298595
3625,2026-08-06,-0.017708762,3.227095e-05,0.010106257,0.013455353,-1.7520838
8436,2026-08-06,-0.015431825,-0.0077009406,0.0087430645,0.009750822,-1.7648343
9105,2026-08-06,-0.017718315,-0.031540852,0.010035244,0.011835881,-1.7654328
4526,2026-08-06,-0.01648535,-0.009401818,0.00930446,0.009976907,-1.7715782
6125,2026-08-06,-0.03302175,-0.012305211,0.01849771,0.019614615,-1.7850841
3523,2026-08-06,-0.018323543,-0.027819041,0.010192843,0.011334971,-1.7975107
4722,2026-08-06,-0.025001798,-0.012768309,0.01386917,0.017514238,-1.8025588
6875,2026-08-06,-0.018933307,-0.038934037,0.010475591,0.009466851,-1.8072011
5536,2026-08-06,-0.01411805,-0.009418586,0.007735557,0.008442599,-1.8248494
2317,2026-08-06,-0.022014566,-0.015839074,0.012044004,0.009668587,-1.8276926
1225,2026-08-06,-0.014564207,-0.052272964,0.00789673,0.010168693,-1.8441004
4912,2026-08-06,-0.023553424,-0.0024612572,0.012767408,0.0128641175,-1.8446641
4123,2026-08-06,-0.018718941,-0.02223031,0.010134844,0.008795941,-1.8468063
6869,2026-08-06,-0.016273888,-0.021531802,0.008785475,0.0069756215,-1.852152
8155,2026-08-06,-0.023392744,-0.018577218,0.0125806695,0.013688463,-1.8592719
5314,2026-08-06,-0.04152401,-0.012123187,0.022328377,0.022581235,-1.8596135
6887,2026-08-06,-0.016402295,-0.033947222,0.008777693,0.011954667,-1.8684211
9802,2026-08-06,-0.017411625,-0.034989905,0.009308192,0.0091467695,-1.8703691
3413,2026-08-06,-0.02317396,-0.018829104,0.012370575,0.011818747,-1.8731616
2402,2026-08-06,-0.017160567,-0.018856682,0.009113077,0.0077699106,-1.8828639
3317,2026-08-06,-0.01996742,-0.006717242,0.010584874,0.009747231,-1.8862325
1810,2026-08-06,-0.02127418,-0.04259104,0.01122693,0.012245735,-1.8947552
4142,2026-08-06,-0.017930774,-0.023038821,0.00941768,0.009597537,-1.9037459
4513,2026-08-06,-0.015981253,-0.041134063,0.008386678,0.0098162405,-1.905325
2352,2026-08-06,-0.014287,-0.017828388,0.00738704,0.01183736,-1.933801
8182,2026-08-06,-0.024464749,-0.023100622,0.012623578,0.017251356,-1.9378666
5014,2026-08-06,-0.018037152,-0.03614424,0.009282813,0.009158094,-1.9428601
6683,2026-08-06,-0.019369794,-0.0027453767,0.00995987,0.00836972,-1.9445885
2009,2026-08-06,-0.021763766,-0.01028764,0.011190455,0.009700054,-1.944677
1718,2026-08-06,-0.02151479,-0.016724506,0.011043926,0.010410354,-1.9479343
4571,2026-08-06,-0.0252123,-0.015439799,0.012790623,0.0121905925,-1.9710008
6129,2026-08-06,-0.02293604,0.0056142476,0.011581885,0.010066622,-1.9801664
1409,2026-08-06,-0.01867677,-0.01859444,0.009387113,0.009398781,-1.9894062
8021,2026-08-06,-0.024125254,-0.015667653,0.012109357,0.011850448,-1.9921174
3406,2026-08-06,-0.014770062,-0.007746221,0.0074078753,0.00829658,-1.9935633
6672,2026-08-06,-0.04132241,-0.02249178,0.020713301,0.018613981,-1.9948734
6872,2026-08-06,-0.019834658,-0.041667994,0.009936874,0.011468914,-1.9958653
6179,2026-08-06,-0.017442485,0.00011470455,0.008716616,0.010278561,-2.000832
4583,2026-08-06,-0.019041982,-0.021353304,0.009483101,0.010992233,-2.0077794
2436,2026-08-06,-0.028422926,-0.019483354,0.014102129,0.021309128,-2.015363
5272,2026-08-06,-0.020795252,-0.013657757,0.010312878,0.009216266,-2.01624
2712,2026-08-06,-0.025783973,-0.022925738,0.01273895,0.01195584,-2.0238676
2645,2026-08-06,-0.021235375,-0.00016019418,0.010438601,0.015359274,-2.0341175
2492,2026-08-06,-0.025436075,-0.021668667,0.01245548,0.013699138,-2.0419953
2434,2026-08-06,-0.044404227,-0.047608353,0.021718785,0.02085109,-2.0444138
5245,2026-08-06,-0.015705315,-0.026085507,0.0076783863,0.008870217,-2.0451264
0050,2026-08-06,-0.05666854,-0.070610166,0.027635407,0.022156712,-2.050503
3663,2026-08-06,-0.026591698,-0.01834213,0.012957965,0.012149873,-2.0519924
1524,2026-08-06,-0.02023036,-0.011726608,0.009829846,0.008936843,-2.057845
2393,2026-08-06,-0.020764204,-0.023859087,0.009994919,0.010018921,-2.077268
3709,2026-08-06,-0.021424944,0.01288114,0.010311533,0.013657126,-2.0775635
3090,2026-08-06,-0.035269197,-0.00917601,0.01695777,0.017173447,-2.0797026
5243,2026-08-06,-0.020703869,-0.014970281,0.009953026,0.014154734,-2.0799491
1584,2026-08-06,-0.016970316,-0.036076076,0.008087396,0.010071939,-2.0981064
3018,2026-08-06,-0.023933746,-0.033329275,0.0113309715,0.009162045,-2.1120548
3312,2026-08-06,-0.019243577,-0.0013062505,0.009098435,0.0122532025,-2.1148102
8043,2026-08-06,-0.07201861,-0.08114077,0.033957962,0.029120814,-2.1207542
6220,2026-08-06,-0.01985828,-0.01704229,0.009344286,0.010499157,-2.1249514
6906,2026-08-06,-0.019288084,-0.0022997207,0.009072043,0.00826671,-2.1258671
3035,2026-08-06,-0.031829584,-0.050409243,0.014959758,0.017923549,-2.1275382
2543,2026-08-06,-0.016802486,-0.03136188,0.0078493,0.007708455,-2.140362
6854,2026-08-06,-0.017983664,-0.014429355,0.008370271,0.006419238,-2.1482596
3694,2026-08-06,-0.022991495,-0.026508164,0.010701011,0.010987561,-2.148334
5425,2026-08-06,-0.028645208,-0.0055688242,0.013227365,0.010356234,-2.1654382
4729,2026-08-06,-0.022871565,0.005485951,0.010552045,0.009420722,-2.1672952
4543,2026-08-06,-0.017616175,0.0057200026,0.008007719,0.011128807,-2.1996245
2495,2026-08-06,-0.028286586,-0.005589537,0.01282508,0.013992224,-2.205396
3708,2026-08-06,-0.017742004,-0.015966272,0.007977157,0.007744179,-2.2238224
2375,2026-08-06,-0.032440722,-0.027713846,0.014562879,0.016444711,-2.227478
9910,2026-08-06,-0.015642432,-0.035313193,0.0070178024,0.007977472,-2.228647
6890,2026-08-06,-0.018161261,-0.048617467,0.008133936,0.011602117,-2.232502
8906,2026-08-06,-0.022670897,-0.0025874549,0.010075916,0.0099257585,-2.2497852
7799,2026-08-06,-0.019260716,-0.025529172,0.008541458,0.009443697,-2.254704
3323,2026-08-06,-0.02519704,-0.022222621,0.011150035,0.008810886,-2.2596145
6645,2026-08-06,-0.020788109,-0.011515393,0.009177928,0.0071927016,-2.2647643
2723,2026-08-06,-0.018498918,-0.03901192,0.008142277,0.006575802,-2.2716799
6613,2026-08-06,-0.026086029,0.008810934,0.01147075,0.012008868,-2.2739363
2312,2026-08-06,-0.020489318,-0.021013834,0.009000826,0.011105089,-2.2761292
4960,2026-08-06,-0.025148336,-0.028746776,0.011047016,0.011023973,-2.276276
2301,2026-08-06,-0.026946394,-0.01918937,0.011754331,0.01370652,-2.29227
6919,2026-08-06,-0.018427592,-0.02356535,0.008030928,0.011877608,-2.2942924
2342,2026-08-06,-0.035264734,-0.019430814,0.015364048,0.017678358,-2.295127
8271,2026-08-06,-0.027906539,-0.02320696,0.012101396,0.013875388,-2.3058689
1434,2026-08-06,-0.015934901,-0.046455827,0.0068919226,0.008190893,-2.3117774
6239,2026-08-06,-0.021555385,-0.010520867,0.009300389,0.011824479,-2.317437
3226,2026-08-06,-0.018968983,0.007761761,0.008161902,0.010374266,-2.3238037
3520,2026-08-06,-0.020542312,0.0012894606,0.00883704,0.00761121,-2.3243065
6274,2026-08-06,-0.024127461,-0.019001853,0.010370588,0.011011815,-2.3263035
2374,2026-08-06,-0.023758173,-0.016587937,0.0101840235,0.010596107,-2.3326576
2388,2026-08-06,-0.024409628,-0.032363597,0.010414682,0.010639925,-2.3435457
2719,2026-08-06,-0.018671524,-0.032655343,0.00791508,0.006013975,-2.358683
5013,2026-08-06,-0.02887931,-0.024452178,0.01221713,0.011609561,-2.363644
4716,2026-08-06,-0.023410935,-0.027398782,0.009893239,0.011104663,-2.366118
3563,2026-08-06,-0.014887881,-0.006930991,0.006276712,0.009799993,-2.371546
8467,2026-08-06,-0.018021967,-0.041136432,0.007556846,0.009012739,-2.3845377
2371,2026-08-06,-0.022943752,-0.035621367,0.009592207,0.011112422,-2.3916664
6952,2026-08-06,-0.027678322,-0.005625195,0.011531202,0.0100655975,-2.40009
3609,2026-08-06,-0.019536745,-0.019816393,0.008076736,0.010408608,-2.4185917
2395,2026-08-06,-0.027916092,-0.036724165,0.011455195,0.008247768,-2.4367683
8476,2026-08-06,-0.036445018,-0.056847803,0.014944648,0.012889088,-2.4385035
2449,2026-08-06,-0.026470097,-0.0121125225,0.0108388085,0.0098182075,-2.4419339
3189,2026-08-06,-0.030323772,-0.030163396,0.012410022,0.01252187,-2.4432936
9907,2026-08-06,-0.020695202,-0.054331295,0.008447067,0.010846252,-2.4496968
6215,2026-08-06,-0.031556856,-0.01445438,0.012802814,0.012135801,-2.464645
8074,2026-08-06,-0.027964417,-0.013738415,0.011158723,0.011714823,-2.505834
6225,2026-08-06,-0.02777911,-0.031306095,0.011075855,0.0113249505,-2.5078516
7705,2026-08-06,-0.035261787,-0.022331508,0.014008477,0.012975111,-2.5169952
6841,2026-08-06,-0.02120117,-0.02093363,0.008372842,0.011394048,-2.5318327
6244,2026-08-06,-0.029327301,-0.034493994,0.011571244,0.012167195,-2.5342793
4147,2026-08-06,-0.020751746,-0.030946283,0.008119313,0.0077229296,-2.555535
6862,2026-08-06,-0.029715223,-0.015437601,0.011590445,0.014534196,-2.5635476
5706,2026-08-06,-0.025353538,-0.03538317,0.009846765,0.009475048,-2.5745475
3664,2026-08-06,-0.02981952,0.0013156382,0.011567368,0.014923674,-2.5776772
3591,2026-08-06,-0.02544794,-0.018851962,0.009868611,0.011404181,-2.5784137
8431,2026-08-06,-0.03239761,-0.025217807,0.012448952,0.011457259,-2.6022277
8437,2026-08-06,-0.021549843,-0.020172693,0.008279244,0.010298249,-2.6025612
9103,2026-08-06,-0.021356652,-0.030096702,0.008147653,0.011409062,-2.620881
6767,2026-08-06,-0.030087257,-0.03489582,0.011459826,0.0120777525,-2.625226
8070,2026-08-06,-0.01748213,-0.016503846,0.006657461,0.009863538,-2.6255512
6535,2026-08-06,-0.022291085,-0.033468306,0.008470942,0.01007604,-2.6311657
6419,2026-08-06,-0.034056947,-0.0032506336,0.012916384,0.016483806,-2.6365204
2204,2026-08-06,-0.026448496,-0.03035091,0.009977346,0.008214512,-2.650589
4305,2026-08-06,-0.028827755,-0.0026280403,0.010863918,0.010465982,-2.653288
8996,2026-08-06,-0.026353324,-0.0142662125,0.009927912,0.00950261,-2.6542006
6124,2026-08-06,-0.021194883,-0.019985138,0.0079511255,0.007112485,-2.6653104
6148,2026-08-06,-0.028696053,-0.027516078,0.0107539,0.013211215,-2.668184
9955,2026-08-06,-0.030949406,-0.03031974,0.01156196,0.01066881,-2.6765988
3062,2026-08-06,-0.02457118,-0.028488686,0.009164093,0.008494472,-2.6809525
3680,2026-08-06,-0.038123745,-0.024519712,0.014209072,0.011670115,-2.6828678
6668,2026-08-06,-0.025647895,-0.049276963,0.009550663,0.007596874,-2.685176
1440,2026-08-06,-0.020205645,-0.033435885,0.0074828947,0.00847298,-2.6998837
8261,2026-08-06,-0.04028323,-0.03353489,0.014875562,0.015085998,-2.7078319
6485,2026-08-06,-0.027839752,-0.003520274,0.010233971,0.011230076,-2.7200615
3006,2026-08-06,-0.039913394,-0.02790803,0.014670202,0.010816701,-2.7205265
3624,2026-08-06,-0.03584435,-0.012958045,0.013156412,0.016362177,-2.7242703
2049,2026-08-06,-0.03271942,-0.029155714,0.0119684385,0.0102865,-2.73358
2313,2026-08-06,-0.033013858,-0.039407548,0.012003506,0.009748289,-2.7501223
3114,2026-08-06,-0.036708634,-0.016985249,0.01334459,0.011401607,-2.7506192
8444,2026-08-06,-0.028899329,-0.015223582,0.010402004,0.011523242,-2.7779791
2031,2026-08-06,-0.025995832,-0.021567065,0.009352882,0.008969719,-2.7791488
2254,2026-08-06,-0.023700004,-0.030815521,0.008467014,0.009410248,-2.7987676
2344,2026-08-06,-0.038331386,-0.022663884,0.013663736,0.010745939,-2.8051317
8150,2026-08-06,-0.027094245,-0.027466428,0.009646175,0.009042008,-2.8085158
3305,2026-08-06,-0.04081978,-0.019510662,0.014518558,0.017420804,-2.8113651
2348,2026-08-06,-0.026643265,-0.059026234,0.009445977,0.010826478,-2.820295
9919,2026-08-06,-0.019078715,-0.03448781,0.0067556654,0.008932479,-2.823688
3376,2026-08-06,-0.04113817,-0.046951637,0.014542002,0.015191359,-2.828726
5490,2026-08-06,-0.04093862,-0.025028447,0.0144591145,0.013468436,-2.8311408
2233,2026-08-06,-0.051720977,-0.05996431,0.018219125,0.022074357,-2.838673
5443,2026-08-06,-0.026479287,-0.022429071,0.009281482,0.010160759,-2.8526084
3346,2026-08-06,-0.03438815,-0.007850457,0.011981629,0.011977174,-2.8698335
8112,2026-08-06,-0.024258701,-0.03271262,0.008431989,0.009794494,-2.8766432
1304,2026-08-06,-0.038842995,-0.06886283,0.013480025,0.009310062,-2.8813086
6693,2026-08-06,-0.027072381,-0.0039037543,0.009354081,0.010532772,-2.8938692
4739,2026-08-06,-0.039867796,-0.0128367515,0.013721458,0.014869034,-2.9052956
5328,2026-08-06,-0.032154962,-0.043837525,0.011058877,0.010777257,-2.9073524
2913,2026-08-06,-0.024508785,-0.049256723,0.008401958,0.0074397414,-2.9166853
2481,2026-08-06,-0.038960014,-0.030473106,0.013354599,0.014935942,-2.9171298
3093,2026-08-06,-0.03219336,-0.022724168,0.0110219205,0.012973739,-2.9205835
6488,2026-08-06,-0.03736705,-0.05098621,0.012732031,0.015749857,-2.9346547
4128,2026-08-06,-0.0259681,-0.048228938,0.008807611,0.0094944425,-2.948036
6456,2026-08-06,-0.041007467,-0.052052174,0.013871937,0.016599875,-2.9559326
6127,2026-08-06,-0.03438433,-0.03137917,0.0116113,0.011555559,-2.9610267
5483,2026-08-06,-0.038583804,-0.05284393,0.013018349,0.014757474,-2.963574
6415,2026-08-06,-0.0313538,-0.042641204,0.010557408,0.008319557,-2.9695575
2423,2026-08-06,-0.02964701,-0.01541189,0.009978379,0.009749269,-2.9708269
3558,2026-08-06,-0.039812688,-0.026978752,0.013361348,0.008740128,-2.9794679
4174,2026-08-06,-0.022398924,-0.039618794,0.0075031267,0.009115701,-2.984881
2221,2026-08-06,-0.0331896,-0.03239884,0.01109716,0.008476105,-2.9905496
6423,2026-08-06,-0.037324294,-0.012275962,0.012329342,0.014841861,-3.0270283
2527,2026-08-06,-0.03636552,-0.029052632,0.0119909495,0.011151748,-3.0324943
2424,2026-08-06,-0.027184816,-0.005497609,0.008908676,0.010630501,-3.0511565
4749,2026-08-06,-0.03562324,-0.031096557,0.01163988,0.012008784,-3.0601845
6944,2026-08-06,-0.06641322,-0.06525605,0.021680174,0.019803178,-3.0631742
8042,2026-08-06,-0.04750383,-0.033466928,0.015474293,0.019943388,-3.0696561
4979,2026-08-06,-0.031291567,-0.02975084,0.010182936,0.011637648,-3.0726397
1717,2026-08-06,-0.02401014,-0.022284431,0.0078083673,0.009202592,-3.0745308
3088,2026-08-06,-0.04703606,-0.046015017,0.015293607,0.022272289,-3.0753362
3066,2026-08-06,-0.03416538,-0.01145063,0.011101284,0.009487042,-3.0773287
3081,2026-08-06,-0.026026206,-0.022064604,0.0084207775,0.010875511,-3.0903459
2103,2026-08-06,-0.030162586,-0.029844407,0.009721911,0.009636424,-3.1022177
1312,2026-08-06,-0.030949729,-0.03929267,0.009974415,0.009682111,-3.1026003
6877,2026-08-06,-0.03944683,-0.033507243,0.0126799,0.011327787,-3.110728
5488,2026-08-06,-0.039556444,-0.035382044,0.012690421,0.011137546,-3.116786
1710,2026-08-06,-0.035546064,-0.050321084,0.0113798585,0.0099195605,-3.12332
1722,2026-08-06,-0.03195242,-0.058939163,0.01021737,0.010351053,-3.1269581
6409,2026-08-06,-0.026369007,-0.026966682,0.008422991,0.008155726,-3.130227
2401,2026-08-06,-0.042152923,-0.041174874,0.0134251965,0.013112626,-3.1396027
6584,2026-08-06,-0.029502206,-0.019764267,0.0093561895,0.009338369,-3.1528916
5011,2026-08-06,-0.029912058,-0.023546143,0.009427125,0.009069691,-3.1726413
3057,2026-08-06,-0.03331219,-0.0169619,0.0104411375,0.008925262,-3.1901696
6698,2026-08-06,-0.03954127,-0.019913752,0.012365185,0.010350878,-3.197532
4949,2026-08-06,-0.035503026,-0.02536031,0.011082554,0.012781192,-3.2032166
1235,2026-08-06,-0.036894504,-0.035128128,0.011495126,0.010762126,-3.2092986
6609,2026-08-06,-0.029487057,-0.03280126,0.009156743,0.009580442,-3.2199042
2033,2026-08-06,-0.028396007,-0.0016333445,0.008794239,0.008585592,-3.2285657
8482,2026-08-06,-0.02798805,-0.031304903,0.008618419,0.010970061,-3.2470922
5386,2026-08-06,-0.030355373,-0.02076966,0.009344472,0.010556879,-3.248137
6446,2026-08-06,-0.033019084,-0.02930579,0.010130814,0.010864774,-3.2589507
8040,2026-08-06,-0.027909799,-0.009080408,0.008529924,0.010891784,-3.271603
2630,2026-08-06,-0.028525166,-0.052286275,0.008657926,0.010507608,-3.2943077
2392,2026-08-06,-0.036083017,-0.01894691,0.010904902,0.011386711,-3.308577
3015,2026-08-06,-0.036125965,-0.02419275,0.010896522,0.012900001,-3.3150625
3693,2026-08-06,-0.037836503,-0.041529242,0.011306521,0.013375465,-3.346136
2493,2026-08-06,-0.05406571,-0.022458313,0.016079273,0.01611824,-3.3622384
3013,2026-08-06,-0.034025323,-0.027679758,0.010067366,0.010496272,-3.3794284
3036,2026-08-06,-0.035060532,-0.015640784,0.010371327,0.008567385,-3.3801992
8099,2026-08-06,-0.03779645,-0.041225888,0.011161933,0.011841842,-3.3858888
2365,2026-08-06,-0.03798534,-0.029175399,0.011189115,0.012345232,-3.3945441
8044,2026-08-06,-0.028645212,-0.02136019,0.008416855,0.010871946,-3.402911
6840,2026-08-06,-0.042151697,-0.010127908,0.012357315,0.010562143,-3.4107964
3550,2026-08-06,-0.037299324,-0.019247627,0.010893212,0.011600855,-3.4237745
6166,2026-08-06,-0.048522476,-0.061325993,0.014154265,0.013459102,-3.4278748
6834,2026-08-06,-0.06957483,-0.0122036645,0.020232603,0.026931558,-3.4385786
6113,2026-08-06,-0.03127799,-0.0060265185,0.009093881,0.01000714,-3.4390767
3284,2026-08-06,-0.0323177,-0.014901125,0.009350017,0.011138814,-3.4560628
6770,2026-08-06,-0.033037107,-0.026055994,0.009534629,0.009614321,-3.4645965
3205,2026-08-06,-0.023930606,-0.037218053,0.006904479,0.0109932525,-3.465452
4139,2026-08-06,-0.040056396,-0.041813683,0.011550026,0.010291598,-3.4677782
8299,2026-08-06,-0.032476597,-0.027227273,0.009359905,0.009812214,-3.4693866
1714,2026-08-06,-0.039687674,-0.014177284,0.011393472,0.011019236,-3.483064
2425,2026-08-06,-0.04926072,-0.035700463,0.014085709,0.012304987,-3.4969645
6147,2026-08-06,-0.04881309,-0.04583532,0.013946017,0.016044525,-3.4998944
6442,2026-08-06,-0.034271598,-0.025215602,0.009760584,0.011859661,-3.5108645
6538,2026-08-06,-0.039450347,-0.030114878,0.011212463,0.014325043,-3.5181236
8438,2026-08-06,-0.038626093,-0.020369826,0.010963831,0.012412302,-3.5227258
4931,2026-08-06,-0.05903028,-0.05176539,0.016736662,0.01655135,-3.5267935
5340,2026-08-06,-0.06610949,-0.04843923,0.018708713,0.023743805,-3.5334315
4737,2026-08-06,-0.02750906,-0.05402525,0.007772745,0.009409806,-3.538714
1517,2026-08-06,-0.03465921,-0.033588234,0.00976804,0.008958077,-3.5478625
5321,2026-08-06,-0.03729753,-0.047265626,0.010485938,0.014031973,-3.5565698
6209,2026-08-06,-0.046445612,-0.033864807,0.01302941,0.013275432,-3.5644014
5291,2026-08-06,-0.048605815,-0.025965618,0.013575406,0.011253419,-3.580168
8383,2026-08-06,-0.0406736,-0.060726546,0.011341811,0.014888843,-3.585848
2038,2026-08-06,-0.034364764,-0.02737687,0.0095123695,0.007037641,-3.6122599
3545,2026-08-06,-0.031385235,-0.027217437,0.008592552,0.012249741,-3.6521842
6477,2026-08-06,-0.034465034,-0.0529149,0.009392566,0.012200071,-3.6690042
6426,2026-08-06,-0.083724275,-0.06999133,0.02271958,0.026485343,-3.6849532
2545,2026-08-06,-0.038736884,-0.06568812,0.010508381,0.0096185915,-3.6859338
6716,2026-08-06,-0.030648334,0.001941214,0.008250079,0.012578201,-3.7144637
5228,2026-08-06,-0.04449329,-0.026028974,0.011913081,0.011748105,-3.734513
6530,2026-08-06,-0.05526267,-0.0396168,0.014738813,0.011325755,-3.749211
6285,2026-08-06,-0.041876886,-0.06844141,0.011133367,0.010980682,-3.7610476
3040,2026-08-06,-0.034567237,-0.018415073,0.00913535,0.011245235,-3.7834845
4562,2026-08-06,-0.034830578,-0.021776455,0.009184214,0.010591984,-3.7920265
1802,2026-08-06,-0.045355637,-0.045988373,0.0119533725,0.010800125,-3.7940624
1711,2026-08-06,-0.0446342,-0.043665893,0.011740921,0.011049194,-3.8012688
3441,2026-08-06,-0.065508805,-0.045522623,0.017204557,0.013827895,-3.8074214
8147,2026-08-06,-0.038692433,-0.022614546,0.0101597,0.010855516,-3.8080478
8927,2026-08-06,-0.036958296,-0.016547017,0.009695803,0.008017193,-3.8113897
5426,2026-08-06,-0.048711993,-0.029311856,0.012766735,0.014583815,-3.8152416
6275,2026-08-06,-0.03306796,-0.017833726,0.008596329,0.011411812,-3.846306
6451,2026-08-06,-0.04772361,-0.047284983,0.012374359,0.0139080845,-3.8563414
3042,2026-08-06,-0.042694584,-0.04888104,0.011045417,0.009440342,-3.8650165
2355,2026-08-06,-0.028608216,-0.018601904,0.007399124,0.009678645,-3.8659105
4163,2026-08-06,-0.03772996,-0.012595888,0.009729224,0.010411343,-3.8776042
2467,2026-08-06,-0.036694016,-0.044972014,0.009460038,0.00947576,-3.8784347
1582,2026-08-06,-0.04285736,-0.037781373,0.011035648,0.011634332,-3.883186
3535,2026-08-06,-0.042058665,-0.030285994,0.01082342,0.010832527,-3.885535
1560,2026-08-06,-0.028272485,-0.03063676,0.00722781,0.008536537,-3.9110844
6829,2026-08-06,-0.07036017,-0.055111907,0.017945195,0.018643208,-3.9206176
5351,2026-08-06,-0.045442604,-0.035396002,0.011560818,0.008394735,-3.9304028
5471,2026-08-06,-0.043568723,-0.035634343,0.01107721,0.011050311,-3.9328303
6761,2026-08-06,-0.03687488,-0.017026225,0.009366792,0.012202308,-3.936347
3049,2026-08-06,-0.03766424,-0.030555159,0.009539337,0.009148403,-3.9478939
3583,2026-08-06,-0.040825304,-0.03460948,0.010327514,0.010121597,-3.9526792
5484,2026-08-06,-0.04562669,-0.03286999,0.011529961,0.01136091,-3.956885
2406,2026-08-06,-0.03878821,-0.030366722,0.009798664,0.0106589515,-3.9581165
1319,2026-08-06,-0.03406496,-0.025184087,0.008602133,0.008415465,-3.9595993
4585,2026-08-06,-0.025201969,-0.028256038,0.006347216,0.011201045,-3.9699295
4563,2026-08-06,-0.04007876,-0.023246756,0.010085509,0.0132149225,-3.9735014
7402,2026-08-06,-0.039316375,-0.034156002,0.00987657,0.00998143,-3.980369
3028,2026-08-06,-0.04383926,-0.025258223,0.010985588,0.015092742,-3.9902525
3147,2026-08-06,-0.062245492,-0.058202308,0.015594417,0.020270735,-3.9912682
1215,2026-08-06,-0.048845045,-0.06877111,0.012121534,0.010540845,-4.029277
6230,2026-08-06,-0.030279461,-0.04516728,0.007486469,0.008468772,-4.0440183
1308,2026-08-06,-0.039714497,-0.052977595,0.009712952,0.008878843,-4.0883975
4923,2026-08-06,-0.039081592,-0.023984661,0.009544607,0.013384308,-4.0941963
6965,2026-08-06,-0.031165954,-0.056282815,0.0076001883,0.012183012,-4.1001425
6173,2026-08-06,-0.06728441,-0.04456239,0.016398154,0.015512273,-4.1029196
2409,2026-08-06,-0.037503887,-0.032591548,0.009128241,0.009158073,-4.1081057
6640,2026-08-06,-0.031593595,-0.026826305,0.0076416777,0.009058092,-4.1338387
7709,2026-08-06,-0.042338934,-0.022196615,0.010230218,0.009214018,-4.1382103
4167,2026-08-06,-0.03871172,-0.023989288,0.009351315,0.010295532,-4.139266
3576,2026-08-06,-0.062338833,-0.065073304,0.015047946,0.01578145,-4.142405
6768,2026-08-06,-0.028231196,-0.04566791,0.0068106693,0.0086102905,-4.144534
6499,2026-08-06,-0.03555366,-0.054789472,0.008564505,0.007333987,-4.1507955
6161,2026-08-06,-0.035914857,-0.009898708,0.008614779,0.010254984,-4.1684976
2367,2026-08-06,-0.052529026,-0.043753777,0.012598044,0.013127195,-4.1692863
6168,2026-08-06,-0.05037014,-0.03684523,0.012072074,0.013747402,-4.1721053
6578,2026-08-06,-0.050568905,-0.022103753,0.0121073555,0.010339247,-4.1763644
2399,2026-08-06,-0.060272574,-0.041059624,0.014430316,0.012946704,-4.1765127
3211,2026-08-06,-0.09047044,-0.0713565,0.021553354,0.0155344615,-4.197316
4919,2026-08-06,-0.050583635,-0.066350296,0.012012534,0.011779311,-4.210554
2035,2026-08-06,-0.03281056,-0.041328408,0.0077572227,0.0071481904,-4.2291336
8472,2026-08-06,-0.043583628,-0.06459429,0.01029761,0.010182813,-4.231991
8111,2026-08-06,-0.060492825,-0.07476007,0.01424431,0.011826016,-4.246508
6449,2026-08-06,-0.05300629,-0.038616356,0.012364096,0.012984276,-4.2867675
3581,2026-08-06,-0.07997303,-0.06392615,0.01858767,0.02037462,-4.302246
2017,2026-08-06,-0.04247792,-0.036890987,0.009854171,0.007609084,-4.3102164
3094,2026-08-06,-0.043802492,-0.038810182,0.010151823,0.010163583,-4.3143163
3135,2026-08-06,-0.034574807,-0.0123753445,0.008011622,0.0105305035,-4.3150425
4303,2026-08-06,-0.056058597,-0.047208358,0.012894353,0.01102102,-4.3471937
2354,2026-08-06,-0.047117926,-0.046971224,0.010832001,0.0106050335,-4.34948
3236,2026-08-06,-0.088534474,-0.081394844,0.020109776,0.021112585,-4.40234
2332,2026-08-06,-0.047786452,-0.050727703,0.010840687,0.010630029,-4.407658
1809,2026-08-06,-0.08456481,-0.06895006,0.019130649,0.015466005,-4.4201527
5388,2026-08-06,-0.032637555,-0.033094518,0.007379671,0.008584924,-4.422031
6789,2026-08-06,-0.037402466,-0.04313496,0.008436664,0.011732714,-4.4327984
4534,2026-08-06,-0.08521434,-0.08012484,0.01916035,0.01817557,-4.447199
5309,2026-08-06,-0.038375553,-0.03078918,0.008610039,0.015554276,-4.456553
4768,2026-08-06,-0.051467553,-0.051613458,0.011501466,0.012170826,-4.4744797
3229,2026-08-06,-0.061174825,-0.040093288,0.013634404,0.014775774,-4.4864693
2457,2026-08-06,-0.040104304,-0.036133222,0.008923763,0.009978447,-4.4935985
6570,2026-08-06,-0.04836931,-0.005697893,0.0106887845,0.0118298745,-4.524816
1727,2026-08-06,-0.054946948,-0.053677153,0.012099675,0.013465232,-4.540817
4541,2026-08-06,-0.06248699,-0.06758034,0.013758573,0.0142279705,-4.5413465
4402,2026-08-06,-0.041308858,-0.011117089,0.009071277,0.011571869,-4.553306
2601,2026-08-06,-0.050815057,-0.067108676,0.0111545175,0.0100842975,-4.55515
2486,2026-08-06,-0.058039784,-0.067071915,0.0127387745,0.013066149,-4.555794
2439,2026-08-06,-0.043755624,-0.06805457,0.009579965,0.008448375,-4.5669327
4566,2026-08-06,-0.052964106,-0.060393397,0.011583401,0.014498512,-4.5720196
1313,2026-08-06,-0.057150427,-0.064789124,0.012465608,0.012471572,-4.58428
3059,2026-08-06,-0.04918954,-0.045264967,0.010689461,0.012007615,-4.6012554
6680,2026-08-06,-0.052797746,-0.03516029,0.011461622,0.009682087,-4.606079
3508,2026-08-06,-0.04891425,-0.02730746,0.0106075285,0.01200325,-4.610842
6597,2026-08-06,-0.04657157,-0.027610902,0.010097797,0.01160055,-4.6115956
6153,2026-08-06,-0.036732737,-0.028699538,0.007963327,0.008848013,-4.6121583
2484,2026-08-06,-0.060140725,-0.05814654,0.01303482,0.012192672,-4.6134977
4413,2026-08-06,-0.043672074,-0.031420983,0.009459461,0.009060952,-4.616273
4576,2026-08-06,-0.075739875,-0.059637733,0.016333684,0.017456686,-4.6367517
3430,2026-08-06,-0.0730242,-0.061497785,0.015747415,0.017825998,-4.636924
1709,2026-08-06,-0.048670564,-0.044974256,0.0104857,0.012691204,-4.6411705
3231,2026-08-06,-0.049089335,-0.04378521,0.010567947,0.009228624,-4.6446757
6292,2026-08-06,-0.06778099,-0.020279055,0.014589828,0.008516904,-4.6454515
1904,2026-08-06,-0.027660698,-0.018867966,0.0059499186,0.008238352,-4.6481395
5464,2026-08-06,-0.05899385,-0.0814391,0.012628121,0.012885728,-4.671255
4558,2026-08-06,-0.06549008,-0.052571177,0.0140064005,0.012282284,-4.6753917
2208,2026-08-06,-0.044601083,-0.058823004,0.009459622,0.009789554,-4.714392
6416,2026-08-06,-0.04592561,-0.03699828,0.00968895,0.009797756,-4.739509
6207,2026-08-06,-0.09876083,-0.10023819,0.020740137,0.021087857,-4.761592
4956,2026-08-06,-0.060824823,-0.050433,0.012727184,0.01370141,-4.778751
4577,2026-08-06,-0.080076665,-0.08260086,0.016728442,0.02040945,-4.786571
2408,2026-08-06,-0.052718025,-0.033539254,0.011009514,0.011078911,-4.787971
3715,2026-08-06,-0.05100237,-0.03504304,0.010605759,0.010130235,-4.808478
2302,2026-08-06,-0.06441243,-0.033168443,0.013366839,0.016396293,-4.8184624
3489,2026-08-06,-0.064853445,-0.016550524,0.013457616,0.010942916,-4.8187304
6291,2026-08-06,-0.056792345,-0.042249687,0.011739986,0.011698476,-4.837102
4564,2026-08-06,-0.052229412,-0.07184245,0.010768569,0.010726318,-4.8497214
8215,2026-08-06,-0.038499907,-0.031076897,0.007879749,0.007137868,-4.8853106
3577,2026-08-06,-0.111490205,-0.096278876,0.022673259,0.026055224,-4.9170384
6739,2026-08-06,-0.046225153,-0.033704877,0.009338706,0.013336269,-4.9493155
2465,2026-08-06,-0.08031259,-0.06208888,0.016092503,0.014508308,-4.990373
6217,2026-08-06,-0.06445352,-0.04575116,0.012800095,0.013233431,-5.0350003
3230,2026-08-06,-0.071378075,-0.057601895,0.014124633,0.011917499,-5.0530887
7703,2026-08-06,-0.05624806,-0.0516021,0.011112032,0.0123172365,-5.06145
1309,2026-08-06,-0.069083236,-0.0961126,0.013586738,0.014037689,-5.0842338
6112,2026-08-06,-0.048398085,-0.04324376,0.009507212,0.0124019645,-5.090135
4991,2026-08-06,-0.06999863,-0.055522084,0.013739879,0.014694704,-5.094188
1305,2026-08-06,-0.045802508,-0.059914786,0.008960136,0.010283298,-5.1112385
2241,2026-08-06,-0.054971416,-0.050831195,0.010665553,0.015903912,-5.153625
6988,2026-08-06,-0.07055483,-0.070561126,0.013647198,0.013009421,-5.1695347
7610,2026-08-06,-0.044713363,-0.034261893,0.008630589,0.011309988,-5.1802006
6443,2026-08-06,-0.067671284,-0.0935812,0.013047296,0.011486385,-5.1862164
5392,2026-08-06,-0.12467527,-0.089287885,0.023978334,0.022106003,-5.19928
2413,2026-08-06,-0.06031789,-0.049463596,0.011572569,0.010972398,-5.2116933
3048,2026-08-06,-0.06451223,-0.047045633,0.012335688,0.014656907,-5.229299
6531,2026-08-06,-0.043312453,-0.03806299,0.008279166,0.01025938,-5.2308674
1905,2026-08-06,-0.0627138,-0.070464484,0.01198161,0.011740846,-5.2337346
4743,2026-08-06,-0.054436114,-0.05593957,0.01039276,0.011863635,-5.237384
4989,2026-08-06,-0.06585132,-0.06751021,0.012556738,0.013156899,-5.243884
3587,2026-08-06,-0.097648986,-0.08121162,0.018601406,0.019822432,-5.249266
8926,2026-08-06,-0.11031807,-0.11372989,0.020932335,0.029620454,-5.269971
1303,2026-08-06,-0.06955598,-0.06666871,0.013125331,0.013648322,-5.298966
3652,2026-08-06,-0.058664855,-0.04277856,0.011054303,0.009907346,-5.30649
3163,2026-08-06,-0.059226982,-0.05396139,0.011118275,0.009638826,-5.3265147
3484,2026-08-06,-0.05092506,-0.02812996,0.009545955,0.012273185,-5.334168
3026,2026-08-06,-0.068950735,-0.049059,0.012906873,0.015130304,-5.3417583
3707,2026-08-06,-0.06591432,-0.0561409,0.012323547,0.01331181,-5.348214
3167,2026-08-06,-0.052303694,-0.04082275,0.009771579,0.010310628,-5.352087
3605,2026-08-06,-0.06650208,-0.06082395,0.012383298,0.012659402,-5.3698707
2231,2026-08-06,-0.09417975,-0.10191139,0.017535323,0.018756546,-5.3705525
6206,2026-08-06,-0.06428129,-0.041529607,0.011961665,0.010479433,-5.3734927
6120,2026-08-06,-0.042939186,-0.035350278,0.0079870615,0.008828731,-5.37542
2104,2026-08-06,-0.051479347,-0.075064816,0.009573374,0.009544216,-5.3767843
8103,2026-08-06,-0.06007183,-0.048650835,0.011121128,0.011807099,-5.401109
6933,2026-08-06,-0.06535704,-0.06684845,0.0120834755,0.013188392,-5.408347
8374,2026-08-06,-0.055951603,-0.0441228,0.010319677,0.01158087,-5.421311
2032,2026-08-06,-0.06102604,-0.048014596,0.011184275,0.0133645935,-5.4559264
6243,2026-08-06,-0.059713148,-0.09804384,0.010937726,0.013417862,-5.4588757
8064,2026-08-06,-0.062112484,-0.049370274,0.011336724,0.015683638,-5.4783907
8358,2026-08-06,-0.07666271,-0.06149083,0.013935457,0.012686149,-5.500875
4510,2026-08-06,-0.054146707,-0.050028782,0.009798309,0.011160695,-5.5255637
3491,2026-08-06,-0.05022091,-0.045794666,0.009052465,0.010742279,-5.547148
6830,2026-08-06,-0.11049868,-0.11162814,0.019907787,0.023298621,-5.5502467
6756,2026-08-06,-0.048242506,-0.032028224,0.008665971,0.01208527,-5.566247
3363,2026-08-06,-0.055604562,-0.058382433,0.009939106,0.011801645,-5.5939603
8039,2026-08-06,-0.06045355,-0.063149154,0.010780581,0.009990411,-5.6071134
4903,2026-08-06,-0.06793857,-0.06993262,0.012114628,0.013444994,-5.6075153
6558,2026-08-06,-0.06980635,-0.060262006,0.012447361,0.012294557,-5.607674
3548,2026-08-06,-0.06193934,-0.05171549,0.011006226,0.010054285,-5.6271524
6204,2026-08-06,-0.069573596,-0.048986547,0.012340677,0.014850602,-5.6372886
6550,2026-08-06,-0.0416525,-0.05897034,0.0073687453,0.006763825,-5.651824
7728,2026-08-06,-0.047356978,-0.034486834,0.00833473,0.009294667,-5.6812034
6547,2026-08-06,-0.073195264,-0.08688708,0.012859076,0.014182227,-5.691666
6823,2026-08-06,-0.043231882,-0.04439284,0.007577279,0.009308232,-5.70471
6431,2026-08-06,-0.072713785,-0.054889083,0.012737662,0.016134426,-5.708118
4168,2026-08-06,-0.05781388,-0.049199067,0.010101919,0.008952691,-5.722492
1310,2026-08-06,-0.092893966,-0.09428261,0.016086759,0.019085625,-5.7742014
4127,2026-08-06,-0.061206248,-0.057225727,0.010570357,0.01110582,-5.7898192
2426,2026-08-06,-0.07687734,-0.070216164,0.013275386,0.013860418,-5.790532
6735,2026-08-06,-0.07747122,-0.056266632,0.013330638,0.015718872,-5.81108
6727,2026-08-06,-0.07868681,-0.057123695,0.013537252,0.016417764,-5.812184
6548,2026-08-06,-0.08552066,-0.055162072,0.014705568,0.012188492,-5.815134
5498,2026-08-06,-0.069922,-0.0627313,0.011915608,0.016798483,-5.867609
2369,2026-08-06,-0.06679825,-0.058568668,0.011375825,0.011719539,-5.8714314
6218,2026-08-06,-0.068889715,-0.054065086,0.011684907,0.012866026,-5.8951106
6187,2026-08-06,-0.045761228,-0.043701727,0.0076926374,0.010060645,-5.947932
3714,2026-08-06,-0.06906371,-0.06070001,0.01155587,0.00875259,-5.975987
2489,2026-08-06,-0.07300641,-0.058343958,0.012200768,0.0128503,-5.9832644
7714,2026-08-06,-0.08309039,-0.07951776,0.013758061,0.015918447,-6.0389576
3003,2026-08-06,-0.046539355,-0.026193699,0.00765486,0.009134353,-6.0789194
2397,2026-08-06,-0.054847512,-0.034379613,0.008945753,0.008207752,-6.130438
3176,2026-08-06,-0.050841816,-0.06001462,0.0082447585,0.008632351,-6.165814
4561,2026-08-06,-0.096873045,-0.0769824,0.015547829,0.015690729,-6.230247
2368,2026-08-06,-0.066131644,-0.05257495,0.0105495155,0.011201139,-6.268096
6526,2026-08-06,-0.056731105,-0.050948128,0.009035473,0.010362174,-6.278014
8905,2026-08-06,-0.068874314,-0.03050862,0.01083585,0.0098079415,-6.355566
6414,2026-08-06,-0.05834316,-0.06964343,0.00917436,0.01065152,-6.358678
3362,2026-08-06,-0.095245644,-0.10597267,0.014977033,0.015993021,-6.359022
3149,2026-08-06,-0.07960273,-0.10396962,0.012489012,0.010259869,-6.373311
8046,2026-08-06,-0.062068257,-0.065682925,0.00972146,0.010981595,-6.3840075
6202,2026-08-06,-0.086115584,-0.080020696,0.013457019,0.009454798,-6.3988304
4908,2026-08-06,-0.09814979,-0.08278711,0.015234067,0.017857937,-6.4423604
6532,2026-08-06,-0.08268633,-0.056577127,0.012805497,0.009560708,-6.4565916
4927,2026-08-06,-0.0613803,-0.04860803,0.009497763,0.009154433,-6.461926
6139,2026-08-06,-0.052398868,-0.040751256,0.008074814,0.010846449,-6.4883695
3675,2026-08-06,-0.06839362,-0.042389058,0.010500115,0.013409284,-6.5129857
1569,2026-08-06,-0.08195071,-0.06917925,0.012546987,0.009582872,-6.5309844
8027,2026-08-06,-0.09088344,-0.09409377,0.013906432,0.013243533,-6.5348825
3564,2026-08-06,-0.06370351,-0.049933553,0.009735289,0.008745815,-6.542894
9921,2026-08-06,-0.07590518,-0.09227214,0.011595577,0.015826486,-6.5454817
6733,2026-08-06,-0.07781794,-0.05608964,0.011869501,0.011519243,-6.555573
6269,2026-08-06,-0.0772005,-0.0662219,0.011751036,0.013659709,-6.569117
1526,2026-08-06,-0.07387078,-0.07015229,0.011163017,0.010488879,-6.6168637
8050,2026-08-06,-0.08596095,-0.07479361,0.012952499,0.011376776,-6.636118
3016,2026-08-06,-0.10015356,-0.08596329,0.014983717,0.0123377945,-6.6837134
6715,2026-08-06,-0.09935452,-0.09441324,0.014813874,0.0146394055,-6.7064033
6182,2026-08-06,-0.06720514,-0.06428892,0.009988616,0.008877496,-6.7274995
3455,2026-08-06,-0.07570396,-0.06333654,0.011146313,0.014065919,-6.7912297
1515,2026-08-06,-0.108501635,-0.10009683,0.015967306,0.01653689,-6.7948117
4977,2026-08-06,-0.086909585,-0.085339025,0.01277572,0.015107996,-6.8021827
4760,2026-08-06,-0.056687094,-0.03737897,0.008330943,0.010473173,-6.803586
2491,2026-08-06,-0.07815895,-0.055816833,0.01142874,0.014201712,-6.838209
5244,2026-08-06,-0.066920795,-0.041542854,0.009749017,0.010186439,-6.8636594
1536,2026-08-06,-0.07436602,-0.07900364,0.010819702,0.010131535,-6.872568
4542,2026-08-06,-0.14955035,-0.12255521,0.021711458,0.022498582,-6.887767
6706,2026-08-06,-0.08653889,-0.07912714,0.012551238,0.011815803,-6.8942995
3234,2026-08-06,-0.07317934,-0.046148565,0.010591409,0.011556409,-6.9086585
4946,2026-08-06,-0.06922507,-0.06900682,0.010010898,0.010396562,-6.9142804
6799,2026-08-06,-0.07746507,-0.05596707,0.01119296,0.013778711,-6.920256
3032,2026-08-06,-0.06690094,-0.05989016,0.009638896,0.010128838,-6.940006
6265,2026-08-06,-0.110526405,-0.09163797,0.015912514,0.018751385,-6.9454427
1467,2026-08-06,-0.073572464,-0.072738096,0.010574415,0.012755563,-6.9569335
4906,2026-08-06,-0.070122816,-0.060909446,0.010029825,0.010828165,-6.990732
6588,2026-08-06,-0.08810776,-0.09566178,0.012559106,0.0097826505,-7.0148897
3338,2026-08-06,-0.07828668,-0.068834476,0.011133121,0.011368083,-7.0312395
1608,2026-08-06,-0.08808788,-0.0577986,0.012452907,0.010356706,-7.073112
3219,2026-08-06,-0.0920852,-0.0754377,0.012935294,0.011466957,-7.11836
4555,2026-08-06,-0.07696581,-0.062254764,0.010726054,0.012858237,-7.174925
4971,2026-08-06,-0.08299311,-0.08313372,0.011543247,0.010818301,-7.1891317
8110,2026-08-06,-0.08199164,-0.06993113,0.011389938,0.01001963,-7.197971
3594,2026-08-06,-0.06840175,-0.068268135,0.0094582755,0.008089502,-7.231182
3438,2026-08-06,-0.099762864,-0.076030016,0.013777548,0.012423043,-7.240448
3374,2026-08-06,-0.081070945,-0.08955423,0.0111088315,0.013662569,-7.2972255
1447,2026-08-06,-0.10101542,-0.088410184,0.013795289,0.0132485675,-7.3219266
2328,2026-08-06,-0.07154998,-0.06774988,0.009688609,0.010561399,-7.3841968
4939,2026-08-06,-0.14006582,-0.13399471,0.018957391,0.019103613,-7.3880644
6949,2026-08-06,-0.07807981,-0.08737198,0.010534893,0.011244211,-7.4108396
6643,2026-08-06,-0.07290328,-0.07762534,0.009808025,0.012348871,-7.4322658
1605,2026-08-06,-0.06426482,-0.05821112,0.008598745,0.00872308,-7.4728746
2466,2026-08-06,-0.090350844,-0.112111315,0.012088357,0.011763628,-7.4735856
2070,2026-08-06,-0.10787309,-0.09676022,0.014196107,0.013746511,-7.598244
7704,2026-08-06,-0.08980591,-0.055678613,0.011781912,0.007865739,-7.621707
1595,2026-08-06,-0.08474552,-0.0621912,0.011076133,0.014072124,-7.650492
2359,2026-08-06,-0.10304106,-0.112034544,0.013448079,0.015644068,-7.6615696
6240,2026-08-06,-0.03761107,-0.025853643,0.0049041156,0.005919675,-7.667724
8028,2026-08-06,-0.10165707,-0.09533826,0.013226521,0.013473304,-7.68527
7715,2026-08-06,-0.07691786,-0.038078047,0.0099204965,0.013578136,-7.7526464
6108,2026-08-06,-0.075847834,-0.052965745,0.009620692,0.009851973,-7.8830037
8234,2026-08-06,-0.07875693,-0.069593444,0.009970559,0.011528276,-7.898156
3685,2026-08-06,-0.071306065,-0.074547134,0.009013956,0.011157145,-7.9097514
6901,2026-08-06,-0.09250386,-0.085628584,0.011612984,0.009662048,-7.9648685
1736,2026-08-06,-0.06783549,-0.07532668,0.008509031,0.011485503,-7.9712386
2634,2026-08-06,-0.09480129,-0.099754214,0.011887874,0.014778238,-7.97395
3498,2026-08-06,-0.13338538,-0.11909381,0.016665643,0.017591627,-8.003134
6282,2026-08-06,-0.061445378,-0.058568735,0.0076617813,0.010420084,-8.018679
1597,2026-08-06,-0.09546796,-0.07944754,0.011814997,0.015217325,-8.079552
5371,2026-08-06,-0.12705395,-0.12556905,0.015713213,0.016855694,-8.085288
3543,2026-08-06,-0.11652259,-0.094298646,0.014264158,0.012920188,-8.168335
8131,2026-08-06,-0.10262144,-0.08054994,0.012371065,0.014196118,-8.294609
6617,2026-08-06,-0.08152403,-0.07744176,0.009634858,0.010957573,-8.4604845
4540,2026-08-06,-0.10342776,-0.09956001,0.012205694,0.015218665,-8.473036
3321,2026-08-06,-0.08558476,-0.065032095,0.010017777,0.014147288,-8.542436
3055,2026-08-06,-0.115490295,-0.107751705,0.013456779,0.01208661,-8.581676
8033,2026-08-06,-0.10796709,-0.09308648,0.012573045,0.015229027,-8.586505
2340,2026-08-06,-0.087401345,-0.07911131,0.010133374,0.012769659,-8.624248
1522,2026-08-06,-0.06956566,-0.05174543,0.007970569,0.010078779,-8.726722
3450,2026-08-06,-0.10060329,-0.09688778,0.0114738885,0.012347151,-8.767256
3504,2026-08-06,-0.11579144,-0.09380858,0.013131602,0.015406494,-8.817098
6441,2026-08-06,-0.10730934,-0.100977704,0.012130512,0.008831629,-8.845504
6141,2026-08-06,-0.0903381,-0.08389461,0.010126641,0.013090266,-8.919955
4976,2026-08-06,-0.09782947,-0.10324463,0.010720742,0.010723861,-9.1244
2230,2026-08-06,-0.10349622,-0.07922643,0.0110329995,0.011092788,-9.379756
3712,2026-08-06,-0.11012352,-0.08633539,0.011715737,0.011556408,-9.398822
6624,2026-08-06,-0.08873714,-0.08717194,0.009321922,0.015592915,-9.5181675
3704,2026-08-06,-0.10554652,-0.096301295,0.010639902,0.01128319,-9.918944
6969,2026-08-06,-0.102384426,-0.095675334,0.010119207,0.013929307,-10.116831
6116,2026-08-06,-0.095356956,-0.09049406,0.009403505,0.0141045805,-10.139497
6533,2026-08-06,-0.12212422,-0.123094745,0.0119726695,0.012816642,-10.199397
4764,2026-08-06,-0.10551388,-0.120191894,0.010114831,0.012868485,-10.43057
3339,2026-08-06,-0.14097153,-0.13086492,0.013334558,0.014272475,-10.5711
6226,2026-08-06,-0.12086571,-0.10989826,0.010876921,0.011469832,-11.111104
3532,2026-08-06,-0.11846369,-0.13265401,0.00998904,0.013865695,-11.858179
3701,2026-08-06,-0.13519527,-0.12851822,0.009950387,0.014178631,-13.585569
