stock_id,Date,Score_5d,Score_10d,Unc_5d,Unc_10d,SQ_5d
5511,2026-08-05,0.0888811,0.07496883,0.008534987,0.009518386,10.412515
4904,2026-08-05,0.09463804,0.061998736,0.0094414465,0.00901329,10.022618
9906,2026-08-05,0.08383207,0.08486574,0.008529298,0.00870693,9.827566
1437,2026-08-05,0.07353113,0.046496313,0.00761097,0.00871215,9.659934
1472,2026-08-05,0.08039256,0.07845287,0.008515329,0.009007013,9.439814
1339,2026-08-05,0.08665832,0.09801447,0.009271053,0.009603934,9.346185
2442,2026-08-05,0.07445661,0.06413476,0.008227886,0.0074791606,9.048201
3593,2026-08-05,0.049810942,0.03956101,0.0056331446,0.010480262,8.840906
6482,2026-08-05,0.061999574,0.049799614,0.0070450064,0.010585954,8.799251
2834,2026-08-05,0.085158125,0.07681291,0.009759984,0.011274594,8.724338
6506,2026-08-05,0.060715538,0.05511197,0.006988851,0.0061482107,8.686242
8107,2026-08-05,0.07594166,0.06716846,0.008776635,0.010380335,8.651722
3522,2026-08-05,0.07518599,0.07058897,0.008704386,0.008190933,8.636722
6670,2026-08-05,0.06704264,0.04294669,0.0078003737,0.00816668,8.593698
9929,2026-08-05,0.06997363,0.05914252,0.008205005,0.009129825,8.527125
1453,2026-08-05,0.05571045,0.056796648,0.0066312733,0.007443859,8.399903
2024,2026-08-05,0.076736815,0.05499239,0.009189098,0.011002803,8.349945
3526,2026-08-05,0.06436618,0.069255695,0.007798702,0.009052136,8.25239
1419,2026-08-05,0.09286829,0.0826999,0.011395497,0.010598065,8.148845
2459,2026-08-05,0.06290274,0.050448615,0.007732242,0.009087851,8.134071
0052,2026-08-05,0.16238233,0.12907752,0.019967822,0.021909561,8.131793
5515,2026-08-05,0.07299474,0.06801264,0.009016014,0.009434969,8.095223
2739,2026-08-05,0.06664886,0.053419836,0.008273673,0.007870929,8.054561
6185,2026-08-05,0.06627508,0.06188384,0.008319839,0.009072587,7.964952
9944,2026-08-05,0.08402291,0.07544013,0.010599427,0.00998916,7.92637
1730,2026-08-05,0.076871075,0.08305106,0.00971182,0.010869474,7.914393
1445,2026-08-05,0.06661756,0.049983494,0.008417693,0.007428498,7.9130526
6281,2026-08-05,0.0735563,0.05836165,0.009357253,0.0105311405,7.8600454
6469,2026-08-05,0.062506676,0.019378075,0.0079703005,0.006948661,7.841465
1268,2026-08-05,0.079275094,0.07448826,0.010154846,0.009123325,7.805858
5609,2026-08-05,0.072069325,0.059369955,0.009272887,0.007809993,7.7712097
3306,2026-08-05,0.080398686,0.07677614,0.010368146,0.0092282165,7.753646
5871,2026-08-05,0.051756013,0.04434111,0.0067224274,0.008794554,7.6978617
4951,2026-08-05,0.065498084,0.0795263,0.008542674,0.009613617,7.666267
1473,2026-08-05,0.059350297,0.052335225,0.0077534476,0.009139103,7.653711
4580,2026-08-05,0.059932124,0.0534945,0.007831552,0.0094452975,7.6516724
8341,2026-08-05,0.0852224,0.07169493,0.011155079,0.0068828147,7.6390996
1512,2026-08-05,0.071904436,0.063176826,0.009414033,0.010195585,7.637194
9926,2026-08-05,0.065537095,0.06034359,0.008603069,0.009706684,7.616988
1474,2026-08-05,0.07678678,0.05713762,0.010110295,0.009140555,7.594158
3118,2026-08-05,0.061266508,0.061800297,0.008092655,0.007899631,7.569696
6109,2026-08-05,0.06536537,0.053359985,0.008641006,0.009260946,7.563679
1465,2026-08-05,0.07856145,0.07291304,0.010393351,0.011693827,7.55809
5533,2026-08-05,0.077110656,0.071543835,0.01024224,0.010792059,7.5279555
1777,2026-08-05,0.06292554,0.0807011,0.008387687,0.009842308,7.5012383
8284,2026-08-05,0.06217607,0.06681566,0.008328542,0.010251802,7.4645243
6195,2026-08-05,0.05041263,0.057264045,0.006790966,0.008609676,7.422392
1413,2026-08-05,0.06335203,0.03274444,0.008538603,0.00853064,7.418616
9928,2026-08-05,0.044340722,0.038343,0.0059979167,0.0087994635,7.391455
3164,2026-08-05,0.06397547,0.057943963,0.008691638,0.00826482,7.35973
8928,2026-08-05,0.06965246,0.063450925,0.009481189,0.009561335,7.3456097
6177,2026-08-05,0.08882047,0.09760109,0.012100351,0.011500479,7.339715
1233,2026-08-05,0.08067403,0.07166257,0.0111075975,0.010993581,7.2623053
7631,2026-08-05,0.07283859,0.07742179,0.0100649325,0.009648204,7.236149
3518,2026-08-05,0.06362298,0.07118785,0.008795057,0.009248559,7.2331247
9946,2026-08-05,0.061926838,0.058918897,0.00856657,0.009424745,7.2280517
4736,2026-08-05,0.06518159,0.063393235,0.009025509,0.009655372,7.22113
4994,2026-08-05,0.06014633,0.027529137,0.008339124,0.008700994,7.2116833
8446,2026-08-05,0.062281433,0.052195743,0.008687338,0.0090396805,7.168394
2501,2026-08-05,0.04943241,0.04436469,0.006895457,0.008426893,7.1677985
4536,2026-08-05,0.06425592,0.068129346,0.008987602,0.009656037,7.1486
1783,2026-08-05,0.04227687,0.050986063,0.0059153927,0.008550121,7.1457176
2851,2026-08-05,0.06802053,0.07309365,0.009529097,0.009712998,7.1374435
3045,2026-08-05,0.08307465,0.058012906,0.011779733,0.014398732,7.0517387
2707,2026-08-05,0.053758264,0.0348085,0.0076246555,0.011851615,7.0496583
4735,2026-08-05,0.06722772,0.07625434,0.009556269,0.009835243,7.0341973
8938,2026-08-05,0.06423372,0.044224557,0.0091411695,0.0066820155,7.0260916
6123,2026-08-05,0.06801661,0.07133007,0.009680189,0.0108304145,7.025646
5410,2026-08-05,0.07001658,0.08182737,0.009965016,0.012801007,7.0255337
3259,2026-08-05,0.066779375,0.04837215,0.009522102,0.010180833,7.0123553
2852,2026-08-05,0.06056007,0.059874747,0.008637748,0.010995711,7.010283
1402,2026-08-05,0.048226412,0.030007435,0.006892711,0.007226319,6.995712
6803,2026-08-05,0.06644657,0.05137682,0.009506509,0.010052278,6.988852
2607,2026-08-05,0.04446061,0.039604496,0.006370521,0.008164006,6.9780216
6790,2026-08-05,0.05312487,0.03710372,0.0076280693,0.009345262,6.96348
5201,2026-08-05,0.056645617,0.04862295,0.008179026,0.008889822,6.92487
1726,2026-08-05,0.07418766,0.075398,0.010786807,0.0111678,6.8769913
3679,2026-08-05,0.061277762,0.039016865,0.008943335,0.00708025,6.8510137
1441,2026-08-05,0.054956175,0.03815382,0.008020826,0.007107539,6.850831
2850,2026-08-05,0.062700585,0.07520887,0.009160885,0.009562084,6.8436337
5546,2026-08-05,0.047492206,0.033754468,0.0069407606,0.007968974,6.8415217
6728,2026-08-05,0.066032454,0.03739385,0.009701589,0.008597351,6.8056526
9951,2026-08-05,0.05782704,0.060640045,0.008496458,0.009958855,6.8052163
7736,2026-08-05,0.049812254,0.034447536,0.0073439605,0.0087688705,6.7818274
4557,2026-08-05,0.05773426,0.026719678,0.008549014,0.008683005,6.7525334
3285,2026-08-05,0.060890548,0.06879529,0.009016913,0.008537757,6.752177
1599,2026-08-05,0.06134273,0.0562128,0.009113541,0.006813384,6.730205
2535,2026-08-05,0.055586766,0.06497463,0.00829809,0.008911275,6.697935
6201,2026-08-05,0.0691117,0.03507006,0.010365035,0.012222206,6.667129
3188,2026-08-05,0.05675598,0.06038867,0.008520259,0.009767269,6.660516
2506,2026-08-05,0.080905996,0.075118825,0.012191566,0.012195599,6.6356826
2880,2026-08-05,0.057120427,0.06344695,0.008611557,0.0090276785,6.632226
4173,2026-08-05,0.056334306,0.038919386,0.008496508,0.0064160335,6.629509
7753,2026-08-05,0.07797129,0.06802062,0.011807149,0.0130965095,6.6031756
1817,2026-08-05,0.07851265,0.06335329,0.011992435,0.011385902,6.5463023
2412,2026-08-05,0.07271114,0.04823659,0.011175317,0.0117599955,6.505823
3540,2026-08-05,0.060344122,0.058104493,0.009295328,0.009604187,6.4911785
2636,2026-08-05,0.06140548,0.05075453,0.00946446,0.010120805,6.487321
2731,2026-08-05,0.05875361,0.0581422,0.009091564,0.008847374,6.4617205
3432,2026-08-05,0.07036908,0.07482616,0.010891444,0.010104043,6.460357
3276,2026-08-05,0.078533314,0.061168537,0.012167287,0.01205436,6.4539332
5272,2026-08-05,0.054039482,0.05050463,0.008385831,0.006688154,6.443373
2516,2026-08-05,0.059574258,0.053892914,0.009257597,0.0077890246,6.4344797
1537,2026-08-05,0.06756293,0.04664503,0.010518317,0.009118998,6.4227486
9908,2026-08-05,0.05192479,0.039148234,0.008088292,0.009588109,6.418954
2065,2026-08-05,0.04229235,0.034012634,0.0065971436,0.007406156,6.4097347
3150,2026-08-05,0.052115794,0.05747503,0.008130195,0.008854985,6.4093647
8487,2026-08-05,0.06315815,0.059799585,0.009887952,0.009945704,6.386738
7708,2026-08-05,0.09317865,0.07694745,0.014660639,0.020846752,6.3552685
2753,2026-08-05,0.056133922,0.05890507,0.008894609,0.0094020795,6.310295
3206,2026-08-05,0.05309507,0.047622193,0.008425098,0.008657831,6.301264
6846,2026-08-05,0.049789604,0.04082062,0.007903102,0.00656361,6.2992105
9927,2026-08-05,0.0636063,0.048683167,0.010111625,0.009692333,6.2897906
6154,2026-08-05,0.07283863,0.07411142,0.011610781,0.009278374,6.2728214
3546,2026-08-05,0.061313305,0.076140635,0.009822144,0.010720706,6.241719
2732,2026-08-05,0.051567715,0.04080546,0.008276782,0.007914284,6.2296534
4549,2026-08-05,0.045284826,0.04706583,0.0072685857,0.008784109,6.229355
6771,2026-08-05,0.05373668,0.041108232,0.008649083,0.009165941,6.212273
6951,2026-08-05,0.059687145,0.062372908,0.0096390005,0.009425424,6.1916122
2727,2026-08-05,0.08098487,0.06741643,0.01310666,0.012313391,6.178438
2745,2026-08-05,0.05094721,0.040015522,0.008248196,0.008624084,6.176021
8080,2026-08-05,0.06060952,0.049114536,0.009830247,0.008866469,6.164988
4401,2026-08-05,0.048109554,0.030318309,0.007808244,0.008554501,6.1605906
1615,2026-08-05,0.04128584,0.029698562,0.006711924,0.0070071705,6.1502023
2816,2026-08-05,0.059905406,0.07552935,0.00976493,0.012851273,6.134122
3027,2026-08-05,0.048122175,0.04713813,0.007847216,0.0071564484,6.1316066
2755,2026-08-05,0.049914144,0.043850217,0.008145134,0.007669852,6.1273413
2536,2026-08-05,0.05022232,0.045415223,0.008243597,0.00896399,6.0915427
6561,2026-08-05,0.05782569,0.044515688,0.009492869,0.009830536,6.0908456
4950,2026-08-05,0.06083576,0.055857643,0.009992055,0.010047887,6.087804
1471,2026-08-05,0.051839367,0.05429564,0.008572972,0.010261892,6.0461316
1752,2026-08-05,0.053813275,0.04830843,0.008923957,0.010907252,6.029527
1539,2026-08-05,0.048953947,0.061739556,0.008132619,0.010819285,6.0187163
1788,2026-08-05,0.057659887,0.072708845,0.009587518,0.011643281,6.0134306
6651,2026-08-05,0.07522235,0.08661139,0.012581824,0.013125286,5.978177
3308,2026-08-05,0.057295244,0.0589808,0.009587517,0.009404432,5.975402
2546,2026-08-05,0.051114753,0.058683492,0.008565308,0.008560768,5.966953
2911,2026-08-05,0.043307114,0.039900612,0.0072573116,0.008574454,5.966555
1220,2026-08-05,0.04758372,0.04158605,0.007977321,0.009655959,5.964127
2729,2026-08-05,0.06629658,0.056882508,0.011131667,0.008829131,5.9551387
2617,2026-08-05,0.039447594,0.042853735,0.006637434,0.007445762,5.9423046
4924,2026-08-05,0.06723115,0.0705396,0.011388034,0.011416562,5.9031477
2537,2026-08-05,0.06471712,0.06650616,0.010978899,0.009636947,5.8941455
1101,2026-08-05,0.05736727,0.04790813,0.009739849,0.009805266,5.88935
3632,2026-08-05,0.06829555,0.05024612,0.011597054,0.011383162,5.8885355
2901,2026-08-05,0.05806802,0.0516023,0.0098656425,0.008009311,5.8852863
6151,2026-08-05,0.040221334,0.04273213,0.006833702,0.008498821,5.8848705
3567,2026-08-05,0.053418256,0.046114568,0.009078159,0.008875549,5.8836126
6791,2026-08-05,0.07177269,0.077923544,0.012212851,0.011256235,5.8763356
1813,2026-08-05,0.054861363,0.040570688,0.009345754,0.01059493,5.869563
3356,2026-08-05,0.06999847,0.073963925,0.012007113,0.01040122,5.829265
6591,2026-08-05,0.051165212,0.045266863,0.008786926,0.0076668113,5.822217
6968,2026-08-05,0.10242644,0.104295395,0.01762377,0.019359892,5.8115053
5493,2026-08-05,0.043297354,0.05637109,0.007469437,0.0071865153,5.7958264
5519,2026-08-05,0.04914612,0.03957852,0.008487152,0.009502061,5.789967
6844,2026-08-05,0.058603454,0.052654263,0.010131375,0.01229405,5.7837825
2440,2026-08-05,0.05765407,0.0508879,0.0099826185,0.009673654,5.774867
4581,2026-08-05,0.047325492,0.046936583,0.008210071,0.010839094,5.7636194
2032,2026-08-05,0.05422131,0.04731748,0.009425756,0.0077210283,5.7518525
4744,2026-08-05,0.05650592,0.029991088,0.00983994,0.009599511,5.741923
2633,2026-08-05,0.06242029,0.045411013,0.010874207,0.011525487,5.7396874
8409,2026-08-05,0.062234476,0.044938866,0.010869344,0.009926522,5.7251616
4131,2026-08-05,0.06056099,0.060557116,0.010579772,0.012295824,5.7236834
3447,2026-08-05,0.049861755,0.047877174,0.008715622,0.008173893,5.720307
6703,2026-08-05,0.07047244,0.08474406,0.012330931,0.011137954,5.7146316
4154,2026-08-05,0.051987905,0.049427174,0.009098982,0.009474611,5.7129674
1443,2026-08-05,0.05314178,0.03913676,0.009322949,0.009752581,5.699493
6874,2026-08-05,0.071368985,0.06670496,0.0125476215,0.012871682,5.6873965
6158,2026-08-05,0.048543382,0.042229295,0.008556211,0.00713868,5.672804
8176,2026-08-05,0.06347552,0.06820699,0.01119931,0.008806399,5.6672997
2382,2026-08-05,0.05984922,0.03950905,0.010560624,0.010926582,5.666668
1733,2026-08-05,0.052296452,0.055091724,0.0092644505,0.010259754,5.644243
6577,2026-08-05,0.04961874,0.029804552,0.008798661,0.005738878,5.6387105
3512,2026-08-05,0.046095513,0.06439688,0.008174343,0.012285656,5.638358
1452,2026-08-05,0.059304785,0.04103255,0.010519182,0.009076994,5.637239
4111,2026-08-05,0.052745994,0.0625364,0.009373934,0.008861957,5.626279
2646,2026-08-05,0.044610806,0.02824866,0.0079389,0.009717235,5.61856
2027,2026-08-05,0.05836954,0.0480571,0.010391697,0.009355737,5.6163993
5450,2026-08-05,0.049423385,0.036087528,0.008846301,0.008160499,5.586267
5531,2026-08-05,0.046830546,0.040557224,0.008394553,0.01071492,5.5780177
2548,2026-08-05,0.055328768,0.046660762,0.009924015,0.009294283,5.5746784
2415,2026-08-05,0.047298003,0.04399038,0.008497409,0.0068776254,5.5655127
6170,2026-08-05,0.036054652,0.031081013,0.0064903502,0.008965035,5.554261
6914,2026-08-05,0.058843862,0.06835039,0.010609509,0.0101781245,5.5458093
4943,2026-08-05,0.052248873,0.051314075,0.009433832,0.008907513,5.53787
4543,2026-08-05,0.05321232,0.064366244,0.009619252,0.012960917,5.531281
3631,2026-08-05,0.051951773,0.041875787,0.009392859,0.011168894,5.530397
2542,2026-08-05,0.064580865,0.06435093,0.011677122,0.01160851,5.5300727
6111,2026-08-05,0.04181095,0.024509864,0.0075736432,0.008595372,5.5198574
2736,2026-08-05,0.04092463,0.029462488,0.007424656,0.0065073404,5.511248
4171,2026-08-05,0.069347814,0.029462734,0.012627691,0.007848332,5.4912906
6115,2026-08-05,0.05341745,0.039136663,0.009729047,0.00909506,5.489948
1541,2026-08-05,0.0502396,0.047775842,0.009170025,0.009388556,5.4780793
2012,2026-08-05,0.05599034,0.03241602,0.010231561,0.008722995,5.4717813
3537,2026-08-05,0.05036946,0.06307998,0.009218667,0.010070858,5.4632626
3492,2026-08-05,0.055645313,0.05721402,0.010194008,0.008752359,5.4580936
2832,2026-08-05,0.06132949,0.08358057,0.0112659205,0.01069779,5.443323
4754,2026-08-05,0.0612853,0.059636705,0.011284854,0.011508968,5.4302754
5215,2026-08-05,0.045801066,0.041102506,0.008435184,0.009640779,5.429121
5015,2026-08-05,0.050489154,0.0516829,0.009301869,0.007573824,5.4272666
4153,2026-08-05,0.044661418,0.06670006,0.008253621,0.010438561,5.4104743
1464,2026-08-05,0.050691858,0.042950574,0.009376025,0.007989872,5.405964
3521,2026-08-05,0.038626537,0.01119613,0.007145853,0.008793033,5.404692
4440,2026-08-05,0.043096244,0.045856792,0.007983003,0.007728615,5.3978243
1417,2026-08-05,0.051635504,0.043460693,0.009580271,0.007586096,5.389212
8435,2026-08-05,0.046390437,0.038900517,0.008611823,0.008820319,5.386205
7642,2026-08-05,0.050312065,0.04689336,0.009368728,0.008944998,5.36964
9918,2026-08-05,0.055110373,0.045798555,0.010270533,0.010053769,5.3653502
6684,2026-08-05,0.051141158,0.059126265,0.009573368,0.009335645,5.3414655
3130,2026-08-05,0.041836165,0.024975765,0.007832314,0.008459172,5.3408003
6216,2026-08-05,0.040455725,0.029000498,0.007576918,0.0075662164,5.338633
3711,2026-08-05,0.06333078,0.050569035,0.011865551,0.014508613,5.3369155
2066,2026-08-05,0.049200557,0.06643198,0.009220442,0.010571491,5.3354516
5508,2026-08-05,0.043080036,0.049254894,0.008097822,0.0086440835,5.3192964
4175,2026-08-05,0.052425947,0.0487363,0.009856906,0.009061148,5.3181624
4109,2026-08-05,0.050950605,0.03534584,0.009590379,0.008822822,5.312125
4442,2026-08-05,0.05220488,0.02277007,0.009830181,0.010529554,5.3101335
1618,2026-08-05,0.04646442,0.048551656,0.008751264,0.009477999,5.308846
6590,2026-08-05,0.04866872,0.03835303,0.009188377,0.008488867,5.296193
8416,2026-08-05,0.04161815,0.047513194,0.007861633,0.009315336,5.2931566
6936,2026-08-05,0.046526533,0.036758255,0.008826245,0.007978589,5.2707877
2610,2026-08-05,0.06687126,0.06539003,0.012687061,0.011543297,5.270408
4426,2026-08-05,0.05266999,0.034003098,0.009995601,0.009808966,5.26879
7713,2026-08-05,0.051480126,0.032503787,0.009783395,0.010035092,5.261452
2915,2026-08-05,0.057978444,0.056922913,0.011025646,0.012451489,5.258031
2712,2026-08-05,0.0465867,0.03092271,0.00886343,0.009047857,5.255465
2640,2026-08-05,0.05804167,0.046056423,0.011047502,0.00922006,5.2533517
2228,2026-08-05,0.04018837,0.03109758,0.00764974,0.007673141,5.2528734
6667,2026-08-05,0.05673468,0.058837518,0.010863118,0.009084284,5.2222075
4911,2026-08-05,0.03946129,0.017059853,0.007564701,0.007930936,5.215814
2433,2026-08-05,0.05518139,0.04173102,0.010585171,0.009562839,5.212592
9937,2026-08-05,0.045098487,0.043333985,0.0086565185,0.007432062,5.20917
6967,2026-08-05,0.054734804,0.058966603,0.010529367,0.010961886,5.197806
8367,2026-08-05,0.055831235,0.045922097,0.010743412,0.009243785,5.1963043
8403,2026-08-05,0.03296997,0.014132263,0.0063467184,0.008124897,5.193988
3002,2026-08-05,0.05364596,0.0558669,0.010342132,0.008658463,5.186626
2611,2026-08-05,0.045357324,0.023818396,0.008744373,0.008096684,5.1864367
3289,2026-08-05,0.050588608,0.050973218,0.009774319,0.010763523,5.175136
3171,2026-08-05,0.05678954,0.06790807,0.011016669,0.010284025,5.154406
3014,2026-08-05,0.04556756,0.048412427,0.008841896,0.010272729,5.1530128
2906,2026-08-05,0.058985732,0.05138545,0.011447446,0.010355363,5.1522913
4706,2026-08-05,0.047862854,0.021072472,0.009293449,0.010519369,5.1496167
1558,2026-08-05,0.05523824,0.06405132,0.0107344035,0.010650815,5.145427
2748,2026-08-05,0.034763016,0.01892012,0.0067623146,0.008663742,5.139938
3628,2026-08-05,0.065845475,0.056053504,0.012821765,0.008859937,5.135045
9941,2026-08-05,0.057443358,0.05076002,0.011187958,0.00903751,5.133933
1264,2026-08-05,0.040999684,0.026915219,0.008007625,0.009783461,5.119441
2929,2026-08-05,0.050808247,0.03540478,0.009965852,0.010372872,5.0977225
7718,2026-08-05,0.04782673,0.062366996,0.009383581,0.009295219,5.0963097
1506,2026-08-05,0.04764821,0.034239586,0.009353531,0.008920379,5.093597
5522,2026-08-05,0.050714076,0.037804764,0.010009416,0.009438369,5.06613
1776,2026-08-05,0.042233586,0.02708638,0.008338066,0.008206932,5.064546
6259,2026-08-05,0.056440275,0.07735118,0.011165746,0.01583211,5.054317
4107,2026-08-05,0.05149211,0.06091502,0.0102123385,0.01240333,5.041653
9905,2026-08-05,0.048887398,0.06309069,0.009696342,0.010615846,5.0413194
1416,2026-08-05,0.046471413,0.04363661,0.009228523,0.010199412,5.035083
2207,2026-08-05,0.052795973,0.051138345,0.010508156,0.009895331,5.023807
8072,2026-08-05,0.039569933,0.043140642,0.007888301,0.010170975,5.0156446
8415,2026-08-05,0.0404703,0.031566482,0.0080730375,0.0075733806,5.012399
2603,2026-08-05,0.057079438,0.05778188,0.011398639,0.010147738,5.007127
3483,2026-08-05,0.057116795,0.048835263,0.011475858,0.013067667,4.9766927
1781,2026-08-05,0.06176982,0.06448587,0.01241151,0.011589939,4.9764166
4114,2026-08-05,0.03449048,0.01748552,0.0069386787,0.007856985,4.9700403
2101,2026-08-05,0.033782918,0.0557036,0.0068016755,0.008944653,4.966122
6916,2026-08-05,0.048605625,0.04458574,0.009788888,0.008799369,4.9648805
1531,2026-08-05,0.05100584,0.04699033,0.010273069,0.0114827845,4.964522
6931,2026-08-05,0.035987712,0.024886716,0.007258099,0.0066631297,4.9576006
3611,2026-08-05,0.053658556,0.062369507,0.010834305,0.011733912,4.952196
9942,2026-08-05,0.040025532,0.018537875,0.008088116,0.0091321105,4.9480724
1216,2026-08-05,0.061547615,0.034703515,0.012440182,0.008971156,4.9470873
8432,2026-08-05,0.048326634,0.062326726,0.009773957,0.009708713,4.943923
2480,2026-08-05,0.050298348,0.02786441,0.010188484,0.008796437,4.9363
6114,2026-08-05,0.05959501,0.043886583,0.012082329,0.012493497,4.9320025
1521,2026-08-05,0.049294777,0.039398078,0.010003353,0.009508815,4.927333
2444,2026-08-05,0.03696902,0.031757947,0.0075194915,0.0066915187,4.915772
3684,2026-08-05,0.034717195,0.03814674,0.007062282,0.008398314,4.915165
6605,2026-08-05,0.055508483,0.06905048,0.0113262525,0.00966042,4.9004364
5403,2026-08-05,0.050590914,0.032732733,0.010325437,0.010730175,4.899164
9931,2026-08-05,0.050643403,0.05548736,0.010367846,0.0101896925,4.8841887
6465,2026-08-05,0.043508522,0.031745378,0.008907856,0.011242159,4.883738
2614,2026-08-05,0.047436994,0.036041703,0.009720296,0.0077069476,4.8796988
4766,2026-08-05,0.05044543,0.05312806,0.010338391,0.009075334,4.8789554
4432,2026-08-05,0.03985714,0.062099315,0.008183506,0.009733792,4.869828
4506,2026-08-05,0.06218102,0.07278266,0.012796847,0.012714274,4.8587093
2462,2026-08-05,0.04823853,0.038188282,0.009952937,0.008162523,4.8461757
4721,2026-08-05,0.04985996,0.06241819,0.010298953,0.010851433,4.8407946
2701,2026-08-05,0.041555874,0.020992959,0.0086121885,0.0062196986,4.8246794
5876,2026-08-05,0.039694477,0.038283147,0.008232543,0.0096014375,4.8210683
6208,2026-08-05,0.04571862,0.042669218,0.009488941,0.007191934,4.8175874
6523,2026-08-05,0.04241603,0.037334602,0.008814123,0.008996675,4.8117337
2488,2026-08-05,0.042440765,0.03318709,0.008890628,0.0090721315,4.773115
8201,2026-08-05,0.03764288,0.025596661,0.007916804,0.0076727257,4.7542067
8481,2026-08-05,0.057022143,0.055036325,0.011996511,0.009453735,4.752831
4416,2026-08-05,0.055066634,0.04332153,0.011591189,0.012105306,4.7503223
7765,2026-08-05,0.054332994,0.028287709,0.011449797,0.008467005,4.7449093
6283,2026-08-05,0.03147994,0.023957022,0.0066450634,0.00678849,4.7366295
2114,2026-08-05,0.036303498,0.028811904,0.007671239,0.011588621,4.7318
2885,2026-08-05,0.03985215,0.044868354,0.00846799,0.0071176523,4.7056556
1324,2026-08-05,0.038154855,0.01902373,0.008110851,0.009019644,4.703594
3217,2026-08-05,0.040806483,0.03724662,0.008730187,0.010548476,4.6736465
2450,2026-08-05,0.045333967,0.02847168,0.009708056,0.00869135,4.6692452
1737,2026-08-05,0.049890537,0.03898151,0.010685194,0.010936371,4.6686907
6757,2026-08-05,0.04316255,0.06632388,0.0092543205,0.012498798,4.663539
3095,2026-08-05,0.040858004,0.03311309,0.008791258,0.010375076,4.647043
9935,2026-08-05,0.03843292,0.054837786,0.008270938,0.010866772,4.6461806
2247,2026-08-05,0.04576142,0.040639076,0.009865015,0.008504258,4.638288
3570,2026-08-05,0.048122566,0.048937686,0.010398705,0.010924075,4.627301
6662,2026-08-05,0.036826476,0.031336952,0.0079673715,0.008268001,4.621581
5607,2026-08-05,0.035092946,0.020961095,0.00759659,0.008367888,4.6189575
6838,2026-08-05,0.038929682,0.025059689,0.008430292,0.0066806404,4.6172853
5210,2026-08-05,0.034973755,0.016450802,0.0075782654,0.0062943557,4.6143994
6118,2026-08-05,0.03367722,0.02451033,0.0073107956,0.009393788,4.6058755
6183,2026-08-05,0.047496088,0.048616488,0.010329076,0.009100358,4.5978446
3552,2026-08-05,0.046594087,0.04333424,0.010142151,0.008232755,4.59365
2706,2026-08-05,0.035614826,0.009951188,0.007754571,0.0068914588,4.5921607
4192,2026-08-05,0.038716625,0.035512965,0.008432805,0.009204572,4.5906477
3419,2026-08-05,0.038323555,0.03971277,0.0083525935,0.0073057553,4.5876727
5548,2026-08-05,0.04682629,0.032407943,0.010215638,0.008512155,4.5833364
2705,2026-08-05,0.05003596,0.038858183,0.010941271,0.010412791,4.572722
6248,2026-08-05,0.033992525,0.025595121,0.007437041,0.007727647,4.5700912
6697,2026-08-05,0.048466586,0.051648665,0.010606482,0.010336262,4.569094
2618,2026-08-05,0.04430541,0.043961477,0.009708766,0.0091267675,4.562974
5016,2026-08-05,0.041328263,0.043048024,0.009060401,0.009774428,4.560913
4588,2026-08-05,0.04173845,0.037636843,0.009161121,0.008954042,4.5555444
8401,2026-08-05,0.042608205,0.043728575,0.009353745,0.008387259,4.5547156
2820,2026-08-05,0.033457447,0.0093631465,0.0073450627,0.00658592,4.5544734
4905,2026-08-05,0.030317843,0.022356216,0.006658992,0.0073435185,4.5522346
6692,2026-08-05,0.056262244,0.05827047,0.012388681,0.012187829,4.5410566
4528,2026-08-05,0.04363021,0.035106763,0.009612383,0.009880114,4.538486
1720,2026-08-05,0.046587195,0.0430396,0.010302551,0.009418255,4.5214696
6221,2026-08-05,0.033565316,0.021166475,0.0074289283,0.0084438715,4.517583
6192,2026-08-05,0.028931383,0.029926429,0.0064136046,0.0077008335,4.5102367
6169,2026-08-05,0.046442214,0.03171007,0.0103164045,0.0087934425,4.5013466
3687,2026-08-05,0.03789407,0.021546006,0.008417487,0.0072918194,4.501292
9958,2026-08-05,0.044200547,0.031026205,0.009821646,0.010466943,4.4998612
2596,2026-08-05,0.043685485,0.050492056,0.009714858,0.009396233,4.4963074
8354,2026-08-05,0.041055758,0.034642283,0.009143226,0.010002486,4.4898014
8436,2026-08-05,0.042784978,0.036083173,0.009537981,0.010138467,4.4852777
6210,2026-08-05,0.044452872,0.024811955,0.009918496,0.011194895,4.481364
6923,2026-08-05,0.05214041,0.024206106,0.011675815,0.009529806,4.465294
6556,2026-08-05,0.045820992,0.050578758,0.010261683,0.010227235,4.464816
8464,2026-08-05,0.04280633,0.03791342,0.0096099,0.012079622,4.4539356
6496,2026-08-05,0.0407458,0.022983305,0.009152827,0.010535235,4.451231
3010,2026-08-05,0.040328346,0.044196315,0.009070252,0.008689142,4.4457307
2615,2026-08-05,0.046323992,0.0477835,0.010435222,0.0101549355,4.4387703
3083,2026-08-05,0.04204208,0.04158295,0.009475759,0.0077410764,4.436335
2028,2026-08-05,0.049148545,0.032029256,0.011085871,0.009136573,4.43304
4104,2026-08-05,0.04575273,0.020743096,0.010331281,0.010556759,4.4281344
0061,2026-08-05,0.084095955,0.09172999,0.01900802,0.01741085,4.4240026
4935,2026-08-05,0.043226663,0.026540216,0.009779927,0.012540478,4.419485
8463,2026-08-05,0.042894103,0.032462344,0.009724704,0.009589062,4.4103856
1731,2026-08-05,0.039082486,0.029799668,0.008860809,0.009081095,4.4102154
1530,2026-08-05,0.04001639,0.04720495,0.00907927,0.009071852,4.4069605
6606,2026-08-05,0.04516638,0.06550006,0.01026735,0.009193709,4.3986015
1475,2026-08-05,0.044762935,0.047971666,0.0101870345,0.009184287,4.393677
6560,2026-08-05,0.06364162,0.07386589,0.014509151,0.015386064,4.386007
5220,2026-08-05,0.045506444,0.05334556,0.0103815915,0.0115376,4.382956
2308,2026-08-05,0.04689723,0.057152484,0.01070248,0.011017381,4.3814936
1323,2026-08-05,0.0369483,0.035860736,0.008434606,0.010181644,4.380041
5478,2026-08-05,0.038007274,0.036328323,0.008686781,0.010165395,4.3747964
1614,2026-08-05,0.03126413,0.0250188,0.0071578603,0.008506872,4.3671937
2547,2026-08-05,0.028043373,0.023547703,0.0064206906,0.009037595,4.3669767
6464,2026-08-05,0.049763475,0.060486667,0.011444748,0.013403257,4.3477693
6645,2026-08-05,0.038280096,0.028163163,0.008847141,0.008491377,4.3263435
1315,2026-08-05,0.03775866,0.022923883,0.008739299,0.010972114,4.320065
1232,2026-08-05,0.03031105,-0.0019463287,0.0070202034,0.0073704068,4.3170733
8933,2026-08-05,0.04110862,0.029573444,0.009525325,0.0078321025,4.315265
6576,2026-08-05,0.05314893,0.065735415,0.012334221,0.013468063,4.308713
8183,2026-08-05,0.042947564,0.043282643,0.009989066,0.009798799,4.299027
3349,2026-08-05,0.044453908,0.039854195,0.010342659,0.0091115115,4.297696
3232,2026-08-05,0.033124447,0.01902485,0.007714386,0.008051108,4.2932973
5302,2026-08-05,0.042631116,0.049378395,0.009929398,0.010709265,4.2929916
2801,2026-08-05,0.05683424,0.04697168,0.013243271,0.011928863,4.291232
1201,2026-08-05,0.03388194,0.011930918,0.007899815,0.007913996,4.2884107
6909,2026-08-05,0.037367146,0.04279976,0.008720308,0.008143116,4.2845807
1103,2026-08-05,0.034933843,0.015334896,0.008159602,0.009821537,4.280792
1234,2026-08-05,0.03530898,0.021806018,0.0082782125,0.008779485,4.264775
9962,2026-08-05,0.02953012,0.04143599,0.006949472,0.0076296343,4.2486496
8424,2026-08-05,0.040056407,0.048155714,0.00943455,0.005932252,4.2452645
2752,2026-08-05,0.042195406,0.03398232,0.0099405395,0.008105258,4.2443533
6596,2026-08-05,0.03890618,0.0388877,0.009181089,0.008689946,4.2371817
4714,2026-08-05,0.036768712,0.036841623,0.00868019,0.009681396,4.235446
4160,2026-08-05,0.030748094,0.03267846,0.007284914,0.0113721695,4.220211
3050,2026-08-05,0.041140325,0.045414183,0.009773714,0.008946626,4.2088523
2376,2026-08-05,0.04881288,0.029441845,0.011599302,0.009466716,4.207897
2609,2026-08-05,0.04135503,0.045730997,0.009830934,0.009291735,4.2061944
3531,2026-08-05,0.04468357,0.037866104,0.010626807,0.011904199,4.2044015
2385,2026-08-05,0.030017713,0.011441295,0.0071485736,0.0078059514,4.198532
4106,2026-08-05,0.03449154,0.029698692,0.008220459,0.008388812,4.195306
5230,2026-08-05,0.053792316,0.07108286,0.012853435,0.012374716,4.184728
2945,2026-08-05,0.036302853,0.051287342,0.00871055,0.008172719,4.167209
2476,2026-08-05,0.044406008,0.057639133,0.010655108,0.013206028,4.167188
4711,2026-08-05,0.05270791,0.05812994,0.012653919,0.010183921,4.165014
3716,2026-08-05,0.036358666,0.012610172,0.008728779,0.009901126,4.164901
4999,2026-08-05,0.028922888,0.010903165,0.006948822,0.009232667,4.161673
6212,2026-08-05,0.04086163,0.052348837,0.009819862,0.00896119,4.1606965
2380,2026-08-05,0.04263734,0.032568693,0.010253666,0.011792809,4.157848
9930,2026-08-05,0.032540876,0.009750311,0.00784341,0.0074948184,4.1482887
8084,2026-08-05,0.035410937,0.028993038,0.008542436,0.009883708,4.144812
2015,2026-08-05,0.035189305,0.01639873,0.00849638,0.009075697,4.1411943
6962,2026-08-05,0.03372836,0.017485369,0.008160529,0.008357474,4.132603
6752,2026-08-05,0.0369702,0.047324244,0.008950238,0.007935001,4.130177
4126,2026-08-05,0.038759146,0.0300767,0.009412293,0.008553752,4.1174903
3597,2026-08-05,0.05196889,0.05979564,0.012620947,0.01093403,4.1173434
6592,2026-08-05,0.041126195,0.027944151,0.009998799,0.008135011,4.112702
2438,2026-08-05,0.03268887,0.029335948,0.007954983,0.008870398,4.1087155
7705,2026-08-05,0.03780512,0.023557365,0.009229183,0.006738491,4.0958147
2527,2026-08-05,0.03623377,0.028333927,0.008858379,0.008541747,4.089877
1418,2026-08-05,0.027340079,0.018263578,0.006694175,0.009087548,4.08355
9925,2026-08-05,0.04119896,0.042645406,0.010110648,0.008643337,4.074406
1907,2026-08-05,0.034307066,0.043355633,0.008425672,0.008530773,4.0712476
7584,2026-08-05,0.04037408,0.028896907,0.009916386,0.009935094,4.0710406
1535,2026-08-05,0.028271219,0.012505342,0.0069488077,0.007859525,4.067914
6593,2026-08-05,0.041910708,0.033598427,0.010309385,0.00901107,4.0649023
6996,2026-08-05,0.07015708,0.085809,0.01725873,0.022353558,4.0647845
2496,2026-08-05,0.038520105,0.03342027,0.009481633,0.008057098,4.062174
2726,2026-08-05,0.03593658,0.021761185,0.008848434,0.010386934,4.0608897
2509,2026-08-05,0.036675278,0.036349718,0.0090441825,0.008421972,4.054675
8931,2026-08-05,0.03477091,0.012636292,0.008574741,0.006890376,4.054566
5356,2026-08-05,0.03848284,0.029991683,0.00949391,0.0077430583,4.052997
2106,2026-08-05,0.03307473,0.025155496,0.008160565,0.009421096,4.0524983
6203,2026-08-05,0.03665526,0.008009399,0.009047987,0.00875353,4.0507584
6616,2026-08-05,0.03214766,0.017962892,0.007939447,0.009292698,4.048596
6194,2026-08-05,0.04521862,0.0314322,0.011177051,0.011416865,4.0453043
4572,2026-08-05,0.038520463,0.02350364,0.00952357,0.008178441,4.044326
3086,2026-08-05,0.034922384,0.042310428,0.008662601,0.009348721,4.0309315
8272,2026-08-05,0.033679042,0.026195211,0.008371606,0.006445455,4.022528
5604,2026-08-05,0.030727645,0.01850367,0.0076579875,0.008174098,4.0119724
2812,2026-08-05,0.043994196,0.025126124,0.010966951,0.010659104,4.011159
3293,2026-08-05,0.039657302,0.05205176,0.009900795,0.008086545,4.0050616
8440,2026-08-05,0.03598061,0.03762887,0.008990197,0.00733892,4.001759
2243,2026-08-05,0.044713926,0.036212068,0.0111796325,0.012528378,3.9992304
1570,2026-08-05,0.032443494,0.017957093,0.008129417,0.007391049,3.9903848
6625,2026-08-05,0.034710627,0.04564624,0.008700888,0.009551627,3.9888616
2109,2026-08-05,0.032546595,0.02867766,0.008181146,0.011369089,3.9777575
6121,2026-08-05,0.045915987,0.04529728,0.011588011,0.011497879,3.962028
6569,2026-08-05,0.043064322,0.031629182,0.010898472,0.009942878,3.9510467
6615,2026-08-05,0.033573627,0.047904782,0.0085038,0.009784356,3.947609
3284,2026-08-05,0.04005491,0.036760066,0.010172232,0.011354617,3.9372845
6122,2026-08-05,0.041758545,0.017885642,0.010609272,0.009101815,3.9356713
2424,2026-08-05,0.03321618,0.04034323,0.008474204,0.009956256,3.9192188
5398,2026-08-05,0.036070816,0.01870134,0.0092085395,0.010441523,3.9166796
3218,2026-08-05,0.039419886,0.047648225,0.010065975,0.010390702,3.915763
1503,2026-08-05,0.046959043,0.03899206,0.011994083,0.010393945,3.9148574
1102,2026-08-05,0.04181625,0.018029336,0.010710237,0.010772378,3.903961
5512,2026-08-05,0.029105524,0.0141389305,0.00747274,0.008678944,3.894372
1460,2026-08-05,0.02594186,0.004353909,0.0066704587,0.0064292117,3.888484
2751,2026-08-05,0.046614386,0.05930747,0.01199029,0.009098648,3.8873537
1109,2026-08-05,0.036106165,0.013916345,0.009296363,0.008477497,3.8834844
7747,2026-08-05,0.037559383,0.04774945,0.009677111,0.012434139,3.8808587
2107,2026-08-05,0.039740045,0.021909673,0.010254109,0.008647619,3.875146
2892,2026-08-05,0.043130614,0.049159136,0.011140188,0.01173143,3.871276
6167,2026-08-05,0.04423729,0.045027312,0.011460795,0.013034517,3.8595428
6470,2026-08-05,0.029844912,0.011487182,0.0077415197,0.007068539,3.854677
6233,2026-08-05,0.03716553,0.047927577,0.009640893,0.011197306,3.8545885
2206,2026-08-05,0.03310109,0.008520509,0.008648989,0.008636903,3.8267205
6835,2026-08-05,0.039079,0.03085475,0.010226394,0.00840516,3.8210123
5013,2026-08-05,0.029273804,0.010055603,0.007675824,0.0075650644,3.8132703
3297,2026-08-05,0.035300653,0.04434846,0.009258992,0.008265337,3.8121688
8277,2026-08-05,0.03662082,0.051602546,0.009622528,0.009125386,3.8053424
6266,2026-08-05,0.030386226,0.012353438,0.007987266,0.0078018806,3.8038573
8437,2026-08-05,0.027699769,0.010131101,0.0072963187,0.011947643,3.7958832
3527,2026-08-05,0.039394084,0.045081455,0.010384726,0.009941673,3.7930984
8085,2026-08-05,0.055363372,0.041939124,0.014694081,0.011471925,3.7674766
5306,2026-08-05,0.040969305,0.025593502,0.010990381,0.010148202,3.7274027
2520,2026-08-05,0.028797267,0.013785806,0.007738293,0.008781395,3.720917
5353,2026-08-05,0.042190026,0.06011196,0.011343994,0.009613598,3.718823
1227,2026-08-05,0.028657455,0.010044729,0.0077058435,0.007467136,3.7184427
9917,2026-08-05,0.0304765,-0.00023532212,0.008214865,0.009746737,3.7094693
5460,2026-08-05,0.050812,0.058846403,0.013715452,0.0090627,3.7044566
4161,2026-08-05,0.040113702,0.055789374,0.010837769,0.011618589,3.700946
5223,2026-08-05,0.029439965,0.023426823,0.0079613365,0.0076025226,3.6974027
2937,2026-08-05,0.031276286,0.018950125,0.008468008,0.0074144388,3.6930282
6804,2026-08-05,0.03359062,0.036916528,0.009099374,0.009418073,3.6911252
6176,2026-08-05,0.034395836,0.015464292,0.009326817,0.011044115,3.6874478
5292,2026-08-05,0.059838172,0.066799395,0.016233077,0.0149148675,3.6859608
1463,2026-08-05,0.0336308,0.0340734,0.009131005,0.010446709,3.6827397
5007,2026-08-05,0.032570884,0.026935084,0.008862972,0.008788659,3.6745245
2013,2026-08-05,0.035843976,0.021343464,0.009774336,0.009472981,3.666777
2515,2026-08-05,0.037780844,0.030144414,0.010321809,0.009504759,3.659938
5287,2026-08-05,0.035269212,0.018781489,0.009647204,0.008745837,3.655521
2069,2026-08-05,0.027111579,0.036008473,0.0074230577,0.0102381185,3.6518548
2514,2026-08-05,0.03337236,0.005491296,0.009153619,0.008848532,3.6454122
2432,2026-08-05,0.03141495,0.05140609,0.0086167,0.01103585,3.6453981
1906,2026-08-05,0.04617264,0.057174016,0.012679233,0.012819464,3.6413085
6690,2026-08-05,0.039832678,0.048387423,0.010957245,0.010742982,3.6349504
1806,2026-08-05,0.03818638,0.016745217,0.010512669,0.007421532,3.6320698
8099,2026-08-05,0.030805886,0.013262668,0.008503215,0.010242284,3.6224253
4162,2026-08-05,0.031462904,0.022886446,0.008705841,0.008545433,3.613584
4728,2026-08-05,0.04292476,0.051001627,0.011943121,0.010181597,3.5937982
4961,2026-08-05,0.048928116,0.057678655,0.013622271,0.01439461,3.59151
6140,2026-08-05,0.045421004,0.060459856,0.012649388,0.012130648,3.590483
1210,2026-08-05,0.039144102,0.0034349712,0.01090401,0.011536964,3.589552
8213,2026-08-05,0.03493568,0.029206749,0.009737924,0.011424522,3.5872216
6504,2026-08-05,0.03234113,0.026637988,0.009027891,0.009028153,3.5819604
9912,2026-08-05,0.027913067,0.042375423,0.0077980533,0.009071072,3.579033
6512,2026-08-05,0.031628188,0.035989445,0.008840126,0.007589718,3.5773935
6130,2026-08-05,0.026741616,0.009434415,0.0074769277,0.007273317,3.5760732
2724,2026-08-05,0.037575383,0.016287418,0.010537629,0.008475793,3.5654905
2108,2026-08-05,0.032824267,0.023562985,0.009224205,0.0072234343,3.558107
8032,2026-08-05,0.043903645,0.06629828,0.012349696,0.01086939,3.5547507
4551,2026-08-05,0.03786981,0.038527895,0.010677709,0.0112821385,3.5462909
8423,2026-08-05,0.036694296,0.047512777,0.010347585,0.009333366,3.5458272
8443,2026-08-05,0.031873778,0.03731501,0.008988685,0.008960548,3.5455945
1734,2026-08-05,0.038096104,0.043805145,0.010796423,0.011318108,3.5282588
6751,2026-08-05,0.038019933,0.04039874,0.010776209,0.012550053,3.527809
3703,2026-08-05,0.03085419,0.017036546,0.008767629,0.009889316,3.5187016
3705,2026-08-05,0.03133855,0.0061089345,0.00890884,0.0086046085,3.5172966
3052,2026-08-05,0.027251732,0.017515235,0.0077514537,0.0068892934,3.5152397
6239,2026-08-05,0.040909465,0.035186093,0.011640929,0.012882983,3.5139766
6988,2026-08-05,0.028240314,0.0039109276,0.0080567,0.009443913,3.504761
2248,2026-08-05,0.029464746,0.009256007,0.008407597,0.008687684,3.5041213
5014,2026-08-05,0.032957647,0.002745278,0.009412747,0.00906092,3.5010126
6144,2026-08-05,0.038084533,0.02484604,0.010884561,0.009536859,3.4986284
6843,2026-08-05,0.03586832,0.04514142,0.010265216,0.01009614,3.493821
4554,2026-08-05,0.035219606,0.041864943,0.010093218,0.0096495235,3.489087
5312,2026-08-05,0.030739026,0.01915526,0.008809377,0.010501792,3.4889567
4102,2026-08-05,0.03066606,0.011389353,0.008795082,0.007121816,3.486332
3227,2026-08-05,0.038468067,0.05252215,0.011055949,0.013574534,3.479085
1593,2026-08-05,0.03607371,0.046781886,0.01037399,0.009226728,3.4769874
3025,2026-08-05,0.028971434,0.046882734,0.008354944,0.009947999,3.4671645
6486,2026-08-05,0.029410843,0.013240221,0.008483388,0.009405228,3.4664657
8996,2026-08-05,0.033018623,0.042405672,0.009529317,0.0126693845,3.4645882
4568,2026-08-05,0.027102614,0.03385447,0.007829873,0.009854965,3.4609952
6264,2026-08-05,0.037281252,0.05022172,0.010779766,0.008059377,3.4581263
1203,2026-08-05,0.0336021,0.026823523,0.009720941,0.010742584,3.4563158
3607,2026-08-05,0.031046983,0.025361275,0.00899363,0.009330115,3.451724
1587,2026-08-05,0.030342948,0.02152832,0.008798492,0.006560803,3.4482613
1805,2026-08-05,0.029360477,0.035245527,0.008525607,0.009220779,3.443395
1583,2026-08-05,0.032057844,0.022268351,0.009318628,0.0076690163,3.4398198
2022,2026-08-05,0.04232317,0.03488729,0.012312946,0.008153981,3.437011
8433,2026-08-05,0.033342663,0.046146505,0.009749437,0.011941336,3.4196072
2211,2026-08-05,0.026571397,0.0066768774,0.0077739675,0.006507093,3.4175575
1256,2026-08-05,0.04419378,0.052328397,0.012932441,0.010829079,3.417016
6674,2026-08-05,0.034309465,0.026527401,0.010041533,0.009496504,3.4164155
2373,2026-08-05,0.030270854,0.012455802,0.008864183,0.00886559,3.4145775
3058,2026-08-05,0.03049598,0.009405152,0.009001281,0.008486121,3.3875835
3056,2026-08-05,0.026584247,0.019404562,0.007847256,0.010266342,3.3872807
7732,2026-08-05,0.0368182,0.045061834,0.010872839,0.009935373,3.385943
6542,2026-08-05,0.037534315,0.048834223,0.011089768,0.012539035,3.3842845
1213,2026-08-05,0.027801784,0.04001389,0.0082318075,0.0098490575,3.3769505
4155,2026-08-05,0.029830009,0.00820361,0.008832986,0.007017711,3.3767328
2431,2026-08-05,0.03339515,0.038141545,0.009894191,0.0076751835,3.3748865
2102,2026-08-05,0.029670589,0.019614343,0.008831263,0.007234716,3.3593416
2387,2026-08-05,0.029243512,0.01764723,0.008704393,0.008338272,3.3592408
1540,2026-08-05,0.028054303,0.04603637,0.00836107,0.008273105,3.3549469
4523,2026-08-05,0.026588272,0.030255808,0.007942955,0.008051023,3.3469815
5212,2026-08-05,0.040592298,0.04106424,0.012127272,0.012199266,3.3469152
5514,2026-08-05,0.038522426,0.04074307,0.011523137,0.008075768,3.34276
1762,2026-08-05,0.033429362,0.021156324,0.010043707,0.010327947,3.3280575
6128,2026-08-05,0.0355662,0.03696279,0.01069424,0.008581784,3.325423
4105,2026-08-05,0.028358538,0.030156398,0.008539829,0.009445197,3.3203492
5283,2026-08-05,0.0326622,0.03028099,0.009838006,0.007670933,3.3196645
6754,2026-08-05,0.031422783,0.020437045,0.009472694,0.01000496,3.3168457
6865,2026-08-05,0.026485173,0.016669014,0.0080100605,0.008699561,3.3060756
3296,2026-08-05,0.03309756,0.023427542,0.010023729,0.011700467,3.3015916
2939,2026-08-05,0.034221437,0.012150157,0.0103658205,0.008919286,3.3010542
6776,2026-08-05,0.032361206,0.03517997,0.009814906,0.008714211,3.2968128
2497,2026-08-05,0.035216637,0.03950467,0.010709669,0.011581729,3.2879958
3021,2026-08-05,0.036508646,0.04873548,0.01111003,0.009721944,3.2858021
9902,2026-08-05,0.031681884,0.033126067,0.00967275,0.009126715,3.2750366
2025,2026-08-05,0.040956743,0.033401754,0.012541045,0.010679573,3.2655551
1446,2026-08-05,0.027362045,0.01824416,0.0083837425,0.007187053,3.2633135
2597,2026-08-05,0.034264192,0.026909268,0.010501868,0.010426488,3.262365
6657,2026-08-05,0.030727468,0.014144121,0.009424189,0.008422362,3.2601433
6534,2026-08-05,0.03236556,0.043014105,0.009943153,0.010464923,3.2547328
1604,2026-08-05,0.020723226,0.0016195428,0.0063694045,0.006678024,3.2530472
3530,2026-08-05,0.030709859,0.030852286,0.0094410395,0.010338117,3.2524602
1533,2026-08-05,0.025580041,0.027520927,0.007873316,0.008786693,3.248541
6417,2026-08-05,0.033648927,0.038279295,0.010365635,0.012393914,3.245887
5344,2026-08-05,0.03838443,0.03817237,0.011861017,0.009176913,3.235911
2524,2026-08-05,0.028644733,0.010264439,0.008883759,0.006054618,3.2240303
1565,2026-08-05,0.03081671,0.0216641,0.009577056,0.007630539,3.2174282
1321,2026-08-05,0.030035596,0.0149456365,0.009336228,0.009660662,3.2167573
2608,2026-08-05,0.028749771,0.0037212071,0.008944253,0.007913338,3.2139695
3592,2026-08-05,0.0335404,0.04236911,0.010478696,0.010537648,3.200513
8171,2026-08-05,0.028439859,0.019156603,0.008905087,0.006866248,3.1933057
6925,2026-08-05,0.03628687,0.04167966,0.011370969,0.011136601,3.1909046
4108,2026-08-05,0.029702831,0.017292162,0.009311474,0.0075101354,3.1895745
1702,2026-08-05,0.02997096,0.017593928,0.009457912,0.0088317515,3.168542
4414,2026-08-05,0.032406412,0.013110096,0.010238625,0.010629666,3.1648045
4532,2026-08-05,0.03260898,0.027745534,0.010326671,0.010529857,3.1574376
2904,2026-08-05,0.026273733,0.006509716,0.0083231395,0.0076640495,3.15633
2504,2026-08-05,0.030338867,0.002163592,0.009643634,0.0075828717,3.1456733
2038,2026-08-05,0.031292565,0.0145561015,0.009949765,0.008355089,3.1447396
1519,2026-08-05,0.02415818,0.02378955,0.0076943976,0.008899808,3.1393025
8410,2026-08-05,0.026744906,0.021169867,0.008528846,0.008471357,3.13545
6903,2026-08-05,0.03189757,0.04352562,0.010173248,0.012265012,3.135128
2030,2026-08-05,0.024870805,0.03189671,0.007934735,0.008177821,3.1340265
4942,2026-08-05,0.02687382,0.008959464,0.00860486,0.009679319,3.1227348
4438,2026-08-05,0.022896968,0.012058789,0.0073316726,0.0073545016,3.1225953
2201,2026-08-05,0.030812522,0.0072922152,0.0098781595,0.008232882,3.1189415
4433,2026-08-05,0.020018619,0.011617853,0.006417803,0.007555131,3.1187465
3706,2026-08-05,0.035018425,0.015109239,0.01129032,0.009352514,3.101358
9940,2026-08-05,0.02371179,0.018078817,0.0076533835,0.006957016,3.0978053
3311,2026-08-05,0.027640624,0.017763425,0.00894245,0.008317983,3.0905995
6494,2026-08-05,0.030939387,0.04739427,0.010103549,0.013304236,3.0619266
1712,2026-08-05,0.029440304,0.0065903068,0.009618575,0.009063624,3.060458
2364,2026-08-05,0.03241532,0.04353893,0.010610764,0.009793334,3.054659
1786,2026-08-05,0.024404353,0.016604446,0.007991245,0.0074785305,3.053504
2063,2026-08-05,0.029010039,0.014982896,0.009508515,0.010110431,3.050633
2539,2026-08-05,0.021596814,0.035634533,0.007080142,0.009552048,3.0499055
6138,2026-08-05,0.034343116,0.05181682,0.011305577,0.012041777,3.0374458
8462,2026-08-05,0.034758694,0.0458265,0.011461729,0.0098576965,3.0323226
1611,2026-08-05,0.023276089,0.028897766,0.007684304,0.009310706,3.028649
8083,2026-08-05,0.02610906,0.027853968,0.0086310385,0.007467395,3.024669
4770,2026-08-05,0.024075635,0.00062637427,0.0079696225,0.009632198,3.0205462
2221,2026-08-05,0.029655142,0.015415384,0.009820502,0.0101232305,3.01941
3071,2026-08-05,0.028026376,0.032753713,0.009289839,0.008946605,3.01656
8450,2026-08-05,0.025145197,0.016586969,0.008343376,0.009391208,3.0134304
6275,2026-08-05,0.02755374,0.03216201,0.009174217,0.010241517,3.0030615
2616,2026-08-05,0.025213847,0.005964068,0.00839644,0.007780937,3.0025635
4121,2026-08-05,0.029405951,0.01733802,0.009809536,0.0060185827,2.9973848
6441,2026-08-05,0.024355391,0.015080845,0.008140812,0.010493384,2.991397
7743,2026-08-05,0.031569835,0.045810785,0.010554057,0.008579086,2.9909678
8390,2026-08-05,0.03592836,0.04224416,0.012098219,0.0087616965,2.9694777
1294,2026-08-05,0.02681574,0.03271276,0.009038569,0.009747366,2.966484
1732,2026-08-05,0.02498825,0.025625046,0.0084244795,0.009407805,2.9657955
1410,2026-08-05,0.027700078,0.033557657,0.009339486,0.009715962,2.9655926
3685,2026-08-05,0.029243823,0.008673916,0.009884412,0.009533938,2.9582806
6152,2026-08-05,0.02195372,0.02582867,0.0074409298,0.0077191275,2.9500039
2886,2026-08-05,0.02193537,0.022421425,0.007451532,0.009698396,2.9433446
1316,2026-08-05,0.032598212,0.025034575,0.011074281,0.0099457335,2.9433303
2926,2026-08-05,0.02581182,0.009111915,0.008769373,0.0077057946,2.9430695
4503,2026-08-05,0.027016345,0.029052699,0.00921088,0.008278493,2.9327722
2007,2026-08-05,0.026564447,0.012369698,0.009057594,0.007009897,2.932513
5489,2026-08-05,0.040343776,0.043909565,0.013780895,0.012871461,2.9273026
1338,2026-08-05,0.01641495,-0.0020970518,0.005608287,0.0076327245,2.926388
2743,2026-08-05,0.03000871,0.011169044,0.010267336,0.008209463,2.9224513
3623,2026-08-05,0.036317356,0.033742845,0.012476538,0.011955904,2.9106185
6026,2026-08-05,0.018228702,0.01706291,0.0062685674,0.0069786133,2.9074898
8162,2026-08-05,0.02578578,0.039469946,0.008879416,0.009664933,2.903668
5278,2026-08-05,0.021358939,0.03034373,0.007361274,0.00809372,2.9011333
6023,2026-08-05,0.034859158,0.044901,0.01207313,0.009960406,2.8870947
3672,2026-08-05,0.027628358,0.028262055,0.009583702,0.008446758,2.8825474
3465,2026-08-05,0.030950125,0.028902682,0.010757149,0.011719018,2.8769004
0055,2026-08-05,0.064450115,0.111571796,0.022461263,0.020398505,2.8692617
1340,2026-08-05,0.025627408,0.010144387,0.008949403,0.007480312,2.8632686
6971,2026-08-05,0.025427999,0.005162192,0.008898343,0.007464225,2.8572893
7547,2026-08-05,0.01724476,0.0147441225,0.006035718,0.009181835,2.8566449
5228,2026-08-05,0.03665066,0.057170313,0.012862504,0.011012823,2.8491971
4535,2026-08-05,0.027514752,0.056290284,0.009656657,0.010367854,2.8490088
5534,2026-08-05,0.027032677,0.024907684,0.009531378,0.009152524,2.8358796
1104,2026-08-05,0.02159268,-0.004753532,0.0076552746,0.0076731606,2.8202596
1723,2026-08-05,0.023754494,0.0044388194,0.008421886,0.01026304,2.8202322
3710,2026-08-05,0.027401656,0.008277345,0.009748786,0.010015404,2.810488
4119,2026-08-05,0.029162295,0.020744603,0.010375937,0.007529385,2.8102987
8488,2026-08-05,0.019829193,0.0058957622,0.0070604053,0.008554269,2.8081088
3551,2026-08-05,0.032233216,0.041633774,0.011491724,0.01120634,2.8046627
5603,2026-08-05,0.034181662,0.01632003,0.0122090895,0.010512621,2.7994604
4138,2026-08-05,0.028832285,0.037241284,0.010307621,0.013276743,2.7969098
5878,2026-08-05,0.028537491,0.013925612,0.010245091,0.008703664,2.7852075
4560,2026-08-05,0.024063256,0.014790565,0.008671322,0.007854804,2.7747188
5905,2026-08-05,0.027120424,0.010089368,0.009804324,0.008902439,2.7658875
8941,2026-08-05,0.030662794,0.04658798,0.011106649,0.009854081,2.7605114
4207,2026-08-05,0.030710515,0.037763618,0.011147248,0.008804641,2.754739
6146,2026-08-05,0.025272481,0.031516053,0.009181575,0.007824257,2.7522216
1725,2026-08-05,0.032234658,0.033266563,0.011722544,0.010002138,2.7495658
4550,2026-08-05,0.029815018,0.049493015,0.010923721,0.010160784,2.7291331
6794,2026-08-05,0.017784733,-0.0040580276,0.006540265,0.0070274356,2.7188525
4417,2026-08-05,0.025715971,0.01629416,0.009468927,0.008549113,2.7155406
2734,2026-08-05,0.023802172,0.018673737,0.008823716,0.009550314,2.6972167
2912,2026-08-05,0.033152275,-0.008246314,0.012334164,0.009202522,2.6876233
4406,2026-08-05,0.020235388,0.001243571,0.0075345505,0.007679595,2.6853232
1527,2026-08-05,0.02591863,0.007703143,0.009661826,0.010341113,2.6823032
3713,2026-08-05,0.027000021,0.035712767,0.010085481,0.008712111,2.6768522
3044,2026-08-05,0.027809616,0.037404474,0.010388955,0.00925478,2.6765869
3499,2026-08-05,0.018693924,0.020970838,0.0069880807,0.009246878,2.674733
6899,2026-08-05,0.024665555,0.019816939,0.009237067,0.007568137,2.6699908
1580,2026-08-05,0.03151654,0.0215036,0.011813486,0.008143653,2.6676183
2702,2026-08-05,0.023539858,0.015687782,0.008833565,0.008540971,2.664518
5301,2026-08-05,0.027623752,0.0073120696,0.010408397,0.008956264,2.6537323
5525,2026-08-05,0.034079958,0.05891248,0.01284267,0.008888797,2.6534438
6184,2026-08-05,0.020607533,0.00932434,0.007816947,0.008348874,2.6359262
4205,2026-08-05,0.02358627,0.007620969,0.008966171,0.009659863,2.630291
3290,2026-08-05,0.024480985,0.018546324,0.009397806,0.010323222,2.604691
3266,2026-08-05,0.02397735,0.04184908,0.00922359,0.011177705,2.5992863
5315,2026-08-05,0.018862374,0.013824006,0.0072730305,0.009392315,2.5931118
9934,2026-08-05,0.024285933,0.030986631,0.009407625,0.010036779,2.5812416
4527,2026-08-05,0.021583702,0.01895411,0.008361107,0.0077024754,2.5811322
6994,2026-08-05,0.019442786,-0.010620029,0.007561189,0.007358216,2.5710526
2020,2026-08-05,0.025525015,0.0060822726,0.0099355765,0.007080525,2.5687935
4129,2026-08-05,0.019676764,-0.005112937,0.0076634325,0.0069402135,2.5672827
6767,2026-08-05,0.02394135,0.0027742279,0.009337275,0.0075664995,2.563787
3268,2026-08-05,0.024360366,0.048783325,0.009502191,0.010837399,2.5633879
6763,2026-08-05,0.018568818,0.020969292,0.007270483,0.010501354,2.5536494
6582,2026-08-05,0.028266398,0.003002044,0.011076644,0.010141993,2.5516615
1451,2026-08-05,0.030196676,0.048894484,0.011845552,0.009190525,2.5489843
1784,2026-08-05,0.017693512,0.017036458,0.006975593,0.00918276,2.5361252
7722,2026-08-05,0.028712936,0.00586088,0.011325909,0.0072508864,2.5349312
1760,2026-08-05,0.020203514,0.00770812,0.008021892,0.006702422,2.5182333
6637,2026-08-05,0.021970998,0.019313533,0.00875295,0.009503926,2.5098383
5902,2026-08-05,0.026943782,0.03299347,0.010740509,0.011879496,2.5083795
6629,2026-08-05,0.038724873,0.031544775,0.015455408,0.014827616,2.5054252
2115,2026-08-05,0.022901924,0.027714692,0.009157876,0.007850142,2.500517
2420,2026-08-05,0.024183659,0.01899721,0.009724909,0.011077585,2.4865189
8038,2026-08-05,0.019648612,0.011924558,0.007919897,0.008403801,2.4806042
4807,2026-08-05,0.028250715,0.03243454,0.0113949245,0.013296583,2.4790192
8081,2026-08-05,0.025936881,0.02151719,0.010468846,0.013400239,2.4772933
1457,2026-08-05,0.026803244,0.026379177,0.010875666,0.009729446,2.4642887
4915,2026-08-05,0.021087892,-0.00055317854,0.00855982,0.008739186,2.4633026
2062,2026-08-05,0.021912353,0.018559458,0.008904922,0.008277361,2.460425
2477,2026-08-05,0.02472047,0.02297223,0.010046373,0.00957614,2.4603913
4907,2026-08-05,0.023587888,0.072909705,0.009590792,0.011996838,2.4591744
3213,2026-08-05,0.029823514,0.056159806,0.012154631,0.01678949,2.453473
1476,2026-08-05,0.01946965,0.020850431,0.0079361,0.007859997,2.452993
5263,2026-08-05,0.029672213,0.013279129,0.012193087,0.008356373,2.433328
6508,2026-08-05,0.021173775,0.031715814,0.0087374635,0.00981836,2.4230547
3596,2026-08-05,0.029299343,0.056145485,0.01210164,0.009529341,2.420905
8929,2026-08-05,0.026584737,0.008617901,0.010982082,0.010831754,2.420517
1591,2026-08-05,0.028626919,-0.0021701949,0.011905071,0.010153438,2.4043968
9911,2026-08-05,0.027424311,0.007971395,0.011414557,0.009118436,2.402363
8930,2026-08-05,0.022648891,0.033668835,0.009470184,0.009680808,2.3913472
3257,2026-08-05,0.028010372,0.024252953,0.011729896,0.011843973,2.3877435
0056,2026-08-05,0.022226488,0.023296107,0.009335963,0.008676017,2.3804836
3622,2026-08-05,0.02137777,0.031071309,0.008988791,0.010213107,2.3780053
6918,2026-08-05,0.01775604,0.023894252,0.007480675,0.00866487,2.3732708
6129,2026-08-05,0.025071263,0.037082322,0.0105687175,0.011260567,2.37199
6117,2026-08-05,0.01944718,0.005953859,0.00824489,0.00842726,2.3584087
2613,2026-08-05,0.016988618,0.0032517307,0.0072308667,0.0072145793,2.3491333
6691,2026-08-05,0.02343005,0.04111985,0.01008359,0.011748032,2.3233516
1444,2026-08-05,0.01857114,0.0048029055,0.008036797,0.008610262,2.3104763
3646,2026-08-05,0.022505095,0.02721026,0.00974635,0.010840146,2.3088422
8016,2026-08-05,0.025110198,0.039422877,0.010893885,0.011103133,2.3047693
9955,2026-08-05,0.018779857,0.007537413,0.008155796,0.0066178385,2.3023572
6743,2026-08-05,0.022635158,-0.018509395,0.009883555,0.009876919,2.2899523
3360,2026-08-05,0.027977677,0.033517197,0.01221729,0.014259395,2.2898195
6242,2026-08-05,0.019277446,0.010420123,0.008426568,0.008126681,2.287427
5701,2026-08-05,0.020157943,0.011650711,0.008836545,0.008191241,2.2809436
2360,2026-08-05,0.025619272,0.02058924,0.011264794,0.010896692,2.274076
2897,2026-08-05,0.021152966,0.023969587,0.0093253255,0.009388412,2.2680922
2031,2026-08-05,0.02038436,0.0048570875,0.009040326,0.009609517,2.2545764
1707,2026-08-05,0.015020711,-0.011940094,0.006668817,0.0059213783,2.2520425
4558,2026-08-05,0.016428716,0.0034855267,0.0073328614,0.008270929,2.2401183
5347,2026-08-05,0.022715889,0.03260203,0.010156108,0.015155239,2.2364523
2889,2026-08-05,0.019034171,0.010586365,0.008542252,0.00868075,2.2279773
2258,2026-08-05,0.016218884,-0.0052654245,0.0072792703,0.006587439,2.227786
6160,2026-08-05,0.017253427,0.011365408,0.0077442937,0.0093695205,2.2276015
4430,2026-08-05,0.028097058,0.039463893,0.012632622,0.010361213,2.2239907
8404,2026-08-05,0.016942887,-0.007700878,0.007630312,0.010114446,2.22018
2505,2026-08-05,0.019469868,0.01135487,0.00878315,0.008371227,2.2164772
6741,2026-08-05,0.020910123,0.017123299,0.009447548,0.010962066,2.2130516
6552,2026-08-05,0.020758595,0.019820858,0.009380902,0.009967337,2.2126212
9933,2026-08-05,0.023387944,-0.0009290285,0.010571727,0.010618928,2.2121015
5269,2026-08-05,0.020549893,0.014915872,0.00929961,0.009783186,2.209521
9910,2026-08-05,0.017430257,-0.019744279,0.007951282,0.007732687,2.191856
6171,2026-08-05,0.02616915,0.030143917,0.011951314,0.013134956,2.189463
2836,2026-08-05,0.01573169,-0.0073495787,0.0072588045,0.0076812496,2.1669579
8442,2026-08-05,0.022426045,0.013009925,0.010356524,0.010866189,2.1651936
2449,2026-08-05,0.022900706,0.019149981,0.010594122,0.0122961905,2.1614385
6581,2026-08-05,0.018992638,0.022621099,0.008837937,0.0076251472,2.1487467
4972,2026-08-05,0.021256717,0.0075811846,0.009968047,0.01105538,2.1322718
6796,2026-08-05,0.020079263,0.012421861,0.009415853,0.010344258,2.132269
1240,2026-08-05,0.026576228,0.035011973,0.012464185,0.010981684,2.1320364
4702,2026-08-05,0.030548226,0.033325776,0.014392027,0.012887605,2.1224325
8349,2026-08-05,0.018153291,0.020371372,0.008573714,0.010164523,2.1170726
5324,2026-08-05,0.021401366,0.038088758,0.010108299,0.010901002,2.116998
1524,2026-08-05,0.02011731,0.012811122,0.009540484,0.009435665,2.1084046
1307,2026-08-05,0.013530349,0.016286492,0.0064715976,0.00576415,2.090405
3131,2026-08-05,0.025205497,0.02456345,0.012100829,0.0079592075,2.0827842
3128,2026-08-05,0.025302267,0.03722121,0.012151172,0.012788462,2.0821187
5348,2026-08-05,0.019263903,0.026403774,0.009251432,0.010317024,2.0820367
1713,2026-08-05,0.011289806,-0.0047804615,0.005466087,0.0075482284,2.06505
8489,2026-08-05,0.022369742,0.033824548,0.010870691,0.0065538418,2.0576138
5487,2026-08-05,0.02170478,0.029649138,0.01063344,0.009561411,2.0409894
1603,2026-08-05,0.01525759,0.014379156,0.0074789664,0.007835266,2.039794
4771,2026-08-05,0.024449015,0.03699505,0.012041335,0.009931265,2.0302553
3494,2026-08-05,0.023504905,0.0071857357,0.011680331,0.009473596,2.012177
9938,2026-08-05,0.022223001,-0.0064247223,0.0110547235,0.009199256,2.01009
3541,2026-08-05,0.018335827,-0.004490149,0.009130888,0.008443068,2.00789
3073,2026-08-05,0.019337857,0.039862227,0.009667205,0.010782086,2.0001497
1108,2026-08-05,0.015090357,-0.0017053781,0.007545523,0.0066130357,1.9996437
5310,2026-08-05,0.017014662,0.025403682,0.008513366,0.007958203,1.9983474
8087,2026-08-05,0.020287205,0.026953999,0.010158428,0.012360801,1.9968845
6290,2026-08-05,0.023533639,0.019696554,0.011813646,0.0090889875,1.9919038
2393,2026-08-05,0.021700371,-0.005226056,0.010938189,0.012955771,1.9837276
9960,2026-08-05,0.019762652,0.040952552,0.0100295395,0.009511777,1.9702481
6261,2026-08-05,0.017993622,0.024103856,0.00922658,0.009435603,1.9499826
1432,2026-08-05,0.01815781,0.011341577,0.009317932,0.009485869,1.9484862
8924,2026-08-05,0.01996117,-0.0072218035,0.010290365,0.010106235,1.9396038
1436,2026-08-05,0.015745627,-0.00068889663,0.00811817,0.00849297,1.9393147
2371,2026-08-05,0.015067939,-0.0048797755,0.0077988287,0.0069714203,1.9318295
1229,2026-08-05,0.016784431,-0.012634939,0.008719788,0.008164152,1.9246461
4163,2026-08-05,0.018626584,0.023091024,0.009700958,0.01186486,1.9198788
2908,2026-08-05,0.0146573065,0.017276956,0.0076355035,0.007515045,1.9193741
5213,2026-08-05,0.012868855,-0.009313037,0.006715198,0.00883318,1.9160923
1529,2026-08-05,0.01502281,-0.0015423228,0.007894054,0.009294266,1.9028127
4306,2026-08-05,0.016143244,-0.00074558624,0.008541633,0.008223007,1.8897268
3388,2026-08-05,0.017459298,0.0113288965,0.009303974,0.008882508,1.8763403
1259,2026-08-05,0.01719634,0.006441041,0.009184674,0.009852433,1.8720825
6189,2026-08-05,0.015224794,0.02791483,0.008150271,0.009623837,1.8677815
2017,2026-08-05,0.019562636,-0.002854572,0.010489041,0.010430136,1.8648769
8045,2026-08-05,0.017843354,-0.00070798426,0.009592078,0.0076211765,1.860024
1442,2026-08-05,0.014828194,0.007512481,0.007992481,0.008747413,1.8550358
2430,2026-08-05,0.020953428,-0.0010113432,0.011309847,0.0071435934,1.8525074
1477,2026-08-05,0.017523209,0.023990322,0.00946681,0.007860972,1.8508196
3434,2026-08-05,0.017071338,0.03060453,0.009247435,0.010187549,1.8458623
2722,2026-08-05,0.015059494,0.0015136772,0.008172408,0.009063922,1.8424988
3325,2026-08-05,0.019076655,0.019902626,0.010353758,0.010989271,1.842308
8942,2026-08-05,0.01898023,0.021237953,0.0103214225,0.007258351,1.8387378
2718,2026-08-05,0.01849023,0.018689556,0.01006061,0.009698345,1.8377008
2606,2026-08-05,0.016662119,0.022596024,0.009122578,0.008869968,1.8262701
3224,2026-08-05,0.01776701,0.02222815,0.009845879,0.010027481,1.804329
2105,2026-08-05,0.02155238,-0.012181542,0.0119619,0.01105247,1.8016016
2204,2026-08-05,0.01848289,-0.0012319828,0.010260508,0.009069174,1.8011864
6246,2026-08-05,0.016630348,0.0063735424,0.009253745,0.010338054,1.7969536
2002,2026-08-05,0.01849291,0.00023429269,0.010322802,0.010548679,1.7912886
1454,2026-08-05,0.014511623,0.026224216,0.008112227,0.008145732,1.7886378
3017,2026-08-05,0.030093642,0.049526278,0.016859787,0.01225675,1.7848302
1586,2026-08-05,0.017976653,0.0038249579,0.010182578,0.007450572,1.7652589
6294,2026-08-05,0.01647127,0.0178164,0.009412014,0.010209558,1.7498401
2642,2026-08-05,0.017782498,0.011351526,0.010164014,0.010683467,1.7493825
7721,2026-08-05,0.03819056,0.044343375,0.021883916,0.019996988,1.7450631
1110,2026-08-05,0.018699232,0.018149324,0.010715967,0.0069140736,1.744825
6224,2026-08-05,0.017196296,0.033174492,0.009927006,0.010325376,1.7320995
1336,2026-08-05,0.016490718,0.020947376,0.009569637,0.009092669,1.7230535
2704,2026-08-05,0.018563539,0.0060136425,0.010777946,0.009137523,1.7222035
5011,2026-08-05,0.017449575,0.0074298065,0.010138175,0.0101714805,1.7210052
8936,2026-08-05,0.01545161,0.007405424,0.009018664,0.010190762,1.7131026
3324,2026-08-05,0.01264323,0.018889984,0.0074671046,0.008605385,1.6929637
3207,2026-08-05,0.018920498,0.01873106,0.011189085,0.011449564,1.6908269
3178,2026-08-05,0.014865218,0.007629199,0.008839406,0.009311839,1.6815084
6666,2026-08-05,0.017175714,-0.0077150376,0.010227216,0.007864478,1.6792481
6191,2026-08-05,0.016801648,-0.0018424324,0.010065856,0.0071585043,1.6690063
8034,2026-08-05,0.018646985,0.027248515,0.011211004,0.012644633,1.6631268
3372,2026-08-05,0.016399857,0.024593273,0.00986219,0.010207545,1.6627334
3444,2026-08-05,0.018026233,0.02340016,0.010851825,0.010432451,1.6609715
5529,2026-08-05,0.015121879,0.02385792,0.009207499,0.00959831,1.6421654
1799,2026-08-05,0.016955433,0.004360652,0.010336086,0.009860928,1.6402527
4806,2026-08-05,0.015423169,0.02542711,0.009465934,0.009444486,1.6291621
1708,2026-08-05,0.019577118,0.024204295,0.012056265,0.010081276,1.6236781
9939,2026-08-05,0.0144361155,0.0242902,0.008916563,0.009412309,1.6188408
2511,2026-08-05,0.015240705,0.005320648,0.009451398,0.007671452,1.6123638
6229,2026-08-05,0.01691727,0.036748953,0.010498172,0.009494092,1.6112956
7723,2026-08-05,0.037020173,-0.023205765,0.022974469,0.020138973,1.6112913
1219,2026-08-05,0.0125798965,-0.016412346,0.007813129,0.010288915,1.609891
7734,2026-08-05,0.02187058,0.025227256,0.013647193,0.010222366,1.6024524
5903,2026-08-05,0.01501779,-0.019089764,0.009373304,0.00866726,1.6020164
6101,2026-08-05,0.0155469915,0.010088622,0.009782739,0.008851751,1.5890644
1516,2026-08-05,0.015421685,0.01989607,0.009705997,0.011156684,1.5887184
1295,2026-08-05,0.014194289,-0.0013784604,0.0089354385,0.0088991,1.5883608
4513,2026-08-05,0.014647568,-0.014358131,0.009227139,0.011095332,1.587272
8473,2026-08-05,0.015423115,0.00087390654,0.00975612,0.0077576437,1.5807036
6655,2026-08-05,0.017480867,0.015896792,0.011073068,0.0092798015,1.5785407
2404,2026-08-05,0.01917396,0.024793228,0.012216764,0.009744076,1.569351
3467,2026-08-05,0.016803017,0.019398388,0.0107114455,0.010603227,1.568551
5490,2026-08-05,0.024523132,0.01942373,0.015667744,0.017887963,1.5650988
2428,2026-08-05,0.020122724,0.019866107,0.012891197,0.013856375,1.5608453
9904,2026-08-05,0.01529685,0.003186591,0.009818304,0.009639014,1.5578344
1504,2026-08-05,0.008518075,-0.0046939496,0.0055136476,0.00793259,1.5446273
8279,2026-08-05,0.01343234,0.023233298,0.008722998,0.00760993,1.5396999
3373,2026-08-05,0.01477578,-0.0014117952,0.009603294,0.01172101,1.5384556
8455,2026-08-05,0.021168686,0.01974669,0.013819949,0.018014826,1.5316377
2756,2026-08-05,0.011377056,-0.01327968,0.007443438,0.008088792,1.5282627
3018,2026-08-05,0.017666725,0.01272073,0.011606828,0.009343247,1.5219665
4502,2026-08-05,0.013994944,0.024049107,0.00920606,0.008679163,1.5200231
8163,2026-08-05,0.015394786,0.011875677,0.010240265,0.011210233,1.5032114
2641,2026-08-05,0.014226963,0.022597415,0.009521133,0.008579813,1.494094
7556,2026-08-05,0.016572315,0.037508383,0.011092547,0.009059696,1.4938698
4552,2026-08-05,0.010548832,0.0036552637,0.0070717894,0.007919953,1.491467
1514,2026-08-05,0.01323606,-0.00076304306,0.008873782,0.008326707,1.4914236
2330,2026-08-05,0.02210763,0.019155711,0.014845267,0.011691109,1.4891036
1598,2026-08-05,0.015838135,0.014661189,0.010669288,0.008084307,1.4843211
3265,2026-08-05,0.015271718,0.03703541,0.010386561,0.011875058,1.4701928
6873,2026-08-05,0.011087256,-0.013169546,0.0076923263,0.006492533,1.4411525
3019,2026-08-05,0.017881248,0.02431931,0.012431146,0.013040187,1.4383074
3288,2026-08-05,0.011732606,-0.0031372623,0.008171339,0.00958453,1.4356486
3037,2026-08-05,0.022158943,0.010442092,0.01554309,0.01294891,1.4255542
3272,2026-08-05,0.01656121,0.019542636,0.0116619645,0.010374233,1.4199829
3379,2026-08-05,0.011139071,0.011420608,0.007850742,0.009308478,1.4186751
1449,2026-08-05,0.01491094,0.022715926,0.010532134,0.010406545,1.4156224
1438,2026-08-05,0.020341288,0.031013738,0.014377557,0.012427142,1.4146961
2905,2026-08-05,0.010952408,0.0028010542,0.0077551417,0.008012712,1.412095
5704,2026-08-05,0.012406426,0.026621819,0.00879747,0.009663695,1.4100662
2010,2026-08-05,0.013124134,0.0032623773,0.009427257,0.010119126,1.3920001
6104,2026-08-05,0.015474284,0.023747848,0.011119282,0.010444968,1.391537
6661,2026-08-05,0.0107024,0.034629606,0.0077073993,0.007422287,1.3884076
5536,2026-08-05,0.014630306,0.013895182,0.010553297,0.011083469,1.3861942
8066,2026-08-05,0.013586543,0.0065193116,0.009857679,0.008254907,1.3781301
3060,2026-08-05,0.011513033,0.020930491,0.008353628,0.010320264,1.3780425
5523,2026-08-05,0.0145213995,0.022009674,0.01060849,0.009167882,1.368718
2740,2026-08-05,0.013374388,0.0043107076,0.009831533,0.009464937,1.3602179
1563,2026-08-05,0.013944873,0.0028920725,0.010288092,0.0074446956,1.3553064
6720,2026-08-05,0.011089649,0.0030412746,0.008364159,0.007934356,1.3256949
2538,2026-08-05,0.01722982,-0.008893996,0.013087202,0.010090135,1.316439
2498,2026-08-05,0.01450075,-0.0077133556,0.011044091,0.011425643,1.3128684
5289,2026-08-05,0.011226777,0.02590249,0.00859959,0.011270142,1.3053497
2903,2026-08-05,0.010768215,-0.0070634345,0.008255466,0.009100313,1.304216
2887,2026-08-05,0.015819997,0.023029637,0.012217173,0.010996314,1.2947923
6257,2026-08-05,0.017974263,0.0187721,0.013955399,0.014432909,1.2878869
3004,2026-08-05,0.013237145,-0.0144150695,0.01033197,0.00805521,1.281059
2347,2026-08-05,0.011747761,0.011018816,0.009170883,0.009758352,1.2808449
2327,2026-08-05,0.014444951,0.007648268,0.011426294,0.010082296,1.2640744
4166,2026-08-05,0.0114649655,-0.002950699,0.009074002,0.008202197,1.2633568
2008,2026-08-05,0.011009883,0.017376658,0.0087417625,0.010411955,1.259314
2458,2026-08-05,0.018969929,0.016151179,0.015071099,0.012139368,1.2586123
1626,2026-08-05,0.01323994,-0.0061343904,0.01052565,0.0074359714,1.2577543
5481,2026-08-05,0.012568533,-0.008515234,0.010052223,0.00827494,1.2501994
1517,2026-08-05,0.013296722,-0.0029431032,0.010741981,0.009024795,1.2377125
2349,2026-08-05,0.01195071,0.015269219,0.009663089,0.008896283,1.23661
3313,2026-08-05,0.0139087755,0.0057963114,0.011275877,0.012527708,1.2333889
6498,2026-08-05,0.014187815,0.030880129,0.011807181,0.01169146,1.2015241
6411,2026-08-05,0.012659753,0.02885334,0.010633393,0.011039001,1.1904536
6612,2026-08-05,0.009124509,0.015793819,0.007675233,0.0088697085,1.1886702
4720,2026-08-05,0.0102609,0.014471094,0.0086800335,0.010676173,1.1819905
3310,2026-08-05,0.011286305,0.014847948,0.00977286,0.010603848,1.1547438
6186,2026-08-05,0.010995182,0.019457705,0.009543713,0.009884073,1.1519656
5227,2026-08-05,0.012170291,-0.016669817,0.010690808,0.010780942,1.1382817
2762,2026-08-05,0.009499836,-0.004861795,0.008381943,0.0078838635,1.1332339
6719,2026-08-05,0.012153624,0.0184569,0.010751692,0.010963455,1.1302866
9943,2026-08-05,0.010249147,-0.012206,0.009213161,0.007893312,1.1123255
6953,2026-08-05,0.0126451235,0.017855676,0.011403535,0.01088416,1.1087803
4164,2026-08-05,0.0109867,-0.0036748578,0.00995678,0.007900674,1.1033282
3231,2026-08-05,0.012867886,0.0016812667,0.011724612,0.009244617,1.097417
6263,2026-08-05,0.009901841,0.02119093,0.009068235,0.010648971,1.0918056
3501,2026-08-05,0.007390796,-0.022905342,0.0068031615,0.006689131,1.086217
6807,2026-08-05,0.01022023,0.01794381,0.009531505,0.008812445,1.0721451
1568,2026-08-05,0.009908322,0.021557666,0.009264272,0.008400587,1.0694044
3008,2026-08-05,0.010416473,0.022600947,0.009940567,0.009480396,1.0477697
3169,2026-08-05,0.0098284595,0.016792951,0.00938566,0.0101116,1.0470667
3557,2026-08-05,0.01097102,0.03385583,0.0104953395,0.012712872,1.0452234
5288,2026-08-05,0.00964328,0.0110460045,0.009281481,0.007911775,1.0388688
2528,2026-08-05,0.010001084,0.017704837,0.009674719,0.010480442,1.0336269
5521,2026-08-05,0.0075900825,0.010440897,0.007372471,0.0075611635,1.0293772
2605,2026-08-05,0.008237938,0.008650959,0.008026895,0.008390001,1.0261642
3689,2026-08-05,0.00856604,0.014462412,0.008450641,0.009930009,1.0135356
4930,2026-08-05,0.008349216,-0.0022884016,0.008407532,0.009569022,0.9929456
1773,2026-08-05,0.009587861,0.011683238,0.009687354,0.007473892,0.9896274
1808,2026-08-05,0.009438256,0.02384502,0.0096884,0.01222874,0.9740805
3515,2026-08-05,0.011396691,0.014533432,0.011872898,0.010433739,0.95981044
5465,2026-08-05,0.007018702,0.0013159831,0.007317075,0.010888696,0.9590913
6197,2026-08-05,0.01052222,0.023504438,0.011065318,0.012026914,0.95083296
3479,2026-08-05,0.009595146,0.016667668,0.010112795,0.01398607,0.94871867
2890,2026-08-05,0.008748346,0.0037966494,0.009242021,0.008132528,0.9464813
8937,2026-08-05,0.012143944,0.0056262333,0.013144081,0.012195637,0.9238394
3085,2026-08-05,0.010029894,0.023590049,0.010863636,0.009914055,0.92316896
4933,2026-08-05,0.008526022,0.024616415,0.009267095,0.011032567,0.9199325
3416,2026-08-05,0.009739572,0.018667338,0.010613007,0.011680029,0.91761506
3533,2026-08-05,0.011215896,0.014635505,0.01222691,0.010158315,0.91723734
3652,2026-08-05,0.008459101,0.024077144,0.0092301555,0.010408091,0.9163643
8476,2026-08-05,0.014037726,-0.0168064,0.015335581,0.011154384,0.91531
9110,2026-08-05,0.008805962,0.027905274,0.0098222485,0.010552545,0.8964409
5364,2026-08-05,0.0061886134,0.013875963,0.0069750724,0.008291388,0.88712
8466,2026-08-05,0.008845405,-0.0055015283,0.009974631,0.007921106,0.8867013
2029,2026-08-05,0.008453386,-0.0011367117,0.009545068,0.009676576,0.88553584
2838,2026-08-05,0.006268871,0.0041208155,0.007132253,0.009706221,0.8788236
1342,2026-08-05,0.0062049776,-0.011644458,0.007103416,0.0092488425,0.8733973
2471,2026-08-05,0.0083246315,0.019537158,0.009533527,0.009938394,0.87310374
2534,2026-08-05,0.0075303894,-0.008496201,0.008670196,0.01028852,0.86843723
6982,2026-08-05,0.009014676,0.014195284,0.0104034,0.012088394,0.8664292
6885,2026-08-05,0.0074680457,-0.0014590978,0.008858253,0.010053797,0.84296554
2474,2026-08-05,0.0070584426,-0.020704431,0.008384214,0.007207027,0.8417725
6573,2026-08-05,0.010667998,0.030293083,0.012691159,0.015120862,0.84051883
1612,2026-08-05,0.00726267,-0.001571335,0.008760212,0.008757794,0.8289572
1717,2026-08-05,0.009137189,0.010315749,0.0111211585,0.009958116,0.82153016
3666,2026-08-05,0.005138989,0.005549814,0.0062915827,0.007654305,0.8166741
2719,2026-08-05,0.006838743,-0.009314547,0.008378582,0.0079216985,0.8161198
6015,2026-08-05,0.006755824,0.012186827,0.008375771,0.010350929,0.80649495
8089,2026-08-05,0.008592429,-0.0047439653,0.010659595,0.010654578,0.805999
4995,2026-08-05,0.0077297036,0.027464688,0.009682395,0.011530605,0.79824317
8932,2026-08-05,0.010650534,0.005878636,0.013575815,0.013818756,0.78446484
5543,2026-08-05,0.0058779106,0.0056383954,0.0075152856,0.008562157,0.7820234
8092,2026-08-05,0.0054472196,0.010520984,0.006971543,0.006822022,0.78123856
5608,2026-08-05,0.0061659077,-0.008621121,0.007904017,0.006230786,0.77999926
1609,2026-08-05,0.0062523363,0.009301046,0.0081255715,0.008866189,0.7693695
3528,2026-08-05,0.008239682,0.03662644,0.010736871,0.010079727,0.7673478
6855,2026-08-05,0.006893423,0.03143141,0.009007483,0.011650074,0.7652146
2023,2026-08-05,0.006496274,-0.016630463,0.008529663,0.0075577176,0.7615204
6579,2026-08-05,0.009869413,0.031150583,0.013028357,0.014984329,0.7574751
6020,2026-08-05,0.0061505055,0.0032956267,0.008270065,0.010283206,0.74361706
3054,2026-08-05,0.0064290105,-0.0017786602,0.008828004,0.009785442,0.7281694
6277,2026-08-05,0.007010755,0.009856294,0.0096457265,0.0072600488,0.72674966
3588,2026-08-05,0.007307022,0.028245753,0.010185203,0.010966084,0.717345
2324,2026-08-05,0.009953158,0.014039469,0.013946682,0.0116941035,0.7136066
4561,2026-08-05,0.0067956513,0.026128817,0.009583482,0.010678214,0.70902646
6929,2026-08-05,0.006377347,0.014791205,0.008998526,0.0076327226,0.7086314
3046,2026-08-05,0.0064443112,0.030135807,0.009123456,0.009367382,0.706268
5434,2026-08-05,0.00608594,-0.0030639805,0.00866544,0.009953788,0.70224226
1314,2026-08-05,0.005577397,-0.009651458,0.007999432,0.007709008,0.69713694
6163,2026-08-05,0.0075566727,0.006636564,0.010991596,0.010481536,0.68743294
2429,2026-08-05,0.005260294,0.0059217284,0.007702437,0.0089732045,0.68285024
6721,2026-08-05,0.0064963014,-0.0114322705,0.009588847,0.009979326,0.6774145
3030,2026-08-05,0.008232737,0.008387562,0.012218015,0.012367734,0.67376435
9103,2026-08-05,0.006702451,-0.004736448,0.010112411,0.0106845405,0.66272897
3189,2026-08-05,0.009471778,0.0018274606,0.014452348,0.012865253,0.6553345
5209,2026-08-05,0.004473259,0.019257117,0.0069078137,0.008843303,0.6474714
6021,2026-08-05,0.0056560338,0.009129495,0.008772776,0.008917766,0.6446521
9907,2026-08-05,0.006401393,-0.016935261,0.0100934245,0.01096628,0.63415134
6859,2026-08-05,0.005163906,-0.0078024096,0.0082244845,0.008347595,0.62779355
7780,2026-08-05,0.0061258865,-0.013819852,0.009918441,0.008634639,0.61756366
3092,2026-08-05,0.0061666747,0.0069056177,0.010058447,0.012224629,0.6130232
8240,2026-08-05,0.0046700817,0.023156531,0.0076190736,0.010238136,0.6128657
3011,2026-08-05,0.0064263684,-0.0039992025,0.010542445,0.010393493,0.60951316
5203,2026-08-05,0.0050068647,0.017843772,0.008346291,0.008878504,0.59981906
6585,2026-08-05,0.008078575,0.028843319,0.013495018,0.011556925,0.59858954
5469,2026-08-05,0.0059736823,0.0037705833,0.009997599,0.011370613,0.5974519
8049,2026-08-05,0.0055993753,0.024096249,0.009504068,0.0094841765,0.5890937
6881,2026-08-05,0.0050026136,-0.0132839335,0.008497682,0.007337702,0.588634
1217,2026-08-05,0.005145608,-0.015640266,0.008750203,0.006316819,0.5879886
3490,2026-08-05,0.0069268635,0.019945264,0.011783112,0.015896123,0.5878138
6574,2026-08-05,0.0064707748,0.035464484,0.011131605,0.011933021,0.5812453
1815,2026-08-05,0.006216514,0.017778583,0.010790593,0.011801789,0.57605153
1423,2026-08-05,0.0051280665,-0.017890263,0.008989046,0.007904761,0.57041603
4745,2026-08-05,0.005011128,0.01849145,0.008913166,0.012630802,0.5621533
4974,2026-08-05,0.004926007,0.021561107,0.008813557,0.008840802,0.55884904
6165,2026-08-05,0.0053302106,0.0014353245,0.009635536,0.01101103,0.55312514
2427,2026-08-05,0.0049799765,-0.01629828,0.0092078615,0.009565341,0.5407809
6708,2026-08-05,0.0046054274,0.019375926,0.008599937,0.011836368,0.5354565
4767,2026-08-05,0.0048803645,0.030483657,0.009511009,0.00883035,0.513074
2236,2026-08-05,0.004345089,-0.0034823942,0.008507885,0.009748661,0.51065314
5520,2026-08-05,0.004632584,0.019033609,0.009104375,0.0081045665,0.50877464
3357,2026-08-05,0.00564992,0.02591494,0.011106815,0.011015291,0.5086437
6937,2026-08-05,0.005390207,3.8476413e-05,0.010616035,0.013274292,0.5076941
2530,2026-08-05,0.005189956,-0.015956186,0.010248596,0.0107951015,0.50635713
2357,2026-08-05,0.0054171435,0.004089647,0.010835704,0.010851824,0.49988845
3024,2026-08-05,0.0037228996,-0.00540659,0.0075838384,0.010234619,0.49083441
4538,2026-08-05,0.0047065048,-0.008933332,0.009650866,0.01219267,0.4876264
6425,2026-08-05,0.0034727694,0.017015623,0.0071895025,0.007878952,0.48296618
2379,2026-08-05,0.004342861,0.0062144306,0.009517019,0.010054062,0.45627782
4729,2026-08-05,0.0040886477,0.018485526,0.009005833,0.009363291,0.4539495
2014,2026-08-05,0.0028681227,-0.02133069,0.006401006,0.007857797,0.44800374
8421,2026-08-05,0.004078259,-0.001214398,0.009118642,0.009426459,0.4471951
5439,2026-08-05,0.004316688,0.034556866,0.00975322,0.010049246,0.44254568
2337,2026-08-05,0.004932844,-0.00046425915,0.0112099955,0.009107568,0.44000053
4137,2026-08-05,0.004174504,0.0024748123,0.009554541,0.009964647,0.43686736
1525,2026-08-05,0.00408608,0.015029411,0.009438547,0.009644704,0.4328682
3287,2026-08-05,0.004389683,0.026641874,0.010144811,0.010653233,0.4326596
8908,2026-08-05,0.0041426755,0.0083911745,0.009684876,0.0074336664,0.42770272
1218,2026-08-05,0.0040667495,-0.020791551,0.009646056,0.008078615,0.4215534
1301,2026-08-05,0.004432054,-0.014035919,0.010579672,0.012150632,0.41888207
8478,2026-08-05,0.0042990553,-0.006861429,0.010299186,0.007933072,0.41737646
6902,2026-08-05,0.0047995085,0.03500142,0.011525735,0.013128013,0.41638055
3033,2026-08-05,0.0033946487,0.014779301,0.008229659,0.009516458,0.41243947
1532,2026-08-05,0.0034984972,-0.025952252,0.008641319,0.007894925,0.40480998
8121,2026-08-05,0.0042293533,0.018588958,0.010465275,0.009176018,0.40409347
1526,2026-08-05,0.0044439365,-0.0031069492,0.011047668,0.009591273,0.40221468
6180,2026-08-05,0.0030489767,-0.01919839,0.007586368,0.00862669,0.40184906
8917,2026-08-05,0.0041274265,0.012611869,0.010331903,0.010816389,0.39944503
1235,2026-08-05,0.00404877,-0.009086417,0.010515863,0.007996983,0.38497883
3093,2026-08-05,0.004813427,-0.0023614054,0.012831325,0.0139830625,0.37510172
1584,2026-08-05,0.0029194697,-0.020465918,0.008059737,0.009825512,0.36218396
6005,2026-08-05,0.0036484564,0.019722579,0.010783268,0.010189425,0.33831283
8088,2026-08-05,0.0028753018,0.027462725,0.008633381,0.0141904885,0.3330061
6237,2026-08-05,0.0030738905,0.011124537,0.009711056,0.0077913613,0.31650254
8054,2026-08-05,0.0026644538,0.0044941367,0.009174074,0.009590912,0.29040134
3038,2026-08-05,0.0026384587,0.0071926867,0.009272646,0.009453612,0.28451148
0050,2026-08-05,0.0055395295,-0.017350256,0.019634884,0.020752976,0.28211257
2482,2026-08-05,0.0026691337,-0.00836027,0.009509871,0.009872423,0.2806403
3252,2026-08-05,0.0022817345,-0.017936708,0.008136345,0.010100209,0.2804028
6928,2026-08-05,0.0022841408,-0.0069524627,0.008422012,0.007201753,0.2711786
0051,2026-08-05,0.0031762542,0.018435875,0.012447042,0.01377655,0.25516093
6732,2026-08-05,0.0028601177,0.0014049582,0.011349564,0.012336787,0.25198022
4556,2026-08-05,0.0032547158,-0.007438792,0.01308678,0.01670281,0.24868356
6785,2026-08-05,0.0018841351,-0.004975407,0.007745389,0.009009718,0.24322754
8940,2026-08-05,0.0016507707,-0.017156953,0.00702441,0.010485997,0.23497143
9802,2026-08-05,0.0025593422,-0.01908621,0.010981122,0.010260389,0.23304623
2845,2026-08-05,0.0020624571,0.0006301723,0.008925949,0.009246543,0.23103717
2383,2026-08-05,0.0025948838,0.019764781,0.011238289,0.013852459,0.23087615
6179,2026-08-05,0.002860702,0.022398813,0.012502746,0.013811298,0.2287876
3005,2026-08-05,0.0024528527,0.005700154,0.011349549,0.010005096,0.21609992
8935,2026-08-05,0.0017139723,-0.007450371,0.008373289,0.0075473106,0.20467077
3322,2026-08-05,0.0015918168,-0.005890017,0.007897031,0.00882545,0.20154603
6136,2026-08-05,0.002298556,0.024658842,0.012503699,0.010087745,0.18381537
6515,2026-08-05,0.0016121205,0.020098662,0.00907049,0.010421717,0.17771287
9924,2026-08-05,0.0011428826,-0.01764364,0.006853778,0.009306197,0.16672789
1736,2026-08-05,0.0014709964,-0.027132278,0.009116267,0.009260907,0.16134182
4707,2026-08-05,0.003015544,0.030141842,0.01872186,0.01724458,0.16106215
7749,2026-08-05,0.0011224585,0.011817247,0.0072779194,0.009988886,0.15420675
6016,2026-08-05,0.0012918907,-0.00046114097,0.009036257,0.0069080135,0.14295164
3466,2026-08-05,0.0012909969,-0.0045370203,0.009544936,0.008439429,0.13524047
4420,2026-08-05,0.0012828708,-0.0033154055,0.009581254,0.007989025,0.13387986
6821,2026-08-05,0.001028266,0.01683104,0.009306549,0.009990001,0.11047656
5516,2026-08-05,0.00087773724,0.02890984,0.008007089,0.009254068,0.10960633
9136,2026-08-05,0.00085699855,-0.019237157,0.008535754,0.008582233,0.10038927
3122,2026-08-05,0.0007379994,0.019810747,0.007876269,0.008148644,0.093687214
4188,2026-08-05,0.0011310397,0.010907722,0.012091306,0.010261621,0.09353383
8068,2026-08-05,0.0009042388,0.01671498,0.010592133,0.010261394,0.08536085
3669,2026-08-05,0.0007444573,0.0046312,0.009339612,0.007339514,0.079701126
4545,2026-08-05,0.0005737817,0.0092939325,0.008393609,0.010324827,0.06835122
5274,2026-08-05,0.00047658855,0.012160434,0.0094210105,0.008902333,0.05058247
6240,2026-08-05,0.00043326255,0.0022500756,0.008612878,0.008806213,0.0502982
1513,2026-08-05,0.00045745185,0.0011299325,0.009144825,0.009341017,0.050017558
3686,2026-08-05,0.000353878,-0.0009954275,0.00851425,0.008347002,0.041558143
6435,2026-08-05,0.0005764352,0.020074343,0.015999358,0.012346272,0.036026392
2884,2026-08-05,0.0003068966,-0.0010436823,0.010253227,0.011012797,0.029928789
1319,2026-08-05,0.00011550101,-0.0040904395,0.0062516057,0.0069279815,0.018472461
4909,2026-08-05,0.00021087975,0.0111100245,0.013512149,0.015649458,0.015605521
1904,2026-08-05,8.766628e-05,-0.011591007,0.0068547395,0.007390314,0.012787283
4953,2026-08-05,9.7073986e-05,0.02489291,0.009653182,0.008484141,0.010055123
9950,2026-08-05,8.508482e-05,0.009194348,0.010190074,0.01058799,0.008348955
6641,2026-08-05,-9.5426076e-05,0.015806824,0.010583165,0.009195471,-0.009015928
3264,2026-08-05,-0.0001402102,0.013011093,0.011607918,0.014451237,-0.012077801
5251,2026-08-05,-0.0001390816,0.006168341,0.010223815,0.012162569,-0.013602358
2352,2026-08-05,-0.00017805395,-0.009649751,0.009127459,0.00915874,-0.019505369
3043,2026-08-05,-0.00028381584,0.0010798231,0.011610799,0.0114894435,-0.024442023
3228,2026-08-05,-0.00020395644,0.005945163,0.00730802,0.008664605,-0.02790476
4439,2026-08-05,-0.00034453708,0.0031969585,0.009795834,0.008865412,-0.035168204
6461,2026-08-05,-0.00035814865,-0.008865608,0.009526458,0.009613156,-0.037591208
8047,2026-08-05,-0.00035344486,0.007871393,0.008346417,0.010691592,-0.042341825
8105,2026-08-05,-0.0009413229,0.033904895,0.019415509,0.027511982,-0.04848054
2363,2026-08-05,-0.00056575076,0.003004299,0.011511617,0.013818036,-0.049141802
6735,2026-08-05,-0.00058379077,0.018703677,0.009106244,0.00930864,-0.0641018
3402,2026-08-05,-0.0011129876,0.009810678,0.014536462,0.01551021,-0.07655997
2303,2026-08-05,-0.0009048379,-0.005395264,0.0117222555,0.009112136,-0.07718316
6245,2026-08-05,-0.0007716654,-0.00018876222,0.009751646,0.010593762,-0.0791237
6958,2026-08-05,-0.00078565045,0.0137888575,0.009224314,0.009444166,-0.08516246
3380,2026-08-05,-0.0009766722,-0.0020335454,0.011316492,0.008469599,-0.08629758
6517,2026-08-05,-0.0008090588,-0.0036208814,0.009112506,0.008606439,-0.0887758
4116,2026-08-05,-0.00083417905,0.024620894,0.009298664,0.010199002,-0.08969992
6913,2026-08-05,-0.00091379194,0.011118067,0.010169226,0.01018152,-0.08984972
4555,2026-08-05,-0.0008683016,0.0077376096,0.009639348,0.008739002,-0.090069525
4120,2026-08-05,-0.0009093758,0.017611384,0.010001073,0.010928219,-0.090918735
4441,2026-08-05,-0.001132463,0.0026938168,0.012206424,0.010877166,-0.09276838
3625,2026-08-05,-0.0010974891,0.01151209,0.011294529,0.011133908,-0.097161375
8271,2026-08-05,-0.0011666357,-1.1908263e-05,0.011486547,0.008638274,-0.10155655
3029,2026-08-05,-0.001389454,0.013673254,0.010883308,0.01188337,-0.12765662
5211,2026-08-05,-0.001622247,0.017229255,0.012357897,0.0109494,-0.13126147
1236,2026-08-05,-0.0012999028,0.02324111,0.009380381,0.00885865,-0.138562
2061,2026-08-05,-0.0024260173,0.023125265,0.01610586,0.015870692,-0.15062012
3152,2026-08-05,-0.0020647454,0.01600457,0.012801908,0.014772345,-0.16127159
4148,2026-08-05,-0.000998924,-0.0011172888,0.0060110088,0.009379535,-0.16615479
5538,2026-08-05,-0.0019006997,-0.002096038,0.011158151,0.010346995,-0.17032655
6188,2026-08-05,-0.0018756806,0.0043881843,0.010749913,0.008677757,-0.1744671
8411,2026-08-05,-0.0014013185,0.005098945,0.007879944,0.009222422,-0.177811
2006,2026-08-05,-0.0024227567,0.0126640145,0.012768138,0.009649708,-0.18973534
6870,2026-08-05,-0.001894577,0.008304807,0.009904557,0.012540211,-0.19126406
8454,2026-08-05,-0.0024520345,0.00829718,0.012173386,0.011789074,-0.20140928
2923,2026-08-05,-0.0017893674,-0.04310082,0.008788531,0.010920854,-0.2035794
8091,2026-08-05,-0.0027115727,0.013526423,0.012731248,0.011857389,-0.21296889
4530,2026-08-05,-0.0025186904,-0.027773764,0.01149178,0.011496671,-0.21915413
2034,2026-08-05,-0.0018315568,-0.013956207,0.007999882,0.007655961,-0.22891936
1903,2026-08-05,-0.0015634551,-0.020817425,0.0067944145,0.006927857,-0.23007502
3653,2026-08-05,-0.0025351665,0.008268899,0.010699436,0.009730046,-0.23692179
6219,2026-08-05,-0.0023068422,-0.013036511,0.009665646,0.009592059,-0.23863937
3615,2026-08-05,-0.0023019495,0.011114205,0.009581586,0.0095792245,-0.24022216
6922,2026-08-05,-0.0033778637,0.018395953,0.014034116,0.016198486,-0.2406723
6279,2026-08-05,-0.002218411,0.00863905,0.00903684,0.009953775,-0.2454581
2451,2026-08-05,-0.0029247564,0.0063164136,0.011732234,0.0113075245,-0.24927112
6155,2026-08-05,-0.002455782,0.011343833,0.009630289,0.013328579,-0.25497955
8261,2026-08-05,-0.0037508518,0.0039114356,0.014705487,0.015062211,-0.25504744
6405,2026-08-05,-0.002683945,0.012771755,0.010344528,0.009360029,-0.25943047
6712,2026-08-05,-0.0029095092,0.024642328,0.010535046,0.011213875,-0.27614808
4304,2026-08-05,-0.00212558,-0.022622844,0.007689106,0.0067363637,-0.27640453
6205,2026-08-05,-0.003268996,0.009866451,0.011543124,0.013486509,-0.283174
2323,2026-08-05,-0.0024464317,0.002894935,0.008539748,0.0100525515,-0.2864423
7740,2026-08-05,-0.0035356423,0.004376495,0.0115563795,0.009993675,-0.30592075
6505,2026-08-05,-0.0035830636,-0.025656736,0.011350188,0.010797428,-0.31565538
8438,2026-08-05,-0.0032946414,0.020886017,0.010364235,0.012344257,-0.31785494
6510,2026-08-05,-0.0031389676,0.0123537695,0.009791648,0.009553035,-0.3205433
2345,2026-08-05,-0.0037749885,0.010542371,0.011762536,0.0100367125,-0.32090592
1231,2026-08-05,-0.002362909,-0.031159934,0.0073248283,0.008369378,-0.32254496
1528,2026-08-05,-0.004205828,3.681574e-05,0.012680481,0.010955159,-0.33165115
8916,2026-08-05,-0.0026032894,-0.0023397782,0.007816593,0.007890339,-0.33300394
6894,2026-08-05,-0.003168579,0.01631552,0.009230856,0.011324406,-0.34322232
4763,2026-08-05,-0.0032559002,0.00026449809,0.009357716,0.008362491,-0.3479003
6527,2026-08-05,-0.0030300245,0.029314928,0.008249777,0.010405888,-0.36724108
6432,2026-08-05,-0.004249526,-0.014129261,0.011520017,0.016194982,-0.3688499
2067,2026-08-05,-0.0037177121,0.0051072775,0.009991513,0.009767392,-0.37204978
3090,2026-08-05,-0.006896017,0.019910041,0.018190663,0.017474707,-0.37907568
2402,2026-08-05,-0.0036554986,-0.008508399,0.009610413,0.011592681,-0.38032895
2916,2026-08-05,-0.004005468,0.007054182,0.010304752,0.008917203,-0.38866335
3529,2026-08-05,-0.003939909,0.009483386,0.009979882,0.012305759,-0.39474556
5244,2026-08-05,-0.003724582,0.00843896,0.0093724,0.009940517,-0.39735654
6230,2026-08-05,-0.0025586067,-0.03222148,0.0064272555,0.0073424387,-0.39802507
2723,2026-08-05,-0.0030605143,-0.028507473,0.0075335684,0.007374962,-0.4061964
6658,2026-08-05,-0.0034550142,0.016637048,0.008502236,0.008595105,-0.4063176
5706,2026-08-05,-0.0029918973,-0.023247628,0.007253579,0.01059946,-0.41241503
6568,2026-08-05,-0.0035667417,0.01001799,0.008492668,0.008449763,-0.41992947
6509,2026-08-05,-0.0042005097,0.0049013887,0.009825105,0.009595087,-0.42748472
2419,2026-08-05,-0.0044153957,0.0073600314,0.01004428,0.01150683,-0.43954927
8499,2026-08-05,-0.004817888,-0.013917639,0.010938593,0.010999245,-0.44040835
2478,2026-08-05,-0.0065722126,0.03792976,0.014527141,0.018993253,-0.45237806
6227,2026-08-05,-0.0040086666,0.024477191,0.0087791495,0.0133379605,-0.45656016
1325,2026-08-05,-0.0036574884,-0.016020667,0.007860064,0.009188014,-0.46526635
6214,2026-08-05,-0.006334278,0.015191304,0.0135888895,0.0121019585,-0.4661022
2881,2026-08-05,-0.0054359823,-0.004882606,0.011647349,0.0095022,-0.46667403
8070,2026-08-05,-0.004136042,0.0019673796,0.008677517,0.008879557,-0.47658396
4133,2026-08-05,-0.0052919257,0.0021080012,0.0110933175,0.011340893,-0.47699425
3346,2026-08-05,-0.004688823,0.011988974,0.009320968,0.010419167,-0.5029864
5880,2026-08-05,-0.0043698745,-0.0022595515,0.008603638,0.008410692,-0.50785106
3645,2026-08-05,-0.003840042,0.00019484454,0.0075088004,0.009468121,-0.51133746
5314,2026-08-05,-0.0060410947,0.014028092,0.01161008,0.0147321075,-0.5202871
3673,2026-08-05,-0.0064751673,0.0072794994,0.012442132,0.012024954,-0.5203808
1434,2026-08-05,-0.004708932,-0.03552141,0.008998374,0.006842031,-0.523251
6895,2026-08-05,-0.0040316256,-0.014094933,0.007697043,0.0060354746,-0.52372086
8383,2026-08-05,-0.009100516,-0.031036861,0.017308036,0.017081812,-0.5257668
6664,2026-08-05,-0.0045447624,0.002778277,0.008618454,0.0077941497,-0.527268
5009,2026-08-05,-0.0047560455,-0.010774303,0.00900413,0.0105739925,-0.5281485
6164,2026-08-05,-0.0051520863,0.007530891,0.00953884,0.008757578,-0.54006004
7712,2026-08-05,-0.006874795,0.017780263,0.0124801025,0.013212584,-0.5508163
4938,2026-08-05,-0.004166139,0.0013516615,0.0075210556,0.0070863953,-0.55385643
2354,2026-08-05,-0.004601193,-0.019356731,0.008165067,0.0075939572,-0.5634528
4755,2026-08-05,-0.006141221,-0.0058972193,0.010894002,0.008850618,-0.5636732
1522,2026-08-05,-0.0058399956,-0.010399506,0.010189398,0.0067649996,-0.57308805
8011,2026-08-05,-0.0068163574,-0.00024455655,0.011729322,0.011996728,-0.58108866
3665,2026-08-05,-0.0047283154,-0.00076291786,0.008070655,0.008253276,-0.58579254
3717,2026-08-05,-0.0065932795,0.014530049,0.011249633,0.011760969,-0.5860363
5457,2026-08-05,-0.0049521625,-0.012370118,0.008339312,0.008077085,-0.5937622
6924,2026-08-05,-0.015699197,0.019233325,0.026328173,0.03567304,-0.5962662
5355,2026-08-05,-0.0074264663,0.01076043,0.012200399,0.007868813,-0.60865694
6409,2026-08-05,-0.006154127,-0.017002173,0.009774071,0.010238724,-0.6295736
5907,2026-08-05,-0.0066170422,-0.006541294,0.010342462,0.009739259,-0.6397318
9949,2026-08-05,-0.0073099043,-0.021873975,0.011387959,0.008411879,-0.6418413
6671,2026-08-05,-0.004853408,-0.009047497,0.007533551,0.009186665,-0.64415354
5321,2026-08-05,-0.0065700253,-0.02246997,0.010010866,0.010099138,-0.65622383
1326,2026-08-05,-0.0056902887,-0.021809988,0.00841373,0.009914143,-0.6762295
2329,2026-08-05,-0.0066812783,0.00043394006,0.00981119,0.012546595,-0.68091613
5464,2026-08-05,-0.00820921,-0.041213293,0.011942201,0.014466657,-0.6873542
5530,2026-08-05,-0.0060207127,-0.022412999,0.008696454,0.00806466,-0.6922385
8103,2026-08-05,-0.007311182,0.006969286,0.010298709,0.011553983,-0.7098435
6782,2026-08-05,-0.0051980545,0.016300296,0.00695616,0.00876661,-0.7471518
3023,2026-08-05,-0.0077251946,-0.0011809011,0.010221682,0.011607333,-0.7556916
9945,2026-08-05,-0.008977668,-0.0009128478,0.011863064,0.011842585,-0.75671107
4533,2026-08-05,-0.007292669,-0.0030231937,0.0096179815,0.008861994,-0.7581539
5291,2026-08-05,-0.008667279,0.0060710055,0.011332012,0.013282538,-0.7647816
3051,2026-08-05,-0.009327336,0.001221493,0.011890834,0.01080265,-0.78434795
6150,2026-08-05,-0.008684443,0.012776347,0.010829509,0.011858831,-0.80184996
3260,2026-08-05,-0.009260362,-0.017536627,0.0112894,0.00971632,-0.8201978
4569,2026-08-05,-0.010627365,0.00587295,0.012842472,0.015896486,-0.82745266
6161,2026-08-05,-0.011196564,0.006049814,0.013246716,0.010714448,-0.84516937
3221,2026-08-05,-0.032213714,0.009405197,0.037904713,0.035881825,-0.849838
3323,2026-08-05,-0.008515315,0.0021163097,0.009962123,0.010036174,-0.85468334
3413,2026-08-05,-0.0094938,-0.007237791,0.011041637,0.013524355,-0.8597403
4529,2026-08-05,-0.007435285,-0.008709758,0.0085553955,0.012182563,-0.868974
6174,2026-08-05,-0.009886959,-0.014775643,0.011372833,0.0128468815,-0.86927235
8210,2026-08-05,-0.008912903,0.00054485974,0.009976555,0.009264602,-0.89329535
2301,2026-08-05,-0.010020051,-0.012580608,0.011143062,0.01387704,-0.8991381
4563,2026-08-05,-0.0063031316,0.00059385994,0.006979789,0.008117366,-0.9029254
6423,2026-08-05,-0.014871359,0.008254604,0.016187005,0.018304603,-0.91866535
6613,2026-08-05,-0.009283347,0.011173874,0.009976379,0.0093924,-0.9304395
1455,2026-08-05,-0.008207265,-0.0141774155,0.008804012,0.007538899,-0.9321129
6805,2026-08-05,-0.007654488,0.003681864,0.008152509,0.011424393,-0.93879676
2891,2026-08-05,-0.009688711,0.003664957,0.0101535665,0.010479827,-0.9541235
5452,2026-08-05,-0.007866155,0.012658449,0.008162649,0.0090964865,-0.9635587
8114,2026-08-05,-0.012823613,-0.007338425,0.013157707,0.011226262,-0.97453445
6872,2026-08-05,-0.008229804,-0.030379944,0.008383244,0.007569296,-0.9815797
2377,2026-08-05,-0.009653432,-0.0047132433,0.009713555,0.009198364,-0.99370813
2543,2026-08-05,-0.008216953,-0.02779036,0.008227384,0.00920315,-0.9986108
3047,2026-08-05,-0.010154337,-0.0069983248,0.010142214,0.008205755,-1.0010966
2059,2026-08-05,-0.008234614,0.009385451,0.00820549,0.009598826,-1.0034269
6156,2026-08-05,-0.01055462,0.008200013,0.010285751,0.009783864,-1.0260402
1796,2026-08-05,-0.011820227,-0.0007928975,0.011512494,0.01032468,-1.0266411
6142,2026-08-05,-0.007726096,-0.012437103,0.007510294,0.010507986,-1.0285972
2317,2026-08-05,-0.00975444,-0.0059789172,0.009421863,0.012463675,-1.0351886
6957,2026-08-05,-0.011809587,-0.034117986,0.011375929,0.010770137,-1.0380293
3390,2026-08-05,-0.012406427,-0.00040870186,0.011921033,0.011004736,-1.0406301
2316,2026-08-05,-0.011695836,0.015986202,0.011188333,0.011703442,-1.0452665
5432,2026-08-05,-0.0071541374,-0.0011673586,0.00673316,0.010449132,-1.0623653
6761,2026-08-05,-0.01012789,0.007908339,0.009520465,0.007895444,-1.0636903
3443,2026-08-05,-0.011669157,0.0018590261,0.010845429,0.01113203,-1.0758524
8097,2026-08-05,-0.011493625,-0.029475562,0.01053597,0.0094591305,-1.0907903
6525,2026-08-05,-0.017154487,0.017955514,0.0154732615,0.013961839,-1.1085819
3441,2026-08-05,-0.023658229,-0.027716434,0.021333124,0.014502963,-1.1089383
8024,2026-08-05,-0.011251169,0.0004833602,0.010116105,0.009179186,-1.1120937
5864,2026-08-05,-0.009362612,-0.009077845,0.0084168045,0.011914542,-1.1122391
1440,2026-08-05,-0.007611044,-0.029145729,0.006791364,0.011331231,-1.1205295
4747,2026-08-05,-0.011906238,-0.0020086241,0.010619891,0.009079447,-1.1210207
3437,2026-08-05,-0.0155830765,0.00054432714,0.013677152,0.011219513,-1.1392677
2472,2026-08-05,-0.016094962,-0.009779185,0.01390479,0.011896406,-1.1574287
6617,2026-08-05,-0.011934414,-0.029977398,0.010192268,0.010011396,-1.1708133
5474,2026-08-05,-0.010484153,0.003556634,0.008884527,0.01087394,-1.1799135
6541,2026-08-05,-0.010310252,-0.02833053,0.008669575,0.009212055,-1.1891083
6270,2026-08-05,-0.013726139,0.010753926,0.011381783,0.01113367,-1.2058685
8096,2026-08-05,-0.013396435,0.0050012693,0.011040619,0.011579039,-1.2132673
2849,2026-08-05,-0.010527614,-0.020861771,0.008672708,0.008970245,-1.2137386
6412,2026-08-05,-0.013009682,-0.021376075,0.010686187,0.010529742,-1.2173158
4946,2026-08-05,-0.00983405,-0.0057019335,0.0077097937,0.008646131,-1.2753617
1590,2026-08-05,-0.011375853,-0.010660916,0.008873152,0.008214892,-1.2819088
8299,2026-08-05,-0.015279247,-0.011750873,0.011895504,0.011301994,-1.2843477
1710,2026-08-05,-0.013666807,-0.032401506,0.010449469,0.01230212,-1.3077697
2481,2026-08-05,-0.019639019,-0.003671668,0.014900667,0.011413343,-1.3179076
6965,2026-08-05,-0.013002767,-0.04494307,0.009858911,0.010881183,-1.318751
1721,2026-08-05,-0.0113456305,0.006136945,0.008458704,0.010433992,-1.341138
4772,2026-08-05,-0.011401063,-0.004648955,0.008485662,0.008549071,-1.3434095
6669,2026-08-05,-0.012260081,-0.013979698,0.009097062,0.008929171,-1.3475486
7709,2026-08-05,-0.01325872,0.0029470935,0.009798348,0.009998345,-1.3530205
4979,2026-08-05,-0.017372794,-0.01588295,0.012814973,0.013586682,-1.355558
4113,2026-08-05,-0.0151087325,-0.007061772,0.011060298,0.010757705,-1.3659095
2947,2026-08-05,-0.011992779,-0.020382551,0.008737718,0.0082562715,-1.3723727
2754,2026-08-05,-0.01400859,-0.007196034,0.0101462295,0.010598373,-1.3805335
2414,2026-08-05,-0.0128751425,0.018172108,0.009305853,0.010859086,-1.3834044
6624,2026-08-05,-0.015470811,-0.028443782,0.011154634,0.013439532,-1.3868159
4737,2026-08-05,-0.012143226,-0.04133479,0.0087401485,0.009616974,-1.3892026
3354,2026-08-05,-0.014558763,-0.000108853135,0.010390546,0.010990188,-1.4010199
4916,2026-08-05,-0.02032449,0.007833176,0.014443649,0.020025767,-1.40706
1735,2026-08-05,-0.013415974,-0.008474969,0.009515257,0.0099564595,-1.4097953
5438,2026-08-05,-0.011435862,-0.0036905184,0.00810809,0.012331937,-1.4102522
8444,2026-08-05,-0.017188918,-0.014218715,0.012179196,0.01230296,-1.4112185
5222,2026-08-05,-0.010458554,-0.013559085,0.0073873634,0.010766706,-1.4155442
6890,2026-08-05,-0.016313177,-0.041905586,0.011270875,0.012280689,-1.447246
1616,2026-08-05,-0.015449454,-0.009390669,0.010650905,0.00906998,-1.4503936
6199,2026-08-05,-0.02038418,-0.041272953,0.014014105,0.017431026,-1.4544436
4973,2026-08-05,-0.013771031,0.014429387,0.009415698,0.011959718,-1.4624054
6271,2026-08-05,-0.020385806,0.004745241,0.013817892,0.0135868555,-1.4752127
4419,2026-08-05,-0.013311286,-0.010758592,0.009018451,0.008018173,-1.4758421
8086,2026-08-05,-0.019518869,-0.007199624,0.013122238,0.013515442,-1.4873515
2227,2026-08-05,-0.012809878,-0.018900521,0.00850119,0.0074863266,-1.5066563
3556,2026-08-05,-0.012700682,0.0158713,0.008416832,0.011790692,-1.5087829
2049,2026-08-05,-0.01637624,-0.014754349,0.010829509,0.008136638,-1.512047
2239,2026-08-05,-0.015225847,-0.030969735,0.010040516,0.009595037,-1.5162897
3376,2026-08-05,-0.019010445,-0.020896621,0.012499775,0.011467915,-1.5207413
2250,2026-08-05,-0.013017285,0.0016722992,0.008555091,0.00785872,-1.5214056
6438,2026-08-05,-0.012394626,0.0016194255,0.008093384,0.013560342,-1.5312623
6753,2026-08-05,-0.01961727,-0.041092634,0.012771674,0.011226237,-1.5358781
2910,2026-08-05,-0.016805435,-0.032515038,0.010884735,0.010203366,-1.5438033
4746,2026-08-05,-0.0107967295,-1.6809876e-05,0.0069068726,0.008812002,-1.5629601
8059,2026-08-05,-0.0141892135,-0.014029179,0.009021948,0.007771482,-1.5725695
6241,2026-08-05,-0.016298216,0.002054752,0.010345026,0.011602907,-1.5753117
2395,2026-08-05,-0.016155621,-0.021185195,0.010137058,0.012426373,-1.5935616
8067,2026-08-05,-0.014325803,0.004120074,0.008976522,0.00940578,-1.5957414
8467,2026-08-05,-0.015278274,-0.037450917,0.009501269,0.010827458,-1.6078553
8076,2026-08-05,-0.012550897,-0.007567529,0.007728992,0.009352908,-1.6236624
2231,2026-08-05,-0.014623175,-0.026478324,0.008956717,0.010942026,-1.6324667
4952,2026-08-05,-0.017053956,-0.0033320661,0.010427771,0.009091999,-1.6352795
9919,2026-08-05,-0.014516517,-0.03185486,0.008760737,0.010694012,-1.656808
5225,2026-08-05,-0.01204832,0.0022213943,0.00720478,0.007765025,-1.6720356
3709,2026-08-05,-0.021794522,0.008531387,0.012866729,0.01525637,-1.6937349
6196,2026-08-05,-0.017759105,-0.011144685,0.010483832,0.010884197,-1.6937901
3168,2026-08-05,-0.016028991,-0.016824896,0.009442734,0.009760728,-1.697315
5243,2026-08-05,-0.015133109,-0.010922582,0.008899529,0.007040169,-1.7002481
2390,2026-08-05,-0.016365562,-0.011082451,0.009614999,0.00819146,-1.7019095
1341,2026-08-05,-0.016384406,-0.011924295,0.0095916325,0.011642852,-1.7080197
2882,2026-08-05,-0.01325952,-0.011763927,0.007746868,0.0070796353,-1.7113767
2344,2026-08-05,-0.021185346,-0.02334777,0.012349434,0.01106765,-1.7153523
6683,2026-08-05,-0.016188016,0.0006226136,0.009406806,0.009713448,-1.7207004
2348,2026-08-05,-0.012562753,-0.052237518,0.0072498056,0.0070332712,-1.732601
6642,2026-08-05,-0.020185698,0.0021765633,0.011621142,0.012205045,-1.7368311
4927,2026-08-05,-0.017677777,-0.017036105,0.01014551,0.00939666,-1.742252
2413,2026-08-05,-0.015343818,-0.00782078,0.0087976325,0.009752536,-1.7438866
3022,2026-08-05,-0.015698405,-0.010615855,0.008995001,0.009032597,-1.7450426
3617,2026-08-05,-0.018344235,0.0048906337,0.010466909,0.007537394,-1.7524258
2375,2026-08-05,-0.022029618,-0.017934449,0.0125278365,0.015633484,-1.7583131
1305,2026-08-05,-0.014999878,-0.03278727,0.008498134,0.01021375,-1.7648712
6811,2026-08-05,-0.020159595,-0.0060745096,0.011418341,0.008329403,-1.7653904
3205,2026-08-05,-0.01491465,-0.033614118,0.008316232,0.00840127,-1.7932227
6166,2026-08-05,-0.02143174,-0.043584656,0.011936095,0.012311651,-1.79539
6906,2026-08-05,-0.021912491,-0.013793302,0.012115514,0.009925965,-1.8084815
6175,2026-08-05,-0.02204109,-0.011472052,0.012090457,0.013103965,-1.8228647
1447,2026-08-05,-0.015281725,-0.034168,0.008344041,0.0078696245,-1.8312341
2351,2026-08-05,-0.017271923,0.015675388,0.0094233155,0.013147847,-1.8326979
2421,2026-08-05,-0.018761406,-0.0065036505,0.010208391,0.0091462415,-1.8376616
6781,2026-08-05,-0.014462531,-0.003445663,0.007843634,0.010089419,-1.8436208
5468,2026-08-05,-0.022857646,0.014135408,0.012388219,0.014789028,-1.8449625
6861,2026-08-05,-0.020913307,-0.0008796276,0.0112932185,0.0114965355,-1.8516824
7750,2026-08-05,-0.023564756,-0.0074581774,0.012685547,0.010089828,-1.8574601
2612,2026-08-05,-0.018350756,0.0066674263,0.009867792,0.010842469,-1.8594733
5386,2026-08-05,-0.017178368,-0.0066625644,0.0092218,0.009289983,-1.862598
3406,2026-08-05,-0.017106336,-0.0087446,0.009136012,0.009178131,-1.8722024
3147,2026-08-05,-0.04073093,-0.048584517,0.021712428,0.023613345,-1.8758407
2408,2026-08-05,-0.02263602,-0.020981306,0.012018074,0.010491053,-1.8833414
1459,2026-08-05,-0.01772769,0.005749184,0.009360913,0.0103973,-1.8935969
1337,2026-08-05,-0.013953863,-0.026331166,0.007319701,0.0073795714,-1.906083
4198,2026-08-05,-0.017767608,-0.022721406,0.009311479,0.010738753,-1.9079354
1439,2026-08-05,-0.020569166,-0.00047319956,0.010778007,0.009405615,-1.9082617
6649,2026-08-05,-0.022133227,-0.029263476,0.011596105,0.009911472,-1.9085131
6284,2026-08-05,-0.016529197,-0.009578655,0.008639048,0.011106516,-1.9130908
1409,2026-08-05,-0.017541168,-0.014299776,0.009082781,0.009506199,-1.9310426
6516,2026-08-05,-0.016791098,0.0039185626,0.0086826505,0.009600238,-1.933645
6024,2026-08-05,-0.020222565,-0.05116396,0.010423282,0.009218443,-1.939948
6788,2026-08-05,-0.027369292,-0.010752319,0.014047627,0.011759285,-1.9481827
6127,2026-08-05,-0.024845414,-0.012260111,0.012726123,0.01090817,-1.9521625
4968,2026-08-05,-0.022373375,-0.021763531,0.011382076,0.013568159,-1.9654946
6654,2026-08-05,-0.04725858,-0.019364992,0.023918543,0.027093416,-1.9757308
5206,2026-08-05,-0.013390252,0.008779136,0.0067754146,0.0073196357,-1.9760085
6449,2026-08-05,-0.024519442,-0.015277538,0.012359517,0.012079912,-1.9836906
8042,2026-08-05,-0.029687976,-0.0039973943,0.014841011,0.011806938,-2.0002663
2454,2026-08-05,-0.016804708,-0.008971727,0.008270306,0.009244114,-2.0316875
6546,2026-08-05,-0.015824294,-0.0030228372,0.0077328226,0.008720512,-2.0461154
6584,2026-08-05,-0.017684277,-0.006584723,0.008637832,0.0088289995,-2.047068
6134,2026-08-05,-0.025450382,0.002109665,0.012409784,0.013288252,-2.0506668
6768,2026-08-05,-0.0140985055,-0.03832108,0.0068605905,0.0053511965,-2.0546994
1308,2026-08-05,-0.019801347,-0.040993992,0.009623302,0.012013671,-2.057432
6220,2026-08-05,-0.02238057,-0.01659472,0.010806538,0.010772349,-2.0708296
1466,2026-08-05,-0.020467587,-0.020906795,0.009863896,0.011161723,-2.0747898
6535,2026-08-05,-0.018786896,-0.036301717,0.008986708,0.008985233,-2.0902877
1718,2026-08-05,-0.02279112,-0.021324899,0.010891658,0.011070824,-2.0923376
3088,2026-08-05,-0.025953544,-0.049409367,0.012395892,0.017006546,-2.0935524
3041,2026-08-05,-0.025046777,-0.021173086,0.0119531,0.013661173,-2.0952458
8104,2026-08-05,-0.020060189,-0.019733636,0.009397158,0.009180365,-2.1344807
2483,2026-08-05,-0.038539983,-0.0037187024,0.017964711,0.015228554,-2.1451967
2461,2026-08-05,-0.021034958,0.0047425907,0.009799213,0.011859193,-2.1463776
4571,2026-08-05,-0.037629668,-0.021766666,0.017504893,0.019065881,-2.1495428
7703,2026-08-05,-0.0243084,-0.027365593,0.011277429,0.012157484,-2.1553001
1605,2026-08-05,-0.019900998,-0.026842706,0.009217012,0.007404614,-2.158925
6830,2026-08-05,-0.0593055,-0.06012414,0.027424114,0.024836019,-2.1624522
4305,2026-08-05,-0.019279616,-0.0038475578,0.008908845,0.008543419,-2.1638553
9914,2026-08-05,-0.016386444,-0.035274524,0.0075445543,0.011204503,-2.1716688
6598,2026-08-05,-0.019667685,-0.009100197,0.0090148365,0.008426915,-2.1814597
6695,2026-08-05,-0.020243717,-0.021376686,0.009275487,0.009301915,-2.1822612
3032,2026-08-05,-0.017259533,-0.011962472,0.007898346,0.006519447,-2.184932
6231,2026-08-05,-0.02216258,-0.0045612743,0.010132878,0.011934652,-2.1869793
3078,2026-08-05,-0.022286348,-0.025012739,0.010186313,0.010771843,-2.187657
3135,2026-08-05,-0.020666055,-0.00086885545,0.009387659,0.008736939,-2.201172
2374,2026-08-05,-0.020920571,-0.011699333,0.0094535425,0.009467705,-2.2127533
6462,2026-08-05,-0.016195774,-0.011086881,0.007296649,0.008452767,-2.219314
6234,2026-08-05,-0.020662984,-0.00080666284,0.009299489,0.011315935,-2.2217095
3563,2026-08-05,-0.02568938,-0.020256989,0.011404317,0.011495803,-2.252404
3114,2026-08-05,-0.032306146,-0.003666172,0.014319892,0.016670438,-2.255875
5426,2026-08-05,-0.028867073,-0.019233512,0.012790873,0.014211449,-2.2566729
6206,2026-08-05,-0.027285982,-0.010378297,0.0120491525,0.013903921,-2.264368
2314,2026-08-05,-0.021274623,-0.016163895,0.009370532,0.011783959,-2.2701328
2353,2026-08-05,-0.022728356,-0.036634836,0.010006872,0.009612987,-2.2710478
3211,2026-08-05,-0.030585026,-0.039673258,0.013416458,0.011183885,-2.2794948
3191,2026-08-05,-0.02404062,0.0035629312,0.010539342,0.013158291,-2.28082
2355,2026-08-05,-0.024370393,-0.01323237,0.010676674,0.01091622,-2.2823691
5443,2026-08-05,-0.024538679,-0.01851121,0.010679205,0.0125365695,-2.297585
2855,2026-08-05,-0.023898311,0.0063192616,0.01036262,0.013146173,-2.305981
2634,2026-08-05,-0.028054984,-0.043356124,0.012129001,0.0089406585,-2.312859
5388,2026-08-05,-0.020875053,-0.026502153,0.008919427,0.0090476535,-2.3401406
8249,2026-08-05,-0.020045528,-0.018452136,0.008519569,0.01037181,-2.3526042
8429,2026-08-05,-0.02101528,-0.027397752,0.008894623,0.008438911,-2.3624291
3555,2026-08-05,-0.023921395,-0.009146104,0.010104244,0.012965634,-2.367226
2464,2026-08-05,-0.032317452,-0.01716995,0.013650644,0.01322496,-2.3672938
6538,2026-08-05,-0.035678286,-0.009236028,0.0150656635,0.015667778,-2.3680284
2434,2026-08-05,-0.053399395,-0.05537418,0.022496985,0.022781948,-2.373519
1312,2026-08-05,-0.020224387,-0.032407783,0.008495753,0.00903219,-2.3802488
3034,2026-08-05,-0.019470531,-0.0066173393,0.008103151,0.0104728285,-2.402538
6862,2026-08-05,-0.026417563,-0.0152491825,0.01097157,0.009361831,-2.4076002
6689,2026-08-05,-0.025511116,-0.011764728,0.010580848,0.013356116,-2.4108374
6492,2026-08-05,-0.018765831,-0.030483726,0.007752551,0.008480847,-2.4202886
1414,2026-08-05,-0.028184438,0.001122055,0.011615642,0.008544048,-2.426212
6488,2026-08-05,-0.031478126,-0.03211953,0.012949497,0.013024366,-2.43065
6125,2026-08-05,-0.056608725,-0.039450742,0.023259204,0.025432484,-2.4337158
8222,2026-08-05,-0.028113004,-0.034194447,0.011515881,0.0093201585,-2.4410257
1789,2026-08-05,-0.023259992,-0.035555962,0.009485619,0.008253107,-2.4518735
0053,2026-08-05,-0.03671104,-0.014085656,0.014882807,0.018195378,-2.4665089
1795,2026-08-05,-0.031817563,-0.031986997,0.012888514,0.013516522,-2.4684842
8155,2026-08-05,-0.023352178,-0.019440258,0.009375846,0.008825871,-2.4904084
3066,2026-08-05,-0.025894152,-0.005584085,0.010391443,0.011429492,-2.4916327
5258,2026-08-05,-0.025914034,-0.024107276,0.010352579,0.010269951,-2.5029058
2465,2026-08-05,-0.042437162,-0.039974023,0.016882408,0.014875712,-2.5135424
4183,2026-08-05,-0.031021925,-0.011611594,0.0122170495,0.010450732,-2.5390244
3138,2026-08-05,-0.03186178,-0.016116159,0.012544668,0.0084769,-2.5396636
5285,2026-08-05,-0.038286768,-0.02113417,0.015054379,0.014202461,-2.5430624
2009,2026-08-05,-0.024878804,-0.017124865,0.009731915,0.0074324636,-2.5561514
8927,2026-08-05,-0.021384077,-0.00945187,0.008326544,0.008332841,-2.567873
6863,2026-08-05,-0.034901842,-0.024246434,0.013584723,0.011286365,-2.5690088
6952,2026-08-05,-0.027910287,-0.0062156073,0.010843624,0.013885097,-2.5736518
3141,2026-08-05,-0.026651133,0.0012114835,0.010344932,0.011925623,-2.5760012
6198,2026-08-05,-0.025778107,-0.037152436,0.0099891005,0.011522757,-2.5803652
1456,2026-08-05,-0.02177952,-0.0080200145,0.008428776,0.009157211,-2.5836418
6113,2026-08-05,-0.026353156,-0.004345508,0.010166815,0.009790326,-2.591821
3062,2026-08-05,-0.025959684,-0.026930338,0.009980265,0.0090624355,-2.600841
1225,2026-08-05,-0.022615371,-0.059260692,0.008664833,0.008060449,-2.6097167
8043,2026-08-05,-0.057933126,-0.029697785,0.022137076,0.027768658,-2.6168997
1785,2026-08-05,-0.02927647,-0.016659847,0.011178444,0.011990369,-2.6187768
6841,2026-08-05,-0.021631788,-0.032491844,0.00824869,0.008536071,-2.6221335
3209,2026-08-05,-0.022077003,-0.0059587616,0.0084071085,0.008554614,-2.62568
4722,2026-08-05,-0.046357468,-0.035128873,0.017640224,0.015603389,-2.6277921
3481,2026-08-05,-0.020915817,-0.018638914,0.007943751,0.009302895,-2.6326585
6190,2026-08-05,-0.025837988,-0.016979234,0.009777817,0.010882829,-2.6422405
8289,2026-08-05,-0.035076156,-0.01746961,0.01325047,0.0147541175,-2.6469634
4906,2026-08-05,-0.030721324,-0.01828968,0.011590768,0.012017323,-2.6502707
5475,2026-08-05,-0.029484713,-0.010696777,0.011109833,0.0104784565,-2.6536906
6223,2026-08-05,-0.020089429,-0.003570409,0.0075555886,0.0107256975,-2.6585317
3591,2026-08-05,-0.030028911,-0.02585051,0.0112825455,0.010642341,-2.661301
8093,2026-08-05,-0.024668483,-0.0061071175,0.009254716,0.008581674,-2.665216
1215,2026-08-05,-0.026253458,-0.051010013,0.009829033,0.0089448765,-2.6707394
4123,2026-08-05,-0.02583716,-0.02294963,0.009661412,0.008180124,-2.6739867
6716,2026-08-05,-0.023111295,0.0029617308,0.008626229,0.012414753,-2.678878
5234,2026-08-05,-0.019520372,-0.006268856,0.0072401026,0.007733482,-2.6957736
5483,2026-08-05,-0.02822272,-0.035059813,0.010460139,0.008789945,-2.6978629
3624,2026-08-05,-0.029939242,-0.006868944,0.011086701,0.009112635,-2.7002208
3630,2026-08-05,-0.026666364,-0.040106464,0.009841663,0.008814169,-2.709263
3059,2026-08-05,-0.03347848,-0.04002926,0.012354133,0.010767046,-2.709682
4564,2026-08-05,-0.03978143,-0.06619858,0.014519909,0.012989117,-2.7395961
3661,2026-08-05,-0.021418521,-0.01094434,0.007805475,0.011949464,-2.7436867
2338,2026-08-05,-0.033902504,-0.020317849,0.012348462,0.014382779,-2.7452614
8112,2026-08-05,-0.027304478,-0.03079021,0.009939422,0.011048954,-2.7468128
4303,2026-08-05,-0.027288202,-0.02078772,0.009886995,0.009223403,-2.7597306
2867,2026-08-05,-0.0281894,-0.025904544,0.010203767,0.012070414,-2.7623758
6143,2026-08-05,-0.022483896,-0.01233598,0.008060093,0.00894812,-2.789187
2312,2026-08-05,-0.029856047,-0.027946454,0.010699171,0.011069423,-2.7902403
6532,2026-08-05,-0.029193338,-0.0070374073,0.010424196,0.014577148,-2.8002675
6225,2026-08-05,-0.020382382,-0.028827522,0.0072146007,0.009261301,-2.824766
4174,2026-08-05,-0.029086022,-0.047887165,0.010263675,0.010384178,-2.8336036
3605,2026-08-05,-0.02692622,-0.03225381,0.009479134,0.012157696,-2.8402781
6451,2026-08-05,-0.04524726,-0.045260645,0.015891856,0.014253027,-2.847019
6235,2026-08-05,-0.02909871,-0.020362636,0.0102166,0.01044798,-2.8479006
6854,2026-08-05,-0.028193142,-0.020577736,0.009895204,0.010532074,-2.8488846
6672,2026-08-05,-0.051610652,-0.0212429,0.018089341,0.018692266,-2.8529396
2409,2026-08-05,-0.036198154,-0.039438616,0.01267869,0.00983922,-2.8548138
6640,2026-08-05,-0.024624309,-0.02294959,0.008602909,0.010006237,-2.8619907
5299,2026-08-05,-0.034173675,-0.012234402,0.011830592,0.011908287,-2.8883412
0057,2026-08-05,-0.09527653,-0.058203753,0.03290731,0.04016129,-2.895212
1909,2026-08-05,-0.025834536,-0.034503426,0.008915222,0.007600738,-2.8974755
4562,2026-08-05,-0.030791929,-0.015590171,0.010623327,0.011240558,-2.8982472
2455,2026-08-05,-0.029251989,-0.02303471,0.010082198,0.0103457,-2.9010625
6472,2026-08-05,-0.042816304,-0.02655773,0.014733516,0.015141192,-2.9058506
5425,2026-08-05,-0.050040174,-0.014953038,0.017146857,0.016060632,-2.918159
3338,2026-08-05,-0.032239694,-0.025976041,0.011006913,0.0116292015,-2.9287744
8255,2026-08-05,-0.03312807,-0.020766567,0.011308992,0.010904908,-2.9290977
8422,2026-08-05,-0.025393926,-0.025706477,0.008668377,0.011168193,-2.9291523
3040,2026-08-05,-0.034786105,-0.02384835,0.011765116,0.010663087,-2.9564645
8227,2026-08-05,-0.026519593,-0.012804813,0.008940977,0.009651871,-2.9657414
4912,2026-08-05,-0.028446762,-0.008663463,0.009573825,0.011072354,-2.9709954
6955,2026-08-05,-0.027431132,-0.014022958,0.0092238365,0.013549878,-2.973617
3015,2026-08-05,-0.029858436,-0.019281741,0.010031365,0.0107394075,-2.976211
1313,2026-08-05,-0.02976303,-0.04980095,0.00998625,0.008119261,-2.9801025
3042,2026-08-05,-0.03770472,-0.024260672,0.0126230335,0.011281631,-2.986741
4749,2026-08-05,-0.03735539,-0.030459035,0.012489316,0.011479009,-2.9907482
6215,2026-08-05,-0.028714342,-0.01768336,0.009596556,0.011906591,-2.9918387
3013,2026-08-05,-0.025945222,-0.019645276,0.008645197,0.008683076,-3.0007668
6547,2026-08-05,-0.027548794,-0.034367163,0.009118136,0.010776619,-3.0209873
8050,2026-08-05,-0.032007527,-0.037886962,0.010497972,0.009352428,-3.048634
6609,2026-08-05,-0.028819926,-0.03194878,0.009445204,0.0115355095,-3.050953
4142,2026-08-05,-0.026906082,-0.03161189,0.008804246,0.010064129,-3.0556877
2104,2026-08-05,-0.03442453,-0.05872851,0.011258948,0.010390574,-3.0572548
5309,2026-08-05,-0.032851707,-0.02460761,0.010735336,0.009147013,-3.0598621
8426,2026-08-05,-0.023545442,-0.0118361255,0.007689148,0.007897179,-3.061767
2406,2026-08-05,-0.032269917,-0.026179086,0.010509462,0.0116604315,-3.0702662
2453,2026-08-05,-0.026088463,-0.004856657,0.008484619,0.008943124,-3.0744326
3035,2026-08-05,-0.049847767,-0.058581218,0.01609463,0.018042443,-3.096975
2883,2026-08-05,-0.029254373,-0.02542435,0.009381981,0.008698992,-3.1178124
3694,2026-08-05,-0.031174636,-0.030813307,0.009980868,0.014949389,-3.1231265
4583,2026-08-05,-0.027556999,-0.032590773,0.008810333,0.00783024,-3.1274493
6792,2026-08-05,-0.036688413,-0.016778838,0.011705021,0.0103332875,-3.1341488
3520,2026-08-05,-0.034766782,-0.0050378633,0.011072846,0.0065347417,-3.13954
4577,2026-08-05,-0.048177402,-0.056258734,0.015291476,0.015504979,-3.1503992
3317,2026-08-05,-0.03682878,-0.02309622,0.011654342,0.010824365,-3.1598196
6742,2026-08-05,-0.04068529,-0.027866034,0.012833772,0.012424442,-3.1699266
5276,2026-08-05,-0.030884944,-0.015826778,0.009629656,0.007841731,-3.206941
6126,2026-08-05,-0.031763993,-0.015577563,0.009897497,0.011562915,-3.2089715
8215,2026-08-05,-0.027580196,-0.024579028,0.008585953,0.008363131,-3.211872
4958,2026-08-05,-0.023043446,-0.020478358,0.007168899,0.010163708,-3.213915
8069,2026-08-05,-0.030501047,-0.026804635,0.009419121,0.0121693555,-3.2378614
3550,2026-08-05,-0.041570205,-0.025630709,0.012787747,0.012854787,-3.2505298
2436,2026-08-05,-0.04554212,-0.033783056,0.013912893,0.010374308,-3.27314
2545,2026-08-05,-0.032487266,-0.060467005,0.009908648,0.0088898875,-3.278347
1742,2026-08-05,-0.031546075,0.0038905223,0.0096189985,0.010341885,-3.2792182
1810,2026-08-05,-0.036081478,-0.04952699,0.010983827,0.011194819,-3.284665
7799,2026-08-05,-0.024924273,-0.029312305,0.0075583146,0.0066168695,-3.2971604
3693,2026-08-05,-0.03679062,-0.033251066,0.011153509,0.012278531,-3.2982733
6431,2026-08-05,-0.03297251,-0.021354357,0.009938762,0.01112449,-3.3172336
5381,2026-08-05,-0.045878243,-0.03718318,0.013813937,0.014365509,-3.3209157
2423,2026-08-05,-0.035860952,-0.02363097,0.010788069,0.009908588,-3.3238225
3031,2026-08-05,-0.03463938,-0.00928998,0.010392218,0.010204599,-3.3328831
4726,2026-08-05,-0.026511308,-0.034370247,0.007951611,0.0088995835,-3.3336608
6679,2026-08-05,-0.03439683,-0.023643114,0.01022729,0.011284411,-3.3629112
1722,2026-08-05,-0.025494915,-0.05591296,0.007579159,0.008315676,-3.3633747
6108,2026-08-05,-0.04284721,-0.029907681,0.012669789,0.0097244885,-3.381574
6182,2026-08-05,-0.03575405,-0.03983013,0.010560158,0.0124946935,-3.3854291
4934,2026-08-05,-0.028966427,-0.014755103,0.008551715,0.008967106,-3.3868105
1905,2026-08-05,-0.03372606,-0.053587906,0.009946523,0.0096487375,-3.3903975
3511,2026-08-05,-0.03286314,-0.018940914,0.009670959,0.012027227,-3.397775
2359,2026-08-05,-0.05423025,-0.0770533,0.015926657,0.01669413,-3.4047852
2362,2026-08-05,-0.030013448,-0.017537048,0.008804392,0.012399454,-3.4085305
4991,2026-08-05,-0.04523872,-0.034431346,0.013259164,0.012002371,-3.4116259
6526,2026-08-05,-0.039398056,-0.033997256,0.011546324,0.011120395,-3.4118774
2392,2026-08-05,-0.031009864,-0.022969205,0.009083551,0.007874168,-3.4134722
7402,2026-08-05,-0.05033946,-0.04626328,0.014737784,0.016229674,-3.4154418
3535,2026-08-05,-0.038248483,-0.025791902,0.01113034,0.010203741,-3.4361074
4966,2026-08-05,-0.025257846,-0.018326776,0.007330799,0.009420259,-3.4449728
6834,2026-08-05,-0.1148818,-0.047519255,0.033335343,0.027009152,-3.446143
6997,2026-08-05,-0.037945405,-0.04644258,0.011008598,0.009601345,-3.446575
2540,2026-08-05,-0.030092577,-0.030732568,0.008725049,0.009026294,-3.4485912
8472,2026-08-05,-0.029475443,-0.048921254,0.008539153,0.008384316,-3.451395
6933,2026-08-05,-0.065910615,-0.068027824,0.019063666,0.017772773,-3.4572132
4139,2026-08-05,-0.029541116,-0.027044445,0.008502129,0.009455985,-3.4741464
6869,2026-08-05,-0.031626977,-0.035695117,0.009075683,0.010101299,-3.4844203
6603,2026-08-05,-0.023285786,-0.0028217935,0.006664823,0.009006677,-3.4933102
8109,2026-08-05,-0.033208326,-0.010493785,0.009449484,0.009309807,-3.5139284
6139,2026-08-05,-0.0316013,-0.023129739,0.008985656,0.010079056,-3.516469
4168,2026-08-05,-0.029603478,-0.03386115,0.008409933,0.008439713,-3.5196424
3081,2026-08-05,-0.03145206,-0.029681422,0.008910332,0.009397567,-3.5294454
3229,2026-08-05,-0.03852365,-0.021714112,0.010913313,0.012456012,-3.529645
6875,2026-08-05,-0.03223383,-0.056583572,0.009121732,0.007958364,-3.5333529
6446,2026-08-05,-0.043896936,-0.03835397,0.012278277,0.010845937,-3.5748794
3680,2026-08-05,-0.04247504,-0.025855463,0.011840858,0.0113722645,-3.5868561
6698,2026-08-05,-0.036692116,-0.021863839,0.010171012,0.009201703,-3.607164
3162,2026-08-05,-0.041346796,-0.028759576,0.0114279995,0.012974511,-3.6177092
6485,2026-08-05,-0.03873076,-0.015500796,0.010698635,0.011489996,-3.6198204
6693,2026-08-05,-0.041853663,-0.015155128,0.011546427,0.013760607,-3.624501
4949,2026-08-05,-0.04165191,-0.02696693,0.011478377,0.012075434,-3.628412
2405,2026-08-05,-0.0364051,-0.033354737,0.009985928,0.008036375,-3.645275
2460,2026-08-05,-0.03847927,-0.017742438,0.010548751,0.008350673,-3.6474102
6124,2026-08-05,-0.031515278,-0.03116726,0.00860201,0.010168731,-3.663285
6414,2026-08-05,-0.04240549,-0.054030202,0.011536783,0.01199811,-3.6753585
3691,2026-08-05,-0.040247694,-0.027361797,0.010876175,0.011301216,-3.7001972
4908,2026-08-05,-0.063976794,-0.046937004,0.017262159,0.018485956,-3.7059727
3516,2026-08-05,-0.03461124,-0.009237687,0.009326789,0.009526132,-3.7105515
2439,2026-08-05,-0.029799275,-0.05230167,0.00802911,0.007634608,-3.7109423
6887,2026-08-05,-0.04026294,-0.04978312,0.010848517,0.009467646,-3.7110355
2426,2026-08-05,-0.055075224,-0.039598044,0.014801719,0.014153474,-3.7206154
2401,2026-08-05,-0.044755504,-0.03751429,0.012015051,0.013397438,-3.7246432
3006,2026-08-05,-0.044689525,-0.044858668,0.011961497,0.009092394,-3.7358022
6426,2026-08-05,-0.058161553,-0.06082472,0.015545506,0.023414657,-3.7411335
4741,2026-08-05,-0.042412706,-0.019299904,0.011316534,0.012297844,-3.7475216
6877,2026-08-05,-0.048932336,-0.037680928,0.012990025,0.01951066,-3.7666264
3715,2026-08-05,-0.039299473,-0.03554394,0.010412189,0.0111878645,-3.7740092
6442,2026-08-05,-0.03201958,-0.017837139,0.008444997,0.010174742,-3.7910957
3305,2026-08-05,-0.04404543,-0.030708514,0.011600521,0.012420677,-3.796522
3576,2026-08-05,-0.051115774,-0.056372833,0.013460395,0.011165574,-3.7972121
2331,2026-08-05,-0.030465325,-0.021848535,0.008005393,0.008609023,-3.805125
6278,2026-08-05,-0.041965313,-0.020908939,0.010949712,0.00905854,-3.8321993
6733,2026-08-05,-0.0520674,-0.040516846,0.013556401,0.013608121,-3.8405147
8048,2026-08-05,-0.038267273,-0.01518777,0.00993418,0.011238029,-3.8516939
3105,2026-08-05,-0.035562493,-0.02951329,0.009225297,0.012164729,-3.8544707
2467,2026-08-05,-0.040489625,-0.04791336,0.010479349,0.010012943,-3.8633852
5345,2026-08-05,-0.06966341,-0.07229271,0.01802191,0.017678393,-3.8652701
2637,2026-08-05,-0.031362716,-0.017743977,0.008109742,0.008612117,-3.8668122
3708,2026-08-05,-0.038088713,-0.035730552,0.009803766,0.009598242,-3.884714
6558,2026-08-05,-0.04740479,-0.039579675,0.01218561,0.011678749,-3.8899076
6147,2026-08-05,-0.050854214,-0.04422263,0.01306331,0.013017786,-3.8926063
2302,2026-08-05,-0.05920777,-0.029614653,0.015189623,0.019299028,-3.8976524
2643,2026-08-05,-0.029860357,-0.009101826,0.0076444354,0.007856328,-3.9056451
6550,2026-08-05,-0.04096413,-0.06186523,0.010436003,0.012186543,-3.9248939
2485,2026-08-05,-0.05922149,-0.039159592,0.015039194,0.015733538,-3.9375482
3003,2026-08-05,-0.033894077,-0.01694363,0.008583894,0.010662124,-3.9481065
2913,2026-08-05,-0.026260134,-0.052161302,0.006629455,0.010029211,-3.960533
2342,2026-08-05,-0.04935002,-0.03173088,0.012446142,0.013028804,-3.9647672
3523,2026-08-05,-0.041593216,-0.04247973,0.010419166,0.011241362,-3.991608
2645,2026-08-05,-0.06496508,-0.041032996,0.016250543,0.020173978,-3.997471
8182,2026-08-05,-0.060224336,-0.05103504,0.015059644,0.013983017,-3.9987886
4967,2026-08-05,-0.035497945,-0.020051679,0.008872551,0.008750052,-4.0004215
6789,2026-08-05,-0.045570366,-0.052106466,0.011343218,0.008868489,-4.0170565
4976,2026-08-05,-0.05272997,-0.066125676,0.013103916,0.016568901,-4.023679
5245,2026-08-05,-0.04085322,-0.052580588,0.010131911,0.010598081,-4.0317354
6153,2026-08-05,-0.03798129,-0.021893581,0.009380929,0.010486233,-4.0483456
2368,2026-08-05,-0.054244615,-0.037354704,0.013373814,0.010748077,-4.0557284
3036,2026-08-05,-0.0425318,-0.02281367,0.010482093,0.010845092,-4.0571804
2486,2026-08-05,-0.055595852,-0.05674203,0.013692466,0.014400661,-4.0600276
8147,2026-08-05,-0.050147295,-0.034179747,0.012348581,0.013062876,-4.0606475
6276,2026-08-05,-0.056370173,-0.037919257,0.013851404,0.012630884,-4.069342
3577,2026-08-05,-0.13164823,-0.11951617,0.032145303,0.04036006,-4.095284
5202,2026-08-05,-0.049009785,-0.034060642,0.011950531,0.00922936,-4.100712
4402,2026-08-05,-0.043257456,-0.01685582,0.01054209,0.011560591,-4.10292
8358,2026-08-05,-0.052214947,-0.035288945,0.012679191,0.012063886,-4.117836
3236,2026-08-05,-0.060397442,-0.03709708,0.014656255,0.013069463,-4.1206517
8074,2026-08-05,-0.03481202,-0.0125321355,0.008437999,0.011955823,-4.125136
4585,2026-08-05,-0.039605387,-0.04532315,0.009586591,0.009015971,-4.1309004
6739,2026-08-05,-0.038519178,-0.024782773,0.009295747,0.009427108,-4.1432962
6456,2026-08-05,-0.04391528,-0.050263062,0.010597701,0.010816319,-4.1434584
4510,2026-08-05,-0.0588205,-0.061212372,0.014194622,0.013357349,-4.143566
6243,2026-08-05,-0.056880187,-0.07981571,0.013721871,0.013906508,-4.144919
4167,2026-08-05,-0.038521014,-0.029581785,0.009290513,0.011132453,-4.145828
3704,2026-08-05,-0.033014502,-0.04044305,0.0079563055,0.010808014,-4.148955
1468,2026-08-05,-0.05474728,-0.028196905,0.013182849,0.00985935,-4.152602
4960,2026-08-05,-0.04972514,-0.03930571,0.011969413,0.009762189,-4.1540036
6213,2026-08-05,-0.0528855,-0.04346273,0.012686446,0.011295878,-4.1683326
1582,2026-08-05,-0.047598742,-0.040840376,0.011405106,0.008466171,-4.1730933
2417,2026-08-05,-0.039596286,-0.029537113,0.009466957,0.010257404,-4.182136
4576,2026-08-05,-0.06358437,-0.044644568,0.015190288,0.017352838,-4.185581
2630,2026-08-05,-0.040001176,-0.0569969,0.0094487155,0.011351034,-4.233056
2457,2026-08-05,-0.049959328,-0.036620576,0.011782853,0.010140381,-4.2396426
3028,2026-08-05,-0.044882298,-0.023946527,0.010563497,0.011668796,-4.2484083
7610,2026-08-05,-0.046109524,-0.036027156,0.010847044,0.010678294,-4.2504916
6919,2026-08-05,-0.034223326,-0.040304407,0.008036798,0.009320227,-4.2577987
6419,2026-08-05,-0.052219573,-0.027311487,0.012239716,0.017027846,-4.2660556
7728,2026-08-05,-0.050454438,-0.036726363,0.011706671,0.0077507603,-4.30952
3294,2026-08-05,-0.04194932,-0.035457447,0.009703485,0.009241848,-4.3226733
4413,2026-08-05,-0.0320016,-0.027503816,0.0073699695,0.008322158,-4.3415728
6944,2026-08-05,-0.07879367,-0.0661508,0.018133102,0.017012388,-4.3450546
8477,2026-08-05,-0.0363832,-0.015619597,0.008371211,0.009938427,-4.34571
3321,2026-08-05,-0.049645044,-0.03128963,0.011415041,0.011663596,-4.348709
1304,2026-08-05,-0.037689116,-0.060500436,0.008652912,0.0073160576,-4.355153
7751,2026-08-05,-0.03100636,-0.017319608,0.007117006,0.009381928,-4.356046
1569,2026-08-05,-0.0550416,-0.04328389,0.0125599755,0.011627751,-4.381953
4768,2026-08-05,-0.05495833,-0.058033086,0.012528908,0.013278634,-4.3861713
2399,2026-08-05,-0.084804416,-0.050710436,0.01923845,0.020417131,-4.40784
3545,2026-08-05,-0.037347868,-0.0318068,0.008429697,0.010030872,-4.429986
3491,2026-08-05,-0.041859984,-0.033638593,0.009436391,0.0088769365,-4.435546
3026,2026-08-05,-0.060730275,-0.048533224,0.013684379,0.011956328,-4.4376025
4716,2026-08-05,-0.047344554,-0.050319426,0.01060027,0.010881787,-4.4659324
3163,2026-08-05,-0.04587374,-0.03728572,0.0102341715,0.011192312,-4.481971
6418,2026-08-05,-0.042318143,-0.01558673,0.009417599,0.009714434,-4.49304
1714,2026-08-05,-0.059149377,-0.046778005,0.013133218,0.0116065135,-4.5034566
3558,2026-08-05,-0.042557217,-0.03458278,0.009446894,0.011209256,-4.504413
3583,2026-08-05,-0.03175415,-0.023547264,0.0070387605,0.0076020085,-4.5106864
2313,2026-08-05,-0.04328193,-0.048594944,0.009586471,0.011934694,-4.514426
4566,2026-08-05,-0.05111881,-0.06477836,0.0113077015,0.010012997,-4.5203075
3312,2026-08-05,-0.05694855,-0.04380236,0.012594724,0.016610505,-4.5212603
6668,2026-08-05,-0.040783636,-0.06090293,0.008975259,0.009044129,-4.5435004
2332,2026-08-05,-0.049352355,-0.04828728,0.010786059,0.009898827,-4.5751443
2397,2026-08-05,-0.036012653,-0.028752863,0.007863097,0.008970041,-4.5793753
5392,2026-08-05,-0.05114995,-0.040294647,0.011136864,0.011520771,-4.5924377
6491,2026-08-05,-0.032323353,-0.013132957,0.0070097027,0.00910724,-4.610573
9105,2026-08-05,-0.07441584,-0.062115874,0.016092047,0.01179211,-4.624099
6840,2026-08-05,-0.05269735,-0.03475553,0.011393546,0.011677949,-4.624787
2365,2026-08-05,-0.0528534,-0.044638958,0.011330862,0.010210088,-4.664141
4739,2026-08-05,-0.047133777,-0.027947359,0.010100213,0.011445421,-4.66615
3580,2026-08-05,-0.05154484,-0.031439666,0.011001828,0.013400191,-4.68469
6274,2026-08-05,-0.0511753,-0.041158948,0.010866076,0.010594016,-4.709206
3702,2026-08-05,-0.046572182,-0.034396984,0.009882543,0.0100153405,-4.712094
4157,2026-08-05,-0.053236626,-0.044101927,0.011202215,0.0096852435,-4.751906
8071,2026-08-05,-0.05803171,-0.035704628,0.0122056035,0.014207108,-4.754124
3303,2026-08-05,-0.050097585,-0.03173983,0.010490844,0.011370678,-4.7749076
2328,2026-08-05,-0.04136668,-0.046231937,0.008622542,0.008301721,-4.796948
6531,2026-08-05,-0.046350297,-0.036068067,0.009577629,0.009702492,-4.8389277
3675,2026-08-05,-0.07688233,-0.050092526,0.015874295,0.015861208,-4.8428917
5328,2026-08-05,-0.06417964,-0.06122717,0.013242442,0.011329008,-4.8461447
4541,2026-08-05,-0.062029347,-0.072248854,0.012797863,0.013485943,-4.846473
3016,2026-08-05,-0.09192336,-0.08342628,0.01892853,0.016460743,-4.856083
8150,2026-08-05,-0.038843196,-0.035627503,0.0079297125,0.012511538,-4.897819
2492,2026-08-05,-0.06695231,-0.050018348,0.013656514,0.0134868445,-4.9022326
2491,2026-08-05,-0.06846978,-0.041811977,0.013961971,0.012586318,-4.9036684
4147,2026-08-05,-0.045165256,-0.04836012,0.009202059,0.011146033,-4.9076347
2103,2026-08-05,-0.030641008,-0.030114932,0.0062227543,0.0100636445,-4.923236
3362,2026-08-05,-0.05716033,-0.06520354,0.01157141,0.013379685,-4.9393625
6680,2026-08-05,-0.06920927,-0.057372592,0.013980627,0.012129618,-4.9500155
9921,2026-08-05,-0.045376606,-0.068192534,0.009160703,0.010291263,-4.952857
2033,2026-08-05,-0.0380213,-0.012436879,0.007669961,0.0066781645,-4.956524
2356,2026-08-05,-0.054354962,-0.04733702,0.010960626,0.013442142,-4.958658
2495,2026-08-05,-0.041935172,-0.013831525,0.008420312,0.01292454,-4.979648
2493,2026-08-05,-0.09656001,-0.051824126,0.019317793,0.016719345,-4.9982424
8906,2026-08-05,-0.046546355,-0.022982938,0.009275292,0.011095058,-5.017776
6218,2026-08-05,-0.05654306,-0.044562373,0.011251687,0.010037667,-5.0248494
3663,2026-08-05,-0.06629775,-0.041181874,0.013158625,0.012848512,-5.0379663
5471,2026-08-05,-0.06650863,-0.04982861,0.013181746,0.01176876,-5.045127
5488,2026-08-05,-0.05660028,-0.054521475,0.011124675,0.011429923,-5.0873566
6209,2026-08-05,-0.06886045,-0.043945923,0.013370886,0.01661825,-5.1496434
3508,2026-08-05,-0.0472836,-0.030101089,0.0091550825,0.009958671,-5.1641736
6477,2026-08-05,-0.058482733,-0.07303183,0.01130924,0.011747313,-5.1707773
6244,2026-08-05,-0.05946169,-0.055544972,0.011430581,0.014904757,-5.201528
6269,2026-08-05,-0.054749805,-0.046914134,0.010499827,0.008224765,-5.2138567
2208,2026-08-05,-0.04675483,-0.059491776,0.008948491,0.010077927,-5.2243004
4128,2026-08-05,-0.049258962,-0.062068693,0.009422639,0.009569379,-5.2271695
3587,2026-08-05,-0.06676178,-0.05069271,0.012752186,0.014260519,-5.2349095
4526,2026-08-05,-0.05654216,-0.037003692,0.010780884,0.011678825,-5.244182
6499,2026-08-05,-0.046150558,-0.05853354,0.008754211,0.008440548,-5.27121
3226,2026-08-05,-0.054205947,-0.017682279,0.010234428,0.0075255563,-5.295914
3581,2026-08-05,-0.060494907,-0.038735032,0.011381811,0.012366787,-5.314584
8111,2026-08-05,-0.07328133,-0.07509946,0.013786649,0.011983366,-5.314998
8064,2026-08-05,-0.078442164,-0.061281435,0.01471379,0.015965447,-5.3308377
4743,2026-08-05,-0.063200146,-0.06578038,0.011786444,0.011213154,-5.3616495
1617,2026-08-05,-0.068415925,-0.04542054,0.012701485,0.013846851,-5.3860264
8040,2026-08-05,-0.058720827,-0.036522746,0.010814038,0.010846722,-5.4295535
4127,2026-08-05,-0.050913412,-0.05054837,0.009359721,0.010171726,-5.439048
4764,2026-08-05,-0.076814555,-0.12249913,0.014110941,0.01671334,-5.4432306
8039,2026-08-05,-0.059917577,-0.06620818,0.011006518,0.012900203,-5.4433317
2441,2026-08-05,-0.073865056,-0.060195606,0.013530675,0.015229315,-5.458678
6829,2026-08-05,-0.05032549,-0.052466523,0.009181051,0.012202421,-5.480855
1467,2026-08-05,-0.05758276,-0.06312432,0.010471313,0.0090975575,-5.498571
2367,2026-08-05,-0.070386454,-0.055535864,0.012788137,0.011210371,-5.503612
5340,2026-08-05,-0.09103057,-0.080010064,0.016508648,0.02021589,-5.51378
4534,2026-08-05,-0.08075566,-0.080783285,0.014644182,0.01828772,-5.514145
2241,2026-08-05,-0.073120184,-0.051909674,0.013253586,0.011598867,-5.516595
3167,2026-08-05,-0.04920919,-0.03438704,0.008917752,0.011395254,-5.517497
2388,2026-08-05,-0.049596254,-0.046642445,0.008976317,0.009019359,-5.5246186
4956,2026-08-05,-0.07337241,-0.058473587,0.013252779,0.011944041,-5.535961
6282,2026-08-05,-0.054508027,-0.045108993,0.009799946,0.01051906,-5.5615063
2369,2026-08-05,-0.04989574,-0.0438598,0.008931863,0.0090539865,-5.585638
2425,2026-08-05,-0.072559595,-0.043026153,0.012970026,0.011481982,-5.593975
6204,2026-08-05,-0.07275208,-0.047240496,0.012980117,0.014335104,-5.6044545
6589,2026-08-05,-0.04573146,-0.03497249,0.008140397,0.008508169,-5.617151
4931,2026-08-05,-0.08182987,-0.05055934,0.014377748,0.017675322,-5.6910286
2305,2026-08-05,-0.070538916,-0.06815161,0.01239124,0.014285574,-5.692184
1711,2026-08-05,-0.058131848,-0.05046635,0.010206055,0.010501996,-5.6952615
3094,2026-08-05,-0.083210595,-0.068968624,0.014573238,0.01888337,-5.70943
8044,2026-08-05,-0.054264143,-0.04651647,0.009469989,0.011148521,-5.7295117
6207,2026-08-05,-0.094218016,-0.089085944,0.016300429,0.02141817,-5.77974
6548,2026-08-05,-0.09735336,-0.06365509,0.016778799,0.015116494,-5.8018193
5351,2026-08-05,-0.05119439,-0.038645726,0.008803098,0.012235981,-5.814836
6415,2026-08-05,-0.06568695,-0.061210968,0.011283898,0.012013983,-5.8207836
1560,2026-08-05,-0.03557117,-0.030656092,0.0060769836,0.008449727,-5.8524623
5498,2026-08-05,-0.06549203,-0.04378856,0.011178305,0.011502994,-5.858327
6643,2026-08-05,-0.06520381,-0.071108274,0.011061323,0.012634072,-5.8942237
3504,2026-08-05,-0.103388,-0.08524277,0.017486341,0.014582959,-5.912162
3363,2026-08-05,-0.064068325,-0.066108026,0.010833538,0.0128852995,-5.9133415
6173,2026-08-05,-0.093169674,-0.07418179,0.015720455,0.015738787,-5.9262753
8905,2026-08-05,-0.08328228,-0.047592085,0.013996493,0.010489339,-5.9497995
6416,2026-08-05,-0.041497406,-0.04176631,0.006923022,0.009245927,-5.993252
7704,2026-08-05,-0.0756962,-0.05739423,0.012620718,0.011534167,-5.9972973
3057,2026-08-05,-0.06927428,-0.057409413,0.011533937,0.014400064,-6.0056047
1809,2026-08-05,-0.12369612,-0.12032571,0.02059575,0.021827402,-6.0056133
6226,2026-08-05,-0.08548199,-0.087556124,0.014199099,0.013711394,-6.0198164
6756,2026-08-05,-0.053617198,-0.035730004,0.008844189,0.011810793,-6.061735
8926,2026-08-05,-0.11453476,-0.12496493,0.018746626,0.02256284,-6.109294
3430,2026-08-05,-0.06079186,-0.047594927,0.009880675,0.009817172,-6.1519794
3374,2026-08-05,-0.065165244,-0.0732382,0.010579121,0.013544519,-6.159215
4971,2026-08-05,-0.07467517,-0.06306727,0.012116146,0.011691681,-6.162769
3609,2026-08-05,-0.06029798,-0.04209872,0.0097629465,0.010368357,-6.1755743
3498,2026-08-05,-0.10538633,-0.095068045,0.016927306,0.017872235,-6.2254505
6823,2026-08-05,-0.06292624,-0.06101624,0.010080407,0.010797786,-6.241811
4923,2026-08-05,-0.08487878,-0.0668683,0.013502167,0.0147421565,-6.2858424
6217,2026-08-05,-0.072680645,-0.05408315,0.0115252845,0.011136128,-6.3056436
8431,2026-08-05,-0.07810246,-0.06090261,0.012281555,0.012714797,-6.3588123
6120,2026-08-05,-0.06338941,-0.04379598,0.00994901,0.010040476,-6.3707886
8046,2026-08-05,-0.059504446,-0.06540748,0.0093031945,0.010172759,-6.395443
1309,2026-08-05,-0.06117254,-0.08588004,0.009477636,0.012062548,-6.453728
6799,2026-08-05,-0.06580415,-0.047473304,0.010194516,0.009419121,-6.454225
1597,2026-08-05,-0.102681205,-0.08476952,0.015884358,0.021714542,-6.4638896
5284,2026-08-05,-0.049425665,-0.029467879,0.007624593,0.008403069,-6.4815507
6578,2026-08-05,-0.08417486,-0.05333275,0.0129742175,0.0133893,-6.487356
3230,2026-08-05,-0.079252705,-0.06262244,0.012213386,0.013214983,-6.4884725
4542,2026-08-05,-0.07838154,-0.05994997,0.012067999,0.013383622,-6.4944525
8234,2026-08-05,-0.09075125,-0.08600881,0.013970945,0.015990993,-6.4952483
3532,2026-08-05,-0.09354696,-0.11406472,0.014391934,0.015841605,-6.499506
3219,2026-08-05,-0.070074454,-0.043158546,0.0107420655,0.009767532,-6.5227613
3594,2026-08-05,-0.07999974,-0.07812487,0.012207503,0.012333756,-6.5527883
5484,2026-08-05,-0.07700206,-0.062023085,0.01172597,0.0093146395,-6.566237
2233,2026-08-05,-0.07965795,-0.06907448,0.0120049985,0.013256782,-6.6348457
6770,2026-08-05,-0.07490911,-0.056960378,0.011280605,0.0120353885,-6.639934
6727,2026-08-05,-0.083219975,-0.061073072,0.012462624,0.01548509,-6.677028
8028,2026-08-05,-0.08977811,-0.08292333,0.013437863,0.015984546,-6.680484
1608,2026-08-05,-0.0842035,-0.07215341,0.01257295,0.0120425355,-6.6966624
7714,2026-08-05,-0.11712089,-0.117879055,0.01745247,0.016205894,-6.710465
1802,2026-08-05,-0.07560994,-0.067903265,0.011248305,0.0076167863,-6.721298
7715,2026-08-05,-0.081157975,-0.048470132,0.012063637,0.011400595,-6.72693
8027,2026-08-05,-0.10345678,-0.09421365,0.015339836,0.013221741,-6.7438817
6706,2026-08-05,-0.08937367,-0.08281329,0.013247952,0.01440346,-6.745716
6443,2026-08-05,-0.13010837,-0.13816072,0.019247266,0.016457487,-6.7594852
1727,2026-08-05,-0.06954679,-0.06464406,0.010253431,0.014791134,-6.78212
8131,2026-08-05,-0.08227039,-0.061522774,0.0121282665,0.01440241,-6.7828
6141,2026-08-05,-0.09413527,-0.091819696,0.013863107,0.014625606,-6.7898545
4939,2026-08-05,-0.12445059,-0.13111901,0.018322235,0.017686153,-6.791955
4919,2026-08-05,-0.07747935,-0.0835471,0.011395072,0.014132855,-6.7987766
3664,2026-08-05,-0.07103201,-0.045785595,0.010439375,0.0088667,-6.8035874
3489,2026-08-05,-0.09049337,-0.043762486,0.013297405,0.013602108,-6.804829
4903,2026-08-05,-0.09023633,-0.09172286,0.013193157,0.016949339,-6.8391128
1536,2026-08-05,-0.0683836,-0.068611495,0.009991623,0.010802878,-6.8434076
3450,2026-08-05,-0.0923483,-0.08730396,0.013485381,0.011665473,-6.8475223
6588,2026-08-05,-0.10763265,-0.10655969,0.015716221,0.018110832,-6.848071
4609,2026-08-05,-0.079593934,-0.056175154,0.011581128,0.014829545,-6.8721333
1515,2026-08-05,-0.08343414,-0.09541091,0.0121044,0.017302603,-6.8923073
1709,2026-08-05,-0.08555858,-0.08123235,0.012404431,0.013121135,-6.896865
3149,2026-08-05,-0.07266429,-0.08919377,0.010517045,0.013363916,-6.9085355
3484,2026-08-05,-0.072931625,-0.04929868,0.010538874,0.011315594,-6.9195914
2230,2026-08-05,-0.08764341,-0.06439173,0.012638465,0.011866676,-6.9341073
6187,2026-08-05,-0.057982884,-0.05321875,0.008356152,0.013893288,-6.938115
8374,2026-08-05,-0.075282164,-0.06342549,0.010846049,0.011557617,-6.940336
4977,2026-08-05,-0.08507279,-0.09474268,0.012208414,0.015637346,-6.967803
2340,2026-08-05,-0.075012274,-0.066179745,0.010672479,0.009327229,-7.027912
1310,2026-08-05,-0.086748786,-0.08750839,0.012251704,0.014647483,-7.079971
3712,2026-08-05,-0.08671839,-0.08199437,0.012236222,0.012612694,-7.086444
6530,2026-08-05,-0.09084578,-0.07752337,0.012751418,0.013764506,-7.123808
4760,2026-08-05,-0.07415376,-0.05351498,0.010405644,0.011411883,-7.125617
2070,2026-08-05,-0.08325445,-0.07451965,0.011583909,0.013527554,-7.1864567
6112,2026-08-05,-0.092097536,-0.06988416,0.012763213,0.012296616,-7.2152925
6292,2026-08-05,-0.0791838,-0.03773285,0.0109385615,0.0127041945,-7.2382975
6285,2026-08-05,-0.09089346,-0.10656918,0.012543585,0.014369568,-7.245633
3176,2026-08-05,-0.097042955,-0.09858896,0.013293524,0.011019912,-7.299468
6570,2026-08-05,-0.052105818,-0.02063355,0.0071359593,0.009097848,-7.300843
1595,2026-08-05,-0.09665676,-0.072442725,0.013114833,0.013231016,-7.3694715
4540,2026-08-05,-0.08928902,-0.082499586,0.012068374,0.0124237705,-7.397982
6116,2026-08-05,-0.075842746,-0.07289875,0.010246488,0.011829359,-7.401106
6949,2026-08-05,-0.0652223,-0.07905553,0.008772513,0.008275875,-7.4340005
3564,2026-08-05,-0.116215594,-0.10580206,0.015500166,0.014732925,-7.4972157
1303,2026-08-05,-0.08902721,-0.07416938,0.011836245,0.013204653,-7.5209403
2489,2026-08-05,-0.11243666,-0.087501846,0.014724136,0.014761477,-7.6356955
6148,2026-08-05,-0.116143085,-0.10721224,0.014929502,0.012574322,-7.7789135
5371,2026-08-05,-0.12321537,-0.12597223,0.015832443,0.017060168,-7.7819695
3707,2026-08-05,-0.082074575,-0.06483336,0.010483024,0.009527487,-7.8285375
3438,2026-08-05,-0.10650839,-0.088452145,0.01358658,0.009249671,-7.838658
6291,2026-08-05,-0.068066694,-0.04457556,0.008677065,0.008086145,-7.843533
3339,2026-08-05,-0.114751406,-0.11079797,0.014492093,0.013006357,-7.9176617
3049,2026-08-05,-0.07255463,-0.06425233,0.009156369,0.011394919,-7.923087
6969,2026-08-05,-0.099565774,-0.088630214,0.01253968,0.014593587,-7.9394236
6202,2026-08-05,-0.074960984,-0.061901934,0.0093855485,0.015129043,-7.9860005
3455,2026-08-05,-0.106966734,-0.08641365,0.013165377,0.012192076,-8.124234
6168,2026-08-05,-0.0755449,-0.05777196,0.009048652,0.012046793,-8.347824
3055,2026-08-05,-0.11555755,-0.11891742,0.013828986,0.014466945,-8.355579
8110,2026-08-05,-0.09636724,-0.07243215,0.011388801,0.011247393,-8.460836
6901,2026-08-05,-0.1006328,-0.1031541,0.011734999,0.011548648,-8.574711
8033,2026-08-05,-0.1101584,-0.10718651,0.012584728,0.011005076,-8.752644
3543,2026-08-05,-0.14324223,-0.10413503,0.016253777,0.012946191,-8.812316
6715,2026-08-05,-0.10135653,-0.08589326,0.011157395,0.008598758,-9.083432
3234,2026-08-05,-0.10281219,-0.07816169,0.011203614,0.014778502,-9.1758795
3048,2026-08-05,-0.1070731,-0.08694504,0.011615543,0.01332674,-9.217295
2466,2026-08-05,-0.11383096,-0.13097617,0.012248836,0.013774651,-9.292447
6133,2026-08-05,-0.09476355,-0.07596779,0.010037504,0.010773762,-9.440006
3714,2026-08-05,-0.06816468,-0.05851709,0.0072121914,0.010208386,-9.450003
4989,2026-08-05,-0.0969356,-0.0949763,0.010150369,0.012319244,-9.549017
3548,2026-08-05,-0.067534305,-0.055310432,0.0070097568,0.0073306314,-9.632956
2468,2026-08-05,-0.08949299,-0.08210773,0.009265544,0.012080869,-9.657645
2484,2026-08-05,-0.10568336,-0.093784556,0.010900804,0.013618294,-9.694117
3701,2026-08-05,-0.09975766,-0.099580094,0.0102818115,0.012092416,-9.701399
8021,2026-08-05,-0.11825291,-0.093137674,0.011901805,0.011305837,-9.934877
6533,2026-08-05,-0.12379705,-0.12458929,0.011440494,0.010183014,-10.820007
6265,2026-08-05,-0.15485264,-0.1243638,0.014095187,0.016455108,-10.985428
2601,2026-08-05,-0.09921126,-0.10301984,0.008121288,0.011376305,-12.214693
