stock_id,Date,Score_5d,Score_10d,Unc_5d,Unc_10d,SQ_5d
0052,2026-07-30,0.20404081,0.17954354,0.01885436,0.02360752,10.821369
3624,2026-07-30,0.13706614,0.13589661,0.013005202,0.016882485,10.538522
2491,2026-07-30,0.09292808,0.0856082,0.010182737,0.011236556,9.125145
3090,2026-07-30,0.11299206,0.11702518,0.012647763,0.013602681,8.933052
4956,2026-07-30,0.08027183,0.07155515,0.009071755,0.010424119,8.847569
4949,2026-07-30,0.08234816,0.07683216,0.009396297,0.0081402,8.762962
8074,2026-07-30,0.078325205,0.07433414,0.00928615,0.010772471,8.433718
3615,2026-07-30,0.09220683,0.08680296,0.0111312885,0.013820733,8.282827
8162,2026-07-30,0.10263922,0.09424264,0.01241514,0.012036988,8.266597
2449,2026-07-30,0.08136438,0.0635555,0.009999786,0.011664787,8.135798
2382,2026-07-30,0.06974592,0.064856276,0.00879004,0.008505848,7.93375
3006,2026-07-30,0.07737865,0.053347446,0.009765101,0.0120645175,7.9231877
2355,2026-07-30,0.062256433,0.054117706,0.007899607,0.009904733,7.879956
6147,2026-07-30,0.06451833,0.042140674,0.008320881,0.010448184,7.7528543
6693,2026-07-30,0.08037599,0.06513711,0.010401151,0.012941009,7.7268624
8383,2026-07-30,0.09523601,0.04388982,0.012355631,0.011442052,7.707279
3537,2026-07-30,0.08222781,0.0872816,0.010709878,0.0098202,7.6770372
2892,2026-07-30,0.08518443,0.10491133,0.01120178,0.015454897,7.603865
2882,2026-07-30,0.06915053,0.080922395,0.009209733,0.012886281,7.5076027
8438,2026-07-30,0.10548299,0.118063286,0.014349011,0.01518436,7.350725
5228,2026-07-30,0.087912574,0.08301966,0.011991383,0.015486558,7.3307014
3037,2026-07-30,0.06335745,0.053343076,0.008743531,0.008668415,7.24538
7712,2026-07-30,0.08580088,0.082685634,0.011927781,0.0116904415,7.192762
6261,2026-07-30,0.06616804,0.056834716,0.009354919,0.009123514,7.072318
6532,2026-07-30,0.06127734,0.06847798,0.008786378,0.010331278,6.9733357
5880,2026-07-30,0.07279142,0.08525794,0.010518532,0.011599121,6.919644
8996,2026-07-30,0.07123688,0.04440919,0.010364281,0.012066208,6.872643
1595,2026-07-30,0.07777586,0.07607092,0.01135703,0.01141484,6.847654
7714,2026-07-30,0.06726778,0.029274942,0.009827512,0.010706744,6.8441467
3021,2026-07-30,0.058475282,0.055508938,0.008711788,0.009952138,6.7114315
5457,2026-07-30,0.066646524,0.05695824,0.010033708,0.010890168,6.6416006
2886,2026-07-30,0.08257358,0.107339434,0.012483452,0.018051127,6.614113
2367,2026-07-30,0.06814523,0.03223073,0.010308131,0.01095115,6.610182
1809,2026-07-30,0.0852217,0.06741453,0.013088341,0.01193828,6.510771
6205,2026-07-30,0.07470179,0.065382265,0.011648056,0.010943407,6.4126906
2308,2026-07-30,0.06425592,0.058954645,0.010066632,0.011922223,6.3824263
6498,2026-07-30,0.056659475,0.04326857,0.008975928,0.009009952,6.3116775
3430,2026-07-30,0.073419854,0.07645181,0.011698943,0.010264444,6.275232
6449,2026-07-30,0.08262329,0.06467723,0.013279334,0.01294158,6.2214766
2337,2026-07-30,0.058399215,0.033825733,0.009500656,0.010022148,6.146214
4526,2026-07-30,0.06917599,0.06434517,0.011399142,0.012519442,6.067993
3297,2026-07-30,0.055826664,0.047203574,0.0092443945,0.008808249,6.0383215
3522,2026-07-30,0.042344995,0.03556451,0.007051713,0.010229053,6.004072
6270,2026-07-30,0.079826765,0.07754437,0.013381973,0.016690886,5.9648004
2408,2026-07-30,0.04864019,0.025173085,0.00818221,0.010531304,5.943901
5355,2026-07-30,0.061610565,0.04568612,0.010365194,0.008210393,5.9434123
6155,2026-07-30,0.07762491,0.0761498,0.013071306,0.013481698,5.938119
2478,2026-07-30,0.09130406,0.07132332,0.015377797,0.012271868,5.937009
6994,2026-07-30,0.07306921,0.075202994,0.012321428,0.013459349,5.9297733
6909,2026-07-30,0.06061321,0.061686896,0.010225453,0.01200642,5.9270997
6220,2026-07-30,0.07291463,0.059915617,0.012382735,0.012170066,5.887935
6613,2026-07-30,0.055601735,0.03641897,0.009516411,0.010682372,5.842107
6233,2026-07-30,0.06300766,0.053276546,0.010798672,0.011486013,5.8342195
6425,2026-07-30,0.056485057,0.048308387,0.009715722,0.008550685,5.81318
3447,2026-07-30,0.0500191,0.043953236,0.008620662,0.007047484,5.8015614
5464,2026-07-30,0.1031367,0.05916656,0.017833125,0.021935543,5.7831097
6234,2026-07-30,0.06747017,0.06304804,0.011683703,0.011864028,5.7742305
6862,2026-07-30,0.06290204,0.055393066,0.010893619,0.009551933,5.7736797
5522,2026-07-30,0.061326537,0.08519232,0.010631126,0.009438092,5.7680407
4741,2026-07-30,0.07839438,0.075254045,0.013599215,0.015290266,5.7642016
8096,2026-07-30,0.06536893,0.041443985,0.011346889,0.013066363,5.7604485
6134,2026-07-30,0.050220005,0.038525622,0.008728535,0.00800239,5.7528844
3374,2026-07-30,0.0946049,0.04734567,0.016537718,0.016417505,5.720207
2881,2026-07-30,0.078543596,0.084838234,0.013766645,0.012333991,5.7049403
3312,2026-07-30,0.06613842,0.04834021,0.011597209,0.013514086,5.702468
6419,2026-07-30,0.056935046,0.033432793,0.0100522,0.011026385,5.663375
3189,2026-07-30,0.060621724,0.033473685,0.010779568,0.011693549,5.62324
2429,2026-07-30,0.05342505,0.03287558,0.009538509,0.011300495,5.6003985
8121,2026-07-30,0.05191307,0.047353014,0.009331197,0.011559214,5.5627923
9960,2026-07-30,0.04788631,0.04982776,0.008650968,0.009575508,5.53473
3548,2026-07-30,0.037120447,0.02850636,0.006713727,0.006905852,5.528214
2618,2026-07-30,0.04901105,0.06449607,0.008865161,0.00986495,5.5278773
2548,2026-07-30,0.05469937,0.08326177,0.009916801,0.009893122,5.5152717
2070,2026-07-30,0.048329853,0.038243134,0.008799903,0.008084653,5.491465
3711,2026-07-30,0.0579167,0.053373758,0.010553339,0.012522458,5.487478
3138,2026-07-30,0.056990776,0.05288534,0.0103961965,0.010473675,5.48136
4736,2026-07-30,0.042359047,0.06188099,0.007739546,0.012051783,5.472359
9933,2026-07-30,0.042360034,0.035112906,0.007765652,0.008194086,5.454092
6177,2026-07-30,0.05645059,0.09370773,0.010486156,0.012563673,5.382831
8088,2026-07-30,0.04427793,0.035376687,0.008243603,0.009171299,5.370535
2915,2026-07-30,0.0535175,0.071943425,0.00996977,0.010137798,5.3674393
2454,2026-07-30,0.0546133,0.054829452,0.010208411,0.010729019,5.3493094
9945,2026-07-30,0.06413885,0.07092402,0.012006031,0.0100199,5.3417745
5439,2026-07-30,0.07406346,0.07871025,0.013998232,0.014891344,5.2905374
6175,2026-07-30,0.065416895,0.051223166,0.012446974,0.013649877,5.2552238
1907,2026-07-30,0.06604234,0.076419,0.012608445,0.009042733,5.2375293
2243,2026-07-30,0.0670781,0.052743863,0.012831444,0.012444987,5.227227
2338,2026-07-30,0.042188182,0.02144767,0.008121831,0.0075456314,5.193778
6957,2026-07-30,0.05422306,0.03819871,0.010472591,0.008882855,5.177122
6405,2026-07-30,0.048567303,0.050177947,0.009418717,0.010224037,5.1559196
6546,2026-07-30,0.03616253,0.02739387,0.0070641055,0.011110333,5.11847
1717,2026-07-30,0.039703786,0.023031235,0.007756644,0.010100244,5.1180215
3055,2026-07-30,0.057337005,0.024534063,0.01125784,0.013118079,5.092621
3675,2026-07-30,0.05432982,0.05038627,0.010688766,0.013394629,5.082414
6821,2026-07-30,0.046810824,0.042621866,0.009212357,0.009677328,5.0807567
2834,2026-07-30,0.07169118,0.09137334,0.014109581,0.014118348,5.080668
6573,2026-07-30,0.07000264,0.045607496,0.0137972925,0.011725615,5.0732827
6574,2026-07-30,0.046873096,0.052098785,0.00924047,0.014169784,5.072039
6271,2026-07-30,0.06800049,0.066594824,0.013474418,0.01338312,5.046262
6239,2026-07-30,0.051916484,0.031296186,0.010320873,0.01052913,5.029754
6163,2026-07-30,0.04546338,0.02691823,0.009050936,0.011209754,5.022503
2457,2026-07-30,0.041651487,0.020022025,0.008332198,0.010259752,4.9982595
3031,2026-07-30,0.047027547,0.04933778,0.009409822,0.009821736,4.9971776
2221,2026-07-30,0.05870421,0.043000184,0.011799033,0.011134073,4.974919
3588,2026-07-30,0.05118211,0.05420149,0.010288766,0.011438252,4.974079
9904,2026-07-30,0.04590763,0.06262074,0.009260326,0.012879656,4.956918
4551,2026-07-30,0.06802548,0.045162644,0.013734678,0.01448661,4.952466
3402,2026-07-30,0.040447824,0.012068721,0.008173236,0.011183537,4.9482083
2426,2026-07-30,0.06076249,0.041259788,0.012298346,0.011512355,4.940303
6903,2026-07-30,0.05616963,0.04116078,0.011385974,0.010157347,4.932797
3379,2026-07-30,0.054077346,0.04604986,0.010992545,0.011106261,4.9190087
3044,2026-07-30,0.03737576,0.03232465,0.0075999727,0.008797765,4.917234
2890,2026-07-30,0.05741543,0.073336326,0.011698179,0.013340338,4.907646
2492,2026-07-30,0.0755799,0.050454434,0.015427222,0.011831099,4.898808
2317,2026-07-30,0.07342456,0.078415446,0.014989904,0.015023157,4.8979406
2316,2026-07-30,0.06393014,0.048374344,0.013144294,0.011245352,4.863348
3002,2026-07-30,0.04849328,0.04072075,0.009973755,0.012281977,4.861601
6691,2026-07-30,0.055836678,0.04749822,0.011492693,0.013519661,4.8580275
0050,2026-07-30,0.09234425,0.07099504,0.019047165,0.01341627,4.847934
8040,2026-07-30,0.048521884,0.04372152,0.010029396,0.009429368,4.8374844
4555,2026-07-30,0.05531529,0.028826205,0.011466537,0.010134461,4.823642
6224,2026-07-30,0.04186957,0.039689105,0.008688116,0.009128099,4.818622
4722,2026-07-30,0.06896499,0.05174164,0.014329693,0.013895376,4.812397
2472,2026-07-30,0.06629325,0.058193818,0.013828908,0.015601025,4.79347
6414,2026-07-30,0.049289983,0.02675856,0.010326244,0.009557051,4.772811
2102,2026-07-30,0.04605365,0.072570324,0.0096718,0.0088309385,4.76115
3535,2026-07-30,0.046481512,0.0381376,0.009789647,0.010790589,4.7475424
5536,2026-07-30,0.05614556,0.031957816,0.011845153,0.010720936,4.7395606
6531,2026-07-30,0.061716072,0.04495229,0.013023849,0.010917584,4.738333
2323,2026-07-30,0.05045112,0.049247827,0.010659734,0.011753123,4.7324243
2330,2026-07-30,0.082022384,0.09065876,0.017332025,0.016134989,4.732145
2880,2026-07-30,0.05181358,0.079302944,0.010950759,0.013818838,4.731074
7547,2026-07-30,0.03872378,0.025402965,0.008189976,0.009595611,4.727615
2495,2026-07-30,0.04808325,0.03951152,0.010216932,0.009151085,4.705771
2428,2026-07-30,0.04941664,0.028925275,0.010502818,0.009934031,4.7046356
6259,2026-07-30,0.06402308,0.049507745,0.013616118,0.0109533835,4.7016616
1568,2026-07-30,0.046026055,0.046919543,0.009851552,0.009029286,4.671486
2885,2026-07-30,0.050864592,0.056674894,0.0110614635,0.012802002,4.5979443
4739,2026-07-30,0.063237116,0.05683582,0.013758625,0.0098639745,4.5958457
4556,2026-07-30,0.055832524,0.007810402,0.01215433,0.012166227,4.5932546
4533,2026-07-30,0.041362263,0.022938777,0.009030261,0.008895822,4.579899
6944,2026-07-30,0.07430549,0.016614934,0.016253514,0.02325437,4.5713754
4721,2026-07-30,0.051782575,0.046798293,0.01135118,0.009907757,4.5614653
3550,2026-07-30,0.047460318,0.044343576,0.010416273,0.009925078,4.5559254
5489,2026-07-30,0.031012692,0.034224827,0.0068121473,0.008836584,4.5518894
3236,2026-07-30,0.060909804,0.049083814,0.013455032,0.012273817,4.52658
3338,2026-07-30,0.03821822,0.023106413,0.008462252,0.006487257,4.515784
3663,2026-07-30,0.03772878,0.007980209,0.008359631,0.010799135,4.5126715
3346,2026-07-30,0.04520413,0.04659284,0.010090325,0.010056353,4.4795036
3025,2026-07-30,0.04684641,0.049314603,0.010484887,0.009238206,4.4675674
4720,2026-07-30,0.036997855,0.026279194,0.008376352,0.008464411,4.4164143
8103,2026-07-30,0.045287274,0.04229683,0.010304603,0.010542489,4.394432
9942,2026-07-30,0.059816193,0.043661553,0.013612947,0.01117045,4.3937435
1617,2026-07-30,0.04385264,0.03131162,0.010021674,0.009271555,4.375343
4960,2026-07-30,0.046105523,0.027964592,0.010541061,0.007138196,4.3734827
1101,2026-07-30,0.055682052,0.073632635,0.012757567,0.014945378,4.3642874
0056,2026-07-30,0.06074101,0.06454508,0.013959634,0.015628427,4.350878
3372,2026-07-30,0.037335318,0.02551631,0.0085859625,0.010778444,4.347907
3551,2026-07-30,0.03919201,0.0114613855,0.009025089,0.0074394727,4.3420806
6854,2026-07-30,0.03494866,0.020998705,0.008061173,0.0072748,4.3348927
3532,2026-07-30,0.05579051,-0.006493908,0.012879617,0.015269969,4.331354
1570,2026-07-30,0.033595975,0.02035905,0.0077709975,0.007521976,4.3226953
4707,2026-07-30,0.06444607,0.05440952,0.014953094,0.013349643,4.3095937
2413,2026-07-30,0.042584352,0.022258261,0.009909055,0.011605151,4.2970853
3354,2026-07-30,0.0432169,0.036254406,0.010101799,0.009684489,4.277715
5475,2026-07-30,0.029371742,0.029469198,0.0068679163,0.007065152,4.276037
2801,2026-07-30,0.043469626,0.06067084,0.010195652,0.0113609815,4.2631273
3467,2026-07-30,0.046198227,0.036478758,0.010848624,0.0124716945,4.2580485
5291,2026-07-30,0.05536655,0.019982567,0.013005609,0.010588476,4.256801
6585,2026-07-30,0.05005298,0.040349405,0.011783982,0.012487848,4.247184
3432,2026-07-30,0.040039733,0.03920073,0.009455543,0.009337191,4.234077
2485,2026-07-30,0.047419704,0.038251385,0.011209844,0.010403471,4.229807
3444,2026-07-30,0.042784292,0.030643245,0.010134138,0.007608228,4.221382
8213,2026-07-30,0.031099303,0.020951604,0.007380725,0.007846282,4.213013
1528,2026-07-30,0.041775625,0.035662785,0.009956067,0.008380573,4.195575
3167,2026-07-30,0.054649137,0.04799981,0.013067549,0.0129395705,4.1817293
3131,2026-07-30,0.04624234,0.030293046,0.011107654,0.008867437,4.162731
1711,2026-07-30,0.050457273,0.028704349,0.012122,0.013102676,4.1621113
4938,2026-07-30,0.03317591,0.047805827,0.007984453,0.009519141,4.1545434
1541,2026-07-30,0.03471695,0.039683208,0.008365961,0.008140146,4.14929
8210,2026-07-30,0.03928055,0.024996309,0.009514436,0.008330731,4.128087
6799,2026-07-30,0.038628213,0.037805513,0.009360941,0.010107339,4.12609
4939,2026-07-30,0.050419245,0.017215487,0.012241736,0.014607808,4.1182985
3013,2026-07-30,0.045642916,0.02519377,0.011185601,0.010142673,4.0801415
2345,2026-07-30,0.05278808,0.047692794,0.012966622,0.012616005,4.0707603
6153,2026-07-30,0.044461142,0.03603922,0.0109750265,0.010820272,4.0507503
2342,2026-07-30,0.052921567,0.04151646,0.0131066255,0.013628931,4.037464
2442,2026-07-30,0.044373494,0.07501106,0.011007918,0.010266607,4.030686
4745,2026-07-30,0.04426112,0.029604781,0.010987142,0.008436407,4.0280805
2511,2026-07-30,0.03377359,0.043066792,0.008418948,0.0077279233,4.01114
2357,2026-07-30,0.044900782,0.048338097,0.011246189,0.010380176,3.9921782
3357,2026-07-30,0.046518292,0.040969227,0.011655844,0.013777455,3.990642
8255,2026-07-30,0.052647505,0.04059236,0.013205575,0.012076783,3.9864616
2609,2026-07-30,0.036633417,0.04836189,0.009190547,0.011135028,3.985555
2376,2026-07-30,0.041988794,0.030254364,0.010541247,0.008550451,3.9829073
6846,2026-07-30,0.0343778,0.042883348,0.008665841,0.010230811,3.9665892
5452,2026-07-30,0.04493138,0.03621034,0.011329854,0.010808314,3.9654007
6456,2026-07-30,0.034435827,-0.0028192988,0.008689842,0.009208993,3.9623117
4923,2026-07-30,0.04776639,0.048185643,0.01211425,0.013826701,3.9426665
3437,2026-07-30,0.04215098,0.03678445,0.010712182,0.011371801,3.9344969
8240,2026-07-30,0.04033219,0.03321844,0.010358812,0.010857772,3.8931391
2884,2026-07-30,0.04693898,0.066734605,0.012096796,0.012347993,3.8799613
6485,2026-07-30,0.057120983,0.048026014,0.014732132,0.014181713,3.8770428
3450,2026-07-30,0.03711279,0.014069086,0.009581473,0.011307072,3.8729868
3265,2026-07-30,0.065420434,-0.00090818777,0.01690899,0.012599212,3.8687446
2883,2026-07-30,0.030883817,0.042619836,0.008001135,0.008638957,3.8594472
2596,2026-07-30,0.038241398,0.039127562,0.0099876,0.010026202,3.828504
3017,2026-07-30,0.0453456,0.050304167,0.011854101,0.011622531,3.8249865
3645,2026-07-30,0.034470532,0.025622038,0.009126252,0.0083735585,3.7766607
3211,2026-07-30,0.050561246,0.012026129,0.013395371,0.012776956,3.7742493
6269,2026-07-30,0.035341963,0.021169214,0.009426052,0.009720702,3.748994
9906,2026-07-30,0.05161338,0.06833009,0.0138630085,0.012670513,3.7228322
4303,2026-07-30,0.039385606,0.025941275,0.010584472,0.012407258,3.7207227
8091,2026-07-30,0.047146432,0.017489795,0.012761895,0.010512735,3.6940234
3317,2026-07-30,0.046242498,0.028172176,0.012520274,0.012064585,3.6931143
5410,2026-07-30,0.026518473,0.031069463,0.0072006756,0.009584592,3.6822646
8032,2026-07-30,0.032893136,0.028918326,0.008950701,0.009618023,3.6745124
8104,2026-07-30,0.0332989,0.018693244,0.009064005,0.010566945,3.6733458
6739,2026-07-30,0.037004486,0.016613686,0.01010009,0.011604298,3.663415
6156,2026-07-30,0.03458714,0.018799849,0.009512185,0.009760614,3.6357055
2633,2026-07-30,0.038879737,0.0520625,0.01072213,0.0091248825,3.6257825
6657,2026-07-30,0.029022494,0.01969007,0.008046975,0.009019467,3.6061857
6257,2026-07-30,0.04935586,0.018379781,0.01368721,0.012384402,3.6057205
8131,2026-07-30,0.045044683,0.012059921,0.012492302,0.014570387,3.6055067
3028,2026-07-30,0.032112513,0.02252894,0.00891118,0.009072634,3.6032162
5511,2026-07-30,0.040171288,0.08166607,0.011179264,0.009814305,3.5930536
6139,2026-07-30,0.040876497,0.022242693,0.011380075,0.010209886,3.59162
2327,2026-07-30,0.03828605,0.00664499,0.010755037,0.010934406,3.559494
6706,2026-07-30,0.032941632,0.025342591,0.0092665795,0.011248743,3.554502
3114,2026-07-30,0.052788273,0.06374383,0.014889566,0.01331919,3.5450816
8938,2026-07-30,0.032347046,0.053095665,0.009124877,0.009672196,3.5445411
3290,2026-07-30,0.032241367,0.011543631,0.009103735,0.011567959,3.5411646
5011,2026-07-30,0.03485026,0.014236488,0.009864999,0.009175695,3.5323598
6525,2026-07-30,0.049712125,0.014996441,0.014116696,0.014824965,3.5212634
6698,2026-07-30,0.032371443,0.01692049,0.009203314,0.009206214,3.516986
4951,2026-07-30,0.03704996,0.036113214,0.0105337,0.011753607,3.516945
6435,2026-07-30,0.07264697,0.063748114,0.02071926,0.017904582,3.5060837
8042,2026-07-30,0.051178876,0.03562877,0.0146071585,0.018372808,3.5034447
6568,2026-07-30,0.028114768,0.015731527,0.008026348,0.008734004,3.5023727
2603,2026-07-30,0.03292727,0.04990529,0.00945802,0.010461502,3.4810445
3531,2026-07-30,0.03671556,0.028900657,0.010579939,0.013039135,3.4699717
6642,2026-07-30,0.035942234,0.03959813,0.010403078,0.008691993,3.4546294
2867,2026-07-30,0.031034289,0.043888383,0.008990201,0.011136613,3.4516287
1231,2026-07-30,0.037198033,0.030289166,0.010846274,0.009353689,3.4292517
8358,2026-07-30,0.047969177,0.04381934,0.014001353,0.014036356,3.4257941
3413,2026-07-30,0.036305666,0.00947683,0.01061767,0.009924981,3.419041
3498,2026-07-30,0.047756255,0.0016756867,0.0139702195,0.012787971,3.4181879
3207,2026-07-30,0.03847341,0.02527305,0.011258343,0.01084413,3.4170206
8437,2026-07-30,0.03408263,0.015530338,0.010078069,0.008464187,3.3815255
3686,2026-07-30,0.024971642,0.01942064,0.0074019455,0.008148868,3.3732035
6470,2026-07-30,0.031583946,0.025865877,0.009370451,0.007708167,3.37023
2855,2026-07-30,0.04059685,0.02941024,0.01207173,0.010627003,3.3626902
3665,2026-07-30,0.038218785,0.035846543,0.011548148,0.009447444,3.3092299
3178,2026-07-30,0.026372867,0.006787025,0.007997488,0.008735639,3.2972314
6679,2026-07-30,0.03657567,0.03250729,0.011156966,0.0100058615,3.2779872
4909,2026-07-30,0.028495323,0.016501654,0.0087088775,0.010118397,3.27161
4927,2026-07-30,0.0393921,0.012300414,0.012053784,0.010602669,3.2677565
8034,2026-07-30,0.0335599,0.015653957,0.010294405,0.007994515,3.259697
6190,2026-07-30,0.0451521,-0.008840662,0.0138920965,0.011660605,3.2499666
2486,2026-07-30,0.04036885,0.004869385,0.012451109,0.014047441,3.2419288
3010,2026-07-30,0.0297894,0.021454265,0.00921593,0.009395902,3.2320306
6861,2026-07-30,0.02903819,0.035734307,0.008997596,0.010225138,3.226969
6284,2026-07-30,0.045522988,0.017850412,0.014108926,0.011438184,3.2263093
1402,2026-07-30,0.029144559,0.04078095,0.009049904,0.010259279,3.2200716
3227,2026-07-30,0.03191383,0.020730691,0.009927394,0.009226488,3.2144003
5493,2026-07-30,0.027467202,0.016629795,0.008556484,0.0060093137,3.2097285
8046,2026-07-30,0.040003538,0.00040361483,0.012462946,0.014436721,3.2095404
4540,2026-07-30,0.02676171,-0.0036189859,0.008392276,0.007999277,3.1884701
2399,2026-07-30,0.043776393,0.025709204,0.013850773,0.01402048,3.1603458
5701,2026-07-30,0.024795044,0.029995305,0.007923568,0.00975139,3.128883
4534,2026-07-30,0.042338062,0.023143958,0.013550585,0.017556649,3.1242146
3390,2026-07-30,0.03297754,0.027171755,0.010558681,0.009252293,3.1229675
6584,2026-07-30,0.026977945,0.0075054793,0.008657147,0.010487306,3.1159027
2611,2026-07-30,0.02945118,0.03346074,0.009508348,0.009922494,3.0970767
6569,2026-07-30,0.025347002,0.030277211,0.008215481,0.007479042,3.0848973
5244,2026-07-30,0.029419903,0.026899008,0.009638857,0.0077893124,3.0519023
4950,2026-07-30,0.031393465,0.037263863,0.01030324,0.01011227,3.046655
6667,2026-07-30,0.030976905,0.018727677,0.010202535,0.011662134,3.0358992
6127,2026-07-30,0.05707039,0.029865297,0.018822419,0.018488212,3.0318823
8299,2026-07-30,0.03597291,0.031798005,0.011867947,0.010041816,3.0308423
3528,2026-07-30,0.026184268,0.029311355,0.008695285,0.010557887,3.0109718
4106,2026-07-30,0.029212257,0.033616435,0.009716799,0.009593611,3.006057
6658,2026-07-30,0.034166507,0.024266096,0.011393341,0.010944125,2.9985504
3708,2026-07-30,0.028143747,0.027531683,0.009398911,0.009448558,2.9940438
4561,2026-07-30,0.02129675,0.016536636,0.0071283155,0.008812855,2.9872084
8064,2026-07-30,0.0384559,0.026879437,0.012901562,0.014956412,2.9804854
8499,2026-07-30,0.028507113,0.003170047,0.009579099,0.0089017395,2.9756596
2340,2026-07-30,0.039136518,0.015189825,0.01316369,0.010833128,2.9728398
2313,2026-07-30,0.033382844,0.0033908635,0.011248484,0.009943182,2.9675
6732,2026-07-30,0.028898012,-0.002205006,0.00975204,0.010074887,2.9629748
2412,2026-07-30,0.036985338,0.054649033,0.012563859,0.014735508,2.9435537
4541,2026-07-30,0.03229553,-0.009938834,0.010973123,0.010912669,2.9428802
6161,2026-07-30,0.030459447,0.032906625,0.010393688,0.012392257,2.9302895
6204,2026-07-30,0.021117954,0.0180983,0.0072417697,0.0083846515,2.915729
3296,2026-07-30,0.029859515,0.014921793,0.010253243,0.008608203,2.911918
5426,2026-07-30,0.039457876,0.028695373,0.013607005,0.012514248,2.8996077
8150,2026-07-30,0.030474473,0.00036882926,0.010511414,0.012029802,2.8989034
8016,2026-07-30,0.029901084,0.01779383,0.01035719,0.008976594,2.8867092
3322,2026-07-30,0.030934758,0.016648905,0.01072269,0.010769791,2.884712
4401,2026-07-30,0.030750033,0.030910384,0.010754989,0.01051209,2.8588753
6196,2026-07-30,0.026127936,-0.001045731,0.009187582,0.007972241,2.843522
3533,2026-07-30,0.027039222,0.019419994,0.009514396,0.010443908,2.8416286
2329,2026-07-30,0.03376798,0.01930516,0.011898763,0.011011747,2.8377018
2483,2026-07-30,0.0413949,0.025853101,0.014594677,0.015887363,2.8361068
5340,2026-07-30,0.03442451,0.020287657,0.012165245,0.009800483,2.8295097
2889,2026-07-30,0.025476802,0.026835753,0.009038967,0.010557774,2.8182404
6894,2026-07-30,0.041342307,0.031919595,0.014673143,0.012501802,2.8173575
2363,2026-07-30,0.030024631,0.022223571,0.010667663,0.011913005,2.8142824
5243,2026-07-30,0.03807584,0.016588105,0.013558156,0.0112745715,2.8081274
5347,2026-07-30,0.03277405,0.025117913,0.011718751,0.010967124,2.79648
3653,2026-07-30,0.02151302,0.017904619,0.007693997,0.008270823,2.7957153
8071,2026-07-30,0.034627374,0.029113146,0.01239695,0.011805187,2.7929919
5351,2026-07-30,0.036323953,0.014081816,0.013004959,0.011338514,2.79287
2836,2026-07-30,0.017694796,0.044779103,0.006355967,0.009804564,2.783528
8476,2026-07-30,0.038514845,0.02354389,0.01386654,0.015803637,2.7773378
5529,2026-07-30,0.028764939,0.054472048,0.010378146,0.010076256,2.7714167
2542,2026-07-30,0.025556589,0.04437608,0.009252696,0.010808515,2.7617707
0051,2026-07-30,0.03473448,0.03480407,0.012609265,0.010902354,2.7544608
6761,2026-07-30,0.038356945,0.029667381,0.0140100615,0.011043733,2.7376187
3147,2026-07-30,0.036052525,0.029879605,0.013214276,0.016656,2.7280946
3066,2026-07-30,0.028712688,0.0034593598,0.010560166,0.0087820245,2.7187042
6916,2026-07-30,0.020501189,0.01101703,0.007586305,0.008657594,2.7020383
6021,2026-07-30,0.031746544,0.029448777,0.0117782205,0.00951181,2.695131
6651,2026-07-30,0.032491766,0.023105929,0.012083961,0.010931966,2.6886115
6735,2026-07-30,0.029304024,0.024742417,0.01090824,0.0111401,2.6861653
1785,2026-07-30,0.03469329,0.012690961,0.013008854,0.0125862025,2.6666932
4908,2026-07-30,0.020774547,0.0074609676,0.007790271,0.009428477,2.6663873
1515,2026-07-30,0.039314374,0.021274244,0.014798433,0.013087657,2.6564784
6719,2026-07-30,0.039073903,-0.0089611625,0.014713077,0.012690063,2.6555457
6237,2026-07-30,0.02252816,0.011520028,0.008486497,0.008600421,2.654276
6683,2026-07-30,0.029684404,0.017889798,0.011184047,0.009703691,2.6539364
4977,2026-07-30,0.027131725,-0.002558085,0.01028709,0.012854563,2.6371973
7709,2026-07-30,0.027032543,0.029218536,0.010287541,0.010889128,2.627442
8924,2026-07-30,0.030246196,0.03759303,0.011525311,0.011123875,2.6241004
6716,2026-07-30,0.022556284,0.01211713,0.008624199,0.008960612,2.615161
5434,2026-07-30,0.022758404,0.0015688674,0.008710925,0.009012158,2.6123278
3057,2026-07-30,0.028953474,0.032828458,0.011099227,0.010016667,2.6083677
7708,2026-07-30,0.052344006,0.047021426,0.020317547,0.018489676,2.5761688
3715,2026-07-30,0.024735965,0.020436322,0.009721787,0.009761966,2.544123
4154,2026-07-30,0.02589624,0.034816418,0.010230731,0.011549487,2.5309734
8048,2026-07-30,0.02443151,0.02577031,0.009666025,0.00900042,2.527304
3016,2026-07-30,0.029560756,0.010933831,0.011735802,0.012677304,2.5186381
4958,2026-07-30,0.021010047,0.0049309134,0.008366822,0.009461434,2.5108142
3701,2026-07-30,0.022135135,-0.0035847032,0.008817581,0.009359151,2.510056
6168,2026-07-30,0.03416369,0.020945745,0.013627544,0.012863442,2.5067747
1449,2026-07-30,0.022681555,0.027848339,0.0090678185,0.009947876,2.5010483
6756,2026-07-30,0.018332874,0.010929731,0.0073578623,0.009670283,2.4912648
6770,2026-07-30,0.026974678,0.014641514,0.010833307,0.0103181265,2.4897463
5443,2026-07-30,0.03437958,-0.0044549336,0.013832555,0.017219791,2.485231
8932,2026-07-30,0.026439253,0.005215004,0.010671166,0.013598687,2.4774027
2476,2026-07-30,0.037057128,0.031215584,0.014964363,0.013193529,2.4761932
6805,2026-07-30,0.025405776,0.019217808,0.010300665,0.009352964,2.4661815
8021,2026-07-30,0.027618926,0.0028021946,0.011205894,0.013138419,2.4644585
5292,2026-07-30,0.023386534,0.025632523,0.00949073,0.011629746,2.4638853
3217,2026-07-30,0.022387076,0.014594888,0.009105193,0.008340243,2.458445
3673,2026-07-30,0.035404738,0.0070258956,0.014424477,0.0124652805,2.4543202
8410,2026-07-30,0.01825474,0.02108308,0.0074663744,0.00736206,2.4445996
3438,2026-07-30,0.023865597,0.021210767,0.009788071,0.011470363,2.437984
2369,2026-07-30,0.030077098,0.012376576,0.012387679,0.01164113,2.427789
3209,2026-07-30,0.015927805,0.0048136385,0.0065672467,0.0076332875,2.4249706
3191,2026-07-30,0.026284194,0.03967541,0.01086117,0.008252892,2.4197922
6515,2026-07-30,0.022761349,0.019219149,0.009429543,0.009762442,2.4135776
3689,2026-07-30,0.020756466,-0.0028152976,0.00860904,0.0084901005,2.4107282
3580,2026-07-30,0.024018642,0.0061063603,0.009986147,0.010613669,2.4049551
6834,2026-07-30,0.030604636,0.0023132996,0.012733928,0.012322888,2.4032044
3406,2026-07-30,0.020319708,0.014173504,0.008456276,0.008463241,2.4026303
3051,2026-07-30,0.020469546,0.013423199,0.008537065,0.0070368224,2.3974454
1718,2026-07-30,0.023931663,-0.0002817573,0.00999757,0.010347684,2.3935087
1264,2026-07-30,0.024210548,0.037255295,0.010144914,0.009929867,2.3862364
2812,2026-07-30,0.019536372,0.037807085,0.008199133,0.009143028,2.3824458
3054,2026-07-30,0.024711553,0.0164468,0.010396993,0.009444755,2.3765695
8928,2026-07-30,0.025040524,0.04471792,0.010565883,0.008172523,2.3697171
2064,2026-07-30,0.018277999,0.018059146,0.007848216,0.009254278,2.32864
3466,2026-07-30,0.014936083,0.012511446,0.0064318026,0.0078375805,2.3218625
6173,2026-07-30,0.037068322,0.027535133,0.015973259,0.019577468,2.3205035
8081,2026-07-30,0.02455032,0.015724184,0.010589464,0.010064122,2.3181534
3530,2026-07-30,0.027787106,0.020621294,0.012033998,0.010436879,2.3088584
2301,2026-07-30,0.022241198,0.021812351,0.009765009,0.009928765,2.2774088
3026,2026-07-30,0.031346735,0.0023618194,0.013789939,0.01461225,2.272995
2344,2026-07-30,0.030315345,0.0073377024,0.0133673325,0.014247324,2.2676983
7753,2026-07-30,0.020897914,0.013319339,0.009235978,0.0074562607,2.2624187
3048,2026-07-30,0.022791512,-0.0067948806,0.010077913,0.01161274,2.2613065
8054,2026-07-30,0.025963763,0.010726988,0.011485773,0.01157795,2.2603183
8039,2026-07-30,0.025228428,-0.01500128,0.011205679,0.009951881,2.2511957
8436,2026-07-30,0.017075343,0.024713702,0.0076020006,0.008241963,2.245869
3623,2026-07-30,0.027799131,0.023491137,0.012378505,0.011890508,2.2455769
5202,2026-07-30,0.017793387,0.019430486,0.007948849,0.008266723,2.2382042
6148,2026-07-30,0.028351115,0.018021306,0.012753377,0.012640091,2.2228537
8440,2026-07-30,0.01653555,0.012277066,0.0074497703,0.007320091,2.2193077
6138,2026-07-30,0.025729176,-0.00039536617,0.011634703,0.012833675,2.2112265
2493,2026-07-30,0.026345193,-0.010525831,0.0119443545,0.0121916495,2.205476
8086,2026-07-30,0.019541439,-0.006531455,0.008869892,0.008636835,2.2028718
1615,2026-07-30,0.014781836,0.020280441,0.006717582,0.008568578,2.2001424
3611,2026-07-30,0.017375978,0.027442308,0.007921092,0.010068729,2.193357
6217,2026-07-30,0.024420451,0.013291941,0.011164482,0.010146767,2.187138
1802,2026-07-30,0.021704031,0.0018104019,0.009950945,0.009178099,2.1808832
6669,2026-07-30,0.021687508,0.013209159,0.0099608125,0.007540373,2.1770644
5498,2026-07-30,0.031737812,0.012545862,0.014594222,0.015515552,2.1745343
3694,2026-07-30,0.025833143,-0.0026863765,0.012066665,0.011620034,2.140691
6670,2026-07-30,0.01825727,0.035877887,0.008612067,0.0097035775,2.1197174
6218,2026-07-30,0.02010038,0.012811222,0.009580499,0.010119886,2.0978324
3162,2026-07-30,0.019544577,0.009529821,0.009333893,0.013491232,2.093712
2748,2026-07-30,0.018299786,0.02640725,0.00876395,0.008422749,2.0878367
2250,2026-07-30,0.019505035,0.010808948,0.009361039,0.006838448,2.0834174
5309,2026-07-30,0.015903933,-0.011013231,0.0076394277,0.011089173,2.0815501
3093,2026-07-30,0.022583699,-4.1465028e-05,0.010854428,0.011433376,2.0804062
1709,2026-07-30,0.024851084,0.00040911004,0.011958553,0.010283988,2.0779274
4760,2026-07-30,0.026910586,0.021524858,0.012976354,0.010497492,2.0736573
6274,2026-07-30,0.024495987,0.014766844,0.011826044,0.011246924,2.0711842
2905,2026-07-30,0.023834301,0.0559276,0.0115079,0.011750495,2.070945
2506,2026-07-30,0.027705805,0.0423343,0.013383154,0.014638758,2.0700452
6125,2026-07-30,0.052886117,0.024211755,0.025588224,0.018480847,2.0667338
3287,2026-07-30,0.022803664,0.024604721,0.011087549,0.010837902,2.0565057
3581,2026-07-30,0.02005596,0.008101885,0.009772902,0.010880627,2.051991
5285,2026-07-30,0.031363055,0.01056324,0.015291469,0.013900881,2.0508823
3264,2026-07-30,0.026287293,-0.003634772,0.012875909,0.0131059345,2.0414288
2436,2026-07-30,0.024571072,0.0013230187,0.012108499,0.0130932415,2.0290742
3049,2026-07-30,0.019051747,0.0070620873,0.009415928,0.0079425685,2.023138
5469,2026-07-30,0.020430999,0.007435739,0.010132615,0.009431434,2.0161607
6703,2026-07-30,0.016968567,0.04020897,0.008577027,0.011384759,1.9781432
2402,2026-07-30,0.018038785,-0.00865483,0.009141391,0.010096217,1.9730927
7715,2026-07-30,0.023296505,0.03979115,0.011875816,0.010471057,1.961511
3702,2026-07-30,0.023074199,0.028085653,0.011915511,0.0086977305,1.9363216
2002,2026-07-30,0.023577949,0.041379478,0.012279838,0.011425595,1.9198973
8038,2026-07-30,0.013287332,0.001147805,0.0069232876,0.008048675,1.9189458
1605,2026-07-30,0.017927123,0.009275505,0.009360819,0.009129885,1.9149188
2908,2026-07-30,0.022784509,0.04960199,0.011918186,0.007945063,1.9115826
3596,2026-07-30,0.023789076,0.0078121135,0.012545848,0.009224348,1.89602
4946,2026-07-30,0.016209478,0.01809041,0.008577073,0.008646115,1.8896408
5258,2026-07-30,0.015941733,0.030329626,0.00846558,0.010741559,1.8829012
6223,2026-07-30,0.020791475,0.0064009638,0.0110448105,0.013252637,1.882295
6231,2026-07-30,0.01587432,0.016938457,0.008464112,0.00821509,1.875264
2027,2026-07-30,0.020009868,0.04809489,0.010683728,0.01242866,1.872754
6152,2026-07-30,0.012358296,0.0052876812,0.0065999688,0.007247335,1.8721943
4543,2026-07-30,0.02092665,0.031072462,0.011180722,0.009103693,1.8715051
3360,2026-07-30,0.014320177,0.013590259,0.0077123344,0.009901699,1.8565482
6781,2026-07-30,0.016400928,0.0047747996,0.008869461,0.010078308,1.8489375
1256,2026-07-30,0.02155721,0.031725325,0.011662864,0.015418564,1.8482049
4205,2026-07-30,0.014663126,0.027351234,0.00793985,0.009694836,1.8465437
6219,2026-07-30,0.019689167,0.02132359,0.010708163,0.0126109505,1.8385347
2206,2026-07-30,0.017181555,0.038333647,0.009435502,0.009855433,1.8207546
6530,2026-07-30,0.021462493,0.002552482,0.011828816,0.010980169,1.8142711
4763,2026-07-30,0.015524474,0.021889497,0.008572543,0.010193443,1.8107419
1735,2026-07-30,0.016602099,0.010036377,0.009226482,0.009800616,1.7992014
1213,2026-07-30,0.0142029645,0.027196359,0.007923814,0.0085355,1.7922143
3540,2026-07-30,0.017916078,0.013962854,0.010043122,0.01159688,1.7837375
2424,2026-07-30,0.016800024,0.031099845,0.009466712,0.008003177,1.7744544
5525,2026-07-30,0.018377991,0.055238068,0.01037465,0.011330624,1.7712616
6873,2026-07-30,0.016656917,0.014965135,0.00946215,0.008426074,1.7601873
6213,2026-07-30,0.026010044,-0.008084525,0.0147967385,0.013419251,1.7577039
8289,2026-07-30,0.020485897,0.015954202,0.011669302,0.00933782,1.755387
2360,2026-07-30,0.0226295,0.018138913,0.012971687,0.010739014,1.7443956
2440,2026-07-30,0.013465618,0.00997425,0.00774877,0.0069927075,1.7375506
6207,2026-07-30,0.031829868,0.008087041,0.018412424,0.017575044,1.7286229
4542,2026-07-30,0.022037797,-0.011471651,0.012773419,0.015540032,1.7251506
3276,2026-07-30,0.015391921,0.0070628366,0.008947669,0.010407207,1.7200235
6282,2026-07-30,0.01639702,-0.0072004115,0.0096320035,0.0073768334,1.702171
5488,2026-07-30,0.018001942,0.0043475856,0.010674798,0.013710828,1.6862385
6505,2026-07-30,0.019417735,0.015957326,0.011515695,0.014062186,1.686051
6278,2026-07-30,0.024849761,0.013274645,0.014810054,0.01436676,1.6777848
3687,2026-07-30,0.0146243805,0.006395848,0.008840638,0.0083319945,1.6540351
3455,2026-07-30,0.018557107,0.007465185,0.011275436,0.010689704,1.6456536
1777,2026-07-30,0.01565664,0.04805267,0.009563512,0.009883131,1.6369513
1582,2026-07-30,0.013356197,0.0010284003,0.008165938,0.0074898745,1.6353983
6488,2026-07-30,0.015363747,-0.02220841,0.009433497,0.011445546,1.6284649
3556,2026-07-30,0.0173953,0.019250015,0.010699475,0.009902079,1.6256568
6129,2026-07-30,0.015205724,0.016040111,0.009365516,0.009829721,1.6234131
8027,2026-07-30,0.02325579,-0.005979423,0.014375556,0.011915175,1.6176189
2383,2026-07-30,0.024661759,0.025175905,0.015435466,0.011019989,1.5976299
2409,2026-07-30,0.018014481,0.010589717,0.011316907,0.012187093,1.5916796
3356,2026-07-30,0.01664697,0.033990774,0.0105020255,0.011070785,1.584969
3294,2026-07-30,0.018094607,0.003149879,0.011444741,0.010538926,1.580903
4755,2026-07-30,0.014887142,0.0030820568,0.009539557,0.008187045,1.560406
6829,2026-07-30,0.016197067,-0.007513231,0.010432925,0.012005816,1.5523465
2707,2026-07-30,0.014900102,0.032519475,0.009602334,0.012348489,1.551555
6246,2026-07-30,0.01337332,0.0023929132,0.008618382,0.008378618,1.5515405
1736,2026-07-30,0.014289801,0.02441948,0.009211645,0.009888576,1.5511072
4961,2026-07-30,0.020092627,-0.0039242925,0.012983978,0.015703147,1.5473747
2379,2026-07-30,0.015763927,0.017072158,0.010225011,0.012939749,1.541552
3086,2026-07-30,0.012023147,0.0106060635,0.007875349,0.0067702467,1.5264872
3583,2026-07-30,0.015558732,-0.020202188,0.010210089,0.007956098,1.5237093
6605,2026-07-30,0.015884921,0.038788147,0.010455715,0.008194913,1.519112
7703,2026-07-30,0.0131904865,-0.004853624,0.00869223,0.011016775,1.5173285
3703,2026-07-30,0.018892951,0.03767229,0.012469019,0.012822902,1.51507
6245,2026-07-30,0.017178671,0.0066159167,0.011363795,0.009367115,1.5115689
2375,2026-07-30,0.017601525,0.009863018,0.011682273,0.011165333,1.5065577
6560,2026-07-30,0.014010659,0.013617528,0.0093183825,0.008649619,1.5033892
1432,2026-07-30,0.011583267,0.043669302,0.007707755,0.010037492,1.5026119
1727,2026-07-30,0.017358689,-0.020113878,0.011588808,0.015081005,1.4977546
3150,2026-07-30,0.012959947,0.009426806,0.008815316,0.009415557,1.4699957
5274,2026-07-30,0.015253449,0.013643999,0.010378677,0.009013504,1.4695494
3105,2026-07-30,0.012006324,-0.016171,0.008180491,0.009508665,1.4674983
6244,2026-07-30,0.012492464,-0.017587367,0.008626013,0.009401376,1.4480636
2489,2026-07-30,0.015497165,0.0030205154,0.01081307,0.010643812,1.4330556
7610,2026-07-30,0.014235577,-0.010079072,0.009970121,0.010643607,1.4276806
6796,2026-07-30,0.012281883,0.01686867,0.008681697,0.008424075,1.414524
7728,2026-07-30,0.010370592,-0.014265165,0.007378955,0.009841393,1.4052378
2233,2026-07-30,0.0138185285,-0.011748382,0.009893354,0.010329398,1.3966074
6785,2026-07-30,0.010336769,-0.00048487633,0.0074695144,0.009442212,1.3836757
6558,2026-07-30,0.010528201,-0.0112314215,0.007670133,0.008054351,1.3724442
3557,2026-07-30,0.015527923,0.03738587,0.011333443,0.015042132,1.3699766
3188,2026-07-30,0.01553934,0.02632173,0.011348295,0.012755145,1.3691899
3122,2026-07-30,0.010806135,0.007051105,0.007935371,0.0086035365,1.3615965
2328,2026-07-30,0.011879178,-0.019088425,0.008771615,0.009711615,1.3541205
3380,2026-07-30,0.0143915955,-0.010208985,0.010721586,0.010181713,1.3421758
6925,2026-07-30,0.012775777,0.013898867,0.009530135,0.008690428,1.3404255
3014,2026-07-30,0.009538876,-0.00083041785,0.0071896804,0.00965227,1.326561
5432,2026-07-30,0.016790973,0.0049891304,0.012743415,0.011152497,1.3175161
3443,2026-07-30,0.014341293,0.010836615,0.010915591,0.011231893,1.3137152
8261,2026-07-30,0.021138044,-0.010424423,0.016301509,0.021511897,1.296613
6285,2026-07-30,0.018186864,-0.01918813,0.014026991,0.0111042475,1.2964696
6140,2026-07-30,0.010626819,0.005030517,0.008242736,0.008727575,1.289078
1503,2026-07-30,0.016901648,-0.011314662,0.013137454,0.018180326,1.2864258
6811,2026-07-30,0.01211444,0.0001504451,0.009536621,0.01045946,1.2701741
2302,2026-07-30,0.022874722,0.021862583,0.018073866,0.023677763,1.2655542
4973,2026-07-30,0.019381847,-0.0070321155,0.01538693,0.017160563,1.2595487
2897,2026-07-30,0.011152833,0.041622408,0.00890704,0.008076179,1.2519963
6526,2026-07-30,0.012767537,-0.013853168,0.010217949,0.009872338,1.2493982
6438,2026-07-30,0.008740574,-0.0151865315,0.00714826,0.00771005,1.2225845
3515,2026-07-30,0.012266233,-0.0032581473,0.010165153,0.006789172,1.2065756
4155,2026-07-30,0.012769082,0.013646205,0.0106410775,0.008946192,1.1998674
2546,2026-07-30,0.012956442,0.05081575,0.010797354,0.012318634,1.1998534
5403,2026-07-30,0.011731418,0.03395863,0.009853721,0.010387051,1.1904364
2404,2026-07-30,0.0140980845,0.016844174,0.011863043,0.009911824,1.1883036
7750,2026-07-30,0.010673682,0.0074881865,0.009233309,0.008287772,1.1558723
4129,2026-07-30,0.00853866,0.009095689,0.0074615777,0.008588875,1.1441971
2066,2026-07-30,0.008911535,0.0038522023,0.0077999183,0.008484092,1.1423701
3332,2026-07-30,0.012272506,-0.0035071138,0.010803998,0.010427208,1.1358174
2368,2026-07-30,0.009724223,0.0028354793,0.008600482,0.011386927,1.1305288
6416,2026-07-30,0.012983858,-0.0049685766,0.0115614515,0.008890461,1.1229329
1597,2026-07-30,0.011742232,-0.017158547,0.010459804,0.009905114,1.122498
1788,2026-07-30,0.012954275,0.03352456,0.011560391,0.0109035745,1.1204772
2891,2026-07-30,0.006450542,0.028137634,0.0057979147,0.007199946,1.1123706
3707,2026-07-30,0.01696707,-0.00538061,0.015384016,0.013442426,1.1028308
6695,2026-07-30,0.011191358,-0.004159824,0.010173435,0.009488009,1.0999488
2059,2026-07-30,0.011447561,0.011151244,0.010504806,0.010639456,1.0896413
5515,2026-07-30,0.010457532,0.03958865,0.0096985,0.009322324,1.0781516
6442,2026-07-30,0.009339747,0.005973388,0.008736276,0.009540562,1.0689541
3231,2026-07-30,0.013269673,0.011068467,0.01254419,0.015271214,1.0577499
6629,2026-07-30,0.01488091,-0.0010548924,0.014189872,0.019178972,1.0486255
2468,2026-07-30,0.010068459,-0.0016780637,0.00962053,0.007538825,1.046451
2305,2026-07-30,0.017148424,0.013524192,0.016422136,0.019903518,1.0441626
5533,2026-07-30,0.01135644,0.047557004,0.011006542,0.013829062,1.0316963
1326,2026-07-30,0.012064761,-8.619788e-05,0.01195921,0.011897446,1.0087415
4979,2026-07-30,0.016891966,0.009160057,0.016754273,0.015564756,1.0081582
3661,2026-07-30,0.011506674,0.0059090387,0.011498416,0.010634473,1.0006311
6411,2026-07-30,0.010085359,0.007607289,0.010108668,0.009602955,0.9975954
6486,2026-07-30,0.009557315,0.026729854,0.00962285,0.008904393,0.9930864
3060,2026-07-30,0.010134474,0.004402606,0.010326005,0.009802518,0.9813566
3628,2026-07-30,0.0072422354,0.008551826,0.007392102,0.00913478,0.97959363
1216,2026-07-30,0.008673645,0.030226829,0.009132937,0.006919235,0.94960636
2352,2026-07-30,0.010667472,0.004192755,0.011238647,0.009894327,0.94909316
9941,2026-07-30,0.010336791,0.029569922,0.011027749,0.010640686,0.9372587
9905,2026-07-30,0.010371899,0.03589874,0.011136432,0.011987692,0.9312648
1815,2026-07-30,0.009638691,0.0023999251,0.010569444,0.012709237,0.911853
3593,2026-07-30,0.009345432,0.023327997,0.010338289,0.009518399,0.90387565
8416,2026-07-30,0.00842945,0.02720957,0.009383215,0.010515213,0.8982584
4906,2026-07-30,0.008628104,-0.012594405,0.009611019,0.010582645,0.897637
3313,2026-07-30,0.0068562943,-0.0024646923,0.0076726624,0.0073983944,0.893484
2514,2026-07-30,0.007858752,0.023355884,0.008795164,0.008995747,0.8934295
3308,2026-07-30,0.009840561,0.012703946,0.011095882,0.012648707,0.8867861
6753,2026-07-30,0.019418998,-0.018405538,0.021908863,0.015982823,0.8863131
6617,2026-07-30,0.009865251,-0.007046556,0.01145851,0.013321413,0.860879
3680,2026-07-30,0.00930422,-0.011912128,0.010807141,0.009999748,0.86085296
3305,2026-07-30,0.00933371,-0.019836482,0.010897157,0.013318978,0.8564485
5251,2026-07-30,0.0071953624,0.0038833937,0.0084318835,0.012321777,0.8532505
8163,2026-07-30,0.008682788,0.006662014,0.0102384025,0.010449726,0.847978
8114,2026-07-30,0.009129582,-0.012693493,0.010778394,0.00888978,0.8469476
3625,2026-07-30,0.010306362,-0.012791762,0.012251576,0.010127095,0.84115875
1593,2026-07-30,0.0102461465,0.022581367,0.012213223,0.008213567,0.8388701
5864,2026-07-30,0.008664538,-0.008846586,0.010406113,0.008773665,0.8325592
6933,2026-07-30,0.010431723,-0.0060756663,0.012582465,0.012575426,0.8290024
8183,2026-07-30,0.0060947677,0.005056707,0.007466718,0.008328159,0.81614864
8024,2026-07-30,0.007790619,0.011454312,0.009612372,0.009581934,0.810394
6952,2026-07-30,0.008968616,0.015428716,0.011078123,0.010122301,0.80950594
2465,2026-07-30,0.011306862,-0.0049627568,0.014159991,0.011783366,0.7984513
2421,2026-07-30,0.007903175,-0.008934946,0.009933229,0.015410296,0.79555
1295,2026-07-30,0.008209173,0.016798843,0.010370959,0.011245801,0.79147756
4766,2026-07-30,0.0071000797,0.0040574986,0.008993825,0.007175224,0.7893516
3008,2026-07-30,0.0096426485,0.011869405,0.01228254,0.010843042,0.7850056
2009,2026-07-30,0.008022446,0.007799718,0.010321641,0.007672586,0.7771699
2535,2026-07-30,0.0074318335,0.034963425,0.009593611,0.011017277,0.7745842
3587,2026-07-30,0.0068916255,-0.010759867,0.008899152,0.0083858995,0.7743267
6179,2026-07-30,0.009469635,0.018241076,0.012257019,0.010205998,0.77252567
8028,2026-07-30,0.01132085,-0.032461807,0.0147278495,0.01475098,0.7686174
1584,2026-07-30,0.008116194,-0.003325731,0.010597429,0.010649442,0.76579213
6188,2026-07-30,0.00639497,-0.015399496,0.008363775,0.009124909,0.7645119
2816,2026-07-30,0.0064397478,0.030323613,0.008530725,0.009935148,0.7548002
3041,2026-07-30,0.0064286976,0.0019300731,0.008802726,0.010379594,0.7302246
2929,2026-07-30,0.0068338853,0.012065053,0.009537343,0.008437785,0.71646464
8415,2026-07-30,0.008313279,0.03494273,0.011928987,0.009655125,0.69683886
3483,2026-07-30,0.004406029,-0.0026289448,0.0064359023,0.0087628,0.6844953
3511,2026-07-30,0.0059010293,-0.0026229396,0.008963605,0.011407366,0.6582587
6953,2026-07-30,0.0070823045,-0.015084221,0.010855945,0.008835092,0.6523294
4107,2026-07-30,0.006427089,0.031018598,0.009860233,0.007872421,0.65175307
3323,2026-07-30,0.008523464,0.005732729,0.013143697,0.012373326,0.6484337
2705,2026-07-30,0.00650208,0.033190865,0.010220241,0.009003974,0.6361341
2887,2026-07-30,0.006535893,0.02682208,0.0105528785,0.011075852,0.6192882
9955,2026-07-30,0.004465436,0.0086947065,0.0072279624,0.008034323,0.6177147
6625,2026-07-30,0.00450526,0.013011986,0.0073157744,0.010407694,0.615744
5512,2026-07-30,0.0059286007,0.017706603,0.009691901,0.010211388,0.6116436
5548,2026-07-30,0.0058514397,0.020164108,0.009576028,0.011250195,0.61098695
4924,2026-07-30,0.0075820694,0.013801255,0.012483858,0.011260194,0.60730124
6426,2026-07-30,0.006533036,-0.026238222,0.010935668,0.015961438,0.5973516
2543,2026-07-30,0.005042528,-0.00944893,0.0084414445,0.010795067,0.5972829
8277,2026-07-30,0.0064309672,0.017542506,0.010815984,0.009134386,0.594525
3592,2026-07-30,0.0066433176,0.0010655127,0.011272089,0.008406385,0.58930767
5483,2026-07-30,0.00761884,-0.029797612,0.012994988,0.010777685,0.58624554
9958,2026-07-30,0.0046612243,0.0030713445,0.007960324,0.010308513,0.58548355
6597,2026-07-30,0.0046851705,0.0006441038,0.008017961,0.009454195,0.58426154
1268,2026-07-30,0.0061881854,0.023862453,0.010624169,0.009921097,0.58240813
6654,2026-07-30,0.008383186,-0.021120517,0.014646437,0.021044403,0.5723312
3135,2026-07-30,0.010562423,-0.0057037785,0.018633828,0.015173077,0.56681085
6141,2026-07-30,0.0057887873,-0.018782262,0.010372748,0.010520309,0.55802274
6291,2026-07-30,0.0052849026,-0.0048305006,0.009733038,0.009242657,0.5429301
1342,2026-07-30,0.0059993993,0.0061781197,0.011173435,0.010992412,0.53688616
6024,2026-07-30,0.005295182,0.02801133,0.009892337,0.009771637,0.53522706
6789,2026-07-30,0.0055791694,-0.025959134,0.010456907,0.010833445,0.53348815
0055,2026-07-30,0.01502057,0.07578449,0.028375907,0.023008484,0.5293237
2462,2026-07-30,0.0053172517,0.007258536,0.010145638,0.010987671,0.5240407
2706,2026-07-30,0.005349337,0.017729988,0.010245266,0.00977048,0.5220767
6494,2026-07-30,0.0048437067,0.017023927,0.009468971,0.011113558,0.5114806
3339,2026-07-30,0.0051180595,-0.010406545,0.010096142,0.010530911,0.50688195
1608,2026-07-30,0.0046245656,-0.0054769367,0.009234355,0.007942967,0.50074583
8105,2026-07-30,0.006835964,0.012995655,0.0139484815,0.017037021,0.49005148
6877,2026-07-30,0.0055122594,-0.013297552,0.011311533,0.01110281,0.48727012
2937,2026-07-30,0.003744406,0.017536722,0.0077473423,0.009304371,0.48325253
3218,2026-07-30,0.004108924,0.024279127,0.0085858395,0.009604944,0.4785141
3030,2026-07-30,0.0052109146,-0.014612003,0.011082299,0.009809104,0.47015914
1560,2026-07-30,0.0035992032,-0.013486401,0.007709753,0.008860475,0.46677718
7743,2026-07-30,0.004723085,0.011593733,0.010147471,0.008850271,0.46539867
3045,2026-07-30,0.003890492,0.018172959,0.008444323,0.009063376,0.4606682
2718,2026-07-30,0.0038019423,0.0017140552,0.008263451,0.010616265,0.46003565
2850,2026-07-30,0.0049679014,0.049395267,0.011152634,0.0119050285,0.4454065
4171,2026-07-30,0.003127427,-0.001012665,0.007108957,0.009728708,0.43986583
8390,2026-07-30,0.0056377864,-0.00029351693,0.012964468,0.008283853,0.4348309
6988,2026-07-30,0.003989811,-0.000615073,0.009250293,0.009585111,0.43127066
2067,2026-07-30,0.0037475124,0.015984597,0.008909509,0.008076325,0.4205722
3221,2026-07-30,0.0176659,0.0063351253,0.043201957,0.03499288,0.4089049
3003,2026-07-30,0.004454142,-0.006706261,0.01097501,0.011592999,0.40580702
4123,2026-07-30,0.002519712,0.013480772,0.006237431,0.008135012,0.40390158
4503,2026-07-30,0.0032576835,-0.016667573,0.008267674,0.009086939,0.39397895
4162,2026-07-30,0.0029650456,0.004755512,0.007846214,0.0069851475,0.37784693
6104,2026-07-30,0.002840929,-0.015403714,0.007527232,0.00961903,0.37737
4588,2026-07-30,0.0029751773,0.0073678037,0.007897145,0.00720911,0.37669316
2501,2026-07-30,0.0033234989,0.03517657,0.008863112,0.011752861,0.37493873
2401,2026-07-30,0.005650572,-0.017621052,0.015086344,0.01014858,0.37452397
2832,2026-07-30,0.0041951286,0.038827892,0.011394552,0.01369483,0.36813736
8433,2026-07-30,0.004126011,0.031632103,0.011241168,0.011016381,0.36701202
6542,2026-07-30,0.0033361735,0.030787496,0.00950184,0.010643373,0.3510712
6962,2026-07-30,0.0032277482,-0.006430536,0.009365521,0.009001518,0.3446048
8111,2026-07-30,0.005482671,0.016449684,0.015909983,0.015605698,0.34458405
4933,2026-07-30,0.0026477443,0.0023127382,0.007821202,0.010198112,0.33849087
5876,2026-07-30,0.0030206118,0.015225381,0.008984455,0.008792109,0.3361668
7765,2026-07-30,0.0039605885,0.012437174,0.01184544,0.011914332,0.3343273
9105,2026-07-30,0.0034528682,-0.002302978,0.010487501,0.008951074,0.32920513
6118,2026-07-30,0.0021459074,0.0010064354,0.00665683,0.008011792,0.32231334
2419,2026-07-30,0.004709765,-0.005364692,0.014614556,0.009424556,0.32224327
1102,2026-07-30,0.0031616064,0.0155173065,0.0099838795,0.008902561,0.3166394
3591,2026-07-30,0.002504239,-0.0074661225,0.0083192475,0.006978528,0.3009813
2745,2026-07-30,0.0021911159,0.0017733206,0.0072959433,0.0087197535,0.3002786
6026,2026-07-30,0.0024242878,0.0038651743,0.00866133,0.009076682,0.27986556
6690,2026-07-30,0.0021499053,0.010593187,0.0077289985,0.008041817,0.27812493
6931,2026-07-30,0.0020438319,-0.008040002,0.00735708,0.008651089,0.277767
3257,2026-07-30,0.0024280085,-0.0024600157,0.008826099,0.010455111,0.275063
1474,2026-07-30,0.0028717064,0.01973774,0.010586923,0.012080011,0.2712247
1903,2026-07-30,0.0030121382,0.0061439737,0.011163249,0.01231729,0.26980212
3023,2026-07-30,0.0020888674,-0.012577502,0.007889105,0.009888525,0.26474518
5438,2026-07-30,0.0026094085,-0.009007718,0.009927471,0.009706822,0.26282078
2726,2026-07-30,0.0030466574,0.007877518,0.011662449,0.011533431,0.2612141
4536,2026-07-30,0.0028833416,0.028999945,0.011192788,0.010602975,0.25758407
9908,2026-07-30,0.0024408896,0.03429122,0.0096774055,0.010531308,0.25219956
3168,2026-07-30,0.0016694478,-0.0021342125,0.007072444,0.008930115,0.23601626
3095,2026-07-30,0.0025241047,0.014618467,0.011128669,0.00965013,0.22679064
3594,2026-07-30,0.0023665975,-0.0066121947,0.010500557,0.011759111,0.22535682
1438,2026-07-30,0.0022154935,0.030244904,0.009841041,0.009531083,0.22510509
6191,2026-07-30,0.0025657709,-0.02023179,0.011424756,0.011205229,0.22456028
6803,2026-07-30,0.0021654551,0.017338872,0.010147095,0.013340889,0.21338539
8110,2026-07-30,0.0029781347,-0.0028577994,0.014433988,0.014026899,0.20631361
6123,2026-07-30,0.002179217,0.026816206,0.011086519,0.0086453,0.19654685
5386,2026-07-30,0.002310716,-0.0068286858,0.012057,0.010834075,0.19163345
2415,2026-07-30,0.0013477539,-0.009095939,0.0075882766,0.007158663,0.17758662
9931,2026-07-30,0.0015517316,0.022380443,0.008889927,0.009955043,0.17452979
2505,2026-07-30,0.0014725223,0.015931427,0.008448345,0.009089189,0.1742765
1233,2026-07-30,0.0015094958,0.034843292,0.010719806,0.010925276,0.14080058
5230,2026-07-30,0.0012915898,0.0217915,0.009202868,0.008138115,0.1403312
1471,2026-07-30,0.0012403299,0.014232493,0.008951569,0.008851185,0.13854457
2458,2026-07-30,0.0016973786,-0.022669183,0.012663499,0.014538218,0.1340265
2701,2026-07-30,0.0013127904,0.014555538,0.009804338,0.009315038,0.13388528
6212,2026-07-30,0.0014654946,0.024277326,0.011255857,0.012647595,0.13018684
1721,2026-07-30,0.000965377,-0.010841948,0.00860166,0.009632041,0.11221843
2752,2026-07-30,0.0012551614,0.0075715515,0.011345686,0.010646971,0.110619195
9944,2026-07-30,0.0011766759,0.02188574,0.011279625,0.008850051,0.10430946
4581,2026-07-30,0.0009429948,0.01583043,0.009794941,0.007990318,0.096263826
1906,2026-07-30,0.00096555735,0.025670163,0.010037995,0.012021002,0.09618068
7713,2026-07-30,0.00089763664,0.015500579,0.009874242,0.011875384,0.09089768
6133,2026-07-30,0.00070664415,0.00046636772,0.0083738435,0.00900378,0.084377
3092,2026-07-30,0.0009128858,-0.010795321,0.0108539,0.01040816,0.084098965
8043,2026-07-30,0.001968051,-0.06713473,0.025755387,0.026164988,0.07641021
2615,2026-07-30,0.0006676325,0.017339844,0.009261326,0.009253097,0.07208043
8087,2026-07-30,0.0006620083,0.003742906,0.009801482,0.010530125,0.06753476
0061,2026-07-30,0.001006921,0.02745283,0.018861542,0.021527044,0.053382047
6752,2026-07-30,0.0004828064,0.012863486,0.0099894265,0.007842412,0.048326906
6279,2026-07-30,0.00044382748,0.008869103,0.010462484,0.011028732,0.042416796
2610,2026-07-30,0.00036968788,0.0251423,0.009389814,0.01275452,0.039366968
6527,2026-07-30,0.00032556205,0.0082655605,0.008537983,0.009209637,0.03812656
5289,2026-07-30,0.0003833299,0.0026451608,0.010690082,0.010721908,0.035855107
5903,2026-07-30,0.00035904945,0.01071891,0.010761587,0.009456829,0.033360887
9939,2026-07-30,0.00037185426,0.015286426,0.011602604,0.010247613,0.032046445
2038,2026-07-30,0.00013222528,0.0023994485,0.0093933465,0.010276609,0.014074984
7721,2026-07-30,0.00016349406,-0.033269536,0.02054035,0.020900724,0.007959265
5201,2026-07-30,5.6106754e-05,0.009591383,0.0075155697,0.0074652177,0.00746441
6951,2026-07-30,-7.247925e-05,0.018363357,0.011075343,0.011736497,-0.006543608
3555,2026-07-30,-0.0001571651,-0.016483624,0.014067369,0.011099571,-0.011171523
6101,2026-07-30,-0.00027827919,-0.006234403,0.009571747,0.008915415,-0.02906994
3088,2026-07-30,-0.00040914927,-0.03236827,0.012343316,0.012997763,-0.03314475
4513,2026-07-30,-0.0004558039,-0.034990203,0.012350154,0.007953579,-0.03690375
8446,2026-07-30,-0.00052746874,0.011352911,0.010626727,0.010378038,-0.04963138
2538,2026-07-30,-0.00065615063,0.013588661,0.011806872,0.010531288,-0.055568915
1808,2026-07-30,-0.0007304683,0.024013054,0.010992586,0.0089927325,-0.066444956
6576,2026-07-30,-0.0007207774,0.009247077,0.010567703,0.011672186,-0.068199225
8462,2026-07-30,-0.00065543986,0.023533564,0.009457229,0.0101576485,-0.06929837
4571,2026-07-30,-0.00065325876,-0.015862346,0.009157148,0.0112223225,-0.071330875
1336,2026-07-30,-0.00062431605,0.0003525875,0.0076659746,0.008724404,-0.08142926
3035,2026-07-30,-0.0013235654,-0.031006355,0.013717174,0.009601951,-0.09648262
2455,2026-07-30,-0.001031996,-0.012724699,0.009918616,0.008519503,-0.10403588
2101,2026-07-30,-0.0008491617,0.0028781085,0.00813675,0.008719818,-0.10434846
9918,2026-07-30,-0.0012887444,0.016660187,0.011965184,0.0106615815,-0.107698865
1504,2026-07-30,-0.0012786257,-0.00414609,0.011489743,0.009723137,-0.11127441
2911,2026-07-30,-0.001409391,0.017293792,0.011410031,0.012415986,-0.123511285
3631,2026-07-30,-0.00130621,0.0023665319,0.009969071,0.009452386,-0.13101311
6015,2026-07-30,-0.0009041139,-0.001954658,0.006893743,0.006530903,-0.13113092
5284,2026-07-30,-0.0019300532,-0.011497511,0.014000403,0.0099767465,-0.13784713
3564,2026-07-30,-0.0014239278,-0.030166674,0.009806909,0.008796078,-0.1451816
1417,2026-07-30,-0.0017892073,0.010338591,0.012102585,0.013329803,-0.14782457
5301,2026-07-30,-0.0018632442,0.0018688259,0.012308405,0.009220319,-0.15136753
1730,2026-07-30,-0.0013877855,0.019583996,0.008599687,0.0076832324,-0.1613575
2028,2026-07-30,-0.0015979309,0.0046208818,0.009897011,0.01137395,-0.16143958
6167,2026-07-30,-0.0014228462,-0.003977747,0.008455686,0.01148977,-0.16825104
1516,2026-07-30,-0.0014925532,0.0033766185,0.00875432,0.01068945,-0.17047384
6510,2026-07-30,-0.0021500736,-0.012678788,0.012389129,0.010044334,-0.17353117
2354,2026-07-30,-0.0016229072,-0.002676783,0.009303745,0.009116506,-0.17441717
8284,2026-07-30,-0.0018321758,0.02201417,0.010197989,0.009057151,-0.17964289
1618,2026-07-30,-0.0016152767,-0.0008835637,0.008603363,0.0070571685,-0.18772762
1220,2026-07-30,-0.0018082636,0.021219304,0.009177743,0.011216146,-0.19700557
6606,2026-07-30,-0.0023506475,0.020981813,0.011891744,0.009745517,-0.19765392
8068,2026-07-30,-0.0023922783,-0.0040516574,0.012024483,0.011783935,-0.19893408
3266,2026-07-30,-0.0024476189,0.03925928,0.011964993,0.011459252,-0.20454791
2845,2026-07-30,-0.0019158758,0.0153092835,0.009346022,0.007984321,-0.20497178
2606,2026-07-30,-0.0017112048,0.0019481982,0.008303533,0.0077010747,-0.2060567
8341,2026-07-30,-0.0022022768,0.016700983,0.010307298,0.008814424,-0.21364117
2248,2026-07-30,-0.0017317913,-0.0033720448,0.008093206,0.008724492,-0.21395443
6150,2026-07-30,-0.0025377655,0.0067056813,0.011850058,0.0078086187,-0.2141383
4529,2026-07-30,-0.002262631,0.011276031,0.01013553,0.012658018,-0.22321554
2527,2026-07-30,-0.0025774313,-0.006960742,0.011279195,0.010816349,-0.22849174
6918,2026-07-30,-0.0020017496,-0.002551775,0.008612132,0.010008209,-0.2324067
1737,2026-07-30,-0.0025049052,0.023065567,0.010763367,0.0107172765,-0.23270345
1210,2026-07-30,-0.0023944234,0.022895448,0.009795075,0.011636512,-0.2444268
3709,2026-07-30,-0.0028917328,-0.016564718,0.011663024,0.009118142,-0.24791896
9937,2026-07-30,-0.0024845977,0.021338113,0.009799242,0.00962602,-0.25352412
2515,2026-07-30,-0.002907819,0.008282972,0.010994827,0.014209226,-0.2644475
2331,2026-07-30,-0.002059101,-0.01459857,0.0077658547,0.006986543,-0.2651139
5609,2026-07-30,-0.0024130626,0.022855954,0.008903679,0.0067599057,-0.27098814
3289,2026-07-30,-0.002394877,-0.013054895,0.008762513,0.013651894,-0.27327818
3033,2026-07-30,-0.0030386203,-0.019036062,0.0108686015,0.011349742,-0.27955213
1227,2026-07-30,-0.003169985,0.025278423,0.011237187,0.011146331,-0.28207263
4953,2026-07-30,-0.0025995604,0.0020329198,0.008991379,0.008510327,-0.28908482
2006,2026-07-30,-0.002796282,0.025890606,0.009200304,0.011406183,-0.30390063
6117,2026-07-30,-0.0030667684,-0.01601236,0.010045046,0.009130918,-0.30527118
3230,2026-07-30,-0.002757667,-0.029296301,0.008955796,0.008924762,-0.30788544
6996,2026-07-30,-0.004426199,-0.008316019,0.014186071,0.015386283,-0.3119882
3234,2026-07-30,-0.002730711,-0.0095034065,0.008709232,0.009663071,-0.3135061
1773,2026-07-30,-0.002284874,-0.0117240725,0.007238502,0.0063907215,-0.31561205
3062,2026-07-30,-0.0032704093,-0.014280128,0.010132159,0.009320745,-0.3227433
8905,2026-07-30,-0.0037716532,-0.0005303557,0.01148393,0.011663037,-0.32840016
3652,2026-07-30,-0.0027999142,0.004563699,0.00845857,0.010312669,-0.33097595
2617,2026-07-30,-0.0033591609,0.009315493,0.009883153,0.007532396,-0.33985317
4552,2026-07-30,-0.0028433315,-0.013187978,0.008338222,0.006886163,-0.34095883
2348,2026-07-30,-0.0033577313,0.017518358,0.0097794095,0.0077980636,-0.34331194
4584,2026-07-30,-0.0043511423,0.00052408135,0.012526677,0.010981365,-0.34732234
2605,2026-07-30,-0.0035477078,0.0010270362,0.010198991,0.0079856925,-0.3478148
5328,2026-07-30,-0.004748283,-0.0054654274,0.013646649,0.01212171,-0.34791946
6914,2026-07-30,-0.0029429435,0.025312332,0.0083033815,0.008547425,-0.35438442
5521,2026-07-30,-0.0033149621,-0.0012462322,0.009338403,0.009777266,-0.35494366
6160,2026-07-30,-0.003677181,-0.0079971105,0.010111009,0.009078793,-0.36364496
3152,2026-07-30,-0.0032901312,-0.0065681464,0.00899873,0.01141614,-0.3655811
4807,2026-07-30,-0.003790538,0.0045406646,0.010148218,0.012126282,-0.3734808
2351,2026-07-30,-0.0048682047,-0.016953401,0.0129721025,0.011498219,-0.3752537
1324,2026-07-30,-0.0032382098,0.00401873,0.008598583,0.0069269356,-0.37655428
6751,2026-07-30,-0.0031386907,-0.0034511273,0.0083123455,0.008426466,-0.37754846
8488,2026-07-30,-0.0033530248,-0.0028521605,0.008867963,0.011919915,-0.37806275
4583,2026-07-30,-0.0043509356,-0.040832333,0.011495554,0.010997762,-0.37845564
1437,2026-07-30,-0.0045579937,0.025865639,0.011526594,0.0107246395,-0.39539853
6615,2026-07-30,-0.0040137675,0.009799782,0.01006557,0.009225545,-0.39872247
5871,2026-07-30,-0.0040951404,0.01820368,0.010141794,0.008542218,-0.40374875
6016,2026-07-30,-0.0044776197,-0.018753227,0.011014558,0.013343065,-0.4064814
2347,2026-07-30,-0.0038228522,0.015344467,0.009341803,0.010205605,-0.4091761
4714,2026-07-30,-0.0034807895,-0.0036690766,0.008207431,0.007919888,-0.4240505
8182,2026-07-30,-0.0037899609,-0.029968759,0.008754012,0.011297335,-0.43289042
2903,2026-07-30,-0.0049562915,0.018687796,0.011440911,0.008065847,-0.43316987
1513,2026-07-30,-0.004782772,-0.029408801,0.0109777525,0.015855763,-0.43563893
2641,2026-07-30,-0.0039000623,-0.0028079827,0.008743902,0.0079243565,-0.44598123
9926,2026-07-30,-0.0052166013,0.026131503,0.01168426,0.01269164,-0.44642577
1441,2026-07-30,-0.004596011,0.0054407506,0.010240574,0.008679927,-0.44876018
6443,2026-07-30,-0.004478784,-0.058065586,0.0096775,0.014778893,-0.46275595
5269,2026-07-30,-0.0039391657,-0.012352375,0.008476735,0.00862444,-0.46464834
5302,2026-07-30,-0.0047428817,0.003805537,0.009883534,0.011111956,-0.47982854
6922,2026-07-30,-0.0046796585,-0.026342038,0.009705232,0.00938371,-0.48212922
2441,2026-07-30,-0.007543894,-0.018388635,0.015609559,0.018492823,-0.48325586
3024,2026-07-30,-0.004399134,-0.015784603,0.009077025,0.008750423,-0.4845915
4934,2026-07-30,-0.00441173,-0.013041186,0.009102482,0.00915607,-0.48462003
6538,2026-07-30,-0.007449567,-0.0016984144,0.014644013,0.01806553,-0.508676
1530,2026-07-30,-0.006582852,0.010370847,0.012846018,0.011211734,-0.5124031
2608,2026-07-30,-0.0059104837,0.021612143,0.011477349,0.011604039,-0.5149245
0053,2026-07-30,-0.008902957,-0.017689079,0.017209042,0.017398367,-0.51731175
4806,2026-07-30,-0.0048626265,0.0100455405,0.00923123,0.0084910365,-0.52670115
1537,2026-07-30,-0.0047538,0.017964471,0.008886608,0.010526457,-0.53487957
6937,2026-07-30,-0.008214788,-0.034637254,0.015174857,0.01101567,-0.5413063
6506,2026-07-30,-0.0056896596,0.0024692826,0.010347391,0.009722875,-0.54981107
1529,2026-07-30,-0.0078104003,-0.05443237,0.014188105,0.017634632,-0.5504505
3518,2026-07-30,-0.0055120187,-0.0063083963,0.009973002,0.009711889,-0.55263865
8467,2026-07-30,-0.0075114057,-0.0065831565,0.013407955,0.0104936985,-0.5601783
2434,2026-07-30,-0.00731337,-0.01860425,0.0130195925,0.013123834,-0.56167716
7732,2026-07-30,-0.0053593884,0.0067979665,0.0095241675,0.010337468,-0.56265557
4545,2026-07-30,-0.0051359157,-0.01486742,0.0090899,0.010303645,-0.56495124
6189,2026-07-30,-0.008196629,-0.013503899,0.014310832,0.011906596,-0.57271695
3499,2026-07-30,-0.0054592877,-0.012797687,0.009401646,0.0095134545,-0.5806118
6192,2026-07-30,-0.0050482815,-0.011813983,0.008607131,0.009202858,-0.586455
6788,2026-07-30,-0.00646587,-0.0019140638,0.010949385,0.008776651,-0.5904696
2420,2026-07-30,-0.0042091757,-0.0084889,0.007069808,0.008508368,-0.59528923
4576,2026-07-30,-0.008804283,-0.032033328,0.0147549985,0.012420294,-0.5966579
6967,2026-07-30,-0.006976056,0.0027029277,0.0116866045,0.010684258,-0.59687644
2031,2026-07-30,-0.006881542,0.005762433,0.011478018,0.010129938,-0.59948874
3508,2026-07-30,-0.0052853725,-0.0059802663,0.008733878,0.010747844,-0.6050883
5272,2026-07-30,-0.0058625024,-0.010118795,0.009667458,0.0090935575,-0.6063534
7749,2026-07-30,-0.0052296673,-0.026753934,0.008619821,0.008763118,-0.6066322
5287,2026-07-30,-0.0065981983,-0.0020781446,0.010802434,0.011206341,-0.6107501
9951,2026-07-30,-0.006542928,0.00879084,0.010710993,0.00881512,-0.61080396
5324,2026-07-30,-0.0070765326,0.013741174,0.011531269,0.011361985,-0.6136288
6415,2026-07-30,-0.0062172785,-0.03524324,0.010072185,0.010633947,-0.6172108
6229,2026-07-30,-0.006835704,0.0040610866,0.010883266,0.0150522785,-0.62803537
6154,2026-07-30,-0.0058739856,0.014149346,0.009223966,0.010401542,-0.63674873
6121,2026-07-30,-0.006096433,-0.011674323,0.00953189,0.012340892,-0.6395157
6790,2026-07-30,-0.0058513847,0.021184662,0.009085524,0.00930712,-0.6439629
1590,2026-07-30,-0.00658866,-0.006214455,0.009907838,0.008610743,-0.6649276
8473,2026-07-30,-0.004733978,-0.009886405,0.0069999527,0.009798337,-0.67619056
4935,2026-07-30,-0.0052224384,-0.0075781313,0.0076483265,0.008837234,-0.6827318
1103,2026-07-30,-0.0059496267,0.019563805,0.0086739445,0.008398217,-0.6858403
3228,2026-07-30,-0.005180961,-0.014494083,0.007460706,0.008217071,-0.69434005
4111,2026-07-30,-0.006245263,0.0131578995,0.008938086,0.011656923,-0.69864666
8045,2026-07-30,-0.0070652636,-0.024086675,0.01005614,0.012067122,-0.7025122
7722,2026-07-30,-0.009675454,-0.010076563,0.013727861,0.019835107,-0.70475286
2388,2026-07-30,-0.007306435,-0.010268795,0.010342152,0.008218766,-0.70640314
2614,2026-07-30,-0.0064230934,0.006619293,0.009012626,0.011653214,-0.7125982
6791,2026-07-30,-0.008754744,-0.011386617,0.01227195,0.0126356995,-0.7133366
6715,2026-07-30,-0.009598055,-0.05343013,0.013288231,0.013708708,-0.7222431
6151,2026-07-30,-0.006367128,-0.011773204,0.008809431,0.009488805,-0.72268057
1708,2026-07-30,-0.008731612,-0.022555318,0.012060441,0.010638831,-0.72392774
1733,2026-07-30,-0.009601674,0.019485334,0.012962145,0.010178556,-0.7406902
2063,2026-07-30,-0.008383218,0.000104290964,0.011284972,0.010246682,-0.7427999
2432,2026-07-30,-0.008380738,0.018005613,0.011205221,0.011872,-0.7478648
3284,2026-07-30,-0.0078613665,0.010484525,0.010491984,0.011434425,-0.7492022
2901,2026-07-30,-0.007114796,0.013571334,0.009489914,0.010214024,-0.7496428
2732,2026-07-30,-0.007059308,0.0040940447,0.00923984,0.009702956,-0.76392484
1110,2026-07-30,-0.0080092605,0.015975568,0.010393196,0.011814963,-0.7705512
6672,2026-07-30,-0.01126557,-0.03775164,0.014556392,0.0125662405,-0.77387285
2727,2026-07-30,-0.008660624,0.01945302,0.01117912,0.009588873,-0.774645
1316,2026-07-30,-0.0099776415,-0.0038378597,0.012553733,0.0111723505,-0.7947315
3491,2026-07-30,-0.0081086,-0.019593596,0.010188278,0.01034571,-0.7957973
1587,2026-07-30,-0.0064681247,-0.017145034,0.007993787,0.0080296565,-0.8090428
3516,2026-07-30,-0.0069358815,0.0009536574,0.008560023,0.008877254,-0.81016964
1519,2026-07-30,-0.009203273,0.003383885,0.011341592,0.009848485,-0.8113906
6844,2026-07-30,-0.0066512725,-7.221426e-05,0.008101407,0.008874089,-0.82090074
9929,2026-07-30,-0.009523907,0.001660109,0.011497685,0.009267766,-0.82826054
1310,2026-07-30,-0.011389575,-0.035532895,0.013683203,0.014271386,-0.83231556
9927,2026-07-30,-0.0076978444,0.012354176,0.009160192,0.011157988,-0.8402667
4971,2026-07-30,-0.006325394,-0.028770331,0.007422085,0.0081728315,-0.8521247
8147,2026-07-30,-0.008381096,-0.027927143,0.0097659165,0.009973951,-0.85811067
8940,2026-07-30,-0.008724546,-0.004660034,0.010074093,0.011708742,-0.8659519
4702,2026-07-30,-0.014871087,-0.00016560002,0.017024465,0.016589345,-0.8734614
2207,2026-07-30,-0.0077760536,0.01169004,0.008891126,0.009094436,-0.8744875
4506,2026-07-30,-0.0069034738,0.022013806,0.007887055,0.008843642,-0.87518066
1339,2026-07-30,-0.009861048,0.010778119,0.011232262,0.0101055605,-0.87784374
3570,2026-07-30,-0.009297409,0.0022838186,0.010513793,0.011533802,-0.8842218
1521,2026-07-30,-0.007340816,0.0019416581,0.008146793,0.01029927,-0.9009576
4729,2026-07-30,-0.011219671,-0.0153484745,0.012361134,0.011101025,-0.90758365
6763,2026-07-30,-0.009107511,-0.013434563,0.010003548,0.0112006925,-0.91033703
5534,2026-07-30,-0.009257755,0.006961632,0.010068146,0.011874659,-0.91941816
4772,2026-07-30,-0.008639604,-0.027616356,0.009361399,0.008047697,-0.92279804
6664,2026-07-30,-0.009954534,-0.024406876,0.010708542,0.009621556,-0.92950135
3388,2026-07-30,-0.010048787,-0.021316994,0.010801786,0.008431444,-0.9302033
9925,2026-07-30,-0.013641119,0.01735306,0.0146504585,0.009669147,-0.9310417
6728,2026-07-30,-0.0073267873,0.009278611,0.007868123,0.010014147,-0.93108046
3529,2026-07-30,-0.007258937,-0.003924673,0.007692577,0.008645424,-0.9435062
8917,2026-07-30,-0.0119953435,0.0024833954,0.012567601,0.01021669,-0.9543897
6203,2026-07-30,-0.008520639,0.0067841806,0.008911276,0.0071929563,-0.95605636
3632,2026-07-30,-0.012910089,-0.010459745,0.013446272,0.0130780665,-0.9600526
7718,2026-07-30,-0.0100366175,0.015824193,0.010424994,0.009536678,-0.9626533
1229,2026-07-30,-0.009337151,0.0076054623,0.009617175,0.009198677,-0.970782
2393,2026-07-30,-0.0074892016,-0.011794348,0.0076776454,0.008926513,-0.9753285
6929,2026-07-30,-0.006125287,-0.0070452765,0.0062764008,0.010260335,-0.9757681
2739,2026-07-30,-0.011705214,0.021964975,0.011954327,0.011964014,-0.97907937
6464,2026-07-30,-0.011646527,0.018271532,0.01184292,0.012077432,-0.98333377
4207,2026-07-30,-0.009834583,0.006093612,0.009936845,0.0119611295,-0.9896092
2324,2026-07-30,-0.009659366,0.0028187379,0.009661456,0.010518269,-0.9996802
4557,2026-07-30,-0.009693491,0.0055896984,0.009691992,0.008545662,-1.0000515
8942,2026-07-30,-0.00989967,-0.015124263,0.0098158615,0.010154754,-1.0084354
2371,2026-07-30,-0.010976265,-0.03748415,0.01084491,0.009614199,-1.0120188
8099,2026-07-30,-0.0104242945,-0.0033102669,0.0102777425,0.010228144,-1.0141605
6215,2026-07-30,-0.011642287,-0.045864247,0.011360697,0.010474656,-1.024696
6166,2026-07-30,-0.012141321,-0.035344075,0.011650349,0.010799212,-1.0420527
2753,2026-07-30,-0.009901589,0.012930037,0.009497194,0.008241495,-1.0424707
6182,2026-07-30,-0.0148285655,-0.050736524,0.014195745,0.014176817,-1.0445046
6890,2026-07-30,-0.012749187,0.006901531,0.01216683,0.012608405,-1.0477781
4931,2026-07-30,-0.014938746,-0.051809516,0.014208366,0.015741287,-1.0513309
2731,2026-07-30,-0.010497874,0.010724841,0.009979495,0.008574673,-1.051839
1714,2026-07-30,-0.015309491,-0.027498506,0.014321514,0.013893756,-1.0689108
4441,2026-07-30,-0.010414592,-0.012207403,0.009735911,0.008355263,-1.0695992
6689,2026-07-30,-0.01077281,-0.007094995,0.010047328,0.010092575,-1.0720998
5392,2026-07-30,-0.010327524,-0.04087399,0.009603384,0.008211472,-1.0752926
1240,2026-07-30,-0.009019716,-0.003220888,0.008387141,0.0097191995,-1.0752938
5425,2026-07-30,-0.013689993,-0.02367578,0.012719403,0.016342994,-1.0762231
3526,2026-07-30,-0.013738308,-0.011484017,0.012526788,0.008792093,-1.0966268
3118,2026-07-30,-0.012617949,0.009502857,0.011486579,0.01089372,-1.0983994
1303,2026-07-30,-0.008767424,-0.020503504,0.007968856,0.012294268,-1.1000731
8455,2026-07-30,-0.018645307,-0.004297248,0.016905023,0.015819054,-1.1028795
2474,2026-07-30,-0.010267659,-0.03096685,0.009261443,0.010148883,-1.108526
2530,2026-07-30,-0.012269928,0.006399294,0.011042888,0.008953037,-1.1110152
8432,2026-07-30,-0.012341335,-0.0030415982,0.011050094,0.010361532,-1.1167524
5607,2026-07-30,-0.00917455,-0.00776834,0.008196299,0.0077252374,-1.1192162
4562,2026-07-30,-0.0102599915,-0.01625801,0.00916135,0.00885221,-1.119799
1817,2026-07-30,-0.01191192,0.011043349,0.010503281,0.0088369865,-1.1340063
5704,2026-07-30,-0.011429785,0.012168264,0.009996486,0.0100431,-1.1432658
3481,2026-07-30,-0.010560667,-0.016473401,0.009181963,0.011668988,-1.1500282
2013,2026-07-30,-0.013193191,0.0013060565,0.0113273095,0.012882982,-1.1646214
2024,2026-07-30,-0.010909256,0.009552155,0.009338917,0.010309164,-1.1680249
2496,2026-07-30,-0.010088136,-0.009897029,0.008620734,0.010226439,-1.170082
3546,2026-07-30,-0.011104019,0.016019387,0.009454179,0.0100764325,-1.174385
3005,2026-07-30,-0.013180028,-0.007487445,0.01117915,0.01128099,-1.1788775
3684,2026-07-30,-0.009612759,-0.0084531335,0.00813232,0.008558904,-1.1818985
3171,2026-07-30,-0.012472137,0.012031585,0.010538649,0.0120120095,-1.1833541
2247,2026-07-30,-0.011627293,0.00907956,0.009738216,0.012198833,-1.1938633
6516,2026-07-30,-0.013253119,0.003554128,0.011096955,0.01001091,-1.1941947
2702,2026-07-30,-0.01139076,-0.0097399,0.009518831,0.010061414,-1.1965296
4903,2026-07-30,-0.015257623,-0.032282516,0.012746505,0.010674726,-1.1969105
1726,2026-07-30,-0.011163383,0.01576089,0.009323901,0.010292015,-1.1971583
6113,2026-07-30,-0.016597433,-0.017837366,0.013856811,0.01115717,-1.1976951
8489,2026-07-30,-0.011071539,0.0010637947,0.009227428,0.010206112,-1.199721
3419,2026-07-30,-0.012878674,-0.0126425885,0.010714068,0.010428118,-1.2019218
5546,2026-07-30,-0.010037092,-0.0071982234,0.008323327,0.010382211,-1.2057542
4999,2026-07-30,-0.010416488,-0.014428526,0.008551868,0.01230603,-1.2178942
2349,2026-07-30,-0.009773437,-0.012517807,0.008023726,0.008815513,-1.2179153
5381,2026-07-30,-0.010407567,-0.017612386,0.008528788,0.010943944,-1.2201437
4175,2026-07-30,-0.013729602,0.0049560294,0.01122939,0.010309446,-1.22254
3073,2026-07-30,-0.0115313865,0.0050818026,0.009366991,0.008075249,-1.2309349
3015,2026-07-30,-0.0151361795,-0.02935986,0.012097067,0.013007951,-1.2511238
6209,2026-07-30,-0.024244528,-0.07157123,0.019367808,0.02057799,-1.2517304
1713,2026-07-30,-0.011447128,-0.0077977437,0.009132351,0.007470142,-1.2533327
3479,2026-07-30,-0.014420359,-0.045065466,0.011471086,0.011802151,-1.2569953
1720,2026-07-30,-0.013242585,0.023577575,0.01053262,0.010114276,-1.2571731
3285,2026-07-30,-0.012839063,0.00774259,0.010196598,0.009153178,-1.2590281
5514,2026-07-30,-0.011115016,0.00039439087,0.008734135,0.0075717987,-1.2724493
8222,2026-07-30,-0.012649524,-0.039188314,0.009937765,0.0118372,-1.272746
4966,2026-07-30,-0.014376146,-0.031828713,0.011200563,0.011006924,-1.2834053
1540,2026-07-30,-0.012050481,-0.012037037,0.009355091,0.009620504,-1.2879825
8937,2026-07-30,-0.012411962,-0.013876051,0.009633267,0.010622244,-1.2883141
4550,2026-07-30,-0.012249008,0.0077642156,0.009471327,0.0105932,-1.293136
6547,2026-07-30,-0.016206231,-0.021864956,0.012519746,0.010933098,-1.2943503
4968,2026-07-30,-0.013598561,-0.025068749,0.010437749,0.009156786,-1.3027002
6164,2026-07-30,-0.013420793,-0.008737029,0.010210433,0.010206888,-1.3142909
4121,2026-07-30,-0.012658838,-0.011538844,0.009589708,0.009811272,-1.3199065
2460,2026-07-30,-0.011882714,-0.009772776,0.008951625,0.008405069,-1.3272883
6692,2026-07-30,-0.011952114,-0.0009910383,0.009001287,0.0113689415,-1.3276753
8442,2026-07-30,-0.017078884,-0.009849781,0.012855171,0.011453115,-1.328458
6248,2026-07-30,-0.014184597,-0.0066224914,0.010636771,0.010906331,-1.3334181
9907,2026-07-30,-0.015424091,0.0042924043,0.011475992,0.012033125,-1.343914
3577,2026-07-30,-0.017518874,-0.056564324,0.013034261,0.017016869,-1.3439604
5278,2026-07-30,-0.018511295,-0.012277589,0.013755658,0.009638929,-1.3456244
3679,2026-07-30,-0.015453734,0.00010813717,0.011440725,0.009448112,-1.3506472
2062,2026-07-30,-0.01468399,-0.007852119,0.010857333,0.0142076,-1.3523244
3311,2026-07-30,-0.012728658,-0.009972826,0.009376729,0.008207628,-1.3573283
3081,2026-07-30,-0.013683469,-0.021574693,0.010060216,0.010184753,-1.3600214
3011,2026-07-30,-0.011226165,-0.016410964,0.008233441,0.0074577993,-1.3633183
6906,2026-07-30,-0.01489042,-9.27624e-05,0.010901666,0.01211039,-1.3657595
6838,2026-07-30,-0.012314984,-0.004439489,0.009008888,0.010621872,-1.3668298
2516,2026-07-30,-0.011476477,0.0180941,0.008326508,0.010658471,-1.3781406
1806,2026-07-30,-0.014851858,-0.00981565,0.010756287,0.010398601,-1.3806323
2015,2026-07-30,-0.016592007,0.004190696,0.011969047,0.011735068,-1.3861271
3019,2026-07-30,-0.016593201,-0.052430727,0.0119491555,0.0136115085,-1.3885343
9938,2026-07-30,-0.01612428,-0.0052129896,0.011566093,0.009806752,-1.3939786
9802,2026-07-30,-0.012513776,-0.012443451,0.008954574,0.009393749,-1.3973169
5471,2026-07-30,-0.014327469,-0.0424915,0.0102021415,0.010721329,-1.4042213
3293,2026-07-30,-0.013358881,0.008100071,0.009503735,0.012219241,-1.4054974
4768,2026-07-30,-0.015729057,-0.034872167,0.011183318,0.013541872,-1.4063492
3321,2026-07-30,-0.012997462,-0.010150993,0.0092298975,0.007475841,-1.4080389
6593,2026-07-30,-0.016127246,-0.0062291985,0.01139705,0.012078863,-1.4149127
5220,2026-07-30,-0.012049969,-0.009947876,0.008493626,0.007353761,-1.4185404
6579,2026-07-30,-0.015805133,-0.03720405,0.011089976,0.013099567,-1.4250443
2423,2026-07-30,-0.0122844735,-0.015500197,0.008570414,0.009423811,-1.433191
2756,2026-07-30,-0.012662326,-0.0068828817,0.008824834,0.008486701,-1.4346889
2438,2026-07-30,-0.012573449,-0.007873978,0.008748327,0.010014953,-1.437076
6465,2026-07-30,-0.013454109,-0.007406445,0.009282397,0.0071866903,-1.4492657
6727,2026-07-30,-0.010490209,-0.038815293,0.0072327023,0.008837627,-1.4501853
8070,2026-07-30,-0.015461748,-0.036240775,0.010643619,0.011455583,-1.4525411
2227,2026-07-30,-0.013293871,0.0035916178,0.009086837,0.008060372,-1.46282
5478,2026-07-30,-0.010233144,0.006056108,0.0069551677,0.00813794,-1.4710894
8401,2026-07-30,-0.01133692,0.0056794705,0.007690782,0.009490499,-1.4739003
2912,2026-07-30,-0.01351571,-0.0038127517,0.009166822,0.011810991,-1.4742552
2241,2026-07-30,-0.016210508,-0.015698044,0.010981871,0.00965285,-1.4759809
4904,2026-07-30,-0.015189873,-0.002602365,0.010275186,0.012622828,-1.4781625
8107,2026-07-30,-0.013651939,-0.00925083,0.009148842,0.010008107,-1.492041
2636,2026-07-30,-0.016796913,0.019171422,0.0112139275,0.010305211,-1.4977281
6482,2026-07-30,-0.015284599,-0.0037751438,0.010177853,0.010676663,-1.5016032
6741,2026-07-30,-0.015369354,-0.013042953,0.0101729985,0.01200431,-1.5106503
1304,2026-07-30,-0.019005498,-0.03982443,0.012505439,0.012220487,-1.519657
6265,2026-07-30,-0.032863636,-0.097357735,0.021539286,0.02250617,-1.5256824
6872,2026-07-30,-0.012283701,-0.004401994,0.008008036,0.008596444,-1.5337303
6870,2026-07-30,-0.015849726,-0.034268215,0.010310896,0.010430676,-1.5370332
2534,2026-07-30,-0.016551502,0.007830604,0.010708283,0.008516603,-1.5455285
2105,2026-07-30,-0.015542075,-0.0055745677,0.010039226,0.012203358,-1.5479805
9902,2026-07-30,-0.015205762,-0.007134825,0.0098143695,0.0102788545,-1.5491787
6881,2026-07-30,-0.014349889,-0.008442924,0.009229801,0.00993542,-1.554566
3324,2026-07-30,-0.01557471,-0.0155413635,0.009972763,0.010975238,-1.561568
7631,2026-07-30,-0.017314952,-0.0071584554,0.0110843405,0.011799525,-1.5619684
1301,2026-07-30,-0.015745142,-0.02337117,0.010036004,0.010301764,-1.5687094
5306,2026-07-30,-0.013770523,-0.008305535,0.008771139,0.008786549,-1.569802
6417,2026-07-30,-0.013872572,-0.026142934,0.008819465,0.010768367,-1.5727711
8930,2026-07-30,-0.012663365,0.007475256,0.008048754,0.0092362175,-1.5731368
1464,2026-07-30,-0.016294379,0.002468827,0.010317772,0.00940961,-1.5791006
5314,2026-07-30,-0.01584868,-0.028604476,0.009957175,0.012888115,-1.5915245
2395,2026-07-30,-0.0155078415,-0.012541769,0.009732161,0.008971436,-1.5932996
9917,2026-07-30,-0.017849524,0.000977268,0.011182974,0.008721378,-1.5959911
2312,2026-07-30,-0.016103283,-0.034003813,0.010077456,0.009239946,-1.5977926
9935,2026-07-30,-0.019287853,0.014760906,0.0120538445,0.008241169,-1.6000084
6143,2026-07-30,-0.011871646,-0.028445352,0.007405503,0.009593239,-1.602868
8454,2026-07-30,-0.022821713,0.0013933263,0.014139953,0.014896004,-1.6138737
2107,2026-07-30,-0.016130695,0.0048947413,0.00996084,0.012749137,-1.6192485
4105,2026-07-30,-0.014987526,-0.0093908515,0.009230444,0.010696907,-1.6235299
2417,2026-07-30,-0.014864228,-0.024578828,0.009129469,0.0074468087,-1.6279807
2540,2026-07-30,-0.016828777,-0.0018780227,0.01030701,0.010814391,-1.6325922
7734,2026-07-30,-0.017183298,-0.024302801,0.010502024,0.009199889,-1.6360334
2640,2026-07-30,-0.018557403,-0.0044631786,0.011287863,0.010651546,-1.6438681
4102,2026-07-30,-0.0155919595,-0.011850649,0.009451724,0.009297053,-1.6494673
4164,2026-07-30,-0.013057205,-0.01632825,0.0078062015,0.008256441,-1.6724565
6924,2026-07-30,-0.021339817,-0.007083639,0.012716345,0.0125748385,-1.6780088
6776,2026-07-30,-0.016506916,-0.009388753,0.009799684,0.0079190815,-1.6842616
4568,2026-07-30,-0.014742179,0.0030903404,0.00872429,0.010911063,-1.6895918
8935,2026-07-30,-0.013022097,-0.0145938145,0.007701061,0.008941541,-1.6907289
3047,2026-07-30,-0.012869941,-0.032383468,0.0075875754,0.00959185,-1.6959628
2612,2026-07-30,-0.016212694,-0.011644391,0.009522717,0.009068846,-1.7023493
4153,2026-07-30,-0.022439567,0.008961121,0.013178026,0.008450575,-1.7026726
5212,2026-07-30,-0.016601047,0.0010216899,0.00954812,0.011502438,-1.7384896
2852,2026-07-30,-0.017151387,0.009307197,0.00985713,0.012862008,-1.7398216
1456,2026-07-30,-0.01524683,0.013735584,0.008743145,0.007589294,-1.7436616
4735,2026-07-30,-0.024115268,0.00082379737,0.013761509,0.011216083,-1.7522435
8367,2026-07-30,-0.019643188,-0.0021173784,0.011184991,0.010203247,-1.7560524
2646,2026-07-30,-0.017517662,-0.0073420946,0.009972154,0.0088180015,-1.7564815
3029,2026-07-30,-0.019813258,-0.0105393445,0.011257147,0.011052026,-1.7599039
3036,2026-07-30,-0.010741055,-0.016492028,0.0060979,0.008245644,-1.7611463
5283,2026-07-30,-0.01676685,0.0022698392,0.009509033,0.0091502685,-1.7630696
6195,2026-07-30,-0.01859268,-0.004466078,0.010515845,0.010202334,-1.7678951
6509,2026-07-30,-0.013729131,-0.032216553,0.0077499985,0.009171546,-1.7712727
3512,2026-07-30,-0.018854741,0.01067454,0.010640955,0.009906649,-1.7717366
4728,2026-07-30,-0.017818082,0.000785688,0.010051496,0.0112076,-1.7725031
1234,2026-07-30,-0.021354262,0.005300636,0.012039166,0.010050239,-1.7735853
2755,2026-07-30,-0.015411311,-0.0024666667,0.008674118,0.010516205,-1.7764958
1341,2026-07-30,-0.016067566,-0.012404452,0.009041707,0.01031811,-1.7768536
6887,2026-07-30,-0.019886073,-0.008416688,0.011164063,0.01046141,-1.7810981
2613,2026-07-30,-0.018565308,-0.014617785,0.01036545,0.010990906,-1.7909032
1783,2026-07-30,-0.017957257,0.002761452,0.010025274,0.009682302,-1.7910199
2751,2026-07-30,-0.016493984,-0.0037715933,0.009186174,0.012479933,-1.7953272
3052,2026-07-30,-0.018014515,-0.01325709,0.009935061,0.0134413,-1.8130438
5213,2026-07-30,-0.016395126,-0.011735829,0.008999978,0.011025086,-1.8214825
6146,2026-07-30,-0.023675676,-0.032085076,0.012991741,0.0132750785,-1.8222233
1312,2026-07-30,-0.016304798,-0.045778904,0.008899973,0.007974791,-1.8317995
1539,2026-07-30,-0.022967823,-0.001760007,0.012426598,0.011120803,-1.8481305
3034,2026-07-30,-0.016385416,-0.0012608648,0.008831748,0.008008351,-1.8550756
4114,2026-07-30,-0.017518822,-0.002495621,0.009428797,0.009247307,-1.8578153
2459,2026-07-30,-0.015593568,-0.010600632,0.0083906995,0.0073782187,-1.8582133
1418,2026-07-30,-0.01289556,0.0033206993,0.0069313697,0.0077728755,-1.8601952
2906,2026-07-30,-0.022895785,0.007870033,0.012210384,0.010519582,-1.8749541
6469,2026-07-30,-0.018982507,-0.0011377477,0.010087948,0.0087880865,-1.8815149
4711,2026-07-30,-0.023616647,-0.014661071,0.0125336135,0.008275453,-1.8841145
2471,2026-07-30,-0.022339446,-0.0072394786,0.0118418215,0.010286479,-1.886328
8227,2026-07-30,-0.022761302,-0.042965464,0.011999129,0.012131944,-1.8967547
3567,2026-07-30,-0.017906543,-0.01245596,0.009376317,0.009050914,-1.9095592
6185,2026-07-30,-0.02282991,-0.008899721,0.011815217,0.009296085,-1.9320828
2482,2026-07-30,-0.01616074,-0.022678383,0.008327886,0.0074853245,-1.9403241
1776,2026-07-30,-0.017982965,-0.015466068,0.009236809,0.010564123,-1.9466699
1805,2026-07-30,-0.02380288,-0.0055947574,0.012225209,0.013141959,-1.9468733
4566,2026-07-30,-0.023028456,-0.042850606,0.011814355,0.010716193,-1.9490278
1452,2026-07-30,-0.017304,0.00097269914,0.008873376,0.011029301,-1.9498835
5481,2026-07-30,-0.020799167,-0.012347226,0.010639465,0.010257913,-1.9547235
5015,2026-07-30,-0.022499997,0.0002692131,0.011485541,0.011019541,-1.9588139
6409,2026-07-30,-0.019953672,-0.034841828,0.010175921,0.009217885,-1.9606786
2754,2026-07-30,-0.015891135,-0.014417475,0.008074381,0.008182701,-1.9678494
6023,2026-07-30,-0.019971209,-0.0014811254,0.010140097,0.0072741588,-1.9693341
6112,2026-07-30,-0.016775893,-0.023333745,0.008514579,0.00783441,-1.9700236
6171,2026-07-30,-0.021886647,-0.0045427163,0.011055476,0.010801706,-1.9795319
6843,2026-07-30,-0.021490755,0.00031193777,0.01084991,0.008338981,-1.9805486
1476,2026-07-30,-0.023292268,-0.010420648,0.01175561,0.009268259,-1.981206
2069,2026-07-30,-0.02253681,-0.005244376,0.011358442,0.010970343,-1.9839716
1321,2026-07-30,-0.015656538,-0.0009295616,0.007882032,0.0084587075,-1.9861062
4126,2026-07-30,-0.021789512,-0.011845688,0.0109530045,0.00860486,-1.9891822
3558,2026-07-30,-0.014734249,-0.038002577,0.007395246,0.006732908,-1.9921253
8426,2026-07-30,-0.017648894,-0.0053307298,0.00885572,0.00907554,-1.9927121
8404,2026-07-30,-0.018086055,-0.013353799,0.009048758,0.009134756,-1.9985125
6275,2026-07-30,-0.013739328,-0.014360521,0.0068605305,0.0072475,-2.0023708
4995,2026-07-30,-0.021950046,-0.0022707586,0.010855627,0.0075258855,-2.0218108
4116,2026-07-30,-0.018265333,0.0034833713,0.009011759,0.010701543,-2.0266082
6264,2026-07-30,-0.021273542,0.0065864236,0.0104722,0.010687004,-2.0312362
4433,2026-07-30,-0.019273562,0.0027238268,0.009437156,0.009371936,-2.0420897
2033,2026-07-30,-0.014947453,-0.0013890751,0.007311227,0.00981029,-2.0441725
2364,2026-07-30,-0.026081009,-0.011740579,0.012741428,0.011477618,-2.0467849
6412,2026-07-30,-0.016698254,-0.030436957,0.008140404,0.009172554,-2.0510287
6512,2026-07-30,-0.020232225,-0.009200517,0.009827345,0.00944698,-2.0585587
8411,2026-07-30,-0.019926498,0.0008657285,0.009622961,0.007302706,-2.070509
6441,2026-07-30,-0.023988744,-0.028255042,0.011558183,0.008912224,-2.0752976
4746,2026-07-30,-0.016478563,-0.006281584,0.007922692,0.009828331,-2.079657
2029,2026-07-30,-0.018612405,-0.009241574,0.008915581,0.0091917515,-2.0873926
9962,2026-07-30,-0.02221724,0.0022282538,0.010621544,0.010060592,-2.0915177
8936,2026-07-30,-0.018528547,-0.012746944,0.008856282,0.008451243,-2.0918999
4989,2026-07-30,-0.029758811,-0.06944692,0.014219421,0.016725644,-2.0926814
8463,2026-07-30,-0.023427416,-0.015024617,0.011183628,0.011714042,-2.0946083
1108,2026-07-30,-0.021703776,-0.023698054,0.010359618,0.008223214,-2.094834
1569,2026-07-30,-0.021861736,-0.035488438,0.010424385,0.011979038,-2.0969715
1558,2026-07-30,-0.023929384,0.009932784,0.0114101805,0.010500278,-2.097012
2374,2026-07-30,-0.021721339,-0.047217686,0.010352888,0.010842304,-2.0978918
1453,2026-07-30,-0.019763064,-0.0027557004,0.009415667,0.011307061,-2.0987325
3714,2026-07-30,-0.022552943,-0.037101556,0.010702,0.009660739,-2.1071608
2539,2026-07-30,-0.022071958,0.01260689,0.010469989,0.010673452,-2.1079152
3130,2026-07-30,-0.013676719,0.0011898997,0.006464016,0.0068342537,-2.1154966
6637,2026-07-30,-0.022480985,-0.012222453,0.010615658,0.010324297,-2.1175199
3691,2026-07-30,-0.025472676,-0.045281585,0.011972392,0.011888421,-2.1274402
2945,2026-07-30,-0.026868777,0.0058651865,0.012521442,0.012481033,-2.14565
3605,2026-07-30,-0.022373272,-0.035971053,0.010418021,0.010382244,-2.1473486
1416,2026-07-30,-0.021997126,-0.006450962,0.010213797,0.0110225035,-2.153457
3206,2026-07-30,-0.02107455,-0.02594721,0.0097646555,0.009156348,-2.1580272
6590,2026-07-30,-0.022333689,-0.012508908,0.010335279,0.012527057,-2.160709
4432,2026-07-30,-0.018890714,-0.004224764,0.008734005,0.011266869,-2.1626449
1810,2026-07-30,-0.033299975,-0.04774471,0.015271278,0.014120271,-2.1804197
1467,2026-07-30,-0.03220284,-0.024344672,0.014755035,0.013082994,-2.1823504
2645,2026-07-30,-0.027057856,-0.030515773,0.0123714125,0.012516092,-2.1869507
6561,2026-07-30,-0.021813435,-0.010206044,0.009966099,0.008642272,-2.188544
6144,2026-07-30,-0.023922782,-0.006827182,0.010889366,0.01179899,-2.1966922
1707,2026-07-30,-0.021657499,-0.008147367,0.009806269,0.009048121,-2.2083108
2734,2026-07-30,-0.020716107,-0.016143309,0.009367746,0.00908266,-2.211193
8215,2026-07-30,-0.022960074,-0.02912358,0.010324481,0.008626323,-2.2236323
7556,2026-07-30,-0.01946364,-0.03145414,0.008742265,0.006909442,-2.2261293
6517,2026-07-30,-0.021308951,-0.03401402,0.009494082,0.011124673,-2.2442093
1742,2026-07-30,-0.024278898,-0.0036459325,0.010763345,0.009067629,-2.2554922
6674,2026-07-30,-0.022151215,-0.014833335,0.009800038,0.009845614,-2.2600884
8464,2026-07-30,-0.019164203,0.006062565,0.008475713,0.0095855985,-2.2608056
1514,2026-07-30,-0.022600476,-0.05831951,0.009988106,0.009405304,-2.2625124
3083,2026-07-30,-0.025143487,-0.014069245,0.0111103505,0.008674725,-2.262865
4554,2026-07-30,-0.021454724,-0.010409317,0.009459759,0.009987181,-2.267759
8349,2026-07-30,-0.027783047,-0.0049084714,0.012245991,0.010101441,-2.2685611
2481,2026-07-30,-0.026267111,-0.04177288,0.01156429,0.010026622,-2.271202
3022,2026-07-30,-0.022508694,-0.016681196,0.009897033,0.010798287,-2.2740571
6290,2026-07-30,-0.030578526,-0.06280807,0.013442459,0.014463264,-2.2746027
3252,2026-07-30,-0.020584436,-0.022993429,0.009048649,0.009765516,-2.2746115
1314,2026-07-30,-0.031195331,-0.03841009,0.013675038,0.009724649,-2.281021
1451,2026-07-30,-0.022511255,0.009598626,0.009815801,0.009706575,-2.2931354
1563,2026-07-30,-0.02033888,-0.036922496,0.008857762,0.0090371985,-2.2959054
6875,2026-07-30,-0.025147645,-0.022763638,0.010946199,0.010440111,-2.2971761
6418,2026-07-30,-0.022193301,-0.02667151,0.009644725,0.007226519,-2.3008432
3004,2026-07-30,-0.030939959,-0.033556692,0.013393469,0.014409999,-2.3099055
2444,2026-07-30,-0.01641952,-0.018821593,0.0071048625,0.007828429,-2.3107007
2406,2026-07-30,-0.026850319,-0.033939768,0.011618076,0.012780241,-2.3108823
1294,2026-07-30,-0.01729573,-0.0029456997,0.0074565746,0.011209351,-2.3192165
3219,2026-07-30,-0.019378224,-0.028159102,0.008341713,0.008958721,-2.3227725
6581,2026-07-30,-0.024369657,0.0016878766,0.0104395,0.009709377,-2.3341465
3229,2026-07-30,-0.039499227,-0.03518293,0.016874334,0.0135054635,-2.3406487
6451,2026-07-30,-0.03125643,-0.053467333,0.013345456,0.011812776,-2.3419273
1611,2026-07-30,-0.0247436,-0.023082625,0.010563598,0.008529143,-2.342124
6534,2026-07-30,-0.02316597,-0.017261403,0.009880119,0.010218292,-2.344468
5353,2026-07-30,-0.017959477,-0.0035750275,0.007657358,0.008140179,-2.345082
8443,2026-07-30,-0.023620864,-0.0011671918,0.010050149,0.010751606,-2.3500662
1465,2026-07-30,-0.021843588,-0.0024359706,0.009284048,0.010792178,-2.352555
8403,2026-07-30,-0.024074022,-0.016109804,0.010217129,0.008113931,-2.3560107
2109,2026-07-30,-0.023530135,-0.013978708,0.009972593,0.009703211,-2.3592436
6124,2026-07-30,-0.02214874,-0.038630668,0.009369945,0.008656515,-2.3635545
4770,2026-07-30,-0.025475176,-0.031684212,0.0107455235,0.009789693,-2.3705504
3164,2026-07-30,-0.026470387,-0.013411769,0.011112275,0.009152046,-2.381871
5013,2026-07-30,-0.026369425,-0.021472327,0.011057877,0.009443712,-2.3844576
2597,2026-07-30,-0.020169323,0.0036166103,0.00845616,0.0106887845,-2.3848813
1201,2026-07-30,-0.025562974,-0.00569177,0.010712621,0.012032069,-2.3860257
4133,2026-07-30,-0.02450948,-0.009141308,0.010239182,0.012103474,-2.3934612
6591,2026-07-30,-0.025533712,-0.019337459,0.0105842855,0.008752274,-2.4121892
8033,2026-07-30,-0.027665632,-0.07306088,0.011449789,0.011773473,-2.416046
3128,2026-07-30,-0.018490363,-0.0083983075,0.007608202,0.009359989,-2.4300003
7747,2026-07-30,-0.027540388,-0.0075904727,0.011316101,0.009890534,-2.4335196
1443,2026-07-30,-0.026310002,-0.015449776,0.01080589,0.00948127,-2.4345582
1439,2026-07-30,-0.024244793,-0.0014325109,0.009939216,0.010952186,-2.439061
6126,2026-07-30,-0.02597346,-0.031884585,0.010601373,0.010177929,-2.4497778
4510,2026-07-30,-0.020863848,-0.055049006,0.008505758,0.010816191,-2.4526203
8112,2026-07-30,-0.021707626,-0.036533237,0.00883314,0.008472347,-2.4572425
2704,2026-07-30,-0.026043026,-0.0074915546,0.010571071,0.008192068,-2.4633796
5016,2026-07-30,-0.023729324,-0.01064682,0.009626707,0.0100171575,-2.4646912
1909,2026-07-30,-0.023298534,-0.013804227,0.009431215,0.010008628,-2.470102
3541,2026-07-30,-0.023636192,-0.030377736,0.009564728,0.007926349,-2.4709246
6965,2026-07-30,-0.028200215,-0.029694716,0.011398453,0.01071396,-2.4738216
1609,2026-07-30,-0.024881247,-0.040096913,0.010046705,0.008869859,-2.4763114
3272,2026-07-30,-0.02405695,-0.02611139,0.009713643,0.009510382,-2.4763596
8072,2026-07-30,-0.022967286,-0.012833298,0.009227603,0.009634467,-2.4887068
6641,2026-07-30,-0.02631436,-0.016579779,0.010532549,0.010364164,-2.4981475
1565,2026-07-30,-0.021866543,-0.01381607,0.008732647,0.0067984294,-2.5037127
8155,2026-07-30,-0.025559302,-0.04562638,0.010182573,0.013365942,-2.509856
6263,2026-07-30,-0.018843055,-0.026693711,0.0074998937,0.0086542405,-2.512108
8069,2026-07-30,-0.025122754,-0.03243542,0.009987466,0.009779782,-2.5151763
8059,2026-07-30,-0.021407612,-0.027401794,0.008507473,0.009243999,-2.5160344
5520,2026-07-30,-0.01981715,-0.0072583095,0.007860201,0.010917277,-2.5208805
1259,2026-07-30,-0.028249236,-0.011833091,0.0111871585,0.009320513,-2.5249226
6214,2026-07-30,-0.026361553,0.0037813827,0.010434675,0.010063486,-2.5260994
6187,2026-07-30,-0.025999354,-0.038412157,0.010264223,0.010230776,-2.5327606
4417,2026-07-30,-0.024871962,-0.01634585,0.009794431,0.009605624,-2.539139
6640,2026-07-30,-0.021999601,-0.037003342,0.008642445,0.006831861,-2.5452352
9940,2026-07-30,-0.024912318,0.00012720913,0.0097807655,0.0107106585,-2.546812
4907,2026-07-30,-0.026478251,0.0038940434,0.010391897,0.008718184,-2.547726
5398,2026-07-30,-0.02314874,-0.012823832,0.0090571875,0.014449013,-2.5555596
4113,2026-07-30,-0.027757693,-0.018740723,0.0108549595,0.009479289,-2.5569084
2356,2026-07-30,-0.03229003,-0.028162468,0.012600542,0.010881115,-2.5623872
2520,2026-07-30,-0.01819791,-6.381584e-05,0.007086172,0.0086018825,-2.5677254
2497,2026-07-30,-0.027650157,-0.024782568,0.010765392,0.014233472,-2.5681915
6228,2026-07-30,-0.024086857,-0.023333255,0.00935995,0.012309598,-2.5731208
3306,2026-07-30,-0.034240052,-0.025588911,0.0132945925,0.010601135,-2.5752933
3056,2026-07-30,-0.029212365,-0.011347922,0.0113060735,0.013166407,-2.5835478
4108,2026-07-30,-0.02186039,-0.016731855,0.008449031,0.0094463155,-2.587019
2439,2026-07-30,-0.02810003,-0.032883577,0.010845422,0.009122346,-2.590719
2353,2026-07-30,-0.021350991,-0.02590877,0.008236979,0.008672867,-2.5917752
1702,2026-07-30,-0.027993662,-0.0041680727,0.010784273,0.011689676,-2.595545
3040,2026-07-30,-0.025222309,-0.019635601,0.009692967,0.009819361,-2.6018562
4527,2026-07-30,-0.022354675,-0.015671099,0.008586421,0.00966193,-2.6031885
4764,2026-07-30,-0.037257496,-0.08051046,0.014296135,0.016694942,-2.6059413
2115,2026-07-30,-0.022000428,-0.011499459,0.008438338,0.009558639,-2.6068904
6782,2026-07-30,-0.024916431,-0.016270366,0.009543299,0.00903532,-2.6106088
6982,2026-07-30,-0.025219696,-0.016363483,0.009639547,0.012168533,-2.6160023
6491,2026-07-30,-0.01948117,-0.017477512,0.0074455664,0.009947092,-2.6161282
8271,2026-07-30,-0.034521386,-0.01820355,0.013184868,0.011245625,-2.6180594
4119,2026-07-30,-0.031982772,-0.005676342,0.012199066,0.009453559,-2.6215246
2032,2026-07-30,-0.035062272,-0.015214558,0.013341378,0.011415823,-2.6278877
2023,2026-07-30,-0.02397771,-0.021780122,0.009119338,0.009590463,-2.6290371
6194,2026-07-30,-0.027578862,-0.026112966,0.010463424,0.01041185,-2.6354878
2433,2026-07-30,-0.026446288,-0.016115336,0.010003529,0.010937743,-2.6434317
4188,2026-07-30,-0.023635523,-0.014900933,0.008927711,0.007515595,-2.6471372
3597,2026-07-30,-0.029678892,-0.018382613,0.011144675,0.010434986,-2.6628168
4167,2026-07-30,-0.019475127,-0.030560978,0.007300677,0.005801184,-2.667213
1203,2026-07-30,-0.030024774,0.0031346912,0.011248789,0.009992961,-2.6689188
3232,2026-07-30,-0.029803684,-0.027193952,0.011133758,0.012646617,-2.676635
1442,2026-07-30,-0.029726649,-0.0009623196,0.011085297,0.011256317,-2.6813867
4549,2026-07-30,-0.025153933,-0.025050696,0.009348382,0.011429597,-2.6904378
2480,2026-07-30,-0.02788659,-0.008216021,0.0102830725,0.0077665807,-2.711629
5450,2026-07-30,-0.030765278,-0.032294802,0.011302695,0.010912322,-2.7217011
2630,2026-07-30,-0.03867535,-0.074893944,0.014196271,0.011691467,-2.7241397
5215,2026-07-30,-0.031149542,-0.024059774,0.011389048,0.011041649,-2.7348034
0057,2026-07-30,-0.096111275,-0.13053794,0.03511012,0.03957901,-2.737346
2365,2026-07-30,-0.022218322,-0.04028787,0.008088795,0.008453267,-2.746463
4915,2026-07-30,-0.030455936,-0.026945079,0.01108498,0.008692428,-2.7472477
3710,2026-07-30,-0.019707019,-0.02308441,0.007141553,0.009473828,-2.7591002
2387,2026-07-30,-0.022917818,-0.01707784,0.008297713,0.011883309,-2.7616112
8933,2026-07-30,-0.03299599,-0.015786149,0.0119322315,0.009568754,-2.7650506
5902,2026-07-30,-0.02730089,-0.008688937,0.00985472,0.010015855,-2.7700553
8374,2026-07-30,-0.027402814,-0.049730454,0.009890284,0.008500412,-2.7704
4414,2026-07-30,-0.019526936,-0.011005204,0.007019175,0.008198162,-2.7815454
2926,2026-07-30,-0.030619528,-0.027164508,0.010992099,0.010676778,-2.785341
8424,2026-07-30,-0.031496614,-0.0033397612,0.011298132,0.011287995,-2.787525
3622,2026-07-30,-0.023067415,-0.029051417,0.008257949,0.007888188,-2.7930205
2723,2026-07-30,-0.034372624,-0.031520333,0.012256298,0.012956031,-2.8042576
1527,2026-07-30,-0.029387243,-0.015234097,0.0104422225,0.008989315,-2.8140013
1109,2026-07-30,-0.0290783,-0.008901536,0.010268952,0.0077675935,-2.8313959
5538,2026-07-30,-0.024571387,-0.017862389,0.008657125,0.008193521,-2.8379571
6577,2026-07-30,-0.029722976,-0.01603689,0.010450751,0.009821947,-2.8438275
1795,2026-07-30,-0.028757583,-0.03421845,0.010105338,0.009996856,-2.8454998
3494,2026-07-30,-0.030433148,-0.024510963,0.010665227,0.009184663,-2.8532252
8234,2026-07-30,-0.028942926,-0.048467927,0.010133419,0.012284962,-2.8559036
2851,2026-07-30,-0.03064279,-0.018844604,0.010710775,0.011233056,-2.8606641
6227,2026-07-30,-0.02941236,-0.004759544,0.010262112,0.011524312,-2.8658326
4137,2026-07-30,-0.028341949,-0.019012641,0.0098700775,0.0123259965,-2.8712113
7402,2026-07-30,-0.03951054,-0.051859472,0.013751026,0.012284116,-2.8730705
4952,2026-07-30,-0.026058773,-0.03601612,0.009059849,0.008510144,-2.8759747
5014,2026-07-30,-0.03313078,-0.012611184,0.011498491,0.012118877,-2.8810647
5388,2026-07-30,-0.026972258,-0.03401929,0.0093547525,0.010403522,-2.8829598
8011,2026-07-30,-0.035770662,-0.033056136,0.012395451,0.011516955,-2.8855567
1313,2026-07-30,-0.028405312,-0.048356023,0.009828916,0.0109605985,-2.8896801
2450,2026-07-30,-0.02799004,-0.013720735,0.009652359,0.010531086,-2.8995128
2736,2026-07-30,-0.023396546,-0.008208884,0.008065616,0.008082566,-2.9004164
1734,2026-07-30,-0.028492967,-0.005042064,0.009815943,0.00895472,-2.9024274
1217,2026-07-30,-0.029689368,-0.0059243217,0.0102045415,0.010371699,-2.9091418
6592,2026-07-30,-0.02771526,-0.011209152,0.00947176,0.009798341,-2.925785
4442,2026-07-30,-0.037793882,-0.0068151564,0.01291525,0.011302973,-2.9260724
4754,2026-07-30,-0.036674824,-0.020703606,0.012464894,0.011798253,-2.942013
7799,2026-07-30,-0.0279417,-0.042593636,0.009496055,0.009401182,-2.9421437
4767,2026-07-30,-0.029992845,-0.0017466836,0.010133537,0.009666785,-2.9594684
1786,2026-07-30,-0.030720392,-0.026863413,0.010358142,0.010595914,-2.9655344
2536,2026-07-30,-0.03418022,-0.010496134,0.011507834,0.01021765,-2.9699116
8435,2026-07-30,-0.027308958,-0.010320848,0.009175742,0.008042653,-2.975888
6768,2026-07-30,-0.025605273,-0.024555586,0.00860244,0.010965676,-2.9761665
2008,2026-07-30,-0.025910314,-0.0058089066,0.008690067,0.00936178,-2.9812582
2303,2026-07-30,-0.028450552,-0.029015034,0.009540259,0.008126832,-2.9818447
4109,2026-07-30,-0.029099166,-0.02053291,0.009742307,0.008244796,-2.9865801
2607,2026-07-30,-0.033456936,-0.011604919,0.011194142,0.013266305,-2.9885228
2904,2026-07-30,-0.028839294,-0.02890501,0.009618653,0.011216101,-2.9979556
4173,2026-07-30,-0.032100316,-0.025831334,0.010704777,0.010357954,-2.9984105
6197,2026-07-30,-0.03896855,-0.0642318,0.012956355,0.011312008,-3.0074463
6830,2026-07-30,-0.052259564,-0.06644874,0.017352188,0.01364797,-3.0115252
1533,2026-07-30,-0.02830985,-0.021696826,0.009391676,0.008803538,-3.0140345
3376,2026-07-30,-0.023934988,-0.055125747,0.007924788,0.00770007,-3.0198874
6874,2026-07-30,-0.034058277,-0.023244014,0.011274482,0.010891138,-3.0205605
9911,2026-07-30,-0.02800613,-0.0145845795,0.009226594,0.012215764,-3.0350413
2228,2026-07-30,-0.030311545,-0.018297253,0.009979012,0.009993711,-3.0372252
8423,2026-07-30,-0.038303353,-0.02157993,0.0126048615,0.013089732,-3.038535
4161,2026-07-30,-0.026852299,-0.0029369944,0.008835948,0.009570132,-3.0386393
2014,2026-07-30,-0.030126732,-0.026525494,0.009897876,0.010970575,-3.0434499
2104,2026-07-30,-0.034022782,-0.027347974,0.011172675,0.011938886,-3.0449054
1580,2026-07-30,-0.03427079,-0.02731996,0.011218923,0.010974257,-3.0544584
4967,2026-07-30,-0.030190853,-0.025756981,0.009882153,0.012148656,-3.0547795
3213,2026-07-30,-0.0435308,-0.032298785,0.014192334,0.014090913,-3.066989
8272,2026-07-30,-0.02729587,-0.0025239342,0.008888056,0.012246824,-3.0707278
2722,2026-07-30,-0.025143199,-0.0276288,0.008166709,0.009666946,-3.078366
2484,2026-07-30,-0.03857643,-0.06841982,0.012507478,0.014045577,-3.0840228
2762,2026-07-30,-0.03426366,-0.022552492,0.011095516,0.013337897,-3.0877852
4160,2026-07-30,-0.03729283,-0.030400915,0.012067596,0.010657615,-3.090072
6616,2026-07-30,-0.030729424,-0.019972464,0.009942207,0.012872182,-3.0904944
8049,2026-07-30,-0.04096679,-0.026120279,0.013249559,0.01396819,-3.0917027
2498,2026-07-30,-0.031905647,-0.047413666,0.010293543,0.010803736,-3.0992775
6128,2026-07-30,-0.03366325,-0.024566913,0.010839692,0.010534154,-3.1052675
4560,2026-07-30,-0.025646035,-0.024300674,0.008247528,0.008579448,-3.1091647
4743,2026-07-30,-0.042598918,-0.061505556,0.013686848,0.013408842,-3.1121705
6201,2026-07-30,-0.028882602,-0.017078167,0.009267927,0.007327459,-3.1160674
6235,2026-07-30,-0.03637107,-0.046240646,0.0116676055,0.011907534,-3.1170022
5484,2026-07-30,-0.034036674,-0.0464683,0.0109022,0.0108157275,-3.121714
7705,2026-07-30,-0.037309922,-0.027977645,0.011946619,0.010013134,-3.1227915
5007,2026-07-30,-0.029536499,-0.0046513425,0.009413664,0.010288239,-3.1372864
2049,2026-07-30,-0.03490554,-0.04797419,0.0111183,0.012100371,-3.139185
6115,2026-07-30,-0.02995341,-0.015333847,0.009522696,0.0078854235,-3.1451457
3373,2026-07-30,-0.03007723,-0.023031449,0.00954261,0.0086529255,-3.151557
1725,2026-07-30,-0.038613915,-0.030207006,0.01224481,0.010272118,-3.1532347
4104,2026-07-30,-0.029683795,-0.0063452926,0.009406173,0.0093157925,-3.1554427
1315,2026-07-30,-0.030527208,-0.0148109235,0.009662825,0.008558645,-3.1589158
1338,2026-07-30,-0.03230643,-0.030682683,0.01019209,0.0089973165,-3.169444
8929,2026-07-30,-0.038369317,-0.026749128,0.012069925,0.012006225,-3.1786559
8487,2026-07-30,-0.03592122,-0.022496752,0.011299046,0.013130322,-3.1788561
8931,2026-07-30,-0.027721584,-0.015169317,0.008718003,0.010759195,-3.1794443
3552,2026-07-30,-0.03961694,-0.028002862,0.012449637,0.010962123,-3.1819205
6202,2026-07-30,-0.035407778,-0.028390678,0.0110579105,0.010927665,-3.201742
6176,2026-07-30,-0.02489773,-0.024191404,0.007729092,0.009929712,-3.220884
5223,2026-07-30,-0.039928835,-0.036132853,0.012358384,0.0106521,-3.2306492
2106,2026-07-30,-0.03136269,-0.0067001507,0.009684745,0.01097607,-3.2380254
4564,2026-07-30,-0.038907688,-0.05490447,0.012011883,0.011672778,-3.23883
6596,2026-07-30,-0.034624334,-0.02935224,0.010593138,0.011632737,-3.268254
4994,2026-07-30,-0.038567528,-0.0148102,0.011799225,0.011352522,-3.2683723
3363,2026-07-30,-0.038003147,-0.058394466,0.011594541,0.009530401,-3.2773929
3492,2026-07-30,-0.035708074,-0.027376655,0.010857469,0.012038162,-3.2884996
6277,2026-07-30,-0.044301685,-0.03062311,0.013438643,0.012670095,-3.2963438
2430,2026-07-30,-0.026825182,-0.03139514,0.008134811,0.007954158,-3.2971735
4577,2026-07-30,-0.033152368,-0.0495672,0.01003135,0.011823142,-3.3045466
7642,2026-07-30,-0.03536886,-0.022471547,0.010678995,0.01095451,-3.3116922
2201,2026-07-30,-0.025348186,-0.026656162,0.007648204,0.0089810975,-3.3138332
5468,2026-07-30,-0.035748467,-0.030261835,0.01078473,0.009454925,-3.3144224
6754,2026-07-30,-0.03341876,-0.013223719,0.010078302,0.016368449,-3.3155828
6757,2026-07-30,-0.030847704,0.0044725225,0.009288889,0.009427757,-3.3205674
2017,2026-07-30,-0.03321874,-0.025751896,0.009970999,0.011091222,-3.3312016
6582,2026-07-30,-0.040102504,-0.025065381,0.012029122,0.010943945,-3.3335078
3094,2026-07-30,-0.034148358,-0.05193408,0.010234925,0.014256692,-3.336128
3169,2026-07-30,-0.028953211,-0.041677583,0.008634369,0.0066072345,-3.3528633
1612,2026-07-30,-0.030516852,-0.03141927,0.009091177,0.009954318,-3.3563855
6462,2026-07-30,-0.025866915,-0.040047515,0.007704176,0.008756964,-3.357083
8279,2026-07-30,-0.03476261,-0.014699561,0.010306509,0.00956196,-3.372552
9943,2026-07-30,-0.033811454,-0.00789646,0.010001037,0.010847424,-3.3804567
2642,2026-07-30,-0.0340528,-0.025565164,0.010066161,0.00987345,-3.3825624
9934,2026-07-30,-0.030541513,-0.020949857,0.009001235,0.008147219,-3.392659
5531,2026-07-30,-0.0318565,-0.01578764,0.009330914,0.01113913,-3.4137154
3071,2026-07-30,-0.031323537,-0.027424233,0.009164732,0.01193512,-3.4174616
3704,2026-07-30,-0.027619267,-0.0449305,0.008036967,0.008376897,-3.4361007
5519,2026-07-30,-0.041065164,-0.022703193,0.0119361775,0.010119492,-3.4401066
2504,2026-07-30,-0.03581577,-0.009527882,0.010403474,0.011188223,-3.4423432
5234,2026-07-30,-0.025208479,-0.038116653,0.0073176343,0.008461735,-3.444424
1457,2026-07-30,-0.0421827,-0.021485338,0.012197624,0.012394099,-3.4579883
3043,2026-07-30,-0.03411497,-0.038007323,0.009858134,0.007725456,-3.4602401
8482,2026-07-30,-0.029178392,-0.018715676,0.008309414,0.008574312,-3.5110636
2849,2026-07-30,-0.03379326,-0.023749994,0.009620341,0.008648606,-3.5123234
1215,2026-07-30,-0.03812703,-0.030197034,0.0108218305,0.0122564,-3.5228336
8481,2026-07-30,-0.031005954,-0.0047795475,0.008782113,0.009442481,-3.530178
8066,2026-07-30,-0.050352063,-0.043270342,0.014244501,0.012649036,-3.534594
5530,2026-07-30,-0.031172978,-0.027234383,0.008812824,0.008715873,-3.5368276
6281,2026-07-30,-0.04458804,-0.024004279,0.012602671,0.012323249,-3.5377026
3050,2026-07-30,-0.034588315,-0.025178218,0.009711219,0.0107026715,-3.5613194
4911,2026-07-30,-0.031567264,-0.008297524,0.008852641,0.010253453,-3.5654554
1583,2026-07-30,-0.02612913,-0.0023837497,0.007321529,0.00845485,-3.5683205
5288,2026-07-30,-0.031606726,-0.029812157,0.008849962,0.011202456,-3.5709934
4726,2026-07-30,-0.03552567,-0.028489726,0.009944471,0.012707255,-3.5720448
4416,2026-07-30,-0.042611495,-0.016232545,0.011906768,0.01100945,-3.578462
5371,2026-07-30,-0.04231868,-0.08173577,0.011777537,0.012728844,-3.5928638
8171,2026-07-30,-0.033359632,-0.033606213,0.009279112,0.009705184,-3.5947442
6919,2026-07-30,-0.041974567,-0.029327733,0.011662243,0.015610335,-3.598876
6005,2026-07-30,-0.03254711,-0.008420182,0.009039481,0.011008385,-3.6001523
8941,2026-07-30,-0.03419338,-0.0009412717,0.009486461,0.009597572,-3.6040602
4439,2026-07-30,-0.03955043,-0.03448329,0.010964216,0.010670216,-3.6068995
1475,2026-07-30,-0.03293283,0.00092715194,0.009129497,0.007851405,-3.606904
3717,2026-07-30,-0.053779066,-0.043735657,0.014908445,0.013133965,-3.6070466
2114,2026-07-30,-0.027998352,-0.009767064,0.007757751,0.007919859,-3.608616
2211,2026-07-30,-0.04044837,-0.016556956,0.011167182,0.013699068,-3.6217508
1525,2026-07-30,-0.03466967,-0.0060061784,0.009569138,0.011053659,-3.6226928
8092,2026-07-30,-0.034082327,-0.021796437,0.00940628,0.007859405,-3.6229737
6165,2026-07-30,-0.03841503,-0.033893842,0.010596134,0.010102461,-3.6250396
7723,2026-07-30,-0.072202444,-0.09854008,0.019846004,0.024575513,-3.6379519
2108,2026-07-30,-0.0287697,-0.026801126,0.007900589,0.011204509,-3.6410017
6508,2026-07-30,-0.03163626,-0.015244858,0.008675634,0.010017172,-3.6461444
1463,2026-07-30,-0.029316468,-0.013434967,0.008033158,0.007958096,-3.648978
3059,2026-07-30,-0.031486854,-0.04624202,0.008621902,0.010781841,-3.6515377
1409,2026-07-30,-0.030646812,-0.028985567,0.008375209,0.011077598,-3.6587927
6895,2026-07-30,-0.031353056,-0.044541646,0.008556008,0.010722283,-3.6640208
3465,2026-07-30,-0.045856226,-0.03107611,0.01249697,0.010859816,-3.669094
5603,2026-07-30,-0.027486438,-0.027173627,0.0074670287,0.009697783,-3.6805482
3141,2026-07-30,-0.040699925,-0.02952916,0.011037345,0.012280448,-3.68714
8201,2026-07-30,-0.040496778,-0.036880698,0.010979597,0.009836153,-3.6880305
8354,2026-07-30,-0.03931433,-0.03454066,0.010644897,0.00993064,-3.692909
1410,2026-07-30,-0.046646904,-0.036242556,0.012622051,0.010603019,-3.6953747
9950,2026-07-30,-0.03820951,-0.023184877,0.010337997,0.009150153,-3.6956687
3716,2026-07-30,-0.037164554,-0.022398407,0.010049592,0.010038489,-3.6977477
3607,2026-07-30,-0.03279133,-0.032365076,0.008841663,0.0075820424,-3.7083097
6294,2026-07-30,-0.041301377,-0.027180815,0.0111356815,0.010057724,-3.708589
2637,2026-07-30,-0.032253683,-0.0146174785,0.008681722,0.010190905,-3.7146971
4148,2026-07-30,-0.03705321,-0.027859846,0.009966489,0.008024358,-3.7174065
2010,2026-07-30,-0.040742446,-0.02544802,0.010957424,0.008858468,-3.717911
6499,2026-07-30,-0.028414726,-0.045994125,0.007637815,0.0065665166,-3.719782
2947,2026-07-30,-0.03481804,-0.030117963,0.00933984,0.010770251,-3.727506
8429,2026-07-30,-0.03287837,-0.032415595,0.008808765,0.011445571,-3.732037
6721,2026-07-30,-0.040094454,-0.036376048,0.010652895,0.011127492,-3.763361
4974,2026-07-30,-0.039676595,-0.03228384,0.010539615,0.008240157,-3.7641633
4190,2026-07-30,-0.043769844,-0.035550244,0.011586395,0.00884731,-3.7773669
9912,2026-07-30,-0.028488448,-0.007196769,0.0075398516,0.009773246,-3.777882
4563,2026-07-30,-0.035763897,-0.046047688,0.009432769,0.011066608,-3.7910504
6221,2026-07-30,-0.038548477,-0.034974955,0.010158756,0.010072021,-3.7942326
3521,2026-07-30,-0.04038603,-0.030998742,0.010614662,0.011837595,-3.8043814
1710,2026-07-30,-0.056211703,-0.0754817,0.014744541,0.01779926,-3.8121154
9921,2026-07-30,-0.039555807,-0.031667326,0.010372529,0.009383565,-3.8131485
3484,2026-07-30,-0.038525548,-0.030914756,0.010092378,0.011082451,-3.8169134
8249,2026-07-30,-0.027015753,-0.0393113,0.007034471,0.008440526,-3.8399355
6174,2026-07-30,-0.05892643,-0.066764146,0.01531491,0.014605011,-3.8474
6241,2026-07-30,-0.035535797,-0.023292188,0.009219765,0.010542006,-3.8538883
3617,2026-07-30,-0.046936642,-0.037100017,0.012153931,0.011197867,-3.8615308
1626,2026-07-30,-0.03139467,-0.03556341,0.008127718,0.0092026135,-3.862192
6609,2026-07-30,-0.037304927,-0.051913023,0.009613593,0.009953004,-3.8800316
5227,2026-07-30,-0.047574688,-0.038730852,0.012250066,0.011881902,-3.88331
4138,2026-07-30,-0.043513265,-0.029579304,0.011197351,0.011447555,-3.885685
1784,2026-07-30,-0.023746105,-0.026956208,0.0061088637,0.008841193,-3.8865197
4943,2026-07-30,-0.029796522,-0.018696804,0.0076587056,0.010484597,-3.890035
1307,2026-07-30,-0.033356942,-0.030239439,0.008573416,0.009147394,-3.8902874
2547,2026-07-30,-0.036487143,-0.014524429,0.009377145,0.0117931655,-3.8906567
9910,2026-07-30,-0.039990507,-0.00751304,0.010270719,0.011688761,-3.893263
4528,2026-07-30,-0.052441835,-0.040721137,0.013448618,0.01582942,-3.8991318
2729,2026-07-30,-0.04393103,-0.017523078,0.011264065,0.012172108,-3.899758
2030,2026-07-30,-0.04174038,-0.025311677,0.010699426,0.012016788,-3.9008148
1305,2026-07-30,-0.050728057,-0.056768734,0.012994457,0.016095469,-3.9035223
4905,2026-07-30,-0.037169456,-0.030948674,0.009479128,0.010321924,-3.920776
3027,2026-07-30,-0.03923966,-0.04003066,0.0100053875,0.009297496,-3.921461
1104,2026-07-30,-0.046656452,-0.024874993,0.011882303,0.011346264,-3.926219
4142,2026-07-30,-0.034516934,-0.02858373,0.00877626,0.009129383,-3.932541
1419,2026-07-30,-0.044516888,-0.014106708,0.01131857,0.008800773,-3.9327366
4916,2026-07-30,-0.057206176,-0.067198716,0.014536383,0.017878817,-3.9351084
4139,2026-07-30,-0.029807182,-0.02745452,0.0075281304,0.008385077,-3.9589145
1732,2026-07-30,-0.028423844,-0.016778052,0.007171184,0.0075920834,-3.963067
4919,2026-07-30,-0.03939515,-0.08345383,0.009932728,0.013700505,-3.9657972
6114,2026-07-30,-0.038049854,-0.030207386,0.00959041,0.010891803,-3.9670763
4716,2026-07-30,-0.04291394,-0.03646984,0.010779553,0.010835378,-3.9806807
2467,2026-07-30,-0.044093706,-0.08743221,0.011059976,0.014499005,-3.9864206
2061,2026-07-30,-0.076717466,-0.065075874,0.019243073,0.022599453,-3.9865503
6446,2026-07-30,-0.038889267,-0.059926704,0.009749739,0.010311488,-3.9883401
3038,2026-07-30,-0.036182184,-0.035898324,0.009058085,0.008349333,-3.9940217
1219,2026-07-30,-0.041425858,-0.031257167,0.010355573,0.008656787,-3.9999578
3149,2026-07-30,-0.043942984,-0.05903797,0.010971692,0.011064947,-4.0047584
1752,2026-07-30,-0.036975566,-0.017979546,0.009201586,0.011504785,-4.017954
3441,2026-07-30,-0.103770114,-0.06999674,0.025822103,0.019554166,-4.018499
6949,2026-07-30,-0.041339323,-0.07325404,0.010275895,0.010209146,-4.02255
6116,2026-07-30,-0.047000192,-0.057353843,0.011680004,0.009363904,-4.023643
1323,2026-07-30,-0.039588295,-0.025604825,0.009834597,0.0101777,-4.0250015
5276,2026-07-30,-0.033437595,-0.024674444,0.008287159,0.00853235,-4.0343814
1731,2026-07-30,-0.03648636,-0.017108373,0.009036344,0.009420319,-4.037288
2012,2026-07-30,-0.03443296,-0.007550649,0.008518155,0.009314623,-4.041828
5203,2026-07-30,-0.038710095,-0.03209562,0.009553643,0.008056162,-4.051443
2916,2026-07-30,-0.043901935,-0.02900124,0.010805641,0.01411932,-4.0624957
7740,2026-07-30,-0.047311876,-0.029602969,0.011644692,0.012082755,-4.0626073
6841,2026-07-30,-0.03613254,-0.0473737,0.008866846,0.0097962925,-4.074557
6666,2026-07-30,-0.03370804,-0.025393732,0.008269469,0.008516484,-4.075711
1309,2026-07-30,-0.052578453,-0.09487165,0.012895958,0.014657008,-4.0768104
4192,2026-07-30,-0.033294015,-0.029921317,0.008164764,0.008643199,-4.0772686
1325,2026-07-30,-0.03972036,-0.032031726,0.009740448,0.0077158078,-4.07746
3520,2026-07-30,-0.0638161,-0.048994962,0.015623567,0.011977946,-4.0843434
2451,2026-07-30,-0.04983527,-0.002735062,0.012192778,0.010190581,-4.086942
1535,2026-07-30,-0.04526124,-0.036281515,0.01107103,0.010438082,-4.08789
5601,2026-07-30,-0.03673819,-0.037902284,0.008985344,0.009328535,-4.088224
3501,2026-07-30,-0.04151772,-0.03054214,0.010145924,0.009844839,-4.0916557
9928,2026-07-30,-0.035079345,-0.007126675,0.008555003,0.008692846,-4.0999684
2616,2026-07-30,-0.041027803,-0.028924348,0.009992188,0.009412932,-4.105577
6122,2026-07-30,-0.038995244,-0.024516856,0.009488411,0.011967247,-4.1093426
4572,2026-07-30,-0.043462705,-0.039593935,0.010566049,0.008179461,-4.113041
6158,2026-07-30,-0.043820307,-0.038402487,0.010636944,0.011636592,-4.1192455
6899,2026-07-30,-0.045906797,-0.047427576,0.011120549,0.011681682,-4.1277337
8089,2026-07-30,-0.054032844,-0.046923,0.013056455,0.011052353,-4.138084
4131,2026-07-30,-0.030137891,-0.011821066,0.007280061,0.012041616,-4.139217
2537,2026-07-30,-0.039268088,-0.016571775,0.009481992,0.009209537,-4.1408963
9103,2026-07-30,-0.051702455,-0.054252822,0.012469034,0.014053075,-4.146136
6548,2026-07-30,-0.06564605,-0.05544514,0.015787747,0.013437664,-4.1577744
5905,2026-07-30,-0.03834932,-0.020428665,0.009208012,0.010877208,-4.1643248
4991,2026-07-30,-0.03984893,-0.052957837,0.009551378,0.011184783,-4.171624
6477,2026-07-30,-0.0457189,-0.078546576,0.0109494,0.014526024,-4.1750894
2065,2026-07-30,-0.039950967,-0.021012537,0.009532174,0.012009227,-4.1907306
1512,2026-07-30,-0.03856722,-0.021434097,0.009166364,0.010060848,-4.207013
6136,2026-07-30,-0.046449743,-0.032874126,0.011027691,0.009542214,-4.2117186
4402,2026-07-30,-0.045095395,-0.015947597,0.010659157,0.010323116,-4.2302747
1789,2026-07-30,-0.048313703,-0.043038256,0.011353677,0.008864846,-4.2549605
1444,2026-07-30,-0.045726083,-0.05775616,0.0107183615,0.010379514,-4.2657466
3046,2026-07-30,-0.03760949,-0.02956587,0.008808891,0.010070263,-4.269007
4438,2026-07-30,-0.0530817,-0.03688785,0.012432169,0.010831543,-4.269362
2488,2026-07-30,-0.04525079,-0.032859806,0.010593274,0.009157851,-4.27125
3268,2026-07-30,-0.04214367,-0.015267066,0.009855657,0.0110597685,-4.2756553
6276,2026-07-30,-0.043044057,-0.043586772,0.010041859,0.009882017,-4.286036
3527,2026-07-30,-0.032760218,-0.03312914,0.0076400754,0.009200111,-4.287383
6680,2026-07-30,-0.052045148,-0.030230502,0.012124908,0.012077747,-4.292062
4535,2026-07-30,-0.03986205,-0.012240166,0.009266587,0.008404568,-4.301233
6216,2026-07-30,-0.05624408,-0.04454403,0.013019011,0.011236345,-4.319818
5516,2026-07-30,-0.04506008,-0.01640133,0.0104237795,0.008880867,-4.322401
5263,2026-07-30,-0.043847688,-0.03820516,0.010091299,0.013066433,-4.344668
6913,2026-07-30,-0.035970822,-0.034572616,0.008275584,0.008467534,-4.346095
6225,2026-07-30,-0.04351201,-0.047504988,0.010008464,0.013223053,-4.347087
6550,2026-07-30,-0.052892484,-0.07231114,0.012130005,0.010002444,-4.360107
1340,2026-07-30,-0.04192918,-0.04580176,0.009596628,0.009191646,-4.3687024
1813,2026-07-30,-0.052073143,-0.03450207,0.011860604,0.007719707,-4.390059
4744,2026-07-30,-0.038618345,-0.027151475,0.008769601,0.008699299,-4.403158
2373,2026-07-30,-0.04661981,-0.030934831,0.010582469,0.012273989,-4.404965
6655,2026-07-30,-0.050794475,-0.023974376,0.011510532,0.012163353,-4.412486
6472,2026-07-30,-0.04881518,-0.044849157,0.0109933205,0.011982342,-4.440036
6556,2026-07-30,-0.043373164,-0.027701864,0.009753622,0.012147913,-4.4464216
6968,2026-07-30,-0.08047923,-0.040318478,0.01807967,0.017637344,-4.4511194
2405,2026-07-30,-0.04097836,-0.047455415,0.0091695115,0.009725633,-4.4684925
1616,2026-07-30,-0.040032744,-0.049440786,0.008935437,0.0089796195,-4.479721
1760,2026-07-30,-0.04109473,-0.045353703,0.009168916,0.007952553,-4.481473
2820,2026-07-30,-0.047108818,-0.029063579,0.010502381,0.008500897,-4.48511
8466,2026-07-30,-0.03394486,-0.03534155,0.007565124,0.00964034,-4.486427
6169,2026-07-30,-0.06278667,-0.048509438,0.013993598,0.011681306,-4.486493
4163,2026-07-30,-0.04281443,-0.025781596,0.009507287,0.009488759,-4.502854
1522,2026-07-30,-0.04494931,-0.042298697,0.009974935,0.009180105,-4.505774
4430,2026-07-30,-0.05256563,-0.03326576,0.011654335,0.012622698,-4.510006
6771,2026-07-30,-0.04113466,-0.026903443,0.009107936,0.010325307,-4.5158577
8906,2026-07-30,-0.031910025,-0.01631797,0.007036635,0.009140287,-4.5341973
6432,2026-07-30,-0.052768778,-0.017207805,0.011630163,0.008887055,-4.5368447
2204,2026-07-30,-0.047366396,-0.02519811,0.010419264,0.010660714,-4.5456038
5907,2026-07-30,-0.034210835,-0.04055992,0.0075149382,0.006298616,-4.5517716
1436,2026-07-30,-0.04093697,-0.052180402,0.008971392,0.012095194,-4.5625477
1532,2026-07-30,-0.03156596,-0.020264927,0.0069070286,0.011511967,-4.5694604
1473,2026-07-30,-0.035469636,-0.026426645,0.007756724,0.008208087,-4.5721707
1337,2026-07-30,-0.043353405,-0.048817907,0.009468203,0.011479202,-4.578358
4771,2026-07-30,-0.042732533,-0.028445704,0.0093256915,0.0084630465,-4.581746
4502,2026-07-30,-0.050434016,-0.031312164,0.010977154,0.01092602,-4.594034
4440,2026-07-30,-0.05725038,-0.032946452,0.012441215,0.010202799,-4.601301
9919,2026-07-30,-0.04294645,-0.041003507,0.009322153,0.009524011,-4.6064296
6928,2026-07-30,-0.037089024,-0.06430617,0.008049831,0.008485425,-4.6068563
5344,2026-07-30,-0.040856924,-0.045606412,0.008858576,0.009405398,-4.6116114
1446,2026-07-30,-0.04529439,-0.043752808,0.009815945,0.010909807,-4.6138983
2528,2026-07-30,-0.04703692,-0.02250563,0.010165045,0.0135005945,-4.626865
1232,2026-07-30,-0.04231178,-0.030060628,0.009142887,0.010947248,-4.62733
4420,2026-07-30,-0.0473845,-0.04833114,0.010212231,0.009781278,-4.6395206
8431,2026-07-30,-0.046461176,-0.05226154,0.010009842,0.007945667,-4.6410856
2712,2026-07-30,-0.03258981,-0.017540097,0.0070186886,0.007824132,-4.6426296
6835,2026-07-30,-0.038238343,-0.036126446,0.008231654,0.011098577,-4.6447163
5474,2026-07-30,-0.03485785,-0.042826492,0.0075015943,0.011344516,-4.6461062
9946,2026-07-30,-0.056775507,-0.031632356,0.012203983,0.013613077,-4.6518297
4942,2026-07-30,-0.038917247,-0.028530689,0.008351478,0.0094408225,-4.659365
7751,2026-07-30,-0.039520215,-0.041850813,0.008476279,0.0068323878,-4.6618986
5211,2026-07-30,-0.05038065,-0.041886225,0.010805395,0.010815495,-4.662114
5487,2026-07-30,-0.056520686,-0.042162094,0.012114795,0.011040486,-4.6650414
6199,2026-07-30,-0.054049008,-0.05454129,0.011551446,0.015635816,-4.678577
4580,2026-07-30,-0.04632903,-0.036496483,0.009882908,0.008204034,-4.687319
6958,2026-07-30,-0.05083368,-0.03065524,0.010843635,0.012687415,-4.6874495
2509,2026-07-30,-0.035028648,-0.0146891195,0.0074650496,0.00770771,-4.691725
6183,2026-07-30,-0.040171918,-0.025779892,0.008537616,0.009305397,-4.7047343
6230,2026-07-30,-0.041554872,-0.057716124,0.008829857,0.00864208,-4.705644
9930,2026-07-30,-0.045097273,-0.026410382,0.009555464,0.007913605,-4.7190332
5312,2026-07-30,-0.049011376,-0.046673346,0.01033422,0.012450638,-4.7421703
4406,2026-07-30,-0.058171503,-0.035791475,0.01222203,0.008446895,-4.759172
9110,2026-07-30,-0.045185518,-0.019790132,0.00948237,0.011983486,-4.764711
2385,2026-07-30,-0.03739552,-0.041719474,0.007832742,0.011963346,-4.7736464
6535,2026-07-30,-0.07644885,-0.07045489,0.015988534,0.012029028,-4.7811804
2719,2026-07-30,-0.05286338,-0.048752245,0.011042962,0.011402936,-4.786632
6492,2026-07-30,-0.045246705,-0.054108825,0.00945024,0.009757404,-4.7873826
6612,2026-07-30,-0.057776112,-0.045400146,0.012003273,0.0112958085,-4.812962
1614,2026-07-30,-0.036179747,-0.020540494,0.0075024855,0.009643055,-4.821726
2634,2026-07-30,-0.06696202,-0.07239917,0.013882143,0.011943224,-4.8232603
1434,2026-07-30,-0.04375402,-0.04848547,0.009012169,0.010543649,-4.854454
3706,2026-07-30,-0.047363292,-0.049633432,0.00973171,0.009480044,-4.866403
6588,2026-07-30,-0.0796899,-0.048732575,0.016314685,0.01682849,-4.8842506
4749,2026-07-30,-0.04389349,-0.04423328,0.008979507,0.008348236,-4.8876405
9136,2026-07-30,-0.07514874,-0.06291292,0.01536943,0.01605867,-4.889176
6431,2026-07-30,-0.036397986,-0.04401827,0.007438691,0.008576735,-4.892406
1712,2026-07-30,-0.05875322,-0.044557165,0.012004401,0.011947889,-4.893899
8478,2026-07-30,-0.051968735,-0.04628707,0.010587967,0.013314886,-4.907819
8176,2026-07-30,-0.044319328,-0.03425877,0.009028365,0.009857181,-4.9083548
5523,2026-07-30,-0.047654916,-0.028921401,0.009707907,0.00833171,-4.9083705
6266,2026-07-30,-0.046176016,-0.038188532,0.00939727,0.008483873,-4.913246
6523,2026-07-30,-0.049801614,-0.039866067,0.0101315165,0.012109932,-4.915029
8927,2026-07-30,-0.04954831,-0.04211456,0.01007903,0.008541407,-4.915492
3416,2026-07-30,-0.046801414,-0.05729463,0.009515814,0.010749854,-4.917761
1531,2026-07-30,-0.039033327,-0.020581026,0.007934415,0.0077246567,-4.9188766
3646,2026-07-30,-0.072435394,-0.065950885,0.014719323,0.01339799,-4.9207745
3705,2026-07-30,-0.04551787,-0.03324941,0.009238157,0.009587577,-4.9266253
6570,2026-07-30,-0.045056675,-0.02984204,0.00911362,0.00904372,-4.943341
3042,2026-07-30,-0.057859723,-0.06695555,0.011686131,0.015311571,-4.9507203
1506,2026-07-30,-0.043203544,-0.02786042,0.008704854,0.009099362,-4.962585
4585,2026-07-30,-0.052064974,-0.08124489,0.010486999,0.008828835,-4.964243
5009,2026-07-30,-0.07379884,-0.08396152,0.014862317,0.017695036,-4.9651666
6541,2026-07-30,-0.040091865,-0.045564692,0.008045655,0.010088154,-4.982426
4306,2026-07-30,-0.058573525,-0.0498952,0.011740415,0.010929331,-4.9886255
6552,2026-07-30,-0.044690218,-0.05347107,0.008945533,0.0106599275,-4.9952555
6111,2026-07-30,-0.052446976,-0.052912783,0.010483453,0.008865143,-5.002357
1905,2026-07-30,-0.05782997,-0.06137217,0.011544889,0.014050509,-5.0087066
3434,2026-07-30,-0.04535344,-0.033581965,0.00899804,0.008910639,-5.0398083
6807,2026-07-30,-0.03694965,-0.012301956,0.0073223435,0.010796506,-5.0454617
2524,2026-07-30,-0.048612993,-0.040779743,0.009620662,0.008129642,-5.0524526
6645,2026-07-30,-0.048269935,-0.041170668,0.009509712,0.009284546,-5.0753226
6504,2026-07-30,-0.05515053,-0.008096493,0.01083127,0.010283103,-5.0913177
1440,2026-07-30,-0.056431644,-0.05538951,0.011079538,0.0102266185,-5.092861
5508,2026-07-30,-0.055697132,-0.0458134,0.010929256,0.008673975,-5.095684
2314,2026-07-30,-0.03971046,-0.04083391,0.0077560926,0.009630627,-5.119245
2034,2026-07-30,-0.041476417,-0.03740228,0.008093354,0.00868718,-5.124117
1477,2026-07-30,-0.050270665,-0.0313132,0.009805418,0.011387715,-5.1263027
3362,2026-07-30,-0.09069805,-0.07781458,0.017688913,0.01750056,-5.127105
5608,2026-07-30,-0.04699703,-0.049542725,0.009116692,0.009327553,-5.1544876
2022,2026-07-30,-0.055320084,-0.03416013,0.010712064,0.011240042,-5.1637964
2464,2026-07-30,-0.05247363,-0.07134881,0.010062204,0.013565361,-5.214406
1235,2026-07-30,-0.058634385,-0.038868897,0.011242926,0.0109698605,-5.214761
5225,2026-07-30,-0.062138747,-0.04945455,0.01189081,0.013035725,-5.2253394
6804,2026-07-30,-0.071128316,-0.02295223,0.01361008,0.012951443,-5.2257657
6186,2026-07-30,-0.06051093,-0.047993336,0.011545342,0.011846323,-5.240701
1319,2026-07-30,-0.051174838,-0.045622014,0.009752726,0.014632192,-5.246696
5310,2026-07-30,-0.055663157,-0.03957505,0.01057413,0.0098905,-5.2635903
6743,2026-07-30,-0.05575305,-0.044370815,0.010587161,0.014471252,-5.265602
6936,2026-07-30,-0.05436646,-0.04166489,0.010313897,0.010840338,-5.2706738
4426,2026-07-30,-0.058304295,-0.046574835,0.011026737,0.011845865,-5.287059
2724,2026-07-30,-0.051340245,-0.045794368,0.009688569,0.009438075,-5.2985063
4558,2026-07-30,-0.046910148,-0.0405577,0.008842471,0.01068531,-5.304495
9924,2026-07-30,-0.040765524,-0.031715665,0.007659426,0.008548417,-5.321574
3226,2026-07-30,-0.08158967,-0.069202565,0.015323172,0.01126408,-5.3242464
4569,2026-07-30,-0.044667933,-0.04111477,0.0083830645,0.011682601,-5.3277183
2431,2026-07-30,-0.039353583,-0.040806524,0.0073852874,0.008923629,-5.3279247
6661,2026-07-30,-0.052076206,-0.031534906,0.009747137,0.013597953,-5.34217
6184,2026-07-30,-0.059958316,-0.048947018,0.011192416,0.013007066,-5.35657
8450,2026-07-30,-0.046323366,-0.038976192,0.008644255,0.007973171,-5.3582416
4930,2026-07-30,-0.05460378,-0.056941498,0.010184293,0.009965761,-5.361042
2380,2026-07-30,-0.046797894,-0.02885764,0.008721251,0.0144568095,-5.365346
2461,2026-07-30,-0.05455045,-0.046657015,0.0101610515,0.011871767,-5.368055
1225,2026-07-30,-0.05048754,-0.04151789,0.009336859,0.01190949,-5.4067574
4747,2026-07-30,-0.05107743,-0.03496431,0.009416826,0.010060032,-5.423484
4120,2026-07-30,-0.06795008,-0.047555737,0.012513105,0.012184367,-5.429879
2643,2026-07-30,-0.057943393,-0.043450456,0.010616731,0.012090844,-5.457229
2359,2026-07-30,-0.083142236,-0.10259948,0.015203122,0.014398031,-5.468401
3260,2026-07-30,-0.047140487,-0.041071612,0.008618323,0.011737409,-5.4691634
1599,2026-07-30,-0.06504759,-0.033389308,0.011867644,0.010156631,-5.480625
8926,2026-07-30,-0.08741529,-0.108309105,0.01594444,0.018867288,-5.48215
3078,2026-07-30,-0.04463659,-0.04712293,0.008139018,0.009141883,-5.483598
3205,2026-07-30,-0.047347903,-0.046107985,0.008631743,0.009594776,-5.4846883
6855,2026-07-30,-0.054471776,-0.036691442,0.009922534,0.00851041,-5.4891505
2020,2026-07-30,-0.053595345,-0.034659658,0.0097602075,0.008170924,-5.490647
6923,2026-07-30,-0.052386727,-0.03588535,0.009517883,0.010069819,-5.5034533
2332,2026-07-30,-0.07247683,-0.06648148,0.013154486,0.012643416,-5.5092473
1524,2026-07-30,-0.042508323,-0.04153302,0.007701261,0.008690922,-5.518941
2377,2026-07-30,-0.06553907,-0.062284827,0.011864813,0.008652365,-5.5233526
3504,2026-07-30,-0.1307181,-0.12025457,0.023665205,0.025226131,-5.5234075
2390,2026-07-30,-0.054200746,-0.053247333,0.009741358,0.012846857,-5.563411
2254,2026-07-30,-0.056475647,-0.044188242,0.010147945,0.009944692,-5.5646815
6742,2026-07-30,-0.05581447,-0.05420929,0.010023894,0.012323229,-5.5675874
2397,2026-07-30,-0.03514576,-0.044058602,0.006288619,0.0075297826,-5.5879
5878,2026-07-30,-0.062481355,-0.04260013,0.011179351,0.010967039,-5.5884967
6643,2026-07-30,-0.06331506,-0.07416844,0.011323335,0.010724829,-5.5910625
2007,2026-07-30,-0.052214924,-0.0433609,0.009310118,0.009990184,-5.607804
6902,2026-07-30,-0.07833938,-0.055538367,0.013890992,0.011656858,-5.6391754
4166,2026-07-30,-0.06109999,-0.049188223,0.010808955,0.010947482,-5.6521964
4413,2026-07-30,-0.05616678,-0.042806935,0.0099152,0.011756724,-5.664143
4538,2026-07-30,-0.066135004,-0.057371352,0.011670699,0.013799565,-5.6662703
8422,2026-07-30,-0.050301123,-0.057502653,0.008864914,0.010530105,-5.6735406
2236,2026-07-30,-0.06247546,-0.07871796,0.011005558,0.011905401,-5.6762033
3325,2026-07-30,-0.052330334,-0.04942026,0.009209119,0.007695094,-5.6818304
8097,2026-07-30,-0.05601125,-0.048003927,0.009832837,0.010235036,-5.6957674
1423,2026-07-30,-0.078885086,-0.07658585,0.013843659,0.01561108,-5.697871
2913,2026-07-30,-0.06308548,-0.053603396,0.011068293,0.009072657,-5.699143
8085,2026-07-30,-0.058579955,-0.052308787,0.010239447,0.008311293,-5.720449
8080,2026-07-30,-0.05365157,-0.03204373,0.009336882,0.012249153,-5.745582
4128,2026-07-30,-0.06968587,-0.087966606,0.012103981,0.011344333,-5.7567925
5210,2026-07-30,-0.058156483,-0.050209958,0.010084015,0.012786265,-5.766623
5356,2026-07-30,-0.06618693,-0.067228034,0.011455023,0.009656271,-5.7774787
5490,2026-07-30,-0.08149126,-0.06273442,0.014093712,0.013145338,-5.7816906
6283,2026-07-30,-0.046069615,-0.041522693,0.007959795,0.011347605,-5.7870617
4972,2026-07-30,-0.08608544,-0.07312717,0.01486875,0.01307106,-5.7892995
1604,2026-07-30,-0.05711774,-0.036277898,0.009823537,0.011492927,-5.813784
5206,2026-07-30,-0.07940727,-0.06759773,0.013641727,0.013754843,-5.820483
6020,2026-07-30,-0.06005169,-0.053126037,0.010278931,0.009622428,-5.8416433
2103,2026-07-30,-0.06131053,-0.06819115,0.010463193,0.011746395,-5.8590784
2362,2026-07-30,-0.05927144,-0.04548688,0.010114699,0.010429092,-5.859352
6170,2026-07-30,-0.057392113,-0.04730545,0.00973117,0.01152565,-5.897155
1414,2026-07-30,-0.064071454,-0.04528322,0.01085318,0.008765196,-5.902929
8083,2026-07-30,-0.06357334,-0.0513,0.010765794,0.00936141,-5.9045744
6823,2026-07-30,-0.064482465,-0.07576631,0.0109173935,0.011463648,-5.9058566
8047,2026-07-30,-0.054163083,-0.0436248,0.009133318,0.008949388,-5.929625
6496,2026-07-30,-0.06262995,-0.050865497,0.010559419,0.009312871,-5.930631
8908,2026-07-30,-0.062753834,-0.038610507,0.010523176,0.010659408,-5.9628263
6108,2026-07-30,-0.06981691,-0.06437479,0.011694621,0.015017088,-5.969491
2545,2026-07-30,-0.053772576,-0.05267714,0.009006729,0.008757021,-5.9696035
6109,2026-07-30,-0.06975581,-0.05173989,0.01167073,0.010139162,-5.9764752
8067,2026-07-30,-0.059129454,-0.05267419,0.009874835,0.009828826,-5.9872866
2392,2026-07-30,-0.06502334,-0.07318683,0.01077564,0.009760276,-6.0337305
6969,2026-07-30,-0.070832506,-0.057517536,0.011727734,0.011348361,-6.039229
2453,2026-07-30,-0.055096973,-0.043826986,0.009103715,0.009670582,-6.0514765
1603,2026-07-30,-0.056209,-0.04661696,0.009251221,0.010373458,-6.07519
3259,2026-07-30,-0.05865403,-0.04607257,0.0096219145,0.009412003,-6.095246
4912,2026-07-30,-0.057319086,-0.05856407,0.009396264,0.0098550655,-6.0995502
6598,2026-07-30,-0.07333879,-0.04297439,0.0120167425,0.012085937,-6.102543
8076,2026-07-30,-0.04653961,-0.04553466,0.007600074,0.010236293,-6.1227674
3685,2026-07-30,-0.06985774,-0.06861796,0.011394158,0.011208545,-6.1304755
8477,2026-07-30,-0.07434389,-0.054577064,0.012122765,0.014831832,-6.132079
2208,2026-07-30,-0.06445886,-0.07259777,0.010453117,0.011331515,-6.1658826
1468,2026-07-30,-0.07014727,-0.056736533,0.011365212,0.009561131,-6.171561
3058,2026-07-30,-0.052247692,-0.051996537,0.008438202,0.00867318,-6.19107
6863,2026-07-30,-0.06685981,-0.05049843,0.010779525,0.011611979,-6.2019067
5209,2026-07-30,-0.039489347,-0.027567951,0.0063633644,0.011247864,-6.204759
2258,2026-07-30,-0.038628567,-0.034268547,0.006188694,0.005918032,-6.240788
4419,2026-07-30,-0.06230363,-0.05853137,0.009981933,0.010127296,-6.241014
3490,2026-07-30,-0.06982827,-0.06410014,0.01117131,0.013347225,-6.250119
6720,2026-07-30,-0.07598643,-0.06898581,0.012153741,0.013047858,-6.251588
2740,2026-07-30,-0.06698651,-0.05919262,0.0106982635,0.012477159,-6.2608523
3693,2026-07-30,-0.05947617,-0.07740875,0.009465091,0.013746866,-6.283076
6885,2026-07-30,-0.054867696,-0.05046807,0.008686338,0.008006049,-6.315824
6210,2026-07-30,-0.05748633,-0.03604295,0.009098112,0.00809987,-6.3177958
6859,2026-07-30,-0.054448508,-0.044872027,0.008614975,0.008928089,-6.319483
2025,2026-07-30,-0.06321194,-0.035328556,0.009988148,0.0075907344,-6.328061
1799,2026-07-30,-0.0825264,-0.067472346,0.0130401105,0.014186954,-6.3281727
4198,2026-07-30,-0.09069452,-0.072559595,0.014269645,0.012185908,-6.35532
3018,2026-07-30,-0.06938411,-0.015517769,0.010889046,0.010803031,-6.371333
7704,2026-07-30,-0.0618554,-0.044950373,0.009687773,0.010681447,-6.384235
8109,2026-07-30,-0.06523798,-0.07607033,0.010201967,0.010738089,-6.3940196
1447,2026-07-30,-0.06490107,-0.07219928,0.010130066,0.010230736,-6.4061437
7736,2026-07-30,-0.058077,-0.03941792,0.009032756,0.012355565,-6.4288874
3563,2026-07-30,-0.04411282,-0.06358287,0.0068594133,0.011370189,-6.430053
8084,2026-07-30,-0.07128415,-0.076020956,0.011079289,0.012748541,-6.4334197
6697,2026-07-30,-0.080361366,-0.060383804,0.01246683,0.01377071,-6.445497
4157,2026-07-30,-0.06654594,-0.07497306,0.010313386,0.009439973,-6.45176
5245,2026-07-30,-0.061923936,-0.06816185,0.009586492,0.00878934,-6.4588256
6589,2026-07-30,-0.09603945,-0.08845234,0.01485698,0.01705032,-6.4638295
5348,2026-07-30,-0.06879839,-0.046542104,0.010588285,0.009617959,-6.496982
5345,2026-07-30,-0.08482088,-0.07190558,0.013053477,0.012759639,-6.497455
5706,2026-07-30,-0.056613248,-0.049226698,0.008705809,0.009599394,-6.502181
1308,2026-07-30,-0.050157078,-0.0642891,0.0077031716,0.008315324,-6.5103793
6792,2026-07-30,-0.07924011,-0.0688679,0.012089716,0.012031411,-6.553798
5364,2026-07-30,-0.0824419,-0.064223565,0.012521318,0.011532694,-6.5835977
3176,2026-07-30,-0.0635227,-0.07749494,0.009641154,0.012592378,-6.5880194
3224,2026-07-30,-0.0763032,-0.06878442,0.011476942,0.010006991,-6.6478114
1538,2026-07-30,-0.09614933,-0.07301957,0.014344,0.011738917,-6.702637
3303,2026-07-30,-0.06767853,-0.049492612,0.010074446,0.010213581,-6.717175
4127,2026-07-30,-0.062182732,-0.082224876,0.009253334,0.010471428,-6.719309
2231,2026-07-30,-0.10424233,-0.115348086,0.015394778,0.016578246,-6.7708387
2838,2026-07-30,-0.062284503,-0.0471255,0.00919551,0.009531747,-6.7726235
2414,2026-07-30,-0.06879525,-0.047591306,0.010155756,0.012510314,-6.7733483
3712,2026-07-30,-0.06452782,-0.06531948,0.009495327,0.008780781,-6.7950287
6130,2026-07-30,-0.08747233,-0.075562544,0.0128210075,0.015262856,-6.822046
6180,2026-07-30,-0.05740156,-0.06430027,0.008412306,0.007862137,-6.822711
6955,2026-07-30,-0.049972694,-0.036445923,0.007304822,0.011579643,-6.8401194
2425,2026-07-30,-0.07907667,-0.05967218,0.011550348,0.010947242,-6.845666
3669,2026-07-30,-0.08164478,-0.048285343,0.011900669,0.012499773,-6.859944
6712,2026-07-30,-0.09620456,-0.09367805,0.013976216,0.018921651,-6.882955
6840,2026-07-30,-0.05575501,-0.050758358,0.008098674,0.008239059,-6.8836117
8044,2026-07-30,-0.06547769,-0.06612526,0.009507154,0.0099047,-6.8864775
2743,2026-07-30,-0.05882231,-0.058869164,0.008526013,0.008335156,-6.898349
5299,2026-07-30,-0.10785274,-0.08630426,0.015624368,0.014202326,-6.9024134
3672,2026-07-30,-0.082760885,-0.07019946,0.011938268,0.011226593,-6.9318223
3545,2026-07-30,-0.066537395,-0.07882778,0.009583923,0.009322022,-6.9418807
1762,2026-07-30,-0.08120966,-0.07938409,0.011688965,0.010004595,-6.9469547
8421,2026-07-30,-0.10949847,-0.092396356,0.015746519,0.011244073,-6.953379
5460,2026-07-30,-0.07626889,-0.065500714,0.010917608,0.012303606,-6.985221
3163,2026-07-30,-0.06699012,-0.078571334,0.009488539,0.010556041,-7.0593653
9914,2026-07-30,-0.07056613,-0.06275507,0.0099794185,0.011100199,-7.070458
6240,2026-07-30,-0.06854171,-0.044534538,0.009631621,0.010669497,-7.115583
1904,2026-07-30,-0.051351283,-0.03237707,0.007210144,0.008928373,-7.121101
5604,2026-07-30,-0.06023456,-0.053590503,0.008449738,0.010872822,-7.127728
1591,2026-07-30,-0.100292705,-0.0852091,0.014055758,0.016763452,-7.134839
4532,2026-07-30,-0.064834304,-0.05919794,0.009059916,0.0108208405,-7.1553802
5222,2026-07-30,-0.047088034,-0.0629461,0.006570819,0.008127047,-7.1651454
3349,2026-07-30,-0.07900984,-0.0683265,0.011023827,0.009185361,-7.166538
1454,2026-07-30,-0.067221284,-0.048965972,0.009359068,0.009852805,-7.1817083
7584,2026-07-30,-0.079932675,-0.074096344,0.011087608,0.011574639,-7.20854
1536,2026-07-30,-0.07003771,-0.08995437,0.009684776,0.012992816,-7.2309856
1455,2026-07-30,-0.05726842,-0.05316244,0.007891564,0.007442183,-7.2559967
5543,2026-07-30,-0.062383153,-0.041275553,0.008570572,0.010583511,-7.277912
9949,2026-07-30,-0.106841534,-0.101679236,0.014663266,0.011689287,-7.2858424
6208,2026-07-30,-0.068144985,-0.05664664,0.009346056,0.009298909,-7.2905293
3713,2026-07-30,-0.073641874,-0.05512436,0.010098434,0.009737835,-7.291683
1218,2026-07-30,-0.08062417,-0.06345911,0.011044169,0.012123994,-7.299496
3576,2026-07-30,-0.07882651,-0.08932157,0.010769152,0.009270833,-7.3189783
2939,2026-07-30,-0.06987191,-0.060438752,0.009498173,0.009516729,-7.355578
3609,2026-07-30,-0.11237526,-0.112477705,0.015217273,0.013143341,-7.384232
6142,2026-07-30,-0.08026479,-0.06854512,0.010865122,0.011614937,-7.3867006
6120,2026-07-30,-0.06722526,-0.057585184,0.0090831015,0.012187112,-7.40032
4168,2026-07-30,-0.06466569,-0.06297553,0.008731386,0.010843744,-7.4052715
6684,2026-07-30,-0.07579827,-0.06153552,0.01023055,0.012210538,-7.4082885
6901,2026-07-30,-0.104072616,-0.116938435,0.014024515,0.014989525,-7.4202347
3288,2026-07-30,-0.082368545,-0.08355015,0.011086189,0.010432158,-7.429164
3664,2026-07-30,-0.100487806,-0.09954085,0.013504687,0.015431269,-7.440407
6869,2026-07-30,-0.09753463,-0.09828099,0.012997136,0.014134588,-7.503739
1517,2026-07-30,-0.08602848,-0.07730726,0.011341111,0.011241872,-7.5848737
2477,2026-07-30,-0.06309859,-0.043553542,0.008315158,0.009861317,-7.587468
6671,2026-07-30,-0.06963511,-0.056189824,0.009129401,0.010850072,-7.62673
4305,2026-07-30,-0.07581984,-0.05872066,0.009921635,0.010290699,-7.6411
1598,2026-07-30,-0.08142103,-0.07281097,0.01062447,0.00941738,-7.6628165
6206,2026-07-30,-0.07924806,-0.07220101,0.010328133,0.011919226,-7.672286
3310,2026-07-30,-0.08044055,-0.074976295,0.010479284,0.0099216085,-7.6754165
3666,2026-07-30,-0.07370689,-0.065055944,0.009538795,0.009398601,-7.726255
5321,2026-07-30,-0.09047626,-0.08347448,0.011705571,0.007924175,-7.728673
6292,2026-07-30,-0.08465001,-0.06605707,0.010932546,0.012919571,-7.742228
4737,2026-07-30,-0.09334534,-0.0885444,0.011898221,0.010385989,-7.844659
8444,2026-07-30,-0.090668805,-0.087701686,0.011491671,0.011054654,-7.8892713
2466,2026-07-30,-0.08612286,-0.11572539,0.010889152,0.0099162245,-7.9083247
2910,2026-07-30,-0.12766314,-0.120451204,0.016130202,0.015535608,-7.91405
1445,2026-07-30,-0.074598536,-0.065626554,0.009393127,0.011128061,-7.940976
7780,2026-07-30,-0.06266685,-0.06768821,0.0078302985,0.008805588,-8.002102
8050,2026-07-30,-0.09255325,-0.08647132,0.01156272,0.01189779,-8.003761
1723,2026-07-30,-0.059968032,-0.05350509,0.0074909334,0.010526751,-8.004347
4304,2026-07-30,-0.07064228,-0.05898197,0.008748849,0.009847223,-8.073543
1796,2026-07-30,-0.10816418,-0.09069334,0.013346127,0.01417548,-8.1039295
5465,2026-07-30,-0.07258393,-0.072044455,0.008866749,0.010005922,-8.185158
5315,2026-07-30,-0.07840344,-0.07454995,0.009459957,0.010645004,-8.287052
6461,2026-07-30,-0.10980096,-0.10134397,0.013235797,0.013245998,-8.29513
4174,2026-07-30,-0.07106406,-0.08416494,0.00855465,0.011167609,-8.306098
4523,2026-07-30,-0.100164905,-0.094254665,0.012057681,0.009804841,-8.306457
6423,2026-07-30,-0.078735955,-0.0700874,0.00940523,0.011226983,-8.370617
1413,2026-07-30,-0.07554266,-0.048356317,0.009017744,0.010358051,-8.3761835
1460,2026-07-30,-0.089527115,-0.08958217,0.010683617,0.011849578,-8.379066
1722,2026-07-30,-0.06969367,-0.0701628,0.008211134,0.009128656,-8.48667
1466,2026-07-30,-0.086991556,-0.08140319,0.010119653,0.010548046,-8.5954485
6578,2026-07-30,-0.0812559,-0.06974907,0.009445923,0.012031283,-8.601308
6603,2026-07-30,-0.12407815,-0.07935078,0.014405494,0.012951487,-8.612654
6649,2026-07-30,-0.10636597,-0.08998578,0.012324764,0.012069365,-8.629563
1526,2026-07-30,-0.118077666,-0.076709285,0.013674113,0.01318061,-8.634493
2239,2026-07-30,-0.06377825,-0.07032226,0.0073684705,0.010452518,-8.654387
8916,2026-07-30,-0.09425793,-0.07694558,0.010854915,0.011485893,-8.682633
6794,2026-07-30,-0.09701821,-0.09174236,0.0111596845,0.011123627,-8.692855
6222,2026-07-30,-0.058945995,-0.040441513,0.0067603593,0.0066186273,-8.718069
6243,2026-07-30,-0.12051417,-0.12684414,0.013784377,0.010772532,-8.742174
3630,2026-07-30,-0.09725315,-0.09938652,0.011102352,0.014808117,-8.7589
3523,2026-07-30,-0.123021446,-0.099339895,0.013880275,0.011874922,-8.862402
4976,2026-07-30,-0.1544168,-0.14773995,0.016978996,0.016495328,-9.094042
8472,2026-07-30,-0.09354903,-0.086031154,0.010184948,0.010029126,-9.184125
6226,2026-07-30,-0.15725394,-0.14277916,0.016720971,0.012737563,-9.404031
2601,2026-07-30,-0.12702726,-0.13278288,0.013393498,0.011229569,-9.48354
6533,2026-07-30,-0.10184336,-0.122949876,0.010722712,0.015511115,-9.497025
4147,2026-07-30,-0.0987238,-0.105030484,0.0103858905,0.013398667,-9.504654
2230,2026-07-30,-0.08721681,-0.07249995,0.00910705,0.008824665,-9.575794
1236,2026-07-30,-0.09135353,-0.061953798,0.009496655,0.008892043,-9.618534
3489,2026-07-30,-0.11065145,-0.087300286,0.011399634,0.012176132,-9.705728
2923,2026-07-30,-0.09752653,-0.109827235,0.009999477,0.012558569,-9.752187
8093,2026-07-30,-0.09956594,-0.087202206,0.010099601,0.010176497,-9.857427
3543,2026-07-30,-0.13682242,-0.1299818,0.0138768,0.015631435,-9.859085
4183,2026-07-30,-0.1070021,-0.07582412,0.010812812,0.011770056,-9.894948
1586,2026-07-30,-0.10806537,-0.10340436,0.010835958,0.010308692,-9.971929
3032,2026-07-30,-0.0800345,-0.088708006,0.007944218,0.010837541,-10.073292
2427,2026-07-30,-0.07569774,-0.07962529,0.007259313,0.008781349,-10.426237
6668,2026-07-30,-0.127831,-0.13632634,0.01194388,0.015172937,-10.70174
8101,2026-07-30,-0.1027153,-0.097261295,0.008829546,0.010350562,-11.631817
6733,2026-07-30,-0.14636113,-0.14208645,0.012357841,0.011702303,-11.842626
