stock_id,Date,Score_5d,Score_10d,Unc_5d,Unc_10d,SQ_5d
6894,2026-08-14,0.08838627,0.08066318,0.008086706,0.010440681,10.9284725
0061,2026-08-14,0.16767372,0.16385426,0.015886273,0.019258494,10.553965
6272,2026-08-14,0.07497968,0.064988084,0.007235063,0.008801651,10.361944
1294,2026-08-14,0.07593866,0.0825586,0.0074143615,0.009776891,10.240723
6730,2026-08-14,0.076822296,0.07088027,0.0075212615,0.009053282,10.21266
6615,2026-08-14,0.078145236,0.082043774,0.0077107195,0.010782833,10.133309
2643,2026-08-14,0.08351166,0.0838356,0.008265347,0.0100357365,10.102607
4433,2026-08-14,0.09717975,0.09207404,0.009677162,0.010897826,10.041136
7708,2026-08-14,0.12754492,0.1544103,0.013046266,0.020696767,9.775605
4771,2026-08-14,0.08297027,0.0976507,0.0085138595,0.010047852,9.744173
1786,2026-08-14,0.08179579,0.07089858,0.008411999,0.007839557,9.7225485
6023,2026-08-14,0.09098754,0.08997788,0.009365463,0.011279218,9.714184
2916,2026-08-14,0.06928447,0.078670315,0.007195119,0.009960328,9.628034
7738,2026-08-14,0.10221254,0.103196844,0.010688655,0.008571886,9.561818
2497,2026-08-14,0.06888453,0.06924875,0.007334093,0.007704902,9.391091
4720,2026-08-14,0.09575334,0.07560946,0.010342446,0.0104316585,9.257392
4951,2026-08-14,0.08407446,0.08627804,0.009136649,0.010396116,9.200885
6117,2026-08-14,0.07224986,0.0607001,0.007883235,0.00866746,9.163838
1449,2026-08-14,0.08951549,0.08473622,0.0097749075,0.009526113,9.156745
3164,2026-08-14,0.09743159,0.090052016,0.010657795,0.009936539,9.140958
4536,2026-08-14,0.083797105,0.08653574,0.009207358,0.009488622,9.100114
6416,2026-08-14,0.044405572,0.014404518,0.0048843054,0.008177275,9.089621
6192,2026-08-14,0.07655124,0.07505713,0.008655051,0.009143177,8.843668
6690,2026-08-14,0.06607331,0.08040155,0.007573416,0.010535558,8.723223
1475,2026-08-14,0.084953375,0.071843706,0.009881754,0.008886902,8.596123
8432,2026-08-14,0.07475024,0.0937592,0.008708897,0.009236463,8.582218
2537,2026-08-14,0.059307925,0.070591144,0.00692809,0.0064418283,8.559266
2535,2026-08-14,0.0871367,0.078674436,0.010229779,0.009064671,8.517113
3158,2026-08-14,0.089134015,0.09133131,0.010507932,0.008202663,8.481738
8279,2026-08-14,0.08642567,0.0795118,0.010191407,0.011280685,8.479417
1539,2026-08-14,0.06116951,0.06406864,0.0072764745,0.008192891,8.405321
1537,2026-08-14,0.09285952,0.104156606,0.011061778,0.010533686,8.393869
8446,2026-08-14,0.06268939,0.06971825,0.007490944,0.010996178,8.367573
6581,2026-08-14,0.07119981,0.06903709,0.008562063,0.008082068,8.314759
5230,2026-08-14,0.088094324,0.106281854,0.010602648,0.010595884,8.307925
3567,2026-08-14,0.079403326,0.07512126,0.009578133,0.014225763,8.289197
1730,2026-08-14,0.10197037,0.12259887,0.01247062,0.012951202,8.176192
2477,2026-08-14,0.061130166,0.049213827,0.0074762385,0.008556168,8.175501
4126,2026-08-14,0.0883814,0.11148743,0.010848782,0.012594144,8.145915
6498,2026-08-14,0.08144876,0.09504771,0.010005728,0.012814639,8.1394
3592,2026-08-14,0.069873065,0.055133224,0.008586174,0.008574696,8.13691
6667,2026-08-14,0.07115667,0.06585916,0.0087515395,0.009797116,8.129831
8341,2026-08-14,0.081021756,0.089829296,0.00996607,0.011956517,8.128944
8087,2026-08-14,0.08824256,0.07866751,0.010868756,0.009344441,8.118173
2114,2026-08-14,0.06341575,0.07450827,0.00782999,0.008600477,8.09805
1788,2026-08-14,0.08599266,0.10742836,0.010663318,0.009190831,8.063586
8103,2026-08-14,0.06299713,0.052602064,0.0078437375,0.009565205,8.030496
9906,2026-08-14,0.06445919,0.06524961,0.008062941,0.012952225,7.9935093
1593,2026-08-14,0.069513045,0.09825816,0.008696401,0.010773122,7.992393
8433,2026-08-14,0.06884673,0.08820274,0.00861713,0.010152319,7.9885926
1213,2026-08-14,0.07701044,0.07500873,0.009654412,0.009995411,7.975883
6763,2026-08-14,0.067728296,0.06442098,0.008500139,0.007365372,7.9669666
1339,2026-08-14,0.07461848,0.10666304,0.009393485,0.01359458,7.9427958
5547,2026-08-14,0.073920146,0.08515236,0.009313914,0.01054005,7.9356766
3622,2026-08-14,0.07469125,0.06547044,0.009438905,0.008785191,7.912288
5299,2026-08-14,0.065164044,0.050255384,0.008295776,0.009509846,7.85414
3217,2026-08-14,0.08064442,0.07280845,0.0102943,0.010396915,7.83313
8048,2026-08-14,0.07278395,0.06410982,0.009384163,0.011219354,7.755214
2247,2026-08-14,0.069133736,0.046894394,0.008917034,0.007142411,7.7521276
2066,2026-08-14,0.07342835,0.067258865,0.009480452,0.009856596,7.7444196
5511,2026-08-14,0.06729607,0.06736278,0.008715206,0.008786086,7.720799
4506,2026-08-14,0.07293572,0.08662699,0.009458099,0.010428113,7.710642
6561,2026-08-14,0.07629838,0.07568393,0.009927826,0.009901183,7.6845317
9925,2026-08-14,0.04761291,0.05165003,0.006195403,0.006972463,7.6839595
6161,2026-08-14,0.06553728,0.055226065,0.0085333,0.011668068,7.6792803
5609,2026-08-14,0.097422704,0.10059096,0.012690121,0.015564253,7.6764455
8416,2026-08-14,0.07205703,0.08410815,0.009391824,0.00980178,7.671498
4105,2026-08-14,0.07988759,0.08245639,0.010415446,0.011402962,7.669371
6703,2026-08-14,0.07153828,0.07378737,0.009351926,0.01136881,7.648759
6909,2026-08-14,0.07342295,0.07068375,0.009622783,0.009392167,7.629323
2067,2026-08-14,0.07039,0.070344925,0.009235426,0.009406141,7.620913
1783,2026-08-14,0.069643326,0.08142031,0.0091416715,0.010381442,7.6173935
3432,2026-08-14,0.09320997,0.09733356,0.012244046,0.010714358,7.6120553
7716,2026-08-14,0.07522991,0.0784266,0.009886747,0.011431471,7.6083975
6856,2026-08-14,0.09655542,0.08316321,0.012713874,0.01119094,7.593895
4974,2026-08-14,0.063891105,0.08619285,0.008430926,0.011612259,7.5772843
3285,2026-08-14,0.083284825,0.07697165,0.010991281,0.0109075615,7.5766644
3188,2026-08-14,0.07341835,0.08426487,0.009700966,0.01021754,7.567368
4588,2026-08-14,0.061137732,0.07638244,0.00810594,0.00847077,7.541406
4107,2026-08-14,0.095481366,0.1072353,0.01266902,0.0097278105,7.5360074
2832,2026-08-14,0.07267043,0.08144297,0.009642915,0.011025153,7.535366
6438,2026-08-14,0.066883296,0.06466471,0.008877654,0.010423066,7.533045
4933,2026-08-14,0.07441605,0.072394595,0.009909646,0.009813041,7.508698
3303,2026-08-14,0.08191074,0.0690427,0.010941798,0.010277943,7.485356
8941,2026-08-14,0.06933857,0.0900978,0.00930312,0.010915974,7.4524584
6910,2026-08-14,0.0666599,0.0546913,0.008964315,0.008563316,7.43531
4746,2026-08-14,0.06612354,0.05337994,0.00889988,0.008850411,7.4288764
3169,2026-08-14,0.07066373,0.06477909,0.009522741,0.008358524,7.419745
6261,2026-08-14,0.07191736,0.08062887,0.009692422,0.011678018,7.4191923
3118,2026-08-14,0.06969055,0.07907317,0.009409566,0.009910459,7.4055634
2816,2026-08-14,0.08754707,0.10400637,0.011837468,0.01049876,7.3951354
4924,2026-08-14,0.071539685,0.05898398,0.009702766,0.01024148,7.3723626
8435,2026-08-14,0.100298405,0.12165127,0.013617889,0.012187823,7.3646536
2732,2026-08-14,0.082536906,0.07958935,0.011248515,0.008034501,7.33693
2610,2026-08-14,0.068681,0.058529124,0.009369084,0.007669991,7.3298173
1776,2026-08-14,0.07310044,0.07864949,0.009993163,0.010593862,7.3143134
5403,2026-08-14,0.069284216,0.06666937,0.009477768,0.0112224035,7.309411
1599,2026-08-14,0.08157487,0.078511,0.011218416,0.009660111,7.2708664
3551,2026-08-14,0.074012965,0.07631707,0.010184116,0.010017286,7.266777
4729,2026-08-14,0.058926847,0.066387855,0.008110818,0.009604815,7.26432
6791,2026-08-14,0.084614836,0.08960654,0.011701311,0.011320008,7.230609
2459,2026-08-14,0.0710561,0.09017431,0.0098566385,0.010859179,7.208227
3546,2026-08-14,0.09886607,0.09728422,0.013734231,0.010136223,7.197991
5478,2026-08-14,0.064630695,0.06498489,0.0089784125,0.012088808,7.197653
6129,2026-08-14,0.0699623,0.07660396,0.009767605,0.010071928,7.161954
6757,2026-08-14,0.08325623,0.06933758,0.011654301,0.010606788,7.143207
1256,2026-08-14,0.08090649,0.087390535,0.011332514,0.008323962,7.138694
3290,2026-08-14,0.07596072,0.073239446,0.010645537,0.014537537,7.134782
4572,2026-08-14,0.062286794,0.05345738,0.008734862,0.009590758,7.1300106
7767,2026-08-14,0.068556614,0.056401394,0.00962287,0.012690787,7.1236014
4568,2026-08-14,0.08271542,0.09022042,0.0116176335,0.01084424,7.119204
6722,2026-08-14,0.051131956,0.044028163,0.0071913493,0.008364914,7.1092153
6752,2026-08-14,0.08078342,0.08645277,0.01138502,0.013186593,7.0949655
3050,2026-08-14,0.044676725,0.05418753,0.0062988866,0.008951762,7.0916715
6118,2026-08-14,0.057536833,0.04603099,0.008126928,0.009474734,7.0789056
2368,2026-08-14,0.09086969,0.08492049,0.0128515875,0.015457438,7.070147
5508,2026-08-14,0.05820906,0.07160538,0.008254342,0.009064083,7.0510783
2753,2026-08-14,0.0724817,0.08717664,0.010299245,0.0074807373,7.0368905
3492,2026-08-14,0.07617643,0.06961089,0.010839609,0.011675341,7.0269504
6951,2026-08-14,0.083242685,0.095378555,0.011848593,0.014139936,7.02494
2211,2026-08-14,0.067777224,0.04407366,0.009656604,0.009365402,7.018016
1726,2026-08-14,0.076603316,0.08918893,0.01091806,0.011512017,7.015559
3036,2026-08-14,0.07263424,0.03496689,0.010368073,0.011134962,7.0048923
6776,2026-08-14,0.054174718,0.070291564,0.0077471603,0.009829971,6.991946
3611,2026-08-14,0.08392937,0.102211,0.012008245,0.0138736125,6.9887295
6914,2026-08-14,0.08608432,0.09645591,0.012326387,0.009731157,6.9831767
9942,2026-08-14,0.06188526,0.06493063,0.008875179,0.011402543,6.9720607
6556,2026-08-14,0.066610254,0.05854265,0.009557407,0.008044312,6.9687605
3689,2026-08-14,0.072933465,0.083328106,0.0104848975,0.011068928,6.9553857
2597,2026-08-14,0.059100572,0.062773354,0.008512947,0.00744755,6.9416184
2729,2026-08-14,0.08403117,0.07999713,0.012148829,0.012282117,6.916243
6741,2026-08-14,0.069739275,0.061547987,0.0101160435,0.012310637,6.893246
1565,2026-08-14,0.061558116,0.06970852,0.008996085,0.0075906194,6.842006
2745,2026-08-14,0.057572793,0.0657623,0.008427359,0.009122714,6.830842
7749,2026-08-14,0.06643419,0.061984245,0.009754809,0.010547331,6.8097057
8930,2026-08-14,0.06383688,0.04871402,0.009385681,0.0057846154,6.8007936
4138,2026-08-14,0.06950033,0.070352755,0.010234432,0.011180408,6.79017
4728,2026-08-14,0.06561605,0.067529134,0.009667045,0.00995224,6.786899
8183,2026-08-14,0.06253551,0.07610471,0.009234828,0.011343747,6.7709694
1451,2026-08-14,0.057328608,0.07273758,0.00847146,0.010225507,6.766465
6874,2026-08-14,0.08606424,0.093128234,0.012721906,0.01099621,6.764511
1731,2026-08-14,0.058309175,0.073285334,0.008626285,0.00947344,6.758693
1533,2026-08-14,0.054125354,0.051584933,0.008021085,0.010811259,6.747043
5007,2026-08-14,0.056579065,0.059283018,0.008386933,0.010980835,6.7452927
4741,2026-08-14,0.06561422,0.06892805,0.009751734,0.010653932,6.727777
7747,2026-08-14,0.062814035,0.07553808,0.009340811,0.009944208,6.7239676
6136,2026-08-14,0.06778205,0.08059096,0.010084882,0.010253047,6.720488
5209,2026-08-14,0.058672708,0.07997926,0.008744296,0.010315635,6.7090592
4529,2026-08-14,0.077675804,0.05798111,0.011588699,0.01028451,6.7021413
1580,2026-08-14,0.056418214,0.043596484,0.008425463,0.007462379,6.695361
5533,2026-08-14,0.054364372,0.05057679,0.008130666,0.009368108,6.6855145
6782,2026-08-14,0.06389625,0.07661689,0.009560426,0.0118935825,6.6827116
5324,2026-08-14,0.05372138,0.061086927,0.008058173,0.008259316,6.665868
8390,2026-08-14,0.07044324,0.08469174,0.010568719,0.0080234,6.6646276
3310,2026-08-14,0.06840601,0.075842924,0.01027452,0.009392532,6.6571817
6568,2026-08-14,0.06751561,0.06216667,0.010152334,0.010176128,6.6496
6104,2026-08-14,0.07734949,0.06814297,0.011671565,0.010488891,6.6266065
2915,2026-08-14,0.06846361,0.06964245,0.010348643,0.011797889,6.6150694
3218,2026-08-14,0.09550454,0.0801829,0.014440685,0.0129670855,6.613116
3545,2026-08-14,0.047834225,0.027901853,0.007238837,0.007306019,6.607086
2063,2026-08-14,0.065206565,0.07887511,0.009879269,0.0104264,6.599675
1472,2026-08-14,0.07520164,0.088656776,0.011413913,0.010511487,6.5880165
8423,2026-08-14,0.07296317,0.079612926,0.011079104,0.011148044,6.585062
1777,2026-08-14,0.08342585,0.11916391,0.0126744835,0.015425415,6.58167
2617,2026-08-14,0.06285778,0.06974768,0.009551942,0.009408252,6.579939
3209,2026-08-14,0.08115352,0.06120576,0.012337437,0.012291235,6.5772934
3646,2026-08-14,0.07605727,0.075884886,0.011606439,0.013014836,6.5524592
5220,2026-08-14,0.07746134,0.08092272,0.011825545,0.013836308,6.549786
1470,2026-08-14,0.06439077,0.07191534,0.009841521,0.0085592875,6.542101
3402,2026-08-14,0.06288771,0.06610384,0.009617322,0.011665205,6.5383244
6691,2026-08-14,0.052871037,0.0625288,0.00810944,0.008690821,6.518886
6491,2026-08-14,0.04961315,0.05008044,0.0076188813,0.007426334,6.511014
5353,2026-08-14,0.05883015,0.06929598,0.009054717,0.008487733,6.496465
4532,2026-08-14,0.041714452,0.024637945,0.006433202,0.0055333762,6.483237
2432,2026-08-14,0.07636574,0.075023144,0.011780027,0.009701838,6.482095
2852,2026-08-14,0.060427606,0.07749399,0.009346006,0.0071400586,6.4649153
6177,2026-08-14,0.06919791,0.07998163,0.010720159,0.011927178,6.454331
8032,2026-08-14,0.061729494,0.08091346,0.009569089,0.00911693,6.450253
8489,2026-08-14,0.07571651,0.09426503,0.0117450375,0.011807738,6.446132
4523,2026-08-14,0.065534994,0.05340385,0.010165618,0.009118565,6.446096
4543,2026-08-14,0.07994093,0.0886171,0.012405438,0.013669816,6.4435034
1720,2026-08-14,0.05255681,0.039841857,0.008162948,0.0076582883,6.43767
3607,2026-08-14,0.064429596,0.074989825,0.010034139,0.010639055,6.4203987
8081,2026-08-14,0.06296025,0.053080224,0.009819855,0.012925948,6.4108725
4111,2026-08-14,0.057687458,0.06366357,0.008997804,0.009978123,6.4105697
6474,2026-08-14,0.06325995,0.08886723,0.009873871,0.011490653,6.4061546
2022,2026-08-14,0.06327221,0.06611017,0.009891877,0.009315982,6.395734
1477,2026-08-14,0.057805415,0.044228252,0.009055541,0.008024805,6.3827252
5015,2026-08-14,0.056024797,0.07700534,0.008789774,0.009877405,6.3731356
3593,2026-08-14,0.06429187,0.05928884,0.010108525,0.010253256,6.3595343
3168,2026-08-14,0.053396225,0.053871077,0.00840166,0.008865619,6.3546805
9927,2026-08-14,0.06697147,0.0761777,0.010550603,0.010809586,6.347042
6684,2026-08-14,0.07137286,0.070855334,0.011255402,0.013202632,6.340646
3014,2026-08-14,0.061979946,0.06340091,0.009775521,0.011424972,6.3396726
2731,2026-08-14,0.05782276,0.052699454,0.009121536,0.010095125,6.338452
6925,2026-08-14,0.08296911,0.079103716,0.013099693,0.01126654,6.3331847
6664,2026-08-14,0.06361039,0.0622916,0.01005472,0.010175326,6.325792
6417,2026-08-14,0.071956076,0.059991397,0.01138783,0.010751196,6.318127
3027,2026-08-14,0.054975443,0.049265273,0.008711153,0.008233718,6.3102016
4580,2026-08-14,0.055172823,0.042937007,0.008770023,0.0073793144,6.2903523
2612,2026-08-14,0.06945296,0.08597484,0.011068685,0.011033845,6.274158
1734,2026-08-14,0.05542929,0.07017039,0.008860422,0.0101188375,6.255123
6903,2026-08-14,0.077282794,0.08350746,0.012377725,0.011996795,6.243195
3447,2026-08-14,0.05944717,0.05855119,0.009523668,0.008796798,6.2413898
4305,2026-08-14,0.0573994,0.08145968,0.009198682,0.01165297,6.23928
7757,2026-08-14,0.10665601,0.1172954,0.017190397,0.01973403,6.204034
6508,2026-08-14,0.06742325,0.06591437,0.010866896,0.00965122,6.2038913
9951,2026-08-14,0.08668995,0.09823057,0.01398142,0.0150250485,6.1999245
1516,2026-08-14,0.04508644,0.04580234,0.007271949,0.010249959,6.1991963
3293,2026-08-14,0.058063995,0.054203715,0.009385304,0.009385487,6.186034
3570,2026-08-14,0.061280545,0.058522727,0.009910406,0.009947039,6.182831
3071,2026-08-14,0.054042466,0.0350016,0.00874489,0.008901349,6.1791844
6936,2026-08-14,0.07053399,0.078639425,0.011416688,0.01237641,6.177607
6140,2026-08-14,0.068239205,0.07622568,0.011073926,0.009774471,6.1615944
6411,2026-08-14,0.058414992,0.057730477,0.009482403,0.009152829,6.1597075
6637,2026-08-14,0.05920253,0.067070775,0.009625773,0.010843103,6.1497793
2911,2026-08-14,0.0686728,0.08006484,0.011182382,0.010677282,6.140611
6751,2026-08-14,0.052119877,0.06415924,0.008506812,0.008982609,6.1261196
6516,2026-08-14,0.0626988,0.06271219,0.010256982,0.011115896,6.1121955
5211,2026-08-14,0.073674425,0.07568643,0.012075269,0.010591467,6.1007605
6899,2026-08-14,0.07652626,0.09617122,0.01258141,0.013161621,6.0820036
1506,2026-08-14,0.045171723,0.046690885,0.007434015,0.010935565,6.075539
3679,2026-08-14,0.04024728,0.042314384,0.0066357404,0.009037361,6.0643144
8401,2026-08-14,0.0519372,0.07007624,0.008575099,0.011549108,6.0560403
2440,2026-08-14,0.091585256,0.075316116,0.015148308,0.0130346,6.0455074
1531,2026-08-14,0.045224387,0.05857039,0.007487734,0.008423489,6.03899
7772,2026-08-14,0.04605997,0.04510745,0.007671117,0.0066488436,6.0035543
2496,2026-08-14,0.07334765,0.06781815,0.0122574065,0.010055349,5.983457
6967,2026-08-14,0.084638566,0.09282362,0.014147783,0.014835946,5.9820385
1817,2026-08-14,0.055357862,0.07944425,0.009263049,0.011268671,5.975558
1616,2026-08-14,0.05648857,0.059214555,0.009453253,0.008097366,5.9749374
3540,2026-08-14,0.053294968,0.06536463,0.008981753,0.006918934,5.9330325
1540,2026-08-14,0.060884964,0.051234297,0.010279805,0.010390095,5.922198
5488,2026-08-14,0.071311094,0.07340374,0.012055749,0.01449423,5.9146204
4554,2026-08-14,0.06464916,0.082587734,0.010939806,0.013257187,5.908994
8424,2026-08-14,0.075508945,0.09500839,0.012805188,0.011782177,5.8962855
6671,2026-08-14,0.05123609,0.042914476,0.008690428,0.0085562775,5.895014
4432,2026-08-14,0.06354246,0.10091007,0.010799564,0.0101138605,5.8832536
7794,2026-08-14,0.062608756,0.0783955,0.010645562,0.011365092,5.880655
4535,2026-08-14,0.055957176,0.080812626,0.009544783,0.009575889,5.8619785
5493,2026-08-14,0.06418905,0.08520181,0.010963523,0.014230642,5.854249
2101,2026-08-14,0.07156264,0.04979748,0.012270069,0.012038735,5.831818
4402,2026-08-14,0.054121803,0.035774868,0.009282295,0.010184425,5.830021
6641,2026-08-14,0.053978205,0.06949954,0.009266318,0.011736156,5.824577
3499,2026-08-14,0.043654904,0.057049226,0.007507743,0.0075310273,5.8138766
1773,2026-08-14,0.057136413,0.06591148,0.009833872,0.009778166,5.809573
2850,2026-08-14,0.05913286,0.06303474,0.010180881,0.010011765,5.8076553
6523,2026-08-14,0.049674153,0.052692633,0.00857123,0.0071617085,5.794776
1623,2026-08-14,0.047987793,0.05446042,0.008284678,0.010124936,5.7916555
8403,2026-08-14,0.053185973,0.06141774,0.009198701,0.008428609,5.781272
2453,2026-08-14,0.06262571,0.04989712,0.010837083,0.008780623,5.7783017
6625,2026-08-14,0.06424608,0.085437015,0.011167744,0.010899827,5.7523103
5234,2026-08-14,0.059579697,0.05755877,0.010359124,0.011872557,5.750867
3083,2026-08-14,0.042427618,0.02118956,0.007377476,0.006543662,5.7501874
3227,2026-08-14,0.06119525,0.04621006,0.010658943,0.01241899,5.740673
8147,2026-08-14,0.058339756,0.054084722,0.01018568,0.009250883,5.727062
8928,2026-08-14,0.05938747,0.084406346,0.010409223,0.0143365385,5.704726
2734,2026-08-14,0.04713912,0.064811006,0.008275689,0.012167709,5.695408
2488,2026-08-14,0.052298944,0.069472566,0.009216597,0.009921396,5.6738153
4953,2026-08-14,0.061450444,0.07106576,0.010857905,0.012052913,5.6589904
9911,2026-08-14,0.052997906,0.052809715,0.009368312,0.0075319703,5.656542
4550,2026-08-14,0.06950968,0.074596524,0.012338613,0.010309161,5.6330514
3557,2026-08-14,0.053891703,0.05171583,0.0095932055,0.006977069,5.6171093
6612,2026-08-14,0.047154922,0.06689322,0.00839853,0.0088231,5.613995
3232,2026-08-14,0.048794374,0.047422323,0.008704184,0.00927634,5.605209
8059,2026-08-14,0.063194595,0.04918444,0.011277664,0.00984581,5.603021
2013,2026-08-14,0.050549906,0.051842295,0.009035634,0.009184039,5.5938864
7715,2026-08-14,0.06326048,0.04303766,0.011338427,0.011560712,5.5788074
6220,2026-08-14,0.047525723,0.05484551,0.008518173,0.008976921,5.5786777
3437,2026-08-14,0.039800406,0.045388997,0.007144247,0.0076911794,5.5701933
9941,2026-08-14,0.055682216,0.07135896,0.010024956,0.011431781,5.553806
6720,2026-08-14,0.035704575,0.035064645,0.0064914622,0.0073774178,5.499389
0055,2026-08-14,0.10964791,0.158955,0.019955626,0.019272244,5.494311
2433,2026-08-14,0.044414077,0.04774582,0.0080838185,0.0075138942,5.4935155
1454,2026-08-14,0.049656764,0.04168103,0.009076609,0.007375119,5.470247
5355,2026-08-14,0.0645598,0.06892863,0.011809672,0.013025932,5.4662256
5410,2026-08-14,0.06297848,0.06368645,0.011533603,0.010496429,5.4599605
8067,2026-08-14,0.0718771,0.047054656,0.013177999,0.010150637,5.453912
6167,2026-08-14,0.09850475,0.10843527,0.018121121,0.015948502,5.435608
6655,2026-08-14,0.045129213,0.03905181,0.0083059305,0.008850725,5.4327183
4961,2026-08-14,0.049182024,0.04621488,0.009056549,0.010155766,5.4299483
4104,2026-08-14,0.049682952,0.067342065,0.009151938,0.008846045,5.4280877
6803,2026-08-14,0.052733388,0.048852485,0.009719884,0.010776681,5.424752
5016,2026-08-14,0.05522352,0.076553345,0.010180056,0.009359509,5.4241447
6183,2026-08-14,0.054547854,0.06874378,0.01010579,0.012305035,5.397149
8092,2026-08-14,0.048821613,0.035335947,0.009058855,0.008555028,5.3887854
4766,2026-08-14,0.05188102,0.06546475,0.009651067,0.009244152,5.37512
3317,2026-08-14,0.054467462,0.05697351,0.010134676,0.011536305,5.373836
2379,2026-08-14,0.04596088,0.036684148,0.0085756285,0.010913741,5.3588514
3073,2026-08-14,0.05936606,0.070730515,0.01107728,0.010536332,5.3587794
6679,2026-08-14,0.051566005,0.04785949,0.009623199,0.010574991,5.357953
1752,2026-08-14,0.06475237,0.079153314,0.012110314,0.012408385,5.346436
2941,2026-08-14,0.04386697,0.038262587,0.008205933,0.010189107,5.3451114
8201,2026-08-14,0.056757085,0.07065932,0.0106216185,0.009197305,5.343041
8083,2026-08-14,0.051675994,0.04693115,0.009671287,0.009671974,5.342686
1340,2026-08-14,0.0468906,0.046632074,0.008780869,0.008227037,5.3394785
4770,2026-08-14,0.04305513,0.044701353,0.008078079,0.009786433,5.3292127
6606,2026-08-14,0.06681325,0.0934293,0.01255207,0.011061041,5.322463
2618,2026-08-14,0.050474383,0.039777365,0.0094860485,0.010432879,5.3203464
5278,2026-08-14,0.047758207,0.05876361,0.008990795,0.0078053423,5.3113093
7753,2026-08-14,0.07686125,0.07986626,0.014477675,0.017534958,5.308583
4129,2026-08-14,0.053590003,0.058168534,0.010104008,0.0070620812,5.3033113
6573,2026-08-14,0.05783012,0.056171756,0.011000844,0.011395044,5.2564025
2901,2026-08-14,0.052891184,0.04296131,0.010075058,0.008849237,5.249194
6195,2026-08-14,0.0620348,0.07946598,0.011827899,0.01198546,5.244343
6843,2026-08-14,0.052056152,0.061843548,0.009936891,0.009006846,5.238149
5489,2026-08-14,0.04777024,0.052688662,0.009124285,0.008952498,5.2349315
6435,2026-08-14,0.061576206,0.070517875,0.011776489,0.0146735385,5.2282963
6590,2026-08-14,0.062295016,0.07304724,0.011914336,0.011349116,5.2281375
4116,2026-08-14,0.04145961,0.052870505,0.00793862,0.010548979,5.2218633
6534,2026-08-14,0.04876895,0.05991445,0.009338888,0.009513339,5.221577
1587,2026-08-14,0.049967717,0.059439436,0.009576606,0.008709641,5.2171407
2235,2026-08-14,0.051953204,0.063484445,0.009959542,0.009647865,5.215901
9960,2026-08-14,0.045779623,0.03638554,0.008796178,0.008441182,5.2038984
2316,2026-08-14,0.05126474,0.044521976,0.009850414,0.009634607,5.2037954
2542,2026-08-14,0.04937277,0.05582704,0.009491092,0.01222599,5.2014637
2415,2026-08-14,0.048031457,0.032831777,0.00925848,0.00837927,5.1872735
1342,2026-08-14,0.0514177,0.07321992,0.00993865,0.008653892,5.172989
6283,2026-08-14,0.04663616,0.052430607,0.009061594,0.010512849,5.1460056
3306,2026-08-14,0.053360455,0.07562534,0.010374716,0.0104083195,5.1428213
4161,2026-08-14,0.065910436,0.090001255,0.012831069,0.016662775,5.136384
2506,2026-08-14,0.046212785,0.05085446,0.009025904,0.008197441,5.1194496
6708,2026-08-14,0.06983521,0.0707187,0.013692163,0.011314246,5.1000056
3095,2026-08-14,0.0466678,0.040666718,0.009160446,0.011421175,5.0939336
8367,2026-08-14,0.0388383,0.037231695,0.0076249638,0.007079571,5.092904
4430,2026-08-14,0.05292941,0.074850276,0.01040163,0.011899606,5.0880795
5315,2026-08-14,0.04846262,0.035176113,0.00954245,0.009485551,5.078102
5603,2026-08-14,0.050900333,0.05455386,0.010030101,0.010560057,5.0742517
5203,2026-08-14,0.044634532,0.024940213,0.008809794,0.0063518668,5.065892
2752,2026-08-14,0.057684675,0.075334325,0.011390531,0.011916052,5.063821
8109,2026-08-14,0.04561172,0.059151616,0.009010989,0.010735403,5.0612264
2609,2026-08-14,0.04443284,0.05157226,0.008778104,0.008069853,5.0612044
4153,2026-08-14,0.058271654,0.08720916,0.01152424,0.013678774,5.0560036
4205,2026-08-14,0.04685991,0.06371897,0.009280881,0.009568539,5.048536
4545,2026-08-14,0.03876172,0.03080274,0.0076829656,0.009019773,5.044494
3135,2026-08-14,0.05110193,0.026094781,0.010170813,0.0076652854,5.023876
6835,2026-08-14,0.06381047,0.066860676,0.012710617,0.012863031,5.0198545
3021,2026-08-14,0.06093333,0.06315945,0.01214931,0.0089679565,5.014961
1784,2026-08-14,0.044738617,0.048955336,0.008920951,0.009798357,5.0144434
1232,2026-08-14,0.040684033,0.02904997,0.008115489,0.008878624,5.012516
1760,2026-08-14,0.02820458,0.01845477,0.005630716,0.006634365,5.008168
3040,2026-08-14,0.05080088,0.059808396,0.01015244,0.010243632,5.003317
4754,2026-08-14,0.05264413,0.083643846,0.010590076,0.0105900075,4.9706116
6123,2026-08-14,0.067015044,0.09460904,0.013483555,0.015695695,4.969763
3257,2026-08-14,0.049862664,0.045458365,0.010060508,0.009592689,4.9557843
6585,2026-08-14,0.061095595,0.05857553,0.0123658655,0.011039623,4.940265
6275,2026-08-14,0.05045468,0.047931783,0.0102173025,0.009362173,4.9376774
2748,2026-08-14,0.035804484,0.040866222,0.0072602406,0.009745847,4.930905
5460,2026-08-14,0.053842615,0.06696986,0.010918978,0.010380307,4.9306526
2390,2026-08-14,0.04369139,0.038691815,0.008861157,0.00892561,4.9301076
5904,2026-08-14,0.057538427,0.052179378,0.011682939,0.013539367,4.9245744
1473,2026-08-14,0.055496976,0.065373234,0.011307497,0.011173348,4.9075465
6844,2026-08-14,0.04556149,0.067193545,0.0092891045,0.0092237145,4.904303
3289,2026-08-14,0.050490137,0.038729884,0.010320716,0.011939767,4.8916416
8011,2026-08-14,0.0368778,0.029881198,0.007542149,0.008482427,4.888913
8410,2026-08-14,0.038521107,0.054094866,0.007899306,0.008949072,4.8759007
2442,2026-08-14,0.057764795,0.07927428,0.011863135,0.010411184,4.8688583
4935,2026-08-14,0.049183693,0.052072637,0.010121275,0.009455606,4.8589563
2444,2026-08-14,0.051376265,0.053056423,0.010578052,0.007448754,4.856415
1110,2026-08-14,0.041712712,0.03642665,0.008600611,0.008153911,4.8494067
1733,2026-08-14,0.044937115,0.038584,0.0092691425,0.007729435,4.847511
3224,2026-08-14,0.048203357,0.049408443,0.0099660605,0.011294371,4.836266
9937,2026-08-14,0.032444116,0.028832268,0.006712581,0.0094209695,4.8326097
8091,2026-08-14,0.07514574,0.066642046,0.015565797,0.010048081,4.8273087
6577,2026-08-14,0.051774535,0.05004376,0.0107403165,0.012833802,4.8201294
6996,2026-08-14,0.094919644,0.08206205,0.0196941,0.017899843,4.819455
6281,2026-08-14,0.05615343,0.060342554,0.011674673,0.0093790805,4.809438
3591,2026-08-14,0.05459434,0.03978254,0.011379972,0.011227166,4.7969837
5487,2026-08-14,0.05169667,0.050544422,0.010790796,0.009124015,4.7903676
5878,2026-08-14,0.04657031,0.057415478,0.009724185,0.011888053,4.7886295
6732,2026-08-14,0.036681946,0.054479804,0.0076838466,0.014523604,4.773283
2755,2026-08-14,0.053887866,0.07324498,0.011296013,0.00908595,4.770098
7718,2026-08-14,0.059982102,0.08005382,0.012573662,0.008892984,4.7700768
6988,2026-08-14,0.037057176,0.03989146,0.007777743,0.008549039,4.763903
1319,2026-08-14,0.048453145,0.052141037,0.0101987375,0.01143812,4.7504306
6154,2026-08-14,0.050975356,0.078300826,0.010747538,0.011303105,4.7425385
7786,2026-08-14,0.064621076,0.04571422,0.013654223,0.015256024,4.732334
3709,2026-08-14,0.040383637,0.016021,0.008535554,0.0123917,4.730672
2363,2026-08-14,0.040936258,0.045459326,0.00865539,0.012776414,4.729022
9905,2026-08-14,0.065938935,0.09551862,0.013943459,0.013987088,4.7286835
7765,2026-08-14,0.06815645,0.0720075,0.014420742,0.016222147,4.725951
4907,2026-08-14,0.050311733,0.07334042,0.010662642,0.0116186235,4.7180624
3597,2026-08-14,0.052688394,0.07584132,0.011186878,0.011452811,4.709418
6799,2026-08-14,0.04586436,0.042868838,0.009739112,0.008393173,4.708812
3686,2026-08-14,0.058969576,0.057263616,0.01254334,0.008116315,4.700891
1419,2026-08-14,0.04352304,0.047622595,0.009270072,0.010546791,4.694499
4441,2026-08-14,0.04573741,0.066567376,0.009771068,0.011259357,4.6804233
6189,2026-08-14,0.04088049,0.04956473,0.008753771,0.009954931,4.66951
6574,2026-08-14,0.058371603,0.039225157,0.012513739,0.009543728,4.6642284
9926,2026-08-14,0.047846064,0.043680333,0.010271519,0.0076664975,4.6576757
1457,2026-08-14,0.038575068,0.044920824,0.008285809,0.008644477,4.6549964
5314,2026-08-14,0.063043825,0.053276043,0.013543007,0.014830028,4.6547394
2726,2026-08-14,0.054468393,0.060463738,0.011749649,0.009586443,4.6353517
1796,2026-08-14,0.042703256,0.048614003,0.009218356,0.011033924,4.631913
3354,2026-08-14,0.038976677,0.05168839,0.008427707,0.00826167,4.624277
3552,2026-08-14,0.04124876,0.040636275,0.008927926,0.010132625,4.6196775
3522,2026-08-14,0.033699565,0.034793634,0.0073106615,0.0070676417,4.609016
6024,2026-08-14,0.04304455,0.044675253,0.0093401335,0.010164904,4.6080647
8349,2026-08-14,0.040895924,0.032713506,0.0088750655,0.008474738,4.607438
8024,2026-08-14,0.039456006,0.028049923,0.008575137,0.007925559,4.6006737
4173,2026-08-14,0.041059334,0.027273389,0.008930609,0.008591405,4.5970817
2347,2026-08-14,0.051079944,0.022549486,0.011115979,0.010507478,4.594768
4160,2026-08-14,0.053470246,0.057388816,0.0116421,0.012732411,4.5924406
1535,2026-08-14,0.043903332,0.04417468,0.009578155,0.009040951,4.583215
5876,2026-08-14,0.051477846,0.034448996,0.01124222,0.011175051,4.5785675
2431,2026-08-14,0.041689932,0.047779936,0.009104543,0.008752491,4.578522
7712,2026-08-14,0.06921813,0.07978567,0.0151325,0.0131244585,4.573835
3308,2026-08-14,0.041812066,0.043618567,0.009145285,0.011064895,4.5714808
1402,2026-08-14,0.044930257,0.037681732,0.009832998,0.009952802,4.5688696
6908,2026-08-14,0.052352276,0.054139495,0.011458125,0.009699016,4.56861
1476,2026-08-14,0.040358488,0.018553494,0.008833323,0.008959833,4.5683737
3527,2026-08-14,0.052014086,0.054720346,0.011403711,0.0099780625,4.5607543
3004,2026-08-14,0.044574782,0.045404624,0.009782065,0.0107142795,4.5563207
1465,2026-08-14,0.039773855,0.03462656,0.008733725,0.0083976025,4.5535326
6725,2026-08-14,0.041068595,0.034219436,0.009022138,0.0102930935,4.5514755
7705,2026-08-14,0.04418843,0.041971818,0.009718176,0.00891448,4.5465198
3114,2026-08-14,0.0427124,0.020327361,0.009407139,0.008020327,4.5399413
6869,2026-08-14,0.03201387,0.005674076,0.007056162,0.0075354227,4.536366
6227,2026-08-14,0.061348177,0.070613496,0.013543623,0.013198874,4.5293384
2603,2026-08-14,0.04644419,0.057028096,0.010281538,0.008350203,4.5168023
3171,2026-08-14,0.048909742,0.06069618,0.010836807,0.008981716,4.5128818
0052,2026-08-14,0.10693347,0.11470542,0.023729326,0.023855586,4.5061946
2707,2026-08-14,0.04685867,0.040157776,0.010410323,0.0111282095,4.500741
1737,2026-08-14,0.03333443,0.03877384,0.007428579,0.00686855,4.4867187
5284,2026-08-14,0.046099488,0.037249763,0.010277686,0.009496815,4.484959
8249,2026-08-14,0.046997152,0.04566536,0.0105041955,0.009802136,4.473706
5706,2026-08-14,0.050329734,0.05510866,0.011255458,0.010616686,4.471187
3528,2026-08-14,0.041041613,0.04857533,0.009185836,0.00822552,4.4674373
6188,2026-08-14,0.037683997,0.030616175,0.008444109,0.0067803655,4.4622273
5258,2026-08-14,0.042605694,0.02169276,0.009579871,0.009285148,4.4469543
2702,2026-08-14,0.035106756,0.03157183,0.0079017915,0.00678699,4.442323
8415,2026-08-14,0.04992037,0.04875504,0.011245349,0.010209748,4.4388065
8923,2026-08-14,0.038292043,0.03813275,0.0086344,0.009102379,4.4343104
3162,2026-08-14,0.048815545,0.039244935,0.01101286,0.011830597,4.4321923
8916,2026-08-14,0.04460205,0.03424781,0.010062875,0.011907707,4.431896
2008,2026-08-14,0.03779431,0.037704132,0.008535048,0.0092316875,4.4276123
3556,2026-08-14,0.040576674,0.054753337,0.0091705825,0.01053819,4.4241734
1474,2026-08-14,0.04487785,0.030834783,0.0101461215,0.008384566,4.422717
4438,2026-08-14,0.036279026,0.040008243,0.008219209,0.006739397,4.413395
3438,2026-08-14,0.037198987,0.037820928,0.008456784,0.011082136,4.3981953
6485,2026-08-14,0.041277837,0.031371925,0.009402197,0.00815085,4.389766
3702,2026-08-14,0.05782415,0.037464816,0.013173703,0.01262613,4.3890285
3713,2026-08-14,0.04278411,0.058040723,0.009771633,0.009644714,4.377951
2906,2026-08-14,0.042397693,0.06133868,0.009688637,0.008915631,4.375571
3325,2026-08-14,0.045310553,0.033776667,0.010363196,0.009614191,4.3718348
4714,2026-08-14,0.055061784,0.056286238,0.0125988405,0.009817832,4.370038
8255,2026-08-14,0.033604678,0.04360536,0.007692625,0.01013022,4.3678603
6279,2026-08-14,0.05941443,0.0785692,0.013612062,0.010600714,4.3645163
6670,2026-08-14,0.04212862,0.03435971,0.009667829,0.006918144,4.357158
4440,2026-08-14,0.0419501,0.0434948,0.009631429,0.013352686,4.35509
3531,2026-08-14,0.04080428,0.044733293,0.009382579,0.008731262,4.3484774
6712,2026-08-14,0.052364714,0.036225166,0.012069591,0.010990841,4.3382063
1615,2026-08-14,0.043145128,0.06504245,0.009947642,0.0096731065,4.336786
1785,2026-08-14,0.03752331,0.0058013676,0.008655623,0.009543497,4.334636
2250,2026-08-14,0.04039098,0.060817633,0.009340785,0.009555343,4.3236895
2640,2026-08-14,0.05196886,0.068342164,0.01202093,0.009296231,4.3228383
4968,2026-08-14,0.041541707,0.02254022,0.009621385,0.009420784,4.3171945
4155,2026-08-14,0.042849656,0.05263583,0.009933042,0.0071678725,4.313416
6629,2026-08-14,0.046615448,0.057074625,0.0108254505,0.009182095,4.3057
2017,2026-08-14,0.034552764,0.02125462,0.008027468,0.0063208197,4.3037806
8034,2026-08-14,0.04091026,0.040630437,0.009513552,0.0089475745,4.2997565
3028,2026-08-14,0.043025315,0.026424952,0.010008116,0.0075760353,4.2986126
3002,2026-08-14,0.04693912,0.057997204,0.010933907,0.011145579,4.2925944
9950,2026-08-14,0.04048278,0.054211635,0.009434584,0.007644062,4.290437
5902,2026-08-14,0.043598346,0.06859127,0.010161291,0.009249562,4.2902083
6504,2026-08-14,0.037690364,0.02042274,0.008787877,0.006813052,4.2884164
2020,2026-08-14,0.03332428,0.0320233,0.0077715786,0.009075347,4.2874165
4528,2026-08-14,0.04161912,0.042792562,0.009716223,0.009246588,4.2830257
5306,2026-08-14,0.037623752,0.049378388,0.008831693,0.0069825323,4.2596016
8099,2026-08-14,0.033609763,0.0365252,0.007890614,0.0063874098,4.258921
8917,2026-08-14,0.032967743,0.053302895,0.0077527617,0.010255231,4.2518387
4538,2026-08-14,0.04769058,0.053434264,0.01123586,0.009699811,4.2441196
6841,2026-08-14,0.036339212,0.01763149,0.008566275,0.008252177,4.24163
5522,2026-08-14,0.033024278,0.036819465,0.0077930307,0.008618223,4.2371244
2072,2026-08-14,0.03740623,0.022442898,0.008827475,0.0087015545,4.2369976
2751,2026-08-14,0.04942204,0.08272823,0.011674312,0.017854488,4.233038
9908,2026-08-14,0.032168403,0.03224885,0.0076013426,0.0070754634,4.2313805
1541,2026-08-14,0.04243581,0.050620146,0.010031285,0.008293751,4.2299247
6592,2026-08-14,0.03880271,0.05628159,0.009199532,0.007904093,4.217442
1708,2026-08-14,0.041381337,0.023973105,0.00983034,0.009718425,4.2091246
6126,2026-08-14,0.061219946,0.04629382,0.014582492,0.010683567,4.197893
8072,2026-08-14,0.042537153,0.051682293,0.010146835,0.009311402,4.1917467
1464,2026-08-14,0.03355456,0.026446125,0.008028641,0.008286843,4.178837
2945,2026-08-14,0.04086264,0.028548844,0.009781094,0.0059168367,4.1772895
4806,2026-08-14,0.048325937,0.043764543,0.011574601,0.010614135,4.1748104
9931,2026-08-14,0.04833985,0.067500256,0.011598695,0.009841466,4.167338
2642,2026-08-14,0.038188633,0.03193115,0.009174173,0.010887203,4.1621704
9958,2026-08-14,0.046304043,0.013835931,0.011131591,0.009854458,4.159323
6735,2026-08-14,0.03854804,0.03393374,0.009299967,0.010231863,4.1445193
1410,2026-08-14,0.04739281,0.04853986,0.01143702,0.011044276,4.143445
2539,2026-08-14,0.044316895,0.034191165,0.010713483,0.008382726,4.136167
2062,2026-08-14,0.0399779,0.040634107,0.009693494,0.01099446,4.1237736
1307,2026-08-14,0.043402858,0.026810324,0.010566007,0.010025825,4.1073933
9902,2026-08-14,0.053449925,0.059129644,0.0130188055,0.0095591275,4.105278
6578,2026-08-14,0.037571654,0.048165683,0.0091743,0.00822102,4.094869
8096,2026-08-14,0.038145836,0.0050374884,0.009345897,0.011847224,4.081123
5871,2026-08-14,0.041649766,0.044851225,0.010209658,0.010804309,4.079048
1512,2026-08-14,0.032564666,0.047755755,0.007982913,0.006786366,4.078785
4958,2026-08-14,0.045077443,0.029739937,0.01105182,0.009877926,4.078366
5529,2026-08-14,0.041594863,0.04534503,0.010200883,0.008976476,4.0771747
6115,2026-08-14,0.026264371,0.018515127,0.006449769,0.007894784,4.0715103
1264,2026-08-14,0.051569793,0.059813794,0.012684401,0.011652885,4.0652866
3512,2026-08-14,0.039473426,0.059293773,0.009714793,0.009426924,4.0628104
3390,2026-08-14,0.043457076,0.031831004,0.01070772,0.010554469,4.0581017
1240,2026-08-14,0.03779811,0.0671866,0.009323229,0.0092733465,4.0537515
6233,2026-08-14,0.0354149,0.043939337,0.008745476,0.007012872,4.049048
8176,2026-08-14,0.03339173,0.057205994,0.0082484,0.008468984,4.0477767
7810,2026-08-14,0.037052274,0.049209084,0.009172103,0.01219853,4.03923
1432,2026-08-14,0.03613623,0.035419114,0.008950111,0.009564202,4.037066
8114,2026-08-14,0.03737314,0.0037038226,0.009258026,0.0095063085,4.036401
4439,2026-08-14,0.039724417,0.035657424,0.009849825,0.00778455,4.032598
8936,2026-08-14,0.031148426,0.014500981,0.007734473,0.007554385,4.0267
6790,2026-08-14,0.03021124,0.017765108,0.007502878,0.008362601,4.0260835
0056,2026-08-14,0.05817903,0.06278988,0.014458159,0.013057171,4.0236797
6569,2026-08-14,0.037199076,0.029113492,0.009250702,0.008951176,4.0207815
2880,2026-08-14,0.047300797,0.032171734,0.011768433,0.012385977,4.018953
6923,2026-08-14,0.039775975,0.045806732,0.00989947,0.009360667,4.0175843
2038,2026-08-14,0.042367388,0.050440557,0.010559581,0.009489053,4.0118423
6527,2026-08-14,0.048403643,0.073737465,0.012077206,0.012567247,4.0075192
2109,2026-08-14,0.04817691,0.068085894,0.012027033,0.012160102,4.005386
6885,2026-08-14,0.032021817,0.030154439,0.008009387,0.009465449,3.9975367
6821,2026-08-14,0.043681875,0.0436567,0.010939939,0.008189328,3.992516
4569,2026-08-14,0.035625767,0.034259375,0.00893024,0.0126604345,3.9888937
1522,2026-08-14,0.032286383,0.016292278,0.008103901,0.008746282,3.983563
4972,2026-08-14,0.041531485,0.048511513,0.0104418555,0.00913637,3.9770236
6114,2026-08-14,0.036999855,0.05868702,0.009311366,0.011028951,3.973196
3030,2026-08-14,0.05722259,0.04900794,0.014430261,0.011106056,3.9651828
8049,2026-08-14,0.05088829,0.07160256,0.012845089,0.01201145,3.9613838
2855,2026-08-14,0.038556527,0.03558569,0.009737862,0.0126871,3.959038
6605,2026-08-14,0.038540047,0.044858497,0.009751948,0.009273766,3.9516306
2520,2026-08-14,0.030652512,0.039330337,0.007763959,0.0073068785,3.9475434
1443,2026-08-14,0.03917926,0.019993456,0.009931078,0.009211653,3.9447193
2613,2026-08-14,0.028577419,0.035240445,0.0072894352,0.0071920613,3.919851
3013,2026-08-14,0.04096767,0.041790716,0.010496231,0.008144684,3.9027119
6128,2026-08-14,0.036948632,0.058466237,0.0094846105,0.007885333,3.8952296
6661,2026-08-14,0.04531741,0.047274027,0.011657543,0.010954846,3.8870564
1521,2026-08-14,0.047125634,0.062397767,0.012141977,0.012502295,3.880896
1723,2026-08-14,0.03613409,0.028834788,0.009315012,0.010089033,3.878708
5223,2026-08-14,0.033232182,0.040016033,0.008583524,0.009318268,3.8711734
9962,2026-08-14,0.049524166,0.076058276,0.01279853,0.013344492,3.8692174
6194,2026-08-14,0.05286007,0.06192641,0.0136905,0.011538405,3.8607948
1417,2026-08-14,0.039027214,0.0459319,0.010154921,0.009701961,3.842804
8481,2026-08-14,0.040903628,0.07446069,0.010645578,0.014174792,3.8419507
3031,2026-08-14,0.03290069,0.04123537,0.008574076,0.009566856,3.8367813
8068,2026-08-14,0.040021516,0.03877008,0.010430648,0.010800145,3.8365479
6754,2026-08-14,0.04060941,0.035171095,0.010623629,0.008608326,3.8221953
4942,2026-08-14,0.03400519,0.027522953,0.008943459,0.008103238,3.8018162
1215,2026-08-14,0.034658298,0.02789116,0.009122019,0.009627826,3.7989943
8411,2026-08-14,0.030260758,0.03137302,0.007989791,0.008608746,3.786954
2007,2026-08-14,0.025396556,0.026124982,0.006733314,0.008081183,3.7712164
5519,2026-08-14,0.033449173,0.025800051,0.008886237,0.009656053,3.7637315
1721,2026-08-14,0.031632833,0.046512064,0.008421923,0.009417522,3.7555647
3533,2026-08-14,0.04374136,0.020853614,0.0116744405,0.011808318,3.7464418
2636,2026-08-14,0.04280388,0.068952404,0.011426112,0.011237887,3.745818
6645,2026-08-14,0.037562363,0.051063243,0.010032531,0.009473385,3.7436833
4106,2026-08-14,0.040085338,0.056784295,0.0107235545,0.008861765,3.7377157
1321,2026-08-14,0.030706208,0.035577152,0.0082164565,0.009479021,3.7367046
4912,2026-08-14,0.032928124,0.045412723,0.008825581,0.009106629,3.7305639
3479,2026-08-14,0.05390332,0.047427613,0.014488105,0.0153226545,3.7202656
3372,2026-08-14,0.044548456,0.04773792,0.011995545,0.01143155,3.7134404
2516,2026-08-14,0.028917225,0.040026832,0.0077926256,0.010745483,3.7103689
4999,2026-08-14,0.030917577,0.039387487,0.008331954,0.00961699,3.7102783
8436,2026-08-14,0.040463526,0.04462146,0.010924624,0.00816288,3.7035434
3673,2026-08-14,0.036470756,0.02053559,0.009847436,0.010023012,3.7032027
4702,2026-08-14,0.040332366,0.049742978,0.010895449,0.011433176,3.701423
1268,2026-08-14,0.033753276,0.062718615,0.009120797,0.009151201,3.700288
5604,2026-08-14,0.03307474,0.0551224,0.008940784,0.009088895,3.6988971
5285,2026-08-14,0.04456037,0.05077821,0.012066372,0.014255175,3.6926324
3023,2026-08-14,0.026385963,0.016053312,0.0071619307,0.0071445415,3.6836827
2404,2026-08-14,0.042319324,0.04350004,0.01150075,0.012782087,3.6793814
6139,2026-08-14,0.031681694,0.020656021,0.008614119,0.0077603688,3.6774528
6591,2026-08-14,0.041060686,0.0413811,0.011172935,0.013015205,3.6746843
2471,2026-08-14,0.03466239,0.05652429,0.009435305,0.008965226,3.6733007
6197,2026-08-14,0.039734785,0.033250358,0.010826143,0.011941157,3.669923
7642,2026-08-14,0.03333594,0.053856384,0.009102483,0.0105974935,3.6618881
5512,2026-08-14,0.02901619,0.026182497,0.0079312995,0.008608986,3.6579795
3485,2026-08-14,0.04150235,0.048187766,0.011386108,0.010099869,3.6446786
6216,2026-08-14,0.041256346,0.047508534,0.011336767,0.012882538,3.638842
3272,2026-08-14,0.04022642,0.036773425,0.011057453,0.010512545,3.637617
3516,2026-08-14,0.028835451,0.009429242,0.0079302415,0.008490408,3.6356792
2884,2026-08-14,0.039207425,0.031279977,0.010796974,0.011320947,3.6309981
3632,2026-08-14,0.04619653,0.02743619,0.012722672,0.009648218,3.6307547
6788,2026-08-14,0.038102683,0.04120556,0.010515723,0.009453208,3.6230564
1614,2026-08-14,0.02621804,0.01649678,0.007240763,0.009960086,3.6203947
3324,2026-08-14,0.035713222,0.027671954,0.009867551,0.010656144,3.6188922
4121,2026-08-14,0.039749082,0.044802308,0.01103656,0.0083225295,3.6012561
3128,2026-08-14,0.03210205,0.052794304,0.008913307,0.009959341,3.6011825
8240,2026-08-14,0.034535598,0.043312695,0.009615818,0.009162748,3.5911667
7743,2026-08-14,0.031012671,0.055440467,0.0086445995,0.0097956015,3.5871046
8464,2026-08-14,0.030720595,0.026572566,0.008567748,0.009768507,3.5851908
2615,2026-08-14,0.034861922,0.03765961,0.009732127,0.008694991,3.5817802
4755,2026-08-14,0.031504426,0.038762514,0.008803528,0.009217821,3.5782073
3213,2026-08-14,0.03223177,0.042969238,0.009072943,0.008369064,3.552124
1446,2026-08-14,0.03345944,0.039757244,0.0094356155,0.008462358,3.5457034
0057,2026-08-14,0.07241391,0.10964597,0.020472642,0.025945198,3.5369332
2926,2026-08-14,0.02919616,0.015322551,0.008286573,0.008578775,3.5228841
2641,2026-08-14,0.035542496,0.04252278,0.0100910235,0.008807659,3.5218403
9945,2026-08-14,0.034940977,0.039377157,0.009933578,0.009813532,3.5171072
6961,2026-08-14,0.035273347,0.03898073,0.010048005,0.012462972,3.5101333
6863,2026-08-14,0.031470068,-0.004496968,0.008979317,0.011444654,3.5043383
2032,2026-08-14,0.037466623,0.040598672,0.01075367,0.008981972,3.483754
2476,2026-08-14,0.040236387,0.030785756,0.011549864,0.009392061,3.4834092
1453,2026-08-14,0.04550098,0.05843216,0.013062955,0.011152881,3.4829404
1463,2026-08-14,0.042716783,0.055624604,0.012265227,0.012251154,3.4824712
4192,2026-08-14,0.029761052,0.03542751,0.008554947,0.00801986,3.4784055
2015,2026-08-14,0.03447571,0.011058378,0.009940545,0.008795902,3.467842
2607,2026-08-14,0.03954765,0.06773924,0.0114690885,0.012399968,3.4478939
8996,2026-08-14,0.032300714,0.028917508,0.009372543,0.009924137,3.445945
4162,2026-08-14,0.038205586,0.04047765,0.011091226,0.008610901,3.444357
6196,2026-08-14,0.036347095,0.039843943,0.01057598,0.00934939,3.436434
6509,2026-08-14,0.039091226,0.050818816,0.011376495,0.014162254,3.4358377
3625,2026-08-14,0.04394405,0.025694966,0.012837629,0.010932299,3.422799
6412,2026-08-14,0.04579207,0.048886854,0.01341115,0.014441544,3.4142227
8042,2026-08-14,0.045864437,0.054494802,0.013449772,0.01480396,3.4097996
1781,2026-08-14,0.029987304,0.021110738,0.0088143395,0.008101755,3.4017184
6904,2026-08-14,0.028865518,0.061496112,0.00849616,0.009279757,3.3970783
5244,2026-08-14,0.031387977,0.032789126,0.009259749,0.0073814406,3.3893561
9943,2026-08-14,0.031216936,0.019371724,0.009209505,0.0077423225,3.389275
3360,2026-08-14,0.048257582,0.054134376,0.014271316,0.013227059,3.3812017
2633,2026-08-14,0.038399305,0.027964467,0.011407552,0.011911649,3.365835
4502,2026-08-14,0.029599817,0.041382503,0.00879356,0.008556958,3.3656962
2069,2026-08-14,0.034429606,0.061164536,0.010252072,0.011665031,3.3579795
1338,2026-08-14,0.028499149,0.011442562,0.008519689,0.008338969,3.3447
8927,2026-08-14,0.030875932,0.026966933,0.009254283,0.010381067,3.336033
5344,2026-08-14,0.027569536,0.021290055,0.008269925,0.009072896,3.3333075
3691,2026-08-14,0.056248363,0.062074922,0.01703859,0.01770035,3.3010397
1471,2026-08-14,0.0358987,0.047095228,0.010891658,0.007386393,3.2956784
6228,2026-08-14,0.031494517,0.030023716,0.009557907,0.008161051,3.2947824
6526,2026-08-14,0.026819794,0.008365697,0.00817716,0.010706648,3.2794409
7728,2026-08-14,0.025751527,0.01869593,0.007855595,0.009258608,3.2776954
5516,2026-08-14,0.035056107,0.04812459,0.010696484,0.009732598,3.2770422
1805,2026-08-14,0.03413806,0.05440422,0.010449988,0.00943188,3.2664912
8440,2026-08-14,0.026926247,0.051652323,0.00825044,0.009391492,3.2632182
6165,2026-08-14,0.0314226,0.029287735,0.009651206,0.012203201,3.2554836
6962,2026-08-14,0.033474315,0.0063837627,0.010299156,0.011236272,3.2498841
5386,2026-08-14,0.04635543,0.04736178,0.01431752,0.012792606,3.2374456
8277,2026-08-14,0.019724803,0.029713416,0.0060992106,0.008496401,3.2334628
6470,2026-08-14,0.022107406,0.0032949478,0.00684106,0.011507675,3.231104
6208,2026-08-14,0.028325219,0.022586463,0.008785396,0.008676765,3.2237585
4966,2026-08-14,0.040166605,0.02955137,0.012471077,0.0109113315,3.2205224
5439,2026-08-14,0.032067195,0.04009103,0.00996594,0.014815666,3.2173557
4909,2026-08-14,0.025516748,0.035605095,0.007930098,0.0114891725,3.2173033
5269,2026-08-14,0.029165076,0.013611455,0.009095572,0.007787714,3.206161
5364,2026-08-14,0.035740424,0.03755369,0.011193858,0.008228246,3.1925747
7769,2026-08-14,0.022267705,0.018876601,0.007000431,0.00986105,3.1804507
3138,2026-08-14,0.02971936,0.029890664,0.009353424,0.008068169,3.1770377
2106,2026-08-14,0.023658749,0.007801899,0.007459046,0.010281836,3.1713946
8088,2026-08-14,0.032015987,0.029994814,0.010098317,0.0118253175,3.170114
5289,2026-08-14,0.039240424,0.032685988,0.01237908,0.013442858,3.169642
3311,2026-08-14,0.026866864,0.030216277,0.008497511,0.009251959,3.1613612
4736,2026-08-14,0.034497697,0.064778365,0.010952751,0.009571092,3.1493957
8086,2026-08-14,0.031763077,0.003998237,0.010134553,0.012855118,3.1338277
2006,2026-08-14,0.03424202,0.024470575,0.010936036,0.011563636,3.1308317
7805,2026-08-14,0.026894195,0.03076994,0.008598544,0.008560075,3.1273978
6674,2026-08-14,0.025475414,0.012328223,0.008168453,0.008910504,3.1183743
8171,2026-08-14,0.033637986,0.02651437,0.010821582,0.007813361,3.1081295
7610,2026-08-14,0.02723452,0.024657635,0.008768191,0.011850208,3.105705
1742,2026-08-14,0.028588932,0.039591122,0.009212974,0.008453875,3.1027796
6649,2026-08-14,0.02853587,0.017402513,0.009197115,0.00972614,3.1023607
4956,2026-08-14,0.031531516,0.020238178,0.010163927,0.008939267,3.1019912
7782,2026-08-14,0.026696825,0.029153137,0.008610629,0.009197299,3.10009
4934,2026-08-14,0.029292138,0.04078036,0.009472553,0.010651376,3.0919907
6170,2026-08-14,0.03379512,0.0459081,0.010943606,0.010345408,3.0878334
2614,2026-08-14,0.02972565,0.029718952,0.00967119,0.01120526,3.0733113
4745,2026-08-14,0.03622271,0.04820645,0.011787459,0.0109968595,3.0727265
6953,2026-08-14,0.027583968,0.047683433,0.0089850295,0.010886998,3.0696502
3483,2026-08-14,0.04293615,0.03377379,0.014012109,0.006373894,3.063999
4164,2026-08-14,0.025731735,0.027585836,0.0083991345,0.0084598875,3.0632527
3266,2026-08-14,0.027477177,0.05295492,0.008969474,0.008714007,3.0630686
6968,2026-08-14,0.07958069,0.086601935,0.026079532,0.021837236,3.0513444
2501,2026-08-14,0.02468749,0.03427148,0.008094056,0.008475191,3.0496998
4551,2026-08-14,0.034327444,0.031424943,0.01126786,0.010640685,3.0462213
5287,2026-08-14,0.031166209,0.055020254,0.0102497265,0.011864334,3.0403903
3511,2026-08-14,0.020061111,0.02705373,0.0066002226,0.006735218,3.0389996
3645,2026-08-14,0.03281227,0.017702423,0.010842939,0.010542031,3.0258627
6266,2026-08-14,0.041176733,0.06486163,0.013613222,0.015479639,3.024538
1906,2026-08-14,0.02882421,0.041448083,0.009539717,0.010510051,3.0211785
2705,2026-08-14,0.026097039,0.026302468,0.008654338,0.009010583,3.015138
8047,2026-08-14,0.029053012,0.032730766,0.009666465,0.0101891365,3.0052357
8437,2026-08-14,0.02578036,0.031172791,0.008606185,0.009602879,2.9952137
4109,2026-08-14,0.0356857,0.022724608,0.011917569,0.01161808,2.994126
1439,2026-08-14,0.027253134,0.032877173,0.009123932,0.009866014,2.9866672
1617,2026-08-14,0.025290744,0.035859425,0.008475417,0.009101652,2.9836595
7760,2026-08-14,0.025372554,0.02339527,0.008516134,0.00986121,2.9790013
8038,2026-08-14,0.032082584,0.035372235,0.010788054,0.010695909,2.9736233
2480,2026-08-14,0.026177796,0.031324506,0.008815877,0.009732486,2.9690552
1702,2026-08-14,0.020637937,0.0006293365,0.0069659417,0.008935898,2.9622664
5484,2026-08-14,0.026452575,0.026202967,0.008965255,0.010178496,2.9502368
2412,2026-08-14,0.029161552,-0.0032333436,0.009903288,0.012611054,2.944336
6862,2026-08-14,0.03697527,0.039923828,0.012565253,0.014484787,2.9424257
8272,2026-08-14,0.026912559,0.023761896,0.009186761,0.0095954565,2.9291747
2701,2026-08-14,0.019823015,0.018656729,0.006778125,0.007671799,2.924126
1203,2026-08-14,0.027931742,-0.0013104653,0.009551612,0.008432391,2.92399
6955,2026-08-14,0.033755135,0.04800766,0.011551409,0.007209811,2.921913
6570,2026-08-14,0.037013136,0.045501113,0.012715782,0.012726776,2.910574
3038,2026-08-14,0.03018416,0.030168457,0.010372158,0.007914145,2.9098332
7770,2026-08-14,0.03025964,0.042701,0.010411719,0.012843674,2.9060268
4527,2026-08-14,0.035215165,0.06641019,0.012122318,0.012024322,2.9047463
6449,2026-08-14,0.03278959,0.025007622,0.011295182,0.010067093,2.9027145
9939,2026-08-14,0.031709395,0.006509625,0.010924376,0.010300697,2.9023619
6918,2026-08-14,0.031044908,0.06086525,0.010697835,0.011536487,2.901709
6138,2026-08-14,0.042508617,0.04363804,0.014654493,0.012573317,2.9005246
6146,2026-08-14,0.027737757,0.03388263,0.0095632365,0.009196735,2.9001539
6698,2026-08-14,0.041465674,0.021822637,0.014310463,0.009999075,2.8973749
2207,2026-08-14,0.029024702,0.029274654,0.0100301495,0.011195908,2.8934572
6558,2026-08-14,0.025714345,0.021611137,0.008896193,0.009496236,2.890164
1735,2026-08-14,0.02512774,0.028293852,0.00870947,0.009911235,2.8847744
7821,2026-08-14,0.02538513,0.014976745,0.008799411,0.010584392,2.884539
4930,2026-08-14,0.029231275,0.028184133,0.010139946,0.008144618,2.8824997
3152,2026-08-14,0.029886572,0.026109152,0.010367508,0.009894561,2.882437
3017,2026-08-14,0.0361973,0.04513271,0.012582017,0.014623925,2.876679
3687,2026-08-14,0.017123332,0.012349707,0.0059522195,0.006199761,2.8763146
3321,2026-08-14,0.02794984,0.013268912,0.0097235935,0.008366906,2.8741395
8016,2026-08-14,0.020337842,0.019812005,0.007075968,0.010232064,2.8738074
3596,2026-08-14,0.034620356,0.014576737,0.012046374,0.008749657,2.8736846
2891,2026-08-14,0.022627356,0.01948864,0.00799251,0.007659799,2.830716
3594,2026-08-14,0.03967007,-0.0027108814,0.014044181,0.014995439,2.824461
6278,2026-08-14,0.028273912,0.024831235,0.0100094965,0.013102103,2.8244264
6560,2026-08-14,0.031580295,0.02199918,0.01118925,0.011788236,2.822126
1907,2026-08-14,0.031005928,0.019224485,0.011000418,0.010960257,2.8183575
4581,2026-08-14,0.02931646,0.013425197,0.010483586,0.010981194,2.7961485
3555,2026-08-14,0.04356082,0.058732502,0.015579356,0.013427174,2.795881
4721,2026-08-14,0.028646326,0.038833212,0.010263374,0.010036382,2.7908497
6241,2026-08-14,0.037051383,0.014832345,0.013283932,0.013716505,2.788978
8284,2026-08-14,0.028880369,0.06138962,0.010373982,0.009358211,2.783655
5202,2026-08-14,0.030648418,0.03446995,0.011026517,0.009963783,2.7792673
3056,2026-08-14,0.025158037,0.023385935,0.009061908,0.010645525,2.775934
3130,2026-08-14,0.025664592,0.039653905,0.00925717,0.010254265,2.7721019
8462,2026-08-14,0.031770576,0.054639563,0.011472385,0.014477597,2.7690673
2327,2026-08-14,0.03277356,0.019021042,0.0118622845,0.009376414,2.7626042
8454,2026-08-14,0.025471175,0.022310257,0.009238922,0.010061879,2.7566438
3005,2026-08-14,0.027806198,0.02976588,0.010119978,0.009085636,2.7473824
2727,2026-08-14,0.031989478,0.028780866,0.011689916,0.011337948,2.7362678
1558,2026-08-14,0.029943785,0.06516238,0.010944807,0.010454071,2.7356398
1583,2026-08-14,0.024727492,0.023667429,0.00905457,0.009072151,2.7306387
2722,2026-08-14,0.028662153,0.02740496,0.010501116,0.009524444,2.729179
6237,2026-08-14,0.027843487,0.0289288,0.010222381,0.0094739655,2.7235105
2382,2026-08-14,0.023011012,0.0188875,0.008470363,0.009602199,2.7163293
6902,2026-08-14,0.026763285,0.053915072,0.00990288,0.0120851705,2.702303
6264,2026-08-14,0.019183544,0.04080839,0.007169263,0.0069355876,2.6754313
6190,2026-08-14,0.023136334,0.015075476,0.008657245,0.009026033,2.6721737
2107,2026-08-14,0.022932285,0.033451814,0.008618391,0.008303141,2.6605458
6270,2026-08-14,0.03377681,0.051434692,0.012699071,0.01255888,2.6595762
6226,2026-08-14,0.031045126,0.008620956,0.0117064975,0.014478973,2.6517303
8064,2026-08-14,0.025110163,0.015680231,0.0095061725,0.012909279,2.6411808
9918,2026-08-14,0.025296055,0.03154001,0.009578998,0.009935773,2.6405072
6150,2026-08-14,0.024438871,0.052487854,0.009273625,0.011957867,2.6350253
6929,2026-08-14,0.022155873,0.022857238,0.008408834,0.0066589536,2.6345196
4711,2026-08-14,0.02665064,0.05824017,0.010132069,0.014393463,2.630066
8044,2026-08-14,0.020813914,0.007329946,0.007954529,0.010533454,2.616283
2885,2026-08-14,0.023027245,0.022094285,0.00880362,0.00992027,2.6153593
6596,2026-08-14,0.02510397,0.037122414,0.009629186,0.011391849,2.6067998
6982,2026-08-14,0.026765473,0.036214374,0.010359722,0.010407537,2.5833597
3150,2026-08-14,0.025375566,0.042329717,0.009843485,0.012084155,2.5776427
6512,2026-08-14,0.029889384,0.034458287,0.011616687,0.008647377,2.5727482
2886,2026-08-14,0.027874375,0.004935434,0.01091179,0.009692216,2.5542848
9935,2026-08-14,0.024329018,0.043297995,0.0095392,0.009085086,2.550158
4552,2026-08-14,0.018337112,0.014660491,0.007207027,0.007024272,2.543985
5011,2026-08-14,0.027345706,0.015857687,0.010759592,0.0077873818,2.5412827
0051,2026-08-14,0.029116066,0.05142432,0.01146711,0.015308017,2.538872
6472,2026-08-14,0.027198289,0.012980403,0.0107145775,0.0116102155,2.5382009
3530,2026-08-14,0.021687858,0.029404754,0.008547638,0.009516226,2.5369956
7703,2026-08-14,0.020646933,0.02520034,0.008149353,0.010136062,2.5332563
3467,2026-08-14,0.02572831,0.049033478,0.010175463,0.011797959,2.5282173
3060,2026-08-14,0.030575959,0.027988678,0.012133988,0.010414612,2.519653
1712,2026-08-14,0.020269275,0.016567001,0.008063862,0.009074837,2.513282
1442,2026-08-14,0.021781277,0.032122385,0.008665971,0.008602591,2.513136
5701,2026-08-14,0.0292132,0.030070458,0.011627144,0.011644648,2.5122838
3288,2026-08-14,0.025957279,-0.00516486,0.010368143,0.012412622,2.5033195
6486,2026-08-14,0.021663599,0.017412424,0.008677861,0.007891902,2.4961338
3029,2026-08-14,0.026883628,0.03625014,0.0107797645,0.009791544,2.4936662
6222,2026-08-14,0.027347457,0.021863265,0.010997672,0.007843402,2.4864326
1101,2026-08-14,0.021769313,0.016252924,0.008758495,0.007667409,2.4852247
4764,2026-08-14,0.027885048,-0.0020297621,0.01131294,0.012956197,2.4646628
3025,2026-08-14,0.023758741,0.03328172,0.009639394,0.009106465,2.464499
1903,2026-08-14,0.018060906,0.014712362,0.0073325047,0.00816072,2.4627934
7791,2026-08-14,0.017631613,-0.0015174168,0.007169262,0.0078620855,2.4589915
6728,2026-08-14,0.019555442,0.013301901,0.007969807,0.009854887,2.453383
4560,2026-08-14,0.02188507,0.02347662,0.008929642,0.010353436,2.4505594
4120,2026-08-14,0.026360849,0.047527984,0.010761547,0.010031401,2.4493132
6515,2026-08-14,0.028704574,0.026723487,0.011773268,0.010287017,2.4379072
1436,2026-08-14,0.018810935,0.016860763,0.007722103,0.008588259,2.4356706
4175,2026-08-14,0.028328713,0.040425763,0.011651462,0.0087663885,2.4311354
6231,2026-08-14,0.028540723,0.028894322,0.011762813,0.011432409,2.4261456
6739,2026-08-14,0.025140313,0.010430576,0.010411109,0.010006562,2.4145265
6122,2026-08-14,0.018275034,0.026676588,0.0075824363,0.006878598,2.4098618
5312,2026-08-14,0.02304893,0.023103934,0.009576286,0.008112482,2.4066243
6609,2026-08-14,0.022154892,0.018371452,0.009276651,0.008623944,2.387985
2637,2026-08-14,0.018888863,0.022210436,0.00790897,0.009896926,2.3879814
2724,2026-08-14,0.027824866,0.026054777,0.011734459,0.008457535,2.371008
7732,2026-08-14,0.027631652,0.021367643,0.01178742,0.0077964165,2.3439655
2908,2026-08-14,0.020274742,0.019510161,0.008659353,0.0077041835,2.3410988
9955,2026-08-14,0.020485217,0.0274149,0.008750576,0.008073455,2.3407462
5607,2026-08-14,0.024633558,0.04722087,0.010526215,0.0115287565,2.3399882
6756,2026-08-14,0.022705924,0.02698266,0.009715379,0.009785549,2.336871
7811,2026-08-14,0.017538082,0.0061825225,0.007507891,0.008518695,2.335642
6109,2026-08-14,0.023589117,0.04056515,0.010136678,0.010510542,2.3268757
4137,2026-08-14,0.0217447,0.010983183,0.009350112,0.009261787,2.3253598
1732,2026-08-14,0.024822416,0.019375999,0.010730448,0.012500548,2.3130536
3419,2026-08-14,0.016193954,0.029204967,0.007003207,0.007848079,2.3120325
3587,2026-08-14,0.026075952,-0.0017900468,0.011400662,0.011022191,2.2870307
6223,2026-08-14,0.018181829,0.01686229,0.007949874,0.010477849,2.286771
6944,2026-08-14,0.024669005,0.0036184727,0.010851999,0.0085066985,2.2730126
2736,2026-08-14,0.016263856,0.0063476064,0.0072041666,0.008294127,2.257249
6185,2026-08-14,0.019075144,0.0134608345,0.008513576,0.00695228,2.2402928
9940,2026-08-14,0.02309655,0.031701304,0.010318846,0.009755159,2.238071
6697,2026-08-14,0.02476376,0.052154105,0.011076649,0.011442188,2.2354708
6506,2026-08-14,0.025680069,0.05118278,0.011494849,0.008847294,2.2338557
8442,2026-08-14,0.02105189,0.023663212,0.0094311945,0.008561041,2.2319183
8443,2026-08-14,0.021211632,0.03897714,0.009513892,0.008638618,2.2293086
8908,2026-08-14,0.018856738,0.030511964,0.008464888,0.008046864,2.2273786
2115,2026-08-14,0.023326946,0.047592003,0.010485872,0.010175655,2.224395
6276,2026-08-14,0.020637898,0.020064311,0.009298365,0.011621923,2.2192802
6175,2026-08-14,0.020856401,0.026469905,0.00940881,0.01370295,2.2164528
5536,2026-08-14,0.024310632,0.00058533164,0.010978532,0.010471465,2.2141774
2355,2026-08-14,0.021222966,0.016799508,0.009597322,0.008479671,2.211112
1524,2026-08-14,0.02484133,0.032262806,0.011323482,0.0086965095,2.1935952
3563,2026-08-14,0.02095908,0.019528903,0.009616761,0.008087549,2.1792057
6005,2026-08-14,0.023773648,-0.0030158064,0.011022796,0.008470698,2.1565754
2430,2026-08-14,0.02281627,0.032935943,0.010686336,0.008809253,2.1348884
9912,2026-08-14,0.02394591,0.03843816,0.011351968,0.010860738,2.1092203
4927,2026-08-14,0.025696456,0.018230427,0.01221855,0.0139258765,2.1028972
1795,2026-08-14,0.023290427,0.006945439,0.011081523,0.00826496,2.1015456
2424,2026-08-14,0.020229075,0.0261783,0.009732346,0.011048392,2.078327
5880,2026-08-14,0.021832304,-0.00035287166,0.010525693,0.012012106,2.0739944
2904,2026-08-14,0.016152855,-0.0020293174,0.0078297965,0.0072041573,2.0627346
6742,2026-08-14,0.020457156,0.016255612,0.0099193845,0.008978777,2.0621333
6919,2026-08-14,0.01854149,0.0032197933,0.009003257,0.010954742,2.0591915
8040,2026-08-14,0.019602219,0.021951115,0.009526187,0.012760678,2.0575032
5310,2026-08-14,0.021356428,0.04283865,0.010408799,0.008820676,2.0515697
6721,2026-08-14,0.017926333,0.015425647,0.008743664,0.008860393,2.0499737
5434,2026-08-14,0.024096644,0.026039276,0.011805648,0.010641201,2.0409386
3058,2026-08-14,0.018676702,0.022322122,0.00916691,0.009336646,2.0371819
3078,2026-08-14,0.019658534,0.016668906,0.009694013,0.010144186,2.0276954
2505,2026-08-14,0.014871941,0.019101357,0.007373476,0.010398189,2.0166776
3558,2026-08-14,0.01682969,0.028111951,0.00843068,0.00752002,1.9960066
6257,2026-08-14,0.024216136,0.016571071,0.012155746,0.014590339,1.9919915
6952,2026-08-14,0.022972468,0.04434162,0.011537115,0.012626801,1.991007
8450,2026-08-14,0.027836442,0.046386946,0.013998258,0.008876479,1.9884226
5438,2026-08-14,0.018426169,0.032124568,0.009311375,0.0087512545,1.9786755
1452,2026-08-14,0.020252567,0.047395006,0.010254785,0.010320466,1.9747455
2387,2026-08-14,0.014179647,-0.0045217234,0.0072030583,0.0076304907,1.968286
4207,2026-08-14,0.022927511,0.05894994,0.011655215,0.009156009,1.9669774
6160,2026-08-14,0.015132489,0.0148953255,0.007734872,0.009775285,1.9561453
6235,2026-08-14,0.013092006,0.023076206,0.0066978433,0.006808078,1.9543681
3526,2026-08-14,0.01571918,-0.0017234936,0.008050006,0.007642323,1.9524492
6542,2026-08-14,0.020353802,0.003481197,0.010452993,0.011780167,1.9469882
6719,2026-08-14,0.018780638,-0.0025753253,0.009668556,0.013743658,1.9422439
1445,2026-08-14,0.019057715,0.0052695693,0.0098166345,0.008173171,1.9411718
5903,2026-08-14,0.024378784,0.027945077,0.012589678,0.010030689,1.9362565
3008,2026-08-14,0.023137087,0.023332262,0.01195769,0.011123452,1.9347509
6158,2026-08-14,0.018686827,0.007547316,0.009686211,0.010063289,1.9290203
2420,2026-08-14,0.015584299,0.03805836,0.008109282,0.010738759,1.9215484
3706,2026-08-14,0.016742507,-0.000384521,0.0087348055,0.008364695,1.9165384
6767,2026-08-14,0.020477036,0.035965618,0.010707083,0.008826823,1.912297
8076,2026-08-14,0.015319514,0.025781535,0.008013382,0.011315812,1.9115028
6525,2026-08-14,0.05359323,0.09659136,0.028056405,0.032940306,1.9101278
6576,2026-08-14,0.017109923,0.025138468,0.0089853285,0.011390129,1.9039948
3034,2026-08-14,0.020091133,0.0017924957,0.010585959,0.010929604,1.8977246
4114,2026-08-14,0.017528975,0.03630185,0.009242449,0.009063257,1.8963673
5276,2026-08-14,0.021726226,0.020143531,0.011461166,0.010028278,1.895473
3548,2026-08-14,0.014904282,0.011077559,0.007887594,0.0073273215,1.8893456
2754,2026-08-14,0.019122314,0.0077572386,0.010147843,0.009491229,1.8841866
6248,2026-08-14,0.01854766,0.04451232,0.009859953,0.011496125,1.8809196
7740,2026-08-14,0.020672023,-0.012934425,0.011023651,0.011352865,1.8750728
3675,2026-08-14,0.025246572,0.023978654,0.013507457,0.012019034,1.8689456
3054,2026-08-14,0.01793081,0.015795331,0.009647539,0.009974558,1.8583963
1725,2026-08-14,0.022941092,0.038277864,0.012414959,0.011778383,1.84771
8438,2026-08-14,0.01893106,0.02753851,0.010255236,0.008197415,1.8458096
3086,2026-08-14,0.01553685,0.012859555,0.008423964,0.008985049,1.8441445
5452,2026-08-14,0.018921064,0.036373936,0.010290284,0.010328888,1.8385524
2024,2026-08-14,0.013716324,0.011379898,0.007480964,0.009165749,1.8332518
1323,2026-08-14,0.016657166,0.052722692,0.009092227,0.010645018,1.8318212
2330,2026-08-14,0.019674096,0.020846648,0.010743565,0.012525709,1.8310742
6482,2026-08-14,0.019175963,0.020436939,0.010491062,0.008548949,1.8276639
5206,2026-08-14,0.016956301,0.052143756,0.009280779,0.010105423,1.8268373
2414,2026-08-14,0.015518825,-0.0023549378,0.008530982,0.007899833,1.8189002
4195,2026-08-14,0.015591161,0.004574302,0.008651413,0.010135127,1.8019437
6425,2026-08-14,0.019450886,0.02196265,0.01082469,0.011545833,1.7967341
5288,2026-08-14,0.023379155,0.041784655,0.013076994,0.010499237,1.7876713
2466,2026-08-14,0.027554339,0.024677852,0.015412779,0.01568998,1.7876433
1514,2026-08-14,0.017297603,0.0033108932,0.009703335,0.008062792,1.7824614
6414,2026-08-14,0.0159145,-0.026764035,0.008933544,0.010203125,1.7812324
1611,2026-08-14,0.017263304,0.032987926,0.009752205,0.012487972,1.7700136
3259,2026-08-14,0.017067173,9.5217925e-05,0.009690794,0.01036417,1.7609922
3047,2026-08-14,0.017917741,0.020581586,0.0101936655,0.0086509045,1.7575604
5523,2026-08-14,0.016029947,0.026086144,0.009145221,0.008901033,1.7526306
6186,2026-08-14,0.014193621,-0.0047884486,0.008117758,0.008484184,1.7482504
1813,2026-08-14,0.02072835,0.025288196,0.011877061,0.010595304,1.7450954
4749,2026-08-14,0.018029666,0.01778076,0.01040849,0.0072261584,1.7320411
2233,2026-08-14,0.019984849,0.0002726077,0.011567223,0.012079784,1.7275642
2102,2026-08-14,0.0132883,-0.00033783255,0.007694856,0.006752619,1.7266825
5525,2026-08-14,0.018953597,0.023357626,0.010983395,0.00759,1.725502
2308,2026-08-14,0.019693427,0.03125313,0.011413486,0.013122565,1.7253013
4401,2026-08-14,0.015615777,0.025868032,0.009083169,0.009915951,1.71901
8121,2026-08-14,0.016016651,0.02065255,0.009322296,0.008947719,1.7179172
2461,2026-08-14,0.023546053,0.046775956,0.013794696,0.01011233,1.706768
2851,2026-08-14,0.019627219,0.049764205,0.011533173,0.012561891,1.7016581
6916,2026-08-14,0.016739339,0.028674137,0.009896508,0.011012015,1.6912678
2449,2026-08-14,0.01862049,0.006969763,0.011009524,0.010984919,1.6911538
6285,2026-08-14,0.02007052,0.00012940106,0.011870865,0.010050424,1.6905953
2374,2026-08-14,0.016029231,0.019823622,0.009577634,0.008114807,1.673436
6496,2026-08-14,0.01834557,0.015267735,0.010967317,0.010529914,1.6725966
2511,2026-08-14,0.014507263,0.010508188,0.008680823,0.009685785,1.6709926
1604,2026-08-14,0.01688067,0.010907685,0.010105553,0.010278773,1.6702697
3413,2026-08-14,0.019001901,0.003632015,0.01139245,0.010066649,1.6677916
2606,2026-08-14,0.014751124,0.025729457,0.008867784,0.00850951,1.6632633
2605,2026-08-14,0.019001806,0.02004239,0.011514116,0.009765861,1.6501619
8210,2026-08-14,0.013970559,-0.009475112,0.008482515,0.009224002,1.646789
1103,2026-08-14,0.013746093,0.015777534,0.008360208,0.0077628354,1.6440319
4995,2026-08-14,0.021843342,0.049965058,0.013324163,0.012253974,1.6392552
4148,2026-08-14,0.010233834,0.009165423,0.006248744,0.0076670274,1.6374806
3019,2026-08-14,0.012952671,0.013835154,0.007959488,0.008671387,1.6271203
6143,2026-08-14,0.016459174,0.019859854,0.010154287,0.010010888,1.6207492
3131,2026-08-14,0.02099697,0.024589892,0.012997354,0.010144451,1.615356
3434,2026-08-14,0.017751409,0.03287125,0.011003592,0.009431498,1.613091
4419,2026-08-14,0.012874202,0.026432268,0.007981642,0.009653616,1.6127745
3122,2026-08-14,0.015737368,0.03272782,0.009775334,0.009703335,1.6097412
1727,2026-08-14,0.020616146,0.024998749,0.0128092775,0.014736712,1.6093441
2419,2026-08-14,0.016939824,0.03094231,0.01053429,0.011127266,1.6079124
9929,2026-08-14,0.016065337,0.02570478,0.010051909,0.010392019,1.5980784
2439,2026-08-14,0.014362319,0.011100822,0.008991462,0.007904461,1.5971509
9110,2026-08-14,0.017031915,0.011635477,0.0107321665,0.008725895,1.5868491
7631,2026-08-14,0.013440478,0.04690053,0.008494662,0.012217348,1.58204
5356,2026-08-14,0.016961254,0.04622167,0.010791401,0.010592847,1.5715922
2892,2026-08-14,0.013588435,-0.0076504033,0.008655322,0.01126771,1.5697701
5704,2026-08-14,0.018078009,0.010122825,0.01151748,0.00954384,1.5694786
5425,2026-08-14,0.012854159,0.0057188505,0.008211868,0.008826371,1.5651243
6535,2026-08-14,0.012747919,0.0013748066,0.008158752,0.009419469,1.5622925
9910,2026-08-14,0.014613839,0.0017036764,0.009386845,0.0075768284,1.5566766
7722,2026-08-14,0.022235189,0.019258874,0.014338976,0.01471148,1.5505736
4417,2026-08-14,0.015108371,0.04675739,0.009750028,0.008993667,1.5494131
3046,2026-08-14,0.01481542,0.042404477,0.009596896,0.012734909,1.5436112
4157,2026-08-14,0.01603987,0.024787538,0.010431745,0.009812269,1.5374545
3705,2026-08-14,0.014554932,0.029833373,0.009498623,0.008713022,1.5321589
9802,2026-08-14,0.014572429,0.0074008275,0.009541526,0.01069029,1.5271038
1447,2026-08-14,0.016332231,0.011950906,0.010701636,0.008269951,1.5260009
8342,2026-08-14,0.013931695,0.014887112,0.0091966195,0.008264181,1.5147066
3268,2026-08-14,0.016639695,0.001361228,0.011019105,0.008573717,1.5099397
2423,2026-08-14,0.013543882,0.0358082,0.008969325,0.009175257,1.5098542
6209,2026-08-14,0.01946029,-0.0024530322,0.012926762,0.01474266,1.50531
3206,2026-08-14,0.013104656,0.037093554,0.008828232,0.011369346,1.484235
8422,2026-08-14,0.013479184,0.0075312047,0.009088867,0.008447599,1.4828801
2023,2026-08-14,0.010225341,0.0009609593,0.0069087055,0.0075136176,1.479852
3494,2026-08-14,0.014543905,0.02867734,0.009889368,0.0066254307,1.470512
1467,2026-08-14,0.016147006,-0.017974202,0.011133496,0.0117809735,1.4501785
4426,2026-08-14,0.011497414,0.0096134525,0.007942637,0.009742738,1.4473739
8906,2026-08-14,0.013874082,0.027662337,0.009603992,0.008509148,1.4444656
8069,2026-08-14,0.015572338,-0.008102891,0.010854385,0.010362981,1.4345266
2528,2026-08-14,0.01357047,0.018496772,0.009460045,0.009504989,1.434352
3617,2026-08-14,0.01225154,0.017283078,0.008543286,0.00762048,1.433887
8933,2026-08-14,0.012134885,0.009366516,0.0084693795,0.008167703,1.4326259
5538,2026-08-14,0.015337633,0.006913307,0.010843915,0.008135133,1.4142696
6861,2026-08-14,0.010584724,0.008373171,0.0075538196,0.008494568,1.4010559
1570,2026-08-14,0.011700503,0.012665051,0.008364664,0.006716664,1.398634
1527,2026-08-14,0.009967498,0.010107303,0.0071558137,0.007527693,1.3927284
3093,2026-08-14,0.022516796,0.03829081,0.016224787,0.018486224,1.3877168
3191,2026-08-14,0.018401913,0.038521085,0.01326894,0.012877535,1.3867368
4767,2026-08-14,0.011393636,0.034979742,0.0082722735,0.010755977,1.3771617
3523,2026-08-14,0.014948082,6.5850713e-06,0.010854306,0.011665673,1.37703
1227,2026-08-14,0.010258792,-0.00036056235,0.007500012,0.008828775,1.3676544
1438,2026-08-14,0.014640448,0.009369846,0.010709133,0.011877877,1.3669716
6171,2026-08-14,0.018352576,0.029064987,0.013475852,0.010867615,1.361785
6552,2026-08-14,0.01484116,0.012160301,0.0110301785,0.010827037,1.3453829
2743,2026-08-14,0.008953889,-0.009295418,0.0066897096,0.007380514,1.3382571
7721,2026-08-14,0.018038433,0.030307064,0.013495305,0.0142789185,1.3365461
6895,2026-08-14,0.012870886,-0.005346888,0.009638172,0.008573737,1.3352689
5243,2026-08-14,0.014116836,0.018584268,0.010581484,0.010272871,1.3339813
1108,2026-08-14,0.010608881,-0.00123067,0.008017562,0.011747359,1.3230402
6873,2026-08-14,0.013654064,-0.009936633,0.010323759,0.00869379,1.3224584
2345,2026-08-14,0.0144479005,0.006069349,0.011099745,0.008134828,1.3015254
8085,2026-08-14,0.014405493,0.024720185,0.011073496,0.009597552,1.3007809
2948,2026-08-14,0.00969824,0.033821523,0.007501319,0.008430329,1.292699
2105,2026-08-14,0.014064849,-0.00032507125,0.010908516,0.01297388,1.2892276
1526,2026-08-14,0.009856703,-0.025015473,0.0076651825,0.008879784,1.2857381
6242,2026-08-14,0.012611231,0.017613618,0.009829603,0.013648557,1.2828542
4113,2026-08-14,0.012685222,0.018370863,0.009940991,0.010426614,1.2759236
6796,2026-08-14,0.013577147,0.03053073,0.010679326,0.011192081,1.2712296
5457,2026-08-14,0.012989074,-0.002012302,0.010252055,0.009813614,1.2668492
2402,2026-08-14,0.009539502,-0.0027558235,0.007566058,0.007381542,1.260662
4563,2026-08-14,0.013096294,0.01853853,0.010414327,0.009667728,1.257406
7734,2026-08-14,0.014997353,-0.00866675,0.011932461,0.010171549,1.256748
4938,2026-08-14,0.0101848245,0.0037247553,0.008129101,0.0104163,1.2527303
6872,2026-08-14,0.008558159,-0.0029466127,0.0068488293,0.006518824,1.2493974
6405,2026-08-14,0.014607314,0.0148085775,0.011703182,0.011761856,1.2480422
6271,2026-08-14,0.013114903,0.009894723,0.0105237765,0.010251878,1.246098
9946,2026-08-14,0.012964769,0.039224885,0.010500417,0.009410139,1.2345732
3520,2026-08-14,0.0117654605,0.019376354,0.009585452,0.009625222,1.2273008
3666,2026-08-14,0.008467318,0.025077062,0.0069162655,0.008918227,1.2240846
2468,2026-08-14,0.014709341,0.027293352,0.012024961,0.011213242,1.2231323
5014,2026-08-14,0.011444283,-0.005761685,0.00940742,0.0076656924,1.2163873
0053,2026-08-14,0.013263534,0.030493557,0.010988012,0.018329423,1.2069814
3623,2026-08-14,0.01363403,0.041032124,0.011320162,0.011538036,1.204296
9928,2026-08-14,0.014642462,0.039126873,0.01216964,0.0114626065,1.2030971
6179,2026-08-14,0.011242461,0.027528664,0.009458959,0.010763761,1.188426
6205,2026-08-14,0.011781568,0.020158984,0.009939197,0.010554824,1.1852448
7709,2026-08-14,0.013005672,0.0090434905,0.010983166,0.010287296,1.1840382
1295,2026-08-14,0.010590629,0.0038417173,0.009050433,0.007369006,1.17005
4142,2026-08-14,0.010855596,0.009613701,0.009283064,0.010029324,1.169272
1503,2026-08-14,0.011522537,0.0135652935,0.009903938,0.008378186,1.1633124
6662,2026-08-14,0.008325611,-0.0087000085,0.007237284,0.007887752,1.150219
6924,2026-08-14,0.017972115,0.03149171,0.01589828,0.015449701,1.1303729
8155,2026-08-14,0.012939928,0.02779502,0.011462127,0.012466289,1.1288306
3380,2026-08-14,0.009532929,-0.00039051726,0.008536504,0.012411864,1.1165944
8932,2026-08-14,0.0117474375,0.020282995,0.010520132,0.012399438,1.1165564
3715,2026-08-14,0.008793164,0.0018680413,0.007889274,0.0104732355,1.1144308
6263,2026-08-14,0.008498101,0.023656884,0.0076607196,0.010608971,1.1091636
2834,2026-08-14,0.010333687,-0.0003056409,0.00939857,0.010835469,1.0993786
6616,2026-08-14,0.009527902,0.0037840724,0.008675717,0.007814479,1.0981
6164,2026-08-14,0.0072452724,0.023769159,0.0066127623,0.010123656,1.0954843
2596,2026-08-14,0.008942323,0.037337884,0.008173128,0.014219461,1.0939788
5245,2026-08-14,0.013326985,0.012711774,0.012229849,0.010193497,1.0896206
1315,2026-08-14,0.00786992,0.022491194,0.007307058,0.009971717,1.0768825
8426,2026-08-14,0.010647416,0.012938364,0.009935161,0.011245544,1.0715824
4102,2026-08-14,0.0100616235,0.025796106,0.009507323,0.007928723,1.0581912
1590,2026-08-14,0.011903315,-0.0036052885,0.011330162,0.009371543,1.0504937
7780,2026-08-14,0.008788455,0.002395158,0.008384472,0.006123605,1.0480573
3529,2026-08-14,0.011372652,0.004842654,0.010892105,0.010219263,1.0440229
1218,2026-08-14,0.010662177,-0.010165189,0.010261504,0.011433194,1.038945
2527,2026-08-14,0.012494658,0.008225904,0.012179678,0.012676598,1.0257769
2547,2026-08-14,0.009815032,0.0049943267,0.0096765645,0.008323716,1.0142047
8488,2026-08-14,0.0097427545,-0.008245917,0.009680487,0.011310521,1.0063282
6462,2026-08-14,0.007542931,0.00016224362,0.0075196642,0.0085758185,1.0029608
3703,2026-08-14,0.0076550324,-0.007406205,0.0076875244,0.008265724,0.9956439
3032,2026-08-14,0.009774347,-0.0065946653,0.0098405965,0.01055112,0.99316674
5205,2026-08-14,0.010165317,0.021867512,0.010387288,0.010221094,0.97853625
3141,2026-08-14,0.011434157,-0.011250725,0.011691792,0.010163947,0.97788084
2061,2026-08-14,0.017973213,0.02135584,0.018742528,0.019458218,0.9589023
4123,2026-08-14,0.010275394,-0.025518931,0.010772682,0.010178392,0.9537495
5225,2026-08-14,0.010242423,-0.0083571235,0.01095135,0.010348772,0.93518037
4582,2026-08-14,0.007640077,-0.010378396,0.008196491,0.00846483,0.9320018
2373,2026-08-14,0.006188269,-0.005279484,0.006683158,0.00814267,0.9258113
4168,2026-08-14,0.00623603,0.008628397,0.00682441,0.006836071,0.91364914
3167,2026-08-14,0.008942235,-0.0010972334,0.00980236,0.009568268,0.9121602
3346,2026-08-14,0.007938695,0.013931459,0.008715805,0.009806333,0.91073453
7750,2026-08-14,0.0079522,-0.0010057632,0.008804291,0.008985253,0.90311617
8227,2026-08-14,0.014205482,0.015171019,0.015737394,0.018198242,0.90260047
1308,2026-08-14,0.0066946717,0.002224732,0.0075680763,0.0074308277,0.8844767
2230,2026-08-14,0.009098283,0.007101826,0.010308956,0.011149581,0.88247544
6958,2026-08-14,0.008476398,-0.01628503,0.009876751,0.009866318,0.8581303
2421,2026-08-14,0.007879134,-0.004354492,0.009301365,0.011503119,0.8470033
6245,2026-08-14,0.0076859733,0.010443715,0.009200019,0.008924859,0.83533937
3026,2026-08-14,0.008986389,-0.0037458858,0.0108364895,0.014553531,0.8291947
5251,2026-08-14,0.010144504,0.014116687,0.012257941,0.010545344,0.82751876
6598,2026-08-14,0.007627223,-0.025070453,0.009372769,0.008653607,0.8136773
2890,2026-08-14,0.0075186747,-0.0020028201,0.009249263,0.010416734,0.81280655
1468,2026-08-14,0.006394879,0.00040119517,0.0078686625,0.009809741,0.8125989
4562,2026-08-14,0.00780075,0.016788183,0.009646638,0.0090671005,0.80856574
6191,2026-08-14,0.006225309,-0.007208286,0.0077461735,0.008784551,0.80355877
2338,2026-08-14,0.006538064,0.0051889704,0.008148651,0.011007587,0.80225086
1341,2026-08-14,0.010537291,0.0240197,0.013134103,0.009015689,0.8022237
2881,2026-08-14,0.009417792,-0.004198781,0.0120398225,0.010061996,0.78215516
1216,2026-08-14,0.004899327,0.007882828,0.0063613523,0.010179256,0.7700497
1201,2026-08-14,0.00797284,0.01816787,0.010416537,0.009687923,0.7653287
4722,2026-08-14,0.007463284,-0.021574149,0.009784356,0.009595045,0.76269925
3672,2026-08-14,0.0071182474,0.004538415,0.009352772,0.009972864,0.7610029
1582,2026-08-14,0.0056881025,0.0132361315,0.0075003034,0.008643828,0.7582819
4416,2026-08-14,0.009411221,0.019063525,0.012433622,0.012994106,0.7568562
4967,2026-08-14,0.005277424,0.0041322527,0.0070530204,0.00920787,0.74814415
6156,2026-08-14,0.009084614,0.019258296,0.012150857,0.0126728,0.7475906
8054,2026-08-14,0.0076825568,-0.0074061095,0.010289183,0.009839986,0.74659085
6947,2026-08-14,0.007430956,-0.011191931,0.009973787,0.009942728,0.7449739
1220,2026-08-14,0.005135169,-0.0046162205,0.006936827,0.009300179,0.74016964
6613,2026-08-14,0.008234991,-0.011012313,0.011142721,0.014586858,0.7389803
6465,2026-08-14,0.007054329,0.005878657,0.009550636,0.009310516,0.73854667
1707,2026-08-14,0.00513273,-0.0031885325,0.0070252046,0.009264287,0.7305125
8482,2026-08-14,0.00534564,-0.018109215,0.007385115,0.008330288,0.72374177
8929,2026-08-14,0.007501318,-0.0075847367,0.010390218,0.010080564,0.72189015
4190,2026-08-14,0.0078228,-0.005903272,0.010910105,0.009251676,0.7169576
4989,2026-08-14,0.009763542,-0.012557191,0.013722924,0.013462751,0.71142495
2108,2026-08-14,0.0059953877,0.010490673,0.008460774,0.0096863285,0.7085261
6805,2026-08-14,0.010120058,0.0123458,0.014301824,0.011045124,0.7075566
6026,2026-08-14,0.010078236,0.030946108,0.014341853,0.01261665,0.7026661
1423,2026-08-14,0.0059288153,0.004747576,0.008491594,0.0108436905,0.6981159
5274,2026-08-14,0.006201605,0.008892628,0.009127833,0.010833732,0.67934257
3716,2026-08-14,0.0060984776,0.03282592,0.009307037,0.009409744,0.65518403
4763,2026-08-14,0.0059373593,0.007514073,0.009180517,0.007588564,0.64666426
3338,2026-08-14,0.006202059,0.009981933,0.009762564,0.008320473,0.6352249
3465,2026-08-14,0.0062087295,0.008899282,0.009922633,0.00983604,0.6256508
7768,2026-08-14,0.005487138,0.01319678,0.008788073,0.0107273655,0.6243136
6689,2026-08-14,0.007342311,0.032145582,0.011848121,0.008858172,0.61965024
3717,2026-08-14,0.006980366,-0.01046819,0.011357629,0.014658413,0.614543
3276,2026-08-14,0.00537903,-0.004681578,0.008855616,0.009230376,0.607346
6666,2026-08-14,0.0066607445,0.004118229,0.010980417,0.009591307,0.6065469
2712,2026-08-14,0.0058567207,0.0031868608,0.009682604,0.00920148,0.6048079
5381,2026-08-14,0.0067137587,0.004552311,0.0111153545,0.011417486,0.60395324
7556,2026-08-14,0.008256772,0.038518734,0.013694152,0.012192631,0.6028974
6789,2026-08-14,0.005701058,-0.0028201675,0.009543756,0.009458329,0.5972974
2425,2026-08-14,0.0073634344,-0.044140767,0.012417017,0.013342195,0.5929638
3092,2026-08-14,0.006169857,0.012034964,0.010510345,0.009277527,0.5869712
3588,2026-08-14,0.0058902414,0.017840045,0.0100403335,0.010709645,0.5865995
1236,2026-08-14,0.0057804775,0.020769186,0.009961373,0.0083190305,0.58023095
4420,2026-08-14,0.0061173285,0.030314382,0.010760365,0.011754539,0.56845284
2472,2026-08-14,0.00799661,0.008398449,0.014108517,0.012908495,0.5667529
3011,2026-08-14,0.0042177853,-0.020160642,0.0074641006,0.008018394,0.5650005
3226,2026-08-14,0.004013551,0.014546762,0.007264546,0.006464632,0.5524087
3052,2026-08-14,0.0043447646,0.038987268,0.007942372,0.009845855,0.54696727
2462,2026-08-14,0.00514512,0.0058028726,0.00975457,0.009858125,0.5274033
7822,2026-08-14,0.003920634,-0.0015522422,0.007717459,0.009071223,0.50795555
6846,2026-08-14,0.0042314488,-0.013634751,0.008475411,0.00843541,0.49920288
1519,2026-08-14,0.004368067,0.013456222,0.008763234,0.008298407,0.49839684
8487,2026-08-14,0.004930523,0.009155428,0.009902887,0.009492634,0.49783716
1441,2026-08-14,0.0045038033,-0.00033565643,0.009071219,0.010287859,0.496439
6877,2026-08-14,0.006750411,0.015395137,0.01385618,0.014513158,0.48714173
6028,2026-08-14,0.0040465123,0.05233309,0.008472997,0.012075544,0.4775211
2201,2026-08-14,0.004651058,0.021346966,0.009795491,0.010228761,0.47476774
3252,2026-08-14,0.0041035083,-0.0023044809,0.008901479,0.008262014,0.46093997
3376,2026-08-14,0.005814533,-6.533203e-05,0.012618227,0.013385944,0.46076778
4571,2026-08-14,0.004531366,0.0033309192,0.009874394,0.009165554,0.45885417
1808,2026-08-14,0.004262672,0.013184395,0.0093743345,0.009511679,0.45466876
2845,2026-08-14,0.0039225966,-0.0092143575,0.008893477,0.009008378,0.44101486
6290,2026-08-14,0.0044276486,-0.013153355,0.010228912,0.013418361,0.4328139
4772,2026-08-14,0.007169518,0.03293126,0.016713317,0.014940322,0.4289447
2344,2026-08-14,0.004682443,0.0054238546,0.010917655,0.01386656,0.42884797
6781,2026-08-14,0.003607334,0.0054607107,0.008534321,0.011493326,0.42263603
8421,2026-08-14,0.004322648,-0.007184242,0.010410475,0.008685169,0.41518113
4768,2026-08-14,0.004610612,0.0071473103,0.011441839,0.012666612,0.40292552
4154,2026-08-14,0.0045865695,0.011747965,0.011392353,0.013316053,0.40256536
1337,2026-08-14,0.003827407,-0.0054121404,0.009540669,0.007975328,0.40112552
5531,2026-08-14,0.0027208806,-0.011904923,0.006816825,0.0080593955,0.39908338
2485,2026-08-14,0.00429371,0.011250279,0.01083237,0.01587488,0.39634112
6418,2026-08-14,0.0040011643,-0.0016784024,0.0101642525,0.011246242,0.39361188
1104,2026-08-14,0.0023140402,-0.008003544,0.006175535,0.006425885,0.37465024
2756,2026-08-14,0.0028118032,-0.005077234,0.0075583784,0.00872201,0.37196225
7803,2026-08-14,0.0024368586,-0.004739525,0.006704304,0.007246058,0.36342254
5534,2026-08-14,0.0026770511,0.009170857,0.0073979064,0.008154002,0.36181715
6184,2026-08-14,0.003366582,-0.012519687,0.009348287,0.007893436,0.3600897
2351,2026-08-14,0.0041883173,0.0039988663,0.01178685,0.009968365,0.355308
1806,2026-08-14,0.0026739726,-0.0071709366,0.0076931156,0.008111657,0.34753478
9917,2026-08-14,0.0034143636,-0.010444659,0.010189953,0.009403776,0.3350387
1513,2026-08-14,0.0030858743,0.0067495974,0.009246601,0.00828234,0.33369458
3541,2026-08-14,0.0027930285,0.02553115,0.00860566,0.010253662,0.32451943
6218,2026-08-14,0.0032696084,0.015176031,0.010249105,0.011400541,0.3189829
6121,2026-08-14,0.0032037392,0.003044966,0.010110551,0.008469969,0.31683955
4166,2026-08-14,0.0023748842,-0.019561244,0.007641291,0.007983118,0.31075555
8431,2026-08-14,0.0028809349,-0.006751937,0.009361103,0.009217415,0.30772305
3147,2026-08-14,0.0034460204,-0.034638066,0.011868836,0.012706106,0.29031742
4133,2026-08-14,0.0029657935,-0.0118109565,0.01030696,0.010664228,0.28771874
2009,2026-08-14,0.002538909,0.007280574,0.008863173,0.009803141,0.28642365
5548,2026-08-14,0.0019976774,0.015938383,0.006980064,0.008463391,0.2861566
3041,2026-08-14,0.00268641,0.0072908476,0.009743179,0.007996976,0.2756938
3015,2026-08-14,0.0022553364,-0.00785229,0.008420842,0.008410531,0.2677961
4585,2026-08-14,0.0041628378,0.02069931,0.01606941,0.015512687,0.25903744
8163,2026-08-14,0.0020123334,0.01415425,0.00782607,0.008705368,0.25709918
2348,2026-08-14,0.002210451,-0.00084595795,0.008605538,0.010422092,0.25683394
8111,2026-08-14,0.0038901167,-0.05080448,0.01519246,0.0175966,0.25603887
5398,2026-08-14,0.0021892148,0.0063954275,0.009000736,0.012279385,0.24319917
5272,2026-08-14,0.0021959855,-0.0053854953,0.009133192,0.010103752,0.24041377
2029,2026-08-14,0.0021569405,0.010697971,0.009455714,0.008292276,0.2280856
2248,2026-08-14,0.0028407718,0.0003225339,0.012701861,0.0125848465,0.22363244
3178,2026-08-14,0.0020414277,0.011698344,0.009267274,0.011311839,0.22025973
2393,2026-08-14,0.002357539,0.005854559,0.010803834,0.01295503,0.218193
2010,2026-08-14,0.0019039585,0.018855395,0.008867471,0.010704714,0.21468848
2481,2026-08-14,0.0017630702,-0.0069342735,0.0089636,0.010957349,0.19667026
6111,2026-08-14,0.0015356286,-0.0012035407,0.008061865,0.0075403824,0.19045693
2489,2026-08-14,0.0021763092,-0.00978137,0.011777329,0.008745828,0.18477231
1789,2026-08-14,0.0016036489,-0.008870951,0.008852541,0.009870643,0.18113078
6579,2026-08-14,0.0014715865,-0.031424046,0.008123495,0.010655085,0.1811296
1525,2026-08-14,0.001849203,0.008368331,0.010478021,0.009181667,0.17646715
4584,2026-08-14,0.0015005687,0.0064581484,0.00869165,0.009596331,0.17262499
4178,2026-08-14,0.001954787,-0.010327309,0.011483039,0.009398398,0.17021772
7547,2026-08-14,0.0021249275,0.0052019716,0.01256457,0.0097503085,0.16910712
4943,2026-08-14,0.0018607067,0.011424841,0.011141614,0.008614253,0.16699015
5703,2026-08-14,0.0015793169,0.027108943,0.010154518,0.011006262,0.15551317
6494,2026-08-14,0.0022507326,0.02968567,0.015067823,0.015242053,0.14936353
3059,2026-08-14,0.0014583436,0.00148855,0.010049386,0.00935982,0.14510323
6442,2026-08-14,0.0014410483,0.00071535254,0.010399813,0.010851261,0.1385515
8074,2026-08-14,0.0011654443,0.0074104355,0.009774178,0.0091509335,0.119224854
2401,2026-08-14,0.0013107654,-0.007281238,0.011605656,0.0147648025,0.11293222
2882,2026-08-14,0.00094857387,-0.010284137,0.008706158,0.009715033,0.108941846
3297,2026-08-14,0.0010972229,0.01406917,0.010104954,0.009327533,0.108571924
4188,2026-08-14,0.001419964,0.020030627,0.01386544,0.013357754,0.102402925
2206,2026-08-14,0.0006274504,-0.014522859,0.006600112,0.008090195,0.09505223
8937,2026-08-14,0.0012808061,-0.007669313,0.014051132,0.012389112,0.091146745
2546,2026-08-14,0.0007230574,0.0017516956,0.008146842,0.01018559,0.0887422
8107,2026-08-14,0.0010270854,0.027276678,0.011610038,0.009011036,0.08845767
1762,2026-08-14,0.0007922195,0.01833827,0.009234479,0.008475031,0.08578001
2947,2026-08-14,0.0006384597,-0.008072732,0.0076406067,0.009387839,0.08355045
1314,2026-08-14,0.00058633636,-0.010526282,0.00836768,0.008072193,0.07006318
8499,2026-08-14,0.0008389081,0.015322805,0.012370399,0.017258467,0.06781028
5543,2026-08-14,0.0004523157,-0.0106452275,0.0076009543,0.006938836,0.059499927
2239,2026-08-14,0.00046078116,-0.01356746,0.0080096265,0.00808465,0.057521235
1234,2026-08-14,0.0004191067,0.012688542,0.0076895123,0.010198388,0.054496594
2406,2026-08-14,0.00052704464,-0.02170976,0.00986143,0.013304079,0.053439632
2903,2026-08-14,0.0003444388,-0.014257665,0.0068097683,0.0075819446,0.050572682
9949,2026-08-14,0.00029970062,0.01094166,0.009013242,0.009071204,0.033247456
3057,2026-08-14,0.00036104582,0.0020022981,0.01317046,0.013843962,0.027411222
2897,2026-08-14,0.00021367511,-0.01249065,0.008338885,0.009324132,0.025620868
3322,2026-08-14,0.00021544151,0.0043098875,0.008647105,0.008921983,0.02491199
2383,2026-08-14,0.0002380698,0.018213034,0.0096720215,0.012350118,0.02461173
2028,2026-08-14,0.00017642751,0.023824602,0.010464465,0.008605582,0.016858066
5546,2026-08-14,0.000107564156,0.0024037906,0.008193935,0.010454719,0.013125687
1568,2026-08-14,4.914887e-05,0.016454842,0.009433664,0.009355587,0.0052093924
8477,2026-08-14,-1.4712568e-05,0.013465955,0.010539601,0.009893809,-0.0013957998
8066,2026-08-14,-6.137043e-05,-0.004326699,0.009043771,0.009023987,-0.0067851837
1324,2026-08-14,-0.00014724402,0.022787495,0.01110192,0.010258065,-0.013261738
1517,2026-08-14,-0.00014054948,-0.011682588,0.008362314,0.008371991,-0.016805477
1460,2026-08-14,-0.00013089909,-0.0023472798,0.0076868595,0.005965746,-0.017026728
2723,2026-08-14,-0.00023440942,-0.007065037,0.008849284,0.010265097,-0.026486091
4807,2026-08-14,-0.00033693126,-0.0010014788,0.012598567,0.01089115,-0.026741495
2385,2026-08-14,-0.00021995157,-0.0012914061,0.007862829,0.011504531,-0.027970035
8105,2026-08-14,-0.00051890576,0.011068183,0.01702332,0.017747786,-0.030480264
3081,2026-08-14,-0.00025926754,-0.004158054,0.008202699,0.010047406,-0.031603735
6284,2026-08-14,-0.0005227052,0.0012814472,0.010587517,0.012211028,-0.049365286
3205,2026-08-14,-0.00043804955,0.0027076493,0.008262309,0.009914321,-0.053011395
3663,2026-08-14,-0.00054324593,-0.0026046932,0.008545499,0.008860742,-0.06356356
6854,2026-08-14,-0.0006398119,-0.013404664,0.009719018,0.007962771,-0.06582415
3221,2026-08-14,-0.0012388882,0.008309519,0.017448653,0.018927703,-0.07099787
4916,2026-08-14,-0.0010212426,0.0019607865,0.011117255,0.0090891225,-0.09185277
2303,2026-08-14,-0.0009260841,-0.011791663,0.009583008,0.009358187,-0.09662806
3680,2026-08-14,-0.000960979,-0.0043199575,0.008044643,0.009720523,-0.11944091
6148,2026-08-14,-0.001249122,0.005828898,0.009619818,0.011048112,-0.12983531
8182,2026-08-14,-0.0013900195,-0.006492423,0.0106407935,0.012894083,-0.13061891
1709,2026-08-14,-0.0016505473,0.029766012,0.012440634,0.0097612245,-0.13266322
6624,2026-08-14,-0.0018116309,-0.015428028,0.011918652,0.011812372,-0.1519869
4973,2026-08-14,-0.0015189503,0.010250231,0.00982023,0.008971103,-0.15465988
2371,2026-08-14,-0.0010087184,-0.017049905,0.0061228964,0.0063384133,-0.1647184
3416,2026-08-14,-0.0017223011,-0.0105079375,0.010212866,0.00978188,-0.16862382
8104,2026-08-14,-0.001590402,0.007928989,0.008644079,0.0085870605,-0.18396616
6887,2026-08-14,-0.0012674734,-0.006936827,0.006863859,0.0090444675,-0.18463212
3489,2026-08-14,-0.0019714234,0.020647168,0.010492381,0.010926242,-0.18787304
3294,2026-08-14,-0.0018615392,0.0037374175,0.00941288,0.0088880565,-0.19774409
3564,2026-08-14,-0.0022402485,-0.0014825908,0.011102072,0.011204295,-0.20176834
6246,2026-08-14,-0.0028210664,-0.020724995,0.012066784,0.0117815295,-0.23376837
6807,2026-08-14,-0.0025319115,0.022527821,0.010243468,0.010349088,-0.24714914
1598,2026-08-14,-0.0017761445,0.011231949,0.007163327,0.007669265,-0.24791506
4131,2026-08-14,-0.0021439332,-0.009993871,0.008566467,0.008478913,-0.2502412
2243,2026-08-14,-0.0025825833,-0.009782751,0.010307649,0.008322933,-0.25052586
3521,2026-08-14,-0.0025639264,-0.0014595056,0.010232994,0.009913321,-0.25053036
1217,2026-08-14,-0.003256288,0.0072740046,0.012643168,0.010889286,-0.2575328
6541,2026-08-14,-0.002525109,-0.011064765,0.009045046,0.0095895035,-0.27913955
2801,2026-08-14,-0.0023999054,-0.018964013,0.008517662,0.009245298,-0.28172326
7818,2026-08-14,-0.002094064,-0.017420612,0.0071371165,0.0076129283,-0.29336366
9944,2026-08-14,-0.0030618834,0.0017650591,0.010121124,0.010519094,-0.30249417
2340,2026-08-14,-0.003195707,-0.023092974,0.009996376,0.012154002,-0.31965455
3583,2026-08-14,-0.0032451083,-0.012328665,0.0099676475,0.010561248,-0.32553145
6582,2026-08-14,-0.003560912,-0.013303807,0.010870849,0.009632751,-0.3275351
6743,2026-08-14,-0.0029690296,-0.019637462,0.008907947,0.009152636,-0.3332638
3189,2026-08-14,-0.002601421,-0.004243634,0.0077138874,0.0089774225,-0.33719495
1418,2026-08-14,-0.003811507,-0.006488344,0.011286207,0.010123204,-0.33768383
2504,2026-08-14,-0.0024947815,-0.011367687,0.007363624,0.009117531,-0.33875206
5521,2026-08-14,-0.0036317622,0.014288765,0.010653416,0.009278989,-0.3408692
4583,2026-08-14,-0.0037413281,-0.005079829,0.010939768,0.009158466,-0.34196213
2467,2026-08-14,-0.0038677827,-0.018347638,0.011274971,0.01046071,-0.34301105
7736,2026-08-14,-0.003981834,0.018995732,0.01155629,0.00988865,-0.34453005
2762,2026-08-14,-0.0033466509,-0.022522856,0.00969777,0.009685869,-0.3450593
1609,2026-08-14,-0.0038795504,0.008282766,0.011158831,0.007352162,-0.3476352
5388,2026-08-14,-0.0036821445,-0.032783058,0.01055627,0.010342214,-0.34877807
3105,2026-08-14,-0.0024637394,-0.01903588,0.007046555,0.008897452,-0.34958783
3037,2026-08-14,-0.0034351065,-0.0052718115,0.009228646,0.010950923,-0.37218183
6432,2026-08-14,-0.005193887,-0.033045083,0.013817193,0.015083976,-0.3758731
1529,2026-08-14,-0.003924087,-0.02547987,0.010426428,0.013581648,-0.37632358
5201,2026-08-14,-0.0034051936,-0.015781485,0.00894188,0.0071254987,-0.38077143
6811,2026-08-14,-0.0040616393,0.009436599,0.010620356,0.010796144,-0.3824031
6517,2026-08-14,-0.0046378477,-0.00021420373,0.012035981,0.0098299775,-0.3852999
6994,2026-08-14,-0.0039345575,-0.019839758,0.0100517785,0.011995567,-0.39139006
1414,2026-08-14,-0.0038072593,0.0063251895,0.009577222,0.009955019,-0.39749122
9930,2026-08-14,-0.0027733815,-0.004255707,0.006793897,0.009331043,-0.4081565
3484,2026-08-14,-0.0038577034,0.011614996,0.009327003,0.008849476,-0.41356155
2534,2026-08-14,-0.004497844,-0.023627238,0.010607808,0.008698559,-0.42397258
1904,2026-08-14,-0.0040331376,0.023273667,0.009345178,0.012291918,-0.43152803
1456,2026-08-14,-0.0038305083,-0.003297811,0.008838381,0.0081677865,-0.43334576
2438,2026-08-14,-0.0046487134,0.00095162715,0.010510024,0.011845045,-0.44227028
3665,2026-08-14,-0.0032297557,-0.017819408,0.0072324863,0.008687474,-0.44650057
6291,2026-08-14,-0.0033085938,-0.011400184,0.007202292,0.011227743,-0.45931694
3356,2026-08-14,-0.003871888,0.016528135,0.00833895,0.008342558,-0.46425793
6969,2026-08-14,-0.005408746,-0.033654787,0.011603323,0.009741442,-0.46609753
5907,2026-08-14,-0.003716525,0.0010488771,0.007957082,0.009360813,-0.4670126
7744,2026-08-14,-0.0041553797,0.0025974433,0.008760707,0.008058891,-0.47426596
3006,2026-08-14,-0.0052868896,0.0075576357,0.011009124,0.010624333,-0.48018438
1560,2026-08-14,-0.004173227,-0.017357128,0.008667597,0.00807603,-0.481419
6409,2026-08-14,-0.004864508,-0.009922204,0.010086478,0.010652998,-0.4822323
6168,2026-08-14,-0.0050116507,-0.0020762098,0.010388216,0.011493219,-0.4823897
4526,2026-08-14,-0.0041514174,-0.0037331248,0.008521786,0.009931088,-0.48709628
6207,2026-08-14,-0.009415728,0.00587867,0.018877609,0.016543705,-0.49875116
3518,2026-08-14,-0.0044327294,0.015641779,0.008794877,0.012271111,-0.50395536
2354,2026-08-14,-0.0059877792,-0.018126814,0.011716685,0.011753196,-0.51100355
2317,2026-08-14,-0.0064605186,-0.014413699,0.012126612,0.011275956,-0.5327115
6792,2026-08-14,-0.00661066,0.019178659,0.012337018,0.012467517,-0.5357959
1437,2026-08-14,-0.00465463,0.019470362,0.008626367,0.009542009,-0.5395192
1618,2026-08-14,-0.0053849667,0.019765027,0.0098676495,0.011209693,-0.54566395
3033,2026-08-14,-0.004782508,-0.02457257,0.008571943,0.009395822,-0.5578607
2059,2026-08-14,-0.0054615876,0.015676193,0.009749278,0.011448059,-0.5601468
4908,2026-08-14,-0.011366795,-0.03509512,0.019665238,0.019976875,-0.5779852
6614,2026-08-14,-0.0047438242,-0.0209352,0.008205147,0.00926532,-0.5780817
3535,2026-08-14,-0.011694541,0.005462877,0.019925514,0.016584367,-0.5868834
9919,2026-08-14,-0.00553961,-0.013641204,0.009388047,0.008730153,-0.59000766
1626,2026-08-14,-0.005730272,-0.017047875,0.009611514,0.0089571,-0.5961262
2254,2026-08-14,-0.004521966,-0.023975618,0.0075595165,0.0072003063,-0.5981028
6020,2026-08-14,-0.006097572,-0.001500181,0.009999523,0.009141127,-0.6097253
5283,2026-08-14,-0.005447751,0.012906639,0.008910209,0.009116798,-0.6113369
3710,2026-08-14,-0.005953909,0.004309715,0.009703029,0.010855143,-0.6135502
3515,2026-08-14,-0.006000355,0.015893376,0.009707917,0.009288509,-0.6180251
6657,2026-08-14,-0.004310081,0.00089126546,0.00684673,0.006554433,-0.6294175
6464,2026-08-14,-0.005769646,0.008279711,0.009117737,0.008632174,-0.63272417
6147,2026-08-14,-0.006425691,-0.012208848,0.0100946855,0.012621906,-0.6364789
2706,2026-08-14,-0.006469803,-0.012122312,0.009917923,0.006984522,-0.65226865
7584,2026-08-14,-0.006721906,-0.00082300336,0.010183868,0.009525738,-0.6599895
2608,2026-08-14,-0.0059575075,-0.02217441,0.008974773,0.007109865,-0.663732
2616,2026-08-14,-0.00689725,-0.003945095,0.010388577,0.011050367,-0.6638624
1909,2026-08-14,-0.0056024645,0.00011044182,0.00835587,0.010134611,-0.6704022
2912,2026-08-14,-0.007549484,-0.020476384,0.011242199,0.010599866,-0.6714712
8466,2026-08-14,-0.005610817,-0.018350117,0.008335305,0.00822567,-0.673058
4903,2026-08-14,-0.008797253,-0.040951513,0.012972061,0.013528497,-0.678117
2408,2026-08-14,-0.00845257,-0.0034690273,0.0122343525,0.009057903,-0.6908317
2364,2026-08-14,-0.0073145796,0.021726472,0.010436046,0.010203479,-0.7008285
3373,2026-08-14,-0.005138588,0.005131053,0.007210552,0.008027575,-0.71254957
6203,2026-08-14,-0.0061887847,-0.025818715,0.008662347,0.00954635,-0.7143642
6292,2026-08-14,-0.0062073898,0.014505644,0.008664311,0.008966791,-0.7163493
8028,2026-08-14,-0.008357539,-0.0121568795,0.011607598,0.011190951,-0.7199439
3035,2026-08-14,-0.009801079,-0.008776819,0.013402418,0.014032484,-0.73123723
6217,2026-08-14,-0.010511122,0.0121564,0.014312518,0.014426041,-0.7343493
6669,2026-08-14,-0.0059316587,-0.01383312,0.008066889,0.011720297,-0.73521817
9924,2026-08-14,-0.0040815626,-0.018264866,0.005448614,0.006316032,-0.74896365
5347,2026-08-14,-0.006964813,-0.0001643654,0.009279824,0.008883815,-0.750452
6753,2026-08-14,-0.014006654,0.015824592,0.018092759,0.02294853,-0.7741152
8299,2026-08-14,-0.008542221,-0.01995567,0.010890489,0.008778269,-0.78430235
6830,2026-08-14,-0.010880131,-0.04155332,0.013803874,0.015757574,-0.7881369
5309,2026-08-14,-0.00689085,-0.0028312216,0.008718484,0.01170858,-0.79028183
2312,2026-08-14,-0.009313756,-0.010635072,0.0116388,0.011363084,-0.8001646
3024,2026-08-14,-0.010604211,0.006287368,0.013119392,0.009572491,-0.8082236
6163,2026-08-14,-0.0059489044,-0.0048253406,0.0073471153,0.009518946,-0.80958235
2509,2026-08-14,-0.008008701,0.017123265,0.009812714,0.011653148,-0.8160724
6510,2026-08-14,-0.009952651,-0.005440981,0.012108524,0.010738207,-0.82188624
6658,2026-08-14,-0.010874764,0.0011430128,0.013055313,0.016084889,-0.83291227
6840,2026-08-14,-0.011223448,-0.0055627236,0.013390897,0.013031658,-0.83807755
6198,2026-08-14,-0.00876402,-0.00073128514,0.010388733,0.011109984,-0.84352696
1416,2026-08-14,-0.009159183,0.011003373,0.01066838,0.008384886,-0.858455
1504,2026-08-14,-0.009222216,-0.011333259,0.010739359,0.00951646,-0.8586506
6180,2026-08-14,-0.006873786,0.0015333978,0.007925148,0.009208067,-0.86722904
2377,2026-08-14,-0.011101798,-0.01933756,0.012716809,0.012565062,-0.8729332
2450,2026-08-14,-0.0068685454,-0.019539228,0.007865406,0.007373533,-0.87314916
3481,2026-08-14,-0.010170019,-0.014094299,0.0116359405,0.01056813,-0.8739427
8150,2026-08-14,-0.009528186,-0.014597549,0.010864068,0.01157413,-0.876956
6229,2026-08-14,-0.0113871135,0.020872306,0.012983217,0.013323527,-0.8769965
8444,2026-08-14,-0.009771051,-0.020697815,0.011089493,0.010671732,-0.8810295
6906,2026-08-14,-0.010451799,-0.0027997156,0.01154952,0.012026763,-0.9048769
6230,2026-08-14,-0.008620593,-0.03002708,0.009522626,0.007958835,-0.9051796
3577,2026-08-14,-0.00930287,-0.031707242,0.010187534,0.012685635,-0.9130725
2923,2026-08-14,-0.011006364,-0.031580612,0.011982045,0.010203079,-0.9184947
3532,2026-08-14,-0.010287488,-0.015754338,0.01116755,0.010145594,-0.9211122
3228,2026-08-14,-0.008152533,0.0032273226,0.008818614,0.008873974,-0.9243639
8215,2026-08-14,-0.009703072,-0.0076371334,0.010296308,0.0076512196,-0.94229203
4590,2026-08-14,-0.009631421,0.015973896,0.010151448,0.0111839445,-0.9486797
1530,2026-08-14,-0.008576432,0.009078706,0.009010399,0.010925277,-0.9517315
2704,2026-08-14,-0.007883138,-0.015672212,0.008255666,0.0073689376,-0.9547604
2482,2026-08-14,-0.008068604,-0.016306845,0.008426121,0.010780034,-0.9574567
7827,2026-08-14,-0.00920841,0.007263893,0.009532949,0.015389245,-0.96585476
3711,2026-08-14,-0.010324047,-0.014392392,0.010646696,0.008820308,-0.9696038
6838,2026-08-14,-0.009239393,-0.014038834,0.009526482,0.007301622,-0.9697623
9904,2026-08-14,-0.011153924,-0.017761918,0.011496736,0.011200271,-0.9700974
6282,2026-08-14,-0.01042327,-0.02335469,0.010741795,0.009854865,-0.97025675
3088,2026-08-14,-0.012251991,-0.0399115,0.012604038,0.01477819,-0.97199154
6244,2026-08-14,-0.016465789,-0.024120294,0.016871486,0.0154662,-0.9758958
3466,2026-08-14,-0.010967744,-0.015477614,0.011083969,0.011387616,-0.9894248
3684,2026-08-14,-0.009786821,0.014981538,0.009872999,0.009512866,-0.99117094
3260,2026-08-14,-0.010356033,-0.02423999,0.010281295,0.007651604,-1.0071714
3491,2026-08-14,-0.010498656,-0.014658177,0.010399599,0.009948906,-1.009428
2434,2026-08-14,-0.01170096,-0.031196332,0.011460907,0.0152032515,-1.0208563
6210,2026-08-14,-0.009831012,-0.0007207628,0.009621997,0.009549369,-1.0216165
1233,2026-08-14,-0.009105133,-0.022980336,0.008891662,0.009328828,-1.0238929
1532,2026-08-14,-0.0070640873,-0.004858882,0.0068672993,0.0037124685,-1.028506
6654,2026-08-14,-0.012122543,0.00010785889,0.011748186,0.0164819,-1.0317771
3443,2026-08-14,-0.00889098,0.0076996405,0.008606653,0.013590059,-1.0329157
4577,2026-08-14,-0.013140383,-0.016458983,0.012388528,0.0140513675,-1.060604
6768,2026-08-14,-0.01148332,-0.01808987,0.010740651,0.012075027,-1.0690461
2913,2026-08-14,-0.008433419,-0.015386838,0.007858413,0.008294012,-1.0730342
2543,2026-08-14,-0.010900648,-0.011093835,0.0100734355,0.009156863,-1.0820107
4991,2026-08-14,-0.012433461,-0.018920902,0.011148796,0.012853504,-1.115129
6881,2026-08-14,-0.008542958,-0.018230032,0.0075710244,0.009413414,-1.1282264
8089,2026-08-14,-0.010055193,-0.025202908,0.008887632,0.010214379,-1.1312419
8404,2026-08-14,-0.0098555265,-0.017655738,0.008628817,0.0076061063,-1.1420319
3010,2026-08-14,-0.010623694,0.008389301,0.009255444,0.010618484,-1.1477079
4747,2026-08-14,-0.010375464,0.020488719,0.009003121,0.008226361,-1.1523017
3207,2026-08-14,-0.013913631,-0.010658573,0.012057133,0.011544457,-1.1538794
8027,2026-08-14,-0.017385932,-0.008384278,0.015028002,0.017438877,-1.1568254
3609,2026-08-14,-0.013244762,-0.01731307,0.011163105,0.011001409,-1.1863703
2812,2026-08-14,-0.010710597,-0.029639227,0.009004949,0.010162662,-1.1892803
6593,2026-08-14,-0.010468495,-0.01576149,0.008787972,0.009835855,-1.1910944
3581,2026-08-14,-0.03627246,-0.0195272,0.03025341,0.024123807,-1.1989148
3051,2026-08-14,-0.011111011,0.01435077,0.009260063,0.008357214,-1.1997554
6901,2026-08-14,-0.018863307,-0.030337313,0.015711153,0.01649394,-1.2005552
4706,2026-08-14,-0.011274918,-0.0124126095,0.009386345,0.011413259,-1.2010764
2002,2026-08-14,-0.011075692,-0.0124189,0.009177375,0.010234562,-1.2067161
2457,2026-08-14,-0.009679759,-0.008003627,0.00801046,0.009250134,-1.208239
5215,2026-08-14,-0.012538481,0.015993115,0.010341492,0.009554381,-1.2123269
6219,2026-08-14,-0.014401656,-0.020803101,0.011858494,0.010167898,-1.2143567
2849,2026-08-14,-0.009503001,-0.030664941,0.0077079474,0.008399843,-1.2327236
6733,2026-08-14,-0.01164914,-0.03375806,0.0094380155,0.008140415,-1.2341478
2428,2026-08-14,-0.015017,0.011993342,0.012132586,0.014470255,-1.2376391
2929,2026-08-14,-0.01229331,-0.004885477,0.00954578,0.0098784035,-1.2876917
8926,2026-08-14,-0.011277782,-0.032208238,0.008694347,0.009552429,-1.2969904
5228,2026-08-14,-0.0114924135,0.0032978079,0.008800506,0.012781457,-1.3057326
4198,2026-08-14,-0.011035722,-0.00044901564,0.008419159,0.0060743326,-1.310631
2228,2026-08-14,-0.009434134,-0.01984054,0.007187315,0.0074782334,-1.3124264
1528,2026-08-14,-0.012727368,-0.0027523336,0.009692216,0.009093684,-1.313018
2464,2026-08-14,-0.014595335,-0.027263213,0.011085608,0.010126805,-1.3164834
2380,2026-08-14,-0.013968002,-0.012078735,0.01059008,0.010028165,-1.3188459
1722,2026-08-14,-0.0145756565,-0.027049845,0.011043682,0.008365183,-1.319699
2601,2026-08-14,-0.012424038,-0.023386352,0.0094101345,0.0069828955,-1.3201424
6182,2026-08-14,-0.014594537,-0.016563423,0.011000473,0.01040069,-1.3265984
3349,2026-08-14,-0.011710625,0.020840168,0.008786333,0.009017355,-1.3326712
2014,2026-08-14,-0.012500809,-0.011305376,0.009369603,0.009695916,-1.3340452
4994,2026-08-14,-0.011942651,-0.036383454,0.008865447,0.008800073,-1.3469489
4171,2026-08-14,-0.014824913,-0.018103622,0.010989035,0.0102548525,-1.3489414
8467,2026-08-14,-0.014145798,-0.024670303,0.010446841,0.008645864,-1.3539445
1109,2026-08-14,-0.009916791,-0.024633761,0.0072802114,0.009214828,-1.36197
3669,2026-08-14,-0.009210718,-0.017403927,0.0067574866,0.006904258,-1.3628374
6546,2026-08-14,-0.017548036,-0.00524908,0.012873422,0.010806626,-1.3630154
6187,2026-08-14,-0.0141951125,-0.021114063,0.010284146,0.008892781,-1.3801565
3430,2026-08-14,-0.018490044,0.00068823,0.013394269,0.015379146,-1.3803414
8931,2026-08-14,-0.011909679,-0.017400404,0.008385178,0.0080257645,-1.4201558
2034,2026-08-14,-0.014101813,0.0054579615,0.009738013,0.008813322,-1.4479713
6124,2026-08-14,-0.014397198,-0.0024209884,0.009744101,0.0119598275,-1.477378
8409,2026-08-14,-0.014808984,-0.025468405,0.009994592,0.010230643,-1.4815514
4503,2026-08-14,-0.019116558,-0.027333999,0.012894338,0.012881552,-1.4824394
2369,2026-08-14,-0.018548366,-0.019788714,0.012487471,0.012091952,-1.485239
5905,2026-08-14,-0.013968476,-0.025044382,0.009281885,0.008911803,-1.5047559
3332,2026-08-14,-0.016171005,0.0040095965,0.010424941,0.0121715525,-1.5510355
6443,2026-08-14,-0.018093374,-0.027853616,0.011648801,0.0101928655,-1.5531057
1815,2026-08-14,-0.013293745,-0.027480507,0.008517623,0.008008541,-1.5605509
2328,2026-08-14,-0.010553656,-0.01922419,0.0067549073,0.009674771,-1.5621376
6142,2026-08-14,-0.011840576,-0.020542243,0.007565079,0.0076981653,-1.5649555
6890,2026-08-14,-0.01832309,-0.03700485,0.011593684,0.012999251,-1.5803009
2376,2026-08-14,-0.019289965,-0.018380662,0.01216732,0.011130556,-1.5852611
1713,2026-08-14,-0.013032233,-0.017375698,0.008218586,0.0071124686,-1.5855095
4167,2026-08-14,-0.013809401,0.0008244913,0.008654636,0.009411098,-1.5954229
3296,2026-08-14,-0.015911795,0.0074356715,0.0099026635,0.009203118,-1.6066575
3537,2026-08-14,-0.016058348,0.0024445828,0.0099440515,0.011004834,-1.6147074
3022,2026-08-14,-0.018472675,-0.040668555,0.011342164,0.011577625,-1.6285293
1718,2026-08-14,-0.019806385,-0.010143085,0.012125009,0.010756799,-1.6333804
2889,2026-08-14,-0.010558971,-0.00033258612,0.0064602643,0.006473154,-1.6341959
9938,2026-08-14,-0.010790285,-0.028323878,0.006515227,0.0074412823,-1.65591
2388,2026-08-14,-0.02251308,-0.036449537,0.0135591645,0.010449983,-1.6602365
3653,2026-08-14,-0.01826962,-0.013349859,0.011001825,0.010341425,-1.6604481
2241,2026-08-14,-0.013653189,-0.030055081,0.008059788,0.00942134,-1.6937785
2025,2026-08-14,-0.025442176,-0.0018162131,0.014972715,0.012526971,-1.6991224
6620,2026-08-14,-0.015582543,-0.033595253,0.009143192,0.010272082,-1.7040917
3313,2026-08-14,-0.014589318,-0.01814876,0.0085539045,0.009324101,-1.7053747
4442,2026-08-14,-0.020855023,-0.042924877,0.012193348,0.01090493,-1.7102203
5481,2026-08-14,-0.017155547,-0.028260564,0.010024561,0.008635117,-1.7111807
2739,2026-08-14,-0.016995935,0.015012294,0.009920933,0.00936937,-1.712966
3176,2026-08-14,-0.015902368,-0.0052007143,0.009279766,0.0089651,-1.7134758
7730,2026-08-14,-0.02402111,-0.00995702,0.013922865,0.014823827,-1.7251754
1584,2026-08-14,-0.013517386,-0.002838122,0.007822687,0.008337181,-1.7277514
8097,2026-08-14,-0.021140797,-0.041741345,0.01223291,0.0078678895,-1.728049
6971,2026-08-14,-0.012937574,-0.023979465,0.0074764746,0.0080098035,-1.7302064
2538,2026-08-14,-0.015814615,-0.037231207,0.0090859765,0.009568488,-1.7403605
4979,2026-08-14,-0.022120427,-0.038341798,0.012627503,0.0133501515,-1.751627
8942,2026-08-14,-0.02030334,0.012901119,0.011581213,0.008132808,-1.7529758
2236,2026-08-14,-0.014014014,-0.029919293,0.007934307,0.010625051,-1.766033
2887,2026-08-14,-0.016542219,-0.010201748,0.009349595,0.011344417,-1.7691087
9933,2026-08-14,-0.015165745,0.0074280878,0.008557959,0.011404095,-1.7719146
3163,2026-08-14,-0.0132023655,-0.025406834,0.0074146404,0.007978967,-1.7803407
5483,2026-08-14,-0.01710207,-0.015372153,0.009550852,0.010231459,-1.7904454
2478,2026-08-14,-0.024766026,-0.026260765,0.013825689,0.01519405,-1.7911754
2012,2026-08-14,-0.015268718,-0.023623317,0.008470142,0.008491076,-1.802439
1325,2026-08-14,-0.01795179,-0.033943214,0.009896293,0.008490253,-1.813808
4306,2026-08-14,-0.015658846,-0.0034927658,0.008538327,0.008442791,-1.833733
4108,2026-08-14,-0.017043805,-0.01403729,0.009284984,0.009889502,-1.8354332
2451,2026-08-14,-0.016540093,-0.020051159,0.008968143,0.009014671,-1.8441107
4556,2026-08-14,-0.04755161,-0.03790705,0.025685742,0.030177606,-1.8512121
3701,2026-08-14,-0.023363601,-0.041984558,0.012583329,0.009155952,-1.8565631
8046,2026-08-14,-0.019673599,-0.03338762,0.010568255,0.012377149,-1.8613988
2838,2026-08-14,-0.015419304,-0.030840106,0.008224024,0.0097907195,-1.8746818
4744,2026-08-14,-0.021450913,-0.013170114,0.011396829,0.010859766,-1.8820174
6431,2026-08-14,-0.016363386,-0.010898309,0.008621816,0.008274418,-1.8976847
8429,2026-08-14,-0.018056978,-0.02562205,0.009464548,0.010101867,-1.9076526
3219,2026-08-14,-0.022500824,-0.010576392,0.011758577,0.0117172,-1.9134041
1409,2026-08-14,-0.01812538,0.0038585826,0.009395353,0.00861798,-1.9289804
3708,2026-08-14,-0.030682664,-0.026671799,0.015896365,0.017975243,-1.9300472
1259,2026-08-14,-0.016826706,-0.001601551,0.008680664,0.007857564,-1.938189
2548,2026-08-14,-0.018941224,-0.03574015,0.009677008,0.0067149783,-1.9571407
6794,2026-08-14,-0.012595325,-0.028987873,0.0064160884,0.008443158,-1.9627788
6642,2026-08-14,-0.023936074,0.012159965,0.01219167,0.0091095045,-1.9631528
2820,2026-08-14,-0.016101744,-0.029077703,0.008165519,0.006157487,-1.9716778
4915,2026-08-14,-0.0150547605,-0.0302947,0.0076082963,0.008682934,-1.9784695
2231,2026-08-14,-0.029915873,-0.024705496,0.015088511,0.016640734,-1.9825608
3630,2026-08-14,-0.018397128,-0.045563474,0.009263873,0.011223644,-1.9856858
1440,2026-08-14,-0.018936085,-0.0014747771,0.009382868,0.011488552,-2.01794
7751,2026-08-14,-0.017967684,-0.01738563,0.008890237,0.009641963,-2.0208306
6934,2026-08-14,-0.016954234,-0.019127961,0.008382633,0.008246109,-2.0223014
3062,2026-08-14,-0.020291567,-0.017519526,0.0100244135,0.00859476,-2.0240128
6169,2026-08-14,-0.015976574,-0.01898606,0.00787168,0.008030615,-2.029369
7799,2026-08-14,-0.020361777,-0.01522526,0.010018731,0.009194489,-2.0321681
6234,2026-08-14,-0.030209105,-0.01373539,0.014859858,0.014686399,-2.0327969
1603,2026-08-14,-0.026673043,-0.005400881,0.013111202,0.009423567,-2.0342155
0050,2026-08-14,-0.042055685,-0.05713938,0.02056782,0.020432314,-2.044633
4931,2026-08-14,-0.02454238,0.0031483911,0.011971903,0.013012943,-2.0498269
6957,2026-08-14,-0.021185394,-0.007197101,0.010289568,0.011716403,-2.0587194
6174,2026-08-14,-0.035950232,-0.021154305,0.01729366,0.021670705,-2.0786898
6548,2026-08-14,-0.023961432,-0.037513766,0.01149717,0.011435285,-2.0839345
5490,2026-08-14,-0.015494871,-0.03480244,0.0074114185,0.011935669,-2.0903935
3694,2026-08-14,-0.017710777,-0.03373257,0.008471398,0.012800397,-2.090409
2719,2026-08-14,-0.014236222,-0.02963842,0.0067279115,0.008704572,-2.1156797
2064,2026-08-14,-0.019493503,-0.009462983,0.009166332,0.010452642,-2.1264095
4406,2026-08-14,-0.018322052,-0.016409123,0.008543226,0.009229345,-2.1443782
6101,2026-08-14,-0.020647911,-0.031176753,0.00962588,0.011798857,-2.1448185
4906,2026-08-14,-0.018904261,-0.019255284,0.008794295,0.0075904415,-2.1493607
2227,2026-08-14,-0.02683702,-0.04248158,0.012479872,0.008267607,-2.1502519
4542,2026-08-14,-0.021495532,-0.057572596,0.009994656,0.011145211,-2.1504874
1444,2026-08-14,-0.014941508,-0.0066194036,0.006920726,0.00833399,-2.1586392
5263,2026-08-14,-0.017159414,-0.029925054,0.007947283,0.0074090995,-2.158883
6239,2026-08-14,-0.018298637,-0.02358098,0.008402722,0.012148223,-2.1774442
4739,2026-08-14,-0.021154698,-0.0073678032,0.009701166,0.009998636,-2.1804097
6259,2026-08-14,-0.02316962,0.00028167825,0.010590377,0.014814336,-2.1875927
6125,2026-08-14,-0.049089056,-0.018265242,0.022375772,0.0301656,-2.1937506
8289,2026-08-14,-0.025894117,-0.0041434327,0.011792834,0.01901939,-2.1955638
6214,2026-08-14,-0.021841848,-0.023025768,0.009913135,0.009590183,-2.2031016
2498,2026-08-14,-0.018954583,-0.03697637,0.0085696485,0.011401123,-2.211569
3043,2026-08-14,-0.02503254,-0.009354821,0.011117898,0.009373317,-2.2513509
6785,2026-08-14,-0.022324495,-0.02077872,0.009905364,0.008890166,-2.2535508
6870,2026-08-14,-0.020575803,-0.00942604,0.009107362,0.009490021,-2.2590015
2365,2026-08-14,-0.022524118,-0.006778787,0.009958538,0.010402205,-2.2615626
9105,2026-08-14,-0.022659143,-0.036020823,0.009906926,0.007882378,-2.2869713
1316,2026-08-14,-0.01822558,-0.020799974,0.0079641435,0.011039734,-2.2881672
3045,2026-08-14,-0.022203261,-0.04237142,0.009673842,0.011577847,-2.294948
4949,2026-08-14,-0.028976528,-0.014013793,0.012208144,0.010483848,-2.3733463
3450,2026-08-14,-0.02653584,-0.033910174,0.011160241,0.010289424,-2.3774989
3550,2026-08-14,-0.02173193,-0.0151333045,0.009136944,0.009631644,-2.3782077
2883,2026-08-14,-0.022157189,-0.026515655,0.009308609,0.008413607,-2.3800342
2486,2026-08-14,-0.029154984,-0.055355247,0.012217016,0.009906805,-2.386229
6931,2026-08-14,-0.029741256,-0.005609074,0.012413731,0.012069746,-2.3956423
9934,2026-08-14,-0.019337066,-0.009197298,0.008055268,0.009970748,-2.400251
2441,2026-08-14,-0.029007578,-0.04430391,0.01191982,0.01376534,-2.4333544
9907,2026-08-14,-0.02286742,-0.019649127,0.009387527,0.008208255,-2.4356773
6771,2026-08-14,-0.037418615,-0.0057662628,0.015347806,0.011712207,-2.4378843
2395,2026-08-14,-0.025992442,-0.027420027,0.01058311,0.0095369145,-2.4557984
4304,2026-08-14,-0.023477228,-0.019072464,0.009533799,0.0074303686,-2.4622676
3305,2026-08-14,-0.031656284,-0.025432555,0.012840058,0.011954132,-2.4652395
8050,2026-08-14,-0.030708259,-0.080053836,0.012452332,0.013837162,-2.4658668
4905,2026-08-14,-0.019310081,-0.005602354,0.007828465,0.00884848,-2.4663348
5608,2026-08-14,-0.02606831,-0.008129733,0.010555201,0.010266128,-2.4694781
2458,2026-08-14,-0.02661757,-0.032675873,0.010768412,0.010217305,-2.4715898
5302,2026-08-14,-0.023612833,-0.011083138,0.009478802,0.009303037,-2.4908571
5009,2026-08-14,-0.027736435,-0.04703862,0.011063688,0.013894559,-2.5067525
8455,2026-08-14,-0.05765606,-0.0338314,0.022990908,0.017982893,-2.5076675
8938,2026-08-14,-0.021016585,-0.03423008,0.008312752,0.007625077,-2.5279303
7828,2026-08-14,-0.01894335,-0.031750564,0.0074336417,0.009404537,-2.5479844
4946,2026-08-14,-0.02819631,-0.016164724,0.011015384,0.012522462,-2.5594885
2409,2026-08-14,-0.029891653,-0.02945942,0.011665579,0.011447852,-2.562161
6016,2026-08-14,-0.027597282,-0.041495275,0.010766155,0.013318731,-2.5630987
4904,2026-08-14,-0.029755887,-0.0530062,0.011606909,0.01171167,-2.5634148
1714,2026-08-14,-0.031955954,-0.024321524,0.012378268,0.013111322,-2.581409
8476,2026-08-14,-0.032172684,-0.046456464,0.0124336565,0.010776108,-2.5873399
2524,2026-08-14,-0.021709187,-0.024143904,0.008370713,0.009747193,-2.5931592
7704,2026-08-14,-0.0183816,-0.0025414987,0.0070505487,0.008632206,-2.6067464
4743,2026-08-14,-0.024973659,-0.037820794,0.009572593,0.00979716,-2.6085985
3605,2026-08-14,-0.03414415,-0.0027825509,0.013078527,0.013000536,-2.6105034
9103,2026-08-14,-0.016166484,-0.029318813,0.0061719897,0.007401317,-2.6189067
6173,2026-08-14,-0.027337484,-0.032183822,0.010420208,0.012511157,-2.6232548
6112,2026-08-14,-0.032286458,-0.00061746436,0.01229319,0.010407377,-2.6261559
1312,2026-08-14,-0.02535533,-0.037769794,0.009643997,0.01133851,-2.628858
3661,2026-08-14,-0.021365372,-0.01578666,0.00812456,0.008050596,-2.6294029
1229,2026-08-14,-0.025108771,-0.026193352,0.009525778,0.009848612,-2.6355996
8213,2026-08-14,-0.03495609,-0.0179996,0.013227557,0.010716074,-2.6424718
6922,2026-08-14,-0.020272477,-0.0057641277,0.0076432526,0.010672938,-2.6519895
2611,2026-08-14,-0.033490386,-0.006688424,0.012621967,0.009054098,-2.653131
4139,2026-08-14,-0.01812133,-0.05019907,0.006791522,0.008504227,-2.6678355
8478,2026-08-14,-0.022779053,-0.0351534,0.008513483,0.006749186,-2.67533
4174,2026-08-14,-0.020323455,-0.026978506,0.0075496407,0.0103233205,-2.69162
8021,2026-08-14,-0.024433827,-0.023303442,0.009041938,0.01143998,-2.7019787
2314,2026-08-14,-0.02127877,-0.030364947,0.007821011,0.007704763,-2.7203705
8358,2026-08-14,-0.026828106,-0.032136235,0.00980669,0.011545422,-2.7354155
6274,2026-08-14,-0.025081547,-0.02189039,0.009157907,0.0106187025,-2.7384868
3714,2026-08-14,-0.026434777,-0.03586755,0.009647546,0.009006614,-2.7397678
6588,2026-08-14,-0.042248867,-0.055823747,0.015350605,0.018865239,-2.7520814
5515,2026-08-14,-0.032739837,-0.002185483,0.011849034,0.012979914,-2.7628474
5345,2026-08-14,-0.03412344,-0.049128946,0.012335678,0.014964834,-2.7660153
3339,2026-08-14,-0.03418888,-0.06291755,0.012305662,0.011924559,-2.778079
3628,2026-08-14,-0.024860764,-0.004009836,0.008934786,0.009795174,-2.7821574
3042,2026-08-14,-0.02525997,-0.03360912,0.009068427,0.01194204,-2.7851782
4414,2026-08-14,-0.030659348,-0.020729788,0.01100569,0.010003351,-2.7855191
2033,2026-08-14,-0.030635715,-0.0052841846,0.010992034,0.010821164,-2.7868297
6538,2026-08-14,-0.032078695,-0.027814277,0.01150755,0.010605531,-2.7873793
5530,2026-08-14,-0.019635228,-0.006715569,0.007034204,0.009246511,-2.7909963
8080,2026-08-14,-0.022094151,-0.015544423,0.007909886,0.010048687,-2.7928796
2836,2026-08-14,-0.025134822,-0.037422292,0.008998254,0.006963884,-2.7929895
1219,2026-08-14,-0.024325209,-0.023011228,0.00867422,0.009185563,-2.8039875
5351,2026-08-14,-0.035231598,-0.0018340448,0.012530031,0.009750977,-2.8115482
7792,2026-08-14,-0.036907,-0.030049268,0.013125069,0.013649785,-2.8117325
1305,2026-08-14,-0.026706595,-0.023193508,0.009485538,0.008379714,-2.8152096
6446,2026-08-14,-0.028461795,-0.014648946,0.010088048,0.01131425,-2.8210585
4716,2026-08-14,-0.041810077,-0.045845117,0.014673443,0.020696472,-2.8491764
3066,2026-08-14,-0.02974174,-0.010850696,0.010434532,0.010014469,-2.8500454
6683,2026-08-14,-0.028084824,-0.01855641,0.009798125,0.008943636,-2.866054
6015,2026-08-14,-0.034422897,-0.015446165,0.011988309,0.011266027,-2.8711326
2937,2026-08-14,-0.03590269,-0.0014192377,0.012502788,0.01172127,-2.871345
8472,2026-08-14,-0.020614268,-0.021744844,0.0070876065,0.008837941,-2.9080849
4726,2026-08-14,-0.026755273,-0.037789807,0.009195882,0.008349025,-2.9091678
7777,2026-08-14,-0.031482745,-0.051404905,0.010808401,0.008663327,-2.9125338
6823,2026-08-14,-0.022495536,-0.039123837,0.007711846,0.011608511,-2.9166324
3323,2026-08-14,-0.03380042,-0.024787407,0.011585176,0.011746292,-2.9173057
2324,2026-08-14,-0.040122394,-0.018106164,0.013721287,0.012172753,-2.923885
6997,2026-08-14,-0.021885129,-0.040344942,0.0074714106,0.00970987,-2.928791
5601,2026-08-14,-0.030378282,-0.008254,0.010357839,0.010035924,-2.9325953
8045,2026-08-14,-0.021104705,-0.046756387,0.007160804,0.010113783,-2.9468422
1459,2026-08-14,-0.02864085,0.0059075006,0.009715425,0.010318876,-2.9476736
2545,2026-08-14,-0.030480823,-0.032430496,0.010324025,0.010450793,-2.9521308
3211,2026-08-14,-0.032544695,-0.03744111,0.010982354,0.012576353,-2.9630926
5013,2026-08-14,-0.03140124,-0.009272244,0.010565148,0.010214347,-2.971872
1536,2026-08-14,-0.030624282,-0.03874806,0.010236274,0.0085378075,-2.9914486
6294,2026-08-14,-0.037926093,-0.028637413,0.012667168,0.0116584245,-2.9938104
6469,2026-08-14,-0.026970383,-0.049890485,0.008872642,0.011286748,-3.0393813
2454,2026-08-14,-0.030371984,-0.036549646,0.0099732485,0.0069439993,-3.04504
4760,2026-08-14,-0.042582147,-0.029952554,0.013795089,0.01642122,-3.0865376
2204,2026-08-14,-0.023521662,-0.016941508,0.0076164994,0.009519673,-3.0878456
6589,2026-08-14,-0.030181555,-0.013572353,0.009756969,0.010143462,-3.093016
2495,2026-08-14,-0.027533447,-0.01977518,0.008880714,0.007990261,-3.100015
4960,2026-08-14,-0.03776358,-0.03933861,0.01214925,0.01145354,-3.1080496
9914,2026-08-14,-0.032886002,-0.031910006,0.010573366,0.012177905,-3.109974
6672,2026-08-14,-0.03550542,-0.017778154,0.011261204,0.010075085,-3.1526175
4513,2026-08-14,-0.03190689,-0.03795572,0.010091246,0.00905113,-3.1615252
2405,2026-08-14,-0.029321551,-0.03598629,0.009243189,0.011288844,-3.1718898
3044,2026-08-14,-0.036029663,-0.022051757,0.011319195,0.007600738,-3.1827776
6166,2026-08-14,-0.04010943,-0.089125656,0.012582124,0.010212219,-3.1875572
3501,2026-08-14,-0.029624287,-0.016740642,0.009282416,0.01135006,-3.1910977
6151,2026-08-14,-0.025726056,0.008798981,0.008005894,0.008450954,-3.2129881
1304,2026-08-14,-0.03160766,-0.037967104,0.009830728,0.010610569,-3.214863
3685,2026-08-14,-0.032968804,-0.0336623,0.010244472,0.0127000855,-3.2178903
2515,2026-08-14,-0.028577892,-0.024794824,0.008846065,0.008508234,-3.2302115
2492,2026-08-14,-0.02286275,-0.02607921,0.007052698,0.009242719,-3.2412431
6225,2026-08-14,-0.029132025,-0.018007426,0.008935429,0.009786846,-3.2599177
8101,2026-08-14,-0.027164726,-0.037508916,0.008315672,0.009706529,-3.2662973
6133,2026-08-14,-0.037927907,-0.009523963,0.011603159,0.01038031,-3.2684753
6770,2026-08-14,-0.042669374,-0.023809697,0.013040214,0.012327461,-3.2718866
2645,2026-08-14,-0.057000842,-0.031062465,0.017409788,0.01787216,-3.2738805
1102,2026-08-14,-0.038549047,-0.051665377,0.011749817,0.011600891,-3.2805417
6937,2026-08-14,-0.03412432,-0.032738574,0.010362668,0.013045656,-3.2926872
6983,2026-08-14,-0.028381778,-0.04484702,0.008556908,0.0097135585,-3.3164387
2360,2026-08-14,-0.030878723,-0.020734044,0.009301034,0.011326872,-3.3195667
2065,2026-08-14,-0.03568666,0.0072332686,0.0107439505,0.010726979,-3.3212492
6693,2026-08-14,-0.082175694,-0.069239445,0.024636393,0.023994481,-3.3354053
3388,2026-08-14,-0.04315161,-0.02991202,0.012932625,0.017274536,-3.3363895
2337,2026-08-14,-0.045952134,-0.050670005,0.013698683,0.014951718,-3.3542478
4534,2026-08-14,-0.05120996,-0.040630903,0.015157301,0.016523369,-3.3783443
1802,2026-08-14,-0.034190513,-0.041022386,0.01011251,0.0085265115,-3.3806772
2867,2026-08-14,-0.026160324,-0.04086669,0.0077109835,0.009395648,-3.3921657
6829,2026-08-14,-0.034642745,-0.018154392,0.010163365,0.009012193,-3.4082546
6213,2026-08-14,-0.030470785,-0.011242598,0.008938995,0.00992263,-3.408367
1210,2026-08-14,-0.0311505,-0.055818703,0.009057842,0.00864466,-3.4386842
8131,2026-08-14,-0.04154517,-0.037284736,0.01203095,0.013931238,-3.4529042
6706,2026-08-14,-0.04126005,-0.040509053,0.011918948,0.012948135,-3.4614284
2718,2026-08-14,-0.03448374,-0.0043203877,0.009876714,0.01029396,-3.4910645
6127,2026-08-14,-0.05783209,-0.048347138,0.016527532,0.025375064,-3.4989247
1235,2026-08-14,-0.03227533,-0.031979468,0.009185344,0.006852145,-3.5134032
5292,2026-08-14,-0.037643813,-0.010721463,0.010692049,0.010727552,-3.5204003
1799,2026-08-14,-0.030758332,-0.0440909,0.008716265,0.008137094,-3.5284383
2367,2026-08-14,-0.04091502,-0.053213973,0.011547476,0.009801836,-3.5428934
6120,2026-08-14,-0.040562693,-0.05192531,0.011398214,0.009118135,-3.5583763
3363,2026-08-14,-0.03553124,-0.042340446,0.00990531,0.009032014,-3.586728
6113,2026-08-14,-0.04236219,-0.01181755,0.011759264,0.011092082,-3.6021461
3016,2026-08-14,-0.04404951,-0.05086244,0.01220659,0.012531199,-3.6083705
6199,2026-08-14,-0.055493195,-0.06732376,0.015353233,0.017382143,-3.614195
3236,2026-08-14,-0.07459445,-0.055769634,0.020598633,0.02556427,-3.6211543
1612,2026-08-14,-0.048470497,-0.023794917,0.013254848,0.011778902,-3.6565368
8924,2026-08-14,-0.033135843,-0.046124928,0.009048129,0.009057902,-3.6617713
1569,2026-08-14,-0.035518833,-0.042165224,0.009693599,0.0084485635,-3.6637752
6144,2026-08-14,-0.040026523,-0.04393637,0.010812709,0.013442389,-3.701461
3018,2026-08-14,-0.04376543,-0.052757405,0.011806418,0.010089254,-3.7066045
5514,2026-08-14,-0.03705177,-0.012844275,0.009957278,0.011668681,-3.7207005
1309,2026-08-14,-0.031951196,-0.04163597,0.008553338,0.009517535,-3.7350867
3357,2026-08-14,-0.055596113,-0.046795502,0.014813211,0.013846736,-3.7528906
1605,2026-08-14,-0.04421632,-0.04186965,0.011553422,0.013822619,-3.8267877
4609,2026-08-14,-0.039537616,-0.023973107,0.010319795,0.010854609,-3.830869
4558,2026-08-14,-0.038431183,-0.01290766,0.010023103,0.009435759,-3.8338773
5213,2026-08-14,-0.033898924,-0.049386423,0.008823759,0.01154953,-3.8413427
1413,2026-08-14,-0.045407474,-0.033860706,0.0118091125,0.00800722,-3.844796
6201,2026-08-14,-0.03190808,-0.05366134,0.00829652,0.00527831,-3.8454957
3284,2026-08-14,-0.040790047,-0.014714948,0.010580066,0.010018112,-3.8550036
8071,2026-08-14,-0.053549554,-0.032479946,0.0138833,0.012411545,-3.856842
5474,2026-08-14,-0.031171303,-0.016445922,0.008059762,0.010977628,-3.8670413
4119,2026-08-14,-0.044051226,-0.022419853,0.011376369,0.0124931345,-3.8718288
6134,2026-08-14,-0.047498934,-0.01993783,0.012253407,0.014736493,-3.8760693
5464,2026-08-14,-0.08407012,-0.08976148,0.021609569,0.02482268,-3.8902314
3631,2026-08-14,-0.04046645,-0.014653057,0.010400343,0.009764046,-3.8905025
4128,2026-08-14,-0.0469816,-0.03931924,0.012020729,0.01163773,-3.9080567
2483,2026-08-14,-0.06199278,-0.06103605,0.015822079,0.015230316,-3.9178708
2329,2026-08-14,-0.033043995,-0.03155187,0.008412162,0.00960734,-3.9276547
5469,2026-08-14,-0.033553183,-0.030642519,0.008497704,0.0070677334,-3.9480352
2049,2026-08-14,-0.055429976,-0.07097319,0.0139585575,0.015057035,-3.9707544
6913,2026-08-14,-0.033906005,0.005091412,0.008537033,0.009287596,-3.971173
6550,2026-08-14,-0.03832571,-0.04540985,0.009636936,0.009297858,-3.9765472
1326,2026-08-14,-0.03572138,-0.035488438,0.008962045,0.010647787,-3.9854064
2357,2026-08-14,-0.02980607,-0.028463857,0.007457731,0.00816458,-3.9961317
6461,2026-08-14,-0.049980287,-0.03934545,0.012495053,0.012176474,-3.9996858
4549,2026-08-14,-0.040878534,-0.01962958,0.010212291,0.009594087,-4.002484
2375,2026-08-14,-0.06193203,-0.05201172,0.015457202,0.013719141,-4.0064187
4127,2026-08-14,-0.034471955,-0.0328694,0.008597053,0.011216642,-4.0092745
2313,2026-08-14,-0.034486298,-0.04117646,0.008573932,0.0077782213,-4.0217576
7402,2026-08-14,-0.05235874,-0.02857345,0.012977216,0.018539729,-4.0343556
6221,2026-08-14,-0.05418908,-0.045742538,0.013426673,0.013841965,-4.035627
6762,2026-08-14,-0.04789102,-0.060055748,0.011860221,0.007741058,-4.037613
6021,2026-08-14,-0.0426776,-0.020675449,0.010523737,0.0105537,-4.05498
6603,2026-08-14,-0.036384482,-0.027608356,0.008965684,0.01271656,-4.0577407
3406,2026-08-14,-0.030797426,-0.028455226,0.0075742686,0.007437366,-4.0655227
4163,2026-08-14,-0.052012082,-0.030551972,0.0127528105,0.010039561,-4.0781603
8935,2026-08-14,-0.042857844,-0.022511598,0.010493848,0.011172253,-4.0837035
3704,2026-08-14,-0.05520364,-0.09792151,0.01348908,0.011339122,-4.0921655
6965,2026-08-14,-0.03728028,-0.05226908,0.009049025,0.010049548,-4.119356
2392,2026-08-14,-0.03937351,-0.021261536,0.009539344,0.010496924,-4.1270533
8261,2026-08-14,-0.059489954,-0.047085263,0.01432254,0.021341871,-4.1533
8271,2026-08-14,-0.033588596,-0.03824779,0.008085072,0.010628966,-4.1538825
2514,2026-08-14,-0.041292373,-0.06033565,0.009933773,0.011908093,-4.1563478
8905,2026-08-14,-0.041611623,-0.017867502,0.009991323,0.010053638,-4.164359
4919,2026-08-14,-0.04009925,-0.0631414,0.009625047,0.011161285,-4.1657023
3504,2026-08-14,-0.035013605,-0.057434656,0.008399903,0.010000281,-4.167838
2426,2026-08-14,-0.05624245,-0.0704247,0.013489912,0.013348287,-4.168914
5321,2026-08-14,-0.041741975,-0.032216005,0.009969409,0.011985433,-4.186586
8940,2026-08-14,-0.048136327,-0.046112124,0.011450399,0.008403823,-4.2035327
1905,2026-08-14,-0.043524846,-0.04332433,0.010348725,0.009963564,-4.205411
4576,2026-08-14,-0.043688122,-0.046103977,0.0103825675,0.010345687,-4.207429
3379,2026-08-14,-0.04884484,-0.039529927,0.011585012,0.0110749155,-4.2158456
4950,2026-08-14,-0.04508427,-0.012058349,0.01067522,0.0103475265,-4.2228684
6692,2026-08-14,-0.04334024,-0.018727677,0.010247207,0.011898843,-4.2290554
1301,2026-08-14,-0.044538822,-0.04294826,0.010526009,0.009843178,-4.2309093
1717,2026-08-14,-0.05077564,-0.057537872,0.011989258,0.01205352,-4.234741
5498,2026-08-14,-0.045319073,-0.03591736,0.010675585,0.011949055,-4.244716
1336,2026-08-14,-0.044778008,-0.035360567,0.0104928035,0.011855153,-4.2670903
2634,2026-08-14,-0.04666104,-0.040258177,0.010918824,0.0106001645,-4.273058
6643,2026-08-14,-0.03833435,-0.052612606,0.008928163,0.014482261,-4.293163
7711,2026-08-14,-0.040569153,0.005508237,0.00942483,0.0077287527,-4.3040404
6651,2026-08-14,-0.045310225,-0.018136786,0.010520683,0.01104455,-4.306367
5392,2026-08-14,-0.0477582,-0.04998653,0.011073882,0.007625747,-4.312299
4911,2026-08-14,-0.035488144,-0.036946192,0.008223225,0.01010653,-4.315074
2323,2026-08-14,-0.04227693,-0.030306535,0.009795868,0.012302816,-4.3153515
2413,2026-08-14,-0.04620881,-0.0334589,0.010682102,0.009174435,-4.325411
1225,2026-08-14,-0.038383015,-0.045993987,0.008859301,0.0088171195,-4.332021
3287,2026-08-14,-0.04399665,-0.018723892,0.010150268,0.014582676,-4.334104
8112,2026-08-14,-0.043376617,-0.03707278,0.010003338,0.010663824,-4.335781
3490,2026-08-14,-0.048564214,-0.030950062,0.011196709,0.008487803,-4.3369775
6834,2026-08-14,-0.051476464,-0.04702638,0.0118388375,0.0104829045,-4.347734
3580,2026-08-14,-0.053001735,-0.045044098,0.012146458,0.013458522,-4.3631954
8093,2026-08-14,-0.045073867,-0.029586803,0.010322598,0.011136715,-4.3661003
1310,2026-08-14,-0.059733946,-0.0594989,0.013652321,0.013411977,-4.3750486
1515,2026-08-14,-0.06416683,-0.04897868,0.014647865,0.016778778,-4.3803277
4707,2026-08-14,-0.051191036,-0.04865779,0.011663705,0.014482509,-4.3885407
3048,2026-08-14,-0.053553138,-0.044287786,0.0121716475,0.011609378,-4.399465
2332,2026-08-14,-0.046955895,-0.05630683,0.010658213,0.011494127,-4.4051933
2474,2026-08-14,-0.034588344,-0.020485384,0.007748446,0.008078978,-4.463331
6859,2026-08-14,-0.04993994,-0.03915877,0.011172463,0.012821091,-4.469513
6265,2026-08-14,-0.048070196,-0.0327607,0.010745114,0.011238053,-4.4732633
3498,2026-08-14,-0.049312696,-0.033117905,0.010988436,0.011345385,-4.487282
1231,2026-08-14,-0.04176522,-0.054152932,0.009292515,0.009246559,-4.4940176
2302,2026-08-14,-0.054455705,-0.07052792,0.0120984875,0.011136716,-4.500662
3508,2026-08-14,-0.047823317,-0.03606017,0.010624314,0.012967727,-4.500885
8043,2026-08-14,-0.08812766,-0.10256176,0.019577816,0.021143861,-4.501174
6456,2026-08-14,-0.045932997,-0.052451953,0.0101744095,0.010142128,-4.5141177
6695,2026-08-14,-0.043715294,-0.036444522,0.009679803,0.00826743,-4.5156684
1434,2026-08-14,-0.04440752,-0.04754471,0.0098015675,0.010744766,-4.530193
3264,2026-08-14,-0.06877602,-0.066717885,0.0151335215,0.014610215,-4.544314
1563,2026-08-14,-0.056029193,-0.025674723,0.012324813,0.011480844,-4.545679
8033,2026-08-14,-0.052614085,-0.03714428,0.011566588,0.009031475,-4.548406
2540,2026-08-14,-0.05206048,-0.0824146,0.011421728,0.009407981,-4.5576224
2910,2026-08-14,-0.049053095,-0.06643346,0.010755453,0.0108860405,-4.560341
2905,2026-08-14,-0.037414383,-0.041777752,0.008124766,0.008159055,-4.604413
6202,2026-08-14,-0.04507536,-0.05346228,0.009780099,0.008802,-4.6084146
4169,2026-08-14,-0.054555777,-0.06946253,0.011784716,0.01029959,-4.6289744
7842,2026-08-14,-0.055459537,-0.056198757,0.011896731,0.014257938,-4.661354
5210,2026-08-14,-0.048662536,-0.035003025,0.010430097,0.010293789,-4.6651406
6804,2026-08-14,-0.03908193,-0.024374077,0.008370738,0.012089216,-4.668318
6108,2026-08-14,-0.06385842,-0.036231153,0.013618706,0.012904288,-4.6886783
6716,2026-08-14,-0.06371751,-0.029774675,0.013585314,0.012426475,-4.6898303
3231,2026-08-14,-0.058988515,-0.056295324,0.012571383,0.009056608,-4.6919117
8383,2026-08-14,-0.085973896,-0.07333736,0.018320417,0.019057212,-4.6925354
9136,2026-08-14,-0.04677915,-0.057021577,0.0099431835,0.009902574,-4.7041717
6116,2026-08-14,-0.0362262,-0.04426614,0.0076978575,0.008509827,-4.7054
6206,2026-08-14,-0.06059466,-0.07799032,0.012765665,0.01264547,-4.746319
5227,2026-08-14,-0.05372884,-0.07129683,0.011200167,0.013444273,-4.796718
2301,2026-08-14,-0.05276731,-0.049530864,0.010970385,0.010797979,-4.8095393
6505,2026-08-14,-0.04677883,-0.045737583,0.009716951,0.010090027,-4.8136516
4555,2026-08-14,-0.06312592,-0.044046298,0.013070043,0.010747888,-4.8294477
6451,2026-08-14,-0.0672118,-0.08138364,0.013853789,0.013520867,-4.85116
1586,2026-08-14,-0.052774254,-0.042924587,0.01086846,0.011617403,-4.8552785
3055,2026-08-14,-0.079191476,-0.06456233,0.016290836,0.014992464,-4.8608074
4952,2026-08-14,-0.048947852,-0.025576495,0.010055352,0.010982456,-4.867357
2321,2026-08-14,-0.047860876,-0.032268655,0.009762787,0.011841517,-4.901876
1597,2026-08-14,-0.047053304,-0.04963416,0.009571198,0.010288064,-4.9156213
3693,2026-08-14,-0.06217545,-0.0714791,0.0125917755,0.015054013,-4.9373903
4737,2026-08-14,-0.048278823,-0.03962082,0.009729418,0.007275334,-4.961639
3444,2026-08-14,-0.050736852,-0.04192633,0.010222352,0.012696752,-4.962839
6727,2026-08-14,-0.06983449,-0.07484658,0.014042859,0.012087502,-4.9726
6215,2026-08-14,-0.056083884,-0.045587428,0.011128267,0.010060426,-5.0393147
7714,2026-08-14,-0.10349756,-0.09417204,0.020535478,0.020292396,-5.0396934
3624,2026-08-14,-0.06549159,-0.049652424,0.012940973,0.014778335,-5.060402
2530,2026-08-14,-0.04408963,-0.057865076,0.008704421,0.009637791,-5.0646176
8463,2026-08-14,-0.0534483,-0.044325527,0.010542462,0.010086703,-5.069331
6488,2026-08-14,-0.05651052,-0.073330656,0.011136215,0.009905149,-5.074026
1303,2026-08-14,-0.061020635,-0.047341835,0.011965723,0.011334204,-5.0991936
6668,2026-08-14,-0.042275444,-0.05916252,0.00821178,0.008629291,-5.147519
4303,2026-08-14,-0.051139355,-0.02854101,0.009906964,0.009834632,-5.161439
3441,2026-08-14,-0.118683144,-0.14505951,0.022961712,0.021988168,-5.168516
6640,2026-08-14,-0.04485802,-0.046532836,0.008607655,0.0090370355,-5.2108045
6423,2026-08-14,-0.053163633,-0.029881869,0.01015643,0.010567068,-5.233965
2356,2026-08-14,-0.045795377,-0.043302137,0.008743518,0.010039555,-5.237038
6477,2026-08-14,-0.07583291,-0.07717229,0.014413279,0.021644522,-5.2609577
4147,2026-08-14,-0.045260806,-0.028233372,0.008592714,0.0089021735,-5.266734
5864,2026-08-14,-0.0765045,-0.0537701,0.014405235,0.014170086,-5.310513
4971,2026-08-14,-0.055313133,-0.070082255,0.010213585,0.01161096,-5.415113
2417,2026-08-14,-0.06534946,-0.047128238,0.0120544,0.013303572,-5.4207625
2353,2026-08-14,-0.051139574,-0.058946148,0.009396958,0.012542695,-5.441562
4557,2026-08-14,-0.04467457,-0.028308678,0.0081893,0.0091287345,-5.454571
6419,2026-08-14,-0.060181163,-0.024615843,0.011023448,0.012124531,-5.4588823
6492,2026-08-14,-0.042253453,-0.044948407,0.0076959627,0.009075302,-5.489627
6547,2026-08-14,-0.060175307,-0.0787378,0.010900908,0.0125085665,-5.519704
3615,2026-08-14,-0.066933855,-0.05954687,0.012116383,0.013717139,-5.523788
2342,2026-08-14,-0.0917702,-0.091203146,0.016573578,0.017171847,-5.5368047
8473,2026-08-14,-0.060189415,-0.04132901,0.010853364,0.011157517,-5.545181
3230,2026-08-14,-0.061272074,-0.050633337,0.011043569,0.010971258,-5.5477104
2646,2026-08-14,-0.04700221,-0.07683304,0.008465207,0.011109133,-5.5517435
4735,2026-08-14,-0.054550376,-0.013202378,0.009783241,0.012326898,-5.5753303
2331,2026-08-14,-0.06670092,-0.06378632,0.011940991,0.012671817,-5.5854106
8354,2026-08-14,-0.06472032,-0.03352666,0.011573638,0.015007426,-5.5915627
2493,2026-08-14,-0.0697736,-0.078745924,0.012475132,0.017286783,-5.5925665
8039,2026-08-14,-0.09266504,-0.084102675,0.016561506,0.014019392,-5.594868
2362,2026-08-14,-0.0535876,-0.057819612,0.0095482925,0.0090270545,-5.611683
3374,2026-08-14,-0.056690756,-0.07425666,0.010095686,0.011743713,-5.6147885
2258,2026-08-14,-0.052207556,-0.046893828,0.009286423,0.012793266,-5.6213174
6415,2026-08-14,-0.07844936,-0.08706968,0.013902569,0.009304012,-5.64239
2397,2026-08-14,-0.07642242,-0.05066158,0.013529391,0.014190869,-5.648205
6875,2026-08-14,-0.0638426,-0.063114665,0.011247957,0.012141073,-5.675424
1736,2026-08-14,-0.07459544,-0.09502561,0.013034427,0.011483348,-5.722516
1455,2026-08-14,-0.082053736,-0.052640263,0.014187665,0.015749888,-5.783048
4976,2026-08-14,-0.07018035,-0.08972985,0.012127171,0.014856874,-5.7865562
6243,2026-08-14,-0.10869298,-0.14258355,0.018662503,0.022672951,-5.8238254
6680,2026-08-14,-0.07501241,-0.083717935,0.012761117,0.011870515,-5.87774
4977,2026-08-14,-0.085698165,-0.101668835,0.014469798,0.010509367,-5.922145
6531,2026-08-14,-0.057522696,-0.07007354,0.009693115,0.010915522,-5.9337745
6141,2026-08-14,-0.065988034,-0.05330951,0.011105672,0.0127111515,-5.9412966
1466,2026-08-14,-0.05972867,-0.0443133,0.010038913,0.00985861,-5.949122
2030,2026-08-14,-0.077969715,-0.032732885,0.013063908,0.009225171,-5.967873
1810,2026-08-14,-0.081026666,-0.07774183,0.0135350395,0.009825329,-5.985995
6277,2026-08-14,-0.059653338,-0.040336575,0.009933097,0.008077945,-6.0049076
5468,2026-08-14,-0.0870348,-0.04877352,0.0144874,0.012272444,-6.0072055
5340,2026-08-14,-0.055940814,-0.06513917,0.009264483,0.010893523,-6.0375495
3234,2026-08-14,-0.06427684,-0.053976297,0.01062949,0.0095641,-6.04646
6153,2026-08-14,-0.04938704,-0.048499774,0.008162298,0.00981237,-6.049888
2484,2026-08-14,-0.071970195,-0.07692642,0.011890418,0.011870418,-6.0522804
8110,2026-08-14,-0.07785947,-0.079219155,0.012850684,0.010379755,-6.0583086
5450,2026-08-14,-0.082771525,-0.07264756,0.013598821,0.012472678,-6.0862217
8222,2026-08-14,-0.06286012,-0.04741076,0.010298201,0.0107094105,-6.1033974
8084,2026-08-14,-0.09424387,-0.061236873,0.015418896,0.015270617,-6.1118355
1608,2026-08-14,-0.0676061,-0.04769762,0.01103744,0.010130532,-6.124606
8070,2026-08-14,-0.04895925,-0.039785106,0.007977124,0.011450561,-6.136687
3362,2026-08-14,-0.08897944,-0.12732188,0.014409388,0.014215281,-6.174673
2349,2026-08-14,-0.06067569,-0.03557129,0.009798034,0.0086262105,-6.192007
6204,2026-08-14,-0.06839422,-0.0528262,0.01100197,0.009914953,-6.215978
6584,2026-08-14,-0.06734626,-0.05755813,0.010815576,0.01051564,-6.2262087
5222,2026-08-14,-0.051761337,-0.034782656,0.008298825,0.011423194,-6.2364373
7795,2026-08-14,-0.065773845,-0.061651986,0.0104843555,0.012523423,-6.2729244
6831,2026-08-14,-0.07501421,-0.08181767,0.011932593,0.012564099,-6.28597
2352,2026-08-14,-0.072848246,-0.06375263,0.011482212,0.011092758,-6.343891
2305,2026-08-14,-0.17085418,-0.17104673,0.026897589,0.030867873,-6.35179
4413,2026-08-14,-0.07119528,-0.050275993,0.01116312,0.008491038,-6.377151
6865,2026-08-14,-0.057650153,-0.041787885,0.008975612,0.011563006,-6.4222617
5475,2026-08-14,-0.08386215,-0.07068573,0.013020096,0.013552625,-6.4404826
3576,2026-08-14,-0.063287295,-0.07035573,0.009725947,0.009029051,-6.506388
3090,2026-08-14,-0.08143528,-0.074029736,0.012493732,0.00969471,-6.5175686
1595,2026-08-14,-0.06800953,-0.052168157,0.010426371,0.012060762,-6.5222125
6928,2026-08-14,-0.08588856,-0.07473753,0.013131063,0.009711898,-6.54037
7723,2026-08-14,-0.1692054,-0.18432406,0.02576311,0.028834276,-6.567485
2436,2026-08-14,-0.05345907,-0.05522106,0.008134994,0.010111835,-6.5706873
1710,2026-08-14,-0.0894597,-0.081149966,0.013591279,0.013203612,-6.5816555
2455,2026-08-14,-0.06007011,-0.078437805,0.008955494,0.010349402,-6.7068777
3455,2026-08-14,-0.12158788,-0.11054581,0.01778007,0.014885024,-6.8380523
5371,2026-08-14,-0.05398844,-0.05427351,0.00789343,0.010691566,-6.8388014
5426,2026-08-14,-0.08155433,-0.059611544,0.011840102,0.010289636,-6.8873935
2221,2026-08-14,-0.08510323,-0.054022487,0.012274787,0.010906086,-6.9326086
8102,2026-08-14,-0.07415922,-0.058683403,0.01067159,0.010093475,-6.948568
1711,2026-08-14,-0.070205756,-0.05395238,0.0100797815,0.012222178,-6.9643164
4530,2026-08-14,-0.08562383,-0.06326894,0.012273937,0.014311146,-6.9755
2070,2026-08-14,-0.07542593,-0.052289654,0.010805977,0.010467182,-6.979374
6240,2026-08-14,-0.053303353,-0.03971661,0.007625451,0.0076307748,-6.989274
4923,2026-08-14,-0.07623787,-0.038041357,0.010779094,0.013298401,-7.072097
2536,2026-08-14,-0.10135969,-0.068947315,0.014234449,0.013967704,-7.120231
5328,2026-08-14,-0.10015448,-0.10175301,0.01391679,0.013345516,-7.1961484
2031,2026-08-14,-0.09533898,-0.071243145,0.013246169,0.015971947,-7.196932
2399,2026-08-14,-0.10167475,-0.10221093,0.014122009,0.014476025,-7.199227
6617,2026-08-14,-0.08531817,-0.070165016,0.0117583405,0.0119688595,-7.255353
3707,2026-08-14,-0.06560001,-0.06362636,0.009037375,0.013173896,-7.257942
3049,2026-08-14,-0.06033159,-0.045491036,0.008271535,0.008099051,-7.292999
6441,2026-08-14,-0.09018905,-0.07823262,0.012357757,0.009998302,-7.297582
1591,2026-08-14,-0.06111211,-0.065091245,0.008360763,0.009022445,-7.3085194
2740,2026-08-14,-0.05152501,-0.056020245,0.0070284256,0.008024604,-7.3299036
6152,2026-08-14,-0.09853306,-0.08850603,0.013432223,0.013776142,-7.3350267
2104,2026-08-14,-0.056278262,-0.052622084,0.007588953,0.0087655075,-7.4148374
3543,2026-08-14,-0.09255372,-0.061130997,0.012413377,0.0140385,-7.4553657
2027,2026-08-14,-0.07580095,-0.065212086,0.010118964,0.01139443,-7.4902387
6530,2026-08-14,-0.10436134,-0.09702352,0.013892781,0.015981514,-7.5113707
6949,2026-08-14,-0.06571598,-0.077982046,0.008735682,0.011699269,-7.521847
1809,2026-08-14,-0.08791348,-0.079154,0.011583589,0.012737618,-7.5888305
7819,2026-08-14,-0.11578098,-0.098440245,0.0152326375,0.019020552,-7.60035
1313,2026-08-14,-0.07395046,-0.06966458,0.009622427,0.008646612,-7.6844206
3149,2026-08-14,-0.060997773,-0.07118298,0.007905198,0.009630464,-7.7151837
2491,2026-08-14,-0.08206189,-0.041089233,0.01051633,0.01076395,-7.80254
3265,2026-08-14,-0.08512459,-0.08877893,0.010791022,0.012708327,-7.8877325
4541,2026-08-14,-0.1169044,-0.088457465,0.014779383,0.015693776,-7.9094296
2630,2026-08-14,-0.09716099,-0.10072065,0.012267171,0.017379146,-7.919761
6715,2026-08-14,-0.10031878,-0.1094807,0.012601277,0.0103067625,-7.9603696
5432,2026-08-14,-0.09387717,-0.07741364,0.011412886,0.013053799,-8.22482
6533,2026-08-14,-0.09576653,-0.09503303,0.011574088,0.011091291,-8.273503
3003,2026-08-14,-0.07225509,-0.05129615,0.008675228,0.007411688,-8.327938
6269,2026-08-14,-0.09787958,-0.087173,0.011696692,0.012327802,-8.367427
6130,2026-08-14,-0.0760587,-0.047671042,0.009013865,0.011699548,-8.437031
6532,2026-08-14,-0.10575312,-0.07085445,0.012527678,0.01187323,-8.440884
6224,2026-08-14,-0.08430613,-0.06694571,0.009799891,0.012302972,-8.601884
4533,2026-08-14,-0.086724326,-0.06773415,0.010042551,0.011214439,-8.634827
5291,2026-08-14,-0.09650838,-0.08101681,0.0111450795,0.012944611,-8.6585045
3652,2026-08-14,-0.10214044,-0.07682039,0.011590959,0.014346546,-8.811318
4510,2026-08-14,-0.09397105,-0.07175549,0.010658457,0.0098885475,-8.815744
6761,2026-08-14,-0.10200467,-0.07733138,0.011521457,0.011755754,-8.852684
6426,2026-08-14,-0.12034786,-0.104015864,0.013540455,0.01297777,-8.887365
5443,2026-08-14,-0.09411848,-0.08973697,0.010567789,0.012057709,-8.905323
3712,2026-08-14,-0.10335598,-0.085749656,0.011366089,0.010793083,-9.092564
5471,2026-08-14,-0.12576213,-0.110613935,0.013821606,0.010725554,-9.098294
8162,2026-08-14,-0.08513974,-0.06253662,0.009346132,0.0131262,-9.108647
8374,2026-08-14,-0.085309856,-0.07737231,0.009295693,0.012200996,-9.176366
7820,2026-08-14,-0.1324297,-0.10915065,0.014226598,0.017535768,-9.307945
2103,2026-08-14,-0.13234955,-0.108270414,0.014212321,0.013486696,-9.311656
3229,2026-08-14,-0.102007,-0.08664546,0.010866474,0.014087633,-9.38645
8234,2026-08-14,-0.089364834,-0.07651304,0.009447102,0.011326077,-9.458495
9921,2026-08-14,-0.090687625,-0.081426844,0.009579362,0.011469951,-9.465991
3094,2026-08-14,-0.10913013,-0.09166662,0.011266688,0.013486881,-9.685228
4939,2026-08-14,-0.17107613,-0.15949042,0.017607303,0.020032864,-9.7156515
5465,2026-08-14,-0.09088662,-0.07520387,0.009255892,0.01332926,-9.818266
4561,2026-08-14,-0.1232313,-0.08455779,0.012491533,0.015725689,-9.864397
4540,2026-08-14,-0.11151854,-0.09880818,0.01096505,0.012388144,-10.1694355
1435,2026-08-14,-0.12709518,-0.11347451,0.012269643,0.0128048165,-10.357662
2427,2026-08-14,-0.09606746,-0.09607075,0.009268994,0.010346161,-10.36327
6933,2026-08-14,-0.10255459,-0.09138239,0.009807472,0.00813836,-10.455715
2429,2026-08-14,-0.11848239,-0.10866799,0.011240939,0.01231453,-10.53932
6499,2026-08-14,-0.11291803,-0.10967333,0.01069875,0.01062657,-10.553333
2939,2026-08-14,-0.08703412,-0.0790126,0.008177406,0.011962231,-10.641941
6155,2026-08-14,-0.13690719,-0.11876254,0.012552489,0.01565701,-10.905908
7788,2026-08-14,-0.079962775,-0.042224705,0.007321647,0.011840926,-10.919929
2359,2026-08-14,-0.1511541,-0.16322769,0.013296473,0.011494047,-11.367129
4564,2026-08-14,-0.116955325,-0.104004316,0.010127656,0.012506361,-11.546973
2465,2026-08-14,-0.12705332,-0.11941078,0.0108365705,0.011976099,-11.723413
3312,2026-08-14,-0.14374025,-0.10906368,0.011256421,0.010710837,-12.768488
2208,2026-08-14,-0.13219367,-0.12124074,0.0097483145,0.014969724,-13.5592785
4566,2026-08-14,-0.1666173,-0.16428825,0.012267052,0.015189973,-13.581398
