stock_id,Date,Score_5d,Score_10d,Unc_5d,Unc_10d,SQ_5d
6690,2026-08-20,0.10214131,0.10315676,0.0072947503,0.009928897,14.000112
1777,2026-08-20,0.12203835,0.1536191,0.010358391,0.011644748,11.780456
1593,2026-08-20,0.102351084,0.14210768,0.009985364,0.011178055,10.2490835
0061,2026-08-20,0.18299064,0.16793993,0.017914135,0.020891462,10.214304
4771,2026-08-20,0.074313514,0.08958003,0.0073667965,0.01131589,10.086261
8435,2026-08-20,0.09411473,0.124217354,0.009399426,0.013278875,10.011751
4207,2026-08-20,0.07328264,0.09220516,0.007565039,0.0092646135,9.685734
1472,2026-08-20,0.08908332,0.09092126,0.009309904,0.009750213,9.567634
6951,2026-08-20,0.08382214,0.107572,0.00879741,0.011810415,9.526964
4432,2026-08-20,0.07579883,0.076066814,0.008067343,0.009281572,9.394596
2471,2026-08-20,0.08062008,0.08869097,0.008657706,0.0104221245,9.310869
0055,2026-08-20,0.21032228,0.235735,0.022699269,0.024176026,9.265189
6606,2026-08-20,0.09768074,0.101914436,0.010610031,0.010075178,9.205585
6776,2026-08-20,0.0732125,0.074645996,0.0079635475,0.009844734,9.192298
6843,2026-08-20,0.08196672,0.090051554,0.008982524,0.010292843,9.124116
6581,2026-08-20,0.090098776,0.1060092,0.009875219,0.010291685,9.1228
6752,2026-08-20,0.09125091,0.1056176,0.010052799,0.014653902,9.0762615
6196,2026-08-20,0.07477191,0.071128465,0.008287903,0.0064840973,9.020724
2488,2026-08-20,0.084432885,0.08569731,0.009471038,0.009426293,8.913908
6914,2026-08-20,0.081886314,0.11327217,0.009229638,0.009735329,8.871143
2539,2026-08-20,0.07485275,0.03787783,0.008571397,0.008664797,8.731834
3310,2026-08-20,0.09324557,0.09556569,0.010721407,0.014096011,8.696328
8279,2026-08-20,0.07412936,0.067332834,0.008532217,0.011114507,8.687153
3489,2026-08-20,0.07620058,0.046127003,0.0088212,0.009308526,8.637367
1240,2026-08-20,0.06965817,0.10972507,0.008064784,0.014051882,8.636254
6161,2026-08-20,0.088217616,0.08675978,0.010276388,0.00845635,8.583661
4116,2026-08-20,0.08536584,0.102571644,0.009999914,0.011611898,8.535804
9941,2026-08-20,0.05993649,0.075853236,0.007037618,0.010143615,8.515378
4550,2026-08-20,0.08409883,0.09909025,0.0099281985,0.009883102,8.469851
1783,2026-08-20,0.07160568,0.09343139,0.008454763,0.011622343,8.468269
6691,2026-08-20,0.08151125,0.06525889,0.0096789645,0.012130308,8.420614
4104,2026-08-20,0.06320978,0.08848728,0.0075292597,0.011362106,8.394104
6136,2026-08-20,0.07447197,0.085165806,0.008895763,0.009162067,8.370682
6903,2026-08-20,0.092073545,0.09336702,0.0110222185,0.011128732,8.352692
1339,2026-08-20,0.08049056,0.09189118,0.009648661,0.0067519727,8.341283
2751,2026-08-20,0.081546955,0.10480582,0.0098036425,0.009507078,8.317178
6902,2026-08-20,0.07867375,0.081213385,0.00947012,0.009709637,8.3067
4107,2026-08-20,0.10295633,0.12330077,0.012402924,0.014253392,8.300303
7708,2026-08-20,0.196036,0.21424583,0.023626119,0.020886702,8.297075
1410,2026-08-20,0.06642027,0.059056606,0.008028585,0.0077391774,8.271942
9962,2026-08-20,0.07834286,0.099390164,0.009488593,0.0101464875,8.255661
6855,2026-08-20,0.116913386,0.11646143,0.0142203765,0.014805618,8.220962
4111,2026-08-20,0.055846028,0.07757719,0.0068238387,0.009298381,8.182762
8383,2026-08-20,0.08866731,0.07807353,0.010862259,0.012074569,8.1621275
2845,2026-08-20,0.06736815,0.0701889,0.008255486,0.010430849,8.159421
6899,2026-08-20,0.088277444,0.096105345,0.01082964,0.011166844,8.150714
2755,2026-08-20,0.07522357,0.08088703,0.009233782,0.009471727,8.145679
4305,2026-08-20,0.10004703,0.118249096,0.012321242,0.010488285,8.119223
3118,2026-08-20,0.07601959,0.087586835,0.009408176,0.011041117,8.079304
8083,2026-08-20,0.04947388,0.055706628,0.0061342465,0.009057672,8.063879
6123,2026-08-20,0.0998129,0.11962832,0.012392491,0.012579646,8.053655
6751,2026-08-20,0.07104857,0.07632685,0.00883169,0.009868219,8.04382
8928,2026-08-20,0.106297754,0.11908493,0.01323352,0.012099963,8.031856
4529,2026-08-20,0.072613396,0.06169819,0.009055223,0.008073297,8.018065
4588,2026-08-20,0.06805107,0.07663479,0.008515347,0.008135611,7.9906406
6625,2026-08-20,0.09011169,0.11218221,0.011387277,0.009147635,7.9126706
4126,2026-08-20,0.093062304,0.12705727,0.011792571,0.014761585,7.890935
6585,2026-08-20,0.08038633,0.08827774,0.010235262,0.013943905,7.853094
5547,2026-08-20,0.084340505,0.11230038,0.010751672,0.012029195,7.8436785
5520,2026-08-20,0.08155298,0.09952501,0.010506102,0.012330808,7.7617006
1788,2026-08-20,0.11267301,0.11992172,0.014537747,0.014462124,7.7498426
8423,2026-08-20,0.08611926,0.10516095,0.011127527,0.012298717,7.738603
5287,2026-08-20,0.08394459,0.11266993,0.010902993,0.009184337,7.698518
2916,2026-08-20,0.06167359,0.06822707,0.00802093,0.009217085,7.688123
1731,2026-08-20,0.0690458,0.0844436,0.009000691,0.009556263,7.6703143
8446,2026-08-20,0.06539312,0.06346222,0.008531468,0.010604767,7.6640334
4754,2026-08-20,0.07464817,0.10004104,0.009826261,0.012236875,7.59603
4974,2026-08-20,0.067419626,0.08084076,0.008875763,0.008967125,7.5950685
1294,2026-08-20,0.07582229,0.07278862,0.010054148,0.00910062,7.5406437
4440,2026-08-20,0.05239691,0.059093747,0.0069495537,0.008245719,7.538523
3611,2026-08-20,0.09029783,0.10435505,0.011978165,0.014803092,7.5379066
2063,2026-08-20,0.07717123,0.09681218,0.010237297,0.0110059595,7.537506
4558,2026-08-20,0.06285078,0.055741493,0.008341862,0.008944805,7.5334797
6023,2026-08-20,0.054294657,0.04916889,0.0072502443,0.008342586,7.487633
1565,2026-08-20,0.06787332,0.08058108,0.009076264,0.0075155543,7.4772882
2885,2026-08-20,0.09702052,0.090381354,0.0130608585,0.017262354,7.427773
4161,2026-08-20,0.075301215,0.10817505,0.0101706125,0.010226735,7.403075
8433,2026-08-20,0.078517325,0.098897025,0.01061746,0.011699444,7.3944173
8416,2026-08-20,0.083029285,0.09280761,0.011288714,0.011106449,7.3544188
5403,2026-08-20,0.05733673,0.07846696,0.007811491,0.011225348,7.33911
4106,2026-08-20,0.07932005,0.09395113,0.010811711,0.011993973,7.3358154
4535,2026-08-20,0.081475146,0.09498813,0.0111608105,0.010401564,7.299456
1796,2026-08-20,0.077577196,0.07413515,0.010633236,0.012260588,7.2950416
6782,2026-08-20,0.052785728,0.06014762,0.007248408,0.008541256,7.281385
5493,2026-08-20,0.0763803,0.0853932,0.010504064,0.009937629,7.2708073
4568,2026-08-20,0.0722232,0.08603117,0.009986344,0.012422064,7.2314725
1456,2026-08-20,0.06277319,0.05636307,0.008712661,0.010316528,7.2039967
9939,2026-08-20,0.04402494,0.036452968,0.00611463,0.010226872,7.198758
6844,2026-08-20,0.070400394,0.065711,0.009814894,0.010874245,7.172082
8481,2026-08-20,0.065658,0.08668901,0.009160663,0.011269847,7.166603
5604,2026-08-20,0.06513308,0.08229305,0.00914957,0.009653089,7.1179256
7757,2026-08-20,0.14494099,0.1329197,0.020398702,0.021341596,7.105054
6151,2026-08-20,0.065461166,0.07578055,0.009230574,0.009129958,7.091008
1615,2026-08-20,0.075548,0.10672673,0.010681045,0.011494113,7.072428
1342,2026-08-20,0.055370335,0.07461747,0.007851055,0.011628118,7.0516996
1537,2026-08-20,0.06921551,0.06016598,0.009817531,0.010541253,7.049476
1451,2026-08-20,0.061294854,0.07481818,0.008781764,0.010271626,6.9789934
9902,2026-08-20,0.071482085,0.0764827,0.010242005,0.011365887,6.9786243
2729,2026-08-20,0.06505199,0.07941727,0.009320999,0.010961914,6.9783306
3130,2026-08-20,0.06270503,0.0941246,0.0090061035,0.010318193,6.961731
5353,2026-08-20,0.05999726,0.075142585,0.008626244,0.008736547,6.9543943
7738,2026-08-20,0.072468825,0.08179844,0.010435985,0.011522198,6.9434633
9931,2026-08-20,0.06017756,0.08970003,0.008692308,0.010672449,6.922285
3085,2026-08-20,0.06503077,0.05341835,0.009399346,0.011760351,6.917912
5283,2026-08-20,0.051850382,0.08682987,0.0075262357,0.011783926,6.88837
6592,2026-08-20,0.062406365,0.0665927,0.0091023,0.009772397,6.855356
6918,2026-08-20,0.056923524,0.092722036,0.008313446,0.009663518,6.8463397
2379,2026-08-20,0.06822965,0.053894237,0.009978178,0.010173455,6.8372016
2643,2026-08-20,0.07934866,0.100867555,0.011624562,0.015722696,6.8253613
2404,2026-08-20,0.06493073,0.056231637,0.009515142,0.009813957,6.82322
3171,2026-08-20,0.09135677,0.09389922,0.013463501,0.012410903,6.7850094
1264,2026-08-20,0.09018132,0.09537387,0.013297944,0.014553813,6.7810884
3402,2026-08-20,0.06630841,0.066746354,0.009805876,0.008708519,6.7614202
1535,2026-08-20,0.044244044,0.053809278,0.006551283,0.0082508195,6.7524624
2432,2026-08-20,0.06852547,0.06245249,0.010168724,0.010370116,6.738184
5209,2026-08-20,0.08005009,0.10087221,0.011879675,0.009841658,6.7378397
5230,2026-08-20,0.087104626,0.09628957,0.012952612,0.011832178,6.7243505
4441,2026-08-20,0.08334322,0.054664064,0.012398132,0.013368337,6.721698
8432,2026-08-20,0.08097482,0.09643416,0.012070363,0.013649581,6.7080092
4417,2026-08-20,0.0557949,0.09184509,0.0083324835,0.010557055,6.695267
1521,2026-08-20,0.075134486,0.08785429,0.011238767,0.009250836,6.6847014
5324,2026-08-20,0.0680648,0.08160999,0.010183363,0.012565531,6.683265
6177,2026-08-20,0.06861321,0.0721372,0.010267294,0.01264305,6.6820455
4153,2026-08-20,0.0847205,0.11450706,0.012688501,0.016832925,6.676425
1752,2026-08-20,0.07135773,0.091170065,0.010692148,0.011538311,6.67322
4205,2026-08-20,0.06701995,0.06962875,0.010093533,0.009258025,6.6392317
5488,2026-08-20,0.06715656,0.06576886,0.010133925,0.010648683,6.626251
1773,2026-08-20,0.06057991,0.06201566,0.009160139,0.009634399,6.612705
1295,2026-08-20,0.05615064,0.056092918,0.008492864,0.009708898,6.61073
2069,2026-08-20,0.053334974,0.08661674,0.008084713,0.012703122,6.5961995
2317,2026-08-20,0.054354604,0.036995497,0.008272139,0.0076410854,6.570009
3558,2026-08-20,0.06340588,0.03990038,0.009674148,0.0076449406,6.553479
4506,2026-08-20,0.08271336,0.106189,0.012641908,0.011212289,6.542273
8091,2026-08-20,0.049628798,0.033061635,0.0075871823,0.0086485995,6.540275
8917,2026-08-20,0.06337959,0.06560932,0.009697908,0.008310752,6.534714
2008,2026-08-20,0.050270703,0.065453015,0.007692777,0.008638134,6.5339437
8424,2026-08-20,0.070938595,0.10039789,0.010952056,0.0126449745,6.4766026
4702,2026-08-20,0.05909609,0.068064824,0.0091418205,0.009404081,6.4636607
4527,2026-08-20,0.077285394,0.097771056,0.0119726015,0.008598663,6.454649
3259,2026-08-20,0.06307471,0.053520996,0.009773575,0.007887959,6.452936
1730,2026-08-20,0.08101867,0.11463404,0.012570203,0.011284889,6.4447823
2459,2026-08-20,0.05986242,0.09107447,0.009296587,0.0075017037,6.43849
6637,2026-08-20,0.071445726,0.0875528,0.011154287,0.011213885,6.4046516
1726,2026-08-20,0.064389296,0.082658514,0.010055956,0.010598433,6.4024634
2887,2026-08-20,0.055046048,0.060173996,0.00859811,0.007193778,6.4013658
9935,2026-08-20,0.064393386,0.082320325,0.010075174,0.01161181,6.390658
6732,2026-08-20,0.057656527,0.059308585,0.009037761,0.008659756,6.3788085
2597,2026-08-20,0.04889172,0.06046521,0.0076669836,0.008543815,6.3760858
6641,2026-08-20,0.07376661,0.10016001,0.011580676,0.010730305,6.3692517
5609,2026-08-20,0.06268122,0.07752665,0.009843563,0.008443701,6.36709
3689,2026-08-20,0.07104839,0.055534735,0.011162773,0.010115871,6.364191
6183,2026-08-20,0.061855927,0.0797915,0.009718793,0.010600719,6.3639135
3169,2026-08-20,0.05960618,0.06096401,0.009388131,0.0092360135,6.3484235
2424,2026-08-20,0.060110744,0.05066585,0.009479881,0.008382465,6.340206
8390,2026-08-20,0.067990765,0.075898565,0.010788195,0.010399416,6.301746
1268,2026-08-20,0.07239131,0.09896901,0.011501756,0.011236733,6.2933884
9905,2026-08-20,0.07308248,0.10998211,0.011628054,0.012248727,6.284473
2114,2026-08-20,0.055904023,0.0847994,0.008897035,0.011770263,6.2827377
6722,2026-08-20,0.035511844,0.03198301,0.005670167,0.0058112117,6.261823
6788,2026-08-20,0.07269119,0.0561867,0.01161626,0.00965058,6.257171
8941,2026-08-20,0.06397665,0.098700956,0.010256828,0.011963882,6.2368617
4439,2026-08-20,0.04988613,0.03737037,0.008021018,0.0106546655,6.2186513
6229,2026-08-20,0.076543786,0.09365188,0.01232709,0.0123548135,6.2088923
6435,2026-08-20,0.064606406,0.048364546,0.01043682,0.011819395,6.1896453
7716,2026-08-20,0.078928344,0.09882353,0.012762746,0.012009969,6.1837916
3570,2026-08-20,0.058349706,0.06531784,0.009527571,0.008718557,6.1236577
4953,2026-08-20,0.08501827,0.08987105,0.0138949305,0.013026267,6.118213
6281,2026-08-20,0.04877662,0.059839822,0.008007665,0.010302478,6.0904803
7718,2026-08-20,0.06972548,0.09383823,0.011469961,0.0114083905,6.078434
6192,2026-08-20,0.06786978,0.07447038,0.011176505,0.00785754,6.071997
6629,2026-08-20,0.05486266,0.061017577,0.00906709,0.008458286,6.0500784
6922,2026-08-20,0.040432733,0.019445872,0.0066852476,0.0064229546,6.0471487
6642,2026-08-20,0.073085375,0.0500683,0.012103768,0.011014259,6.0377345
5356,2026-08-20,0.064728305,0.09618601,0.010720771,0.011226955,6.037091
2753,2026-08-20,0.062450986,0.094301514,0.010353228,0.011710364,6.031448
6154,2026-08-20,0.0775805,0.09766221,0.012875071,0.012034289,6.0251684
3546,2026-08-20,0.050598104,0.056402333,0.008398683,0.009833532,6.023811
7712,2026-08-20,0.055967588,0.0431895,0.009316714,0.007519344,6.0065794
6472,2026-08-20,0.060965322,0.06307108,0.010192381,0.014396649,5.980873
3551,2026-08-20,0.060204886,0.07050193,0.010075527,0.012792959,5.9747653
8367,2026-08-20,0.038708396,0.056536864,0.0064876424,0.0073332665,5.965562
6803,2026-08-20,0.054762166,0.06045925,0.009191281,0.010524794,5.9574075
6767,2026-08-20,0.0876983,0.079640105,0.014792952,0.012939094,5.9279833
6670,2026-08-20,0.040124662,0.043732587,0.0068160878,0.010859853,5.8858953
3206,2026-08-20,0.06393839,0.06351809,0.010876456,0.009422139,5.878064
6523,2026-08-20,0.048799142,0.057502992,0.008301946,0.008405666,5.8773284
6128,2026-08-20,0.052742913,0.06570656,0.008982511,0.008491765,5.87108
2606,2026-08-20,0.07987843,0.08968789,0.013607939,0.010197287,5.869556
6561,2026-08-20,0.047139898,0.05719875,0.008040938,0.00860129,5.8617587
8437,2026-08-20,0.050802253,0.05715422,0.008668708,0.0082009155,5.859742
7713,2026-08-20,0.077736825,0.10405906,0.013265801,0.012964576,5.8595004
6894,2026-08-20,0.061721627,0.06384603,0.010535575,0.01010555,5.857845
2247,2026-08-20,0.05313643,0.06624516,0.0090705855,0.0081505375,5.8574576
6754,2026-08-20,0.040608145,0.046070877,0.0069632884,0.009543401,5.830911
2308,2026-08-20,0.05725325,0.045599137,0.009851054,0.009468242,5.8113003
4741,2026-08-20,0.0676942,0.058769926,0.011650333,0.011502055,5.809996
2603,2026-08-20,0.084276326,0.08574887,0.014522633,0.017160563,5.802703
7786,2026-08-20,0.09037013,0.09296023,0.015598047,0.014675687,5.793311
8072,2026-08-20,0.07104146,0.076156326,0.012265206,0.011209454,5.7916403
9925,2026-08-20,0.06836699,0.089700185,0.0118158385,0.009748294,5.785557
4114,2026-08-20,0.061226312,0.080134645,0.010600509,0.012095611,5.7752447
1109,2026-08-20,0.046402406,0.046413295,0.008035603,0.009371981,5.773883
2496,2026-08-20,0.054584242,0.04002959,0.009490089,0.0077710114,5.7511044
2505,2026-08-20,0.052136924,0.046517212,0.009073871,0.009325665,5.745197
6703,2026-08-20,0.058574066,0.07674735,0.010195853,0.012523016,5.7443275
5533,2026-08-20,0.04420573,0.070397265,0.007709472,0.008710707,5.7332067
1453,2026-08-20,0.0426418,0.059918005,0.0075303107,0.009905713,5.6619363
2636,2026-08-20,0.04988734,0.09394579,0.008812338,0.011669455,5.660436
7703,2026-08-20,0.054215465,0.055778287,0.009587214,0.011596354,5.654386
1570,2026-08-20,0.042857323,0.03691395,0.007593272,0.010893393,5.643375
6574,2026-08-20,0.041106533,0.029055957,0.0072871754,0.009097053,5.640168
1457,2026-08-20,0.061165586,0.07654559,0.010853343,0.0109683685,5.6351256
2891,2026-08-20,0.06753449,0.0594409,0.011984395,0.010262492,5.6347322
2734,2026-08-20,0.05886176,0.07876118,0.010454648,0.008504445,5.629661
4755,2026-08-20,0.047150366,0.039528903,0.00837523,0.009058851,5.6290674
5347,2026-08-20,0.057154458,0.04397421,0.010164026,0.0121671725,5.6226573
8034,2026-08-20,0.055704035,0.049028017,0.0099238735,0.0116116945,5.612569
6908,2026-08-20,0.061142586,0.05308025,0.010903332,0.00812297,5.607183
5546,2026-08-20,0.047040403,0.046296597,0.008406607,0.011499612,5.5949807
4609,2026-08-20,0.05408274,0.051424824,0.009703988,0.011089824,5.5726743
3218,2026-08-20,0.049136925,0.05541223,0.008819698,0.0099194795,5.5706387
5222,2026-08-20,0.06290527,0.025835406,0.011311213,0.010809746,5.5608277
8107,2026-08-20,0.04802612,0.06758753,0.008649515,0.0094666965,5.5518217
4935,2026-08-20,0.053823017,0.04980478,0.009697954,0.010220855,5.5493627
4950,2026-08-20,0.060355853,0.068411306,0.010878086,0.010559947,5.5478787
7810,2026-08-20,0.068356365,0.06919328,0.012434108,0.010836164,5.497046
6438,2026-08-20,0.048466753,0.04025146,0.008821913,0.006928745,5.4932823
8462,2026-08-20,0.05530367,0.07387387,0.010072042,0.010532523,5.490265
4736,2026-08-20,0.06178696,0.096168235,0.011279227,0.009904296,5.477457
2107,2026-08-20,0.0599972,0.0910937,0.010968439,0.008554898,5.469486
6666,2026-08-20,0.04814249,0.03953869,0.008838255,0.01046052,5.4464417
3531,2026-08-20,0.05675671,0.06153155,0.010429301,0.008003422,5.441521
5278,2026-08-20,0.049925707,0.0640388,0.009189344,0.008812347,5.432409
8489,2026-08-20,0.058872804,0.087610394,0.010860446,0.011337152,5.4203467
1776,2026-08-20,0.059944484,0.0738277,0.011066011,0.013083282,5.4165015
6143,2026-08-20,0.053516008,0.06041262,0.009886249,0.011513234,5.4126287
3528,2026-08-20,0.045862712,0.03499105,0.008480702,0.008946083,5.4072533
6968,2026-08-20,0.06541767,0.06862591,0.012099503,0.012069107,5.406194
2726,2026-08-20,0.037628856,0.037631735,0.0069744275,0.0077658216,5.3944874
1417,2026-08-20,0.057071056,0.06584106,0.010583541,0.011150917,5.3919253
4155,2026-08-20,0.06175945,0.07746701,0.011496881,0.012431497,5.3713765
5016,2026-08-20,0.053663317,0.09158658,0.009989947,0.008978368,5.371194
6655,2026-08-20,0.048733067,0.054021582,0.009080592,0.009158526,5.366137
3213,2026-08-20,0.06323229,0.05683863,0.011790001,0.009208727,5.362758
3219,2026-08-20,0.044654347,0.042569082,0.00834499,0.011123504,5.350395
7631,2026-08-20,0.056352805,0.09837881,0.010543483,0.0115090115,5.3442926
6259,2026-08-20,0.0627336,0.051152475,0.011742406,0.012966516,5.3420277
7770,2026-08-20,0.04721053,0.04448847,0.008860736,0.009514877,5.327458
3046,2026-08-20,0.05993103,0.068212226,0.011283776,0.0119174225,5.310786
6195,2026-08-20,0.056891408,0.05124316,0.010716834,0.0109023405,5.3081064
4105,2026-08-20,0.052653965,0.07835718,0.009935494,0.013487659,5.299049
3051,2026-08-20,0.046482816,0.04646995,0.008775374,0.0095785735,5.2963576
6590,2026-08-20,0.0691833,0.087914675,0.013093072,0.0130698625,5.2835584
2476,2026-08-20,0.060457554,0.036873747,0.01145682,0.015171228,5.2765317
6763,2026-08-20,0.040137336,0.032649826,0.00761241,0.0070263837,5.2719264
7709,2026-08-20,0.052864186,0.035593145,0.01003484,0.008941776,5.26754
5007,2026-08-20,0.05088173,0.06654312,0.009670345,0.0077838036,5.2610807
8272,2026-08-20,0.034754917,0.026609218,0.006641252,0.008903785,5.2324
3297,2026-08-20,0.057955425,0.05174998,0.011077116,0.012654778,5.2315235
3533,2026-08-20,0.04593287,0.033196338,0.008807196,0.010172,5.214787
6957,2026-08-20,0.042554006,0.069036394,0.008174442,0.011631488,5.2051015
5706,2026-08-20,0.044853505,0.05499894,0.008623207,0.011366084,5.2008843
1512,2026-08-20,0.053103264,0.059763215,0.01023592,0.009894883,5.187426
8081,2026-08-20,0.051787578,0.042170808,0.009983373,0.012824899,5.1868634
6121,2026-08-20,0.059420273,0.043904368,0.011464297,0.0074058347,5.1826196
5878,2026-08-20,0.06464244,0.08478828,0.012478198,0.012796631,5.180015
6227,2026-08-20,0.06088657,0.03708308,0.011763247,0.011218594,5.1755605
6988,2026-08-20,0.0528112,0.043140963,0.0102082435,0.008752575,5.1728806
4961,2026-08-20,0.061645992,0.057233613,0.0119294925,0.009315038,5.167095
9908,2026-08-20,0.048295062,0.06546385,0.009361267,0.010929115,5.158479
7610,2026-08-20,0.06290499,0.04263711,0.012207535,0.009598163,5.152542
1608,2026-08-20,0.04460776,0.04414487,0.0086721685,0.008102516,5.1431904
4402,2026-08-20,0.060503405,0.04110949,0.011782901,0.009629334,5.134412
8183,2026-08-20,0.05799366,0.05680527,0.0113138305,0.008671542,5.1254554
2911,2026-08-20,0.05176997,0.046266183,0.010117535,0.011142563,5.1163507
3014,2026-08-20,0.05522256,0.049559694,0.010813209,0.012452344,5.1064816
7794,2026-08-20,0.056743313,0.060762104,0.011111121,0.01100952,5.106434
8032,2026-08-20,0.05871509,0.06813766,0.011524261,0.010338213,5.0944695
6913,2026-08-20,0.049197104,0.051624432,0.009663108,0.009851406,5.090703
4745,2026-08-20,0.047921635,0.06373126,0.009415536,0.010627318,5.0890937
5902,2026-08-20,0.06705764,0.089605466,0.013227772,0.013894976,5.069075
8176,2026-08-20,0.071068965,0.08500819,0.014042354,0.014466469,5.060683
7747,2026-08-20,0.059448432,0.07719379,0.011752989,0.011429167,5.057724
8906,2026-08-20,0.054678455,0.059399452,0.010813848,0.011899948,5.0558686
2250,2026-08-20,0.051799223,0.06397226,0.010281477,0.010393204,5.037621
3052,2026-08-20,0.06067013,0.09755704,0.012074019,0.012811983,5.0244336
8349,2026-08-20,0.03772704,0.04788569,0.007509755,0.009485872,5.023069
1256,2026-08-20,0.053085424,0.07464049,0.010633689,0.009919251,4.991723
6150,2026-08-20,0.049519904,0.066645585,0.009929551,0.009870789,4.986622
8930,2026-08-20,0.040425755,0.037541337,0.008132177,0.0064078355,4.9704747
4729,2026-08-20,0.040711984,0.03895544,0.00820695,0.00882865,4.9600673
2739,2026-08-20,0.047480423,0.082841165,0.009576039,0.01168704,4.957735
1402,2026-08-20,0.045268733,0.05006542,0.009136151,0.012659432,4.95436
2745,2026-08-20,0.037030157,0.045524076,0.00747702,0.0072560892,4.9518666
7772,2026-08-20,0.040065277,0.023779104,0.008092262,0.010002095,4.9504485
5306,2026-08-20,0.046364374,0.065922655,0.009365144,0.009623098,4.950209
8908,2026-08-20,0.04593028,0.057464123,0.00931778,0.009823113,4.9287868
5220,2026-08-20,0.074500225,0.080418706,0.015114494,0.010974805,4.9287324
7584,2026-08-20,0.052068956,0.04004212,0.010597148,0.00966606,4.913024
1504,2026-08-20,0.04960631,0.04256312,0.010131034,0.009993551,4.895987
4183,2026-08-20,0.0416105,0.04041771,0.008517615,0.010226915,4.884656
1232,2026-08-20,0.041247763,0.063022025,0.008445739,0.010875675,4.8832765
1340,2026-08-20,0.03270697,0.03419179,0.0067109563,0.012329459,4.8729415
6266,2026-08-20,0.04455126,0.06939375,0.0091460785,0.009716509,4.8705454
6591,2026-08-20,0.052300874,0.039952587,0.010769816,0.009913776,4.855795
3492,2026-08-20,0.04898778,0.034070317,0.010096743,0.0103689665,4.8513594
3607,2026-08-20,0.049113575,0.050250746,0.01012572,0.010482747,4.8498993
3004,2026-08-20,0.043490052,0.035667133,0.008972316,0.011159969,4.8465977
1437,2026-08-20,0.046350915,0.082918845,0.00956401,0.010273559,4.8458824
6411,2026-08-20,0.05441076,0.06050544,0.011239589,0.011496568,4.840561
6516,2026-08-20,0.049146526,0.052592788,0.0101549635,0.01047183,4.839179
7765,2026-08-20,0.056158915,0.05982438,0.011613855,0.013020042,4.835094
6955,2026-08-20,0.046760883,0.03930502,0.009694111,0.0093024215,4.8231406
4120,2026-08-20,0.04441712,0.04769751,0.009214996,0.011236452,4.8195677
1259,2026-08-20,0.041256603,0.068257734,0.008620234,0.010980904,4.7854633
1817,2026-08-20,0.07052274,0.10700359,0.01476831,0.018696172,4.7749515
3625,2026-08-20,0.054027405,0.029136976,0.011315207,0.010989651,4.7743387
4555,2026-08-20,0.046977814,0.029423473,0.009844973,0.008235343,4.7712717
1533,2026-08-20,0.039753463,0.039788224,0.008348084,0.0086581865,4.761416
6194,2026-08-20,0.039499346,0.036892455,0.008301381,0.009716907,4.757592
5212,2026-08-20,0.06985376,0.08380928,0.014824833,0.013814196,4.7116246
3227,2026-08-20,0.051572,0.03471084,0.010955602,0.009577206,4.7069335
6515,2026-08-20,0.034744546,0.030070445,0.0073890276,0.0082218405,4.701545
3702,2026-08-20,0.04643282,0.031626616,0.009905037,0.011149027,4.6873255
8016,2026-08-20,0.04934985,0.038520057,0.010538506,0.011092114,4.682368
1617,2026-08-20,0.04621935,0.038667966,0.009878562,0.008724404,4.678279
8415,2026-08-20,0.043376405,0.064100854,0.009289764,0.011813596,4.668766
2382,2026-08-20,0.04974951,0.03832769,0.010681838,0.010482084,4.656956
3713,2026-08-20,0.04896578,0.07074354,0.010519588,0.008562505,4.654281
2732,2026-08-20,0.044367835,0.07434678,0.009531997,0.011843408,4.654133
6596,2026-08-20,0.033944886,0.057946093,0.00730537,0.009667681,4.6459303
5434,2026-08-20,0.039041422,0.034907293,0.008408695,0.007799073,4.64243
8341,2026-08-20,0.05765275,0.07900389,0.012423659,0.012582793,4.6401877
4972,2026-08-20,0.052380774,0.065440066,0.011318306,0.010449456,4.62756
9928,2026-08-20,0.045623172,0.071622536,0.009863815,0.010164675,4.624838
5534,2026-08-20,0.041487727,0.0670307,0.008990794,0.013292535,4.613954
4414,2026-08-20,0.039946258,0.035255812,0.008674533,0.007402122,4.604473
5015,2026-08-20,0.05576609,0.08547661,0.012115819,0.014553482,4.6023703
6936,2026-08-20,0.051684536,0.08345891,0.011241403,0.011062552,4.5972853
6216,2026-08-20,0.03905154,0.05084999,0.008495711,0.0076775467,4.5960774
3592,2026-08-20,0.05007737,0.04423206,0.01092905,0.01151219,4.581623
1786,2026-08-20,0.04330426,0.03777774,0.0094733015,0.008415465,4.5707073
6279,2026-08-20,0.049413428,0.066367716,0.010814529,0.012540134,4.568748
9927,2026-08-20,0.051919427,0.068766706,0.011383686,0.009548415,4.5604615
6486,2026-08-20,0.035648607,0.04017243,0.007828576,0.00906018,4.55307
1616,2026-08-20,0.036167026,0.04226284,0.007960109,0.0076800147,4.542963
2233,2026-08-20,0.045720704,0.021402298,0.010085549,0.012046964,4.532839
6527,2026-08-20,0.04686272,0.07945703,0.010377872,0.010855949,4.5152035
5478,2026-08-20,0.044586275,0.04819413,0.009887902,0.008883026,4.5087185
4995,2026-08-20,0.054054745,0.052364293,0.011996585,0.01049161,4.505469
5299,2026-08-20,0.03953989,0.019529207,0.008782263,0.009003589,4.501731
8240,2026-08-20,0.04185141,0.05112155,0.0093054855,0.011609928,4.4970155
2458,2026-08-20,0.047576655,0.04408957,0.0105902525,0.016624881,4.4920707
2433,2026-08-20,0.051387485,0.060640726,0.011471878,0.009235893,4.4790406
5511,2026-08-20,0.043108113,0.07968438,0.009637864,0.007195957,4.472323
3664,2026-08-20,0.053110283,0.034679096,0.011932026,0.012295443,4.450697
4138,2026-08-20,0.046758637,0.06905341,0.010536261,0.009263732,4.4374566
4554,2026-08-20,0.057844978,0.08734365,0.013094035,0.0142677585,4.417321
6697,2026-08-20,0.048900563,0.07497228,0.011095666,0.014103042,4.40678
4167,2026-08-20,0.06765914,0.097513676,0.015382677,0.013164962,4.3981123
2852,2026-08-20,0.05276255,0.082176015,0.012019565,0.012144042,4.3893566
9942,2026-08-20,0.046220932,0.04987488,0.010535888,0.012367312,4.3865824
4572,2026-08-20,0.041680742,0.06308205,0.009524389,0.010677863,4.375752
3356,2026-08-20,0.051939134,0.079445824,0.011870608,0.009546708,4.3750715
6856,2026-08-20,0.06673889,0.05951929,0.015256788,0.012691,4.374087
3434,2026-08-20,0.041847326,0.06558052,0.009642464,0.012294513,4.3394494
9950,2026-08-20,0.041104335,0.050501123,0.00947906,0.0073981956,4.3358727
2420,2026-08-20,0.057685573,0.073697805,0.013308136,0.011378422,4.334284
5508,2026-08-20,0.045751683,0.06601222,0.01056837,0.0102202045,4.328705
3036,2026-08-20,0.044827007,0.028455237,0.01038556,0.009419987,4.3158665
1323,2026-08-20,0.0355423,0.07372975,0.008244749,0.011109516,4.3103786
8438,2026-08-20,0.04062997,0.03327926,0.009438557,0.010750438,4.3042245
2024,2026-08-20,0.03282761,0.035657603,0.0076313145,0.0078119007,4.301134
1213,2026-08-20,0.052290943,0.054340698,0.012167827,0.010577614,4.2971225
4766,2026-08-20,0.037309058,0.060028996,0.008692575,0.009748499,4.291567
8099,2026-08-20,0.04612876,0.061535284,0.010752252,0.012242249,4.2897496
2883,2026-08-20,0.03429811,0.025904564,0.00801651,0.010685847,4.2779007
3577,2026-08-20,0.04526236,0.030101601,0.010591644,0.009837936,4.2729993
3467,2026-08-20,0.04528988,0.060394477,0.010618163,0.013664276,4.2649198
3095,2026-08-20,0.04989508,0.04089455,0.011712233,0.013033811,4.259719
4770,2026-08-20,0.04122828,0.025301006,0.009687811,0.009941169,4.255246
6525,2026-08-20,0.04642948,0.034702517,0.010918351,0.012036737,4.2520366
1324,2026-08-20,0.04484312,0.06015559,0.010561476,0.008403638,4.2455115
1463,2026-08-20,0.038756896,0.044633072,0.00914575,0.009714126,4.2372313
4401,2026-08-20,0.043890286,0.058258064,0.010364097,0.00938909,4.234431
4556,2026-08-20,0.043533303,0.0014349605,0.01028279,0.012605053,4.2331963
4721,2026-08-20,0.04506353,0.046508186,0.010659154,0.009689062,4.227287
2013,2026-08-20,0.036795784,0.053826112,0.008703468,0.009918929,4.227229
6645,2026-08-20,0.030262161,0.03226892,0.007164661,0.010240237,4.22322
2376,2026-08-20,0.04702572,0.012962395,0.011203885,0.00967044,4.1968946
3285,2026-08-20,0.039872255,0.04506979,0.009545767,0.010323186,4.176519
3191,2026-08-20,0.070056506,0.06616891,0.016801042,0.015156087,4.1695232
6862,2026-08-20,0.03326257,0.012306187,0.007978585,0.009838974,4.1684585
6570,2026-08-20,0.047009762,0.054493047,0.011309837,0.0111789135,4.15617
8342,2026-08-20,0.05141472,0.079766706,0.012371438,0.014056288,4.1555853
5211,2026-08-20,0.037290093,0.03825129,0.00897816,0.010759914,4.15296
9951,2026-08-20,0.043543343,0.07440362,0.010507797,0.010805025,4.1435137
2115,2026-08-20,0.034567643,0.058762584,0.008343939,0.0077307643,4.1423483
6140,2026-08-20,0.035419855,0.035201598,0.008555603,0.009216632,4.1394763
3131,2026-08-20,0.04039173,0.025598217,0.009760868,0.009695124,4.137705
4973,2026-08-20,0.03807382,0.02705822,0.009205125,0.009695784,4.135705
7753,2026-08-20,0.042412415,0.060887203,0.010286671,0.009259521,4.122645
4951,2026-08-20,0.036553852,0.03094831,0.008887352,0.009139179,4.1125565
4536,2026-08-20,0.04971648,0.07080085,0.012097488,0.011616712,4.1093135
4538,2026-08-20,0.032531016,0.042472683,0.0079161795,0.0078101116,4.108915
3527,2026-08-20,0.033950992,0.032106582,0.008266809,0.007726126,4.106407
8048,2026-08-20,0.034398355,0.04052267,0.008379179,0.011419267,4.1047277
6198,2026-08-20,0.03510006,0.039427273,0.008559535,0.009528149,4.100218
5013,2026-08-20,0.033832323,0.056520257,0.008286075,0.009296687,4.082541
6739,2026-08-20,0.034785334,0.021576853,0.008523213,0.00739798,4.0807676
6811,2026-08-20,0.046682097,0.046980646,0.0114798015,0.009990975,4.0661006
9926,2026-08-20,0.03856041,0.049045403,0.009483293,0.008509478,4.0657125
7705,2026-08-20,0.035103545,0.05606366,0.008637516,0.009711793,4.063608
5455,2026-08-20,0.04376149,0.07069326,0.010803016,0.009217803,4.0504837
8049,2026-08-20,0.042253207,0.026137061,0.010437843,0.010598865,4.0476904
6982,2026-08-20,0.041093137,0.04684061,0.010160042,0.012272399,4.044185
5452,2026-08-20,0.039125927,0.04851823,0.009709856,0.01008042,4.0290914
8076,2026-08-20,0.036270443,0.0322316,0.009003275,0.01036364,4.028136
6791,2026-08-20,0.029322248,0.035962414,0.0072930595,0.007410925,4.0200176
3178,2026-08-20,0.029421244,0.03653825,0.0073254774,0.013164888,4.0157423
3593,2026-08-20,0.037415743,0.03949553,0.009329323,0.0077644787,4.0101233
4438,2026-08-20,0.03563644,0.04817063,0.008901927,0.011310588,4.002778
3164,2026-08-20,0.041635823,0.04804543,0.010442638,0.0074650743,3.9867163
3030,2026-08-20,0.035636622,0.008807512,0.008944814,0.012200119,3.9836085
3499,2026-08-20,0.03893322,0.04954038,0.00979276,0.008903284,3.975309
5234,2026-08-20,0.03525724,0.009871425,0.008871051,0.009403184,3.9739673
1737,2026-08-20,0.03172787,0.055421915,0.007986827,0.009996387,3.9720275
8059,2026-08-20,0.042731114,0.042686377,0.010793164,0.01004627,3.9587235
4543,2026-08-20,0.045352988,0.07163313,0.011480817,0.012728945,3.9499836
6937,2026-08-20,0.03317755,0.006938972,0.008409735,0.007854175,3.9446673
8102,2026-08-20,0.032764368,0.040315274,0.008325569,0.010832432,3.934918
2727,2026-08-20,0.03233402,0.04796177,0.008242128,0.008729806,3.922542
1446,2026-08-20,0.03670024,0.029685106,0.009360932,0.011138752,3.9201567
6270,2026-08-20,0.037127018,0.03652317,0.009488424,0.011074723,3.9124625
1558,2026-08-20,0.045306228,0.08798657,0.011600566,0.011372614,3.9051821
3209,2026-08-20,0.031997904,0.012967578,0.008193641,0.0103263,3.9047353
8401,2026-08-20,0.04132008,0.069682784,0.010607368,0.010907439,3.8950458
6263,2026-08-20,0.039403506,0.059664156,0.010132236,0.011651645,3.888541
3567,2026-08-20,0.029509433,0.029923141,0.007594548,0.009383807,3.885096
3511,2026-08-20,0.030592011,0.016488379,0.007879566,0.009573929,3.8819559
8942,2026-08-20,0.039019745,0.07937176,0.01005539,0.010253122,3.8800945
2468,2026-08-20,0.039785266,0.051164452,0.010255691,0.009394207,3.8789573
9937,2026-08-20,0.036457498,0.053296663,0.009403675,0.01026108,3.8765292
6220,2026-08-20,0.034816623,0.03258258,0.008994464,0.008904012,3.8704643
9911,2026-08-20,0.032405768,0.057180975,0.008439983,0.008330948,3.8390985
7721,2026-08-20,0.04695093,0.032560825,0.01223824,0.012472778,3.8360984
5871,2026-08-20,0.03890295,0.037548795,0.010141088,0.008366761,3.835793
3609,2026-08-20,0.036990754,0.0024848506,0.009697579,0.009265654,3.8140385
3028,2026-08-20,0.034761414,0.021149063,0.009160129,0.007482029,3.7944462
4767,2026-08-20,0.03278597,0.06384487,0.008642744,0.011773941,3.7930286
3615,2026-08-20,0.04308768,0.04038001,0.011367983,0.011196877,3.7899325
4904,2026-08-20,0.062170867,0.06085676,0.0164091,0.01426994,3.7885735
8255,2026-08-20,0.04593587,0.036542837,0.012129026,0.012772974,3.7869554
9918,2026-08-20,0.03447358,0.062893435,0.009108395,0.009829745,3.784398
2542,2026-08-20,0.038575497,0.06838987,0.010213849,0.012655711,3.7764137
6953,2026-08-20,0.04764537,0.064148515,0.012627581,0.0120844655,3.7728205
6179,2026-08-20,0.041056886,0.033397283,0.010883523,0.011256138,3.7720428
1599,2026-08-20,0.035647627,0.028806753,0.009501883,0.012014853,3.7512434
1416,2026-08-20,0.03658766,0.076592475,0.00976812,0.010017835,3.745236
4711,2026-08-20,0.06676506,0.096487194,0.017873826,0.018826265,3.7351449
3588,2026-08-20,0.044721607,0.04009743,0.011981423,0.009469151,3.7322674
5348,2026-08-20,0.043925617,0.061205335,0.011770702,0.013517978,3.7314584
7767,2026-08-20,0.04937811,0.050103538,0.013300873,0.010393909,3.7121167
0057,2026-08-20,0.17218511,0.28429678,0.04655035,0.040370762,3.6988213
2906,2026-08-20,0.040957786,0.07184326,0.011088115,0.014448478,3.6935124
8024,2026-08-20,0.037170388,0.03361033,0.0100751305,0.011212669,3.6889546
6109,2026-08-20,0.043353613,0.049527872,0.01176147,0.009801036,3.6857576
3416,2026-08-20,0.036505744,0.009591604,0.009905058,0.009663043,3.6851938
6996,2026-08-20,0.04788185,0.061031763,0.01300855,0.014251184,3.6805153
6133,2026-08-20,0.032728672,0.045739267,0.008907189,0.009555906,3.6739984
4571,2026-08-20,0.030843724,0.016881727,0.008394369,0.009370754,3.6738973
0051,2026-08-20,0.034857705,0.051182542,0.009504563,0.015334775,3.6670847
4113,2026-08-20,0.031153675,0.037704434,0.008499973,0.009767224,3.6647184
1234,2026-08-20,0.025592986,0.028744997,0.0069895466,0.008292071,3.6610854
2207,2026-08-20,0.035008505,0.036957458,0.009562899,0.010097988,3.6604843
2480,2026-08-20,0.0308034,0.045966934,0.008417805,0.009940556,3.6588802
6129,2026-08-20,0.030707883,0.02924673,0.008413142,0.00779161,3.6495562
4563,2026-08-20,0.0332337,0.044250987,0.00914649,0.009140791,3.6330945
6558,2026-08-20,0.026870737,0.018886054,0.0074168635,0.008880663,3.6224363
3357,2026-08-20,0.041684803,0.0005761537,0.011515613,0.014952772,3.6195366
6122,2026-08-20,0.03681112,0.05931603,0.010179696,0.009772446,3.6157765
2460,2026-08-20,0.049583137,0.050434694,0.013753531,0.012544715,3.6048584
6491,2026-08-20,0.029544543,0.037138302,0.008206436,0.009265245,3.5997286
3372,2026-08-20,0.032124195,0.022586612,0.008932658,0.0073145144,3.5958614
2497,2026-08-20,0.036633525,0.031610306,0.010194636,0.009170742,3.5930593
2607,2026-08-20,0.034052476,0.06790165,0.0095272055,0.011669525,3.5738604
2748,2026-08-20,0.027296755,0.040826384,0.0076371897,0.007055151,3.5737207
6925,2026-08-20,0.029476468,0.025642963,0.008255143,0.008803517,3.5702467
3494,2026-08-20,0.039626725,0.045276906,0.011115039,0.009177885,3.564824
3556,2026-08-20,0.03446641,0.041261602,0.00972771,0.010558036,3.542752
4580,2026-08-20,0.02982983,0.028217562,0.008419579,0.008483007,3.5424914
1470,2026-08-20,0.037446108,0.06086506,0.010629615,0.01046698,3.522478
2010,2026-08-20,0.031828877,0.052011665,0.009035813,0.010175049,3.5221353
6231,2026-08-20,0.035356,0.025739228,0.010050603,0.010946062,3.5174487
6138,2026-08-20,0.030366,0.02367173,0.008641985,0.011656777,3.5133693
6233,2026-08-20,0.029469632,0.036237366,0.008399272,0.009718302,3.5081756
3066,2026-08-20,0.027461877,0.053046227,0.007848781,0.008816362,3.498426
2516,2026-08-20,0.03258073,0.053926874,0.009338946,0.008988171,3.4883208
6556,2026-08-20,0.034331057,0.03994479,0.0098629985,0.011979953,3.4804401
8443,2026-08-20,0.028500414,0.049894653,0.008190927,0.009725104,3.4790852
6112,2026-08-20,0.037080202,0.045213457,0.010691899,0.009438489,3.4677408
5202,2026-08-20,0.03448063,0.032999262,0.009943662,0.008786801,3.46725
6931,2026-08-20,0.026694726,0.05581011,0.0077080294,0.007579004,3.4627872
2832,2026-08-20,0.04249344,0.0797516,0.012285467,0.013603587,3.4585564
3530,2026-08-20,0.036455877,0.021910345,0.0105530005,0.009348192,3.4542234
2330,2026-08-20,0.046875652,0.03561489,0.013578291,0.012905801,3.4519954
5223,2026-08-20,0.036354408,0.047489833,0.010567,0.008142605,3.440046
6741,2026-08-20,0.033264015,0.033336822,0.009690195,0.0074176826,3.4323955
3623,2026-08-20,0.047274094,0.07267705,0.013828682,0.016513778,3.4183066
2031,2026-08-20,0.032368857,0.053681504,0.009479426,0.008337584,3.414283
6874,2026-08-20,0.03315533,0.063749276,0.009709933,0.010833199,3.414227
6139,2026-08-20,0.029021533,0.014166145,0.008501063,0.009637519,3.4134693
4912,2026-08-20,0.027167805,0.042101026,0.007974612,0.008794526,3.40636
9912,2026-08-20,0.03869563,0.06442227,0.011361106,0.011025841,3.405674
6113,2026-08-20,0.048491534,0.04536802,0.014265341,0.0097723305,3.3990169
6835,2026-08-20,0.025623886,0.026323901,0.007546663,0.010844003,3.3949432
6615,2026-08-20,0.034139957,0.037007548,0.010063138,0.0110203605,3.3922386
2536,2026-08-20,0.035229627,0.054696526,0.010389623,0.0139959585,3.390521
2506,2026-08-20,0.03188447,0.04992084,0.009480156,0.00853392,3.3629305
2535,2026-08-20,0.033563722,0.065757334,0.010008367,0.010176024,3.3532312
2347,2026-08-20,0.028268067,0.006115294,0.008463043,0.011113618,3.339783
1531,2026-08-20,0.034143344,0.05504449,0.010277428,0.011029871,3.3218448
2101,2026-08-20,0.0337717,0.018004829,0.010172523,0.011268808,3.319568
2816,2026-08-20,0.040005803,0.07542117,0.0120530045,0.011140338,3.3188806
7805,2026-08-20,0.022593776,0.026259756,0.0068236957,0.006680983,3.310591
6568,2026-08-20,0.030761814,0.013424331,0.009291228,0.009378384,3.3104885
6474,2026-08-20,0.039700944,0.0767099,0.011992837,0.009419692,3.3101118
6498,2026-08-20,0.031841543,0.045146193,0.009628263,0.012142791,3.3067474
4907,2026-08-20,0.031526644,0.07041642,0.009535018,0.011585966,3.3060594
6605,2026-08-20,0.03503858,0.06636782,0.010603542,0.0142834615,3.3041103
7642,2026-08-20,0.037741352,0.06451344,0.011433031,0.011809242,3.3007913
4175,2026-08-20,0.040475592,0.07115997,0.012264518,0.01304047,3.2999496
3679,2026-08-20,0.033423793,0.042357128,0.010135803,0.009386154,3.2972715
1736,2026-08-20,0.03724723,0.020226495,0.011319801,0.01073241,3.2901583
4195,2026-08-20,0.033332422,0.025619332,0.010149498,0.009003335,3.2838213
2428,2026-08-20,0.030124726,0.025580265,0.009207661,0.009785299,3.2713468
5364,2026-08-20,0.02987192,0.028958501,0.009168928,0.0073093204,3.257596
3317,2026-08-20,0.031224279,0.019763768,0.009607391,0.010104682,3.2496884
6799,2026-08-20,0.029103903,0.01815229,0.009010795,0.009306909,3.2295346
4502,2026-08-20,0.029195096,0.056853015,0.009045256,0.008788498,3.2273126
5904,2026-08-20,0.035908755,0.037339203,0.011131251,0.011598013,3.2256508
3290,2026-08-20,0.021888366,-0.0037490816,0.006812601,0.00995044,3.2124522
1712,2026-08-20,0.025168555,0.042121913,0.007835704,0.007871497,3.211625
2441,2026-08-20,0.031050125,-0.005670143,0.009673366,0.011643379,3.2095253
2449,2026-08-20,0.033945303,0.012252464,0.010586064,0.0114339935,3.2062998
6146,2026-08-20,0.03047147,0.03182123,0.0095061585,0.00929289,3.205108
6526,2026-08-20,0.031661015,0.008608403,0.009908218,0.0099730715,3.1951072
1217,2026-08-20,0.03647348,0.056180663,0.01142739,0.010204623,3.19148
8284,2026-08-20,0.030210128,0.0682169,0.009485353,0.00855902,3.1845882
9940,2026-08-20,0.027785026,0.034810606,0.008747759,0.008348904,3.1758816
2109,2026-08-20,0.041553963,0.071954556,0.013138849,0.010673359,3.1624382
6728,2026-08-20,0.03359826,0.06825708,0.010644033,0.010862671,3.156238
6546,2026-08-20,0.033646148,0.03560088,0.010659379,0.009326158,3.1561868
6649,2026-08-20,0.032402493,0.035574477,0.010287476,0.0103310095,3.1493967
8472,2026-08-20,0.02716124,0.025265364,0.008629971,0.010191385,3.1469505
2364,2026-08-20,0.02159392,0.05058888,0.006862071,0.00836661,3.1463935
2374,2026-08-20,0.0317233,0.0027790836,0.010096829,0.009224217,3.141596
5607,2026-08-20,0.037294727,0.075958684,0.011904078,0.011506225,3.132674
5274,2026-08-20,0.030245462,0.017798722,0.0096672205,0.012333893,3.128338
9960,2026-08-20,0.0404282,0.02721998,0.0129266735,0.011491547,3.1272602
2105,2026-08-20,0.026964387,0.030228162,0.0086608315,0.009248691,3.113012
2377,2026-08-20,0.041137677,0.012399026,0.013214239,0.013102037,3.112897
2880,2026-08-20,0.034479078,0.023584656,0.011101592,0.011797399,3.1054978
8068,2026-08-20,0.032228053,0.021448087,0.010484741,0.011030399,3.073512
0053,2026-08-20,0.052656703,0.08638842,0.017154127,0.018399399,3.069444
3360,2026-08-20,0.039022397,0.027272943,0.012716304,0.010798531,3.068449
3010,2026-08-20,0.03606294,0.033828776,0.011766438,0.010290391,3.0646381
6126,2026-08-20,0.023738433,0.007691038,0.0077461796,0.0068997964,3.064139
6578,2026-08-20,0.039281435,0.05521009,0.01283525,0.0119707165,3.0601954
8487,2026-08-20,0.030447748,0.032225978,0.009970224,0.010106742,3.0535614
6156,2026-08-20,0.03035969,0.023577157,0.00994916,0.008263999,3.051176
1539,2026-08-20,0.027953144,0.034726176,0.009167032,0.007703639,3.0489795
3541,2026-08-20,0.034029927,0.06552974,0.01120889,0.012287182,3.0357056
3038,2026-08-20,0.030818364,0.03341714,0.010151022,0.008940585,3.0356872
6821,2026-08-20,0.025978116,0.015692031,0.008557657,0.008480304,3.0353029
8011,2026-08-20,0.027809078,0.02681919,0.009168547,0.008022386,3.0327647
6414,2026-08-20,0.029955493,0.0022800593,0.009911439,0.01073167,3.02201
3168,2026-08-20,0.02667838,0.03773005,0.008874475,0.010912811,3.0058537
8087,2026-08-20,0.0313343,0.027796455,0.010483465,0.009824031,2.9886405
5438,2026-08-20,0.03033944,0.03523763,0.010155771,0.0073606614,2.9871147
6167,2026-08-20,0.04619867,0.07338869,0.015480836,0.012374887,2.9840562
6148,2026-08-20,0.03652176,0.030139804,0.012288013,0.012747376,2.9719033
2884,2026-08-20,0.030482106,0.03117485,0.010257865,0.010072932,2.971294
4585,2026-08-20,0.027772654,0.0020835944,0.00934817,0.0093643125,2.970601
2230,2026-08-20,0.02463354,0.012827331,0.008303943,0.008035397,2.9661298
6616,2026-08-20,0.028122945,0.022139173,0.009485521,0.009782306,2.964516
3687,2026-08-20,0.02572455,0.021426769,0.008695189,0.0071106926,2.9581406
8354,2026-08-20,0.025686169,0.049746327,0.008710755,0.010048063,2.9484494
3305,2026-08-20,0.029879732,-0.0044630514,0.010144436,0.008982572,2.9451404
1735,2026-08-20,0.025240924,0.029275322,0.008570518,0.010832987,2.9447436
3580,2026-08-20,0.030189777,0.021008838,0.010257041,0.009705895,2.9430351
2329,2026-08-20,0.02032599,-0.007095904,0.0069148196,0.008720937,2.9390574
6292,2026-08-20,0.021083513,0.023727251,0.0071958927,0.007479334,2.9295301
2897,2026-08-20,0.03041681,0.041525956,0.010403547,0.012492209,2.923415
6693,2026-08-20,0.033339795,-0.00014701045,0.0114368955,0.013460726,2.9148538
2067,2026-08-20,0.028691435,0.036296256,0.0098609645,0.010187656,2.9093022
3438,2026-08-20,0.02991074,0.027202252,0.01028059,0.008696875,2.9091551
1110,2026-08-20,0.027196387,0.032090634,0.009376351,0.009599038,2.9002206
4720,2026-08-20,0.02741433,0.0072499234,0.009451771,0.0091600325,2.9001367
4739,2026-08-20,0.038086582,0.010779973,0.013137408,0.010343017,2.8988736
4188,2026-08-20,0.028684672,0.0421995,0.009902384,0.010370611,2.8964515
3019,2026-08-20,0.028969558,0.016280467,0.010006691,0.008308023,2.8947294
8163,2026-08-20,0.021763865,0.01868618,0.0075219856,0.008756244,2.8929825
1101,2026-08-20,0.02586478,0.032375135,0.008953892,0.0075161117,2.8883407
6667,2026-08-20,0.037547536,0.043667696,0.013016732,0.012519001,2.8843377
1525,2026-08-20,0.030525167,0.05778958,0.010656169,0.008660007,2.8642848
3680,2026-08-20,0.03403708,0.03068087,0.011888892,0.012910101,2.8626902
6613,2026-08-20,0.024808424,0.014913674,0.008665779,0.008382049,2.8624732
2929,2026-08-20,0.037731074,0.05405919,0.013204462,0.011211646,2.8572323
5288,2026-08-20,0.036638625,0.05451817,0.0128665,0.00915753,2.847377
3563,2026-08-20,0.02093925,0.009479852,0.0073537095,0.006654034,2.8470533
4162,2026-08-20,0.02581029,0.02130236,0.009068269,0.010402908,2.8459063
1452,2026-08-20,0.028612971,0.06014649,0.010067711,0.010071933,2.8417711
2701,2026-08-20,0.029928772,0.050617997,0.010547697,0.009282364,2.8372009
2385,2026-08-20,0.025870943,0.03667333,0.00916202,0.007919452,2.823408
6971,2026-08-20,0.027951801,0.04937516,0.009948302,0.011536397,2.8094232
3432,2026-08-20,0.024686107,0.02631589,0.0088280765,0.007725555,2.796001
1904,2026-08-20,0.030926488,0.045515895,0.011091655,0.010771239,2.788015
1432,2026-08-20,0.031130163,0.030020038,0.011202775,0.008782798,2.7785423
3025,2026-08-20,0.025923619,0.030815598,0.009347397,0.008574481,2.773055
4433,2026-08-20,0.01971743,0.010025332,0.0071227183,0.0072646034,2.7678566
3529,2026-08-20,0.028108116,0.003443621,0.010163827,0.0115382755,2.765233
3709,2026-08-20,0.022055008,0.011348992,0.008018479,0.009801367,2.7501795
6024,2026-08-20,0.027883437,0.054924306,0.010139071,0.009047952,2.7498264
9904,2026-08-20,0.025482945,0.030644154,0.00927321,0.008481591,2.7477214
2912,2026-08-20,0.028540201,0.040159304,0.010409141,0.010238453,2.7415767
2520,2026-08-20,0.03033657,0.062903054,0.011065407,0.010563052,2.7413206
3266,2026-08-20,0.027909618,0.054997314,0.010209188,0.010665164,2.7335067
1473,2026-08-20,0.027511025,0.04595466,0.01008055,0.012898309,2.7288487
2707,2026-08-20,0.022503901,0.039410017,0.00824665,0.007542146,2.7285228
1587,2026-08-20,0.025557965,0.028843096,0.009369237,0.009008674,2.7275686
8476,2026-08-20,0.030348834,0.037631337,0.011159771,0.011470985,2.7192416
3685,2026-08-20,0.018886046,-0.0051940577,0.006949453,0.008047507,2.7172396
9945,2026-08-20,0.034915093,0.061016224,0.012960848,0.012070828,2.6936817
8403,2026-08-20,0.03756908,0.07528552,0.013973016,0.013518711,2.6884954
1449,2026-08-20,0.023894709,0.024447666,0.00889642,0.008215527,2.6855772
6283,2026-08-20,0.024772592,0.032687996,0.00929423,0.009422285,2.6650865
1103,2026-08-20,0.022778003,0.034515135,0.008560384,0.009864751,2.6605515
2610,2026-08-20,0.03085788,0.02248568,0.011635826,0.011759483,2.6517437
1609,2026-08-20,0.020498531,0.017142259,0.0077329404,0.008205716,2.650464
3390,2026-08-20,0.021051258,0.009142973,0.007961891,0.007472997,2.6436703
3021,2026-08-20,0.02487224,0.023825705,0.009477061,0.007706062,2.6241906
8454,2026-08-20,0.02542257,0.00071098754,0.009706484,0.010264524,2.6188629
5903,2026-08-20,0.026976345,0.029851973,0.010320967,0.008882706,2.6134887
2421,2026-08-20,0.025512468,0.0022217114,0.009770395,0.009497033,2.610934
6217,2026-08-20,0.04548129,0.034041937,0.01745422,0.01707572,2.6055982
8464,2026-08-20,0.024095647,0.026135644,0.009264974,0.009488339,2.600444
6104,2026-08-20,0.031638883,0.025614759,0.012289561,0.012158994,2.5742424
1597,2026-08-20,0.027068615,-0.0060979775,0.0105262725,0.009765284,2.5712848
6205,2026-08-20,0.025194816,0.023293624,0.009805019,0.008311719,2.5693216
2850,2026-08-20,0.028852817,0.047286425,0.011231426,0.0097807655,2.5687075
2201,2026-08-20,0.022945859,0.044554073,0.008944508,0.009811345,2.5650704
1540,2026-08-20,0.024398932,0.031072857,0.009541907,0.008697102,2.5567608
3338,2026-08-20,0.02062136,0.011466398,0.008085027,0.007989861,2.550246
6248,2026-08-20,0.025556652,0.060106136,0.010026873,0.011045514,2.5485616
4545,2026-08-20,0.019794513,0.0258994,0.00776712,0.008441631,2.548173
3094,2026-08-20,0.022393059,-0.008444171,0.008808612,0.01129624,2.5418894
8109,2026-08-20,0.021527778,0.022049036,0.008483245,0.008238475,2.5373828
3537,2026-08-20,0.017163357,0.010837082,0.0067730844,0.00991945,2.5336792
3058,2026-08-20,0.02106399,0.021774542,0.008316664,0.0067975842,2.5324407
6175,2026-08-20,0.025504334,-0.008138139,0.0100958925,0.008504493,2.5259588
3684,2026-08-20,0.02957303,0.052893974,0.011737286,0.012609394,2.5193653
0056,2026-08-20,0.023147523,0.016800018,0.0091870185,0.009866867,2.5193162
8411,2026-08-20,0.022294493,0.03318514,0.008853241,0.010342215,2.517945
6612,2026-08-20,0.028507253,0.059501518,0.011356717,0.0091350395,2.5099456
6207,2026-08-20,0.04332675,0.016470538,0.01730652,0.019232472,2.5033484
1584,2026-08-20,0.021604486,0.033036936,0.00863746,0.008649227,2.5009649
2642,2026-08-20,0.022499826,0.041444685,0.008998579,0.008418329,2.5000975
6683,2026-08-20,0.02233874,-6.0361624e-05,0.008943808,0.009316227,2.4973972
8227,2026-08-20,0.032900516,0.011930752,0.013175019,0.014793997,2.4969997
8440,2026-08-20,0.024960382,0.060660664,0.010011587,0.008624692,2.4929001
6725,2026-08-20,0.022089478,0.00782184,0.008901631,0.00957332,2.48123
3354,2026-08-20,0.022309324,0.026153095,0.008992406,0.009094851,2.4806314
6464,2026-08-20,0.022631288,0.051964864,0.00912549,0.009551331,2.479736
3050,2026-08-20,0.021866398,0.038691577,0.008827845,0.00891498,2.4766998
3013,2026-08-20,0.018256696,-0.009096612,0.0073709413,0.008683715,2.4765115
6261,2026-08-20,0.026725553,0.027908778,0.010792698,0.011654432,2.476033
4772,2026-08-20,0.027192887,0.03043009,0.011024378,0.011564383,2.4663904
2889,2026-08-20,0.029696966,0.04462082,0.012057269,0.008505498,2.4627883
5536,2026-08-20,0.023325412,0.0205716,0.009513085,0.010632144,2.4516716
4744,2026-08-20,0.026677482,0.02610393,0.010882965,0.010445036,2.451081
5302,2026-08-20,0.01854837,0.0061708097,0.0075673433,0.009331553,2.4507835
4173,2026-08-20,0.018681245,0.026071552,0.007668557,0.0077823782,2.435766
1527,2026-08-20,0.02768639,0.03576958,0.011393376,0.012466912,2.4298294
4562,2026-08-20,0.027760422,0.017728876,0.011426569,0.009792096,2.42925
8426,2026-08-20,0.024565648,0.024798783,0.0101236375,0.00852537,2.4263237
3645,2026-08-20,0.02014902,-0.003745592,0.00832166,0.008925966,2.4209833
1725,2026-08-20,0.024700684,0.050789587,0.010220998,0.009847939,2.4164243
3325,2026-08-20,0.018811814,0.013795103,0.007826152,0.008078125,2.4034047
6961,2026-08-20,0.028648643,0.026138587,0.011941539,0.011584412,2.3988736
1541,2026-08-20,0.027349642,0.041890297,0.011403307,0.012174139,2.3981853
2491,2026-08-20,0.017947102,0.030202277,0.0074874517,0.0071552726,2.3966372
3512,2026-08-20,0.02424934,0.04764259,0.010120043,0.011769572,2.395933
6164,2026-08-20,0.022740407,0.030307079,0.009559341,0.010697717,2.3786187
3306,2026-08-20,0.033508968,0.05830942,0.014134172,0.015120974,2.370609
2442,2026-08-20,0.03074786,0.054472294,0.012992809,0.012548774,2.366347
6197,2026-08-20,0.034766074,0.019303935,0.01469984,0.013221333,2.364904
3303,2026-08-20,0.028976822,0.042651825,0.012267423,0.010763749,2.3619027
2851,2026-08-20,0.028206687,0.059242446,0.0119961975,0.012031335,2.3511064
8040,2026-08-20,0.023238285,0.010143382,0.009884617,0.0088155065,2.3507166
2006,2026-08-20,0.020071097,0.0125563685,0.008558654,0.011678335,2.3448489
6609,2026-08-20,0.023212023,0.021825159,0.00993981,0.010470379,2.3350232
1582,2026-08-20,0.02483616,0.032468155,0.010691993,0.009654559,2.3226573
3093,2026-08-20,0.0335469,0.023719052,0.0145055605,0.014782684,2.312533
6664,2026-08-20,0.021633407,0.010184429,0.009362229,0.010285712,2.3104644
5289,2026-08-20,0.022622483,0.01981709,0.009795894,0.008534294,2.3091486
6188,2026-08-20,0.022843061,-0.00033537846,0.009928887,0.010095799,2.300435
3162,2026-08-20,0.020728486,0.009140224,0.009029662,0.012796034,2.295345
1442,2026-08-20,0.025574923,0.052960176,0.0112841,0.009914489,2.2662556
4569,2026-08-20,0.017753892,0.0074493857,0.007869621,0.00833538,2.2557168
8477,2026-08-20,0.029215546,0.038071025,0.012953279,0.012286577,2.2552817
6417,2026-08-20,0.018824827,0.019613644,0.00838121,0.011044377,2.245807
2614,2026-08-20,0.01777298,0.031529717,0.00791587,0.008064847,2.2449503
2640,2026-08-20,0.026054319,0.063088045,0.011656511,0.010865737,2.2349813
6124,2026-08-20,0.01947114,0.006591728,0.008750768,0.011186663,2.2248235
3597,2026-08-20,0.024093818,0.061080493,0.010849917,0.010743155,2.2204406
3002,2026-08-20,0.02203462,0.020878851,0.009930702,0.009752009,2.2186148
2472,2026-08-20,0.025968444,-0.00030139982,0.011759051,0.012863892,2.2081914
1734,2026-08-20,0.024370145,0.060222983,0.011042244,0.010339653,2.206792
6158,2026-08-20,0.02044595,0.02241236,0.00931418,0.010092775,2.1949065
2453,2026-08-20,0.018313456,0.014954842,0.008358827,0.009240536,2.1906502
3628,2026-08-20,0.02832716,0.05311485,0.012948612,0.012402671,2.187491
2477,2026-08-20,0.01934644,0.018607676,0.008849259,0.008191194,2.1859746
1626,2026-08-20,0.02113531,0.021177033,0.009681675,0.009139434,2.1827965
1590,2026-08-20,0.01806084,0.0035129373,0.008299266,0.0090165585,2.175935
2527,2026-08-20,0.018395877,0.018136365,0.008462926,0.011418727,2.1734447
3515,2026-08-20,0.02310946,-0.00022140756,0.010656924,0.008664032,2.168289
6026,2026-08-20,0.019917356,0.0392877,0.009268226,0.012253356,2.1487615
3272,2026-08-20,0.020841118,0.022707302,0.009722174,0.010312278,2.1434479
1513,2026-08-20,0.022328632,0.025299625,0.0104175545,0.009500358,2.14316
1907,2026-08-20,0.02086109,0.03359028,0.009733491,0.0108196195,2.1430078
3521,2026-08-20,0.015584092,0.010807544,0.0073065683,0.0077631003,2.1325963
2327,2026-08-20,0.019996906,-0.0018104998,0.009406401,0.010026838,2.1256568
4171,2026-08-20,0.02159112,0.033520274,0.010157697,0.011235485,2.1253827
4706,2026-08-20,0.019219305,0.008807222,0.009046177,0.009686857,2.1243427
3501,2026-08-20,0.023548655,0.041358326,0.011092465,0.009873177,2.12275
1528,2026-08-20,0.02081592,0.010912049,0.009868358,0.008617671,2.109146
7769,2026-08-20,0.02432556,0.017244274,0.011584566,0.010320833,2.0996437
5243,2026-08-20,0.021730147,0.008494664,0.010350827,0.008768463,2.0991604
6223,2026-08-20,0.014632674,0.0016210338,0.0069731427,0.0096154045,2.0981324
8444,2026-08-20,0.02304553,0.020563286,0.011114038,0.010616123,2.073365
6170,2026-08-20,0.020031122,0.04150679,0.00966295,0.010352703,2.0727675
4933,2026-08-20,0.020048205,0.020742146,0.009675659,0.009431193,2.0718105
7782,2026-08-20,0.017885523,0.022326441,0.008642744,0.009521673,2.069187
3188,2026-08-20,0.025180526,0.05921169,0.012195338,0.008125786,2.0645974
8069,2026-08-20,0.026284112,-0.008902486,0.012749377,0.011428211,2.061438
2596,2026-08-20,0.020927964,0.061943866,0.010159052,0.011129952,2.0598283
2915,2026-08-20,0.031303834,0.07989967,0.015253995,0.018453157,2.0520384
6708,2026-08-20,0.021240734,0.032303732,0.0103849545,0.01290329,2.0451403
5251,2026-08-20,0.023881603,0.022359323,0.011800107,0.011563145,2.0236747
4930,2026-08-20,0.016071465,0.026464192,0.0079491,0.008954809,2.0215425
4160,2026-08-20,0.023647053,0.03137446,0.011751775,0.011817713,2.01204
4102,2026-08-20,0.027870806,0.058373246,0.013890336,0.013313024,2.0063446
3535,2026-08-20,0.023280343,0.013601794,0.011654213,0.012933028,1.9974189
3545,2026-08-20,0.020903347,0.008118643,0.010477865,0.012773814,1.9948101
3138,2026-08-20,0.020413732,0.004155564,0.010256499,0.008789602,1.9901276
6887,2026-08-20,0.021788143,0.0223017,0.01094749,0.010235741,1.9900591
3373,2026-08-20,0.020021979,0.03897182,0.010067589,0.0087911375,1.9885585
3071,2026-08-20,0.017226193,0.0062358337,0.00877363,0.0058625247,1.9631817
8929,2026-08-20,0.018307602,0.012261717,0.009331441,0.008851316,1.9617164
1721,2026-08-20,0.015938688,0.021791037,0.008215766,0.007590729,1.9397762
3581,2026-08-20,0.01765844,-0.020412141,0.009109328,0.01146218,1.9382881
3041,2026-08-20,0.022057526,0.010049003,0.011385052,0.010278438,1.9372408
4552,2026-08-20,0.016714446,0.026600134,0.00863998,0.009526681,1.934323
3224,2026-08-20,0.014833802,0.0002720913,0.007681809,0.006942607,1.9307786
6910,2026-08-20,0.01713075,0.01814296,0.008906069,0.008917989,1.9232756
6952,2026-08-20,0.018846532,0.026317148,0.009803846,0.009472102,1.922165
2316,2026-08-20,0.02793177,0.009716719,0.014693025,0.015067492,1.9008931
7728,2026-08-20,0.014075438,0.002305009,0.0074136495,0.009181753,1.8983282
6185,2026-08-20,0.016100006,0.005792741,0.008498149,0.0094753085,1.894308
3060,2026-08-20,0.017852234,0.005467949,0.00942957,0.0072012134,1.8930174
6225,2026-08-20,0.023110658,0.034086633,0.012211101,0.010947183,1.8924391
2537,2026-08-20,0.019661121,0.055767108,0.010430767,0.010551641,1.8847353
5228,2026-08-20,0.022357384,0.014402742,0.01189924,0.011825286,1.8787338
6904,2026-08-20,0.022825656,0.050623123,0.012166654,0.011799259,1.8759291
1341,2026-08-20,0.019368438,0.03230995,0.010330453,0.009473317,1.8747061
1319,2026-08-20,0.022075022,0.0471762,0.011780149,0.0109363785,1.8737578
8422,2026-08-20,0.0146286,0.0074848128,0.007813444,0.008624602,1.8719949
2926,2026-08-20,0.016974878,0.027619768,0.009068683,0.011141137,1.8716065
3484,2026-08-20,0.02040636,0.033007346,0.010905701,0.009710151,1.8709929
2890,2026-08-20,0.01488679,0.011791303,0.008012446,0.007889598,1.8577265
3666,2026-08-20,0.019032573,0.034360368,0.010249411,0.009778716,1.8567619
6171,2026-08-20,0.019690251,0.031890474,0.010667333,0.009158598,1.8456726
6684,2026-08-20,0.016181132,0.0075163753,0.008780775,0.009064463,1.842581
5439,2026-08-20,0.022836404,0.021325177,0.012432802,0.010456012,1.8366389
2049,2026-08-20,0.018060422,-0.008487524,0.009891174,0.0116672795,1.8257283
6239,2026-08-20,0.02449029,0.011251018,0.0134556135,0.009839098,1.8199444
4938,2026-08-20,0.014087313,-0.005212181,0.00773995,0.00829815,1.8198429
2395,2026-08-20,0.02091427,0.008265064,0.011506068,0.010040561,1.8175151
6115,2026-08-20,0.015111874,0.011446083,0.008374373,0.008103999,1.8043224
2062,2026-08-20,0.01751832,0.046043172,0.0097353775,0.012736029,1.7992646
2022,2026-08-20,0.016366245,0.03684176,0.0091658775,0.009883332,1.7853675
8933,2026-08-20,0.016542116,0.0231571,0.0092875995,0.008121255,1.7809052
2528,2026-08-20,0.01461698,0.030617477,0.008213955,0.0091916425,1.7793134
6212,2026-08-20,0.018194895,0.05094386,0.0102431495,0.013038604,1.7761254
2419,2026-08-20,0.01882091,0.027261408,0.010614675,0.009441185,1.7729357
6506,2026-08-20,0.021981692,0.049919866,0.012420181,0.009767649,1.7696941
6245,2026-08-20,0.018523248,0.008868189,0.01050837,0.010720232,1.7625461
6465,2026-08-20,0.013373771,0.004628505,0.0076040155,0.009741024,1.7585462
4760,2026-08-20,0.021838304,-0.00447143,0.012429977,0.011038095,1.7567649
1468,2026-08-20,0.017371746,0.024653729,0.009930391,0.0078187,1.7491754
4906,2026-08-20,0.014128378,-0.00848766,0.008140514,0.008952307,1.7353501
1612,2026-08-20,0.022373449,0.050784446,0.012907316,0.010372808,1.7332585
2228,2026-08-20,0.015613807,0.029716454,0.00902878,0.009664898,1.7291459
3044,2026-08-20,0.01739234,0.0062936367,0.010077809,0.008160286,1.7256343
3257,2026-08-20,0.014500903,0.006386082,0.008406463,0.00974421,1.7247655
3228,2026-08-20,0.014389928,0.015422864,0.008349747,0.009142101,1.7231904
2941,2026-08-20,0.01854498,0.010493065,0.010777812,0.010238123,1.720503
6689,2026-08-20,0.018474162,0.019820431,0.010791378,0.008786126,1.7117785
8028,2026-08-20,0.019458823,-0.0063854675,0.01140167,0.009220741,1.7065146
1439,2026-08-20,0.015807163,0.039086264,0.009291149,0.013025209,1.701131
2072,2026-08-20,0.013611447,0.006069942,0.008004258,0.009076578,1.7003132
3005,2026-08-20,0.011966652,0.021114595,0.007038682,0.007843217,1.6998855
3211,2026-08-20,0.020097239,-0.028688554,0.011837024,0.011793527,1.6976852
2515,2026-08-20,0.01777042,0.003955899,0.010466956,0.00842124,1.6976018
5410,2026-08-20,0.014914372,0.02771309,0.00880899,0.009037133,1.6928931
3686,2026-08-20,0.019482633,0.014816209,0.011509316,0.009507693,1.6926236
2345,2026-08-20,0.017043216,-0.0035894224,0.010130808,0.009338084,1.6821495
8066,2026-08-20,0.016461113,0.018972518,0.00980866,0.008320561,1.6780514
5460,2026-08-20,0.015925812,0.034326382,0.009499045,0.01159997,1.6763933
6679,2026-08-20,0.0129521005,-0.00015621161,0.007762211,0.009359966,1.6683948
4582,2026-08-20,0.027053932,0.012622356,0.01623978,0.013710516,1.6658026
2061,2026-08-20,0.019506494,-0.017420445,0.011733954,0.011635825,1.6622556
1466,2026-08-20,0.01797332,0.01847772,0.010811805,0.010163354,1.6622255
6877,2026-08-20,0.016582267,-0.011568953,0.009998675,0.008034316,1.6582805
4420,2026-08-20,0.020271761,0.053807054,0.012250866,0.011844166,1.6545856
2034,2026-08-20,0.0150073515,0.040034276,0.009074794,0.014739701,1.6535579
6906,2026-08-20,0.019548288,0.020418966,0.011845949,0.012326623,1.6500694
5880,2026-08-20,0.020657903,0.015145212,0.012536121,0.0093521485,1.6477389
2937,2026-08-20,0.015618102,0.05254157,0.009541856,0.010546228,1.6366276
3128,2026-08-20,0.014943431,0.03610296,0.009201069,0.007488525,1.6239207
2945,2026-08-20,0.01611817,0.008123082,0.00993392,0.008475831,1.6223755
1781,2026-08-20,0.023468245,0.03600617,0.014474736,0.015452054,1.6212126
7711,2026-08-20,0.016710205,0.011057373,0.01031253,0.009453237,1.6202216
1215,2026-08-20,0.017514776,0.029436449,0.010895977,0.011123892,1.607306
1216,2026-08-20,0.014267828,0.026095657,0.008905748,0.009359136,1.6019121
6242,2026-08-20,0.026997294,0.034954555,0.01685251,0.01745966,1.6018797
4551,2026-08-20,0.018653339,0.0024050355,0.011663208,0.011820918,1.5991946
2855,2026-08-20,0.017122714,0.01570574,0.010727773,0.009418096,1.5959619
9944,2026-08-20,0.018597743,0.032688867,0.0116678765,0.011971303,1.5937903
5312,2026-08-20,0.014847456,0.04358645,0.009318593,0.009266298,1.5931442
5907,2026-08-20,0.013916961,0.021901472,0.008781944,0.008384415,1.5845438
3276,2026-08-20,0.01964771,0.017335271,0.012422202,0.011831059,1.5815334
6944,2026-08-20,0.015918665,-0.008639694,0.010082184,0.010089381,1.5787338
2375,2026-08-20,0.024024887,-0.0011113078,0.015300405,0.018345619,1.5701098
3231,2026-08-20,0.014859257,0.0029957003,0.009478874,0.012478688,1.567453
6419,2026-08-20,0.01479892,0.025203424,0.0094440095,0.007428961,1.5668507
1707,2026-08-20,0.014674853,0.033630393,0.009366442,0.010581606,1.5665804
2731,2026-08-20,0.012869361,0.028360298,0.008221825,0.0066603324,1.5650778
6807,2026-08-20,0.016505849,0.040094085,0.01058423,0.010533553,1.5593283
9933,2026-08-20,0.0154253645,0.03466067,0.009901618,0.012166063,1.5577058
5398,2026-08-20,0.014939335,0.015459227,0.009626727,0.010087976,1.5516992
6885,2026-08-20,0.011751334,0.01919836,0.0075927647,0.0107519105,1.5474979
8409,2026-08-20,0.022117227,0.020223496,0.014328604,0.016187206,1.543464
1201,2026-08-20,0.01681737,0.045210663,0.010898595,0.007709891,1.5429354
1709,2026-08-20,0.021924855,0.026846826,0.014249431,0.014417622,1.5385398
7734,2026-08-20,0.016296247,-0.012117442,0.010677593,0.010167008,1.5260669
9949,2026-08-20,0.01684815,0.010663304,0.01104757,0.008453502,1.5249168
3150,2026-08-20,0.015585012,0.038561933,0.010231762,0.011127749,1.5230503
6228,2026-08-20,0.0225855,0.027959967,0.014852648,0.01435259,1.5205356
2444,2026-08-20,0.017054068,0.024013134,0.011216234,0.008611289,1.5203451
2065,2026-08-20,0.014147194,0.049990367,0.009443026,0.009905309,1.4980046
6117,2026-08-20,0.013614569,-0.008019627,0.009088519,0.008281107,1.4978316
8436,2026-08-20,0.012968089,0.033515614,0.008681739,0.010257294,1.4935483
2511,2026-08-20,0.016132474,0.021339891,0.01083209,0.011670694,1.4891849
3413,2026-08-20,0.014734457,0.0039320863,0.009899413,0.009118166,1.4882668
4528,2026-08-20,0.013701731,0.023454513,0.009270861,0.0099205375,1.4777757
6257,2026-08-20,0.017290056,0.004114794,0.011709703,0.0117160175,1.4764318
4148,2026-08-20,0.013630697,0.017071763,0.009260609,0.0100373775,1.4717417
6721,2026-08-20,0.012277783,0.026911002,0.008396225,0.009976517,1.4621238
2360,2026-08-20,0.01912511,0.0059657535,0.013104865,0.010635482,1.4592786
6264,2026-08-20,0.014428814,0.036636356,0.009920385,0.009892397,1.4543145
4560,2026-08-20,0.012699739,0.021470448,0.0087931715,0.010098126,1.4441086
2032,2026-08-20,0.01451071,0.035498835,0.010092054,0.011595106,1.4376928
6189,2026-08-20,0.0128779765,0.017425643,0.008963945,0.008834308,1.4364812
3055,2026-08-20,0.025670176,0.00012681326,0.017894797,0.01805594,1.4344249
8289,2026-08-20,0.015458777,0.017373448,0.010799666,0.012500926,1.4312799
8261,2026-08-20,0.027247624,0.0070361746,0.019105528,0.017103128,1.4260898
5483,2026-08-20,0.014650729,0.01427584,0.010361995,0.012630025,1.4137543
3311,2026-08-20,0.012921925,0.009507435,0.009139371,0.008229836,1.4137199
6277,2026-08-20,0.013972925,0.018830864,0.0098959,0.012383534,1.4118485
8277,2026-08-20,0.014319094,0.021076549,0.010218182,0.010406751,1.4011977
5519,2026-08-20,0.014155106,0.021435125,0.010144652,0.008769078,1.3951893
8067,2026-08-20,0.013580439,0.020577755,0.0097401235,0.009277624,1.3941348
1603,2026-08-20,0.016898772,0.05076395,0.012182294,0.010369686,1.3870445
6997,2026-08-20,0.01051408,0.0013040823,0.007607618,0.010244362,1.3818647
7828,2026-08-20,0.011596099,-0.008479255,0.008391026,0.007943691,1.3817996
4584,2026-08-20,0.013110435,0.015855858,0.009501602,0.012253783,1.3796679
5258,2026-08-20,0.012267675,0.002958937,0.008902343,0.008639061,1.377873
3693,2026-08-20,0.012839958,-0.0056578745,0.009400301,0.009453915,1.365764
1568,2026-08-20,0.014816403,0.031353544,0.010860677,0.010273478,1.364099
3294,2026-08-20,0.012133193,0.0047300784,0.0089421235,0.007669621,1.3567064
5521,2026-08-20,0.017238624,0.03821873,0.012712354,0.010563097,1.3559462
8927,2026-08-20,0.010541634,0.025479155,0.00784554,0.010044472,1.3434755
2383,2026-08-20,0.014864832,0.022298373,0.011125369,0.012851436,1.3360002
5876,2026-08-20,0.01258134,0.029047098,0.009426842,0.010327869,1.3344877
5523,2026-08-20,0.01574189,0.027877664,0.011811112,0.010561472,1.3326906
6947,2026-08-20,0.016994365,0.010129611,0.012887625,0.0104550095,1.3185552
7749,2026-08-20,0.010114994,-0.0001384889,0.0076919454,0.008281642,1.3148402
4749,2026-08-20,0.013208971,0.009265491,0.010077344,0.008822875,1.3106291
2204,2026-08-20,0.011953757,0.031424273,0.009127334,0.007535826,1.3095223
5489,2026-08-20,0.015582014,0.006790117,0.011915956,0.013621491,1.3075498
7715,2026-08-20,0.015582119,0.00963733,0.011975279,0.012361965,1.3010818
1623,2026-08-20,0.011024629,-0.0025196725,0.008481187,0.009225092,1.2997389
2754,2026-08-20,0.01141241,-0.000736648,0.008817309,0.011343087,1.2941722
3284,2026-08-20,0.012561262,0.007260131,0.009725139,0.011616205,1.2914952
5272,2026-08-20,0.01146988,-0.0007943566,0.008893045,0.008133084,1.2896135
2454,2026-08-20,0.011201646,-0.014175945,0.008705225,0.010518304,1.2866249
1524,2026-08-20,0.017935425,0.037254836,0.01399278,0.013452753,1.2816712
6923,2026-08-20,0.014243579,0.040752944,0.011139592,0.013010462,1.2785298
3711,2026-08-20,0.014749793,-0.0011512514,0.011538452,0.010547454,1.2782058
4714,2026-08-20,0.014024824,0.015775282,0.010994811,0.009377124,1.2754698
6870,2026-08-20,0.012279259,0.030586096,0.009687186,0.011217425,1.2674466
5215,2026-08-20,0.014492103,0.03600763,0.011490884,0.011360754,1.2610728
1580,2026-08-20,0.009077107,-0.0006032298,0.007240953,0.0073531293,1.2534059
2368,2026-08-20,0.012727241,0.007886017,0.010167909,0.009481494,1.2515837
5512,2026-08-20,0.013690965,0.03625862,0.010951973,0.011424324,1.2499771
3308,2026-08-20,0.013774228,0.030639995,0.011111321,0.011982526,1.2395456
1315,2026-08-20,0.011364402,0.038142078,0.00923389,0.008312586,1.2305942
8112,2026-08-20,0.010640439,-0.015570108,0.008650033,0.008015803,1.2299616
3564,2026-08-20,0.012444095,0.0109332055,0.010240611,0.009022855,1.2150525
6214,2026-08-20,0.012108094,0.033570606,0.010032726,0.01089924,1.2067394
4927,2026-08-20,0.0128115,-0.009473739,0.010678727,0.0109655885,1.1996093
5703,2026-08-20,0.011803504,0.04796361,0.009839099,0.009511376,1.199531
4416,2026-08-20,0.011734267,0.045499515,0.009824436,0.008315744,1.1942743
8299,2026-08-20,0.010394891,-0.009038518,0.008764106,0.009865107,1.1859401
5315,2026-08-20,0.012419958,0.022196298,0.010478928,0.0138155185,1.1851186
5310,2026-08-20,0.013794226,0.05893917,0.011648264,0.013729788,1.1841285
6015,2026-08-20,0.011054454,0.025231112,0.009351463,0.009859624,1.1819832
5386,2026-08-20,0.010929231,-0.010981405,0.009347647,0.010346058,1.1690707
4966,2026-08-20,0.01159278,0.012713369,0.009926556,0.010094242,1.1677376
6020,2026-08-20,0.012724424,0.011397744,0.011109317,0.009530141,1.14528
3017,2026-08-20,0.014874278,0.0035343273,0.013157457,0.010548945,1.1303967
5525,2026-08-20,0.010433227,0.030999878,0.009244391,0.010497131,1.1284786
3712,2026-08-20,0.010682182,0.0007069784,0.009545914,0.011141265,1.1189147
2412,2026-08-20,0.011422425,0.015044045,0.010216457,0.013625539,1.1179322
5516,2026-08-20,0.01523368,0.013888023,0.013631435,0.008314066,1.1174585
2363,2026-08-20,0.011029647,-0.0035690852,0.009896834,0.011097071,1.1143495
7788,2026-08-20,0.012227207,-0.01082081,0.0109871905,0.011689867,1.1127589
1516,2026-08-20,0.010192093,0.022221744,0.009180415,0.0111977905,1.1100787
2373,2026-08-20,0.008905267,0.00713888,0.008080002,0.010600268,1.1020004
6272,2026-08-20,0.011980464,0.011669397,0.011022493,0.008068785,1.0868119
1474,2026-08-20,0.008977511,0.028385866,0.008327701,0.009234252,1.0779004
2633,2026-08-20,0.008653143,0.026126992,0.008105382,0.010324092,1.0674481
6771,2026-08-20,0.012779927,0.053649988,0.012198617,0.013383033,1.0475678
3379,2026-08-20,0.012086486,0.016362216,0.011540778,0.011298626,1.0471945
3605,2026-08-20,0.009842138,-0.031418405,0.009422324,0.009829881,1.0444444
3029,2026-08-20,0.01148754,0.02997849,0.011001063,0.009516345,1.044126
4942,2026-08-20,0.008033942,0.012331477,0.007699375,0.008912798,1.0433184
1604,2026-08-20,0.011738036,0.024289243,0.011258085,0.008881429,1.042539
1321,2026-08-20,0.010575703,0.03507731,0.01031913,0.009950443,1.0247645
4513,2026-08-20,0.010917423,0.01205341,0.010733652,0.010489839,1.0170263
8931,2026-08-20,0.010634146,0.017144848,0.010483203,0.009665775,1.0143017
3268,2026-08-20,0.012378938,-0.0018577608,0.012208845,0.009338628,1.0138489
6789,2026-08-20,0.00836148,-0.009895086,0.008275231,0.010040069,1.0103004
6118,2026-08-20,0.008002612,0.015451891,0.008227936,0.008041584,0.9724965
6234,2026-08-20,0.010448003,0.005119259,0.01077272,0.014853467,0.96976745
8171,2026-08-20,0.010409742,0.0118924165,0.010761088,0.011656,0.9672604
6552,2026-08-20,0.0076452983,0.016944945,0.008044568,0.009270816,0.9502497
2483,2026-08-20,0.011364945,-0.012354126,0.012008708,0.014633987,0.9463132
4503,2026-08-20,0.009376889,-0.00548965,0.009918343,0.009939912,0.94531345
6412,2026-08-20,0.009137744,0.00681888,0.009712693,0.009817328,0.94070745
6743,2026-08-20,0.0065535014,-0.006145805,0.0070049064,0.008626945,0.9354252
6235,2026-08-20,0.00725684,-0.0009987984,0.007828314,0.0084401155,0.92688066
6028,2026-08-20,0.011950008,0.06686677,0.012973504,0.01184659,0.9210377
3056,2026-08-20,0.0095522,0.028974652,0.01040997,0.009625104,0.917513
4426,2026-08-20,0.008594897,0.007413997,0.009458141,0.0107215205,0.9086339
2356,2026-08-20,0.0074146106,-0.020773487,0.008205823,0.0094550215,0.9034691
9955,2026-08-20,0.011064974,0.030471163,0.012336136,0.011470135,0.8968835
2501,2026-08-20,0.010514993,0.021175373,0.011754618,0.011055574,0.8944653
4590,2026-08-20,0.009934541,0.013257684,0.011151294,0.008909132,0.8908069
1236,2026-08-20,0.01028767,0.03473362,0.011581004,0.010595935,0.8882462
2355,2026-08-20,0.0063515184,-0.0046618856,0.0071779387,0.006801035,0.8847434
4129,2026-08-20,0.008741971,0.041536912,0.009916438,0.010171131,0.88147473
3481,2026-08-20,0.008956435,-0.010280739,0.010184687,0.010236446,0.8793158
3217,2026-08-20,0.006988705,-0.0015386121,0.007964548,0.0076364083,0.87736654
3015,2026-08-20,0.007874394,-0.00790214,0.00899964,0.008913881,0.8748704
5205,2026-08-20,0.007339744,0.014617268,0.008412625,0.01234482,0.87236404
6215,2026-08-20,0.0077495114,-0.026976336,0.008894153,0.009467035,0.87120605
5474,2026-08-20,0.010031479,0.027904388,0.011525606,0.008156919,0.8702891
1514,2026-08-20,0.0055675507,-0.009777796,0.006413949,0.008237213,0.8679026
6202,2026-08-20,0.008581483,-0.03199095,0.010013782,0.008247069,0.85688156
4526,2026-08-20,0.0072083534,-0.011265087,0.008433501,0.00737515,0.8546271
2397,2026-08-20,0.005702876,0.014959093,0.0068134028,0.007563526,0.8368857
5529,2026-08-20,0.010567537,0.027118487,0.012653713,0.010595767,0.8350672
2020,2026-08-20,0.009688214,0.041809473,0.011642043,0.013193055,0.8321033
2706,2026-08-20,0.008347272,0.018194748,0.010071965,0.006800479,0.8286807
6934,2026-08-20,0.009736993,0.017955132,0.011802832,0.0076453546,0.82490104
6730,2026-08-20,0.006137827,0.01810095,0.0074564293,0.0089577595,0.82304865
3705,2026-08-20,0.007687788,0.039621226,0.009342053,0.010081189,0.8228347
0050,2026-08-20,0.021391269,-0.014196014,0.026052274,0.019657953,0.82105875
1108,2026-08-20,0.007325093,0.0074698725,0.009019229,0.00841219,0.81207395
8488,2026-08-20,0.0067608715,-0.0054094563,0.0083960695,0.010057872,0.8051465
8499,2026-08-20,0.009702513,0.0046305046,0.012086472,0.013234256,0.8026917
6282,2026-08-20,0.009595499,-0.018096197,0.012063401,0.012014146,0.79535645
1813,2026-08-20,0.009278172,0.0095673585,0.011683004,0.010560917,0.79409176
6169,2026-08-20,0.008600443,0.0007644345,0.010829555,0.009771581,0.7940907
2702,2026-08-20,0.0069680423,0.014418083,0.008830149,0.007316329,0.7890301
1586,2026-08-20,0.007178662,-0.0099095525,0.00910652,0.009201634,0.7882126
3447,2026-08-20,0.0065829474,0.0092197005,0.008356745,0.008708919,0.7876463
1805,2026-08-20,0.007919744,0.041188795,0.010113461,0.012403826,0.7830119
9930,2026-08-20,0.007236102,0.030409161,0.009240818,0.00969901,0.7829738
9907,2026-08-20,0.0064061787,0.022056853,0.008202033,0.008696318,0.7809524
1614,2026-08-20,0.006028561,0.012400874,0.007738594,0.0089723095,0.7789247
7760,2026-08-20,0.007422966,0.030619802,0.0095322775,0.011426284,0.77863735
8940,2026-08-20,0.007747785,0.0060420204,0.009953617,0.0104084015,0.7783107
2617,2026-08-20,0.006903209,0.036785938,0.008960529,0.007509598,0.77031595
8463,2026-08-20,0.0060585607,0.030657033,0.007927739,0.009476975,0.7641266
5276,2026-08-20,0.006159076,0.01125556,0.008160478,0.0069952277,0.75465196
6661,2026-08-20,0.0070264353,0.025500113,0.00936852,0.008744816,0.7499248
6861,2026-08-20,0.008750798,-0.011775072,0.011677422,0.010199962,0.7493134
3622,2026-08-20,0.008566665,-0.019479552,0.011449501,0.009266571,0.74814767
4999,2026-08-20,0.007236854,0.022905534,0.009758318,0.011222739,0.74153274
3483,2026-08-20,0.006664856,-0.0047540995,0.008999733,0.009090179,0.7404792
2440,2026-08-20,0.0067219636,0.0024201095,0.009251601,0.0071932278,0.7264945
4109,2026-08-20,0.007647154,0.023258952,0.010814793,0.009910926,0.70703584
2029,2026-08-20,0.007035579,0.020520492,0.010025409,0.009656704,0.70170474
6285,2026-08-20,0.0070741414,-0.016198875,0.010104921,0.010270591,0.6999997
3264,2026-08-20,0.008384344,-0.022541516,0.011999526,0.011856299,0.6986647
2028,2026-08-20,0.007932858,0.039195146,0.011626233,0.011036575,0.6822653
3672,2026-08-20,0.008014386,0.011408025,0.011761306,0.011261542,0.68136173
3557,2026-08-20,0.007262973,0.012567475,0.010661213,0.011692587,0.68118817
6534,2026-08-20,0.005273185,-0.0066761444,0.007781606,0.007569857,0.6775603
3548,2026-08-20,0.004145462,0.005404098,0.0061528245,0.008094333,0.67363995
3043,2026-08-20,0.007562264,0.028233107,0.011413802,0.012549587,0.66249627
2712,2026-08-20,0.006121591,0.013190536,0.00937583,0.008421915,0.6528423
2305,2026-08-20,0.009255778,-0.038659874,0.014271463,0.019108726,0.648506
4142,2026-08-20,0.0061431867,0.016177312,0.009502715,0.0066888286,0.6463984
3031,2026-08-20,0.0065340847,0.014886928,0.010108832,0.008759678,0.6463099
5285,2026-08-20,0.006500635,-0.008823585,0.010061704,0.009138797,0.6460127
3040,2026-08-20,0.006887971,0.035411272,0.010674175,0.011251746,0.6452326
4934,2026-08-20,0.0048853923,0.0136161065,0.0077741267,0.008975025,0.6283361
2834,2026-08-20,0.0046669077,0.0024644926,0.007551558,0.010507224,0.61792415
6449,2026-08-20,0.00534588,-0.01541073,0.008710191,0.009099068,0.6136796
8450,2026-08-20,0.006047257,0.016321944,0.009858451,0.009829555,0.6133462
2413,2026-08-20,0.006146027,0.016136443,0.010078326,0.009940557,0.60976565
8150,2026-08-20,0.007298081,-0.00012002016,0.0122257415,0.01243219,0.59689504
4168,2026-08-20,0.0048685544,0.013754161,0.008185559,0.006363149,0.59470093
4534,2026-08-20,0.0070852884,0.003563633,0.011924178,0.010952058,0.59414524
2231,2026-08-20,0.0059536067,-0.032558605,0.01006279,0.010558883,0.59158695
5203,2026-08-20,0.0058465227,-0.010412547,0.009916655,0.009024504,0.58950657
2908,2026-08-20,0.0045463117,0.0153109515,0.007712513,0.0087447595,0.58939576
2349,2026-08-20,0.0064705154,0.014875028,0.011131288,0.008854095,0.5812386
4763,2026-08-20,0.005529152,-0.0031235765,0.009578597,0.008874888,0.57718
7732,2026-08-20,0.0047436417,0.012972623,0.008314618,0.008270285,0.57044965
6756,2026-08-20,0.0058198785,0.0031894674,0.010426671,0.008743567,0.5581187
4581,2026-08-20,0.0056216707,0.008199321,0.01008588,0.008709772,0.557325
2704,2026-08-20,0.005707377,0.02463932,0.010405561,0.010503058,0.5484403
6994,2026-08-20,0.0060706087,-0.006707997,0.011389579,0.009713034,0.53295
2615,2026-08-20,0.0068488247,0.03952788,0.013302487,0.016859766,0.5148142
1476,2026-08-20,0.006228958,-0.011300932,0.012111098,0.00985086,0.5142757
3003,2026-08-20,0.0050478377,-0.018691523,0.0100380005,0.010296018,0.5028227
1723,2026-08-20,0.005912153,0.02316612,0.011866095,0.013112548,0.49819717
2401,2026-08-20,0.0048240568,-0.020428794,0.009706816,0.008625243,0.49692503
5351,2026-08-20,0.0058768154,0.002585866,0.012111964,0.012390251,0.4851674
4119,2026-08-20,0.0064658266,0.012902768,0.013565487,0.011813755,0.47660285
4583,2026-08-20,0.003928965,-0.004840934,0.0083538685,0.0073797624,0.47026053
6222,2026-08-20,0.0045449384,-0.0015458281,0.009712149,0.013392356,0.46791604
3114,2026-08-20,0.004347889,-0.015035514,0.009357922,0.009264993,0.4645716
9946,2026-08-20,0.0054943394,0.040771358,0.01189972,0.008669623,0.46168125
5548,2026-08-20,0.005284362,0.03885441,0.011450305,0.009643545,0.46146375
1720,2026-08-20,0.0030382054,0.024446122,0.006638569,0.0077989683,0.4575908
3062,2026-08-20,0.0034679957,-0.0030418723,0.0076937745,0.006098935,0.45069492
1464,2026-08-20,0.004874959,0.012612115,0.010854837,0.0099066235,0.44906342
1459,2026-08-20,0.0039064987,0.034106486,0.0087775,0.010218567,0.44500753
1732,2026-08-20,0.004856678,0.013451578,0.011232795,0.01001562,0.43232745
4121,2026-08-20,0.004090554,0.028283736,0.009506774,0.010167975,0.43023255
2882,2026-08-20,0.002771292,-0.0072737117,0.006547097,0.007486921,0.423221
3141,2026-08-20,0.004454074,-0.022428708,0.0105421515,0.009923797,0.42246133
6291,2026-08-20,0.0037596594,-0.012649486,0.009249568,0.010004715,0.4064247
7736,2026-08-20,0.003651197,0.031592507,0.009197799,0.0067954957,0.39692107
2637,2026-08-20,0.0043936926,0.016669545,0.011480912,0.010324745,0.38266212
3122,2026-08-20,0.0038526484,0.017235478,0.010123959,0.008724055,0.38051003
2405,2026-08-20,0.0037816556,-0.011130824,0.010650148,0.010590414,0.35504675
3047,2026-08-20,0.0017303794,-0.005327147,0.004993222,0.0071229255,0.3464763
1337,2026-08-20,0.00401902,-0.010739278,0.011602498,0.008793187,0.3463628
6535,2026-08-20,0.0035272622,-0.0030733172,0.0102040395,0.0076758745,0.34563926
5269,2026-08-20,0.003773293,-0.0007121399,0.010938561,0.010282916,0.3449218
9906,2026-08-20,0.0031696188,0.013609141,0.009246389,0.008200811,0.3427582
2369,2026-08-20,0.0038279293,-0.031324085,0.011589764,0.01448423,0.33025685
2461,2026-08-20,0.003203083,0.029187853,0.0102354195,0.010225104,0.3129105
2362,2026-08-20,0.0026516786,-0.0016966951,0.008575445,0.008353579,0.30918154
2025,2026-08-20,0.00294794,0.027180016,0.009754037,0.010020402,0.3021967
6560,2026-08-20,0.0033155133,0.020801516,0.011018911,0.0132995425,0.30086568
4154,2026-08-20,0.003007631,0.012148348,0.010182092,0.0109421415,0.29535538
2059,2026-08-20,0.002931487,0.019600244,0.009937678,0.010590676,0.29495743
6144,2026-08-20,0.0024875174,-0.006381179,0.008450468,0.010092779,0.2943296
7818,2026-08-20,0.0021701609,-0.0027299942,0.0073723034,0.006444915,0.2943268
2009,2026-08-20,0.00238745,-0.0037274663,0.008184343,0.0077774413,0.2916738
6509,2026-08-20,0.0031647638,0.010079799,0.011045865,0.011041367,0.28648525
3346,2026-08-20,0.0027349482,0.0070300023,0.009645628,0.01063668,0.2835134
4533,2026-08-20,0.0026077086,-0.017088898,0.009657043,0.0112759555,0.27000383
1303,2026-08-20,0.003446365,0.0018258371,0.012828252,0.0130174905,0.26863334
5522,2026-08-20,0.0029946258,0.01706153,0.011254092,0.009683038,0.26606855
2546,2026-08-20,0.0021456724,0.048546776,0.008400895,0.008491175,0.2553796
2434,2026-08-20,0.0027043098,-0.013637525,0.010624803,0.013643706,0.25450402
6657,2026-08-20,0.0022187878,0.009475515,0.008736271,0.006558939,0.25394514
8021,2026-08-20,0.0029138727,-0.015542532,0.011661461,0.012977946,0.24985059
6654,2026-08-20,0.0049428027,-0.007374519,0.020178733,0.014565377,0.24493895
8249,2026-08-20,0.0020703555,-0.00843909,0.008463185,0.008341405,0.24460185
6166,2026-08-20,0.002372478,-0.035853364,0.009794659,0.013403304,0.24219686
2313,2026-08-20,0.0025691863,-0.022896068,0.010665209,0.0097437445,0.24087155
6190,2026-08-20,0.0022540116,-0.028619654,0.009480704,0.0107711125,0.2377222
4128,2026-08-20,0.0025190164,0.018312342,0.010987111,0.009772734,0.22924925
2616,2026-08-20,0.0027048937,0.025405334,0.012042576,0.009529973,0.22459222
6423,2026-08-20,0.0026529962,0.018290274,0.011842477,0.012319499,0.22400483
8071,2026-08-20,0.0024214278,-0.012363513,0.010862975,0.011720317,0.22288597
4532,2026-08-20,0.0017526286,0.011241823,0.007880781,0.009029318,0.22236453
3520,2026-08-20,0.0027315218,0.005034815,0.0129515445,0.014080298,0.21088688
2820,2026-08-20,0.001679071,0.00011041102,0.008240231,0.007898232,0.2037403
8996,2026-08-20,0.0021080298,-0.029902222,0.010601138,0.01172424,0.19883063
7811,2026-08-20,0.001788484,0.029078407,0.009592385,0.010805178,0.18642887
8916,2026-08-20,0.0017592103,-0.009533209,0.009483365,0.0064316792,0.18548529
2108,2026-08-20,0.001550889,0.016054308,0.008636824,0.009156658,0.17954625
2027,2026-08-20,0.0017633912,0.0054330607,0.009961118,0.008081251,0.17700966
3591,2026-08-20,0.001339497,-0.022688707,0.008495579,0.010364924,0.15765134
2547,2026-08-20,0.0014834775,0.012165516,0.0097672595,0.009421153,0.15186712
2438,2026-08-20,0.0012878712,0.0058169346,0.008736801,0.010429051,0.14739075
1454,2026-08-20,0.0015618849,0.002839295,0.01060527,0.009346115,0.14726052
6442,2026-08-20,0.0009937027,-0.004784393,0.0067564407,0.007992406,0.14705312
6510,2026-08-20,0.0012312137,-0.0040586293,0.0091268625,0.008844657,0.1348852
3661,2026-08-20,0.0013413046,-0.018801088,0.010133921,0.011067622,0.13234484
8213,2026-08-20,0.0010060371,0.013726869,0.0076064016,0.0073644742,0.13224451
4557,2026-08-20,0.0011844771,0.015279384,0.008973162,0.0093450695,0.1319875
2504,2026-08-20,0.0010234036,0.0002739963,0.008305329,0.009772101,0.12320769
1441,2026-08-20,0.0012811745,0.0018302926,0.010928304,0.009309708,0.11722379
6130,2026-08-20,0.0011545736,0.024548857,0.010246839,0.011481877,0.11266508
7827,2026-08-20,0.0016733023,0.016976275,0.016190965,0.018545244,0.10334152
2023,2026-08-20,0.0012885511,0.02035683,0.012773572,0.009619743,0.10086844
2485,2026-08-20,0.0011148708,-0.024688514,0.012040842,0.012558317,0.092583075
2423,2026-08-20,0.00087861094,0.022532431,0.010275377,0.010519867,0.085498124
2002,2026-08-20,0.0005921339,-0.004637445,0.0074349474,0.009044586,0.07963127
7819,2026-08-20,0.0008230248,-0.0064879586,0.010719331,0.011423665,0.076772325
5206,2026-08-20,0.0005158191,0.019366378,0.008766293,0.007954255,0.058834482
3083,2026-08-20,0.00052505906,-0.011651627,0.01071651,0.008627678,0.048990767
6720,2026-08-20,0.0003741017,0.007189597,0.009790521,0.009948297,0.0382067
3617,2026-08-20,0.00043590466,0.02135644,0.012015204,0.009854353,0.036276404
5381,2026-08-20,0.00039667598,0.0009045628,0.011896676,0.013892547,0.033340625
2465,2026-08-20,0.0005898781,-0.040500615,0.018733148,0.01756445,0.031486787
2012,2026-08-20,0.00016930321,0.004178921,0.008409946,0.01096533,0.020128913
4542,2026-08-20,0.00023709424,-0.022725176,0.012850225,0.012988238,0.018449154
1326,2026-08-20,9.571699e-05,-0.010804385,0.010162049,0.008931238,0.009418137
6443,2026-08-20,5.0458188e-05,-0.03537629,0.01048598,0.012072402,0.004811508
9917,2026-08-20,-1.9680057e-05,0.016737195,0.010250288,0.0099748615,-0.0019197643
8182,2026-08-20,-9.640406e-05,-0.028291043,0.0103084175,0.012519782,-0.009351067
6134,2026-08-20,-0.00012728336,0.015822811,0.0079329815,0.009292314,-0.01604281
8074,2026-08-20,-0.00014241245,-0.00829731,0.007553683,0.010995154,-0.018850883
8114,2026-08-20,-0.00026564783,-0.012035563,0.01162613,0.010799809,-0.022847239
8147,2026-08-20,-0.00020532856,-0.0040163943,0.008264767,0.0075001842,-0.024840835
5210,2026-08-20,-0.00019268297,0.01126103,0.0077280067,0.008018576,-0.02492985
6191,2026-08-20,-0.00028766814,-0.043396886,0.009181201,0.011566204,-0.031328883
3522,2026-08-20,-0.00037981037,0.0068380516,0.009938585,0.012254024,-0.038211893
8121,2026-08-20,-0.00036314043,-0.0118834665,0.009238746,0.009872237,-0.03930199
5603,2026-08-20,-0.0008215845,0.029598176,0.013362752,0.013429418,-0.061478578
8047,2026-08-20,-0.00071793987,0.009514608,0.010489986,0.009495705,-0.06843397
1742,2026-08-20,-0.0007613346,0.023614982,0.010808871,0.010231379,-0.07042957
2211,2026-08-20,-0.00048685085,-0.0026590885,0.006392013,0.009032596,-0.07615359
2248,2026-08-20,-0.0008232933,0.029653696,0.009052675,0.010469318,-0.0909347
6485,2026-08-20,-0.0009039222,-0.023477044,0.008746794,0.008898288,-0.10333144
3526,2026-08-20,-0.0012121041,-0.0070779393,0.010127913,0.009089272,-0.11966773
4943,2026-08-20,-0.0011282116,0.00791999,0.008249998,0.009956818,-0.13673638
8088,2026-08-20,-0.0010384436,-0.030570742,0.0075227106,0.008243963,-0.13802281
3419,2026-08-20,-0.0012790618,0.014741539,0.009121415,0.008398482,-0.14021087
2431,2026-08-20,-0.0015388903,0.01833729,0.009827717,0.010826054,-0.15657082
2014,2026-08-20,-0.0018251674,-0.00052474014,0.01108585,0.01184951,-0.16462453
3088,2026-08-20,-0.0015299465,-0.046698943,0.009041279,0.01106256,-0.16919921
6294,2026-08-20,-0.001823577,0.021520615,0.010548162,0.010384494,-0.17286462
3073,2026-08-20,-0.0020823155,0.016805569,0.011760123,0.0094596455,-0.17705074
1760,2026-08-20,-0.001663591,-0.00039058446,0.009007808,0.008919576,-0.18466271
1618,2026-08-20,-0.0014237128,-0.0026742478,0.0077027255,0.008676522,-0.18480836
7821,2026-08-20,-0.001749283,-0.011376498,0.009007664,0.010361988,-0.19417784
2303,2026-08-20,-0.0017623708,-0.010102714,0.009013028,0.0072230296,-0.19551423
6446,2026-08-20,-0.0017792407,-0.014484572,0.008866278,0.0091335485,-0.20065239
8027,2026-08-20,-0.0025854264,-0.03130885,0.01286198,0.01418445,-0.20099747
1506,2026-08-20,-0.0019000154,0.008897836,0.00901616,0.008489045,-0.21071106
6505,2026-08-20,-0.0016053866,-0.008390524,0.0073411064,0.009372653,-0.21865478
3550,2026-08-20,-0.0019915744,-0.017356375,0.009056073,0.009074218,-0.21989162
2353,2026-08-20,-0.00220099,-0.024203213,0.009997263,0.00875167,-0.22013724
6114,2026-08-20,-0.0025837605,-0.008487808,0.010689317,0.009510181,-0.24169165
4157,2026-08-20,-0.0029132727,0.010617256,0.011679701,0.010971891,-0.24940906
6103,2026-08-20,-0.002368207,-0.025953557,0.009401677,0.011478041,-0.25186518
3632,2026-08-20,-0.0029452303,-0.0046582073,0.011558826,0.010431525,-0.25478154
2482,2026-08-20,-0.0025144818,-0.0053827604,0.009675754,0.010512868,-0.25984764
7730,2026-08-20,-0.0034397994,-0.018602092,0.013152523,0.009440582,-0.26151165
8104,2026-08-20,-0.002197917,0.0017235274,0.0083751315,0.008342348,-0.26240242
6494,2026-08-20,-0.0026377076,0.017017817,0.0097792465,0.010645132,-0.26969746
2495,2026-08-20,-0.0028494264,-0.03754469,0.009960791,0.010873828,-0.28603554
4306,2026-08-20,-0.003467083,0.034133803,0.011924187,0.010838242,-0.29073614
9802,2026-08-20,-0.0028436566,-0.0015629512,0.009709757,0.0110473875,-0.2928357
1310,2026-08-20,-0.002292089,-0.0063827187,0.0077880374,0.010026553,-0.29427114
1304,2026-08-20,-0.0022578093,-0.021112287,0.0076117036,0.008435727,-0.29658443
4576,2026-08-20,-0.0035759395,-0.033975635,0.0119004,0.011306912,-0.30046377
9910,2026-08-20,-0.0029010081,0.00085236854,0.009572748,0.008791106,-0.30301696
1409,2026-08-20,-0.0030378362,-0.0015174813,0.009408671,0.009707232,-0.32284188
4541,2026-08-20,-0.0040467624,-0.018745737,0.011975379,0.012899527,-0.3378953
2466,2026-08-20,-0.007024812,0.048007496,0.020527564,0.025851374,-0.34219694
6757,2026-08-20,-0.0042945053,0.012092466,0.012341584,0.012510558,-0.34794214
4419,2026-08-20,-0.0037381083,0.011208941,0.010597832,0.0073806057,-0.3526906
7750,2026-08-20,-0.0035456067,-0.008146581,0.0099651655,0.009430001,-0.3557644
2457,2026-08-20,-0.002949987,-0.023147343,0.008253273,0.0068477876,-0.3573891
6432,2026-08-20,-0.004223116,-0.044816684,0.011512875,0.013051012,-0.36678496
3035,2026-08-20,-0.005568663,-0.0100939255,0.015027584,0.014733054,-0.37053812
6470,2026-08-20,-0.002741406,-0.005485947,0.0073972438,0.0064023864,-0.37054822
2348,2026-08-20,-0.0035755509,0.011552934,0.00957118,0.009727895,-0.3735357
6875,2026-08-20,-0.0042176708,0.0009873045,0.0106395995,0.0121591,-0.3963753
1903,2026-08-20,-0.003001151,0.019517126,0.007509116,0.010817479,-0.39961445
5309,2026-08-20,-0.0032542124,-0.03212761,0.008089797,0.00781905,-0.4022116
1104,2026-08-20,-0.0038435315,0.009802012,0.009453021,0.008270354,-0.4065499
8038,2026-08-20,-0.0037316934,-0.0070203035,0.009108659,0.0061809057,-0.40964139
3205,2026-08-20,-0.004082528,0.0016958133,0.009683236,0.010028568,-0.42156428
8210,2026-08-20,-0.0044637173,-0.0183133,0.010455851,0.011968325,-0.4268701
6405,2026-08-20,-0.0043523163,-0.013789893,0.010091815,0.010446916,-0.43122914
1522,2026-08-20,-0.003830175,-0.0019234171,0.008801334,0.010731242,-0.43513176
1611,2026-08-20,-0.0049464335,0.020774266,0.011213054,0.009681505,-0.44109234
1519,2026-08-20,-0.003908659,0.0071002585,0.008825823,0.007718818,-0.44281605
1233,2026-08-20,-0.0031607144,-0.0066461535,0.0071061677,0.009355756,-0.4447221
1733,2026-08-20,-0.0038665787,0.034546874,0.008617504,0.011863677,-0.4486369
2393,2026-08-20,-0.00446147,0.0055704038,0.009898035,0.0099005755,-0.45069748
1102,2026-08-20,-0.004446275,0.0085278535,0.009469231,0.006102555,-0.46950018
3491,2026-08-20,-0.004416011,-0.014066872,0.009142258,0.010996182,-0.48297998
6770,2026-08-20,-0.006030639,-0.016513886,0.012324337,0.01116321,-0.48928797
6120,2026-08-20,-0.0051875357,-0.014520559,0.01038032,0.009819112,-0.49969903
1307,2026-08-20,-0.0039524282,-9.513381e-05,0.0075720823,0.009295852,-0.5219048
3023,2026-08-20,-0.0046799337,-0.001162021,0.008809549,0.0082829045,-0.5311739
2645,2026-08-20,-0.0068506356,-0.028492497,0.012676647,0.014313648,-0.54037124
2390,2026-08-20,-0.0072889547,-0.015113268,0.013266991,0.011420597,-0.54936385
6804,2026-08-20,-0.005184257,0.0043566353,0.009304389,0.009313259,-0.55712414
6246,2026-08-20,-0.004788108,-0.011638482,0.008518312,0.0121014975,-0.5620299
3252,2026-08-20,-0.0057880534,-0.011354311,0.010229695,0.008908691,-0.5657537
2414,2026-08-20,-0.0038139026,-0.0033259024,0.0067165685,0.007184858,-0.56775045
1809,2026-08-20,-0.0056009083,-0.039111074,0.00980062,0.0118301,-0.57142675
1784,2026-08-20,-0.0054557095,0.015971083,0.00953392,0.01073258,-0.57218194
1503,2026-08-20,-0.0049753278,-0.008773544,0.008682568,0.008691222,-0.57295895
3232,2026-08-20,-0.006411834,0.015180684,0.011102648,0.012355247,-0.5774529
3376,2026-08-20,-0.0064759534,-0.016887417,0.011204855,0.012287077,-0.57790804
5498,2026-08-20,-0.009333954,-0.029607039,0.016056964,0.018449225,-0.58126634
5530,2026-08-20,-0.0060143005,0.0067278515,0.010126068,0.008401482,-0.59388363
3059,2026-08-20,-0.0040387153,-0.026421014,0.0067530074,0.007856517,-0.59797317
2427,2026-08-20,-0.005608675,-0.0005530358,0.0093214465,0.008480348,-0.6016312
3034,2026-08-20,-0.005174278,-0.01178191,0.008592744,0.009535171,-0.60209817
3523,2026-08-20,-0.007404112,-0.0075810333,0.01208722,0.013167758,-0.61250633
1808,2026-08-20,-0.0054873894,0.01692051,0.008877936,0.009544483,-0.6180233
4137,2026-08-20,-0.005830804,-0.012784946,0.009304534,0.00906674,-0.6265953
2740,2026-08-20,-0.0059559145,-0.0029869478,0.009457953,0.007849325,-0.62965894
6488,2026-08-20,-0.0062639182,-0.026914604,0.009927136,0.01048182,-0.6309259
2066,2026-08-20,-0.0053624925,-0.0031348055,0.008421197,0.010703534,-0.63670945
5014,2026-08-20,-0.0047841826,-0.0100618545,0.007495296,0.0073346915,-0.6382062
6834,2026-08-20,-0.009119224,-0.041347206,0.014139308,0.017679488,-0.64490986
2367,2026-08-20,-0.0074624415,-0.036758732,0.011502052,0.011818176,-0.64873576
3716,2026-08-20,-0.0070282253,0.024588598,0.010763377,0.010325448,-0.6529152
2609,2026-08-20,-0.009614974,0.021039713,0.014658008,0.014695528,-0.65590894
3321,2026-08-20,-0.005298554,-0.008014702,0.008018605,0.0071758484,-0.6607001
3324,2026-08-20,-0.0068859984,-0.019440167,0.010372025,0.009061494,-0.6638371
6182,2026-08-20,-0.0064709615,-0.0073293163,0.009507996,0.011981228,-0.6805094
6901,2026-08-20,-0.0062401104,-0.0064956406,0.009013842,0.013548726,-0.69220406
2905,2026-08-20,-0.007861275,0.012684456,0.011190764,0.0082325805,-0.7024161
3147,2026-08-20,-0.0078486595,-0.02618227,0.011124634,0.013134354,-0.70545727
3596,2026-08-20,-0.0066374526,-0.020039523,0.009363155,0.008377616,-0.7088149
4768,2026-08-20,-0.010172139,-0.006143881,0.0142257875,0.013769391,-0.714999
3078,2026-08-20,-0.0067542773,-0.00077760743,0.009304369,0.009442036,-0.7258473
1717,2026-08-20,-0.009453241,-0.04812498,0.012941141,0.012737422,-0.7304233
3532,2026-08-20,-0.0077885785,-0.026012504,0.010654053,0.010203457,-0.7309751
7402,2026-08-20,-0.010294786,0.004535165,0.013751787,0.017013544,-0.74855995
2301,2026-08-20,-0.0074220398,-0.021753868,0.009897503,0.0111642005,-0.74981433
3024,2026-08-20,-0.009482086,0.016850358,0.012560143,0.010442113,-0.7548744
5245,2026-08-20,-0.008174826,-0.018674484,0.010818428,0.01139764,-0.75556916
2038,2026-08-20,-0.006940195,0.009278638,0.009124011,0.010778083,-0.7605684
5490,2026-08-20,-0.007889618,-0.019872934,0.01032021,0.011144438,-0.76440823
3287,2026-08-20,-0.009052585,0.03707725,0.011822587,0.011327247,-0.76563776
2015,2026-08-20,-0.0069322516,0.0032184308,0.008930287,0.00930307,-0.77617604
8080,2026-08-20,-0.009520959,-0.0028774976,0.012261411,0.010650171,-0.7764345
6695,2026-08-20,-0.0064649014,-0.02392443,0.008322433,0.008643741,-0.7767109
6662,2026-08-20,-0.009545787,0.0070502697,0.012216412,0.011437007,-0.7813264
0052,2026-08-20,-0.020041881,-0.028737593,0.025633097,0.018135292,-0.7818446
5487,2026-08-20,-0.010124112,0.012532938,0.012832173,0.011776213,-0.7889016
4735,2026-08-20,-0.008625532,0.030907404,0.010875714,0.010968194,-0.79302734
1906,2026-08-20,-0.008324937,0.011431841,0.010461898,0.01072366,-0.79566264
8215,2026-08-20,-0.0067557325,-0.011031447,0.008403501,0.009403815,-0.8038232
6155,2026-08-20,-0.009430289,-0.043575358,0.01171754,0.008751729,-0.8047324
6165,2026-08-20,-0.006846726,-0.01661963,0.008465455,0.008580032,-0.80868864
9136,2026-08-20,-0.007561437,-0.032633007,0.009322814,0.00999897,-0.8109811
7780,2026-08-20,-0.0062454236,0.007738614,0.007685669,0.0075988397,-0.81250066
4916,2026-08-20,-0.012589292,-0.03583496,0.015468859,0.01248619,-0.81379485
1220,2026-08-20,-0.010372137,-0.004583349,0.012443708,0.009135394,-0.8334576
4566,2026-08-20,-0.008830013,-0.059010144,0.010583823,0.011704617,-0.8342145
4989,2026-08-20,-0.009508333,-0.06801284,0.011284502,0.012700086,-0.8425264
4807,2026-08-20,-0.008853068,-0.0023821383,0.010410039,0.008429121,-0.8503539
1560,2026-08-20,-0.0084456615,-0.023781208,0.009747875,0.010703107,-0.8663216
2913,2026-08-20,-0.0070978613,0.0052075568,0.008089585,0.010318262,-0.87729883
2543,2026-08-20,-0.008721982,-0.0070361774,0.009839328,0.008234258,-0.88635075
3583,2026-08-20,-0.006962357,-0.021407105,0.007801989,0.010055739,-0.892268
2104,2026-08-20,-0.0103701,-0.004411453,0.011511136,0.008163547,-0.9007972
6275,2026-08-20,-0.011125153,-0.0035676053,0.012328114,0.010148578,-0.9023481
3715,2026-08-20,-0.010031486,-0.031831704,0.011085267,0.0109752165,-0.9048569
3710,2026-08-20,-0.008411084,0.0073138424,0.009233692,0.010353985,-0.91081375
5284,2026-08-20,-0.008994626,-0.0033041278,0.0098305205,0.011116308,-0.91487634
1338,2026-08-20,-0.006343611,-0.013339254,0.0068942285,0.007751022,-0.92000014
2392,2026-08-20,-0.011396175,-0.0065025967,0.012368773,0.010832304,-0.9212922
3437,2026-08-20,-0.0077214083,-0.002370656,0.008352126,0.0081787435,-0.92437345
8201,2026-08-20,-0.009768135,0.021457132,0.010482064,0.008844011,-0.93180144
2641,2026-08-20,-0.0090467315,0.020061024,0.0096355565,0.01235084,-0.93879294
3663,2026-08-20,-0.009097969,-0.028552748,0.009632464,0.009336064,-0.94441307
6218,2026-08-20,-0.008181597,0.015728993,0.008655656,0.008213956,-0.94512206
6512,2026-08-20,-0.009414587,0.015186369,0.009870111,0.010047897,-0.9537515
6508,2026-08-20,-0.010581353,0.026632344,0.011077395,0.010488479,-0.9551341
3032,2026-08-20,-0.0075248647,-0.038997304,0.007842576,0.007742876,-0.95936656
9934,2026-08-20,-0.009755683,0.0073617906,0.010147532,0.011793723,-0.96129
4133,2026-08-20,-0.012720167,-0.006767528,0.0130827725,0.011830027,-0.9722094
6482,2026-08-20,-0.010366265,0.013462335,0.010572322,0.010277391,-0.980417
6147,2026-08-20,-0.010974427,-0.020686563,0.011146863,0.010049295,-0.9844422
8442,2026-08-20,-0.009844895,0.013218532,0.009992912,0.011939132,-0.9850892
5543,2026-08-20,-0.009029227,-0.0059954594,0.00904685,0.0087058665,-0.99794173
1308,2026-08-20,-0.007375415,0.0057816445,0.007371375,0.009262842,-1.0004123
3466,2026-08-20,-0.011218759,-0.0151089765,0.010775958,0.013841282,-1.040995
1714,2026-08-20,-0.010126889,-0.0038047398,0.009591858,0.00860753,-1.0556695
7547,2026-08-20,-0.012264035,0.002761108,0.011523062,0.009360828,-1.064211
8404,2026-08-20,-0.012974644,-0.017953416,0.012166585,0.011926093,-1.0663286
1301,2026-08-20,-0.009590072,-0.016877022,0.008936005,0.009779987,-1.0730745
2492,2026-08-20,-0.012215491,-0.032636236,0.011296982,0.009619463,-1.08121
2357,2026-08-20,-0.008948624,-0.018672884,0.008255206,0.009922489,-1.0838664
4737,2026-08-20,-0.010293706,0.0078172125,0.009376282,0.011001832,-1.0977281
1227,2026-08-20,-0.00782098,0.0049627493,0.007095132,0.008389118,-1.1021469
1530,2026-08-20,-0.0145775,0.016922412,0.013164838,0.013313157,-1.1072216
2886,2026-08-20,-0.009923919,-0.02697426,0.008898272,0.009927152,-1.1151383
3694,2026-08-20,-0.009753469,-0.021298181,0.008607371,0.010016444,-1.1330215
5905,2026-08-20,-0.010325545,-0.011357958,0.0090901,0.01118115,-1.135786
4915,2026-08-20,-0.009349362,-0.02582062,0.008207309,0.008369071,-1.1390119
9929,2026-08-20,-0.010378954,0.008863667,0.009023509,0.010154909,-1.1500851
3189,2026-08-20,-0.015262533,-0.05036157,0.013090722,0.0143023785,-1.1658155
3706,2026-08-20,-0.012202813,-0.026369743,0.0103463195,0.011081993,-1.1793212
2408,2026-08-20,-0.014447415,-0.01114576,0.012123591,0.009702218,-1.1915796
4108,2026-08-20,-0.009303567,0.003702311,0.007784441,0.009604509,-1.1949955
5514,2026-08-20,-0.008535892,0.023775328,0.007035274,0.008611337,-1.2131267
3646,2026-08-20,-0.011879606,0.013567048,0.009745287,0.008839883,-1.2188853
2493,2026-08-20,-0.018946346,-0.07003882,0.015496693,0.01802519,-1.2225269
1718,2026-08-20,-0.010848524,-0.02655292,0.008835114,0.008599354,-1.2277483
6614,2026-08-20,-0.008164388,-0.0048755943,0.0066393423,0.009043362,-1.2295132
3086,2026-08-20,-0.011857641,-0.009241527,0.009582512,0.008122698,-1.237296
6790,2026-08-20,-0.012248477,0.010016241,0.009820052,0.009021275,-1.2471654
8455,2026-08-20,-0.016325772,-0.019208143,0.013084461,0.012938739,-1.2476268
3323,2026-08-20,-0.010772584,-0.028533397,0.008619429,0.010682402,-1.2496575
2762,2026-08-20,-0.009862662,-0.017583517,0.007889932,0.00825457,-1.2498729
3465,2026-08-20,-0.011849335,-0.013117162,0.009452561,0.015172383,-1.2534256
5515,2026-08-20,-0.014863117,0.041387867,0.011817967,0.013186789,-1.2575648
2208,2026-08-20,-0.011451046,-0.013095589,0.0091025075,0.007887398,-1.2578719
5601,2026-08-20,-0.012999012,0.018264802,0.010324805,0.010617479,-1.2588861
8374,2026-08-20,-0.012241234,-0.03209096,0.009719071,0.010236255,-1.259377
1467,2026-08-20,-0.012008494,-0.018076722,0.009491718,0.008683278,-1.2650216
3006,2026-08-20,-0.010704266,-0.026382856,0.008444527,0.010830707,-1.267448
2722,2026-08-20,-0.01185716,0.004890286,0.0093535045,0.009647891,-1.2675349
4190,2026-08-20,-0.011280803,-0.007041831,0.008885737,0.009148052,-1.2693976
5225,2026-08-20,-0.009281339,-0.016741399,0.00717322,0.009131092,-1.2937071
1305,2026-08-20,-0.011988038,-0.006065053,0.009255426,0.011046178,-1.2951044
1440,2026-08-20,-0.012008561,0.00624053,0.009231331,0.010645947,-1.3007073
4523,2026-08-20,-0.011867073,-0.009624505,0.009108318,0.010938815,-1.30274
4958,2026-08-20,-0.010797054,-0.031046424,0.008244785,0.009083091,-1.3094028
1414,2026-08-20,-0.010762099,0.008315972,0.008207838,0.00795925,-1.311038
1605,2026-08-20,-0.013005418,-0.023483105,0.009906776,0.012854752,-1.3126475
4131,2026-08-20,-0.011336514,-0.0017071347,0.008602254,0.008370184,-1.3177006
6244,2026-08-20,-0.015835349,-0.02618445,0.011916719,0.010173725,-1.3287231
8064,2026-08-20,-0.010951155,-0.04202445,0.008201387,0.01000632,-1.335118
5432,2026-08-20,-0.013371591,0.03716631,0.009986761,0.009563084,-1.3387977
3149,2026-08-20,-0.021243429,-0.04649395,0.015772494,0.012747965,-1.3467802
6768,2026-08-20,-0.013590864,-0.021499682,0.010042045,0.012496183,-1.3532612
2106,2026-08-20,-0.014494035,-0.01453055,0.010676575,0.009454461,-1.3574276
6967,2026-08-20,-0.013994112,0.009327324,0.010117455,0.011070353,-1.3830284
6542,2026-08-20,-0.015672473,-0.023199016,0.011215555,0.010973422,-1.3972627
1229,2026-08-20,-0.011726651,-0.00150627,0.0083568385,0.009337244,-1.4030722
8473,2026-08-20,-0.012557803,0.019359648,0.008949125,0.008386173,-1.4030868
7791,2026-08-20,-0.007410705,-0.015297477,0.0052666003,0.008920606,-1.4068465
6573,2026-08-20,-0.021672206,-0.007718039,0.015380868,0.010730473,-1.408945
3033,2026-08-20,-0.013603901,-0.037444267,0.009631434,0.010767531,-1.4123013
6210,2026-08-20,-0.01388979,0.002517857,0.009810654,0.0087116845,-1.4156419
6577,2026-08-20,-0.016011832,-0.005938997,0.011261942,0.014599948,-1.4216385
3508,2026-08-20,-0.019702414,-0.011745857,0.013765517,0.0134371435,-1.4311837
1413,2026-08-20,-0.012258799,-0.008017881,0.008555511,0.010408484,-1.4326866
2836,2026-08-20,-0.015478587,-0.0007334955,0.010797898,0.01012909,-1.4333487
6796,2026-08-20,-0.014348833,0.013543108,0.00995891,0.010130602,-1.4406589
3380,2026-08-20,-0.013067546,-0.019074056,0.009056188,0.00759111,-1.4427818
2618,2026-08-20,-0.013085162,-0.009440432,0.009054489,0.009351056,-1.4449978
6593,2026-08-20,-0.010879171,-0.01597238,0.007502044,0.0070429933,-1.4499676
5227,2026-08-20,-0.022470951,-0.051065516,0.015488562,0.010982488,-1.4507157
6206,2026-08-20,-0.017738169,-0.049738463,0.012211874,0.011660125,-1.4524156
2705,2026-08-20,-0.013421717,-0.0056378436,0.009178779,0.009094547,-1.4620959
3048,2026-08-20,-0.018613784,-0.050244402,0.01271842,0.012375198,-1.4634145
4406,2026-08-20,-0.016903134,0.0006643396,0.0115475105,0.010158224,-1.4636636
6184,2026-08-20,-0.011154481,-0.016458781,0.007518738,0.009204297,-1.4833604
2611,2026-08-20,-0.015357093,0.031405494,0.010329811,0.00883569,-1.4865332
6462,2026-08-20,-0.013839031,-0.0277173,0.009262128,0.010658142,-1.493991
1438,2026-08-20,-0.017436044,-0.006480242,0.011656696,0.010507859,-1.495668
4806,2026-08-20,-0.018224316,-0.011513433,0.012087005,0.008872521,-1.5076363
4192,2026-08-20,-0.01911869,0.00393385,0.012647244,0.012688668,-1.5115688
8086,2026-08-20,-0.021426775,-0.044514332,0.014155068,0.018788166,-1.5136105
6805,2026-08-20,-0.013883698,-0.023287445,0.0091301445,0.007573146,-1.5204773
6753,2026-08-20,-0.017115537,-0.01751522,0.0110365525,0.015287218,-1.5506642
2451,2026-08-20,-0.0128296735,-0.020512573,0.008271635,0.009712498,-1.550857
2904,2026-08-20,-0.013124436,-0.0043017054,0.008450939,0.008076012,-1.5528313
2312,2026-08-20,-0.016564762,-0.032083787,0.01061093,0.009616424,-1.5609566
2243,2026-08-20,-0.014667469,-0.00823977,0.009393936,0.010876545,-1.56121
1434,2026-08-20,-0.016154962,-0.007323728,0.010327034,0.0108908545,-1.5641856
2462,2026-08-20,-0.015938478,-0.007254602,0.010179608,0.010114136,-1.5655723
2388,2026-08-20,-0.021891495,-0.05499774,0.013838756,0.012871796,-1.5817833
4746,2026-08-20,-0.016166164,-0.008436457,0.010175437,0.009772459,-1.5885878
4960,2026-08-20,-0.014029034,-0.044202592,0.008824168,0.009132952,-1.5896621
6658,2026-08-20,-0.023405524,-0.03407703,0.014695208,0.01351133,-1.5926234
2380,2026-08-20,-0.013093007,-0.005739327,0.008218583,0.01070692,-1.592904
2901,2026-08-20,-0.015053024,0.004412437,0.009406454,0.010546459,-1.6001166
3652,2026-08-20,-0.014032847,-0.027055355,0.008747245,0.0069106747,-1.6040757
3717,2026-08-20,-0.017948698,-0.04836101,0.011187085,0.011000957,-1.604269
9943,2026-08-20,-0.01147964,-0.009307766,0.0071118255,0.008879954,-1.6139354
6692,2026-08-20,-0.019136222,0.003411829,0.011845443,0.010986777,-1.6153558
4924,2026-08-20,-0.0174403,-0.025231618,0.010792453,0.011988539,-1.6158222
2103,2026-08-20,-0.016042346,-0.008645032,0.009852104,0.008749662,-1.6281515
3293,2026-08-20,-0.016158672,-0.01807512,0.009836194,0.011645858,-1.6426098
7704,2026-08-20,-0.01586456,-0.0014187642,0.009650793,0.009966919,-1.6436905
3022,2026-08-20,-0.016670598,-0.03583451,0.010125808,0.012681441,-1.6461847
6829,2026-08-20,-0.015383831,-0.023592765,0.009289089,0.008937818,-1.6559402
9110,2026-08-20,-0.014182192,0.012896479,0.00855595,0.009008063,-1.6573887
2736,2026-08-20,-0.019064853,-0.0043549235,0.0114867035,0.008746923,-1.6595877
8093,2026-08-20,-0.020251341,-0.017379126,0.012108935,0.009756311,-1.6722914
6271,2026-08-20,-0.014499975,-0.032315593,0.008639728,0.0076173265,-1.6780965
5469,2026-08-20,-0.014720039,-0.04839841,0.008682567,0.0067904824,-1.6951605
5906,2026-08-20,-0.015100996,-0.013614337,0.008888306,0.009596566,-1.6987823
3594,2026-08-20,-0.016898895,-0.044417866,0.00991624,0.01079959,-1.7039917
5443,2026-08-20,-0.019638507,-0.04316353,0.0114876805,0.012223317,-1.7093787
5244,2026-08-20,-0.020239098,0.0040101246,0.011700257,0.009110185,-1.7296516
8155,2026-08-20,-0.016841741,-0.017168837,0.009732325,0.012172815,-1.7303174
6582,2026-08-20,-0.016958436,0.011245446,0.009664667,0.009880663,-1.7545024
6243,2026-08-20,-0.03461655,-0.056243934,0.019663561,0.02159235,-1.7603519
1536,2026-08-20,-0.014746808,-0.034205455,0.0083636325,0.0071988204,-1.7629954
3443,2026-08-20,-0.017597357,-0.020859996,0.009928925,0.011506075,-1.772154
6576,2026-08-20,-0.016708335,-0.011514535,0.009396679,0.009180189,-1.7779214
6186,2026-08-20,-0.01873144,-0.026927916,0.010470872,0.010954957,-1.7887384
8935,2026-08-20,-0.018899534,-0.0007654653,0.010546853,0.010382871,-1.7917897
4166,2026-08-20,-0.01449551,-0.012360615,0.008088249,0.01015585,-1.7919475
7722,2026-08-20,-0.019892486,-0.035537973,0.011031498,0.010198062,-1.8030808
6021,2026-08-20,-0.018744057,-0.0023381258,0.010387853,0.0098102465,-1.804247
3081,2026-08-20,-0.019088777,-0.02584498,0.010537935,0.0108104395,-1.8112622
1314,2026-08-20,-0.014273079,-0.016640825,0.007879001,0.009879993,-1.8113041
1815,2026-08-20,-0.03136054,-0.028588116,0.01723876,0.010493506,-1.8190821
1447,2026-08-20,-0.018137025,-0.005185725,0.009965396,0.009514088,-1.8198178
3675,2026-08-20,-0.021252085,-0.04037765,0.0116718,0.018085381,-1.82065
1418,2026-08-20,-0.020454751,-0.027313678,0.011215544,0.010121073,-1.8236233
2801,2026-08-20,-0.0165972,-0.016760806,0.009095266,0.010443275,-1.8246167
6174,2026-08-20,-0.01675839,-0.029995618,0.009180316,0.011436223,-1.825271
3479,2026-08-20,-0.018823372,-0.05385069,0.010234073,0.010776627,-1.8391048
9924,2026-08-20,-0.014157661,-0.008813146,0.0076877205,0.008118737,-1.8413547
8938,2026-08-20,-0.01423951,-0.011555836,0.007729579,0.008803843,-1.841972
4722,2026-08-20,-0.020591136,-0.04757861,0.011063415,0.015797174,-1.8610235
5468,2026-08-20,-0.024395851,-0.03793583,0.013092361,0.009863577,-1.863223
6830,2026-08-20,-0.027312446,-0.049318537,0.014630197,0.016058525,-1.8667268
8431,2026-08-20,-0.016435146,-0.034667127,0.008799854,0.010135199,-1.867449
1598,2026-08-20,-0.017738305,-0.0024380109,0.009443392,0.007457579,-1.8781838
2450,2026-08-20,-0.0184965,-0.011552034,0.0098469285,0.008143025,-1.8782122
6284,2026-08-20,-0.016667122,-0.03986628,0.008774101,0.00925479,-1.8993653
8478,2026-08-20,-0.024135463,-0.027074428,0.0126585355,0.010470044,-1.9065046
6792,2026-08-20,-0.018119927,0.0132126575,0.00949517,0.013713721,-1.90813
6785,2026-08-20,-0.017244132,-0.018340528,0.009033362,0.009985673,-1.908727
4909,2026-08-20,-0.023285437,-0.021096023,0.012177417,0.011171257,-1.912025
6719,2026-08-20,-0.012618502,-0.03253434,0.0065835235,0.009958187,-1.916388
6187,2026-08-20,-0.024723718,-0.03486688,0.012776667,0.012351289,-1.9349164
5344,2026-08-20,-0.017597042,-0.017735723,0.009042616,0.007430213,-1.9457971
5388,2026-08-20,-0.021801708,-0.026539126,0.011116887,0.009976198,-1.9609578
8932,2026-08-20,-0.016703002,-0.01913038,0.008516313,0.00931603,-1.9610648
8222,2026-08-20,-0.02148065,-0.0072517665,0.01093835,0.010947946,-1.9636129
5538,2026-08-20,-0.018621493,-0.0026131829,0.009468586,0.009279857,-1.9664526
2509,2026-08-20,-0.023285301,0.01296618,0.011751448,0.009576497,-1.981315
8234,2026-08-20,-0.024459815,-0.052727032,0.012274108,0.011069016,-1.9926354
6846,2026-08-20,-0.01771731,-0.020325806,0.0088760555,0.0069085327,-1.9958543
3008,2026-08-20,-0.021099305,-0.009077221,0.010540975,0.008719829,-2.0014565
5009,2026-08-20,-0.016128233,-0.008461016,0.008051387,0.008618434,-2.0029132
8467,2026-08-20,-0.021002604,-0.036136247,0.01047809,0.010022871,-2.0042393
6669,2026-08-20,-0.016367296,-0.029956998,0.008140863,0.009184228,-2.0102642
6111,2026-08-20,-0.020119922,-0.020700222,0.009992684,0.0073542544,-2.0132637
4577,2026-08-20,-0.021902818,-0.025780221,0.010778604,0.011721668,-2.0318758
3708,2026-08-20,-0.020061795,-0.025469135,0.009868286,0.011668793,-2.0327504
6909,2026-08-20,-0.018910242,-0.019007612,0.009292413,0.008177409,-2.0348005
4931,2026-08-20,-0.029027143,-0.024533408,0.014186314,0.014146794,-2.0459929
2608,2026-08-20,-0.01847735,-0.01458084,0.009029123,0.010690415,-2.0461903
2881,2026-08-20,-0.018693525,-0.02406683,0.009117808,0.0079255905,-2.0499966
6180,2026-08-20,-0.014666852,-0.011388892,0.0071472083,0.0075760083,-2.0518222
1595,2026-08-20,-0.018504797,-0.034830596,0.008998296,0.009794758,-2.0562491
8092,2026-08-20,-0.018358082,-0.012483341,0.0089152,0.0088733025,-2.058958
3322,2026-08-20,-0.014787821,-0.016994558,0.0071274377,0.011936243,-2.074483
6916,2026-08-20,-0.017462412,0.01947041,0.008346994,0.0103989495,-2.0918093
6640,2026-08-20,-0.0250511,-0.039481204,0.01183922,0.009947749,-2.115763
6548,2026-08-20,-0.019534515,-0.054654676,0.009224058,0.0069704275,-2.1175492
6881,2026-08-20,-0.021881932,-0.016348545,0.01019007,0.010903997,-2.1471674
7714,2026-08-20,-0.02976837,-0.0075041302,0.013847365,0.01345349,-2.1495945
2236,2026-08-20,-0.021156041,-0.03204666,0.0098184915,0.011294295,-2.1544945
6865,2026-08-20,-0.026792906,-0.014255699,0.012428389,0.012194676,-2.1556091
4908,2026-08-20,-0.038111344,-0.06875554,0.017677905,0.02535352,-2.1557524
8054,2026-08-20,-0.019941194,-0.047580887,0.0092456415,0.009595247,-2.1565876
1517,2026-08-20,-0.017846804,-0.02033775,0.008238924,0.008483162,-2.1658943
6873,2026-08-20,-0.026612481,-0.033219583,0.012190744,0.010952758,-2.182828
6672,2026-08-20,-0.027337046,-0.0036926803,0.012514054,0.0150799705,-2.184333
6928,2026-08-20,-0.022200217,-0.03957743,0.010102722,0.009416145,-2.1972315
2338,2026-08-20,-0.01746025,-0.03545354,0.007909227,0.011109208,-2.2073007
2387,2026-08-20,-0.016843561,-0.02693034,0.007609403,0.007859569,-2.2132285
2352,2026-08-20,-0.03419443,-0.037392374,0.015422708,0.013364849,-2.2170043
3265,2026-08-20,-0.026240753,-0.05815371,0.011758561,0.012166951,-2.2314398
4903,2026-08-20,-0.021594005,-0.04966564,0.009593157,0.009595586,-2.2507453
6416,2026-08-20,-0.02453105,-0.015630092,0.010873684,0.010818589,-2.2557943
6924,2026-08-20,-0.028207242,-0.0037554838,0.012461696,0.013216429,-2.2633338
2612,2026-08-20,-0.025245588,0.009152006,0.011131347,0.011468215,-2.2677686
1235,2026-08-20,-0.018416481,-0.0077448827,0.008023874,0.008577705,-2.2949245
8466,2026-08-20,-0.019524697,-0.026934057,0.008498541,0.0094121015,-2.2971473
6199,2026-08-20,-0.025562637,-0.056160364,0.011104379,0.010900065,-2.3018248
2903,2026-08-20,-0.024596041,-0.02059974,0.010582479,0.010112774,-2.3240035
1312,2026-08-20,-0.017987374,-0.030280491,0.0077107633,0.00954504,-2.3324594
3037,2026-08-20,-0.03903959,-0.037300143,0.016635757,0.014764272,-2.3465865
8046,2026-08-20,-0.029149469,-0.05594066,0.012418574,0.011272267,-2.3470588
4164,2026-08-20,-0.022518862,-0.0115665,0.009561506,0.00930695,-2.354912
6213,2026-08-20,-0.030752817,-0.030348102,0.012995026,0.010934355,-2.3663247
3406,2026-08-20,-0.023682931,-0.018781764,0.009963108,0.010372677,-2.376824
2538,2026-08-20,-0.02431074,-0.03497456,0.0102255745,0.010553033,-2.3772123
3045,2026-08-20,-0.023291444,-0.017730588,0.009793473,0.01126655,-2.378019
2337,2026-08-20,-0.027201803,-0.034433033,0.011428502,0.011436169,-2.3799639
3135,2026-08-20,-0.037234917,-0.05643669,0.015616993,0.016236806,-2.3841038
2892,2026-08-20,-0.019577142,-0.02982668,0.00820628,0.013054511,-2.3853385
2430,2026-08-20,-0.023846721,0.0023928662,0.009935612,0.010282349,-2.3998845
6441,2026-08-20,-0.021781227,-0.021404834,0.009048893,0.00737881,-2.4067938
2007,2026-08-20,-0.02643437,-0.0076197837,0.010980079,0.010216646,-2.4072652
6781,2026-08-20,-0.02112145,-0.035476424,0.008763638,0.010627985,-2.4098485
5704,2026-08-20,-0.026831903,-0.0010538807,0.011114956,0.010748794,-2.4138186
4430,2026-08-20,-0.028358068,0.008168718,0.011736687,0.009113932,-2.4159842
1785,2026-08-20,-0.025343807,-0.03980164,0.01048618,0.010938154,-2.4166465
9958,2026-08-20,-0.028554853,-0.04904523,0.011696165,0.009050498,-2.4411771
5457,2026-08-20,-0.020626808,-0.027318,0.008438034,0.009180011,-2.4442143
1436,2026-08-20,-0.025512073,-0.0066215196,0.010436193,0.012762084,-2.4443424
3090,2026-08-20,-0.031476624,-0.049666595,0.012829803,0.014647247,-2.4532077
2724,2026-08-20,-0.024834406,-0.015037577,0.010097627,0.011446466,-2.4591863
6643,2026-08-20,-0.026217839,-0.050669145,0.010659679,0.012652413,-2.459303
3555,2026-08-20,-0.030406805,-0.021093952,0.012349635,0.012758818,-2.4619627
2206,2026-08-20,-0.02582427,-0.010634925,0.010470123,0.008629743,-2.4662368
6237,2026-08-20,-0.02336688,-0.015265526,0.00941691,0.008691484,-2.4811108
6492,2026-08-20,-0.024020385,-0.025511784,0.009677244,0.0078002405,-2.4818947
8429,2026-08-20,-0.02419417,-0.02509234,0.0097356895,0.011188698,-2.4848454
2545,2026-08-20,-0.022566907,-0.011429475,0.00903641,0.0085668275,-2.4970548
1722,2026-08-20,-0.018124359,-0.0034209783,0.007210308,0.009331349,-2.5133247
5484,2026-08-20,-0.023228375,-0.012335604,0.009219924,0.008471378,-2.519094
2359,2026-08-20,-0.03183596,-0.05805991,0.012632008,0.012868387,-2.5200615
6127,2026-08-20,-0.034839276,-0.08166148,0.013818002,0.014780943,-2.5211136
8043,2026-08-20,-0.040140476,-0.057138346,0.015883174,0.018068476,-2.5270736
7803,2026-08-20,-0.026600007,-0.028616825,0.010464698,0.009869213,-2.5416372
8050,2026-08-20,-0.03143926,-0.042339936,0.01235279,0.010959161,-2.544908
3288,2026-08-20,-0.030412989,-0.02372009,0.011859449,0.015199557,-2.564236
2481,2026-08-20,-0.02696082,-0.03899141,0.010479823,0.011445646,-2.5723953
2719,2026-08-20,-0.021674184,-0.027951228,0.008393001,0.009319758,-2.582104
4198,2026-08-20,-0.023563508,-0.0002470723,0.009011325,0.008211172,-2.6145868
6108,2026-08-20,-0.040872194,0.0027375869,0.015568717,0.016866282,-2.6251082
7822,2026-08-20,-0.026887674,-0.025823705,0.010241295,0.008268917,-2.625161
1713,2026-08-20,-0.02278794,-0.03136266,0.008646737,0.0073551806,-2.6351333
3703,2026-08-20,-0.024453493,-0.01858264,0.009269173,0.008856435,-2.637868
6208,2026-08-20,-0.021023134,-0.007627935,0.007945947,0.0106903715,-2.645435
7556,2026-08-20,-0.023222378,0.00940108,0.008720905,0.010865169,-2.6625352
3430,2026-08-20,-0.03001273,-0.017057734,0.0112631535,0.014043256,-2.664446
2467,2026-08-20,-0.029009223,-0.047333892,0.010878569,0.011019699,-2.6663942
3691,2026-08-20,-0.02792905,-0.067655034,0.010465516,0.01267429,-2.6684191
7744,2026-08-20,-0.02805433,-0.0150873745,0.010473188,0.00921488,-2.6784253
6219,2026-08-20,-0.0267393,-0.021617608,0.009941086,0.010993496,-2.6895058
6152,2026-08-20,-0.02916294,-0.03995757,0.01081657,0.013768821,-2.6958861
2910,2026-08-20,-0.0333041,-0.029838903,0.012334988,0.012336368,-2.6997511
3653,2026-08-20,-0.026588636,-0.012570854,0.009834284,0.010227382,-2.7033927
2017,2026-08-20,-0.031060822,-0.008119567,0.011461634,0.010116743,-2.7097454
2439,2026-08-20,-0.032614402,-0.032638967,0.011945938,0.011281983,-2.7299383
3221,2026-08-20,-0.0335991,-0.04587524,0.012198454,0.012417391,-2.754148
4949,2026-08-20,-0.03825147,-0.03249995,0.013845931,0.014661335,-2.7624512
6919,2026-08-20,-0.0321391,-0.04015485,0.011604423,0.013816069,-2.7693174
2838,2026-08-20,-0.02547898,-0.026490392,0.009166193,0.010395321,-2.7793653
6142,2026-08-20,-0.023216467,-0.0313681,0.008336427,0.010559457,-2.7846081
6425,2026-08-20,-0.02639224,-0.020717533,0.009423108,0.010960529,-2.8005028
5450,2026-08-20,-0.02082041,0.009346819,0.0073864507,0.009659709,-2.8183486
6541,2026-08-20,-0.026722603,-0.023346974,0.009471208,0.0076735537,-2.8211586
1477,2026-08-20,-0.027784249,-0.053277627,0.009835988,0.012559598,-2.824467
1465,2026-08-20,-0.027868263,-0.00748606,0.009855548,0.010606543,-2.8273857
7740,2026-08-20,-0.0282202,-0.039576285,0.009976282,0.011264914,-2.8284457
7795,2026-08-20,-0.025609931,-0.027316948,0.008986954,0.008387345,-2.8493617
1460,2026-08-20,-0.022313574,-0.018802997,0.0077945422,0.00818516,-2.8623507
2634,2026-08-20,-0.03602483,-0.019161245,0.012582727,0.0118290745,-2.8628109
5011,2026-08-20,-0.02725755,-0.04130482,0.0094653675,0.0094385035,-2.8794096
6929,2026-08-20,-0.034962844,-0.020381738,0.012101627,0.018267274,-2.888864
6651,2026-08-20,-0.030334525,-0.01463235,0.0104563385,0.008810435,-2.9007883
4530,2026-08-20,-0.03519382,-0.010668611,0.011999806,0.01057172,-2.9326212
2474,2026-08-20,-0.030651044,-0.023809897,0.0104279015,0.012097093,-2.939048
2365,2026-08-20,-0.036041044,-0.026599053,0.012252029,0.010462936,-2.9413986
3167,2026-08-20,-0.025431415,-0.031682972,0.0086286655,0.010188564,-2.9469757
3236,2026-08-20,-0.04956758,-0.0737824,0.016769096,0.016185515,-2.9557123
1309,2026-08-20,-0.03140727,-0.048078474,0.010614986,0.008455983,-2.9584885
2756,2026-08-20,-0.03457082,-0.005329585,0.011678286,0.010937415,-2.9600115
9919,2026-08-20,-0.032702234,-0.03212274,0.0109904,0.0073002283,-2.9752564
7777,2026-08-20,-0.02771095,-0.05321988,0.009269083,0.010876804,-2.989288
1762,2026-08-20,-0.025712255,3.451233e-05,0.00855213,0.009714876,-3.0061805
3490,2026-08-20,-0.049872704,0.0049818833,0.01655034,0.014125979,-3.0132124
2314,2026-08-20,-0.02677485,-0.029505102,0.008829649,0.007746082,-3.0320365
1529,2026-08-20,-0.032292075,-0.044550102,0.01061861,0.010433832,-3.0407965
6712,2026-08-20,-0.025541937,-0.010652129,0.008375568,0.00955194,-3.0492125
5464,2026-08-20,-0.0343374,-0.044233434,0.011258187,0.013127348,-3.049723
6584,2026-08-20,-0.042529605,-0.053878147,0.01393598,0.01283309,-3.0515652
6965,2026-08-20,-0.028746497,-0.042219516,0.009306115,0.009574645,-3.088658
4178,2026-08-20,-0.02948876,-0.027629726,0.0094662495,0.007124265,-3.1148179
1445,2026-08-20,-0.030286746,-0.026550103,0.009685854,0.009137497,-3.1265821
1795,2026-08-20,-0.03473772,-0.028569499,0.01110868,0.010094774,-3.1267977
3105,2026-08-20,-0.04030239,-0.06758383,0.012875493,0.01382845,-3.1299198
1532,2026-08-20,-0.028756825,0.0017331702,0.0091851335,0.011039066,-3.13046
9103,2026-08-20,-0.036639467,-0.02176454,0.011702032,0.009600549,-3.130767
2409,2026-08-20,-0.0369485,-0.04330639,0.011794702,0.0109175695,-3.1323695
2371,2026-08-20,-0.026459368,-0.032374866,0.008394954,0.009695064,-3.1514428
3665,2026-08-20,-0.034049775,-0.043670222,0.010771029,0.013272172,-3.1609435
6603,2026-08-20,-0.031734027,-0.04065698,0.010009282,0.0118625285,-3.170143
3707,2026-08-20,-0.035472333,-0.06592466,0.011158567,0.014170746,-3.1786478
3587,2026-08-20,-0.03592346,-0.053187236,0.0112687955,0.010786377,-3.1875875
1526,2026-08-20,-0.034229442,-0.05680286,0.010723132,0.009212707,-3.1918147
5426,2026-08-20,-0.038851906,-0.051881418,0.01211811,0.009545375,-3.205838
6005,2026-08-20,-0.034514286,-0.04700261,0.010726636,0.010784145,-3.2173243
4919,2026-08-20,-0.034310527,-0.07401773,0.010635902,0.014084538,-3.2256126
1475,2026-08-20,-0.029666943,-0.016139818,0.009182795,0.009846074,-3.2303576
3296,2026-08-20,-0.03173455,-0.011911716,0.009757557,0.0075288382,-3.2519712
2947,2026-08-20,-0.025201885,-0.021968659,0.0077308235,0.007982985,-3.259501
6872,2026-08-20,-0.026819488,-0.018425234,0.008219202,0.009116465,-3.2626312
5213,2026-08-20,-0.03320687,-0.023687044,0.010127605,0.009652272,-3.2785234
2332,2026-08-20,-0.03780316,-0.06846,0.011524377,0.012237927,-3.279993
6680,2026-08-20,-0.036138073,-0.048592974,0.010996838,0.009278375,-3.2859251
2402,2026-08-20,-0.027669432,-0.047012392,0.008378565,0.008505339,-3.3020127
4716,2026-08-20,-0.029693939,-0.050500352,0.008969492,0.010718895,-3.3101792
6517,2026-08-20,-0.03051368,-0.015521232,0.0092081595,0.011687162,-3.3134053
6890,2026-08-20,-0.029029286,-0.06018738,0.00875311,0.009518717,-3.316075
2406,2026-08-20,-0.038717873,-0.077512436,0.011650797,0.012613329,-3.32291
5263,2026-08-20,-0.03433053,-0.049086858,0.010307125,0.010516707,-3.3304338
8924,2026-08-20,-0.022705507,-0.039309524,0.0068069478,0.007375715,-3.3351471
6203,2026-08-20,-0.03120203,-0.0419573,0.009348348,0.011271431,-3.3373482
6461,2026-08-20,-0.0303754,-0.025350917,0.009014312,0.010490882,-3.369312
4968,2026-08-20,-0.026109247,-0.038262986,0.0077437917,0.007948508,-3.3712008
6209,2026-08-20,-0.05892439,-0.1001428,0.017471086,0.018038394,-3.3724873
1583,2026-08-20,-0.036464427,-0.018901844,0.010767153,0.008771285,-3.386321
8042,2026-08-20,-0.057897322,-0.06670011,0.017057963,0.019469436,-3.393953
4442,2026-08-20,-0.035946164,-0.057127938,0.010583488,0.013036293,-3.3961172
3624,2026-08-20,-0.048140924,-0.06980308,0.014032603,0.010670794,-3.4304037
6706,2026-08-20,-0.036160946,-0.06066633,0.0104994085,0.010382939,-3.4437656
1802,2026-08-20,-0.04706846,-0.053437192,0.013618657,0.014530211,-3.4559212
3714,2026-08-20,-0.037379783,-0.053075932,0.010806644,0.009554131,-3.458643
8096,2026-08-20,-0.030247387,-0.056407023,0.00871,0.010632491,-3.4723208
8131,2026-08-20,-0.042731933,-0.06863841,0.01229918,0.011782048,-3.47409
6431,2026-08-20,-0.043690953,-0.028350124,0.012546918,0.011844474,-3.4819283
5425,2026-08-20,-0.039299287,-0.042741988,0.011277881,0.012239372,-3.4843247
6230,2026-08-20,-0.029053314,-0.053069644,0.008312384,0.0090671815,-3.4947639
1443,2026-08-20,-0.031172311,-0.034141578,0.008877588,0.00915181,-3.5109534
4952,2026-08-20,-0.035406392,-0.00671664,0.010059732,0.010501669,-3.519266
8936,2026-08-20,-0.032425236,-0.030968178,0.009205306,0.010099513,-3.522068
4979,2026-08-20,-0.03694204,-0.054205514,0.010464462,0.009919957,-3.5299
4726,2026-08-20,-0.038177524,-0.02674318,0.010776571,0.010808207,-3.5423124
4303,2026-08-20,-0.034672353,-0.00447789,0.009684045,0.009229857,-3.579989
8084,2026-08-20,-0.024738438,-0.030805973,0.006903047,0.008558096,-3.5831792
6265,2026-08-20,-0.050092418,-0.045665633,0.013971943,0.011404874,-3.584958
6823,2026-08-20,-0.03659695,-0.04334317,0.010173242,0.007747168,-3.59702
9105,2026-08-20,-0.041041717,-0.047068764,0.011384871,0.010607028,-3.604618
3026,2026-08-20,-0.04213029,-0.04414649,0.011682316,0.009590044,-3.6060216
3374,2026-08-20,-0.028938409,-0.04769124,0.007939707,0.010319488,-3.6443114
3176,2026-08-20,-0.035921566,-0.017413566,0.009835269,0.011289315,-3.6519501
2324,2026-08-20,-0.046824798,-0.048893817,0.012786606,0.010887397,-3.6617327
8926,2026-08-20,-0.046592332,-0.043008577,0.012687259,0.009980817,-3.6720822
4967,2026-08-20,-0.049440417,-0.06483698,0.013373004,0.012390611,-3.696755
2221,2026-08-20,-0.04323836,0.0014442673,0.011687347,0.009643893,-3.6992707
8937,2026-08-20,-0.05110646,-0.037731316,0.013796591,0.013795434,-3.704013
2498,2026-08-20,-0.04410792,-0.06456924,0.011903539,0.013194585,-3.7051346
2254,2026-08-20,-0.03305766,-0.023856549,0.008869679,0.010089249,-3.7266212
1219,2026-08-20,-0.033880282,-0.02412762,0.009055324,0.010396123,-3.7410634
3207,2026-08-20,-0.048964635,-0.056056604,0.013075746,0.01063714,-3.744405
5465,2026-08-20,-0.054964293,-0.014948171,0.014647896,0.010926222,-3.7521114
8421,2026-08-20,-0.038881805,-0.033494603,0.010303467,0.012850276,-3.773296
6569,2026-08-20,-0.029278103,-0.02148325,0.0077430373,0.006920485,-3.7807288
8103,2026-08-20,-0.049831636,-0.04908927,0.013148761,0.013640485,-3.7895467
4163,2026-08-20,-0.037907112,-0.020783281,0.009967903,0.010988032,-3.802536
1444,2026-08-20,-0.054189205,-0.031335447,0.014228862,0.012900328,-3.808133
5371,2026-08-20,-0.038643938,-0.062304582,0.010142684,0.00943885,-3.809655
8410,2026-08-20,-0.03434858,0.0007092265,0.008997066,0.009408549,-3.8173292
6831,2026-08-20,-0.04375332,-0.07197084,0.011371113,0.010562701,-3.847422
3092,2026-08-20,-0.03821458,-0.034341037,0.009861324,0.007797717,-3.8748045
4564,2026-08-20,-0.055624526,-0.065784015,0.014346828,0.01607163,-3.8768604
1423,2026-08-20,-0.036298744,-0.020483876,0.00936045,0.0091380915,-3.87747
2436,2026-08-20,-0.034907755,-0.06655023,0.008996613,0.009496681,-3.8796682
6409,2026-08-20,-0.032400236,-0.03460873,0.008343057,0.008484599,-3.8830314
8097,2026-08-20,-0.027806949,-0.034877833,0.007159306,0.009007657,-3.883486
4956,2026-08-20,-0.055209875,-0.066023774,0.014210445,0.0127629675,-3.8848882
3349,2026-08-20,-0.03961686,-0.007475414,0.010139105,0.011984656,-3.9069476
2613,2026-08-20,-0.04015596,-0.0065185367,0.010221865,0.010051631,-3.9280531
3289,2026-08-20,-0.03846479,-0.04558393,0.009758168,0.010574009,-3.9414003
6290,2026-08-20,-0.05220789,-0.07066702,0.013185438,0.015882464,-3.959211
4174,2026-08-20,-0.0470273,-0.042476527,0.01183691,0.011369077,-3.9726017
8482,2026-08-20,-0.03128119,-0.034494862,0.007849196,0.009439512,-3.9847655
3152,2026-08-20,-0.03578926,-0.031245887,0.008960056,0.014605032,-3.993866
6016,2026-08-20,-0.041580934,-0.055960026,0.010407894,0.011614988,-3.9947505
1210,2026-08-20,-0.043276466,-0.04422992,0.010810348,0.010184899,-4.002874
6415,2026-08-20,-0.04012523,-0.07148674,0.009938886,0.009999193,-4.0367894
6274,2026-08-20,-0.03514501,-0.054201536,0.00867755,0.008931778,-4.049641
6962,2026-08-20,-0.043263234,-0.06518357,0.010564865,0.011921111,-4.094623
2102,2026-08-20,-0.03163973,-0.022273155,0.0077253804,0.00897276,-4.095026
5321,2026-08-20,-0.053557254,-0.013818906,0.013044883,0.012245088,-4.1052995
2478,2026-08-20,-0.045416187,-0.06344579,0.011057049,0.01262951,-4.1070704
4123,2026-08-20,-0.037452657,-0.057439618,0.009072337,0.008985662,-4.127771
1702,2026-08-20,-0.03943323,-0.03561778,0.009526724,0.009338773,-4.1387877
2354,2026-08-20,-0.03298331,-0.04570624,0.007931954,0.006964773,-4.1577587
2646,2026-08-20,-0.043889098,-0.038693786,0.010540342,0.009732877,-4.163521
3027,2026-08-20,-0.055221163,-0.042271383,0.013251902,0.010799666,-4.1667223
3260,2026-08-20,-0.049310043,-0.07864186,0.0117784785,0.010177084,-4.186097
3312,2026-08-20,-0.044504117,-0.058758955,0.0106166955,0.011364258,-4.1915045
3363,2026-08-20,-0.05109299,-0.06857689,0.012157427,0.011905154,-4.2022696
6933,2026-08-20,-0.044549067,-0.043489207,0.010569515,0.010694669,-4.214465
3057,2026-08-20,-0.049602434,-0.041349903,0.011749737,0.010762301,-4.221219
3516,2026-08-20,-0.039804604,-0.019712312,0.009404762,0.010877115,-4.2319384
2417,2026-08-20,-0.04235007,-0.042411294,0.009911306,0.011262321,-4.272474
4549,2026-08-20,-0.044402447,0.0001515378,0.010369783,0.011392761,-4.281494
6201,2026-08-20,-0.03570262,-0.040059574,0.008323297,0.008674484,-4.288965
6742,2026-08-20,-0.050442737,-0.05579511,0.01175173,0.012103513,-4.2920017
6221,2026-08-20,-0.04622612,-0.0131499,0.010720803,0.008860532,-4.311413
3669,2026-08-20,-0.045829523,-0.049501874,0.010526121,0.009656387,-4.3534718
6278,2026-08-20,-0.049781024,-0.043425042,0.011426924,0.010166098,-4.3560863
1515,2026-08-20,-0.07310627,-0.054359216,0.016600555,0.014942355,-4.403579
3226,2026-08-20,-0.045382198,-0.02393874,0.010291653,0.012887482,-4.4091835
2239,2026-08-20,-0.051718235,-0.050854526,0.011724108,0.011352053,-4.4108963
6735,2026-08-20,-0.052450355,-0.05764954,0.011836084,0.009721236,-4.43102
5864,2026-08-20,-0.04282368,-0.011526576,0.009660549,0.009097023,-4.432382
5392,2026-08-20,-0.06774327,-0.06921303,0.015217511,0.016117578,-4.451373
1218,2026-08-20,-0.06308424,-0.07088804,0.014157038,0.009664603,-4.4557185
6841,2026-08-20,-0.041062925,-0.046699144,0.009186479,0.009239004,-4.469444
2258,2026-08-20,-0.05240297,-0.038129073,0.011723001,0.012051548,-4.4697175
5314,2026-08-20,-0.061205506,-0.077393346,0.013492672,0.012378468,-4.535867
1789,2026-08-20,-0.062666945,-0.036322754,0.013774167,0.010623141,-4.549269
6538,2026-08-20,-0.062345944,-0.026764536,0.013656143,0.013217909,-4.565079
6469,2026-08-20,-0.04166864,-0.045999885,0.009092111,0.0102989245,-4.5824404
3673,2026-08-20,-0.07221058,-0.076974735,0.015737664,0.013483606,-4.588101
1909,2026-08-20,-0.04512928,-0.012896029,0.0097761685,0.009365205,-4.6157823
3313,2026-08-20,-0.03622609,-0.03733837,0.007803004,0.010192697,-4.641988
1905,2026-08-20,-0.045023575,-0.03993651,0.009686119,0.007901909,-4.6477776
2344,2026-08-20,-0.04613602,-0.044647798,0.009882927,0.011792469,-4.6677823
7792,2026-08-20,-0.057711665,-0.022564273,0.012350125,0.009943985,-4.6725836
1231,2026-08-20,-0.044057574,-0.030837543,0.009419554,0.0106039215,-4.6767497
8358,2026-08-20,-0.0446611,-0.06171202,0.009519422,0.010386297,-4.691084
2743,2026-08-20,-0.037650608,-0.019045396,0.008024183,0.0075632283,-4.6915574
8162,2026-08-20,-0.06736191,-0.04874342,0.014313239,0.011537466,-4.7059374
2849,2026-08-20,-0.03586007,-0.038064703,0.007607321,0.009015046,-4.71327
2429,2026-08-20,-0.05083298,-0.05267202,0.01077039,0.010268086,-4.719259
1591,2026-08-20,-0.06425441,-0.076397724,0.0135786645,0.012315921,-4.731664
1419,2026-08-20,-0.038511313,-0.037014943,0.00813139,0.010688236,-4.7355466
5292,2026-08-20,-0.0635155,-0.03726985,0.013330343,0.010870415,-4.7643733
1225,2026-08-20,-0.047279153,-0.052779507,0.00989708,0.010517384,-4.776598
2605,2026-08-20,-0.064182065,-0.040820446,0.013170309,0.01527426,-4.872869
6671,2026-08-20,-0.061708294,-0.04540985,0.012649218,0.011633647,-4.878042
2534,2026-08-20,-0.049429774,-0.031264465,0.010126186,0.009847446,-4.8808994
6983,2026-08-20,-0.062472623,-0.055480454,0.012742053,0.013711665,-4.902485
6854,2026-08-20,-0.043158393,-0.0491577,0.008793563,0.009843173,-4.907395
3229,2026-08-20,-0.05777979,-0.06441172,0.011765077,0.013908942,-4.91071
3011,2026-08-20,-0.040590744,-0.04867271,0.0082010785,0.007735325,-4.9488363
2464,2026-08-20,-0.0730639,-0.10617942,0.0147393625,0.015761554,-4.9567237
6579,2026-08-20,-0.04101577,-0.055142198,0.008264864,0.010182008,-4.9620667
6598,2026-08-20,-0.06348744,-0.065823644,0.012754706,0.010355913,-4.9771795
6504,2026-08-20,-0.05570403,-0.053299036,0.011142614,0.011302434,-4.9987397
6624,2026-08-20,-0.038696725,-0.049097303,0.0076964847,0.0101026585,-5.027191
2455,2026-08-20,-0.061516132,-0.074631974,0.01222409,0.013537177,-5.031957
6620,2026-08-20,-0.046566013,-0.06354904,0.009212407,0.0107971225,-5.0541577
6533,2026-08-20,-0.055509076,-0.06079972,0.010942974,0.012797176,-5.072113
3163,2026-08-20,-0.050005898,-0.057638217,0.0098305335,0.010334491,-5.0862765
4764,2026-08-20,-0.065781556,-0.07391712,0.012925049,0.0152584575,-5.089069
8044,2026-08-20,-0.044772465,-0.054150734,0.008788929,0.010720728,-5.093609
3234,2026-08-20,-0.057553,-0.04158667,0.01127983,0.015347081,-5.101841
2489,2026-08-20,-0.04003203,-0.04590672,0.007844332,0.011263427,-5.102656
3552,2026-08-20,-0.04485112,-0.030243436,0.0087642,0.009287233,-5.1169534
2723,2026-08-20,-0.059699807,-0.04012387,0.011363289,0.011324911,-5.253281
2718,2026-08-20,-0.06023281,-0.023897646,0.011414257,0.011498303,-5.276518
6532,2026-08-20,-0.06852095,-0.04840945,0.012826677,0.012252816,-5.3416486
6125,2026-08-20,-0.13575152,-0.12794152,0.02539202,0.026554149,-5.346017
3576,2026-08-20,-0.05282859,-0.077427305,0.009869263,0.0081836805,-5.3522983
1806,2026-08-20,-0.085417256,-0.08257855,0.015952462,0.017182074,-5.3541517
2425,2026-08-20,-0.054547798,-0.0863059,0.010160122,0.011934167,-5.3682847
6715,2026-08-20,-0.07573752,-0.09366038,0.014098336,0.014645039,-5.3717084
1336,2026-08-20,-0.072851166,-0.034600418,0.013545563,0.011645436,-5.377834
1313,2026-08-20,-0.039765857,-0.040753204,0.0073826625,0.00935495,-5.385655
3441,2026-08-20,-0.12565897,-0.119967446,0.023328975,0.020714756,-5.38616
9938,2026-08-20,-0.04627396,-0.037759732,0.008589578,0.010460277,-5.386595
2030,2026-08-20,-0.07231387,-0.04510356,0.013333563,0.011400149,-5.42304
6863,2026-08-20,-0.06378083,-0.071847245,0.011739264,0.009742662,-5.432657
6761,2026-08-20,-0.06820331,-0.060318653,0.012510324,0.0117129935,-5.451326
5345,2026-08-20,-0.0585519,-0.074091226,0.010736423,0.013094613,-5.4530683
6589,2026-08-20,-0.047483325,-0.038788714,0.0086902,0.008875937,-5.4633794
5201,2026-08-20,-0.075134434,-0.05601162,0.013722476,0.011633367,-5.4748836
3704,2026-08-20,-0.06997809,-0.07611732,0.012673863,0.011337731,-5.5210133
1316,2026-08-20,-0.065316014,-0.043334246,0.011817626,0.011445382,-5.526532
4991,2026-08-20,-0.052910455,-0.065194525,0.009564769,0.010983053,-5.531228
3450,2026-08-20,-0.08056136,-0.08345847,0.014550417,0.011309525,-5.536324
4561,2026-08-20,-0.07110163,-0.0415881,0.0127256345,0.010047191,-5.5868363
5291,2026-08-20,-0.08323808,-0.0662609,0.014846887,0.015637707,-5.6060553
1471,2026-08-20,-0.05063898,-0.02190783,0.00899996,0.009603742,-5.6259537
6240,2026-08-20,-0.0718498,-0.038626783,0.012748334,0.012852551,-5.635573
8070,2026-08-20,-0.06783166,-0.05354013,0.01197859,0.012411918,-5.6622686
4510,2026-08-20,-0.064191245,-0.054636266,0.011320849,0.014502771,-5.6696787
3444,2026-08-20,-0.08980235,-0.06629677,0.015804615,0.011567336,-5.6816735
4743,2026-08-20,-0.038570598,-0.035627764,0.0067827776,0.008087166,-5.685711
4127,2026-08-20,-0.05619208,-0.052924387,0.009863993,0.010487539,-5.6961093
3630,2026-08-20,-0.059997763,-0.08661146,0.01051235,0.010902548,-5.7068167
5701,2026-08-20,-0.056790344,-0.038410727,0.009940429,0.0120107,-5.712493
8110,2026-08-20,-0.052504387,-0.08060131,0.0091750575,0.011488741,-5.7218895
2923,2026-08-20,-0.062798664,-0.0652355,0.010932283,0.009790601,-5.743807
7768,2026-08-20,-0.08270069,-0.06692461,0.0143355075,0.01705771,-5.768538
2415,2026-08-20,-0.07421513,-0.060727976,0.012802753,0.011198905,-5.7963576
1708,2026-08-20,-0.065098844,-0.03682739,0.011191763,0.012528029,-5.816155
3016,2026-08-20,-0.090809144,-0.10770623,0.015575264,0.014892343,-5.8299694
7751,2026-08-20,-0.052992575,-0.049717862,0.00907683,0.010025921,-5.8375816
6838,2026-08-20,-0.060422108,-0.05649156,0.010244217,0.012064696,-5.8975916
4946,2026-08-20,-0.07943589,-0.05325336,0.013460608,0.015239976,-5.9009213
6617,2026-08-20,-0.08328352,-0.09488174,0.014089455,0.013917213,-5.910634
6794,2026-08-20,-0.06453446,-0.06414843,0.010849092,0.0081058,-5.947826
3498,2026-08-20,-0.08457662,-0.053987756,0.014173543,0.012841874,-5.966797
2399,2026-08-20,-0.07654464,-0.09324169,0.012789239,0.010753246,-5.984614
4905,2026-08-20,-0.070543796,-0.017404182,0.011602684,0.010781446,-6.079431
6168,2026-08-20,-0.06771946,-0.064396456,0.0110946745,0.0112003395,-6.1032305
7723,2026-08-20,-0.124964595,-0.14396714,0.020400375,0.016354218,-6.1253023
6550,2026-08-20,-0.06375268,-0.06993934,0.010367088,0.00952908,-6.148933
6418,2026-08-20,-0.07448734,-0.04798595,0.012052357,0.012177575,-6.1798005
2323,2026-08-20,-0.07347543,-0.057267506,0.011881673,0.010477815,-6.183409
7799,2026-08-20,-0.06366003,-0.06301472,0.0102757355,0.00999981,-6.194577
4413,2026-08-20,-0.0862689,-0.046124756,0.013899382,0.012291794,-6.206225
3230,2026-08-20,-0.073685326,-0.071519345,0.011835507,0.013444625,-6.2252593
8089,2026-08-20,-0.082023226,-0.07530041,0.01312488,0.01268189,-6.2489696
6451,2026-08-20,-0.093358986,-0.11764182,0.014936819,0.013579868,-6.2498407
1203,2026-08-20,-0.056823093,-0.06314135,0.009039359,0.0103204865,-6.2854905
2342,2026-08-20,-0.062397543,-0.07111356,0.0098902965,0.009387554,-6.308328
3339,2026-08-20,-0.08651283,-0.116206564,0.013710839,0.015654476,-6.3093524
1325,2026-08-20,-0.05724855,-0.056003515,0.008996065,0.01267184,-6.363025
6949,2026-08-20,-0.044598475,-0.053589813,0.0069807163,0.009642733,-6.387896
6116,2026-08-20,-0.07288415,-0.07981105,0.011406209,0.010037938,-6.3893056
1455,2026-08-20,-0.06459349,-0.036992773,0.010054394,0.012197037,-6.4237647
6597,2026-08-20,-0.09892942,-0.071533404,0.015336737,0.012299631,-6.450066
8033,2026-08-20,-0.08026246,-0.074592955,0.012411158,0.013231875,-6.466439
6163,2026-08-20,-0.08363773,-0.10303766,0.012873605,0.01314516,-6.4963336
3543,2026-08-20,-0.10046899,-0.0635588,0.015392815,0.01079282,-6.526582
8111,2026-08-20,-0.1716715,-0.19768594,0.026098235,0.028977169,-6.577645
6840,2026-08-20,-0.06864432,-0.014483078,0.0104349945,0.013038671,-6.57765
6698,2026-08-20,-0.061113182,-0.05748729,0.009246491,0.009809147,-6.608623
4540,2026-08-20,-0.076711684,-0.09404376,0.0115334755,0.011432365,-6.6506433
6173,2026-08-20,-0.09141798,-0.09385977,0.013711265,0.014008669,-6.666877
2812,2026-08-20,-0.06987405,-0.0704072,0.010433227,0.009791773,-6.6966195
2033,2026-08-20,-0.07931153,-0.05472694,0.011728531,0.014827648,-6.7616963
6204,2026-08-20,-0.0699956,-0.065133534,0.010331344,0.01299439,-6.774416
2514,2026-08-20,-0.06585396,-0.07543262,0.009670425,0.00964484,-6.809127
2484,2026-08-20,-0.062675245,-0.091698185,0.009157325,0.013265943,-6.843527
6531,2026-08-20,-0.06765863,-0.086386316,0.009878769,0.009822969,-6.8482
4971,2026-08-20,-0.093837656,-0.10513746,0.013674277,0.013881127,-6.861847
2486,2026-08-20,-0.097209975,-0.110702865,0.01416439,0.014238953,-6.8624988
6530,2026-08-20,-0.074129485,-0.0881399,0.010795698,0.012193433,-6.8659406
6716,2026-08-20,-0.090015635,-0.034137487,0.013046725,0.01129588,-6.8989525
2227,2026-08-20,-0.053158585,-0.053399663,0.007669058,0.006361566,-6.9306626
4139,2026-08-20,-0.08415931,-0.0696919,0.012099344,0.011614042,-6.9551167
6958,2026-08-20,-0.05776501,-0.05589835,0.008295866,0.008245807,-6.962269
8271,2026-08-20,-0.072520845,-0.07664176,0.010407752,0.010457078,-6.9672947
1799,2026-08-20,-0.06835599,-0.07159186,0.009746353,0.0074538593,-7.0127745
6547,2026-08-20,-0.06306578,-0.078737274,0.008966276,0.011332341,-7.0328803
3115,2026-08-20,-0.080778204,-0.06149528,0.0114684645,0.012697214,-7.042892
6426,2026-08-20,-0.10652917,-0.09609968,0.015060263,0.01405127,-7.0730567
2939,2026-08-20,-0.10670468,-0.092811264,0.015080922,0.014253378,-7.0750055
1710,2026-08-20,-0.08305362,-0.08271179,0.011699758,0.0132671045,-7.0981402
9914,2026-08-20,-0.092248216,-0.10352958,0.012952284,0.0139279,-7.1216083
1569,2026-08-20,-0.06299576,-0.062316503,0.008843847,0.011471471,-7.122312
2524,2026-08-20,-0.06064181,-0.056187846,0.0084344,0.00804707,-7.1889668
3018,2026-08-20,-0.076458,-0.07583809,0.010629447,0.0115428185,-7.1923594
4939,2026-08-20,-0.09473159,-0.09516871,0.013026059,0.014627251,-7.271909
2328,2026-08-20,-0.10284567,-0.12026041,0.013964087,0.014663708,-7.364485
1727,2026-08-20,-0.12875178,-0.110413216,0.01741862,0.018986637,-7.391194
3388,2026-08-20,-0.083230846,-0.043942798,0.011107013,0.013866369,-7.4928656
2601,2026-08-20,-0.1054083,-0.07805611,0.014054615,0.012539859,-7.499373
1810,2026-08-20,-0.09095801,-0.09242414,0.011818591,0.014400752,-7.6955295
7820,2026-08-20,-0.10749101,-0.08877139,0.0139593445,0.013919386,-7.699739
5355,2026-08-20,-0.08949469,-0.06920416,0.011554282,0.011461828,-7.744916
5328,2026-08-20,-0.11086544,-0.14073536,0.014288957,0.015037661,-7.758276
2630,2026-08-20,-0.11937965,-0.10243545,0.0153291905,0.011584983,-7.7872252
2340,2026-08-20,-0.08893144,-0.11025139,0.011388642,0.0127442675,-7.808098
1711,2026-08-20,-0.06866527,-0.06917424,0.008756649,0.010891519,-7.8406057
5481,2026-08-20,-0.10409563,-0.0900512,0.013173991,0.012697568,-7.901002
2070,2026-08-20,-0.093712345,-0.07695496,0.01182883,0.01158152,-7.9216986
6160,2026-08-20,-0.115493804,-0.10455791,0.014398938,0.012242183,-8.020437
6456,2026-08-20,-0.077066705,-0.09269096,0.009600547,0.0105485795,-8.026488
2530,2026-08-20,-0.081524245,-0.083677575,0.010076787,0.012646846,-8.0894985
6859,2026-08-20,-0.108101875,-0.08900847,0.013279383,0.013132875,-8.139966
4707,2026-08-20,-0.08722512,-0.07974429,0.010691601,0.012584498,-8.157521
6733,2026-08-20,-0.08900869,-0.08706535,0.010892611,0.009214532,-8.170724
3485,2026-08-20,-0.10227226,-0.10890699,0.012455783,0.014575361,-8.210166
3455,2026-08-20,-0.10419989,-0.08974426,0.012684577,0.013973036,-8.214044
1563,2026-08-20,-0.0855693,-0.061960362,0.010413136,0.010272733,-8.216648
3631,2026-08-20,-0.076134816,-0.031438015,0.009232854,0.010173573,-8.245183
7842,2026-08-20,-0.15919922,-0.1317451,0.019294798,0.018936204,-8.250461
3054,2026-08-20,-0.08757232,-0.06729528,0.010607191,0.010339807,-8.25516
6224,2026-08-20,-0.10715297,-0.08823919,0.012976727,0.014217046,-8.256681
4994,2026-08-20,-0.09041085,-0.09590205,0.010904745,0.014591105,-8.290204
6276,2026-08-20,-0.068797685,-0.05615167,0.008285999,0.011414994,-8.301881
5340,2026-08-20,-0.097125754,-0.10845763,0.011675493,0.01295012,-8.318059
3701,2026-08-20,-0.070639536,-0.08719946,0.008473399,0.008925461,-8.335639
3049,2026-08-20,-0.096621245,-0.08747129,0.011500669,0.009806234,-8.400628
6141,2026-08-20,-0.13058214,-0.10562591,0.015359433,0.013681041,-8.501202
3540,2026-08-20,-0.10275299,-0.09213624,0.012018765,0.013428779,-8.548669
6153,2026-08-20,-0.084206566,-0.09185597,0.009845482,0.011548084,-8.551944
6869,2026-08-20,-0.09891048,-0.09147208,0.011498781,0.012466198,-8.601075
3362,2026-08-20,-0.19094498,-0.21083793,0.022047687,0.021449728,-8.6601515
4911,2026-08-20,-0.06685586,-0.04973777,0.007697094,0.007114534,-8.68473
4923,2026-08-20,-0.08693562,-0.060715184,0.010004984,0.012694681,-8.688362
5475,2026-08-20,-0.07648007,-0.065035544,0.0086379,0.0075371116,-8.852986
8085,2026-08-20,-0.10902186,-0.07939068,0.011985109,0.012029445,-9.095683
5531,2026-08-20,-0.09524964,-0.08288895,0.0104416385,0.0112024415,-9.121223
8039,2026-08-20,-0.1408089,-0.12028525,0.015361562,0.01619882,-9.165716
6477,2026-08-20,-0.10660894,-0.090941206,0.011599257,0.013910013,-9.190223
3518,2026-08-20,-0.09543486,-0.077671714,0.010318437,0.010726782,-9.248069
4147,2026-08-20,-0.07496411,-0.08587583,0.008089792,0.0113412915,-9.265362
6101,2026-08-20,-0.12657852,-0.11461864,0.013656592,0.015445002,-9.267997
2426,2026-08-20,-0.08502611,-0.09575305,0.009151148,0.009687797,-9.29029
2241,2026-08-20,-0.104882866,-0.10560403,0.011178856,0.013227472,-9.381414
4304,2026-08-20,-0.11566617,-0.10839179,0.012287098,0.012686393,-9.412862
6668,2026-08-20,-0.09283938,-0.10327311,0.009632258,0.011309882,-9.637382
2548,2026-08-20,-0.09160511,-0.09218515,0.009501398,0.011758525,-9.64021
6895,2026-08-20,-0.14532474,-0.14119537,0.015040886,0.01439745,-9.661338
8101,2026-08-20,-0.122963384,-0.116383635,0.012637029,0.012248029,-9.729632
9921,2026-08-20,-0.101327084,-0.105849095,0.010247652,0.011171757,-9.8868685
6588,2026-08-20,-0.1406036,-0.15765713,0.01416298,0.017560046,-9.926843
2351,2026-08-20,-0.11790848,-0.11244765,0.0117568085,0.014961711,-10.0281
2540,2026-08-20,-0.11380995,-0.119094215,0.011248531,0.013821372,-10.116861
2331,2026-08-20,-0.07615729,-0.07423792,0.0074462923,0.010080725,-10.2261715
8045,2026-08-20,-0.11178553,-0.115120694,0.01083721,0.0099009415,-10.314021
6674,2026-08-20,-0.13503882,-0.13487943,0.013009123,0.0120324595,-10.379519
6727,2026-08-20,-0.12606259,-0.12340606,0.011893564,0.013260249,-10.598336
6269,2026-08-20,-0.11577465,-0.12970193,0.010908708,0.011745797,-10.612076
6499,2026-08-20,-0.1149329,-0.117025085,0.010819952,0.013232327,-10.621329
3504,2026-08-20,-0.15727428,-0.16031928,0.014138863,0.015914101,-11.122758
2302,2026-08-20,-0.15359718,-0.17027114,0.013465914,0.016584864,-11.405521
5471,2026-08-20,-0.11271944,-0.10875921,0.00970267,0.012265377,-11.616165
1435,2026-08-20,-0.11904745,-0.12239914,0.01015905,0.012818351,-11.717211
6226,2026-08-20,-0.17411973,-0.1753026,0.0143602155,0.015816716,-12.124303
4977,2026-08-20,-0.15744326,-0.16550496,0.0128810825,0.014726396,-12.221879
6969,2026-08-20,-0.16477029,-0.14991412,0.013216289,0.016147073,-12.4662695
4169,2026-08-20,-0.1404994,-0.13573316,0.0112444395,0.012267504,-12.4939
5608,2026-08-20,-0.14840558,-0.10186136,0.011791176,0.012721051,-12.585089
3042,2026-08-20,-0.11928075,-0.111657634,0.00908557,0.011493762,-13.127147
4976,2026-08-20,-0.15553597,-0.16449,0.011650562,0.014814941,-13.348936
