stock_id,Date,Score_5d,Score_10d,Unc_5d,Unc_10d,SQ_5d
5355,2026-07-31,0.08604697,0.06475679,0.008614804,0.0076582027,9.987109
4956,2026-07-31,0.069972314,0.07713132,0.008100141,0.0074061947,8.637341
6177,2026-07-31,0.07503319,0.0976878,0.008728753,0.0127736265,8.59511
1101,2026-07-31,0.08296383,0.09968324,0.009951065,0.011188359,8.336343
4155,2026-07-31,0.049544327,0.03282688,0.006044101,0.007487668,8.195782
2881,2026-07-31,0.08004066,0.091980025,0.009824083,0.012258758,8.146564
9933,2026-07-31,0.06602852,0.03811656,0.008146768,0.009939594,8.103878
2412,2026-07-31,0.09246731,0.095151685,0.011432006,0.009511654,8.087751
3090,2026-07-31,0.08944355,0.08957453,0.011269973,0.0144336475,7.9357433
2892,2026-07-31,0.07772802,0.1011866,0.0098268865,0.013101056,7.908925
6138,2026-07-31,0.06027155,0.030514356,0.007677334,0.010428939,7.849561
8162,2026-07-31,0.08148478,0.07969938,0.0104339775,0.010529192,7.808812
6220,2026-07-31,0.06912444,0.055329308,0.008999988,0.01130336,7.6796494
2317,2026-07-31,0.07967483,0.08800728,0.010463661,0.011826155,7.613704
2882,2026-07-31,0.06518313,0.078433864,0.008798698,0.009313564,7.4074283
3296,2026-07-31,0.065038554,0.037521873,0.0089604035,0.007479479,7.2576303
2880,2026-07-31,0.068702616,0.08175198,0.009708257,0.009774132,7.0759907
5011,2026-07-31,0.061661005,0.03448808,0.008759061,0.007946914,7.0388784
6994,2026-07-31,0.097001284,0.0884983,0.01381998,0.01334204,7.0184083
3178,2026-07-31,0.05167296,0.030678233,0.0073782816,0.0076361713,7.002438
1736,2026-07-31,0.071195774,0.054602426,0.010214288,0.008514853,6.9695315
2886,2026-07-31,0.086313576,0.10789572,0.012441901,0.01331893,6.936773
5511,2026-07-31,0.06720575,0.08149676,0.009727085,0.008957677,6.9084253
8438,2026-07-31,0.07512935,0.08516594,0.010897159,0.011662569,6.8937654
2243,2026-07-31,0.06825487,0.055486973,0.009978259,0.009623478,6.8396735
3045,2026-07-31,0.07021095,0.06371199,0.010331908,0.0102337515,6.794887
6261,2026-07-31,0.0603242,0.049952824,0.008922542,0.010162483,6.760118
2834,2026-07-31,0.07651147,0.09553468,0.011317505,0.011762712,6.7598567
6470,2026-07-31,0.052705813,0.036379885,0.007854543,0.008107644,6.7093787
1417,2026-07-31,0.047351774,0.044062417,0.0071400744,0.0069796387,6.6309037
2885,2026-07-31,0.050767984,0.05975794,0.007657984,0.008165702,6.628554
8933,2026-07-31,0.049689732,0.04257794,0.0075221085,0.009713466,6.604947
6739,2026-07-31,0.044691373,0.023664745,0.0068309433,0.0077418997,6.5415316
6024,2026-07-31,0.05347107,0.03427411,0.008176056,0.008772671,6.5391593
2221,2026-07-31,0.054753978,0.036326583,0.008383966,0.0074903844,6.530018
2323,2026-07-31,0.04727507,0.053176474,0.007242783,0.009992157,6.526296
2250,2026-07-31,0.045278594,0.03701178,0.0069754045,0.008356778,6.490248
8924,2026-07-31,0.06128335,0.05372814,0.00965352,0.012759836,6.347633
2883,2026-07-31,0.05393854,0.06326188,0.008577272,0.008164531,6.2878094
4938,2026-07-31,0.072354145,0.07976327,0.011515076,0.012862045,6.2828817
2906,2026-07-31,0.03985618,0.048444714,0.0063943267,0.009511208,6.232079
6147,2026-07-31,0.0665211,0.057179213,0.010701246,0.01183056,6.2156205
8938,2026-07-31,0.077896446,0.07433621,0.012548545,0.009545944,6.207113
6486,2026-07-31,0.058722075,0.053473998,0.009624739,0.010491383,6.1005263
3593,2026-07-31,0.06251215,0.05954686,0.010389324,0.007907163,6.0163813
2548,2026-07-31,0.07396552,0.095365286,0.012301693,0.01336677,6.0121408
4401,2026-07-31,0.053043913,0.042211328,0.008839503,0.009378384,6.000101
3379,2026-07-31,0.057257723,0.05146087,0.009549841,0.009595105,5.9950447
2491,2026-07-31,0.07976105,0.07673033,0.0135443015,0.0120507395,5.8884664
5493,2026-07-31,0.04607119,0.03613866,0.007873661,0.008745093,5.8505616
2429,2026-07-31,0.04760034,0.037203677,0.008171768,0.008671487,5.8242617
3167,2026-07-31,0.064655885,0.06306779,0.011206951,0.013323749,5.7687516
1615,2026-07-31,0.03941583,0.042745642,0.0068374267,0.0073020663,5.763874
1432,2026-07-31,0.032642838,0.055404432,0.00566287,0.006925252,5.7633452
3631,2026-07-31,0.032271393,0.026871605,0.0056002736,0.0071893553,5.7614384
5398,2026-07-31,0.06139319,0.05209812,0.010737293,0.01072787,5.7172203
5522,2026-07-31,0.050588433,0.05195659,0.008849365,0.009995588,5.7159715
6846,2026-07-31,0.059496608,0.060444474,0.0104984,0.009153681,5.6666675
2308,2026-07-31,0.09555065,0.09589151,0.016874194,0.013353718,5.6621957
2705,2026-07-31,0.044516705,0.057998434,0.0078720525,0.010972006,5.654313
2603,2026-07-31,0.057922643,0.06924255,0.010263904,0.010458242,5.6427846
6670,2026-07-31,0.0549951,0.05541556,0.009768435,0.0118140755,5.629302
4526,2026-07-31,0.052245,0.049603757,0.009326641,0.010030367,5.6010942
3624,2026-07-31,0.09569861,0.09772643,0.017118482,0.014123661,5.590041
6925,2026-07-31,0.044705637,0.036963973,0.008054666,0.008945075,5.5495887
3540,2026-07-31,0.05072276,0.04042359,0.009155866,0.010044977,5.5393143
5880,2026-07-31,0.056682047,0.07501147,0.010253547,0.010636907,5.5275035
9942,2026-07-31,0.04720717,0.036952358,0.00858939,0.00872663,5.4953465
3557,2026-07-31,0.03925641,0.054776136,0.007160296,0.012086823,5.4817467
6679,2026-07-31,0.049427908,0.04944391,0.009033006,0.0075489497,5.471317
4707,2026-07-31,0.07413473,0.06112252,0.013576684,0.017547471,5.4600425
6862,2026-07-31,0.04871153,0.04633401,0.008953768,0.011172,5.439731
3346,2026-07-31,0.04885628,0.055813055,0.008986616,0.008842394,5.4359555
9945,2026-07-31,0.054578636,0.070849895,0.01008218,0.0113799535,5.4128394
2102,2026-07-31,0.052797753,0.07529673,0.009754822,0.008422225,5.4119225
4303,2026-07-31,0.035696324,0.025711266,0.0066002663,0.0071378336,5.4074965
3623,2026-07-31,0.05353833,0.04081985,0.009931439,0.009032504,5.39025
5536,2026-07-31,0.056487814,0.037255332,0.010481306,0.011172098,5.3888726
5489,2026-07-31,0.066092424,0.0591922,0.012311331,0.01303901,5.367986
3138,2026-07-31,0.0499868,0.04921908,0.009352943,0.010695537,5.343928
9906,2026-07-31,0.0456983,0.06657043,0.0086028855,0.008478147,5.311356
5439,2026-07-31,0.07300616,0.07366638,0.013752434,0.011790391,5.308213
6569,2026-07-31,0.04206603,0.04042814,0.00793618,0.009056703,5.299871
3297,2026-07-31,0.039176702,0.030785978,0.007411835,0.008988048,5.2849827
1231,2026-07-31,0.05840987,0.034628578,0.011051742,0.010687645,5.2846494
4154,2026-07-31,0.046825577,0.048539974,0.008883372,0.008725052,5.2705555
4416,2026-07-31,0.0454025,0.046022676,0.008679767,0.010014544,5.2302403
2618,2026-07-31,0.050422493,0.06716363,0.00971432,0.014829539,5.189998
3217,2026-07-31,0.046708964,0.037364442,0.009004599,0.009961961,5.186658
1617,2026-07-31,0.044826556,0.041594163,0.008687302,0.009084781,5.1594152
8476,2026-07-31,0.07796718,0.058502868,0.015116492,0.015349333,5.157415
3055,2026-07-31,0.056835294,0.015643716,0.011087547,0.011346841,5.125585
2726,2026-07-31,0.04122446,0.030853236,0.008098312,0.009570524,5.089872
3515,2026-07-31,0.034160387,0.016237224,0.0067126765,0.008439616,5.088179
4162,2026-07-31,0.03361927,0.02276556,0.006636124,0.008159141,5.065337
2611,2026-07-31,0.043967422,0.04380452,0.008708702,0.011410013,5.0480967
4205,2026-07-31,0.0375428,0.033197314,0.0074676326,0.008459468,5.0267305
3010,2026-07-31,0.038139764,0.034424167,0.007588995,0.007802039,5.0250053
2379,2026-07-31,0.046781525,0.03897662,0.00941852,0.010843502,4.9664445
3031,2026-07-31,0.046088398,0.04663365,0.0092934435,0.010125512,4.958704
4722,2026-07-31,0.057139978,0.05034826,0.011537797,0.010695958,4.9519873
1216,2026-07-31,0.046013672,0.053086005,0.009305298,0.010425711,4.944358
8410,2026-07-31,0.033682287,0.027835555,0.0068295063,0.009161837,4.931155
6752,2026-07-31,0.035895456,0.031691376,0.007283424,0.010343917,4.9277
2330,2026-07-31,0.07506752,0.091286816,0.015287481,0.014310663,4.9100704
6903,2026-07-31,0.052131232,0.03889032,0.010626669,0.011287798,4.9052367
9904,2026-07-31,0.044228654,0.06345549,0.009037215,0.009147258,4.893516
2890,2026-07-31,0.054547444,0.07363322,0.011209202,0.011675187,4.8658752
1713,2026-07-31,0.030996274,0.016670417,0.006425998,0.005405563,4.822823
2884,2026-07-31,0.0628945,0.083434425,0.013041139,0.012717386,4.822407
6498,2026-07-31,0.059053812,0.043388445,0.0122589525,0.011712701,4.816806
7547,2026-07-31,0.03708542,0.020226901,0.007749156,0.008676169,4.7851195
2538,2026-07-31,0.03851988,0.029928032,0.00806853,0.010215973,4.7734976
6228,2026-07-31,0.045184866,0.018442003,0.00947391,0.010988631,4.7688966
2457,2026-07-31,0.0489328,0.032273594,0.010277852,0.010364551,4.760531
2442,2026-07-31,0.052540936,0.083016954,0.01106793,0.0114535615,4.746704
6873,2026-07-31,0.051322613,0.03728998,0.010849762,0.011602322,4.7298627
8024,2026-07-31,0.035460927,0.03507682,0.0074965726,0.0070948964,4.7296543
2355,2026-07-31,0.052182913,0.042789817,0.011106983,0.010538881,4.697785
4904,2026-07-31,0.06025482,0.05583149,0.012854989,0.011039337,4.686907
5230,2026-07-31,0.038070902,0.05060992,0.008196284,0.008476894,4.644331
2449,2026-07-31,0.046225905,0.035002295,0.00996394,0.0082356185,4.6388545
2891,2026-07-31,0.048095148,0.062655404,0.010407786,0.011123849,4.62063
1568,2026-07-31,0.054611754,0.05101185,0.011840472,0.008524663,4.6119056
3687,2026-07-31,0.0401239,0.023291599,0.008701747,0.0074488763,4.6104865
8436,2026-07-31,0.040761877,0.037027676,0.008903492,0.012327584,4.5776753
6144,2026-07-31,0.03931795,0.028114628,0.008628512,0.008215115,4.5562196
5347,2026-07-31,0.056082122,0.053383354,0.012442507,0.0109755965,4.5069385
7708,2026-07-31,0.085998744,0.05009567,0.019089863,0.0218909,4.504707
3444,2026-07-31,0.039840136,0.026169766,0.008861772,0.007533982,4.495223
4556,2026-07-31,0.053084746,0.01388152,0.011904237,0.013475579,4.4589405
8032,2026-07-31,0.03597037,0.039475203,0.008076745,0.010188058,4.453021
3430,2026-07-31,0.057131816,0.06436172,0.012842011,0.013423392,4.4484754
4736,2026-07-31,0.047304947,0.06064166,0.010661547,0.010989198,4.436552
6153,2026-07-31,0.0510095,0.03890658,0.01153542,0.01055936,4.4216056
3447,2026-07-31,0.037840623,0.03552213,0.008557728,0.009299267,4.421291
2937,2026-07-31,0.036035277,0.037779268,0.008215448,0.008858402,4.385749
2474,2026-07-31,0.036991216,0.011632631,0.00848846,0.011594111,4.3573103
6425,2026-07-31,0.051846232,0.04388188,0.0119388895,0.011438476,4.3422704
2748,2026-07-31,0.03438837,0.037979525,0.007919037,0.007306952,4.3419456
6584,2026-07-31,0.047064677,0.025552869,0.010856992,0.010965458,4.3345656
5432,2026-07-31,0.034469966,0.022871125,0.007967367,0.008543953,4.3258505
5403,2026-07-31,0.03747959,0.04722901,0.008668233,0.0070919576,4.323288
3466,2026-07-31,0.036552887,0.024108466,0.008468675,0.0065076365,4.3157363
1449,2026-07-31,0.040862884,0.04042931,0.009484768,0.009884679,4.30781
4542,2026-07-31,0.04896229,0.01788338,0.011373313,0.010674802,4.304637
4745,2026-07-31,0.03705287,0.026400097,0.00865483,0.008742078,4.2806835
8213,2026-07-31,0.032061372,0.02921114,0.007494603,0.0073364098,4.2773576
6176,2026-07-31,0.036863882,0.026028434,0.008617401,0.008909567,4.2773457
1264,2026-07-31,0.03620954,0.038848244,0.008472615,0.009374721,4.27321
2482,2026-07-31,0.036193553,0.013998356,0.008482998,0.0090285195,4.266096
6719,2026-07-31,0.04883353,0.015620776,0.011567141,0.010307894,4.2213807
6691,2026-07-31,0.041699514,0.038834233,0.009879394,0.008468783,4.22043
3702,2026-07-31,0.036134396,0.038608357,0.008640149,0.009158122,4.181666
1213,2026-07-31,0.033285227,0.04968891,0.007995845,0.0078648515,4.162295
3313,2026-07-31,0.029456394,0.011628886,0.007081904,0.0077001154,4.158802
6574,2026-07-31,0.05193799,0.04563697,0.012601007,0.007876011,4.121406
8433,2026-07-31,0.044173528,0.056331348,0.010781052,0.01267289,4.09695
3467,2026-07-31,0.04786809,0.041529346,0.011683954,0.013812855,4.096558
2038,2026-07-31,0.02833573,0.022112874,0.0069173086,0.008411693,4.09576
2064,2026-07-31,0.034913305,0.019123511,0.008528116,0.0095793465,4.0934258
5515,2026-07-31,0.032201342,0.053961948,0.007906421,0.011178697,4.0722938
3290,2026-07-31,0.044380903,0.022227172,0.010903301,0.010434735,4.0700364
1528,2026-07-31,0.035912838,0.031002756,0.008857455,0.0105241,4.0540743
6811,2026-07-31,0.03189388,0.012901864,0.007888345,0.010221158,4.042652
0050,2026-07-31,0.08502739,0.06820501,0.021141397,0.022062799,4.021653
6657,2026-07-31,0.032925114,0.021641683,0.008216143,0.009125132,4.006881
4119,2026-07-31,0.039247803,0.035473526,0.009845339,0.010644503,3.98603
3218,2026-07-31,0.040659435,0.042719673,0.010234904,0.012971409,3.9722369
1342,2026-07-31,0.043564565,0.018654179,0.010986073,0.0073265745,3.9650748
1295,2026-07-31,0.039658587,0.03416364,0.010065292,0.010073981,3.9397414
3596,2026-07-31,0.03772373,0.021931708,0.009593868,0.010708504,3.931657
2031,2026-07-31,0.03646693,0.022826253,0.00928268,0.010603556,3.9280682
6605,2026-07-31,0.02733042,0.04486822,0.006970199,0.011393742,3.9204767
2915,2026-07-31,0.050235953,0.074235395,0.012867594,0.0117465025,3.9037638
2497,2026-07-31,0.03203203,0.03552235,0.0082181115,0.010227649,3.897262
8016,2026-07-31,0.038482103,0.025211748,0.00987661,0.0079998905,3.8958921
6967,2026-07-31,0.056999333,0.05369715,0.014636793,0.0124881435,3.893984
2426,2026-07-31,0.042169794,0.020221433,0.01083512,0.00878854,3.8915951
6233,2026-07-31,0.041358266,0.04023036,0.010684496,0.009496489,3.870505
8107,2026-07-31,0.03290755,0.02657181,0.008510107,0.007770282,3.8664238
6732,2026-07-31,0.038637035,0.018787336,0.009999841,0.009651806,3.8633783
6689,2026-07-31,0.028426178,0.024654126,0.0073590823,0.008413643,3.8622093
3207,2026-07-31,0.040899858,0.030222459,0.010605796,0.008643654,3.8560047
5464,2026-07-31,0.070986256,0.029112406,0.018427331,0.021873383,3.8520176
4911,2026-07-31,0.045968182,0.04543735,0.011989455,0.008712433,3.8337312
6505,2026-07-31,0.03972916,0.026502272,0.010368368,0.0133543005,3.8313963
5291,2026-07-31,0.030831693,0.017556595,0.008056707,0.01047478,3.8263607
8446,2026-07-31,0.028589873,0.025863819,0.0074964347,0.009110937,3.8132875
2912,2026-07-31,0.03818444,0.028287774,0.010031603,0.010313389,3.806035
3537,2026-07-31,0.03404596,0.046916638,0.008974538,0.010041007,3.7931943
3284,2026-07-31,0.04845098,0.05517141,0.012772207,0.009994285,3.7931726
8416,2026-07-31,0.029474374,0.03125636,0.007787931,0.010974101,3.7841363
3708,2026-07-31,0.033002354,0.030498497,0.0087771835,0.00813539,3.759588
2476,2026-07-31,0.043017283,0.0440732,0.011444014,0.008492976,3.7586048
0052,2026-07-31,0.08314615,0.08921887,0.022131344,0.01789664,3.7567708
5521,2026-07-31,0.0308044,0.018278632,0.008229822,0.008803661,3.7425666
6225,2026-07-31,0.029670214,0.014096718,0.007950319,0.008329169,3.7314832
1605,2026-07-31,0.03686166,0.017739622,0.009887974,0.008621336,3.7275517
4958,2026-07-31,0.04498694,0.029708168,0.012084026,0.013222799,3.7225356
3211,2026-07-31,0.043842237,0.022939373,0.011837969,0.013548122,3.7032142
6245,2026-07-31,0.03620461,0.023779185,0.009835511,0.010613749,3.680635
6763,2026-07-31,0.025833718,0.012980422,0.0070356233,0.0058230157,3.6713233
2887,2026-07-31,0.0420921,0.061268605,0.011472617,0.008660423,3.668599
8081,2026-07-31,0.036766995,0.034590535,0.010053208,0.010381948,3.656876
4432,2026-07-31,0.034704126,0.030900769,0.009489614,0.011662851,3.656679
6419,2026-07-31,0.031270664,0.021042176,0.008558288,0.0091146035,3.6534188
1220,2026-07-31,0.031101486,0.043173216,0.008539265,0.008061586,3.641747
1441,2026-07-31,0.026702842,0.023566527,0.007335245,0.009742522,3.6398516
6257,2026-07-31,0.03706851,0.022245936,0.010201784,0.010872873,3.6331758
2458,2026-07-31,0.039942764,0.007906208,0.011010065,0.0073878914,3.6275115
8383,2026-07-31,0.033277255,-0.002625446,0.009187359,0.010115272,3.6216753
3494,2026-07-31,0.027227564,0.009750596,0.00755237,0.008241303,3.604691
6416,2026-07-31,0.038544312,0.015190978,0.010705143,0.0094458405,3.6002052
3276,2026-07-31,0.036369976,0.0263823,0.01014639,0.009487877,3.5841706
8437,2026-07-31,0.031784937,0.0123593975,0.008888742,0.00830478,3.575462
6205,2026-07-31,0.03590043,0.035763327,0.010071186,0.009356176,3.5643134
2745,2026-07-31,0.02437141,0.018071769,0.0068665324,0.008667491,3.548787
3095,2026-07-31,0.037427362,0.039483394,0.010560986,0.0106556825,3.5435913
4543,2026-07-31,0.03390843,0.04330113,0.009596061,0.010247173,3.5332098
8409,2026-07-31,0.03108709,0.04017016,0.008857463,0.010437585,3.5093098
2481,2026-07-31,0.03842357,0.027897228,0.010948211,0.01278314,3.5092547
8121,2026-07-31,0.03706727,0.03692745,0.010581448,0.011221719,3.5027125
2718,2026-07-31,0.028700972,0.017077018,0.008200359,0.010021689,3.4995387
6154,2026-07-31,0.02661263,0.036107183,0.00760693,0.010155844,3.498012
6909,2026-07-31,0.02963678,0.0395984,0.008473317,0.009188744,3.4972467
4584,2026-07-31,0.03338231,0.0263646,0.009569853,0.009132623,3.487914
7712,2026-07-31,0.038571753,0.050072752,0.011085991,0.013595853,3.47901
5292,2026-07-31,0.039672628,0.03443915,0.011427998,0.009944194,3.4712255
1570,2026-07-31,0.033051025,0.020026179,0.00952248,0.009139718,3.4704776
3021,2026-07-31,0.031964388,0.03809522,0.00921924,0.008867344,3.4667628
3026,2026-07-31,0.03818663,0.01304371,0.011014834,0.010309523,3.4665217
3002,2026-07-31,0.026343878,0.023036633,0.007626763,0.010160453,3.4536834
5529,2026-07-31,0.033544105,0.040111564,0.009762489,0.011638276,3.4356675
5450,2026-07-31,0.036988266,0.027616538,0.010858318,0.011055352,3.4061315
3322,2026-07-31,0.030208882,0.015286199,0.008894714,0.008378716,3.395892
5548,2026-07-31,0.03337492,0.034381513,0.009886575,0.009983132,3.3754404
2420,2026-07-31,0.026442556,0.0145302545,0.007833905,0.0077215596,3.3749683
2382,2026-07-31,0.03430865,0.025608456,0.010165357,0.008351138,3.374724
3588,2026-07-31,0.029501598,0.042366147,0.00875395,0.010820018,3.369705
3390,2026-07-31,0.036287427,0.03247305,0.010777793,0.008865012,3.3665576
4129,2026-07-31,0.033987213,0.022102088,0.010116463,0.010153582,3.3592625
2376,2026-07-31,0.037936494,0.031496204,0.011329803,0.009265314,3.3480852
3191,2026-07-31,0.04390761,0.05598339,0.013124712,0.0112027265,3.3451602
2002,2026-07-31,0.036627878,0.05388987,0.010983067,0.012005028,3.3346372
5201,2026-07-31,0.03312521,0.035617165,0.009938382,0.01094038,3.3327234
6585,2026-07-31,0.032718956,0.036904585,0.0098190205,0.010653604,3.3318622
2609,2026-07-31,0.038471118,0.051403023,0.0116006825,0.014599811,3.3159947
6271,2026-07-31,0.057334445,0.06187331,0.017317146,0.015533751,3.3106573
4951,2026-07-31,0.030874614,0.035069857,0.009369114,0.009295613,3.2950091
6613,2026-07-31,0.043856137,0.035339534,0.013348635,0.011967588,3.2851934
3014,2026-07-31,0.029646186,0.026850795,0.009029881,0.011399095,3.2827568
3711,2026-07-31,0.032545436,0.03432583,0.009930022,0.010713907,3.2771487
3338,2026-07-31,0.027520955,0.021222198,0.008406627,0.009816859,3.2733319
3006,2026-07-31,0.0398291,0.021463983,0.012192248,0.012497149,3.266488
8940,2026-07-31,0.025994511,0.0063599953,0.007972187,0.010171219,3.2602408
2706,2026-07-31,0.02558192,0.026985982,0.00784979,0.0110627785,3.2585154
2755,2026-07-31,0.021008762,0.019816015,0.0064587845,0.009101807,3.252239
8996,2026-07-31,0.037103526,0.025997091,0.0114263985,0.0123591125,3.2468917
5228,2026-07-31,0.034112297,0.04508747,0.01056211,0.011190618,3.2293801
6703,2026-07-31,0.036245063,0.055501375,0.011248392,0.01338581,3.2219574
2478,2026-07-31,0.045437302,0.040956162,0.014122611,0.01414141,3.2171166
6661,2026-07-31,0.02817301,0.034540806,0.008785132,0.008280535,3.2065315
7713,2026-07-31,0.023569819,0.02660459,0.0073581724,0.009137118,3.2027812
5202,2026-07-31,0.036692794,0.033609178,0.011469949,0.011754589,3.1987584
3168,2026-07-31,0.02194459,0.014724231,0.0068808505,0.007703749,3.1887631
6239,2026-07-31,0.03645901,0.026589267,0.011457518,0.01244515,3.1818259
8358,2026-07-31,0.04122023,0.039745435,0.012980815,0.013487336,3.1752284
2393,2026-07-31,0.025025418,0.014654233,0.007896042,0.008061763,3.1689608
6414,2026-07-31,0.03864936,0.013901819,0.012218795,0.010388054,3.1628487
6166,2026-07-31,0.0408456,0.012419676,0.013018839,0.013060338,3.1371815
8099,2026-07-31,0.02922848,0.027596297,0.00934257,0.011482228,3.128192
3131,2026-07-31,0.037987594,0.035187323,0.012148469,0.008892781,3.1266875
8048,2026-07-31,0.029883763,0.035463262,0.009586713,0.0104633495,3.1168811
6674,2026-07-31,0.027156869,0.021032881,0.0087189,0.0089289015,3.1143553
6693,2026-07-31,0.039202835,0.039644144,0.012626827,0.014424803,3.10448
1324,2026-07-31,0.036177825,0.028023625,0.011656583,0.010753668,3.1033726
6117,2026-07-31,0.02048468,-0.003248818,0.0066217505,0.007252146,3.0930777
5457,2026-07-31,0.03573649,0.027401285,0.011561563,0.010349944,3.0907066
8489,2026-07-31,0.032414988,0.027698236,0.010496516,0.008890557,3.0878723
2329,2026-07-31,0.031834964,0.022822253,0.010315228,0.00989221,3.085911
3611,2026-07-31,0.02955952,0.03137339,0.009595583,0.010495778,3.0802128
6161,2026-07-31,0.027651215,0.03322998,0.009009007,0.010366865,3.0689447
4949,2026-07-31,0.03141991,0.034281395,0.010279808,0.010391178,3.0561712
2610,2026-07-31,0.04047943,0.05849882,0.013251009,0.0132708065,3.0545878
3652,2026-07-31,0.034410343,0.03290365,0.011303779,0.008613944,3.0438757
2352,2026-07-31,0.028253227,0.017161766,0.009324082,0.012574584,3.02981
6683,2026-07-31,0.031977646,0.020479556,0.010623125,0.011958942,3.0099084
6803,2026-07-31,0.02713257,0.035412867,0.009021296,0.010756161,3.0072799
1707,2026-07-31,0.029623548,0.01314081,0.009867358,0.010253972,3.0018718
4766,2026-07-31,0.027056592,0.017494665,0.009013678,0.009657582,3.0013928
6270,2026-07-31,0.02677908,0.03105619,0.008935372,0.0106487125,2.9966388
2615,2026-07-31,0.02999916,0.040415406,0.01001322,0.011941794,2.995656
6435,2026-07-31,0.049716093,0.04702711,0.016779369,0.012481787,2.9627533
8403,2026-07-31,0.020939918,0.0097481515,0.0070911325,0.0093617905,2.9525561
3036,2026-07-31,0.035055216,0.030583235,0.01191274,0.0101858135,2.942419
2070,2026-07-31,0.033234134,0.028149923,0.011301366,0.010524419,2.9404583
5546,2026-07-31,0.028752724,0.021967355,0.009807064,0.0085420525,2.931539
6121,2026-07-31,0.027115723,0.016528191,0.009252071,0.00940085,2.9304564
8929,2026-07-31,0.027801955,0.017917788,0.009497742,0.008789597,2.926909
2492,2026-07-31,0.048013378,0.029701598,0.016441043,0.014860098,2.9201589
3024,2026-07-31,0.02044425,0.00536608,0.0070032272,0.008191309,2.9188445
2515,2026-07-31,0.028501717,0.038671687,0.009814399,0.010258821,2.9037755
9955,2026-07-31,0.019886082,0.012252136,0.0068585835,0.006691108,2.8990219
9944,2026-07-31,0.02528184,0.042595696,0.008720123,0.01256589,2.89892
1233,2026-07-31,0.028940996,0.04666938,0.009985311,0.009777849,2.8980668
2009,2026-07-31,0.021968728,0.010880854,0.007581169,0.0086245425,2.8974202
3567,2026-07-31,0.031337205,0.02745416,0.010848183,0.010355301,2.8884392
6210,2026-07-31,0.026800968,0.017095895,0.009287934,0.008513747,2.8852577
1595,2026-07-31,0.03336765,0.04682776,0.011600258,0.012876107,2.8762095
1474,2026-07-31,0.028252693,0.042408362,0.009829152,0.009187487,2.874085
2637,2026-07-31,0.027599296,0.020487042,0.009607289,0.009375824,2.8724463
4414,2026-07-31,0.025590291,0.026819965,0.00890816,0.009530615,2.8723574
5475,2026-07-31,0.01926804,0.016890043,0.0067306343,0.0063660867,2.8623123
6155,2026-07-31,0.030958842,0.039386105,0.010821414,0.011312074,2.8606226
9938,2026-07-31,0.01958373,0.017286517,0.0068647387,0.0077421344,2.852385
2501,2026-07-31,0.024560055,0.041485477,0.008610359,0.008974845,2.8520532
3413,2026-07-31,0.0305868,0.016939752,0.010724921,0.010602808,2.8516712
4961,2026-07-31,0.024393098,0.009819613,0.008559615,0.011380855,2.849456
3231,2026-07-31,0.040321305,0.039148707,0.014248979,0.010923668,2.8295693
8054,2026-07-31,0.02624275,0.012009955,0.009286273,0.008883064,2.8256679
6988,2026-07-31,0.033737432,0.021180505,0.011969531,0.0099479975,2.818374
3628,2026-07-31,0.021508647,0.025458025,0.0076685096,0.008684934,2.804436
9931,2026-07-31,0.028441343,0.04090506,0.010151936,0.01148117,2.8012924
4533,2026-07-31,0.028845986,0.015527354,0.010313967,0.008268448,2.7965174
4109,2026-07-31,0.020278443,0.017325707,0.0072810417,0.010073829,2.7847195
6412,2026-07-31,0.020563733,-0.0043346803,0.007388426,0.010164084,2.7828593
2472,2026-07-31,0.035790626,0.023599526,0.012877101,0.013408322,2.779185
2605,2026-07-31,0.029410502,0.026218897,0.010589475,0.008602317,2.777071
6531,2026-07-31,0.035182953,0.02915982,0.012682086,0.0148148425,2.7740057
3710,2026-07-31,0.024013905,0.014250508,0.008658343,0.006954214,2.7731786
6101,2026-07-31,0.028736627,0.007790456,0.010366515,0.009487816,2.7717948
3044,2026-07-31,0.027854959,0.035017435,0.010101156,0.009086533,2.757328
3265,2026-07-31,0.03363922,-0.0024460661,0.012214691,0.013100235,2.753771
6821,2026-07-31,0.03532592,0.03441702,0.012957063,0.013046182,2.7261727
2542,2026-07-31,0.021897262,0.044943746,0.0080516115,0.010187307,2.7192745
4714,2026-07-31,0.02334377,0.016130192,0.008699957,0.008110961,2.6828966
1777,2026-07-31,0.028963353,0.06045592,0.010813292,0.013433682,2.6782477
2360,2026-07-31,0.027937273,0.030548025,0.010435387,0.010583471,2.6769104
5512,2026-07-31,0.024130916,0.02705094,0.009017498,0.0099398,2.6757133
1773,2026-07-31,0.018272014,0.004012667,0.0068330406,0.008492419,2.6736767
9943,2026-07-31,0.020517472,0.022253117,0.007674282,0.010077645,2.6731882
2596,2026-07-31,0.030485693,0.03380316,0.011435899,0.010687922,2.6655557
2608,2026-07-31,0.023923656,0.030941518,0.008986656,0.009761005,2.661835
2867,2026-07-31,0.028703725,0.043279417,0.010877539,0.013081839,2.638564
4933,2026-07-31,0.023729531,0.03210969,0.00899729,0.0093621025,2.6371155
8240,2026-07-31,0.029046472,0.030999422,0.01110623,0.012173385,2.6150959
9941,2026-07-31,0.019837352,0.036597148,0.007590171,0.009102846,2.6132138
3017,2026-07-31,0.032185577,0.041184306,0.0123327235,0.012959556,2.6095588
4102,2026-07-31,0.020710757,0.017583437,0.0079485895,0.00821238,2.605261
1584,2026-07-31,0.025671417,0.0073568793,0.009895803,0.008149576,2.59391
4513,2026-07-31,0.029632645,-0.012764754,0.011481689,0.011108889,2.5806363
3592,2026-07-31,0.023558967,0.017217727,0.009137467,0.0075114253,2.5779998
8040,2026-07-31,0.023825424,0.025030361,0.009268645,0.010948087,2.5702627
6527,2026-07-31,0.02467201,0.031105634,0.0096133165,0.008849546,2.566174
6593,2026-07-31,0.022663383,0.017367236,0.008871317,0.009097792,2.5543928
2929,2026-07-31,0.02940133,0.026873572,0.011544333,0.008149078,2.5465987
2642,2026-07-31,0.019209504,0.014649542,0.0075617163,0.008205269,2.5400271
6526,2026-07-31,0.02104147,-0.0014564741,0.008318963,0.008789881,2.529034
4568,2026-07-31,0.026624775,0.029290495,0.010536032,0.010225931,2.5267813
1593,2026-07-31,0.017874463,0.028077241,0.007076074,0.008734681,2.5256855
2345,2026-07-31,0.027166506,0.036444988,0.0107624335,0.0129088005,2.5239627
1532,2026-07-31,0.019805117,0.001559008,0.007851595,0.008926243,2.522111
1788,2026-07-31,0.019257903,0.037371777,0.007638477,0.012330803,2.5208406
3615,2026-07-31,0.038975976,0.05016129,0.015471891,0.014675151,2.5189848
9905,2026-07-31,0.028518522,0.0548129,0.011348837,0.0115400795,2.5126812
1809,2026-07-31,0.025549956,0.02923807,0.01023222,0.009278816,2.4967659
2357,2026-07-31,0.0258008,0.041781977,0.0103643425,0.008765677,2.489141
7714,2026-07-31,0.028430602,-0.00293632,0.011438185,0.012495577,2.4853694
8390,2026-07-31,0.015970359,0.0097466605,0.0064353216,0.0063676634,2.4812868
2756,2026-07-31,0.020690791,0.016091557,0.008381723,0.008577963,2.468266
5016,2026-07-31,0.023808798,0.021901151,0.009691639,0.008446128,2.4563792
1737,2026-07-31,0.020190192,0.03793819,0.008267085,0.008214435,2.441943
6242,2026-07-31,0.020046705,0.014106791,0.00824146,0.01052435,2.4321265
3512,2026-07-31,0.02304994,0.055794798,0.009480284,0.008987276,2.431099
6996,2026-07-31,0.02796374,0.02774045,0.011550118,0.012423937,2.4208686
6175,2026-07-31,0.031485043,0.029653808,0.013025042,0.011052403,2.4170845
3432,2026-07-31,0.020705637,0.028030498,0.008609937,0.012208454,2.4045742
2514,2026-07-31,0.021274352,0.032850865,0.00886461,0.0091639655,2.399649
6579,2026-07-31,0.022574842,0.0011301247,0.009425283,0.008273661,2.3948824
1718,2026-07-31,0.028710643,0.005932933,0.012031394,0.011734569,2.3861122
3285,2026-07-31,0.031237634,0.045279928,0.013233191,0.009506996,2.3603735
3530,2026-07-31,0.021039316,0.018938418,0.008918373,0.010641949,2.3588336
4555,2026-07-31,0.02689265,0.016137602,0.011400426,0.00939371,2.3587093
4960,2026-07-31,0.021503119,0.010924201,0.009119895,0.0074205166,2.3575666
3040,2026-07-31,0.023150994,0.013676898,0.009849551,0.007957223,2.350223
1471,2026-07-31,0.015996603,0.025521886,0.006818461,0.009444758,2.3457284
3354,2026-07-31,0.02171595,0.02270856,0.009274963,0.009654518,2.341099
1907,2026-07-31,0.026112925,0.051970437,0.011169014,0.011952006,2.3377702
8096,2026-07-31,0.036911827,0.011376198,0.015806831,0.014992418,2.3350341
9958,2026-07-31,0.019405166,0.011504005,0.008361924,0.009068893,2.3203802
4915,2026-07-31,0.025226295,0.016758088,0.010917465,0.010250173,2.310425
2468,2026-07-31,0.020199906,0.0045588096,0.008743778,0.007953315,2.3099391
3550,2026-07-31,0.021623101,0.027714303,0.009369329,0.013715865,2.3076138
5609,2026-07-31,0.014178995,0.029854845,0.0061599673,0.012103022,2.3014235
4105,2026-07-31,0.01799184,0.0074588764,0.007865143,0.008666,2.2872505
3552,2026-07-31,0.017074687,0.015672507,0.007473562,0.008298565,2.284373
2613,2026-07-31,0.017019212,0.005427147,0.007449871,0.008380629,2.2841911
6141,2026-07-31,0.021761011,-0.008048793,0.009528513,0.0077739297,2.2835386
6441,2026-07-31,0.020732628,0.005341817,0.009079405,0.009769785,2.2832272
3373,2026-07-31,0.01817528,0.0072802994,0.0079625035,0.007681168,2.282322
8299,2026-07-31,0.02039572,0.021660503,0.0089385975,0.011307313,2.2815032
3227,2026-07-31,0.028524477,0.03053262,0.012550505,0.013882679,2.2725942
3665,2026-07-31,0.018667242,0.024135258,0.0082362285,0.008086801,2.266204
9918,2026-07-31,0.0203715,0.029109454,0.009017826,0.010944048,2.258775
1310,2026-07-31,0.032302532,-0.0042169783,0.014318346,0.013062121,2.2558665
5534,2026-07-31,0.01800624,0.01655299,0.0080856215,0.008175155,2.22667
6515,2026-07-31,0.022479601,0.021917501,0.010104826,0.011437054,2.22442
8930,2026-07-31,0.018292198,0.029872803,0.008247177,0.009933617,2.217726
2707,2026-07-31,0.024627885,0.037638824,0.011123648,0.008627731,2.2138126
8064,2026-07-31,0.030498981,0.030275242,0.013777293,0.01649289,2.213553
6906,2026-07-31,0.023236342,0.024129327,0.01050689,0.010448263,2.2113233
4123,2026-07-31,0.019804792,0.021396877,0.008969159,0.0075835716,2.207853
6449,2026-07-31,0.032759525,0.032320432,0.014921497,0.013178486,2.1953113
5481,2026-07-31,0.023425004,0.0128637375,0.010689881,0.010067257,2.1911201
8467,2026-07-31,0.019805873,0.004017187,0.009042946,0.009671154,2.1899593
3232,2026-07-31,0.017247537,0.0069022435,0.007880384,0.009744603,2.1883893
6625,2026-07-31,0.013898929,0.022146484,0.006352089,0.007725268,2.1877434
8928,2026-07-31,0.023434782,0.043287754,0.010711134,0.010784947,2.1876855
4741,2026-07-31,0.027682563,0.043757297,0.012667204,0.013006157,2.1852002
7718,2026-07-31,0.021760266,0.035495702,0.00999811,0.00997607,2.1762202
8114,2026-07-31,0.02811809,0.0010643097,0.012922237,0.012988984,2.1757777
3013,2026-07-31,0.021719418,0.015741998,0.009991472,0.007841361,2.173578
4164,2026-07-31,0.01764636,0.0035948767,0.008162336,0.0068803797,2.1616602
1733,2026-07-31,0.02346741,0.037613615,0.0108645735,0.011096687,2.1597948
2337,2026-07-31,0.025261723,0.017228527,0.011751089,0.008658275,2.1495516
8074,2026-07-31,0.023782717,0.028071852,0.011078327,0.009475998,2.146585
1903,2026-07-31,0.021433031,0.012514801,0.010023532,0.009426863,2.138058
4106,2026-07-31,0.022570772,0.02925735,0.010559361,0.00964843,2.1373105
4175,2026-07-31,0.01950642,0.0262852,0.009263056,0.006917509,2.1056023
1210,2026-07-31,0.017608339,0.025446717,0.008361907,0.008776894,2.1055286
4188,2026-07-31,0.018125935,0.008439067,0.008683471,0.008776722,2.087166
8068,2026-07-31,0.016432514,0.014563157,0.007881216,0.0071652536,2.0847583
8103,2026-07-31,0.01847331,0.023039972,0.008902178,0.008695914,2.0749118
6269,2026-07-31,0.019227896,0.010119621,0.009308006,0.011097037,2.0655155
4111,2026-07-31,0.019537179,0.026188465,0.0095116105,0.010014819,2.0538187
2454,2026-07-31,0.028121825,0.041949067,0.013777659,0.01238026,2.0409696
5258,2026-07-31,0.016209925,0.03551674,0.007992102,0.0093169445,2.0279891
1541,2026-07-31,0.019222733,0.030999104,0.009486168,0.008880597,2.0261824
8272,2026-07-31,0.026125856,0.034553837,0.012938652,0.016513277,2.019054
9951,2026-07-31,0.015972955,0.029730251,0.007915082,0.01032043,2.0177853
6203,2026-07-31,0.023072649,0.027061228,0.011468858,0.011095814,2.0115895
5301,2026-07-31,0.023703214,0.017239211,0.011791466,0.007652719,2.0100303
8423,2026-07-31,0.0145561835,0.013318215,0.0072991047,0.008694502,1.9939692
6751,2026-07-31,0.01571077,0.006998406,0.007890903,0.00956516,1.9907452
0056,2026-07-31,0.027201803,0.03850944,0.013679455,0.007607977,1.9883697
6275,2026-07-31,0.014778901,0.012085711,0.007447291,0.008552499,1.9842002
4755,2026-07-31,0.015213723,0.006055565,0.0076760314,0.009601653,1.9817196
6279,2026-07-31,0.015160787,0.025358863,0.0076668044,0.007982836,1.9772006
6234,2026-07-31,0.022629892,0.030852381,0.011462224,0.01249265,1.9741298
2104,2026-07-31,0.016560934,0.004042664,0.00840208,0.006697147,1.9708171
6629,2026-07-31,0.032665398,-0.00030335027,0.016574442,0.014287689,1.9707104
1402,2026-07-31,0.018299472,0.02652436,0.009289658,0.009372915,1.9696637
2617,2026-07-31,0.020401955,0.026116928,0.010398533,0.009174605,1.9618144
8038,2026-07-31,0.019721873,0.0061678137,0.010067888,0.00963724,1.9586943
3686,2026-07-31,0.017073553,0.015581686,0.008716971,0.0069406684,1.958432
6465,2026-07-31,0.019398758,0.02262039,0.009905603,0.008813253,1.9581645
3057,2026-07-31,0.021135319,0.02771475,0.010805933,0.009749576,1.9557185
6405,2026-07-31,0.02655545,0.031601347,0.013604169,0.0110938605,1.9518648
4529,2026-07-31,0.021222508,0.031257473,0.010916913,0.010412873,1.9438245
5488,2026-07-31,0.016069597,0.0061371634,0.00832743,0.0098882,1.9294869
2313,2026-07-31,0.016416397,0.0012963882,0.00853678,0.009244958,1.9227945
4763,2026-07-31,0.019933157,0.030128745,0.01041905,0.009157864,1.9129616
5533,2026-07-31,0.02067792,0.058775436,0.010861606,0.009213392,1.9035873
2028,2026-07-31,0.014013813,0.0188178,0.0073988717,0.0076644123,1.8937914
8261,2026-07-31,0.02993571,0.00500838,0.015963137,0.018264998,1.8751849
2063,2026-07-31,0.01697939,0.018514846,0.009057966,0.010439556,1.8743188
1590,2026-07-31,0.017700013,0.0119187115,0.009459585,0.010086251,1.8709216
6118,2026-07-31,0.01746309,0.012569314,0.009429479,0.008115207,1.8517712
2368,2026-07-31,0.016333455,0.010360235,0.008829714,0.010779648,1.8496189
6123,2026-07-31,0.01820537,0.0421492,0.009842172,0.009299476,1.849543
3118,2026-07-31,0.018579444,0.033809293,0.010061608,0.011947648,1.8463845
1730,2026-07-31,0.018247958,0.036318123,0.0098892525,0.008612114,1.8450447
2024,2026-07-31,0.013751746,0.02442994,0.0074540377,0.010095533,1.8446246
4999,2026-07-31,0.016783161,0.0027562054,0.009172329,0.007042412,1.8295606
5701,2026-07-31,0.011693968,0.01671686,0.00645323,0.007140558,1.8118302
6728,2026-07-31,0.01723929,0.028100777,0.00953051,0.010382155,1.808663
3357,2026-07-31,0.0198445,0.021812886,0.010994535,0.010753157,1.804778
1515,2026-07-31,0.035320412,0.031341475,0.019633016,0.01872017,1.7989398
2301,2026-07-31,0.016691824,0.018859,0.009292747,0.008559697,1.7960274
8473,2026-07-31,0.015216672,0.0065203668,0.008476149,0.008596852,1.7950222
2367,2026-07-31,0.028387452,0.01510736,0.015834164,0.013543637,1.7926844
5525,2026-07-31,0.014983694,0.049642224,0.008377631,0.009585824,1.7883223
2032,2026-07-31,0.02018355,0.020447748,0.011346291,0.010240211,1.7787108
5603,2026-07-31,0.018870296,0.009080407,0.010668135,0.008968775,1.7686809
3003,2026-07-31,0.018951457,0.007634566,0.010720439,0.008800732,1.7676225
1537,2026-07-31,0.016246166,0.028977716,0.009246716,0.0072153136,1.756776
0061,2026-07-31,0.037672862,0.06120736,0.021545416,0.016836885,1.7484515
8932,2026-07-31,0.018306706,0.002552275,0.010541949,0.011881756,1.7363932
6542,2026-07-31,0.019322181,0.039791618,0.011188956,0.01294774,1.7267432
3025,2026-07-31,0.015131614,0.03072923,0.008774791,0.006933017,1.7242451
6951,2026-07-31,0.013328864,0.02746061,0.0077655446,0.011520626,1.7161899
9908,2026-07-31,0.016298862,0.031896055,0.0094973035,0.007950699,1.7159761
6163,2026-07-31,0.02255042,0.015497232,0.013148046,0.011828446,1.7149853
8499,2026-07-31,0.020327894,-0.000787922,0.0118734315,0.011739671,1.7119045
2363,2026-07-31,0.019225178,0.021909812,0.011248738,0.011959117,1.7089446
2855,2026-07-31,0.015637688,0.020883953,0.009152963,0.012329843,1.7082971
2543,2026-07-31,0.011566528,9.484589e-05,0.006773873,0.007859279,1.7072686
5410,2026-07-31,0.014482022,0.019921357,0.008497321,0.010558939,1.7041038
1416,2026-07-31,0.015832676,0.016011303,0.009364269,0.008648901,1.6905735
2342,2026-07-31,0.026875803,0.026155658,0.015938817,0.015590387,1.6860799
5351,2026-07-31,0.021205954,0.01581166,0.012614671,0.014192315,1.6809216
1906,2026-07-31,0.020062827,0.039776865,0.011942516,0.011012688,1.679809
2812,2026-07-31,0.018556543,0.035413455,0.011068697,0.013435546,1.676337
8034,2026-07-31,0.016046401,0.0021434326,0.009575516,0.009109833,1.675599
9924,2026-07-31,0.011116133,0.0014852278,0.0066454555,0.010608192,1.6724905
4558,2026-07-31,0.01421846,0.0029061956,0.0085212495,0.007005614,1.6683928
3312,2026-07-31,0.016122539,0.014623856,0.009673885,0.010797658,1.666432
3605,2026-07-31,0.018733671,0.003811682,0.011257692,0.012138496,1.6639296
6125,2026-07-31,0.03329311,0.008485436,0.020110786,0.0178645,1.6554029
1776,2026-07-31,0.019983817,0.016848318,0.012123582,0.011704002,1.6482066
6669,2026-07-31,0.014041102,0.012479957,0.008528466,0.008886097,1.6461875
3188,2026-07-31,0.013505044,0.02307054,0.008210233,0.008231935,1.6447035
2354,2026-07-31,0.017127449,0.014562663,0.0104292305,0.010120024,1.6420968
3317,2026-07-31,0.018905748,0.013005611,0.011558078,0.011580594,1.6355757
6667,2026-07-31,0.016448284,0.012486712,0.01006665,0.012074015,1.6337758
3114,2026-07-31,0.022308083,0.04451685,0.013678335,0.0112866815,1.6307871
8111,2026-07-31,0.02117976,0.01029205,0.012990804,0.012211538,1.63024
2926,2026-07-31,0.017703,0.0068165762,0.010860917,0.010664494,1.6298227
6156,2026-07-31,0.016279038,0.01775569,0.010076852,0.009262183,1.6153282
4702,2026-07-31,0.018927397,0.02886078,0.011727179,0.013988284,1.6138393
2353,2026-07-31,0.01694193,0.0046279053,0.010529089,0.009953079,1.6089065
6485,2026-07-31,0.015217895,0.014956942,0.009463685,0.010527164,1.6078607
3532,2026-07-31,0.024807682,-0.020258904,0.01543362,0.014391504,1.6072752
6217,2026-07-31,0.018964589,0.008812158,0.01194276,0.014180488,1.587824
6680,2026-07-31,0.015827654,0.011413285,0.010106287,0.010958625,1.5659646
6442,2026-07-31,0.015535424,0.013563907,0.009930248,0.0093050515,1.5642972
3541,2026-07-31,0.012828523,-0.0055117845,0.008231419,0.01100829,1.5582932
3498,2026-07-31,0.023203174,-0.012049544,0.014922272,0.014341874,1.5548315
5607,2026-07-31,0.01306207,0.0068205306,0.008414756,0.0062338337,1.5520971
2439,2026-07-31,0.012098589,-0.011020793,0.007794155,0.00766441,1.5520653
6658,2026-07-31,0.016118834,0.013318618,0.010457734,0.011169909,1.5411841
4588,2026-07-31,0.015319421,0.01738126,0.010014984,0.011800338,1.5294974
4927,2026-07-31,0.015604572,0.005517972,0.010221026,0.009798713,1.5265635
8028,2026-07-31,0.017343652,-0.031880453,0.011384832,0.012736987,1.5232661
3130,2026-07-31,0.011896351,0.0109653175,0.007811295,0.008920512,1.522773
1219,2026-07-31,0.013114904,-0.0006966708,0.008700997,0.008826047,1.5071143
7743,2026-07-31,0.014065691,0.026944958,0.009366144,0.010700829,1.5015986
6617,2026-07-31,0.016841583,-0.0013873172,0.011215238,0.009157483,1.5015358
5434,2026-07-31,0.018429132,0.00058762846,0.012274525,0.0095604295,1.5012907
6785,2026-07-31,0.013954745,-0.0027125902,0.009298598,0.009976973,1.500575
2897,2026-07-31,0.019936522,0.04352819,0.013315489,0.012435978,1.4971305
5212,2026-07-31,0.014077374,0.01956567,0.009404747,0.00949437,1.4966779
2383,2026-07-31,0.01162929,0.019259404,0.007830537,0.011615141,1.4849308
8440,2026-07-31,0.014000301,0.010945972,0.009438182,0.009385036,1.4832112
1326,2026-07-31,0.013851213,0.0012921408,0.009337936,0.0070614805,1.4831682
4534,2026-07-31,0.013378067,-0.00073987327,0.009023212,0.0138372015,1.4824637
3675,2026-07-31,0.01854578,0.025591306,0.0125493305,0.01149127,1.4777125
2633,2026-07-31,0.015422157,0.041589484,0.010476275,0.009778253,1.4719626
5483,2026-07-31,0.020266494,-0.0057450174,0.013831429,0.011667902,1.4651434
6168,2026-07-31,0.016920265,0.019719282,0.0115737915,0.012488252,1.4618202
8210,2026-07-31,0.014711068,0.015280779,0.010074617,0.011459937,1.4600661
7765,2026-07-31,0.016150784,0.017849421,0.011066885,0.010132031,1.4592475
8432,2026-07-31,0.010860424,0.018806474,0.0075495136,0.007021889,1.4383689
2536,2026-07-31,0.012801942,0.022048868,0.008907639,0.009584257,1.4370255
6690,2026-07-31,0.011461037,0.017680926,0.007974687,0.008496828,1.4369968
3526,2026-07-31,0.013623017,0.010267078,0.009493863,0.01128259,1.4347775
3264,2026-07-31,0.02043691,-0.0062013627,0.014265486,0.012493463,1.4325119
3533,2026-07-31,0.013866713,0.010476111,0.00968161,0.0087904325,1.4321254
3679,2026-07-31,0.013636789,0.02064722,0.009584609,0.009026363,1.4226314
4171,2026-07-31,0.0116038835,0.006285959,0.008207997,0.0100702355,1.4135567
1504,2026-07-31,0.015033033,0.01351969,0.01074407,0.010595871,1.3990632
3035,2026-07-31,0.016897898,-0.020267734,0.012194419,0.013573816,1.3855939
1785,2026-07-31,0.015552202,0.016803509,0.011228254,0.01311751,1.384972
1304,2026-07-31,0.012811929,-0.012603609,0.009277297,0.013467216,1.3808491
6953,2026-07-31,0.011193125,-0.0014960793,0.008136797,0.0063972888,1.375449
4754,2026-07-31,0.011981817,0.015725018,0.008712603,0.0059398147,1.3750703
1103,2026-07-31,0.011932928,0.026952894,0.008680908,0.011486017,1.3744591
1732,2026-07-31,0.014481068,0.013751377,0.010590199,0.008338715,1.3672736
6506,2026-07-31,0.011963012,0.0170672,0.008818965,0.010149755,1.3563558
2616,2026-07-31,0.011291591,0.00041353944,0.008333218,0.007656934,1.3548471
6894,2026-07-31,0.014100048,0.02470837,0.010418799,0.014329761,1.3531977
3073,2026-07-31,0.012505694,0.029036641,0.0092565995,0.010307952,1.3508571
6456,2026-07-31,0.0118267,-0.007371375,0.008777781,0.0076041874,1.3471915
4923,2026-07-31,0.01313946,0.01927965,0.009812871,0.008897608,1.3388662
6615,2026-07-31,0.013025234,0.018805882,0.009749657,0.008967667,1.3358315
4760,2026-07-31,0.014838388,0.013446208,0.011156099,0.010003505,1.3299503
6212,2026-07-31,0.009560704,0.033845443,0.007208396,0.009271645,1.3261449
3483,2026-07-31,0.012508513,0.002730945,0.009480438,0.0086443005,1.3192632
8341,2026-07-31,0.011069494,0.026384372,0.008454594,0.008936125,1.3091327
6417,2026-07-31,0.011364034,0.0045766323,0.008705108,0.009726421,1.3052944
3028,2026-07-31,0.011314873,0.010466065,0.008746157,0.00724061,1.2935485
4536,2026-07-31,0.01283434,0.033758897,0.009921767,0.011481174,1.2934235
4720,2026-07-31,0.01299553,0.011376081,0.010046569,0.010588405,1.2934004
7709,2026-07-31,0.01148933,0.03333471,0.008950518,0.008952499,1.2835062
4557,2026-07-31,0.016554432,0.024852352,0.012916829,0.0116224075,1.2815181
8042,2026-07-31,0.0168189,0.0013991282,0.013145114,0.015629822,1.2793818
2734,2026-07-31,0.013978223,0.004663796,0.010942595,0.0104197785,1.2772971
6139,2026-07-31,0.014907249,0.011569201,0.011677986,0.010605658,1.2764164
6957,2026-07-31,0.011587793,0.009988992,0.009112798,0.00908422,1.271456
3162,2026-07-31,0.0093544535,0.005598582,0.0073914398,0.006336649,1.2654082
6577,2026-07-31,0.015892403,0.010593989,0.0125866635,0.013636102,1.262538
4413,2026-07-31,0.010048977,-0.0028510846,0.00799359,0.010014844,1.2569721
3252,2026-07-31,0.009039304,-0.0049465466,0.0072052293,0.009101893,1.2543737
2908,2026-07-31,0.014751305,0.049268115,0.0117701255,0.010414899,1.253177
1294,2026-07-31,0.012978112,0.012188901,0.010465561,0.011176714,1.2399595
3086,2026-07-31,0.012549419,0.012011584,0.010141364,0.00943431,1.2373267
2105,2026-07-31,0.011489232,0.018767241,0.009289264,0.008628737,1.236696
6191,2026-07-31,0.011270309,-0.005687689,0.009120066,0.010832438,1.235635
6148,2026-07-31,0.011411567,0.0068247314,0.009288542,0.010792786,1.2284316
3016,2026-07-31,0.018025843,0.012798933,0.014758558,0.015037484,1.2212996
2752,2026-07-31,0.013004643,0.013658532,0.010678556,0.012546659,1.2177138
1817,2026-07-31,0.0096822595,0.029637197,0.007950772,0.008867295,1.2176229
4953,2026-07-31,0.008946596,0.013788159,0.007416222,0.008053856,1.2061924
6278,2026-07-31,0.016327713,0.0063784844,0.013562506,0.017362636,1.2037973
3455,2026-07-31,0.013908527,0.015153148,0.011595896,0.010481279,1.1993318
1316,2026-07-31,0.011934507,0.012258767,0.010004189,0.007203263,1.1928318
2889,2026-07-31,0.010097068,0.016630303,0.008466683,0.011142593,1.1924238
5302,2026-07-31,0.010671864,0.017224245,0.008956403,0.012243433,1.1914016
3684,2026-07-31,0.014248254,0.009272619,0.012028364,0.011624797,1.184456
1339,2026-07-31,0.011162469,0.027815765,0.009431883,0.014251027,1.1833571
1521,2026-07-31,0.01034804,0.016825855,0.008776139,0.010196679,1.1789764
2509,2026-07-31,0.009713189,0.011203685,0.0082747005,0.008131411,1.1736999
1711,2026-07-31,0.01283744,0.0067303716,0.010951144,0.010336782,1.1721394
4554,2026-07-31,0.009525018,0.014951084,0.008155729,0.009401997,1.1677498
1565,2026-07-31,0.010788632,0.010143345,0.009253058,0.0078060236,1.1658272
6654,2026-07-31,0.013755085,-0.015049881,0.01182798,0.012946374,1.1628293
4561,2026-07-31,0.009980056,0.011935606,0.0086074695,0.008083245,1.1593299
8935,2026-07-31,0.008461398,-0.0038232813,0.0073032314,0.009480529,1.1584241
3011,2026-07-31,0.0072642,-0.0023223534,0.006270787,0.009540349,1.1582345
6114,2026-07-31,0.009267322,0.012923398,0.008026965,0.008951863,1.15438
4121,2026-07-31,0.010383039,0.002341164,0.009157572,0.008378027,1.1336962
2801,2026-07-31,0.013214215,0.045041714,0.011663107,0.012521909,1.1328955
5871,2026-07-31,0.00995333,0.02512954,0.0089173615,0.009322701,1.1160492
8150,2026-07-31,0.012513219,-0.016062219,0.011248329,0.011420008,1.1123525
6881,2026-07-31,0.011378185,0.010822763,0.010239132,0.008819598,1.1111366
5306,2026-07-31,0.007853566,0.006849262,0.0070845224,0.009132274,1.1083962
4552,2026-07-31,0.007439526,-0.002122958,0.0067151156,0.0081047565,1.1077126
1467,2026-07-31,0.0112966215,0.014671751,0.010211174,0.012012299,1.1061915
9926,2026-07-31,0.014186335,0.034519587,0.012836835,0.012156364,1.105041
6796,2026-07-31,0.012657336,0.01981833,0.01147362,0.01181878,1.1030723
5324,2026-07-31,0.0100744385,0.021559754,0.009144817,0.00902958,1.1015351
4995,2026-07-31,0.00686787,0.026118666,0.0062423125,0.0078972485,1.1000363
2399,2026-07-31,0.016554194,0.013712581,0.015080372,0.014139241,1.0976583
2401,2026-07-31,0.009425954,-0.009959469,0.008587176,0.010909129,1.0975502
2436,2026-07-31,0.010207484,-0.0021369269,0.009300565,0.007913122,1.0973941
1313,2026-07-31,0.009372562,-0.016770268,0.0085543115,0.00946969,1.0955255
4167,2026-07-31,0.0085770385,-0.010922174,0.007870308,0.008102429,1.0896586
8176,2026-07-31,0.010375464,0.014213782,0.009560353,0.008660581,1.085146
1442,2026-07-31,0.014310249,0.01599574,0.013313542,0.011806724,1.0747834
2505,2026-07-31,0.00993303,0.020519448,0.009273323,0.007932121,1.0710248
6248,2026-07-31,0.011916194,0.0069510816,0.011141584,0.0107945325,1.0694282
5469,2026-07-31,0.013115006,0.0055003297,0.012287012,0.011441709,1.0673008
6112,2026-07-31,0.0069469204,-0.0027507385,0.0065110833,0.007942335,1.0667739
6558,2026-07-31,0.009643545,-0.008960104,0.0091176415,0.0082061095,1.0575638
5251,2026-07-31,0.009180609,0.006547132,0.00873334,0.010471657,1.0510937
1444,2026-07-31,0.008498049,-0.01693706,0.00815121,0.008245593,1.0424228
2066,2026-07-31,0.008884502,0.0068360777,0.008549266,0.008649925,1.0390908
5269,2026-07-31,0.008478203,-0.0009694045,0.008169085,0.008635287,1.0377129
4433,2026-07-31,0.008616931,0.01856452,0.008310118,0.008806309,1.0367956
3707,2026-07-31,0.014239764,0.0016864769,0.013764502,0.012036951,1.0344529
4946,2026-07-31,0.0065378943,0.010116595,0.0063374816,0.008168458,1.0314606
6790,2026-07-31,0.009007645,0.02743823,0.008754339,0.008873153,1.0288173
5438,2026-07-31,0.010071724,0.00065514544,0.0098354565,0.009177147,1.0239179
2462,2026-07-31,0.009916593,0.011836358,0.009689518,0.012348172,1.0233295
6219,2026-07-31,0.010753355,0.01413844,0.010549002,0.011724784,1.0192751
1587,2026-07-31,0.009964014,-0.0003537008,0.009789408,0.009380529,1.0177323
4906,2026-07-31,0.011655959,0.00015746256,0.011459806,0.008847712,1.0170279
1438,2026-07-31,0.008614296,0.032383166,0.00850547,0.006868598,1.0126758
1540,2026-07-31,0.0068517467,0.009386708,0.006765973,0.00704116,1.0125276
6576,2026-07-31,0.008260959,0.016831758,0.008187212,0.008996414,1.0088843
2506,2026-07-31,0.011454625,0.03188676,0.011394309,0.011308662,1.0052053
2816,2026-07-31,0.009968049,0.036355957,0.009953952,0.008911377,1.0013156
4721,2026-07-31,0.0073748687,0.011043181,0.0073697763,0.008407603,1.0005553
3374,2026-07-31,0.012383962,-0.021158213,0.01245615,0.012771373,0.9941248
8415,2026-07-31,0.011490795,0.026778655,0.011654913,0.010481866,0.9858339
2387,2026-07-31,0.010153772,0.0061989147,0.010324202,0.0090948045,0.983397
1452,2026-07-31,0.008419647,0.022670547,0.008664413,0.009285358,0.9716382
2434,2026-07-31,0.015589928,0.0030665498,0.016079405,0.015439249,0.96949846
8401,2026-07-31,0.012483022,0.01655314,0.012911757,0.01371701,0.9667201
2430,2026-07-31,0.009410383,-0.007996013,0.009812604,0.008537091,0.9589121
6805,2026-07-31,0.009933656,0.011494368,0.010405229,0.011392058,0.95458746
6532,2026-07-31,0.011181537,0.021769483,0.011718979,0.010377737,0.95405775
1783,2026-07-31,0.010249325,0.022896668,0.010765051,0.0096214535,0.95200413
5340,2026-07-31,0.009352299,-0.00060550374,0.009887623,0.010395378,0.9457636
3663,2026-07-31,0.010307594,-0.00557693,0.011045702,0.011459305,0.9330924
6916,2026-07-31,0.008254905,0.006697134,0.009021559,0.011439413,0.9149184
3122,2026-07-31,0.0072662192,0.0150312325,0.0079889195,0.009312105,0.9094233
3661,2026-07-31,0.008987953,0.0091482205,0.009970526,0.0088637,0.90136176
8183,2026-07-31,0.010527556,0.020902328,0.011718264,0.012178049,0.89831203
4551,2026-07-31,0.0115354955,0.0051251967,0.012854042,0.013289954,0.8973518
4746,2026-07-31,0.0063198516,0.011612962,0.0070525645,0.0070520383,0.8959799
8171,2026-07-31,0.010473416,-0.0003584871,0.011706855,0.008718562,0.89456314
1709,2026-07-31,0.010986547,-0.010340447,0.012293487,0.010406511,0.8936157
6196,2026-07-31,0.0064409953,-0.0056181224,0.0072220457,0.007953374,0.89172846
3703,2026-07-31,0.0088720815,0.027645353,0.009961685,0.009686742,0.8905311
6546,2026-07-31,0.007490596,0.0014341418,0.008507123,0.008185828,0.8804052
4979,2026-07-31,0.009857996,-0.0010843257,0.011211742,0.013925315,0.87917805
5289,2026-07-31,0.009451965,0.016317433,0.010859491,0.010243281,0.87030727
6224,2026-07-31,0.008628959,0.010850428,0.009942635,0.010620961,0.8677871
2030,2026-07-31,0.008232077,0.003412512,0.009496321,0.009751873,0.8667788
5243,2026-07-31,0.009537479,0.0029134934,0.01111936,0.011802869,0.85765916
2489,2026-07-31,0.009608243,0.015746078,0.011217033,0.010947155,0.8564998
1301,2026-07-31,0.01009529,0.0030044054,0.011899745,0.009737579,0.84829056
8086,2026-07-31,0.0062255412,-0.010792082,0.0073587974,0.0072191437,0.8458849
1418,2026-07-31,0.009264951,0.02171158,0.01101968,0.010679896,0.84068775
1225,2026-07-31,0.006080256,-0.012759763,0.0072763064,0.008895529,0.8355091
7703,2026-07-31,0.009056289,-0.0017742171,0.010853717,0.012520536,0.8343182
6715,2026-07-31,0.0095724445,-0.03105454,0.011477208,0.014117412,0.8339668
5015,2026-07-31,0.008592498,0.023076061,0.010311789,0.007889809,0.83318853
2241,2026-07-31,0.008718053,0.0016615078,0.010462822,0.010561677,0.83316135
8091,2026-07-31,0.0090285335,-0.0047272774,0.011011381,0.011473206,0.819853
2496,2026-07-31,0.006646825,0.0052633146,0.008166045,0.009213758,0.8138592
3093,2026-07-31,0.009402948,-0.0040084925,0.01168535,0.011833101,0.8046095
6438,2026-07-31,0.0074660396,-0.00677245,0.009370092,0.0075956825,0.7967096
4581,2026-07-31,0.008630704,0.024863116,0.010897828,0.011999726,0.7918928
9103,2026-07-31,0.0073178005,-0.006726875,0.009247342,0.0105588455,0.79125535
2327,2026-07-31,0.00687467,-0.009097765,0.008774396,0.00766875,0.7834028
4583,2026-07-31,0.0070147603,-0.028576357,0.008954967,0.010026087,0.78324986
6761,2026-07-31,0.007154724,0.008091197,0.009191721,0.0097030355,0.7783032
1268,2026-07-31,0.007130713,0.025910906,0.009169618,0.010302326,0.77756083
3033,2026-07-31,0.008494014,-0.014190501,0.010994298,0.010865188,0.7725133
1735,2026-07-31,0.0070120734,0.0075235674,0.009104269,0.008994809,0.7701116
5220,2026-07-31,0.0087543465,0.008927108,0.011371747,0.008837135,0.7697654
4131,2026-07-31,0.007947107,0.015681421,0.010369417,0.008378977,0.7663247
5272,2026-07-31,0.006493335,0.00735455,0.008517591,0.009627065,0.76225454
6140,2026-07-31,0.008177603,0.0100386925,0.010760287,0.011510331,0.75990933
3419,2026-07-31,0.0054368293,0.0055608707,0.0071814572,0.008917502,0.75695956
8087,2026-07-31,0.009813658,0.014591223,0.012979228,0.010477409,0.75604665
6194,2026-07-31,0.006569044,0.0050024786,0.008707488,0.008569895,0.7543266
2516,2026-07-31,0.006723683,0.031709608,0.008975789,0.01136845,0.7490075
5274,2026-07-31,0.009365385,0.02361029,0.012508317,0.011115165,0.7486728
7753,2026-07-31,0.0074139247,0.01150144,0.009905137,0.010211094,0.7484173
5426,2026-07-31,0.008574667,0.010404748,0.011492324,0.011396168,0.7460563
8112,2026-07-31,0.007673022,-0.009712143,0.010286806,0.011159421,0.74583656
8021,2026-07-31,0.007909841,0.00016335855,0.010697784,0.01357723,0.7393215
3372,2026-07-31,0.0073809903,0.006147425,0.01011211,0.009539782,0.7298438
6274,2026-07-31,0.0072106826,0.002493141,0.009939392,0.010525495,0.72539216
2947,2026-07-31,0.007250087,0.0072254655,0.0100766,0.00957201,0.7194259
2614,2026-07-31,0.007092307,0.013185303,0.009905366,0.008514531,0.7159342
1720,2026-07-31,0.0067445,0.026783884,0.009422729,0.012414191,0.7156933
3548,2026-07-31,0.0077804746,0.0045736763,0.010901122,0.0097916685,0.713666
2424,2026-07-31,0.007653528,0.02761012,0.010769753,0.009672927,0.7105843
2404,2026-07-31,0.0080356635,0.01653284,0.011311632,0.011060815,0.7103266
3581,2026-07-31,0.0070920247,0.0006758801,0.009995875,0.011319315,0.70942414
7722,2026-07-31,0.008654597,-0.0030319958,0.012198772,0.013686532,0.70940644
5287,2026-07-31,0.008844315,-0.00049670984,0.012478785,0.011806645,0.7086913
8071,2026-07-31,0.0065214485,0.01380472,0.009205472,0.01039037,0.7083548
3034,2026-07-31,0.0068141227,0.012661827,0.0097229965,0.0102523435,0.7007533
8131,2026-07-31,0.008291827,-0.005605886,0.011840934,0.01302887,0.7002088
2324,2026-07-31,0.008083337,0.0119274715,0.011934127,0.009156239,0.6772728
5213,2026-07-31,0.0045458963,0.007474215,0.0067295344,0.00875641,0.6754139
2302,2026-07-31,0.008594457,0.015487978,0.012795612,0.018963225,0.6716197
2905,2026-07-31,0.008779756,0.043599464,0.013137838,0.012553045,0.6682292
2450,2026-07-31,0.004798832,0.014139799,0.007194477,0.009851588,0.6669234
9962,2026-07-31,0.0064639864,0.021131245,0.009910646,0.008054792,0.6521607
4527,2026-07-31,0.005628704,0.006305273,0.008712101,0.010089875,0.6460047
3479,2026-07-31,0.0074463114,-0.024893155,0.011534828,0.011460089,0.64549434
2535,2026-07-31,0.0052601714,0.030694272,0.008227211,0.011682497,0.6392849
2911,2026-07-31,0.008314712,0.021145014,0.013247519,0.0138510885,0.6275956
2739,2026-07-31,0.0055095437,0.03287242,0.008860434,0.011428196,0.621744
6411,2026-07-31,0.0063394043,0.012312428,0.010228643,0.008277253,0.6197092
1314,2026-07-31,0.005904023,-0.0035933463,0.00954289,0.008888428,0.6186181
1464,2026-07-31,0.0053775,0.018098835,0.008843566,0.01036875,0.6080004
2415,2026-07-31,0.006143031,0.002697761,0.010104384,0.00969655,0.6078968
5601,2026-07-31,0.005213048,-0.008738751,0.00865401,0.009549284,0.60231566
3323,2026-07-31,0.0063384264,0.007063409,0.010610492,0.010142994,0.59731716
3443,2026-07-31,0.0066544535,0.010973259,0.011140527,0.010377127,0.59726584
2067,2026-07-31,0.005511316,0.017829256,0.00927898,0.008458522,0.59389305
3673,2026-07-31,0.007900737,-0.0011886836,0.013704656,0.012712811,0.57645816
3046,2026-07-31,0.0037358764,0.0008673189,0.0065101716,0.008363066,0.5737641
8201,2026-07-31,0.0049714325,-0.0054314863,0.008820001,0.009767634,0.5635905
6890,2026-07-31,0.006856011,0.01406749,0.012208186,0.015013713,0.5615453
2612,2026-07-31,0.0053824405,0.006626461,0.009606315,0.00966643,0.56024396
2348,2026-07-31,0.005019467,0.020563547,0.008991199,0.007829848,0.5582024
6129,2026-07-31,0.004771186,0.012190866,0.008591082,0.008874377,0.55530035
3332,2026-07-31,0.0047032954,-0.0043583154,0.008475128,0.008599301,0.5548873
1806,2026-07-31,0.006179032,0.004999029,0.011460415,0.009817189,0.53911597
6854,2026-07-31,0.0055555315,0.0060492526,0.010312437,0.009138997,0.5386692
3546,2026-07-31,0.0053954544,0.028306719,0.01003863,0.008529868,0.5374156
4806,2026-07-31,0.005440897,0.020105762,0.010249761,0.007800262,0.5307798
6861,2026-07-31,0.004334294,0.0090166675,0.008234702,0.011423717,0.526281
1539,2026-07-31,0.004747656,0.02561044,0.0090219565,0.010218605,0.5261752
5312,2026-07-31,0.0041240007,-0.010356764,0.00784116,0.009234604,0.5258756
5353,2026-07-31,0.0043773754,0.016192626,0.008432336,0.008021577,0.5190562
6231,2026-07-31,0.0045875967,0.006773972,0.008865643,0.01058011,0.5173995
2731,2026-07-31,0.0050175022,0.02369715,0.009710535,0.0096130185,0.51665384
6508,2026-07-31,0.0045952797,0.013177329,0.009240465,0.011421892,0.4972458
3259,2026-07-31,0.003971724,0.0024149497,0.008011685,0.010195399,0.49567953
2702,2026-07-31,0.0074296943,0.005886522,0.015465803,0.013653749,0.4803639
5905,2026-07-31,0.0044260067,0.0033517808,0.009284275,0.008259878,0.47666943
4711,2026-07-31,0.0040519745,0.0040276544,0.008519237,0.011714633,0.47557062
2101,2026-07-31,0.0042996556,0.0098289335,0.009058201,0.013781318,0.4746175
6282,2026-07-31,0.0059790346,-0.0055598677,0.012618548,0.010176875,0.47379148
3577,2026-07-31,0.0061309966,-0.030842612,0.013398989,0.015338809,0.4575374
2027,2026-07-31,0.004691685,0.02939884,0.010328381,0.012537526,0.45420775
6573,2026-07-31,0.0044664103,-0.001156019,0.010019646,0.00954623,0.4457208
7584,2026-07-31,0.0053738193,-0.015571305,0.012378176,0.009667612,0.43410152
2034,2026-07-31,0.0041953186,-0.0088727465,0.009985839,0.0079616085,0.4200847
6229,2026-07-31,0.005129599,0.0094265975,0.012556924,0.013075645,0.4084751
3052,2026-07-31,0.0049003186,0.005917512,0.01203844,0.011011342,0.40702212
3030,2026-07-31,0.004562492,-0.014818716,0.011380368,0.008646554,0.40087378
6173,2026-07-31,0.0061229165,-0.010004459,0.015523448,0.014667646,0.39440477
4528,2026-07-31,0.0027106719,0.0011986352,0.0071459566,0.009130708,0.3792764
8110,2026-07-31,0.002933433,0.008829746,0.007824668,0.009329615,0.37484762
6516,2026-07-31,0.0037538211,0.019953433,0.010328675,0.009701876,0.36340168
6534,2026-07-31,0.003466395,0.02720348,0.009542939,0.008091543,0.3632038
4142,2026-07-31,0.003026046,-0.0076721488,0.008338878,0.008332947,0.36284056
8279,2026-07-31,0.0029200788,0.010519036,0.008066223,0.00872764,0.36196828
6914,2026-07-31,0.0034352515,0.034968857,0.009492419,0.008296621,0.3618561
2736,2026-07-31,0.0041700997,0.011439859,0.01159431,0.010446874,0.35963675
4550,2026-07-31,0.0032352826,0.018508203,0.008999933,0.010532811,0.3594386
2495,2026-07-31,0.0040116217,0.01114141,0.011506311,0.013142053,0.34861505
8927,2026-07-31,0.002524859,-0.014948082,0.0073437463,0.008418705,0.34376398
6164,2026-07-31,0.003068991,0.008466789,0.009133272,0.007519864,0.33598638
1466,2026-07-31,0.002718529,-0.0177437,0.008143086,0.010044786,0.33380404
9911,2026-07-31,0.002521169,0.00037693276,0.0075866664,0.007975212,0.332272
5903,2026-07-31,0.0026939833,0.010619324,0.00810891,0.009974499,0.3321841
2069,2026-07-31,0.002744732,0.013416532,0.008284794,0.0100209145,0.33125755
2397,2026-07-31,0.0025363876,-0.018891454,0.007665978,0.005739992,0.33081976
3555,2026-07-31,0.00320957,-0.0010610941,0.009924388,0.011901896,0.32336974
6781,2026-07-31,0.0033194944,0.0014163615,0.010378541,0.010449056,0.31981128
1109,2026-07-31,0.003131856,0.012529578,0.009846434,0.009803726,0.31803778
8104,2026-07-31,0.003194503,-0.0076264846,0.010565258,0.010001309,0.30233058
1717,2026-07-31,0.0031515276,0.005642268,0.0105191935,0.011728828,0.29956934
3680,2026-07-31,0.0032576143,-0.0036642281,0.010916248,0.011708763,0.29839152
2701,2026-07-31,0.0022582535,0.021882007,0.0076486957,0.008794067,0.29520828
6182,2026-07-31,0.003766015,-0.024560243,0.0129188765,0.0148505485,0.29149002
3022,2026-07-31,0.0026413081,0.00062742265,0.009119094,0.0084693255,0.2896141
6844,2026-07-31,0.0032239247,0.010798437,0.011342559,0.011132332,0.2842075
1409,2026-07-31,0.0026007881,-0.0027748714,0.0091785425,0.009371823,0.28332436
6735,2026-07-31,0.002609017,0.0055341064,0.009408113,0.008179513,0.2772862
3054,2026-07-31,0.0028077767,-0.0032587603,0.010147332,0.009868723,0.2766737
6547,2026-07-31,0.0026585492,-0.002638129,0.009915893,0.012672719,0.2680829
1455,2026-07-31,0.0020952676,-0.0130743245,0.007819201,0.007824904,0.26793015
5314,2026-07-31,0.0031784251,-0.007061171,0.012039943,0.013725992,0.26396814
6872,2026-07-31,0.0020992137,0.0036566942,0.007993862,0.0077082925,0.26257032
1503,2026-07-31,0.00274229,0.006369256,0.010447624,0.012747567,0.26245466
3360,2026-07-31,0.002479735,0.009795417,0.009523352,0.010705598,0.26035735
6223,2026-07-31,0.0025866004,-0.0004435322,0.010122271,0.009170114,0.25551033
6160,2026-07-31,0.0025983348,-0.0009706517,0.010235468,0.008700777,0.25383118
4716,2026-07-31,0.002022464,-0.004005219,0.007981039,0.009372756,0.25337687
1530,2026-07-31,0.0024381927,0.019647347,0.009795006,0.008469885,0.2488966
1583,2026-07-31,0.002252639,0.01666036,0.009385764,0.0065377196,0.23998037
3716,2026-07-31,0.001663783,-0.0012698992,0.0069573633,0.0076732947,0.23910551
2719,2026-07-31,0.002258238,-0.006195341,0.009455212,0.010014363,0.23880997
1215,2026-07-31,0.0028926218,-0.01388107,0.012220107,0.011360406,0.23669064
5386,2026-07-31,0.0020123885,-0.009635892,0.008545848,0.011688776,0.23545389
2641,2026-07-31,0.0020128186,0.0032197358,0.008626814,0.007954053,0.23329414
2431,2026-07-31,0.002222942,-0.007908355,0.009563652,0.009937032,0.23241222
4108,2026-07-31,0.0018995403,-0.005703175,0.008265408,0.009245393,0.22979029
8027,2026-07-31,0.002684747,-0.024197932,0.011722082,0.011000325,0.22901376
8105,2026-07-31,0.00407314,0.020157354,0.018839572,0.018077187,0.21618985
6525,2026-07-31,0.0025264474,-0.0148061095,0.011838235,0.012557891,0.21339616
4562,2026-07-31,0.0021217957,-0.0044204285,0.00997098,0.011203618,0.21277577
6127,2026-07-31,0.0030024047,-0.0033592447,0.014273588,0.013552808,0.21033214
6482,2026-07-31,0.0017557571,0.01173224,0.009232369,0.008999817,0.19015346
4772,2026-07-31,0.0017175123,-0.014187178,0.009222819,0.008309203,0.18620403
6768,2026-07-31,0.0017429113,-0.0070035,0.009544307,0.00829185,0.18259352
1456,2026-07-31,0.0013297242,0.029438797,0.0077236416,0.007665037,0.17214057
8481,2026-07-31,0.0015245969,0.02139207,0.009006647,0.010323989,0.16925584
9802,2026-07-31,0.0017218888,0.00307978,0.010592884,0.008107901,0.16253611
2014,2026-07-31,0.0012841955,-0.010387347,0.007938406,0.009784822,0.16174956
1229,2026-07-31,0.0015251632,0.005697474,0.009621807,0.0074766884,0.15849462
2227,2026-07-31,0.0013366458,0.010507301,0.0087630935,0.008997573,0.15251386
7642,2026-07-31,0.0015189652,0.0061130873,0.01041512,0.00866058,0.1458283
3380,2026-07-31,0.0011724229,-0.010391986,0.00805138,0.005939669,0.14559956
3105,2026-07-31,0.0014403547,-0.018408442,0.010250227,0.013352643,0.1405056
1453,2026-07-31,0.0014196922,0.015080422,0.010254923,0.007967377,0.13842656
2388,2026-07-31,0.0013268513,0.0011709725,0.009668149,0.012955902,0.13722524
2850,2026-07-31,0.0010593998,0.047986876,0.007999631,0.009031902,0.13241453
3308,2026-07-31,0.0012677062,0.009778941,0.00983713,0.010090753,0.1288564
6741,2026-07-31,0.0010144996,0.00031451584,0.008171791,0.0075479494,0.124131344
1582,2026-07-31,0.0012866522,-0.00774254,0.010727096,0.007294324,0.11993294
6221,2026-07-31,0.001014258,-0.007995559,0.009080232,0.0068897535,0.111687265
7749,2026-07-31,0.00093164894,-0.013868523,0.008964088,0.007610364,0.10391966
2597,2026-07-31,0.0009891926,0.020705244,0.0103076175,0.010558577,0.09595783
3653,2026-07-31,0.0009202006,0.007645061,0.010032474,0.008024926,0.091713056
6692,2026-07-31,0.0013254139,0.009022908,0.014524919,0.013667445,0.09124476
1516,2026-07-31,0.0007664599,0.003444492,0.008496537,0.009668021,0.09019789
8255,2026-07-31,0.000787879,-0.00029569093,0.00971445,0.010278265,0.08109547
2328,2026-07-31,0.00079786155,-0.018535232,0.010003581,0.009426083,0.07974962
2316,2026-07-31,0.0009399418,-0.0024246336,0.01183744,0.010334018,0.07939744
5443,2026-07-31,0.0008519935,-0.017083151,0.010785282,0.010435453,0.07898862
6021,2026-07-31,0.0007943639,0.011720359,0.010308766,0.0111771,0.07704966
2440,2026-07-31,0.0007086895,0.0014801904,0.009227975,0.009089748,0.07678962
3499,2026-07-31,0.00060995104,0.00069269695,0.007976053,0.008331743,0.0764632
2228,2026-07-31,0.0005208723,0.0064371726,0.008375156,0.0090109445,0.062185124
1710,2026-07-31,0.00064622675,-0.012411048,0.0107352575,0.014489134,0.06019106
1512,2026-07-31,0.00047702182,0.009145023,0.009187598,0.007144111,0.05191454
2441,2026-07-31,0.0006703973,-0.009088558,0.014674285,0.013368466,0.04568206
6538,2026-07-31,0.0005840782,0.01419216,0.013497081,0.018247902,0.043271203
1786,2026-07-31,0.00025141958,-0.0029114427,0.008777142,0.009501528,0.02864155
6771,2026-07-31,0.00025106518,-0.0019286934,0.00880838,0.008969771,0.028499756
8066,2026-07-31,0.0001951299,-0.0051289955,0.007944936,0.0087171085,0.024557196
8424,2026-07-31,0.00024746484,0.02021738,0.010917893,0.010996877,0.022663912
3287,2026-07-31,0.00020226253,0.012863869,0.009837465,0.009081227,0.02055834
3236,2026-07-31,0.00013980891,0.0058144303,0.011121238,0.013940909,0.0125702135
2498,2026-07-31,0.00010215795,-0.01587921,0.008575601,0.009227125,0.01191124
3402,2026-07-31,8.1496066e-05,-0.0113632465,0.008634791,0.008409959,0.0094370125
3266,2026-07-31,9.158992e-05,0.042979136,0.011327951,0.011896929,0.00808459
6753,2026-07-31,0.00013116076,-0.02528888,0.018960405,0.021881519,0.006917249
2534,2026-07-31,1.2953704e-05,0.012378556,0.007923626,0.009039629,0.0016346137
6152,2026-07-31,8.761107e-06,-0.0015327078,0.006990743,0.006344401,0.0012530648
1609,2026-07-31,5.5686883e-06,-0.015110314,0.010550094,0.0097798575,0.000527783
6291,2026-07-31,-6.249947e-05,-0.00868224,0.007875334,0.008497184,-0.0079350965
6190,2026-07-31,-0.00012960545,-0.037532512,0.01211216,0.013504351,-0.010699557
2107,2026-07-31,-9.3624556e-05,0.010560544,0.007666735,0.008140983,-0.012210198
6192,2026-07-31,-0.000100479476,-0.004027182,0.007587623,0.008920937,-0.013240806
2428,2026-07-31,-0.00012842339,-0.0053443625,0.009652343,0.010815696,-0.013303515
6834,2026-07-31,-0.00021228567,-0.013155427,0.009211111,0.009180828,-0.023044193
6838,2026-07-31,-0.00021588057,0.004018514,0.009242428,0.009112677,-0.023355035
4739,2026-07-31,-0.00030303237,0.0053485474,0.01065573,0.010295972,-0.028435774
9907,2026-07-31,-0.00023548683,0.0050166114,0.0077061295,0.009777119,-0.030554416
6799,2026-07-31,-0.00041444303,0.0132269915,0.011633112,0.0114486115,-0.03562309
1312,2026-07-31,-0.00045481572,-0.024423515,0.011278049,0.008962553,-0.04032394
3356,2026-07-31,-0.0004724772,0.024029661,0.01093353,0.008850935,-0.04320965
6512,2026-07-31,-0.0005830499,0.007179355,0.013429875,0.01470539,-0.04341116
6244,2026-07-31,-0.00041364276,-0.022499183,0.009391287,0.010737871,-0.044040684
3529,2026-07-31,-0.0007285098,0.0049091857,0.013550338,0.010639217,-0.05375925
6829,2026-07-31,-0.0006861164,-0.020419713,0.01137962,0.009495198,-0.06028814
4950,2026-07-31,-0.00048321206,0.021444654,0.007457331,0.009268184,-0.06478823
1519,2026-07-31,-0.0007031924,0.013514802,0.008550295,0.007945991,-0.08223227
3005,2026-07-31,-0.00083476026,0.007928554,0.009769427,0.009298895,-0.08543744
4706,2026-07-31,-0.0011967539,0.010956024,0.013169548,0.014576844,-0.09086592
1905,2026-07-31,-0.0008563233,-0.026942246,0.009422881,0.008825775,-0.09086737
2546,2026-07-31,-0.0010102735,0.047104537,0.010766095,0.010125837,-0.09382972
3558,2026-07-31,-0.0006106532,-0.02431849,0.0056506414,0.00786775,-0.10804883
6606,2026-07-31,-0.0009125298,0.023874097,0.008092104,0.008563373,-0.11275399
9927,2026-07-31,-0.0011463839,0.021892028,0.009996784,0.009831539,-0.1146638
6213,2026-07-31,-0.0013401799,-0.010519559,0.011280482,0.015524505,-0.11879467
6706,2026-07-31,-0.001515109,-0.0058708424,0.01233306,0.011929191,-0.122839436
4770,2026-07-31,-0.0012266531,-0.014735872,0.009748626,0.011083665,-0.1258154
6185,2026-07-31,-0.0021171735,0.016346319,0.016318826,0.019043205,-0.12973015
6134,2026-07-31,-0.0016300484,0.0059880284,0.012513012,0.012140227,-0.13025786
6560,2026-07-31,-0.001438714,0.009794426,0.011021759,0.009332544,-0.13052212
2347,2026-07-31,-0.0010130183,0.016134936,0.0076267696,0.008972371,-0.13280663
4977,2026-07-31,-0.0014105652,-0.018803509,0.010147781,0.011206244,-0.13898863
3516,2026-07-31,-0.0011699174,0.009365414,0.008147457,0.009439372,-0.14357533
6151,2026-07-31,-0.00147092,-0.002721537,0.010241482,0.00808605,-0.14360972
5452,2026-07-31,-0.0011196668,0.0044471347,0.007416461,0.010412946,-0.15095015
6887,2026-07-31,-0.0020296797,0.003231139,0.013229365,0.011064544,-0.1534107
1336,2026-07-31,-0.0010336718,0.005353533,0.0066469624,0.00808644,-0.15548702
3066,2026-07-31,-0.0019482651,-0.014447684,0.012434566,0.010483655,-0.15666878
8284,2026-07-31,-0.0019322525,0.032539558,0.011868974,0.011168302,-0.16278489
3704,2026-07-31,-0.0013164445,-0.02590127,0.00804632,0.010736041,-0.16358794
3135,2026-07-31,-0.0031717324,0.01222059,0.019370839,0.01810724,-0.16372903
7728,2026-07-31,-0.0014675026,-0.021465193,0.00880146,0.00908167,-0.16671504
6591,2026-07-31,-0.001661621,0.0031131213,0.00993776,0.008180448,-0.16718593
8464,2026-07-31,-0.0014048464,0.016977798,0.008385352,0.0086669205,-0.1675158
8942,2026-07-31,-0.0017493323,-0.0075246925,0.009802491,0.010881873,-0.17843972
1472,2026-07-31,-0.0024849686,0.023761695,0.013495398,0.013197379,-0.18412088
2751,2026-07-31,-0.0018221766,0.012684214,0.0095413765,0.010968182,-0.19095626
3528,2026-07-31,-0.0015801952,0.009814809,0.008075658,0.009058442,-0.19564962
6204,2026-07-31,-0.001980782,0.0047014276,0.010088889,0.010231866,-0.19631356
3008,2026-07-31,-0.0022388657,0.0054070805,0.011206149,0.010264127,-0.1997712
3272,2026-07-31,-0.0016795142,-0.0052976143,0.0080471095,0.0070247897,-0.20868431
4771,2026-07-31,-0.001942699,-0.0066819037,0.0092796115,0.013846902,-0.20932876
3694,2026-07-31,-0.0021207803,-0.01844172,0.010045003,0.012172722,-0.21110687
9960,2026-07-31,-0.0025529712,0.021579595,0.011380499,0.008507833,-0.22430886
2520,2026-07-31,-0.0025088154,0.0024484708,0.011105738,0.0086961165,-0.22588229
3228,2026-07-31,-0.0018428253,-0.010248337,0.008132511,0.0084621655,-0.22657193
4113,2026-07-31,-0.0022886614,-0.0052337865,0.0098618725,0.007765207,-0.23204815
2380,2026-07-31,-0.0024448484,0.0065056523,0.010534522,0.011972066,-0.23205763
2013,2026-07-31,-0.0020851926,0.012065456,0.008949479,0.009979038,-0.23296994
3705,2026-07-31,-0.0018120782,-0.007931294,0.007710427,0.011001225,-0.23498611
7610,2026-07-31,-0.0020030828,-0.017339706,0.008351595,0.008136736,-0.23981561
4173,2026-07-31,-0.0019035486,-0.005523038,0.007851256,0.0075608646,-0.24242058
7721,2026-07-31,-0.006197997,-0.038810574,0.02544975,0.019682033,-0.24352905
6207,2026-07-31,-0.0054046046,-0.01982803,0.021895928,0.0194067,-0.24682021
3535,2026-07-31,-0.0023377496,-0.006612398,0.00935911,0.009838626,-0.24975662
3492,2026-07-31,-0.0024418114,0.004056811,0.009705128,0.007771037,-0.2515742
9937,2026-07-31,-0.0024729415,0.025172893,0.00971594,0.012448387,-0.25449798
8277,2026-07-31,-0.0023817983,0.019032506,0.009321572,0.011245337,-0.25548723
1805,2026-07-31,-0.0024384514,0.012106741,0.009271784,0.009236234,-0.26296863
2901,2026-07-31,-0.0025028149,0.015167268,0.009399923,0.007730864,-0.26623076
5478,2026-07-31,-0.0021805218,0.013271558,0.008126145,0.008221901,-0.26830107
3221,2026-07-31,-0.007675295,-0.014351314,0.027806798,0.030091386,-0.27601233
3527,2026-07-31,-0.0024091392,-0.002127865,0.008477855,0.009020405,-0.28413498
1513,2026-07-31,-0.0033772176,-0.009637301,0.011770174,0.0128112435,-0.28690577
3171,2026-07-31,-0.003246441,0.015948625,0.011192215,0.010829648,-0.2900365
4107,2026-07-31,-0.0019307383,0.021539439,0.0066393744,0.0077306284,-0.29075745
8429,2026-07-31,-0.0025013988,-0.012623252,0.00854492,0.009777463,-0.29270092
5288,2026-07-31,-0.0023181487,-0.014818901,0.007887835,0.0096948305,-0.29385185
5009,2026-07-31,-0.0030137852,-0.015527907,0.010207089,0.0105736675,-0.295235
2459,2026-07-31,-0.002857741,0.0015345011,0.009343715,0.009642969,-0.30581358
3293,2026-07-31,-0.002819873,0.018046606,0.009114145,0.010253678,-0.30936125
5425,2026-07-31,-0.004413193,0.005489258,0.014177414,0.016273351,-0.31126142
2455,2026-07-31,-0.0032196378,-0.008574624,0.010302753,0.008224438,-0.3124723
6931,2026-07-31,-0.0024041876,-0.009100195,0.0076204175,0.009579818,-0.3154515
4126,2026-07-31,-0.0030454665,-0.0015736627,0.009515215,0.010910452,-0.32002917
6698,2026-07-31,-0.0032674319,-0.0020352555,0.009811982,0.009484627,-0.33297035
6922,2026-07-31,-0.003710027,-0.026751367,0.011015586,0.012327767,-0.3367674
1618,2026-07-31,-0.0029669842,0.0030708802,0.008771635,0.010223049,-0.338209
3311,2026-07-31,-0.0028542292,-0.004608773,0.008407115,0.008340149,-0.33946124
6509,2026-07-31,-0.003365607,-0.021078646,0.009857768,0.00888313,-0.3413821
1506,2026-07-31,-0.0033393502,0.0042482666,0.00972932,0.009459993,-0.34319016
1319,2026-07-31,-0.0031533067,-0.012490294,0.009153429,0.013815223,-0.3444569
4735,2026-07-31,-0.003090463,0.01857802,0.008912059,0.0100303935,-0.3467343
2206,2026-07-31,-0.0044067297,0.03538395,0.012083008,0.010346721,-0.3646745
8367,2026-07-31,-0.0030033912,0.011893549,0.008055813,0.008221076,-0.3727766
2832,2026-07-31,-0.004217176,0.03861368,0.011282031,0.010778606,-0.3737627
8937,2026-07-31,-0.004824469,-0.004722808,0.012855721,0.016621862,-0.3752488
1723,2026-07-31,-0.0029593443,-0.01700965,0.0078128055,0.0067461957,-0.37873277
2471,2026-07-31,-0.003204201,0.006815119,0.008421852,0.007303513,-0.3804176
8045,2026-07-31,-0.0038077268,-0.010963778,0.009809893,0.013382896,-0.38811216
1808,2026-07-31,-0.0036621704,0.022708654,0.009414418,0.010002773,-0.38895464
6198,2026-07-31,-0.0046910765,-0.019773386,0.011824583,0.011254002,-0.39668882
6023,2026-07-31,-0.0032575428,0.016058223,0.0081850365,0.01194422,-0.39793894
4506,2026-07-31,-0.003915018,0.030181013,0.009835465,0.008191188,-0.39801064
3092,2026-07-31,-0.003495168,-0.014857213,0.008756692,0.008740494,-0.39909694
3501,2026-07-31,-0.004234649,-0.0035758987,0.010341828,0.0108648455,-0.4094285
3491,2026-07-31,-0.0045860503,-0.019030778,0.011161292,0.008895671,-0.41085202
6133,2026-07-31,-0.004835013,-0.00042833513,0.011424665,0.011176854,-0.42317122
6169,2026-07-31,-0.005011302,-0.003963096,0.011633536,0.0088054845,-0.4307264
2207,2026-07-31,-0.0036608232,0.01905382,0.008448627,0.010309367,-0.43325263
3209,2026-07-31,-0.0041797254,-0.0020505944,0.009330864,0.009135283,-0.4478982
1234,2026-07-31,-0.0046234853,0.016460923,0.010279387,0.009979147,-0.4497384
8046,2026-07-31,-0.0054149944,-0.03340578,0.011823797,0.010361719,-0.4579355
9917,2026-07-31,-0.0043660747,0.0025516837,0.009515178,0.008382229,-0.45880547
1437,2026-07-31,-0.005027724,0.03186409,0.0108431345,0.009910862,-0.46363533
6637,2026-07-31,-0.0046300436,-0.0038523092,0.009831012,0.0089028515,-0.47091514
2606,2026-07-31,-0.0035863905,0.0063787443,0.007518888,0.008396916,-0.47692075
1815,2026-07-31,-0.0044872565,-0.0024022097,0.009379489,0.00945476,-0.4783606
2059,2026-07-31,-0.0039737434,0.005341076,0.008301572,0.008625486,-0.47861594
1108,2026-07-31,-0.0047320635,-0.011251164,0.009613722,0.008551885,-0.49216852
5203,2026-07-31,-0.004426466,-0.0034600715,0.008982756,0.007426762,-0.49271882
1535,2026-07-31,-0.0056733596,-0.008182983,0.011305214,0.008743661,-0.5017913
3349,2026-07-31,-0.0052852947,-0.0078007923,0.01045243,0.011765573,-0.50560385
8917,2026-07-31,-0.004626472,0.0068831583,0.009138895,0.007916323,-0.50618434
1308,2026-07-31,-0.0048784567,-0.030489523,0.009289851,0.0074360906,-0.52508175
2727,2026-07-31,-0.00602105,0.024196256,0.011451122,0.009662061,-0.5257584
6259,2026-07-31,-0.0065026255,0.0025733165,0.012221718,0.011206169,-0.5320114
2753,2026-07-31,-0.0046971473,0.022098811,0.008812107,0.011688239,-0.5329729
6944,2026-07-31,-0.009844494,-0.031120965,0.018435309,0.020346718,-0.53397316
7631,2026-07-31,-0.0049418313,0.013822577,0.009211979,0.008929807,-0.5363988
3437,2026-07-31,-0.005243216,0.0022875527,0.009649419,0.00979842,-0.5433149
6218,2026-07-31,-0.0072449087,-0.0057697697,0.013091615,0.009732077,-0.5533584
9925,2026-07-31,-0.005358174,0.020952975,0.009657414,0.0097045945,-0.5547675
6933,2026-07-31,-0.01066096,0.0012079168,0.01903371,0.01797212,-0.56008
6179,2026-07-31,-0.0054949624,0.008112059,0.009799531,0.014215021,-0.5606801
6469,2026-07-31,-0.0063970406,0.004590214,0.01137031,0.009295244,-0.56255966
6263,2026-07-31,-0.0044753454,-0.010754343,0.0079127215,0.0101598855,-0.5655171
2493,2026-07-31,-0.006261589,-0.019500915,0.010711994,0.012409079,-0.5844854
6174,2026-07-31,-0.006799793,-0.019742364,0.01160948,0.013192569,-0.5856599
2065,2026-07-31,-0.0044073476,-0.0027922418,0.007469948,0.007578826,-0.58993155
8455,2026-07-31,-0.011663999,0.0051490734,0.019491378,0.015835771,-0.5983877
6697,2026-07-31,-0.0067733903,0.0019446469,0.011298158,0.009483554,-0.5994597
4207,2026-07-31,-0.0052251588,0.009212143,0.008418143,0.008624319,-0.62062836
1708,2026-07-31,-0.0047887173,-0.011867951,0.0075588934,0.0101680625,-0.63343716
1563,2026-07-31,-0.0069799195,-0.026931651,0.010961449,0.011245374,-0.6367117
4939,2026-07-31,-0.010974675,-0.033942282,0.017143536,0.015891166,-0.6401267
8442,2026-07-31,-0.0044722497,-0.0010641712,0.006979938,0.010235762,-0.64063734
5014,2026-07-31,-0.0051734555,0.002051558,0.008026573,0.009315945,-0.64446074
2340,2026-07-31,-0.0062391786,-0.012196636,0.009641126,0.011701866,-0.647075
6721,2026-07-31,-0.0059114047,-0.018940505,0.009054347,0.010673252,-0.6528082
5902,2026-07-31,-0.0060563367,0.006734315,0.009143171,0.0068982597,-0.6623166
6561,2026-07-31,-0.008221598,0.004736937,0.012335974,0.009524506,-0.6664194
1475,2026-07-31,-0.00812273,0.014413033,0.012186169,0.008630196,-0.66649854
6875,2026-07-31,-0.008519183,-0.009873056,0.01266936,0.011135223,-0.672371
6937,2026-07-31,-0.0069062384,-0.031389393,0.010190625,0.009557068,-0.6776386
8936,2026-07-31,-0.006832027,0.001399372,0.01006564,0.011525525,-0.67867994
2636,2026-07-31,-0.0072353273,0.02563766,0.010537929,0.00975594,-0.68653345
2851,2026-07-31,-0.005829833,-0.0022506427,0.008485191,0.009459533,-0.68697876
2248,2026-07-31,-0.0055766944,-0.0043433597,0.007973645,0.01003954,-0.69930315
1529,2026-07-31,-0.009852234,-0.03982471,0.014051509,0.01637881,-0.7011014
3049,2026-07-31,-0.007159752,-0.011040861,0.010097267,0.0085497275,-0.709008
2114,2026-07-31,-0.0077346684,0.0025431174,0.010858251,0.01106255,-0.7122654
1726,2026-07-31,-0.0076483777,0.024939021,0.010682337,0.007807176,-0.7159165
3406,2026-07-31,-0.0072226604,-0.0052556614,0.010052215,0.009699565,-0.7184428
7750,2026-07-31,-0.0074414024,-0.0019617272,0.010247061,0.008993299,-0.7261278
2836,2026-07-31,-0.00834631,0.010779439,0.011329304,0.010686659,-0.736636
1531,2026-07-31,-0.008721862,0.0027242117,0.011774255,0.0077735814,-0.7406941
2022,2026-07-31,-0.006008808,-0.0010475565,0.008109692,0.008329452,-0.74085027
6201,2026-07-31,-0.0074218633,0.003634288,0.009954285,0.009486941,-0.74551994
0051,2026-07-31,-0.00874368,-0.0019082444,0.0115610445,0.012552004,-0.75623995
6770,2026-07-31,-0.0076553985,-0.009285235,0.010092966,0.008502925,-0.7584133
6264,2026-07-31,-0.006832929,0.018704316,0.008840657,0.009448791,-0.7728109
4133,2026-07-31,-0.0065001207,0.005525932,0.008325254,0.008561925,-0.7806777
5514,2026-07-31,-0.0060423147,0.00828288,0.0076994705,0.008617965,-0.78466827
6791,2026-07-31,-0.010572139,-0.0033280777,0.013472155,0.011607273,-0.7846818
9930,2026-07-31,-0.006294412,-0.0043467074,0.008004117,0.006991027,-0.7862986
4503,2026-07-31,-0.009874639,-0.017629094,0.012450515,0.009700344,-0.7930472
6464,2026-07-31,-0.007737867,0.018986585,0.009755022,0.010610033,-0.7931375
2640,2026-07-31,-0.0054137306,0.0042442433,0.0067841676,0.010978285,-0.79787725
5878,2026-07-31,-0.0050333566,-0.004051834,0.0063061677,0.008841238,-0.7980376
6510,2026-07-31,-0.008944334,-0.012447441,0.011199517,0.010062897,-0.7985644
8289,2026-07-31,-0.010674262,-0.005417752,0.013046013,0.0129335895,-0.81813836
8088,2026-07-31,-0.00940508,0.0009748685,0.011485222,0.010877915,-0.8188141
6590,2026-07-31,-0.006910886,-0.0047964365,0.008367199,0.010805079,-0.825851
6240,2026-07-31,-0.00821347,0.0048495745,0.009921459,0.00889916,-0.8277656
4560,2026-07-31,-0.0068682283,-0.0068882913,0.008291051,0.007845582,-0.82829064
2211,2026-07-31,-0.007281187,-0.0064241295,0.008783973,0.008585712,-0.8288229
4909,2026-07-31,-0.010601665,-0.011012809,0.01275226,0.011254794,-0.83129054
6443,2026-07-31,-0.011673693,-0.051877603,0.0139274625,0.013618144,-0.8381178
8043,2026-07-31,-0.026406564,-0.06938867,0.03126268,0.03491975,-0.8446403
3152,2026-07-31,-0.009689512,-0.014732701,0.011417175,0.01080042,-0.84860426
3019,2026-07-31,-0.0100961,-0.014042904,0.011777554,0.0146405455,-0.85715955
1760,2026-07-31,-0.006912759,-0.023742104,0.008061616,0.008951188,-0.85738415
2607,2026-07-31,-0.008305134,0.005207549,0.009641389,0.009399689,-0.86131495
3037,2026-07-31,-0.011451337,-0.010968792,0.012899931,0.010009033,-0.8876365
1752,2026-07-31,-0.007689951,0.004650538,0.008648661,0.007909118,-0.8890465
5211,2026-07-31,-0.009379083,-0.006422303,0.010527145,0.010788,-0.89085805
2312,2026-07-31,-0.007963619,-0.02293646,0.008921325,0.007908879,-0.89254975
4767,2026-07-31,-0.0065487553,0.016380375,0.007322559,0.011169512,-0.89420396
6968,2026-07-31,-0.017652715,0.006413168,0.01965707,0.016625589,-0.8979882
6143,2026-07-31,-0.0071519553,-0.018097738,0.007929765,0.009628334,-0.9017989
2344,2026-07-31,-0.0100715095,-0.014598648,0.011139969,0.011747384,-0.90400654
2646,2026-07-31,-0.006494976,0.0021242492,0.0071802856,0.007698353,-0.90443087
4304,2026-07-31,-0.007010645,-0.01778562,0.007743328,0.00880233,-0.9052619
9946,2026-07-31,-0.008410861,0.01503673,0.009243558,0.008805892,-0.90981746
1201,2026-07-31,-0.009243227,-0.0018699829,0.0100843,0.010511284,-0.9165048
3060,2026-07-31,-0.007854123,-0.005555855,0.008559815,0.0092416275,-0.91745037
2845,2026-07-31,-0.00926159,0.0065334933,0.010013971,0.008206037,-0.9247746
4104,2026-07-31,-0.0075927316,0.002797235,0.008115529,0.00950102,-0.93546534
1580,2026-07-31,-0.008542424,-0.004477458,0.009073035,0.010700249,-0.94141406
1795,2026-07-31,-0.009038295,-0.024696268,0.009568285,0.011079331,-0.94451094
4441,2026-07-31,-0.0065744477,-0.008513477,0.0068618553,0.0077038733,-0.9579756
6491,2026-07-31,-0.009814545,-0.013952955,0.010143645,0.010285634,-0.9674606
2331,2026-07-31,-0.007554861,-0.010292807,0.007782405,0.009981694,-0.970637
2486,2026-07-31,-0.013375344,-0.026087863,0.013774313,0.010671772,-0.9709648
4114,2026-07-31,-0.0066203815,0.002538836,0.006795497,0.0074947956,-0.9740873
4994,2026-07-31,-0.008788901,0.0008985985,0.009013073,0.009235413,-0.97502
2012,2026-07-31,-0.008874988,0.014263958,0.0090915905,0.010090451,-0.97606814
8487,2026-07-31,-0.009546203,-0.0041930676,0.009776191,0.010355162,-0.97637475
6281,2026-07-31,-0.010372414,0.0044392603,0.010594152,0.011507218,-0.9789774
6113,2026-07-31,-0.008854671,-0.0046210526,0.009030592,0.010358362,-0.98041093
1612,2026-07-31,-0.00951092,-0.015441876,0.009699013,0.009871983,-0.9805059
1473,2026-07-31,-0.008045244,-0.0064894753,0.0081221275,0.0083171725,-0.9904121
2432,2026-07-31,-0.008498729,0.02167971,0.00857562,0.009997068,-0.9909182
2115,2026-07-31,-0.010718074,-0.00014527646,0.010765266,0.00995604,-0.99552375
8443,2026-07-31,-0.012605762,0.011667697,0.012574539,0.011689708,-1.0024034
1217,2026-07-31,-0.011384399,0.0060826093,0.011354293,0.01063957,-1.0025632
2419,2026-07-31,-0.011627461,-0.01031181,0.011539257,0.008310693,-1.0075564
1102,2026-07-31,-0.008973344,0.007005171,0.00886134,0.009811977,-1.0125254
2465,2026-07-31,-0.012448083,-0.031636663,0.0122546395,0.014373892,-1.0157024
3481,2026-07-31,-0.010952552,-0.009700398,0.010763811,0.0067129605,-1.0174402
1784,2026-07-31,-0.009513813,-0.014276231,0.009324189,0.008179365,-1.0202273
3189,2026-07-31,-0.011638429,-0.019060742,0.011242143,0.011832016,-1.0351579
6641,2026-07-31,-0.00958479,-0.0024956565,0.009212238,0.010888759,-1.040328
2433,2026-07-31,-0.009163273,0.0011348405,0.008804221,0.0064995377,-1.0406636
1110,2026-07-31,-0.010010758,0.0136143565,0.009581325,0.009960491,-1.0447108
4417,2026-07-31,-0.008146369,-0.004033944,0.007779345,0.0082444,-1.0470448
8488,2026-07-31,-0.010614008,-0.004349838,0.010135129,0.009262324,-1.0471461
1227,2026-07-31,-0.010596435,0.013438905,0.010101419,0.010294106,-1.0489007
3205,2026-07-31,-0.012054419,-0.026099302,0.01147154,0.00916891,-1.0507193
4571,2026-07-31,-0.011192934,-0.012511041,0.01060696,0.009121499,-1.0551447
6757,2026-07-31,-0.009847536,0.029495534,0.009317758,0.009546358,-1.0567434
7740,2026-07-31,-0.0102498,0.00016331344,0.009692212,0.010832786,-1.0574204
1256,2026-07-31,-0.012603302,0.00516462,0.01179867,0.011225874,-1.0681063
4973,2026-07-31,-0.01489799,-0.02958663,0.013893537,0.018786445,-1.0722193
5278,2026-07-31,-0.011401933,0.0016954961,0.010621945,0.010267845,-1.0733306
8349,2026-07-31,-0.009689208,0.0018461217,0.009018588,0.011298879,-1.0742407
6195,2026-07-31,-0.012453801,0.0034179187,0.011586944,0.00841647,-1.0747205
5543,2026-07-31,-0.009064084,-0.0068497476,0.008377766,0.007794591,-1.0817921
6640,2026-07-31,-0.012755671,-0.014816592,0.011765763,0.011570105,-1.0840424
3522,2026-07-31,-0.010160059,0.0067880442,0.009344994,0.0110858455,-1.087103
8404,2026-07-31,-0.0095295515,-0.010554146,0.008758952,0.0067165284,-1.0878543
2017,2026-07-31,-0.010872201,-0.006908406,0.009797926,0.00941229,-1.1095299
3416,2026-07-31,-0.011978139,-0.025338817,0.010738358,0.011608283,-1.1153497
4426,2026-07-31,-0.010276353,-0.0070677074,0.009182521,0.008445673,-1.1189992
4934,2026-07-31,-0.008572161,-0.008934289,0.007614376,0.008988888,-1.1256386
3706,2026-07-31,-0.008721906,-0.010487155,0.0077386843,0.007745825,-1.1269072
6645,2026-07-31,-0.011953079,-0.021865793,0.010554903,0.009544509,-1.1323596
2413,2026-07-31,-0.0138509935,-0.019732004,0.012095981,0.010694311,-1.1449958
9935,2026-07-31,-0.011690224,0.02566344,0.010184329,0.009286924,-1.1477512
2530,2026-07-31,-0.010530446,0.0009748314,0.00917371,0.009431083,-1.1477687
3388,2026-07-31,-0.009719491,-0.012864045,0.008452726,0.0076572546,-1.1497287
6005,2026-07-31,-0.010033402,0.008169904,0.00872414,0.0069881845,-1.1499416
8906,2026-07-31,-0.009739867,-0.0018843419,0.008463939,0.007839652,-1.1506128
8463,2026-07-31,-0.010276305,-0.004272702,0.008903439,0.00881498,-1.1540653
2351,2026-07-31,-0.010441403,-0.005438016,0.009034612,0.009555144,-1.1555833
2852,2026-07-31,-0.013370116,0.018501235,0.011542225,0.009186074,-1.1582652
9939,2026-07-31,-0.01037197,0.00035277533,0.008937661,0.010622815,-1.1603495
1527,2026-07-31,-0.010389581,0.0035899053,0.0089515615,0.008520354,-1.160515
2006,2026-07-31,-0.014406637,0.024552448,0.0123273,0.013586933,-1.1685826
2904,2026-07-31,-0.011618914,-0.016478669,0.009936246,0.00939755,-1.1692288
3570,2026-07-31,-0.0111244535,0.0041647786,0.0093420455,0.009801966,-1.1906667
2483,2026-07-31,-0.012531408,-0.013099734,0.010507714,0.012597021,-1.1924778
3701,2026-07-31,-0.010795516,-0.019448098,0.009036133,0.0102609275,-1.194573
1465,2026-07-31,-0.010268623,0.008738462,0.008545551,0.0074813175,-1.2014931
6877,2026-07-31,-0.009841037,-0.019260664,0.008181563,0.009734325,-1.2026839
2395,2026-07-31,-0.01421323,-0.007994925,0.011801253,0.011445286,-1.2042811
6556,2026-07-31,-0.0112514,0.004003585,0.009231663,0.00949004,-1.2186517
8089,2026-07-31,-0.013886852,-0.011399771,0.011351327,0.012395285,-1.2232603
5244,2026-07-31,-0.009037872,0.00013178537,0.0073676324,0.0074800975,-1.2265332
8450,2026-07-31,-0.012387701,-0.017708335,0.010068958,0.008819798,-1.2301642
2371,2026-07-31,-0.008805423,-0.029779736,0.0071386085,0.00832299,-1.2333202
1533,2026-07-31,-0.010847942,-0.007659649,0.008731326,0.010696109,-1.242274
3306,2026-07-31,-0.010801697,-0.0010070627,0.008646783,0.0070498683,-1.2490711
9910,2026-07-31,-0.011840524,-6.656324e-05,0.0094209,0.011884608,-1.2567024
8941,2026-07-31,-0.014402268,0.0050635138,0.011453075,0.006064692,-1.2573925
6684,2026-07-31,-0.014803809,-0.010364571,0.011768178,0.010773272,-1.2578456
8931,2026-07-31,-0.009753793,-0.0014432368,0.007726254,0.009853157,-1.2622586
3147,2026-07-31,-0.01835317,-0.009049431,0.014470288,0.016234538,-1.2682471
6727,2026-07-31,-0.018187769,-0.051167358,0.014294517,0.015793454,-1.2722708
0055,2026-07-31,-0.02574662,0.0460292,0.02022762,0.022673048,-1.2727817
4935,2026-07-31,-0.013415896,-0.008582518,0.010483484,0.0081366785,-1.2795953
3041,2026-07-31,-0.015244665,-0.017676802,0.01189847,0.011738493,-1.2811213
6874,2026-07-31,-0.010144482,-0.0040455414,0.007868069,0.00918286,-1.289159
5706,2026-07-31,-0.010568235,-0.019319804,0.0081816595,0.010882869,-1.2915404
3325,2026-07-31,-0.014947674,-0.01750441,0.011450335,0.009096642,-1.3053215
3551,2026-07-31,-0.011841239,-0.018016689,0.008943601,0.010257999,-1.3238422
3164,2026-07-31,-0.0109377215,0.0039342563,0.00822523,0.008192795,-1.3296154
7799,2026-07-31,-0.013459035,-0.031109814,0.010079405,0.01194659,-1.335168
6568,2026-07-31,-0.016198741,-0.017752452,0.011996789,0.009137113,-1.3501439
3715,2026-07-31,-0.014794032,-0.008255175,0.010903052,0.010251695,-1.3567462
4747,2026-07-31,-0.011625143,-0.011283624,0.00855882,0.008357836,-1.3581059
2504,2026-07-31,-0.011411732,0.00013774206,0.00837972,0.009882337,-1.3616648
5474,2026-07-31,-0.011097281,-0.011842619,0.008122604,0.010860848,-1.3660538
3580,2026-07-31,-0.014771497,-0.021318803,0.010805466,0.009098978,-1.3669127
2945,2026-07-31,-0.010998824,0.016479425,0.008032685,0.009882715,-1.3690882
4577,2026-07-31,-0.014585884,-0.03381409,0.010496886,0.012451556,-1.3894114
2369,2026-07-31,-0.01728632,-0.01581523,0.012394626,0.010989021,-1.39455
3062,2026-07-31,-0.01134092,-0.02197303,0.008131034,0.008178047,-1.3945982
6216,2026-07-31,-0.012693462,-0.010040149,0.0090789,0.009201223,-1.3979737
6170,2026-07-31,-0.012147342,-0.010654495,0.00866782,0.011359054,-1.4012681
9940,2026-07-31,-0.015526533,0.0067468365,0.011037289,0.010437484,-1.4066068
1413,2026-07-31,-0.014829259,-0.0051421146,0.010540984,0.0067679016,-1.4066858
9928,2026-07-31,-0.012898628,0.009674414,0.009157236,0.007976634,-1.4084184
2247,2026-07-31,-0.01154836,0.014629534,0.008150811,0.011036475,-1.4166617
2338,2026-07-31,-0.013048781,-0.016692435,0.009078923,0.01001556,-1.4371027
2023,2026-07-31,-0.015878065,-0.019091388,0.011022999,0.0075620837,-1.440318
4930,2026-07-31,-0.010628357,-0.018961748,0.007364104,0.009747196,-1.4430695
6488,2026-07-31,-0.018218216,-0.043924015,0.012607173,0.013421642,-1.4449528
6788,2026-07-31,-0.015073013,-0.009909314,0.010354102,0.011634203,-1.4556122
6214,2026-07-31,-0.017288618,0.01032011,0.01187618,0.011432665,-1.4556164
2029,2026-07-31,-0.016167212,-0.010797688,0.0111012515,0.008859328,-1.4562103
2729,2026-07-31,-0.017199527,0.00024769307,0.011777786,0.011518099,-1.4602122
2444,2026-07-31,-0.013575661,-0.013105902,0.0092069,0.00729638,-1.4743493
3289,2026-07-31,-0.015894903,-0.017298132,0.01077417,0.010345543,-1.4751416
6616,2026-07-31,-0.010906238,-0.0052588335,0.00732006,0.009488084,-1.4897076
1734,2026-07-31,-0.014465085,0.006167974,0.009690467,0.008234378,-1.4925588
2421,2026-07-31,-0.017495275,-0.0031171185,0.011718264,0.0107295085,-1.4928646
6283,2026-07-31,-0.0137035865,-0.016710263,0.009172976,0.008054341,-1.4937456
2408,2026-07-31,-0.014490455,-0.024768388,0.009695198,0.010275229,-1.494447
6754,2026-07-31,-0.018558165,-0.0029315455,0.012326853,0.013347992,-1.5053849
4942,2026-07-31,-0.013754883,-0.007201257,0.009097896,0.007910578,-1.511709
6541,2026-07-31,-0.013422372,-0.025809297,0.008857082,0.01039395,-1.5152684
6146,2026-07-31,-0.02156309,-0.013149303,0.014222419,0.014822867,-1.5160272
3465,2026-07-31,-0.014911185,0.00067871326,0.009684126,0.012244594,-1.5395963
4540,2026-07-31,-0.017890882,-0.031798705,0.011611565,0.01324923,-1.5406486
4402,2026-07-31,-0.013597983,0.0043662945,0.008807881,0.008788624,-1.5436674
5388,2026-07-31,-0.016113468,-0.025536707,0.010426404,0.008531438,-1.5453
6550,2026-07-31,-0.016969955,-0.04340597,0.010944516,0.0074279886,-1.5504023
3583,2026-07-31,-0.015428263,-0.025444489,0.009949819,0.010086942,-1.5504515
4924,2026-07-31,-0.020750603,-0.0050722067,0.013371381,0.012720019,-1.5517508
4541,2026-07-31,-0.014644467,-0.045137506,0.0093749985,0.010575626,-1.5619102
7723,2026-07-31,-0.032543942,-0.0782309,0.02075661,0.015457937,-1.5678078
9912,2026-07-31,-0.01566325,0.0026121885,0.00998318,0.0069547147,-1.5688068
2903,2026-07-31,-0.016965989,0.0027060115,0.010774045,0.010850229,-1.5745631
1337,2026-07-31,-0.015126907,-0.028195059,0.009583149,0.011640184,-1.5783255
1796,2026-07-31,-0.018598918,-0.010835713,0.011665575,0.009624122,-1.5942054
2364,2026-07-31,-0.016343672,-0.0036493698,0.0102220215,0.010346147,-1.5987124
9902,2026-07-31,-0.014397246,-0.006859854,0.008980676,0.008922641,-1.6029576
6655,2026-07-31,-0.02081045,-0.0023222715,0.012944432,0.013456211,-1.6075516
1451,2026-07-31,-0.017530711,0.017490277,0.010902051,0.011792585,-1.6078721
2374,2026-07-31,-0.018282149,-0.028049843,0.011323965,0.012108668,-1.6143228
5608,2026-07-31,-0.012520677,-0.0258733,0.007657273,0.009548713,-1.6349218
5531,2026-07-31,-0.012867553,-6.777685e-05,0.007842157,0.008194182,-1.6406088
3564,2026-07-31,-0.015999053,-0.03425043,0.009736968,0.0091292,-1.6429559
8147,2026-07-31,-0.019538088,-0.03362087,0.0118705295,0.009763452,-1.6457936
1802,2026-07-31,-0.016734485,-0.016654141,0.010166619,0.0112713445,-1.6458607
1443,2026-07-31,-0.0160706,-0.0038384118,0.009759329,0.008053486,-1.6465224
7734,2026-07-31,-0.015533296,-0.01575969,0.009414751,0.009743712,-1.649714
5876,2026-07-31,-0.01745518,0.0018572811,0.010579208,0.007875428,-1.6497954
8059,2026-07-31,-0.015888004,-0.020446567,0.009587612,0.009891748,-1.656966
4532,2026-07-31,-0.017042272,-0.019430447,0.010180723,0.009625943,-1.6738101
6642,2026-07-31,-0.017228525,0.0001294845,0.010273885,0.009384576,-1.6767608
5508,2026-07-31,-0.013903674,-0.015817218,0.008287508,0.008233865,-1.6774639
6026,2026-07-31,-0.0154705625,-0.0022805196,0.00920579,0.008226086,-1.6803427
1338,2026-07-31,-0.0137744015,-0.014297177,0.008193276,0.005774803,-1.6809784
1305,2026-07-31,-0.014959205,-0.03373691,0.008892325,0.011540894,-1.6820711
2008,2026-07-31,-0.022013176,-0.0009979169,0.012995693,0.009710267,-1.693752
2485,2026-07-31,-0.019201051,-0.0098896595,0.011309192,0.015957339,-1.6976769
9136,2026-07-31,-0.013723239,-0.019934893,0.008065347,0.015387746,-1.7012955
8085,2026-07-31,-0.016216263,-0.016282111,0.009496278,0.011240321,-1.7074642
2643,2026-07-31,-0.021061627,-0.012239035,0.012316887,0.011522238,-1.7098409
2385,2026-07-31,-0.015388455,-0.011813612,0.0089500435,0.009530539,-1.71918
2390,2026-07-31,-0.01447948,-0.024180388,0.008416863,0.008987007,-1.7200897
2015,2026-07-31,-0.019262802,0.0020014448,0.011195747,0.008321774,-1.7203926
8435,2026-07-31,-0.018827312,-0.0014355906,0.010935832,0.011272738,-1.7214594
2373,2026-07-31,-0.018256405,-0.0108379265,0.010600626,0.009450196,-1.7220383
9919,2026-07-31,-0.017968139,-0.0266773,0.010416376,0.009499759,-1.7248237
4908,2026-07-31,-0.014382311,-0.018982591,0.0083259335,0.00961758,-1.7272037
6266,2026-07-31,-0.015027402,-0.014057575,0.008688127,0.009174457,-1.729449
1440,2026-07-31,-0.015340781,-0.030789915,0.008830037,0.010651394,-1.7371438
6418,2026-07-31,-0.01877285,-0.018814722,0.010772383,0.009075632,-1.7425213
2451,2026-07-31,-0.019631492,0.015923679,0.011194355,0.012072558,-1.753539
1340,2026-07-31,-0.017461788,-0.027959181,0.009948844,0.011632633,-1.754981
2020,2026-07-31,-0.016930874,-0.01434648,0.00960813,0.011121999,-1.761957
4192,2026-07-31,-0.020252364,-0.021927055,0.011425807,0.012861981,-1.7723554
8182,2026-07-31,-0.019355161,-0.038188115,0.010907884,0.012331017,-1.7742567
4807,2026-07-31,-0.020211015,-0.010172037,0.011354632,0.013108397,-1.779823
8222,2026-07-31,-0.016410148,-0.037629806,0.0091930125,0.011652767,-1.7848732
3234,2026-07-31,-0.016488332,-0.023737378,0.009182561,0.008712553,-1.7954181
6167,2026-07-31,-0.022990013,-0.017599586,0.012777301,0.01145733,-1.7991447
4153,2026-07-31,-0.016641455,0.017342491,0.009247595,0.010590898,-1.7993493
1702,2026-07-31,-0.023721175,-0.00045915556,0.013140489,0.012328453,-1.8050599
9105,2026-07-31,-0.01824727,-0.01759344,0.010103443,0.011221004,-1.8058659
0053,2026-07-31,-0.04487361,-0.04261004,0.024767771,0.019886388,-1.811701
2314,2026-07-31,-0.013501669,-0.019075774,0.0074246493,0.008018833,-1.8182477
1558,2026-07-31,-0.017326673,0.020519845,0.009487791,0.010533713,-1.8260149
4160,2026-07-31,-0.023491817,-0.020554133,0.0128413085,0.010080207,-1.8292518
5498,2026-07-31,-0.019142823,-0.025038827,0.010460672,0.010168353,-1.8298053
5484,2026-07-31,-0.014596729,-0.029099848,0.00796385,0.008601459,-1.8326432
1560,2026-07-31,-0.015953088,-0.023206126,0.008694772,0.009280565,-1.8345798
3450,2026-07-31,-0.024996249,-0.048768632,0.013600273,0.01435203,-1.8377874
1341,2026-07-31,-0.016536688,-0.010149798,0.008966985,0.009212773,-1.8439691
6124,2026-07-31,-0.017078215,-0.036711734,0.009257108,0.008811033,-1.8446766
3088,2026-07-31,-0.038904157,-0.078156866,0.021077499,0.023967277,-1.8456796
7705,2026-07-31,-0.018979084,-0.012765282,0.010279271,0.011607223,-1.8461657
6743,2026-07-31,-0.016255252,-0.012487899,0.008793898,0.010273175,-1.8482592
1321,2026-07-31,-0.018590009,0.0006670274,0.010036165,0.010040077,-1.8521174
5223,2026-07-31,-0.01939425,-0.016311003,0.010421133,0.010799443,-1.8608716
4728,2026-07-31,-0.019130452,-0.003576019,0.010194254,0.010932928,-1.8764075
2634,2026-07-31,-0.024615284,-0.027310258,0.01310835,0.010586197,-1.877689
2375,2026-07-31,-0.0257983,-0.020112691,0.013726744,0.01587167,-1.8792819
2528,2026-07-31,-0.016966196,-0.0016874806,0.009023261,0.011553454,-1.8800647
6128,2026-07-31,-0.015050862,-0.008609253,0.0079894615,0.0068659186,-1.8836036
5704,2026-07-31,-0.019088728,0.00903884,0.010031556,0.00931958,-1.9026785
3556,2026-07-31,-0.019488635,-0.011801976,0.010227231,0.011014947,-1.9053768
1714,2026-07-31,-0.027888926,-0.02882634,0.014575473,0.012473799,-1.9132835
6523,2026-07-31,-0.020401696,-0.015382878,0.010592926,0.011777866,-1.9257917
1514,2026-07-31,-0.02070211,-0.038885012,0.010675763,0.010063036,-1.9389875
4743,2026-07-31,-0.018486153,-0.04485605,0.009529797,0.010170556,-1.9396229
6782,2026-07-31,-0.020525035,-0.011504367,0.01056373,0.009178768,-1.9427882
1104,2026-07-31,-0.023143508,-0.012563406,0.011909065,0.00952413,-1.943189
4545,2026-07-31,-0.01358291,-0.015631268,0.0069567496,0.008101266,-1.9521989
1457,2026-07-31,-0.018908596,0.0004601625,0.009679587,0.0106068365,-1.9532489
8072,2026-07-31,-0.019526923,-0.009770855,0.009981825,0.010089059,-1.9560518
6426,2026-07-31,-0.02081165,-0.040934183,0.010599238,0.011946017,-1.9633192
1611,2026-07-31,-0.019162744,-0.015833048,0.009697904,0.010240594,-1.9757639
6936,2026-07-31,-0.015391479,-0.013665612,0.0077423863,0.008718789,-1.9876937
5468,2026-07-31,-0.021050347,-0.0011936651,0.010587628,0.009353023,-1.9880146
5007,2026-07-31,-0.017272076,-0.00090920157,0.0086497795,0.0069171106,-1.9965918
5263,2026-07-31,-0.017516756,-0.020816505,0.008767693,0.0087327175,-1.9976473
2754,2026-07-31,-0.016385524,-0.01293828,0.008187757,0.008245051,-2.000978
2409,2026-07-31,-0.020002438,-0.022928396,0.009961669,0.0106469225,-2.0077388
6150,2026-07-31,-0.02058881,-0.0030339689,0.01022836,0.01156459,-2.0127172
4966,2026-07-31,-0.01735964,-0.02529084,0.008617012,0.0071242265,-2.014344
9950,2026-07-31,-0.014610846,-0.00652014,0.0072505046,0.007872261,-2.014871
8049,2026-07-31,-0.021367503,-0.008074645,0.0105754705,0.011460772,-2.0202868
3230,2026-07-31,-0.019741552,-0.034000747,0.009745459,0.006781904,-2.02551
2103,2026-07-31,-0.020418651,-0.03332658,0.010062866,0.009719024,-2.0289073
1597,2026-07-31,-0.018192042,-0.03422789,0.008953924,0.009601998,-2.0315125
2109,2026-07-31,-0.017904691,-0.00530529,0.008797964,0.008631415,-2.0348635
1731,2026-07-31,-0.016200833,-0.00071648596,0.007954505,0.01144993,-2.0364304
6582,2026-07-31,-0.017286945,-0.012544285,0.008395355,0.010785856,-2.058863
2732,2026-07-31,-0.012845616,0.0018561837,0.0062186127,0.0075560035,-2.0653403
9934,2026-07-31,-0.018406594,-0.008225799,0.008909774,0.009951214,-2.065656
1712,2026-07-31,-0.019112764,-0.021802727,0.009226492,0.010902823,-2.0712848
1810,2026-07-31,-0.023000794,-0.042296194,0.011066658,0.010231245,-2.0781987
6962,2026-07-31,-0.014813742,-0.01945368,0.007118263,0.009805824,-2.0807972
4768,2026-07-31,-0.024026314,-0.04319536,0.011529554,0.011353289,-2.0837085
1721,2026-07-31,-0.020926611,-0.016147694,0.009954148,0.012842479,-2.1020894
6651,2026-07-31,-0.021650968,-0.0075892033,0.010289272,0.009794833,-2.1040227
6841,2026-07-31,-0.020421863,-0.035816535,0.009666245,0.00965072,-2.11248
2106,2026-07-31,-0.02015258,0.0030805604,0.009531447,0.009294604,-2.1141036
2743,2026-07-31,-0.015309807,-0.02438317,0.007203645,0.009975504,-2.1249912
6108,2026-07-31,-0.02339745,-0.025350643,0.011000699,0.0075542172,-2.1267123
6276,2026-07-31,-0.02154693,-0.02130791,0.010112357,0.01046266,-2.1305418
6982,2026-07-31,-0.022629892,-0.014158328,0.010616533,0.013257655,-2.13137
6789,2026-07-31,-0.021129899,-0.039009623,0.009895414,0.010140079,-2.1351066
8431,2026-07-31,-0.021080716,-0.029924655,0.009826312,0.0077989735,-2.1451151
4564,2026-07-31,-0.021482972,-0.038970362,0.00996767,0.010102777,-2.155049
2362,2026-07-31,-0.02054867,-0.01699773,0.009487608,0.009534702,-2.1656146
1789,2026-07-31,-0.021463178,-0.02648184,0.009903882,0.010575103,-2.1669292
1325,2026-07-31,-0.016449263,-0.013766086,0.0075649903,0.006421381,-2.174106
8215,2026-07-31,-0.018147774,-0.021340907,0.008311045,0.007609629,-2.1833103
1463,2026-07-31,-0.023076545,-0.009053444,0.010536146,0.01116915,-2.1900184
4538,2026-07-31,-0.025526183,-0.033877127,0.011586553,0.012702849,-2.2028966
1419,2026-07-31,-0.02157677,-0.002196893,0.009775154,0.010609672,-2.2070816
5356,2026-07-31,-0.02255241,-0.031461094,0.010214441,0.009827267,-2.2076783
1446,2026-07-31,-0.011905711,-0.018688582,0.0053524314,0.0077798353,-2.2239401
5285,2026-07-31,-0.029115196,-0.025847208,0.013084272,0.012151116,-2.2250357
3206,2026-07-31,-0.021699902,-0.014819685,0.009727189,0.008470313,-2.2306209
1742,2026-07-31,-0.028861713,0.0011714245,0.012905993,0.011823278,-2.23613
6843,2026-07-31,-0.0154155055,0.0075048776,0.0068916017,0.008509888,-2.2365294
6188,2026-07-31,-0.02183975,-0.036603577,0.009737682,0.0090760775,-2.2425778
6592,2026-07-31,-0.02770379,-0.011915696,0.012349759,0.010325703,-2.243084
1614,2026-07-31,-0.02234906,-0.0057594078,0.0099108275,0.008760295,-2.254787
8163,2026-07-31,-0.023786642,-0.013177799,0.010445432,0.013413913,-2.2770112
7747,2026-07-31,-0.01945192,0.0011068652,0.008519146,0.008064115,-2.28305
2108,2026-07-31,-0.018043006,-0.014360184,0.007900636,0.01007698,-2.283452
6290,2026-07-31,-0.030008443,-0.047329593,0.013136647,0.0147015285,-2.2841566
3083,2026-07-31,-0.02065436,-0.012968495,0.009019693,0.009240012,-2.2896643
3094,2026-07-31,-0.044107992,-0.045205697,0.019239757,0.019563084,-2.292425
5381,2026-07-31,-0.036943164,-0.037970375,0.016067497,0.012905362,-2.299105
4907,2026-07-31,-0.029432276,0.006855937,0.012711324,0.009086914,-2.3152554
2480,2026-07-31,-0.027118415,-0.003086619,0.011693193,0.011437041,-2.3189642
8426,2026-07-31,-0.02252109,-0.0029051446,0.009670357,0.00804889,-2.3286378
6115,2026-07-31,-0.018280994,-0.003612648,0.007838566,0.008961826,-2.3318884
5283,2026-07-31,-0.020123951,0.006798389,0.008616373,0.009944921,-2.3352768
8076,2026-07-31,-0.018583234,-0.027910482,0.007890428,0.008699424,-2.3548632
8411,2026-07-31,-0.0248419,-0.0034308895,0.010531075,0.0124513,-2.35869
3714,2026-07-31,-0.020644428,-0.028335778,0.008728325,0.009679194,-2.3649511
2712,2026-07-31,-0.026909452,-0.010668019,0.011306113,0.010990865,-2.3798695
3324,2026-07-31,-0.0182314,-0.010715124,0.0076267878,0.0066531585,-2.3901293
3029,2026-07-31,-0.023847854,-0.00909664,0.009946951,0.011245411,-2.3972628
3081,2026-07-31,-0.022182759,-0.027478095,0.009234592,0.009290458,-2.4018772
2201,2026-07-31,-0.023257319,-0.014472502,0.009641383,0.0076501286,-2.4119887
2349,2026-07-31,-0.022539003,-0.020815361,0.009327283,0.007969134,-2.4162004
1309,2026-07-31,-0.025781564,-0.050015762,0.0106455665,0.012909974,-2.4215848
7732,2026-07-31,-0.017909663,0.0029810031,0.0073518576,0.008532629,-2.435742
3591,2026-07-31,-0.023200555,-0.020398041,0.009507707,0.007599799,-2.4399273
4138,2026-07-31,-0.027280804,-0.012749152,0.0111644175,0.008160219,-2.4433303
3709,2026-07-31,-0.024062073,-0.019802146,0.009828735,0.009366201,-2.4478862
6596,2026-07-31,-0.027050236,-0.019383442,0.011047716,0.010886139,-2.4482696
4116,2026-07-31,-0.025210122,-0.0006470917,0.010249483,0.009349827,-2.459408
5234,2026-07-31,-0.022362828,-0.029622205,0.009074075,0.007994061,-2.4642031
3213,2026-07-31,-0.029591287,-0.017236115,0.011963383,0.011572336,-2.4732814
6284,2026-07-31,-0.031819444,-0.035403796,0.012837649,0.013061635,-2.4784105
3023,2026-07-31,-0.028722746,-0.017522113,0.011569929,0.010879861,-2.4823196
1323,2026-07-31,-0.023536352,-0.009872754,0.009444231,0.010539915,-2.4918768
3645,2026-07-31,-0.028734304,-0.02020702,0.011520946,0.009338732,-2.4938757
6895,2026-07-31,-0.023716005,-0.031479094,0.009494239,0.008332645,-2.497673
7715,2026-07-31,-0.026111674,0.003489363,0.010436561,0.012915637,-2.5017025
1434,2026-07-31,-0.022422861,-0.034543872,0.008946329,0.010244665,-2.5060954
2417,2026-07-31,-0.021603711,-0.023021,0.00861455,0.010194048,-2.5075252
7736,2026-07-31,-0.025532268,-0.017841615,0.010146756,0.00911353,-2.5160506
1235,2026-07-31,-0.025467802,-0.015732935,0.010114686,0.010464131,-2.5176544
6612,2026-07-31,-0.029596182,-0.020850757,0.011705711,0.013598242,-2.5281382
5210,2026-07-31,-0.025384195,-0.016994886,0.009975404,0.010069033,-2.5444233
2402,2026-07-31,-0.015229523,-0.022762595,0.00598423,0.0076931943,-2.5445178
1813,2026-07-31,-0.02167471,-0.012153792,0.008498922,0.009517905,-2.5499892
4991,2026-07-31,-0.03405856,-0.040948696,0.0133547895,0.014014988,-2.550097
2356,2026-07-31,-0.031474624,-0.026272777,0.012326348,0.009524714,-2.5532355
6294,2026-07-31,-0.027381796,-0.017229855,0.010708151,0.008830109,-2.5568595
2540,2026-07-31,-0.026883898,0.0024648935,0.010489941,0.013602939,-2.5625823
1447,2026-07-31,-0.028261248,-0.044142205,0.01099492,0.011227936,-2.5701578
6235,2026-07-31,-0.032488726,-0.034866128,0.012586934,0.010617686,-2.580942
6530,2026-07-31,-0.02593909,-0.032700326,0.009988553,0.008807708,-2.5966218
6451,2026-07-31,-0.034415122,-0.04865889,0.013239597,0.015423865,-2.5992122
1240,2026-07-31,-0.026664833,-0.010890082,0.01024626,0.010133406,-2.6021426
2527,2026-07-31,-0.026304789,-0.020553691,0.010073499,0.011924864,-2.611027
4161,2026-07-31,-0.020591674,0.005659004,0.007858504,0.009297283,-2.6199713
6899,2026-07-31,-0.0163402,-0.025003994,0.0062225265,0.010140841,-2.6255534
6183,2026-07-31,-0.026099948,0.0014991114,0.009882273,0.0102309,-2.6408203
8039,2026-07-31,-0.025262019,-0.048865613,0.009559987,0.010815427,-2.6421976
1203,2026-07-31,-0.033109963,0.0053038895,0.012518666,0.012327522,-2.6446364
2545,2026-07-31,-0.02562929,-0.035297405,0.009677817,0.010544563,-2.6479774
6581,2026-07-31,-0.024408113,0.0020535034,0.009190266,0.010020009,-2.6555767
6209,2026-07-31,-0.05567397,-0.07066648,0.020945381,0.020069294,-2.657928
6552,2026-07-31,-0.018137505,-0.023680644,0.006758084,0.008782179,-2.6834266
5864,2026-07-31,-0.03895696,-0.034699846,0.014485361,0.01116546,-2.6892164
3717,2026-07-31,-0.046095543,-0.020475917,0.017103441,0.014115373,-2.6949458
6431,2026-07-31,-0.021466523,-0.030814823,0.007929642,0.010825097,-2.7067826
2332,2026-07-31,-0.04105653,-0.045743704,0.015133441,0.010460933,-2.7127879
4419,2026-07-31,-0.029335015,-0.033746123,0.010794627,0.0070302906,-2.7173054
3050,2026-07-31,-0.02843049,-0.014582371,0.010438364,0.009418784,-2.7233927
4168,2026-07-31,-0.031060485,-0.04443877,0.0113823,0.009287039,-2.728601
4148,2026-07-31,-0.023007277,-0.019296998,0.008405823,0.011402393,-2.7367384
4530,2026-07-31,-0.04173529,-0.052349165,0.0152261285,0.016646845,-2.740851
3689,2026-07-31,-0.023134386,-0.025109882,0.008419381,0.010033422,-2.7474272
5516,2026-07-31,-0.028095987,0.005246005,0.0101735,0.011192722,-2.7614121
6462,2026-07-31,-0.026115723,-0.03611599,0.0094159,0.006479698,-2.7732823
2645,2026-07-31,-0.04661791,-0.049726322,0.016765302,0.021597566,-2.7804527
4726,2026-07-31,-0.018398464,-0.02793985,0.006604353,0.010276048,-2.785387
6230,2026-07-31,-0.0382,-0.055361807,0.013677651,0.013563342,-2.7926729
6859,2026-07-31,-0.026985677,-0.027052091,0.009599934,0.008815675,-2.8107343
5519,2026-07-31,-0.02321252,-0.009852303,0.00824815,0.008372716,-2.8139286
2033,2026-07-31,-0.029331796,-0.009542701,0.010412584,0.0092442855,-2.816686
4916,2026-07-31,-0.051356833,-0.049284033,0.01820493,0.018542131,-2.820885
5523,2026-07-31,-0.032856707,-0.014730271,0.011634607,0.008385381,-2.8238068
6109,2026-07-31,-0.022801904,-0.015260214,0.008071782,0.011159759,-2.8245409
9929,2026-07-31,-0.026375467,-0.0038148046,0.009321766,0.007951299,-2.829146
3048,2026-07-31,-0.032886315,-0.04195221,0.011523801,0.011858736,-2.8535256
3434,2026-07-31,-0.03346994,-0.01836322,0.011717736,0.010125278,-2.856105
4166,2026-07-31,-0.028090445,-0.033775147,0.009816051,0.008950832,-2.8613932
4971,2026-07-31,-0.02146235,-0.03561943,0.0074785063,0.008112279,-2.8694875
6472,2026-07-31,-0.029537559,-0.034397647,0.010275033,0.012163686,-2.8744125
6227,2026-07-31,-0.03176355,-0.008377803,0.01100212,0.011871615,-2.8867767
6955,2026-07-31,-0.024967948,-0.021004574,0.008631072,0.00807971,-2.8924627
8422,2026-07-31,-0.024643803,-0.034498073,0.008502009,0.009572393,-2.8982449
1439,2026-07-31,-0.024259293,-0.0010529261,0.008347864,0.010093014,-2.9056997
6923,2026-07-31,-0.030096931,-0.017334512,0.010339004,0.010165408,-2.9107273
3150,2026-07-31,-0.02829606,-0.015066148,0.0096768625,0.009008921,-2.9237924
5284,2026-07-31,-0.036371987,-0.03498839,0.012395755,0.00879238,-2.9339924
6664,2026-07-31,-0.031374242,-0.030825976,0.010663697,0.008472287,-2.9418786
3691,2026-07-31,-0.03627538,-0.047856253,0.012321077,0.009645394,-2.9439337
4744,2026-07-31,-0.024876576,-0.014230784,0.008447697,0.010725674,-2.9444273
3511,2026-07-31,-0.027349357,-0.026129134,0.009279743,0.010447379,-2.946893
2258,2026-07-31,-0.022720098,-0.018727621,0.007704522,0.007867712,-2.9485476
2204,2026-07-31,-0.038765594,-0.016988333,0.013080273,0.012625916,-2.963442
3305,2026-07-31,-0.030009488,-0.041789282,0.010101388,0.008818706,-2.9705338
4905,2026-07-31,-0.021481812,-0.015397704,0.0072096456,0.0071050916,-2.97918
1218,2026-07-31,-0.029694255,-0.030019127,0.009940698,0.009214554,-2.9868393
4137,2026-07-31,-0.029457677,-0.017865708,0.009852409,0.014594171,-2.9895923
3043,2026-07-31,-0.03331002,-0.036151122,0.011112255,0.012528602,-2.9973233
2547,2026-07-31,-0.033215072,-0.004190384,0.011052685,0.010961342,-3.0048869
8097,2026-07-31,-0.03382145,-0.033108097,0.011249149,0.011043589,-3.006311
3056,2026-07-31,-0.026840627,-0.010305346,0.008925154,0.007951641,-3.0069644
6695,2026-07-31,-0.031189108,-0.023380956,0.010354674,0.009816991,-3.011789
8454,2026-07-31,-0.034405164,-0.014808742,0.011408836,0.010228525,-3.0153952
5245,2026-07-31,-0.0193697,-0.03984975,0.0064179413,0.009692844,-3.017585
1315,2026-07-31,-0.028496329,-0.009878418,0.0094282115,0.010743367,-3.0221326
5345,2026-07-31,-0.033138897,-0.026625143,0.010960056,0.014648243,-3.0233305
6535,2026-07-31,-0.023895113,-0.034115747,0.007895103,0.011740428,-3.0261905
2539,2026-07-31,-0.025477676,0.0073673804,0.008327239,0.0079441685,-3.059191
2537,2026-07-31,-0.026903363,-0.01079554,0.008751114,0.009426,-3.0739274
3597,2026-07-31,-0.029334454,-0.009212327,0.009538906,0.008046995,-3.0749207
2010,2026-07-31,-0.027626816,-0.019223154,0.008958277,0.009621774,-3.0835986
6111,2026-07-31,-0.028274814,-0.033884156,0.009139772,0.009901447,-3.0932631
1525,2026-07-31,-0.031507198,0.0016366142,0.010174715,0.009912484,-3.0963128
1410,2026-07-31,-0.033024926,-0.020979196,0.010643237,0.011663316,-3.1026108
6499,2026-07-31,-0.026276493,-0.048717175,0.008456302,0.010170658,-3.1069593
1626,2026-07-31,-0.032559134,-0.036365874,0.01047205,0.013187186,-3.1088493
7556,2026-07-31,-0.028530955,-0.031423025,0.00916905,0.0108435005,-3.1113195
6016,2026-07-31,-0.03554791,-0.029528594,0.011394786,0.012628024,-3.1193907
6835,2026-07-31,-0.03999675,-0.032322746,0.012708252,0.01057842,-3.1470578
6672,2026-07-31,-0.039665796,-0.048219595,0.012591443,0.012491776,-3.1499681
6492,2026-07-31,-0.021725694,-0.036198847,0.0068883756,0.010210468,-3.153507
3149,2026-07-31,-0.037251014,-0.053518,0.011802965,0.012650042,-3.155805
2762,2026-07-31,-0.035478603,-0.02167388,0.01120461,0.011593643,-3.1661465
2849,2026-07-31,-0.03825305,-0.02023811,0.012078342,0.009643895,-3.1668158
2254,2026-07-31,-0.031229787,-0.029462831,0.009850222,0.010285844,-3.1701434
2305,2026-07-31,-0.048697732,-0.041637544,0.015263364,0.016236234,-3.190289
3018,2026-07-31,-0.03548815,0.008177649,0.0110633485,0.011264321,-3.2074325
6720,2026-07-31,-0.032460067,-0.028369395,0.010075505,0.010849584,-3.2213616
6246,2026-07-31,-0.034072872,-0.028553111,0.010526323,0.011231113,-3.2366133
2524,2026-07-31,-0.032540366,-0.025157847,0.010051722,0.009337767,-3.2369707
1232,2026-07-31,-0.026517352,-0.02032862,0.008178284,0.007952999,-3.2420137
2303,2026-07-31,-0.034427468,-0.029840445,0.010612384,0.0090104155,-3.2437785
3163,2026-07-31,-0.0428391,-0.04954169,0.0131993815,0.012957765,-3.2452924
6136,2026-07-31,-0.03846841,-0.014907068,0.01170559,0.008137639,-3.2860472
3058,2026-07-31,-0.025444515,-0.030217327,0.007731929,0.00726068,-3.2904112
3047,2026-07-31,-0.021413613,-0.033016834,0.006503883,0.00866422,-3.2919292
4442,2026-07-31,-0.03913806,-0.009146508,0.011886277,0.00738727,-3.2924325
9921,2026-07-31,-0.044894647,-0.035512306,0.013593597,0.012824795,-3.302389
4931,2026-07-31,-0.04283331,-0.07446244,0.012934579,0.015660884,-3.3112788
6197,2026-07-31,-0.03771062,-0.041384704,0.011377638,0.013258979,-3.3141592
4535,2026-07-31,-0.025540905,0.0022821906,0.0077028857,0.009909144,-3.3153276
1616,2026-07-31,-0.02914501,-0.038629774,0.008736947,0.010859872,-3.3354528
1727,2026-07-31,-0.051899966,-0.06515976,0.015529119,0.015941845,-3.3418908
6716,2026-07-31,-0.038358428,-0.028143872,0.011471616,0.010721578,-3.3434768
2233,2026-07-31,-0.035499047,-0.04915233,0.010603099,0.014645215,-3.347672
6241,2026-07-31,-0.033846784,-0.019245053,0.010069203,0.01086914,-3.3610826
6409,2026-07-31,-0.02687364,-0.03529327,0.007944138,0.0070586116,-3.3824008
3219,2026-07-31,-0.02901455,-0.026953163,0.008569604,0.008498156,-3.3853564
6609,2026-07-31,-0.024775526,-0.03789516,0.007290656,0.009210145,-3.3977914
2820,2026-07-31,-0.032840975,-0.016606547,0.0096643185,0.010482956,-3.397816
2236,2026-07-31,-0.029311847,-0.056490507,0.008624242,0.012244329,-3.3983798
4190,2026-07-31,-0.03210741,-0.024892611,0.009434995,0.0064909323,-3.402652
6865,2026-07-31,-0.03427587,-0.030571219,0.010052316,0.010979446,-3.4094095
8249,2026-07-31,-0.027664287,-0.03538365,0.008101078,0.007886549,-3.414468
6215,2026-07-31,-0.034081616,-0.05012752,0.009940623,0.010929247,-3.428174
8462,2026-07-31,-0.03650438,0.007196723,0.0105964355,0.010902725,-3.4446428
5392,2026-07-31,-0.05795015,-0.06488444,0.016795909,0.014041337,-3.4500484
2062,2026-07-31,-0.029535318,-0.01464263,0.008540498,0.009245346,-3.4578614
5209,2026-07-31,-0.033707105,-0.015581572,0.009716193,0.009185734,-3.4688108
5321,2026-07-31,-0.043009084,-0.041428413,0.012376054,0.013052351,-3.4749045
6015,2026-07-31,-0.03186059,-0.017670516,0.009153893,0.008663085,-3.4801705
6494,2026-07-31,-0.032685507,-0.0029963965,0.009389655,0.011420958,-3.4806418
6840,2026-07-31,-0.03238755,-0.018927386,0.009285143,0.009626279,-3.487729
6222,2026-07-31,-0.03491654,-0.020788986,0.009960783,0.010122409,-3.5050492
6517,2026-07-31,-0.042132616,-0.037530143,0.011994238,0.01500713,-3.5124452
6949,2026-07-31,-0.030977476,-0.067384586,0.008754001,0.008540244,-3.5382607
4943,2026-07-31,-0.036169045,-0.019394465,0.01021946,0.009872459,-3.538886
1436,2026-07-31,-0.024657385,-0.033659376,0.0069645247,0.0067763464,-3.539918
8109,2026-07-31,-0.024060912,-0.049689904,0.0067783063,0.0092239585,-3.5491705
6171,2026-07-31,-0.033824548,-0.009535591,0.009480106,0.010310236,-3.567574
4972,2026-07-31,-0.037624612,-0.038147807,0.010544722,0.008846131,-3.5677607
2007,2026-07-31,-0.025240628,-0.019771544,0.0070582856,0.0066102636,-3.5755217
1476,2026-07-31,-0.030668054,-0.016213166,0.008570856,0.012237372,-3.577761
2461,2026-07-31,-0.035038196,-0.025207425,0.009760038,0.008743322,-3.5895972
6158,2026-07-31,-0.040059984,-0.026697433,0.011118459,0.009657446,-3.602692
8466,2026-07-31,-0.034967422,-0.032376952,0.009702213,0.009804321,-3.6036952
6446,2026-07-31,-0.046397306,-0.061018,0.012872549,0.01398577,-3.6040804
3176,2026-07-31,-0.030425029,-0.054650787,0.008426069,0.011030367,-3.6103926
3224,2026-07-31,-0.032169305,-0.030240687,0.008889456,0.009691613,-3.6184087
6496,2026-07-31,-0.0348374,-0.029799866,0.009596041,0.009020781,-3.6300144
2425,2026-07-31,-0.036709633,-0.02747316,0.01010043,0.008657876,-3.6341026
5604,2026-07-31,-0.023204923,-0.0243425,0.0063546523,0.008325315,-3.6510687
6504,2026-07-31,-0.048450265,-0.007636144,0.0132522145,0.010164738,-3.655737
3376,2026-07-31,-0.040271617,-0.057808362,0.01101233,0.010899872,-3.656625
5465,2026-07-31,-0.034648657,-0.035858702,0.009473697,0.010019523,-3.6569672
3229,2026-07-31,-0.0617154,-0.047078364,0.016870176,0.013349142,-3.658038
6184,2026-07-31,-0.034266267,-0.030962441,0.009354859,0.008019738,-3.6625464
6202,2026-07-31,-0.05088611,-0.03220927,0.013888691,0.015153192,-3.6635883
6104,2026-07-31,-0.034678746,-0.035069905,0.009440592,0.010949012,-3.6729767
8234,2026-07-31,-0.04756837,-0.059077304,0.012896278,0.0131988,-3.6882486
3622,2026-07-31,-0.028782278,-0.021868385,0.007796853,0.009142895,-3.691052
6189,2026-07-31,-0.027179249,-0.015168557,0.0073604914,0.011424423,-3.6920846
6924,2026-07-31,-0.06065107,-0.022465967,0.016388766,0.014957883,-3.700545
2423,2026-07-31,-0.04278711,-0.034365978,0.011552016,0.011134775,-3.7035444
4502,2026-07-31,-0.036785748,-0.01826896,0.009907006,0.009951593,-3.7127295
2392,2026-07-31,-0.029689828,-0.047609918,0.00797232,0.008440563,-3.7236469
2365,2026-07-31,-0.041890483,-0.051439334,0.011209583,0.011491916,-3.7366908
8374,2026-07-31,-0.03620244,-0.052550044,0.0096447,0.007663303,-3.7532203
4576,2026-07-31,-0.037557658,-0.047217123,0.009991963,0.009343503,-3.7584105
4440,2026-07-31,-0.037658874,-0.016768996,0.010005542,0.009992588,-3.7634254
4139,2026-07-31,-0.032387864,-0.02886233,0.008585075,0.00986087,-3.7721384
3518,2026-07-31,-0.032154758,-0.019253854,0.008512042,0.007889145,-3.777117
6952,2026-07-31,-0.032006644,-0.006878552,0.008471639,0.01091343,-3.7776475
6649,2026-07-31,-0.049809184,-0.049449265,0.0131584965,0.014452319,-3.785037
6830,2026-07-31,-0.05273925,-0.056927588,0.013920681,0.013111754,-3.788282
5530,2026-07-31,-0.024369432,-0.026318464,0.006426397,0.0070433924,-3.7914934
3260,2026-07-31,-0.041775446,-0.03452886,0.011005737,0.013124902,-3.7954433
6870,2026-07-31,-0.041461136,-0.04013509,0.010836797,0.011686756,-3.8256054
3531,2026-07-31,-0.041478172,-0.01465829,0.010830264,0.009688772,-3.829486
4989,2026-07-31,-0.052627992,-0.079677425,0.0137099605,0.016095173,-3.8383884
6020,2026-07-31,-0.04923676,-0.042001296,0.012824196,0.012680046,-3.8390646
2406,2026-07-31,-0.05333846,-0.045947995,0.013877814,0.014155381,-3.843157
3257,2026-07-31,-0.034565058,-0.024196668,0.008965213,0.010453623,-3.855034
4174,2026-07-31,-0.045405746,-0.06737795,0.011727635,0.0085253455,-3.871358
5344,2026-07-31,-0.05540296,-0.051660776,0.014299492,0.011291372,-3.8741994
6666,2026-07-31,-0.030472554,-0.021882357,0.007863138,0.009080279,-3.8748753
3693,2026-07-31,-0.045140743,-0.062575296,0.011634202,0.010703453,-3.87967
8472,2026-07-31,-0.030093165,-0.04114042,0.0077499766,0.009161522,-3.8825
7402,2026-07-31,-0.05404318,-0.059607163,0.013903875,0.014016864,-3.8866355
3339,2026-07-31,-0.038356908,-0.03594274,0.009835092,0.011114369,-3.8996081
5215,2026-07-31,-0.045881037,-0.03005202,0.011750944,0.010080976,-3.904123
3294,2026-07-31,-0.03403712,-0.03119867,0.008709815,0.011138621,-3.9074552
3646,2026-07-31,-0.03789401,-0.034662686,0.009677224,0.009345822,-3.9153888
6186,2026-07-31,-0.04471976,-0.04008418,0.011354522,0.011305024,-3.938151
5315,2026-07-31,-0.03981848,-0.032121114,0.010105336,0.008257485,-3.9399521
6913,2026-07-31,-0.03645634,-0.031318266,0.009248469,0.009443069,-3.941452
8478,2026-07-31,-0.042133078,-0.034396376,0.0106871575,0.009861778,-3.9420338
1603,2026-07-31,-0.034442402,-0.022059925,0.008707549,0.009040286,-3.9550102
4438,2026-07-31,-0.03098703,-0.021873124,0.007806728,0.00837819,-3.968764
1599,2026-07-31,-0.041144405,-0.009767109,0.010360631,0.012145607,-3.9708424
1604,2026-07-31,-0.04159618,-0.02456551,0.010457495,0.010988752,-3.9772625
0057,2026-07-31,-0.203694,-0.20493414,0.05110274,0.05465015,-3.9858925
6277,2026-07-31,-0.03884618,-0.020524727,0.0096973395,0.011784608,-4.0054464
1725,2026-07-31,-0.035942152,-0.022064205,0.008951888,0.010617451,-4.0145874
2061,2026-07-31,-0.05330077,-0.03764839,0.013169995,0.014044353,-4.0468297
6415,2026-07-31,-0.037403863,-0.04108785,0.009225716,0.010735108,-4.053865
4420,2026-07-31,-0.0302447,-0.0345961,0.0074523785,0.009165988,-4.0578513
1307,2026-07-31,-0.034909684,-0.022567058,0.008598892,0.0086593805,-4.0593166
8044,2026-07-31,-0.03136174,-0.04088498,0.007701109,0.007465988,-4.071838
6199,2026-07-31,-0.043022975,-0.039273486,0.010552347,0.012171987,-4.076714
8482,2026-07-31,-0.043113057,-0.026434498,0.010536713,0.012838493,-4.0913105
6767,2026-07-31,-0.044260528,-0.027780218,0.010810741,0.009382069,-4.093746
1522,2026-07-31,-0.038463157,-0.025347924,0.009358928,0.009453238,-4.109343
3713,2026-07-31,-0.047726117,-0.03308415,0.011542214,0.009690127,-4.1345606
1460,2026-07-31,-0.03770644,-0.045357767,0.009113233,0.009869208,-4.137094
5227,2026-07-31,-0.042903908,-0.0419781,0.010344429,0.009720183,-4.1471367
8101,2026-07-31,-0.037468903,-0.041762345,0.009028951,0.009511225,-4.1494026
4967,2026-07-31,-0.039255068,-0.03032153,0.009449537,0.008401102,-4.1537395
3027,2026-07-31,-0.038939722,-0.029478502,0.009356723,0.008177751,-4.1612387
2377,2026-07-31,-0.04355962,-0.040360987,0.010433269,0.007875771,-4.174669
2704,2026-07-31,-0.035656136,-0.00931916,0.0085330065,0.011835421,-4.1781235
4580,2026-07-31,-0.035205808,-0.024070736,0.008415163,0.009032948,-4.183119
3632,2026-07-31,-0.04384516,-0.035229262,0.01046811,0.010529709,-4.1880503
5309,2026-07-31,-0.051470257,-0.051401045,0.012230587,0.011079311,-4.2079787
2939,2026-07-31,-0.04448627,-0.038837235,0.0105381,0.010681127,-4.221069
4549,2026-07-31,-0.04350902,-0.02882396,0.01026186,0.0087263575,-4.239464
8271,2026-07-31,-0.046226285,-0.032809433,0.01084752,0.009632487,-4.2610683
4974,2026-07-31,-0.03572561,-0.021838939,0.008336818,0.00858271,-4.284767
6919,2026-07-31,-0.045322906,-0.026143746,0.010548927,0.014323985,-4.2960396
6965,2026-07-31,-0.044281553,-0.036016885,0.010294802,0.01071035,-4.300933
3071,2026-07-31,-0.045093678,-0.030911682,0.010461988,0.0076202345,-4.309828
8069,2026-07-31,-0.041388486,-0.03799549,0.009596967,0.009892806,-4.3122134
6432,2026-07-31,-0.05613506,-0.026916454,0.012931751,0.010108761,-4.3405347
3141,2026-07-31,-0.041048843,-0.027122024,0.009448519,0.010191749,-4.344014
2723,2026-07-31,-0.040309157,-0.030240424,0.0092472,0.01173852,-4.358595
6928,2026-07-31,-0.049097452,-0.06491843,0.011233984,0.00942938,-4.370051
4183,2026-07-31,-0.054536805,-0.03682222,0.012448801,0.008097864,-4.380536
3363,2026-07-31,-0.04514582,-0.061916634,0.010282427,0.008308414,-4.390153
6122,2026-07-31,-0.03428866,-0.012277063,0.007788137,0.009969644,-4.402113
4569,2026-07-31,-0.063597396,-0.042163912,0.014430243,0.0114632,-4.4069242
3085,2026-07-31,-0.044244982,-0.030836781,0.010036363,0.011061606,-4.408028
2035,2026-07-31,-0.03373506,-0.048010524,0.0076285372,0.0079377005,-4.421639
3609,2026-07-31,-0.041139342,-0.043760136,0.009287969,0.012375683,-4.4288383
1722,2026-07-31,-0.038574275,-0.0506378,0.008704256,0.0096414825,-4.4311476
1904,2026-07-31,-0.044363506,-0.043892734,0.010002454,0.010415516,-4.4348187
5013,2026-07-31,-0.04232541,-0.0278913,0.00949727,0.007486226,-4.4561176
2025,2026-07-31,-0.04252944,-0.018308612,0.009530762,0.008959708,-4.4618654
1524,2026-07-31,-0.0488658,-0.04470675,0.010937092,0.00918901,-4.4674883
5371,2026-07-31,-0.04840381,-0.07938296,0.010833424,0.011998878,-4.467594
4510,2026-07-31,-0.04636457,-0.06670462,0.010369054,0.013484202,-4.4710054
5348,2026-07-31,-0.06403887,-0.043807816,0.014243682,0.010965079,-4.4956336
2230,2026-07-31,-0.044991318,-0.034862127,0.00997603,0.012247023,-4.50949
4306,2026-07-31,-0.0436505,-0.03861786,0.009577349,0.01005487,-4.557205
8444,2026-07-31,-0.06464503,-0.06991397,0.014125065,0.015255332,-4.576294
3321,2026-07-31,-0.03682896,-0.029110197,0.008045471,0.010210618,-4.5770326
6208,2026-07-31,-0.035739727,-0.030467493,0.007787051,0.007809178,-4.5890465
6165,2026-07-31,-0.04341997,-0.03191829,0.009459507,0.009119331,-4.5896025
6807,2026-07-31,-0.034102794,-0.007835859,0.007419075,0.007427741,-4.596018
3059,2026-07-31,-0.04061457,-0.04482993,0.0088292,0.008774442,-4.5995073
8908,2026-07-31,-0.050366517,-0.028068611,0.010921916,0.0111805815,-4.611087
3169,2026-07-31,-0.032057993,-0.0405892,0.006944788,0.0065814736,-4.615458
3438,2026-07-31,-0.04780048,-0.029873973,0.010336595,0.012199159,-4.623946
5487,2026-07-31,-0.04558157,-0.024679776,0.009839007,0.010380332,-4.6322703
6461,2026-07-31,-0.052423798,-0.05254949,0.011307208,0.010591467,-4.6359067
1536,2026-07-31,-0.038007952,-0.058109894,0.008191382,0.011385282,-4.639426
6237,2026-07-31,-0.034431264,-0.029944198,0.007408392,0.00915473,-4.6469755
8155,2026-07-31,-0.042919364,-0.053706296,0.009214184,0.010233832,-4.657461
4147,2026-07-31,-0.049368493,-0.07863473,0.010580183,0.012288972,-4.6656876
8227,2026-07-31,-0.04723377,-0.04556076,0.010075839,0.011056797,-4.68736
2208,2026-07-31,-0.049030527,-0.05653793,0.010451175,0.01005875,-4.69094
4439,2026-07-31,-0.052690316,-0.03909414,0.011229589,0.0116577195,-4.691679
2460,2026-07-31,-0.04270167,-0.034992345,0.009096782,0.009125045,-4.693635
3441,2026-07-31,-0.07726986,-0.034428634,0.016452946,0.014100732,-4.6961293
6130,2026-07-31,-0.03895273,-0.03783365,0.008290214,0.009183644,-4.698073
9110,2026-07-31,-0.054142788,-0.014821089,0.011504836,0.010791811,-4.7056804
4563,2026-07-31,-0.03855269,-0.046388067,0.008139255,0.0072570615,-4.736054
6712,2026-07-31,-0.06618318,-0.06997816,0.013891102,0.013241793,-4.7640867
3563,2026-07-31,-0.04462594,-0.05508385,0.009343663,0.0095243,-4.7755537
2405,2026-07-31,-0.044103142,-0.039250437,0.009228861,0.008831778,-4.7783103
5471,2026-07-31,-0.06273545,-0.06519066,0.013100301,0.011417969,-4.7884903
2916,2026-07-31,-0.035721023,-0.021952037,0.007450069,0.008002676,-4.7940803
5222,2026-07-31,-0.05480062,-0.060375623,0.011424737,0.009054119,-4.7962437
3051,2026-07-31,-0.05011771,-0.036418606,0.010441761,0.011732748,-4.7992773
6589,2026-07-31,-0.041982617,-0.049720477,0.008739249,0.007734371,-4.803366
1569,2026-07-31,-0.03037209,-0.03565418,0.0063131712,0.0075910883,-4.810147
3128,2026-07-31,-0.04922125,-0.023728298,0.010221616,0.010516609,-4.8149366
3672,2026-07-31,-0.060457475,-0.049231037,0.012512913,0.013084955,-4.8312206
6756,2026-07-31,-0.040468886,-0.03223375,0.008369671,0.009518137,-4.8346047
5276,2026-07-31,-0.04619402,-0.03457743,0.009527972,0.012055856,-4.8477445
5538,2026-07-31,-0.030733883,-0.02165318,0.006333779,0.008524462,-4.851611
2464,2026-07-31,-0.05680976,-0.066570096,0.011679853,0.013569989,-4.863494
6885,2026-07-31,-0.050224338,-0.042822048,0.0102754105,0.009316671,-4.8873425
8926,2026-07-31,-0.07221852,-0.10719613,0.014758568,0.016291866,-4.892997
3310,2026-07-31,-0.06930507,-0.06434607,0.014161138,0.012935332,-4.893687
3042,2026-07-31,-0.05799489,-0.050869863,0.011848811,0.009740107,-4.8941617
2049,2026-07-31,-0.056961313,-0.05753007,0.01159333,0.013426003,-4.9128594
3685,2026-07-31,-0.04692873,-0.041893322,0.009510108,0.011017816,-4.934097
6918,2026-07-31,-0.032415602,-0.020634465,0.0065512056,0.010380227,-4.9472814
4198,2026-07-31,-0.069407225,-0.057402052,0.014016127,0.017282767,-4.951601
6804,2026-07-31,-0.050383434,-0.013674017,0.010132553,0.012629711,-4.9719415
6120,2026-07-31,-0.06417684,-0.056688122,0.012859564,0.013093678,-4.9902043
3484,2026-07-31,-0.051405717,-0.032462392,0.010240128,0.012272519,-5.0195365
2484,2026-07-31,-0.08584317,-0.0863591,0.017093895,0.017378846,-5.0215673
2239,2026-07-31,-0.052998725,-0.05776488,0.010544123,0.0100650815,-5.025899
6863,2026-07-31,-0.058095183,-0.04756487,0.011509917,0.009945674,-5.046964
8067,2026-07-31,-0.07014535,-0.056897562,0.0138683645,0.014010369,-5.057575
6285,2026-07-31,-0.08209133,-0.094597846,0.01620126,0.016152022,-5.0666595
2427,2026-07-31,-0.042691253,-0.0479734,0.008419144,0.008383007,-5.070133
2359,2026-07-31,-0.07425067,-0.10810606,0.01462846,0.01469996,-5.075421
6548,2026-07-31,-0.06423684,-0.04222169,0.012647428,0.012617172,-5.0786424
1909,2026-07-31,-0.055224124,-0.047261484,0.010829394,0.01078153,-5.0989947
6776,2026-07-31,-0.05210902,-0.03283794,0.010187888,0.011807722,-5.1142993
5225,2026-07-31,-0.05078709,-0.03921564,0.009927751,0.008456757,-5.1151543
8011,2026-07-31,-0.06185422,-0.04896112,0.01206655,0.012812702,-5.125665
5460,2026-07-31,-0.03698839,-0.018053222,0.007206999,0.012767911,-5.131575
4919,2026-07-31,-0.07121338,-0.091714464,0.013867858,0.017306566,-5.134769
2740,2026-07-31,-0.046446856,-0.03836194,0.0090404535,0.010151032,-5.1371007
3576,2026-07-31,-0.040284462,-0.056238983,0.007793283,0.009939204,-5.1684628
1477,2026-07-31,-0.045518637,-0.027755117,0.008793638,0.0098440545,-5.175726
4912,2026-07-31,-0.056299448,-0.05152517,0.010842262,0.010435838,-5.1921134
6477,2026-07-31,-0.06495409,-0.08949752,0.01245229,0.01628004,-5.215817
2722,2026-07-31,-0.04184782,-0.040268652,0.00802104,0.012480459,-5.2166057
3607,2026-07-31,-0.03971893,-0.03336874,0.0076030707,0.009089755,-5.223377
4572,2026-07-31,-0.03785785,-0.025375286,0.0072281174,0.010031833,-5.2368565
1454,2026-07-31,-0.05126958,-0.032979272,0.009702367,0.010452383,-5.2836895
6116,2026-07-31,-0.065290116,-0.064703636,0.012345422,0.0124910185,-5.288181
6969,2026-07-31,-0.048113167,-0.040947977,0.009058675,0.01186991,-5.3106947
4430,2026-07-31,-0.047565203,-0.02612508,0.0089329,0.007818822,-5.3241253
9949,2026-07-31,-0.05899214,-0.06498583,0.011067849,0.010201722,-5.329564
4903,2026-07-31,-0.050695904,-0.06080443,0.009446381,0.012717394,-5.366133
6855,2026-07-31,-0.0526083,-0.02748038,0.009789414,0.009982873,-5.37345
8033,2026-07-31,-0.0679054,-0.10018209,0.012573975,0.013728066,-5.4000425
3268,2026-07-31,-0.033667423,-0.0023813692,0.006216899,0.008965198,-5.414598
1445,2026-07-31,-0.04857416,-0.041958872,0.008969334,0.0096901655,-5.414978
4585,2026-07-31,-0.043159604,-0.071485475,0.007947896,0.007721022,-5.429635
6187,2026-07-31,-0.044903025,-0.046073627,0.008249325,0.008401112,-5.4425764
4737,2026-07-31,-0.059769265,-0.06637511,0.01098027,0.010477915,-5.442837
6142,2026-07-31,-0.060407802,-0.050831717,0.011063575,0.0095924195,-5.459568
1781,2026-07-31,-0.046189245,-0.027772052,0.008447151,0.007999667,-5.467379
2511,2026-07-31,-0.039254412,-0.0017398441,0.0071711256,0.009197769,-5.473191
2477,2026-07-31,-0.05080519,-0.030967614,0.009253072,0.01032783,-5.490036
3004,2026-07-31,-0.07088187,-0.0551836,0.012908119,0.012965491,-5.4908376
8093,2026-07-31,-0.06949035,-0.062174905,0.012620683,0.010535716,-5.505633
4120,2026-07-31,-0.06356556,-0.043282412,0.01153819,0.009471718,-5.5086675
6265,2026-07-31,-0.08048408,-0.123533405,0.014601308,0.021371301,-5.511737
4749,2026-07-31,-0.03816981,-0.037669387,0.006917177,0.010548213,-5.517322
4729,2026-07-31,-0.0831069,-0.059651952,0.015007091,0.013066158,-5.5374727
6180,2026-07-31,-0.057213068,-0.06838189,0.010328858,0.011509042,-5.538611
8083,2026-07-31,-0.061177935,-0.044881854,0.011030383,0.010004452,-5.545808
6598,2026-07-31,-0.066422135,-0.03997364,0.011880948,0.011670092,-5.590172
4128,2026-07-31,-0.056653734,-0.07863221,0.010130213,0.010306466,-5.591999
4976,2026-07-31,-0.101973884,-0.075216025,0.018223908,0.016109278,-5.595303
3490,2026-07-31,-0.074931175,-0.064534195,0.013378437,0.013471716,-5.600473
6570,2026-07-31,-0.05186646,-0.02963065,0.009256184,0.008416413,-5.6028333
6823,2026-07-31,-0.06465454,-0.07232159,0.011532003,0.010221945,-5.6060452
6671,2026-07-31,-0.04408274,-0.040248774,0.007854688,0.009029413,-5.6115694
4157,2026-07-31,-0.04861536,-0.05397679,0.008645069,0.01094497,-5.622828
3362,2026-07-31,-0.06274379,-0.056663044,0.01113028,0.012317301,-5.636709
2630,2026-07-31,-0.048781708,-0.06789649,0.008642994,0.013858447,-5.643422
1591,2026-07-31,-0.07622632,-0.063570775,0.013455327,0.0124774445,-5.6647196
2466,2026-07-31,-0.0738701,-0.10019759,0.01301819,0.013709928,-5.6739397
6126,2026-07-31,-0.06390202,-0.055770446,0.011193782,0.012956296,-5.7081966
8092,2026-07-31,-0.07206842,-0.04639913,0.012330209,0.009887404,-5.8443923
2913,2026-07-31,-0.06489888,-0.05722136,0.011092191,0.009039191,-5.8503346
6578,2026-07-31,-0.06955795,-0.053859703,0.011859993,0.0134333065,-5.8644285
8916,2026-07-31,-0.07006539,-0.05545219,0.011896675,0.011142458,-5.888998
7751,2026-07-31,-0.042681288,-0.03164868,0.0072406307,0.009603309,-5.893878
3523,2026-07-31,-0.0701114,-0.0492864,0.01178686,0.01083579,-5.947763
2488,2026-07-31,-0.05675911,-0.03520816,0.009512965,0.010392867,-5.9658737
6869,2026-07-31,-0.05839,-0.065737866,0.009755498,0.008855302,-5.9847293
5328,2026-07-31,-0.075518616,-0.06594188,0.012297565,0.011094588,-6.140441
1762,2026-07-31,-0.050481193,-0.058298744,0.008199895,0.0069700377,-6.155571
3666,2026-07-31,-0.05848592,-0.04612901,0.0094913365,0.00962279,-6.1613827
3015,2026-07-31,-0.07238813,-0.0663011,0.011734144,0.010350262,-6.168491
6929,2026-07-31,-0.07698226,-0.05866342,0.012462887,0.011259683,-6.1764245
6742,2026-07-31,-0.08212967,-0.07677806,0.013255831,0.011416698,-6.195272
4163,2026-07-31,-0.045983434,-0.020880012,0.0073796017,0.010425084,-6.23031
3038,2026-07-31,-0.06341377,-0.052551378,0.010141675,0.009640447,-6.2521734
1608,2026-07-31,-0.05469435,-0.044861298,0.00871554,0.009438534,-6.2747774
7780,2026-07-31,-0.049879376,-0.06008235,0.007904744,0.009166496,-6.3092575
2467,2026-07-31,-0.0680395,-0.09281501,0.010774539,0.011062816,-6.3142548
3617,2026-07-31,-0.058313917,-0.04167855,0.0092130285,0.009774135,-6.328819
3078,2026-07-31,-0.061434336,-0.055663075,0.00962395,0.009416625,-6.382821
5310,2026-07-31,-0.07748009,-0.056245737,0.011986388,0.012595566,-6.4634676
1303,2026-07-31,-0.05185317,-0.056362964,0.008005761,0.009841442,-6.476173
3521,2026-07-31,-0.06548382,-0.051421594,0.01004411,0.01181223,-6.5189753
4968,2026-07-31,-0.064478844,-0.058853384,0.00988325,0.012134829,-6.5233927
6958,2026-07-31,-0.052671455,-0.028841428,0.0080491165,0.011014412,-6.542943
4406,2026-07-31,-0.054901578,-0.033143677,0.008356589,0.008787193,-6.569069
4523,2026-07-31,-0.09353369,-0.08324941,0.014237242,0.014784013,-6.569188
6292,2026-07-31,-0.091623135,-0.060969703,0.013867448,0.01339301,-6.606589
3504,2026-07-31,-0.13831988,-0.107183106,0.020886263,0.027914366,-6.622212
8047,2026-07-31,-0.05749424,-0.041683547,0.008674778,0.011736442,-6.6269836
4952,2026-07-31,-0.07705747,-0.062174685,0.011610089,0.010152739,-6.6365414
1799,2026-07-31,-0.05535137,-0.054391827,0.008309959,0.010659041,-6.6600456
2838,2026-07-31,-0.053380013,-0.038424373,0.008011629,0.007612007,-6.661985
5364,2026-07-31,-0.069620706,-0.051728014,0.010438644,0.01209573,-6.668877
6423,2026-07-31,-0.08377886,-0.06932497,0.012416666,0.017183939,-6.7467475
7704,2026-07-31,-0.06368069,-0.038272265,0.009354514,0.012159956,-6.806755
8354,2026-07-31,-0.09619446,-0.074872255,0.014126017,0.009886359,-6.809255
4566,2026-07-31,-0.08913734,-0.08064869,0.013059189,0.013899509,-6.8251185
1598,2026-07-31,-0.06827153,-0.054635968,0.009996787,0.011104577,-6.8286643
5299,2026-07-31,-0.08844315,-0.06407906,0.012934671,0.012033064,-6.8371525
6902,2026-07-31,-0.073850475,-0.037694212,0.010758567,0.0099939825,-6.8637033
8070,2026-07-31,-0.06853607,-0.06040744,0.009951042,0.009970943,-6.886634
6794,2026-07-31,-0.073567055,-0.07031632,0.010630913,0.013888875,-6.919456
3508,2026-07-31,-0.07586499,-0.066009164,0.010950634,0.012377589,-6.9272757
3594,2026-07-31,-0.06720801,-0.062152464,0.009677261,0.010934658,-6.9442234
6597,2026-07-31,-0.07170714,-0.054484893,0.010302455,0.01108355,-6.959523
9914,2026-07-31,-0.07523939,-0.07613882,0.010778415,0.009359337,-6.9799137
3669,2026-07-31,-0.061690282,-0.034829896,0.008802625,0.008409768,-7.0073724
2453,2026-07-31,-0.07475022,-0.054353192,0.010636263,0.013338077,-7.0272045
6226,2026-07-31,-0.12919325,-0.12830353,0.018261267,0.016823612,-7.074327
6643,2026-07-31,-0.0637841,-0.08428826,0.009014486,0.014000917,-7.0749483
6206,2026-07-31,-0.050891247,-0.039760765,0.0071866796,0.010240895,-7.0803447
1423,2026-07-31,-0.06378423,-0.06783938,0.008967514,0.010300683,-7.112017
6603,2026-07-31,-0.07948575,-0.043362197,0.011153852,0.010664214,-7.125666
5907,2026-07-31,-0.072619826,-0.06660576,0.010077878,0.010304564,-7.2051497
6901,2026-07-31,-0.08730891,-0.10092024,0.012109521,0.011889208,-7.209344
6243,2026-07-31,-0.10568902,-0.105493136,0.0146294525,0.013424696,-7.223906
8084,2026-07-31,-0.0764029,-0.07668459,0.010530145,0.010090916,-7.254947
3520,2026-07-31,-0.08384926,-0.042052466,0.011542601,0.007588493,-7.2637005
5206,2026-07-31,-0.06910718,-0.05777765,0.009476984,0.010206067,-7.2913375
2414,2026-07-31,-0.061854586,-0.03159407,0.008451273,0.009007962,-7.318101
1517,2026-07-31,-0.06522788,-0.05373199,0.008858256,0.009004952,-7.3626814
3664,2026-07-31,-0.11231672,-0.100847386,0.015128396,0.0130445715,-7.423741
8905,2026-07-31,-0.06146276,-0.034205366,0.008231873,0.008574816,-7.46553
4127,2026-07-31,-0.078058034,-0.08635317,0.010372521,0.0093089575,-7.5247383
8477,2026-07-31,-0.07632969,-0.051237717,0.010133692,0.012073958,-7.5315256
3630,2026-07-31,-0.08019128,-0.0756594,0.010593575,0.01096771,-7.569088
8080,2026-07-31,-0.07508189,-0.05276882,0.00991577,0.0126739545,-7.571204
3625,2026-07-31,-0.045599263,-0.05275812,0.006016201,0.007897205,-7.578152
1414,2026-07-31,-0.07276015,-0.042773556,0.0095170615,0.007591675,-7.644429
3288,2026-07-31,-0.07422991,-0.07474219,0.0096806865,0.010895362,-7.667043
3303,2026-07-31,-0.08625016,-0.061948452,0.011215415,0.0125389295,-7.689637
6662,2026-07-31,-0.060195003,-0.025864452,0.0077380687,0.009460547,-7.778068
2910,2026-07-31,-0.13304248,-0.12039103,0.017085906,0.016421426,-7.7862244
3545,2026-07-31,-0.10604561,-0.10175403,0.013583855,0.00854568,-7.8061643
8050,2026-07-31,-0.10919317,-0.10729335,0.0137980785,0.012980495,-7.913077
6588,2026-07-31,-0.12406266,-0.093712725,0.015654523,0.015253766,-7.9245296
2601,2026-07-31,-0.09638091,-0.11007271,0.0121609755,0.010794003,-7.924774
1586,2026-07-31,-0.07840724,-0.070658855,0.009887468,0.01097119,-7.9291596
1468,2026-07-31,-0.089392684,-0.070787124,0.011164561,0.011073313,-8.006107
6792,2026-07-31,-0.11129085,-0.08759096,0.013866821,0.012593401,-8.025114
5490,2026-07-31,-0.08078902,-0.057559714,0.009782661,0.009179386,-8.257545
6708,2026-07-31,-0.09376489,-0.06869301,0.011027545,0.009218611,-8.502019
1526,2026-07-31,-0.11705814,-0.08072198,0.013662547,0.011447661,-8.567185
3226,2026-07-31,-0.09963807,-0.07221021,0.011466284,0.009312617,-8.688898
2923,2026-07-31,-0.0882074,-0.09389784,0.010143274,0.009959334,-8.695289
3543,2026-07-31,-0.13893557,-0.13615468,0.0155128855,0.016689317,-8.955562
6533,2026-07-31,-0.10370247,-0.12092725,0.01135714,0.018002413,-9.130234
2438,2026-07-31,-0.07844104,-0.057255384,0.008567621,0.012374896,-9.154453
2231,2026-07-31,-0.10140824,-0.106810056,0.010807608,0.010313103,-9.382174
8421,2026-07-31,-0.12138367,-0.10714817,0.0129076755,0.012991191,-9.403262
4609,2026-07-31,-0.1115674,-0.08425382,0.011837079,0.014621995,-9.424451
4764,2026-07-31,-0.13172384,-0.16766806,0.013955252,0.020400006,-9.438338
3712,2026-07-31,-0.100125834,-0.09372941,0.010214435,0.009528982,-9.801426
3489,2026-07-31,-0.11518672,-0.087724164,0.0117246285,0.0106174275,-9.823501
3032,2026-07-31,-0.09077692,-0.09391321,0.008818381,0.009547592,-10.292891
6733,2026-07-31,-0.14694619,-0.12788908,0.014215445,0.018302087,-10.336352
1236,2026-07-31,-0.09436984,-0.06044732,0.008193039,0.009660398,-11.516889
6668,2026-07-31,-0.12901622,-0.11910197,0.00972348,0.012014955,-13.2671585
