stock_id,Date,Score_5d,Score_10d,Unc_5d,Unc_10d,SQ_5d
2731,2026-08-12,0.07626165,0.0638307,0.006207372,0.009781509,12.283679
4581,2026-08-12,0.09562828,0.066357754,0.008215158,0.010108724,11.63905
6690,2026-08-12,0.088542394,0.08959839,0.0077420953,0.012286624,11.435013
2072,2026-08-12,0.07553371,0.04356603,0.0068590483,0.008737002,11.010668
1783,2026-08-12,0.08837297,0.09333034,0.008359181,0.009047588,10.570701
3546,2026-08-12,0.123402566,0.11888908,0.01187715,0.013852026,10.389039
5609,2026-08-12,0.09062016,0.09593519,0.008741597,0.012727225,10.365359
1726,2026-08-12,0.09283266,0.096712135,0.009024533,0.012025607,10.28556
1419,2026-08-12,0.064860985,0.05445091,0.006323504,0.009011443,10.2555065
2945,2026-08-12,0.07956241,0.06164996,0.007922086,0.0076062204,10.041846
4126,2026-08-12,0.09252073,0.10571965,0.009220398,0.010614758,10.033264
1580,2026-08-12,0.07084761,0.063783154,0.0074537005,0.007863916,9.50375
2008,2026-08-12,0.06556025,0.05359032,0.0068990034,0.006889609,9.501481
6581,2026-08-12,0.0584851,0.042139895,0.0061638346,0.008654593,9.486889
6023,2026-08-12,0.0971704,0.10129494,0.010253635,0.010520965,9.475754
4536,2026-08-12,0.07377978,0.08724155,0.007824515,0.011294423,9.428104
1477,2026-08-12,0.09470686,0.07642105,0.0100958785,0.012499296,9.379816
1473,2026-08-12,0.062400125,0.073955506,0.006718635,0.0076439097,9.286238
6874,2026-08-12,0.081744984,0.09898567,0.008803046,0.011097945,9.284933
3434,2026-08-12,0.07436787,0.0684617,0.008042772,0.008518114,9.245398
2066,2026-08-12,0.09144241,0.09675493,0.009902304,0.011724185,9.233525
6894,2026-08-12,0.084842555,0.08009111,0.009215462,0.014951623,9.205544
9951,2026-08-12,0.08339941,0.09603136,0.009303481,0.008998054,8.963359
2535,2026-08-12,0.089946516,0.08649173,0.010152984,0.010486036,8.858248
9925,2026-08-12,0.06433837,0.054984942,0.00729964,0.0076037077,8.812703
6968,2026-08-12,0.19793244,0.19621581,0.02248019,0.017953904,8.804358
6667,2026-08-12,0.083717726,0.087984405,0.009515309,0.009695163,8.79729
2063,2026-08-12,0.0683459,0.07178012,0.00784995,0.0087258965,8.705429
4440,2026-08-12,0.08191848,0.07367399,0.009411798,0.009226051,8.702883
4111,2026-08-12,0.07258455,0.069354184,0.008352837,0.009732345,8.688767
6752,2026-08-12,0.068159506,0.07619027,0.007859354,0.009811067,8.671302
2852,2026-08-12,0.0650684,0.071199656,0.007504262,0.009295068,8.669704
4933,2026-08-12,0.06836729,0.0691246,0.007924467,0.009665459,8.626278
2729,2026-08-12,0.081342794,0.0734873,0.009554448,0.00937561,8.512714
6417,2026-08-12,0.06857718,0.066400625,0.008076242,0.008692971,8.490172
5203,2026-08-12,0.10656807,0.084315255,0.012552008,0.00881796,8.489445
2732,2026-08-12,0.08359524,0.082598895,0.009911061,0.009223719,8.433688
0055,2026-08-12,0.14051457,0.16270368,0.01669701,0.021409985,8.415049
6272,2026-08-12,0.05530312,0.052847903,0.0066694804,0.010067401,8.290726
1599,2026-08-12,0.08422163,0.07990563,0.010174601,0.010173295,8.276821
5211,2026-08-12,0.07128863,0.06994508,0.008614388,0.01178399,8.2745695
8916,2026-08-12,0.07250702,0.04373912,0.008763842,0.010668525,8.272484
6914,2026-08-12,0.08982975,0.0948921,0.010860446,0.010658892,8.2705145
3310,2026-08-12,0.07479083,0.07520615,0.0090488475,0.009837218,8.264318
4107,2026-08-12,0.09818724,0.10244051,0.011902378,0.014637074,8.248687
4943,2026-08-12,0.08657993,0.06974666,0.010522968,0.0092934165,8.226928
6757,2026-08-12,0.08304631,0.075323954,0.010165342,0.00626266,8.16875
4550,2026-08-12,0.08440159,0.07562634,0.010350259,0.010550963,8.153751
6791,2026-08-12,0.09027328,0.09080078,0.011073255,0.009937107,8.151635
1339,2026-08-12,0.07181751,0.101643436,0.008827991,0.009307783,8.134283
3597,2026-08-12,0.076536655,0.087438755,0.009426658,0.009785671,8.11831
8424,2026-08-12,0.072976984,0.09039797,0.009057833,0.009723835,8.055892
2506,2026-08-12,0.066595584,0.06174856,0.008315364,0.010205472,8.007776
1734,2026-08-12,0.07687963,0.07230181,0.009621619,0.007141598,7.98947
6918,2026-08-12,0.080652125,0.091678716,0.010096213,0.009954518,7.987563
3432,2026-08-12,0.07089038,0.08197543,0.008935336,0.010670441,7.932824
2816,2026-08-12,0.08556119,0.10015714,0.01080984,0.010043347,7.914389
2640,2026-08-12,0.06976856,0.07377737,0.008817389,0.009645209,7.911713
7708,2026-08-12,0.18126611,0.19156681,0.022935754,0.024439618,7.902867
1733,2026-08-12,0.057441425,0.04217765,0.0072725066,0.00800448,7.89735
8034,2026-08-12,0.07427294,0.068324715,0.009405558,0.010692732,7.8958673
1464,2026-08-12,0.064459555,0.053773466,0.008167748,0.010059522,7.890995
3611,2026-08-12,0.083429016,0.09964245,0.010581389,0.011987479,7.88376
6703,2026-08-12,0.09810226,0.10265265,0.012473304,0.012333437,7.864347
4161,2026-08-12,0.0690819,0.08901358,0.008815258,0.010684817,7.8357396
8341,2026-08-12,0.08642234,0.092809044,0.011059896,0.008847082,7.8133216
1472,2026-08-12,0.074761696,0.08228657,0.009570412,0.010991137,7.8109365
3592,2026-08-12,0.070380054,0.067990765,0.009011295,0.010510981,7.8093376
8284,2026-08-12,0.07971836,0.08315489,0.010209895,0.012515387,7.807186
1788,2026-08-12,0.10446909,0.10828805,0.0133910505,0.015094966,7.8008285
6625,2026-08-12,0.07078309,0.08679637,0.009073009,0.009764732,7.8006415
2614,2026-08-12,0.053788446,0.040491886,0.0069035515,0.0074369092,7.7902884
3268,2026-08-12,0.07718916,0.0497421,0.009973331,0.008675352,7.7387805
4105,2026-08-12,0.06696629,0.07624319,0.0086537395,0.011924871,7.737528
8176,2026-08-12,0.07404143,0.07906127,0.009585765,0.0104321595,7.7232966
6177,2026-08-12,0.08904489,0.09837492,0.011540831,0.010017712,7.7149706
6281,2026-08-12,0.06484995,0.061060373,0.008421194,0.010446701,7.6998878
1451,2026-08-12,0.078863986,0.08127133,0.010250895,0.010810161,7.692625
6790,2026-08-12,0.06084144,0.04551064,0.0079155825,0.00862592,7.685316
2705,2026-08-12,0.059361134,0.04787774,0.007724242,0.008516673,7.6840487
3218,2026-08-12,0.07585984,0.0898617,0.009884756,0.009488036,7.6736503
8109,2026-08-12,0.06612024,0.08074741,0.008640357,0.010800427,7.651603
4584,2026-08-12,0.06932618,0.058759537,0.009066373,0.011199906,7.6456738
6641,2026-08-12,0.07257721,0.07938282,0.009524325,0.009351113,7.6193943
5533,2026-08-12,0.07637289,0.06998865,0.010092169,0.00832292,7.56679
2542,2026-08-12,0.06924447,0.07211375,0.009169948,0.011762054,7.550415
4580,2026-08-12,0.0827396,0.0734178,0.010968214,0.009993119,7.542892
8432,2026-08-12,0.08235817,0.09571497,0.011049717,0.010076312,7.452744
6561,2026-08-12,0.07226781,0.07548118,0.009750577,0.01045192,7.4108844
8083,2026-08-12,0.062266875,0.051590517,0.008414226,0.008072713,7.399311
3570,2026-08-12,0.063145325,0.06142521,0.008604752,0.010215093,7.3375716
4924,2026-08-12,0.062600106,0.065185,0.008557394,0.009960159,7.3144684
6841,2026-08-12,0.059709627,0.049954113,0.008174623,0.011081485,7.303373
9942,2026-08-12,0.06972184,0.06770282,0.009546813,0.008450496,7.3023887
2382,2026-08-12,0.0694805,0.05938117,0.009519091,0.009989396,7.298302
2633,2026-08-12,0.058568552,0.031987555,0.00803168,0.00820377,7.2912836
6464,2026-08-12,0.06616504,0.04704326,0.009086168,0.009376392,7.28115
3164,2026-08-12,0.0930555,0.09810484,0.0128262825,0.012207486,7.2544985
6855,2026-08-12,0.07547515,0.089402534,0.010404572,0.010402457,7.25334
3492,2026-08-12,0.078025214,0.07715914,0.010791673,0.0097741,7.229461
2247,2026-08-12,0.06614094,0.05704956,0.009185948,0.010398138,7.199446
5906,2026-08-12,0.062420204,0.039669473,0.00868254,0.00859298,7.1883364
1533,2026-08-12,0.066021636,0.06221426,0.009191146,0.007632187,7.182396
4137,2026-08-12,0.036515307,0.01864511,0.0050855754,0.008205616,7.178761
6126,2026-08-12,0.056433797,0.047825646,0.007903865,0.012665524,7.1391225
8930,2026-08-12,0.07594636,0.06587289,0.010644588,0.013330531,7.134069
1730,2026-08-12,0.099419326,0.114590734,0.013946581,0.012193984,7.1280694
6899,2026-08-12,0.09033906,0.097168975,0.012679854,0.014270844,7.124051
6925,2026-08-12,0.07500329,0.07578004,0.01056356,0.008857219,7.0995183
2850,2026-08-12,0.07565463,0.07077719,0.010669325,0.011328419,7.0901904
6936,2026-08-12,0.063209325,0.07221702,0.008930201,0.009166635,7.07736
2207,2026-08-12,0.058673844,0.04314586,0.008316245,0.008251278,7.0544806
8032,2026-08-12,0.07613138,0.09287251,0.01079249,0.0103903385,7.0534534
3664,2026-08-12,0.07978145,0.07190231,0.011312898,0.011906112,7.051632
4506,2026-08-12,0.07474134,0.082023636,0.010638918,0.010936691,7.0246162
6708,2026-08-12,0.07494054,0.07633476,0.010676891,0.010231578,7.0182905
8433,2026-08-12,0.063295834,0.0780196,0.009036522,0.01058107,7.0036707
3209,2026-08-12,0.07002244,0.049591705,0.009997526,0.008587218,7.0032763
8446,2026-08-12,0.06670298,0.0731502,0.0095327115,0.011411817,6.996538
3632,2026-08-12,0.064093225,0.03926725,0.009170786,0.009184517,6.9880857
5410,2026-08-12,0.06406058,0.058254857,0.009187917,0.011414375,6.971505
4432,2026-08-12,0.06688109,0.095161356,0.009592554,0.009801618,6.9714613
3499,2026-08-12,0.050553974,0.060079377,0.0072525735,0.0072008697,6.969527
3217,2026-08-12,0.066316806,0.078196526,0.009532237,0.0105943065,6.956378
6754,2026-08-12,0.05698436,0.04836203,0.0082165105,0.008815991,6.934504
1476,2026-08-12,0.08086659,0.048197795,0.011667373,0.011135034,6.9304085
3158,2026-08-12,0.07323642,0.083860606,0.01062707,0.011368381,6.890848
8201,2026-08-12,0.059070785,0.06873591,0.008583941,0.009046356,6.8807445
6958,2026-08-12,0.05371255,0.017833998,0.007810174,0.010370155,6.876374
2020,2026-08-12,0.057927474,0.049567275,0.008445048,0.00865111,6.85853
1535,2026-08-12,0.051117823,0.041767225,0.007494392,0.0072222576,6.8199
8401,2026-08-12,0.04964505,0.06678239,0.007280045,0.008922807,6.8183966
5438,2026-08-12,0.052268703,0.056523547,0.0076802843,0.009618722,6.8046827
6527,2026-08-12,0.08139502,0.09551859,0.011972213,0.011384269,6.7980933
3332,2026-08-12,0.05436746,0.050998114,0.008018835,0.009330628,6.779124
4175,2026-08-12,0.062359087,0.059257854,0.009223411,0.0077388403,6.7602243
6637,2026-08-12,0.070275016,0.06688472,0.010495388,0.011028361,6.695162
8416,2026-08-12,0.06254431,0.06835925,0.009354167,0.008369242,6.6855364
2643,2026-08-12,0.06591112,0.07929989,0.00986412,0.009793565,6.6812286
7736,2026-08-12,0.054664694,0.04847847,0.008193158,0.008021597,6.671179
3083,2026-08-12,0.059001524,0.045128122,0.008845054,0.0064207963,6.6698127
6655,2026-08-12,0.059276413,0.048078153,0.008897676,0.010473517,6.661262
6730,2026-08-12,0.067924626,0.06726774,0.010200876,0.009750512,6.6580524
1465,2026-08-12,0.05791765,0.048880648,0.008701123,0.010644874,6.6555767
5880,2026-08-12,0.06134226,0.03691181,0.009219565,0.008411831,6.6527658
2753,2026-08-12,0.078012004,0.089820065,0.011749161,0.012486838,6.6392283
4438,2026-08-12,0.038568124,0.03584845,0.005813399,0.009480688,6.6332097
5220,2026-08-12,0.101982735,0.1002625,0.0153982565,0.014810776,6.6225753
4951,2026-08-12,0.08580686,0.09143521,0.012979251,0.010787165,6.61057
5310,2026-08-12,0.0430706,0.05217435,0.006514708,0.007879396,6.610272
6605,2026-08-12,0.05061919,0.05758796,0.007661487,0.009741781,6.6061044
3646,2026-08-12,0.06519654,0.06680948,0.009911137,0.0092696985,6.577445
2916,2026-08-12,0.05766018,0.06958714,0.008776989,0.008960958,6.568723
1256,2026-08-12,0.06822399,0.060962368,0.010411292,0.008961768,6.5522547
4702,2026-08-12,0.076455764,0.079895765,0.011670122,0.012964868,6.5508494
1777,2026-08-12,0.08409071,0.11244847,0.012836695,0.013055022,6.550297
8423,2026-08-12,0.086733036,0.09150354,0.013240222,0.011237665,6.550229
2433,2026-08-12,0.059290018,0.05357766,0.009058377,0.008352447,6.544602
6283,2026-08-12,0.041870475,0.03822395,0.0064043826,0.008228291,6.536764
7732,2026-08-12,0.06327419,0.059477884,0.009689623,0.011447237,6.5294247
7718,2026-08-12,0.06712042,0.08941714,0.01030912,0.0075222417,6.510149
1737,2026-08-12,0.048125133,0.03582504,0.0073973364,0.00808885,6.504859
2516,2026-08-12,0.05920638,0.058538232,0.009103838,0.011239424,6.502738
3354,2026-08-12,0.05204126,0.058584355,0.008006785,0.010482792,6.4988327
2250,2026-08-12,0.06738313,0.07649503,0.010386829,0.010078158,6.486738
5403,2026-08-12,0.048404396,0.050369374,0.007461304,0.008823429,6.4865217
3227,2026-08-12,0.061770927,0.051142167,0.009524098,0.012631582,6.48507
5493,2026-08-12,0.07819769,0.09802889,0.012073541,0.012319,6.476245
2062,2026-08-12,0.060307033,0.05100218,0.009320431,0.010021443,6.469718
2832,2026-08-12,0.07631905,0.080262266,0.011809831,0.013827215,6.461785
2024,2026-08-12,0.052863736,0.033924706,0.008209553,0.008223855,6.438511
7760,2026-08-12,0.070097335,0.050679184,0.010890153,0.008193556,6.436172
6591,2026-08-12,0.06270299,0.057987873,0.009758788,0.008296046,6.424626
1443,2026-08-12,0.057815235,0.03723904,0.009012356,0.008876,6.414396
2603,2026-08-12,0.07538657,0.071357295,0.011756201,0.010484997,6.411948
5460,2026-08-12,0.07368304,0.0740634,0.011494231,0.012675574,6.4098787
9937,2026-08-12,0.056852277,0.03854068,0.008873446,0.009635403,6.40629
2107,2026-08-12,0.056957077,0.039087307,0.00892397,0.008002355,6.3817663
2755,2026-08-12,0.05699162,0.07184149,0.008934099,0.007871118,6.378398
9926,2026-08-12,0.06234278,0.048098285,0.009777904,0.008108818,6.375232
4572,2026-08-12,0.07297406,0.06712948,0.011467686,0.012173219,6.3628964
9931,2026-08-12,0.06464764,0.061440077,0.010160304,0.0078197075,6.3621397
8279,2026-08-12,0.07167398,0.0687598,0.011266883,0.01221937,6.360909
6776,2026-08-12,0.0610339,0.06347374,0.009596294,0.012254296,6.3594904
7716,2026-08-12,0.08392431,0.08300324,0.013199989,0.0130328005,6.3574257
6615,2026-08-12,0.07843167,0.082383014,0.012339979,0.012150575,6.355385
9918,2026-08-12,0.047654614,0.039028525,0.0075055277,0.0077040866,6.3484235
1537,2026-08-12,0.08738085,0.09256503,0.013819999,0.010705145,6.3223248
5487,2026-08-12,0.06171872,0.05871325,0.0097835325,0.011517083,6.307784
8367,2026-08-12,0.060059372,0.04997462,0.009527721,0.008236256,6.3029833
3596,2026-08-12,0.05819749,0.04277778,0.009233175,0.010675287,6.302403
2851,2026-08-12,0.052729987,0.07834945,0.00836897,0.009481699,6.2999015
7821,2026-08-12,0.055776168,0.034852847,0.008853648,0.008656679,6.2990837
4528,2026-08-12,0.044261582,0.04221843,0.007025755,0.009175408,6.299008
4549,2026-08-12,0.047415875,0.04923122,0.007528803,0.008886403,6.297094
6996,2026-08-12,0.08333669,0.08259927,0.013233686,0.01242475,6.296839
2722,2026-08-12,0.04026979,0.029880404,0.006410846,0.0075422395,6.28053
4767,2026-08-12,0.060317382,0.08057008,0.009608809,0.010934513,6.276647
5353,2026-08-12,0.063765906,0.07578524,0.010166948,0.010994099,6.271266
6951,2026-08-12,0.05521168,0.07047867,0.008835222,0.009501977,6.2483354
7753,2026-08-12,0.06513266,0.06783487,0.0104292575,0.010888231,6.244588
2745,2026-08-12,0.053324077,0.05879165,0.008549043,0.00918684,6.2367024
2752,2026-08-12,0.06965596,0.0842398,0.01121799,0.008529901,6.208755
4771,2026-08-12,0.061800115,0.08439608,0.009965844,0.010380425,6.2005696
6151,2026-08-12,0.06583046,0.08282562,0.01062836,0.009924664,6.1932664
6803,2026-08-12,0.06464151,0.05291446,0.010440412,0.009156355,6.1908784
6118,2026-08-12,0.06105257,0.0591381,0.009861395,0.013524025,6.19044
9911,2026-08-12,0.054447077,0.05025921,0.008797496,0.007952659,6.1882257
7705,2026-08-12,0.06768225,0.06358841,0.010952427,0.012804386,6.1790934
4953,2026-08-12,0.08630081,0.07794679,0.013971474,0.013373237,6.1764874
3169,2026-08-12,0.06546131,0.06115284,0.010604637,0.009924866,6.1723127
5489,2026-08-12,0.055389527,0.0558577,0.00897389,0.010238052,6.1716104
1720,2026-08-12,0.06020603,0.05140597,0.009785331,0.008828672,6.1520534
5511,2026-08-12,0.05303378,0.06130395,0.008624118,0.0100200735,6.14876
1540,2026-08-12,0.07180182,0.07370434,0.011708857,0.010123756,6.131742
1531,2026-08-12,0.05678118,0.060158417,0.009303036,0.010529068,6.1028543
4736,2026-08-12,0.05291978,0.07744482,0.008673116,0.009930822,6.1008844
2903,2026-08-12,0.04697034,0.014534326,0.0077052047,0.007855592,6.095133
6214,2026-08-12,0.06253423,0.018113194,0.010267737,0.010069789,6.089768
2911,2026-08-12,0.054453067,0.06104258,0.008952089,0.009157681,6.0820427
6649,2026-08-12,0.060127668,0.045212045,0.0098875575,0.00856196,6.0805297
6208,2026-08-12,0.056726165,0.040646043,0.009351941,0.009170319,6.0650616
1731,2026-08-12,0.067349456,0.07614619,0.011137285,0.012509715,6.046663
4439,2026-08-12,0.06858234,0.0617095,0.011343973,0.009505994,6.0451746
1752,2026-08-12,0.059849676,0.07625953,0.009924131,0.012093162,6.030114
4138,2026-08-12,0.05668813,0.06645044,0.009408579,0.010627523,6.024513
1512,2026-08-12,0.039462097,0.035356004,0.0065631457,0.008501841,6.0117645
3557,2026-08-12,0.07122812,0.06648453,0.011866252,0.011365363,6.0020733
3419,2026-08-12,0.041785106,0.051362332,0.006965893,0.0086938795,5.997668
3512,2026-08-12,0.05706459,0.074041165,0.009518638,0.00923272,5.994407
3607,2026-08-12,0.06701943,0.07503044,0.011206201,0.011032677,5.980033
3171,2026-08-12,0.06863932,0.07303224,0.011494875,0.011633064,5.9707785
3689,2026-08-12,0.06490152,0.079340115,0.01089451,0.0134887025,5.956722
8435,2026-08-12,0.056906696,0.07773517,0.0095861275,0.009441745,5.93574
3289,2026-08-12,0.04634492,0.035554845,0.00782105,0.008588463,5.924907
5514,2026-08-12,0.05191091,0.03892266,0.008773089,0.0079412665,5.916387
6534,2026-08-12,0.054397758,0.061131492,0.009217875,0.0090031475,5.9006934
4192,2026-08-12,0.058116037,0.050609015,0.009852317,0.01007593,5.898119
2432,2026-08-12,0.054877225,0.06969206,0.00930687,0.009139489,5.8957872
3038,2026-08-12,0.05529736,0.045735065,0.009391291,0.009524691,5.887526
1315,2026-08-12,0.06079215,0.049297933,0.010326283,0.0110218795,5.886558
3552,2026-08-12,0.051959235,0.044962183,0.008826582,0.008791243,5.8860097
8072,2026-08-12,0.060166106,0.061351903,0.010246078,0.011479499,5.8715377
1432,2026-08-12,0.051112976,0.046426512,0.008706797,0.010760315,5.869794
8048,2026-08-12,0.06401947,0.06306742,0.010932339,0.009778819,5.8554363
3679,2026-08-12,0.06013413,0.050855104,0.010277747,0.009491012,5.8503366
6194,2026-08-12,0.05606476,0.058479983,0.009603462,0.011204517,5.8373656
6227,2026-08-12,0.05881823,0.06816845,0.010088391,0.010403403,5.8297105
5215,2026-08-12,0.059164677,0.062835604,0.010152494,0.009021592,5.8270264
2101,2026-08-12,0.058573183,0.067176335,0.010064746,0.0087064,5.81906
2597,2026-08-12,0.05336063,0.0569839,0.009192424,0.007966044,5.8042173
8011,2026-08-12,0.051448066,0.04452001,0.008873464,0.007304268,5.7973156
5520,2026-08-12,0.06891095,0.07849036,0.011913871,0.011403743,5.783608
7757,2026-08-12,0.099920556,0.10441248,0.017281363,0.017189229,5.781649
1264,2026-08-12,0.06036968,0.06502941,0.010447008,0.009826472,5.7781043
5348,2026-08-12,0.05881033,0.05815355,0.010218325,0.010689594,5.7548156
4535,2026-08-12,0.0657153,0.08979791,0.01143195,0.012363806,5.747886
6585,2026-08-12,0.042996567,0.046761386,0.0074795843,0.011158747,5.7477555
4746,2026-08-12,0.04003172,0.042761717,0.0069721118,0.0069831754,5.740869
1417,2026-08-12,0.054105088,0.050819136,0.009426773,0.008908925,5.7389045
2712,2026-08-12,0.058874927,0.043676876,0.01026156,0.0072055445,5.7368655
8087,2026-08-12,0.06237786,0.06757082,0.010891651,0.012837275,5.7266
0061,2026-08-12,0.120480165,0.13905331,0.021038357,0.019410726,5.7264185
6741,2026-08-12,0.055302415,0.053296696,0.0096831145,0.00771727,5.710632
2459,2026-08-12,0.06709023,0.08179266,0.011748176,0.009547887,5.710207
8464,2026-08-12,0.038075034,0.03913381,0.0066781454,0.0108643975,5.700585
5324,2026-08-12,0.063186355,0.06772482,0.011088582,0.009288426,5.697812
3095,2026-08-12,0.04766558,0.04520299,0.008401362,0.010676158,5.6728783
3071,2026-08-12,0.05361644,0.044890188,0.00946872,0.0094237,5.6618824
6264,2026-08-12,0.05408748,0.064528875,0.009577255,0.009241582,5.646903
8941,2026-08-12,0.052906957,0.07840452,0.009392832,0.009166005,5.632095
2882,2026-08-12,0.05988664,0.036930483,0.01066355,0.0098318085,5.6154866
2881,2026-08-12,0.048087563,0.022472175,0.008577728,0.010078263,5.605442
5538,2026-08-12,0.057359107,0.03340583,0.010235879,0.009071422,5.6031833
4532,2026-08-12,0.051976737,0.037959076,0.009347146,0.008945748,5.5601115
2420,2026-08-12,0.06350769,0.07028513,0.011421719,0.009746047,5.55977
8349,2026-08-12,0.054966666,0.04887409,0.009885996,0.00978319,5.559491
6146,2026-08-12,0.049124997,0.041318264,0.008851682,0.0070178676,5.5491652
6115,2026-08-12,0.047123384,0.030746453,0.008494154,0.007063563,5.54709
8489,2026-08-12,0.06099982,0.07711995,0.011003745,0.008979937,5.543047
4609,2026-08-12,0.04234586,0.026611356,0.0076830266,0.008903024,5.510895
4153,2026-08-12,0.060460396,0.08960422,0.010970995,0.009685008,5.5104284
5604,2026-08-12,0.058544952,0.062626086,0.010624085,0.009296594,5.5100694
6720,2026-08-12,0.040746465,0.03947537,0.0073995395,0.008299433,5.505878
3522,2026-08-12,0.0519487,0.043828513,0.009470097,0.00906162,5.484972
6491,2026-08-12,0.038245723,0.04547789,0.0069805016,0.00847569,5.478152
9908,2026-08-12,0.05050272,0.03363943,0.009226424,0.009338259,5.4731116
5315,2026-08-12,0.050094236,0.039263498,0.00916333,0.009750211,5.466219
3686,2026-08-12,0.03838094,0.041981336,0.007042689,0.007996585,5.448983
4160,2026-08-12,0.048864417,0.05817269,0.008987187,0.010256519,5.436515
5704,2026-08-12,0.044768915,0.04718562,0.00824202,0.009351514,5.43113
6474,2026-08-12,0.058857452,0.08523872,0.010838204,0.010240691,5.4300528
3311,2026-08-12,0.05097027,0.044644393,0.009389746,0.009376812,5.4277124
4754,2026-08-12,0.06115912,0.07876644,0.011284281,0.014768976,5.4193707
6482,2026-08-12,0.051831827,0.03802507,0.009575247,0.008983547,5.4125404
6523,2026-08-12,0.07408578,0.06693103,0.013693532,0.009815081,5.40988
3306,2026-08-12,0.059466902,0.080201395,0.010997952,0.010881013,5.406597
1108,2026-08-12,0.04301213,0.023684856,0.007963243,0.008930628,5.4006553
2886,2026-08-12,0.058963068,0.041733198,0.010920838,0.009751729,5.398639
3056,2026-08-12,0.042154733,0.03961028,0.007818646,0.00866045,5.390875
8481,2026-08-12,0.045677226,0.069585554,0.008480577,0.012830672,5.3854637
2613,2026-08-12,0.037282187,0.03255588,0.0069235647,0.010708538,5.384048
3516,2026-08-12,0.04294424,0.029181337,0.007988528,0.008613629,5.375066
2453,2026-08-12,0.04988949,0.04825283,0.009283658,0.008476126,5.3733253
6670,2026-08-12,0.042244885,0.034759004,0.007871981,0.00931505,5.3658056
3168,2026-08-12,0.04740176,0.050274037,0.008885142,0.0084241545,5.334346
1307,2026-08-12,0.048829872,0.03491013,0.009175038,0.008217579,5.3214545
3308,2026-08-12,0.05794667,0.055577602,0.010904425,0.010292746,5.313564
7642,2026-08-12,0.046949077,0.06321932,0.008837993,0.009475174,5.3115864
7738,2026-08-12,0.05443723,0.07438015,0.010252143,0.011746155,5.309321
5523,2026-08-12,0.038390055,0.041296102,0.0072347387,0.009701678,5.305617
6560,2026-08-12,0.057986584,0.0637409,0.010935456,0.011235879,5.302137
8917,2026-08-12,0.052611724,0.054849558,0.009926057,0.0074734944,5.2998304
4907,2026-08-12,0.053231843,0.08218386,0.0100438185,0.010352438,5.2994328
2645,2026-08-12,0.058036048,0.041673653,0.010951417,0.0109645855,5.2989264
9905,2026-08-12,0.05939565,0.087829165,0.011211983,0.011132086,5.2970424
4116,2026-08-12,0.055228423,0.06256651,0.010449866,0.009641778,5.284579
1470,2026-08-12,0.047294308,0.060897555,0.008969098,0.009455176,5.27244
2617,2026-08-12,0.06749414,0.07728467,0.012802924,0.01038027,5.2713637
2067,2026-08-12,0.063799016,0.07190494,0.012106129,0.010764201,5.2695413
1449,2026-08-12,0.05066513,0.05562746,0.009617341,0.010289649,5.267554
3303,2026-08-12,0.06541005,0.04811079,0.012454689,0.012506662,5.2514195
6005,2026-08-12,0.05149873,0.032529235,0.009831597,0.009284491,5.2375507
1463,2026-08-12,0.062421665,0.059123453,0.011917529,0.008759607,5.2373633
6104,2026-08-12,0.07056824,0.068455026,0.013479836,0.012019354,5.234708
5209,2026-08-12,0.04965118,0.072637744,0.009490763,0.01058374,5.2309756
2884,2026-08-12,0.05971361,0.049209245,0.011417809,0.01076392,5.229408
4430,2026-08-12,0.045667563,0.058384653,0.008739782,0.0101126,5.224654
2442,2026-08-12,0.057448592,0.07670837,0.011041686,0.009739117,5.202411
4401,2026-08-12,0.04747548,0.037782494,0.009126163,0.009082526,5.201559
6844,2026-08-12,0.04296345,0.052755274,0.00826683,0.0072260103,5.1964602
1445,2026-08-12,0.04637585,0.023429068,0.00893863,0.007735994,5.1876698
4974,2026-08-12,0.052223556,0.0726727,0.010070394,0.010118127,5.185335
6185,2026-08-12,0.049166277,0.033497203,0.009485847,0.0076647443,5.182573
2855,2026-08-12,0.056658052,0.048169892,0.010950109,0.010239797,5.173727
2739,2026-08-12,0.04720629,0.04510288,0.009125244,0.008373438,5.172587
2748,2026-08-12,0.03778837,0.029040761,0.0073098205,0.0076457467,5.1688275
1454,2026-08-12,0.052034482,0.047921974,0.010074126,0.008833461,5.1646485
3188,2026-08-12,0.055161197,0.06868281,0.010707748,0.012124771,5.1510406
2834,2026-08-12,0.048709575,0.030252257,0.009464525,0.010924422,5.1459985
5205,2026-08-12,0.04417605,0.048475273,0.008584006,0.010651292,5.1457214
1614,2026-08-12,0.04716585,0.030878298,0.0091666635,0.007567209,5.1448054
2013,2026-08-12,0.049013283,0.05202918,0.009533668,0.009154473,5.140534
1475,2026-08-12,0.06606645,0.07745363,0.012867895,0.011036338,5.133809
3447,2026-08-12,0.04649285,0.04741574,0.009057832,0.009054854,5.1323223
2707,2026-08-12,0.050635252,0.04628063,0.009870285,0.009386664,5.12955
5344,2026-08-12,0.050326113,0.040169217,0.009826325,0.009761215,5.121039
6929,2026-08-12,0.04215276,0.041428745,0.008230704,0.009324075,5.1207814
2612,2026-08-12,0.04456587,0.06440501,0.008716942,0.008863406,5.1119714
5283,2026-08-12,0.046327338,0.047219552,0.009064542,0.009472341,5.1102667
4104,2026-08-12,0.051153533,0.056372795,0.010009417,0.011978568,5.1100297
4711,2026-08-12,0.072649054,0.089154735,0.014226171,0.015574418,5.1063595
2901,2026-08-12,0.051106803,0.052047882,0.010032959,0.008540948,5.0933833
6516,2026-08-12,0.04891486,0.062586404,0.009620579,0.008610796,5.0838704
3115,2026-08-12,0.05526247,0.042219423,0.010881239,0.009884544,5.078226
2301,2026-08-12,0.049378004,0.033527125,0.009727223,0.011264329,5.0757475
4568,2026-08-12,0.06251583,0.0799627,0.012328475,0.011572686,5.0704374
2537,2026-08-12,0.05610105,0.06375107,0.011105754,0.010234985,5.051075
1781,2026-08-12,0.06100798,0.05059135,0.012095124,0.009674457,5.043597
6140,2026-08-12,0.066106915,0.08104321,0.013120965,0.011757225,5.0378823
2477,2026-08-12,0.04351086,0.043041784,0.008650351,0.009787899,5.0293717
5258,2026-08-12,0.035622206,0.016614962,0.0071052574,0.009652138,5.0127945
6143,2026-08-12,0.06941482,0.059887912,0.013847334,0.00978284,5.0125027
2734,2026-08-12,0.04514812,0.054613914,0.009026163,0.009594804,5.001363
2414,2026-08-12,0.054895725,0.02419868,0.010975951,0.0113142915,5.000999
4205,2026-08-12,0.042169888,0.05211347,0.008449375,0.00762432,4.990298
8928,2026-08-12,0.05832185,0.08779083,0.011692003,0.012826169,4.987756
4173,2026-08-12,0.058979236,0.046351455,0.011839189,0.011484165,4.981275
1268,2026-08-12,0.04463513,0.057635374,0.008959894,0.007989547,4.981102
1593,2026-08-12,0.049743414,0.07612352,0.009988853,0.011433524,4.979394
3467,2026-08-12,0.052072287,0.053363714,0.0104569215,0.010931817,4.9792194
2028,2026-08-12,0.04203436,0.04686686,0.008471256,0.009772626,4.961413
2610,2026-08-12,0.05789554,0.04446447,0.011668361,0.0121264765,4.961329
8477,2026-08-12,0.050996136,0.04832824,0.01028464,0.0119609125,4.9579935
1541,2026-08-12,0.055511046,0.05033362,0.01121289,0.00932525,4.9502044
3709,2026-08-12,0.064817995,0.046225596,0.013097955,0.012526191,4.9483333
6123,2026-08-12,0.057909887,0.08479958,0.011725963,0.010963472,4.938183
6117,2026-08-12,0.049050417,0.061122313,0.009937982,0.011541201,4.935155
2015,2026-08-12,0.047800757,0.024351042,0.009694274,0.00981965,4.9303155
2347,2026-08-12,0.05491709,0.029738184,0.011142556,0.011071796,4.928148
6612,2026-08-12,0.050665624,0.06849757,0.01031618,0.0070772585,4.9108014
9912,2026-08-12,0.041844647,0.037275255,0.008529004,0.0081320545,4.9055834
6261,2026-08-12,0.043481316,0.04999149,0.008868354,0.00942263,4.9024215
1235,2026-08-12,0.035432443,0.0059011714,0.007228841,0.005980681,4.900861
1410,2026-08-12,0.035220105,0.038647473,0.007188649,0.008113503,4.898724
1233,2026-08-12,0.03490924,0.014207021,0.0071300385,0.0072623803,4.895394
9927,2026-08-12,0.06353608,0.063769706,0.012983839,0.009405313,4.893097
9935,2026-08-12,0.051882003,0.064277254,0.010604154,0.010223294,4.8921494
5364,2026-08-12,0.042699862,0.049039505,0.008728549,0.007994986,4.8914165
6906,2026-08-12,0.050780453,0.046643026,0.010389907,0.011035183,4.8870087
5547,2026-08-12,0.04116309,0.0570149,0.008438363,0.009681143,4.8775115
3666,2026-08-12,0.04277238,0.04323536,0.008773061,0.008547203,4.8748665
4582,2026-08-12,0.100734346,0.072868,0.020742105,0.018420627,4.856281
3593,2026-08-12,0.049547557,0.048140764,0.010201965,0.0094129555,4.8561916
6109,2026-08-12,0.04925979,0.05008159,0.010150107,0.008741922,4.852652
4305,2026-08-12,0.05398751,0.071889244,0.01114316,0.010085252,4.844466
6167,2026-08-12,0.07938198,0.090989254,0.016393626,0.012822121,4.8419514
5007,2026-08-12,0.05812938,0.05712626,0.012033811,0.0090416875,4.8301034
8927,2026-08-12,0.030617896,0.024172867,0.0063429107,0.008879213,4.8263445
2496,2026-08-12,0.046911962,0.04639451,0.009720245,0.009280361,4.825715
5876,2026-08-12,0.063435815,0.038483523,0.013152434,0.010280835,4.8227572
2480,2026-08-12,0.04449798,0.028644297,0.009225879,0.010632913,4.822647
6171,2026-08-12,0.04963037,0.04708608,0.010297422,0.011639739,4.8192205
8923,2026-08-12,0.04760688,0.036947682,0.009897949,0.008830032,4.809286
3567,2026-08-12,0.07049339,0.071324565,0.014658265,0.013083592,4.8087945
0056,2026-08-12,0.061077725,0.06564792,0.01271349,0.016379228,4.8037887
2385,2026-08-12,0.03874677,0.015256848,0.008077503,0.00837002,4.796281
1525,2026-08-12,0.044752564,0.02836348,0.009348211,0.00885515,4.786774
6662,2026-08-12,0.039278373,0.014906858,0.008207929,0.010722864,4.784835
6689,2026-08-12,0.043561794,0.04175353,0.009103881,0.010003027,4.784444
3224,2026-08-12,0.046856117,0.048758384,0.00979454,0.009162901,4.7834134
1414,2026-08-12,0.04145967,0.034115117,0.00867251,0.007965601,4.780033
2206,2026-08-12,0.030688984,0.004136251,0.0064269085,0.009656819,4.7743344
8443,2026-08-12,0.049515106,0.052089088,0.010377996,0.008823127,4.770703
6568,2026-08-12,0.044405524,0.052667517,0.009312631,0.011735166,4.7677994
2880,2026-08-12,0.044968996,0.04044572,0.009433077,0.0093174605,4.7666554
1340,2026-08-12,0.044493776,0.045057848,0.0093442965,0.010811501,4.7610874
1452,2026-08-12,0.040660333,0.052525323,0.008540114,0.009333988,4.760542
3293,2026-08-12,0.05280365,0.053513367,0.011112748,0.008463675,4.751201
2114,2026-08-12,0.057986315,0.0684574,0.012214669,0.011408224,4.74688
3259,2026-08-12,0.03463552,0.017756077,0.007336347,0.011832292,4.7204423
1342,2026-08-12,0.056661483,0.062285338,0.012046651,0.011369995,4.7031145
4162,2026-08-12,0.044674836,0.04262456,0.009525599,0.008875267,4.689484
3027,2026-08-12,0.04036795,0.04867426,0.008619921,0.008775533,4.682556
6154,2026-08-12,0.05206209,0.07649417,0.011131913,0.012439067,4.676412
3528,2026-08-12,0.06066038,0.06609717,0.013017632,0.012806407,4.659505
4935,2026-08-12,0.047088962,0.03801737,0.010105051,0.006444235,4.659482
6679,2026-08-12,0.05245807,0.045328554,0.011259597,0.008532408,4.658551
8059,2026-08-12,0.03669166,0.02863322,0.00791098,0.007216268,4.637481
6504,2026-08-12,0.034893636,0.019996893,0.0075351032,0.008184511,4.630196
1702,2026-08-12,0.029421186,0.014430176,0.0063545173,0.0075099934,4.6292357
6763,2026-08-12,0.04572958,0.0520584,0.009886896,0.0096604815,4.624804
8249,2026-08-12,0.034112137,0.03250265,0.007376435,0.008325844,4.623848
4109,2026-08-12,0.041617315,0.028604478,0.009016494,0.008268746,4.615175
6165,2026-08-12,0.036826763,0.029699344,0.007979025,0.008562821,4.614868
6573,2026-08-12,0.046764977,0.043053515,0.010145719,0.010638756,4.6088767
4523,2026-08-12,0.038820412,0.050923586,0.008425038,0.008756802,4.6071963
3130,2026-08-12,0.042674497,0.04446227,0.009270326,0.010672616,4.602847
2636,2026-08-12,0.04049415,0.055009384,0.008806607,0.010062529,4.597634
4968,2026-08-12,0.033089165,0.023557872,0.0072097452,0.007909509,4.588869
9958,2026-08-12,0.05094522,0.033535983,0.011112355,0.0128765395,4.584144
2109,2026-08-12,0.047164336,0.062656134,0.010315152,0.007817438,4.5718923
1521,2026-08-12,0.038952757,0.051401876,0.00853058,0.007395784,4.565714
3272,2026-08-12,0.04577547,0.043193866,0.010029098,0.008652158,4.563811
1471,2026-08-12,0.048073195,0.052131154,0.01054036,0.010535949,4.560436
1907,2026-08-12,0.051370494,0.05709386,0.011311085,0.0076434854,4.5412045
4190,2026-08-12,0.03369188,0.012299257,0.007434244,0.009180204,4.5313754
9950,2026-08-12,0.044803556,0.05444141,0.009895746,0.008602982,4.5270996
6229,2026-08-12,0.05346667,0.06965689,0.011842173,0.012022777,4.5145564
7749,2026-08-12,0.04263099,0.053412147,0.009455084,0.009344446,4.508313
4402,2026-08-12,0.04596645,0.031195028,0.010202758,0.008702894,4.5048547
8068,2026-08-12,0.044160638,0.04622864,0.009805833,0.009522024,4.503048
2308,2026-08-12,0.061738532,0.06734627,0.013719716,0.01287789,4.499658
5543,2026-08-12,0.033629693,0.01581953,0.00747524,0.007001957,4.4982095
6129,2026-08-12,0.05335541,0.059780564,0.011876029,0.008171811,4.4923196
4131,2026-08-12,0.043908816,0.022701688,0.009781074,0.008933953,4.4887023
6712,2026-08-12,0.04193839,0.04975318,0.009347171,0.010103496,4.486267
2492,2026-08-12,0.04721,0.04359056,0.010530853,0.008248493,4.482592
1604,2026-08-12,0.030189607,0.013531647,0.0067458763,0.0064761215,4.474605
2440,2026-08-12,0.04094913,0.049785253,0.009154723,0.008886597,4.472517
2471,2026-08-12,0.03802856,0.053775463,0.008509428,0.006708352,4.468466
1611,2026-08-12,0.04180897,0.045218904,0.009362575,0.011124764,4.465065
4934,2026-08-12,0.042397443,0.045600913,0.009506463,0.009018711,4.4593854
5878,2026-08-12,0.04068751,0.0386991,0.009123263,0.00938765,4.459265
6722,2026-08-12,0.04833304,0.044623073,0.0108556915,0.010764371,4.4519124
6195,2026-08-12,0.038325485,0.05982021,0.008626594,0.008636358,4.4421983
2618,2026-08-12,0.045656014,0.044046305,0.010291579,0.010660634,4.4358187
5508,2026-08-12,0.052766908,0.07076133,0.011916389,0.0127104195,4.427724
6183,2026-08-12,0.04235149,0.058864877,0.009580506,0.010167929,4.420129
4433,2026-08-12,0.047261644,0.060871135,0.010722385,0.009844707,4.407344
8390,2026-08-12,0.060478054,0.07126992,0.013723213,0.008798676,4.406668
1539,2026-08-12,0.056130163,0.06462434,0.012742099,0.010945514,4.40475
2727,2026-08-12,0.042096052,0.03319713,0.009559039,0.01148771,4.4033346
6606,2026-08-12,0.04916,0.076134175,0.011195749,0.01014419,4.39056
8487,2026-08-12,0.036684677,0.027016269,0.00835771,0.010175018,4.3887963
7743,2026-08-12,0.038244374,0.06285269,0.008714424,0.009067837,4.388125
2006,2026-08-12,0.046845924,0.045118283,0.010702715,0.010422113,4.376604
8091,2026-08-12,0.06317972,0.08220875,0.014527773,0.014866984,4.3485928
6435,2026-08-12,0.052285086,0.06384759,0.0120294215,0.012444458,4.3460727
1227,2026-08-12,0.032027505,0.0150909545,0.0073833573,0.0068133483,4.3372097
6160,2026-08-12,0.03433617,0.038811494,0.007938609,0.007976745,4.324667
3591,2026-08-12,0.03791553,0.034362637,0.008797876,0.012676575,4.3091335
6846,2026-08-12,0.038815334,0.015370679,0.009013642,0.007797253,4.30581
8081,2026-08-12,0.03764266,0.045493636,0.008743607,0.010295196,4.3046713
8049,2026-08-12,0.051490847,0.06985987,0.011971085,0.011964765,4.3009086
2460,2026-08-12,0.049762156,0.050960734,0.011579805,0.009051973,4.2969513
3356,2026-08-12,0.045982346,0.06921752,0.010702802,0.012008345,4.295889
6188,2026-08-12,0.030459542,0.025083054,0.0071436325,0.009921997,4.2632766
3526,2026-08-12,0.036098186,0.015067716,0.00847848,0.008402524,4.2571225
3030,2026-08-12,0.034636874,0.034087874,0.008135322,0.008676119,4.2570677
1760,2026-08-12,0.03833655,0.025906952,0.009013441,0.010058634,4.2527924
2404,2026-08-12,0.046435013,0.048431657,0.010947029,0.009715822,4.2414036
3060,2026-08-12,0.042157196,0.0403608,0.009972883,0.009649299,4.2267585
2548,2026-08-12,0.026346505,5.1380634e-05,0.0062568225,0.009498388,4.210171
1776,2026-08-12,0.04273444,0.048981752,0.010149318,0.008931915,4.210158
2476,2026-08-12,0.037503067,0.03456831,0.008907435,0.009633728,4.2098374
7782,2026-08-12,0.03974727,0.041504215,0.009465021,0.010973397,4.1989417
3014,2026-08-12,0.047398075,0.056170594,0.011334388,0.009013208,4.181425
8069,2026-08-12,0.04079259,0.0047567654,0.009757498,0.013110591,4.1802115
6835,2026-08-12,0.049142636,0.05738564,0.011774538,0.012000551,4.1732817
7772,2026-08-12,0.03238622,0.035080258,0.007775221,0.008445132,4.1647763
6248,2026-08-12,0.046718605,0.05976677,0.011227201,0.010122366,4.160827
3285,2026-08-12,0.039791737,0.057938587,0.009564621,0.014095344,4.159869
8342,2026-08-12,0.033776857,0.016644537,0.008123532,0.0064918417,4.157391
2892,2026-08-12,0.03747107,0.023923488,0.009033618,0.00957716,4.147499
5522,2026-08-12,0.039278906,0.03982457,0.009482614,0.011993608,4.1417656
6576,2026-08-12,0.03209104,0.043634277,0.0077841035,0.008939159,4.1221085
2211,2026-08-12,0.032482058,0.030418253,0.0078930035,0.007649453,4.114776
1583,2026-08-12,0.034793336,0.025286822,0.008471203,0.006370531,4.1067634
4904,2026-08-12,0.04009366,0.010748774,0.009771404,0.011372019,4.1027427
6212,2026-08-12,0.045686644,0.06260751,0.011155624,0.012371738,4.095024
6470,2026-08-12,0.03673639,0.017869582,0.008981256,0.010701386,4.0898848
4714,2026-08-12,0.041789934,0.04994513,0.0102339545,0.011474945,4.08306
1236,2026-08-12,0.04476066,0.0469497,0.010983606,0.009171466,4.0748534
1732,2026-08-12,0.03974657,0.03140138,0.009754398,0.008830396,4.0743155
6128,2026-08-12,0.028663669,0.04047127,0.007069293,0.00824794,4.054099
3052,2026-08-12,0.04567741,0.059631195,0.011268818,0.010669222,4.0530744
9941,2026-08-12,0.042975593,0.059534073,0.010607251,0.012087172,4.051148
6498,2026-08-12,0.061942592,0.06779278,0.015294476,0.01565755,4.0497327
5519,2026-08-12,0.038635023,0.036313534,0.009585383,0.011156627,4.030198
4766,2026-08-12,0.047058307,0.0648922,0.011684534,0.011870346,4.027056
6885,2026-08-12,0.03325353,0.02360597,0.008259762,0.007285905,4.0254793
2539,2026-08-12,0.0407007,0.04238071,0.010124373,0.008697836,4.019674
1786,2026-08-12,0.035164785,0.038491122,0.008758753,0.008262225,4.014358
6863,2026-08-12,0.04153161,0.0014379625,0.010377893,0.011196531,4.0015454
3672,2026-08-12,0.040081587,0.022568963,0.010023274,0.008413836,3.9984527
6138,2026-08-12,0.048175,0.051012356,0.012049945,0.012743958,3.9976118
5202,2026-08-12,0.041748546,0.041722357,0.01045284,0.009701229,3.9936087
1587,2026-08-12,0.04516344,0.046608124,0.011312533,0.007812981,3.9919837
2906,2026-08-12,0.033478007,0.053016484,0.008386467,0.010317752,3.9914324
0052,2026-08-12,0.07037842,0.077098705,0.017641317,0.017829875,3.9891825
4129,2026-08-12,0.03796268,0.046955563,0.009536028,0.012122324,3.9805565
6197,2026-08-12,0.046141353,0.04122228,0.011614874,0.012213968,3.972267
3527,2026-08-12,0.04031953,0.048608992,0.010155346,0.010337266,3.969885
6241,2026-08-12,0.04739983,0.020815296,0.011955902,0.0122002615,3.9642234
3390,2026-08-12,0.050632764,0.04215227,0.012777115,0.011804027,3.9624593
4543,2026-08-12,0.037998278,0.053749546,0.009591032,0.00997012,3.961442
3005,2026-08-12,0.03394485,0.023621706,0.008570757,0.0094273025,3.9600806
2431,2026-08-12,0.04337074,0.050325118,0.010959315,0.010023711,3.9570704
1527,2026-08-12,0.022496844,0.008939099,0.005685525,0.008083564,3.9561675
4942,2026-08-12,0.03305088,0.031502463,0.008364941,0.011047958,3.9506469
2704,2026-08-12,0.030201213,0.0051496564,0.007658764,0.009033016,3.942839
9902,2026-08-12,0.039976723,0.0429249,0.0101401415,0.011398493,3.9420338
8092,2026-08-12,0.044607904,0.033071585,0.011315401,0.009587759,3.9418807
1474,2026-08-12,0.036117036,0.027680794,0.0091726305,0.010614806,3.9370492
2845,2026-08-12,0.038673736,0.0054081855,0.009834572,0.00826374,3.932027
3213,2026-08-12,0.054444138,0.06317284,0.0138578275,0.012742291,3.9284806
2316,2026-08-12,0.04108543,0.042094175,0.01047544,0.012757786,3.9216976
3021,2026-08-12,0.035157125,0.044203497,0.008979077,0.010856173,3.9150136
4588,2026-08-12,0.04035139,0.059564386,0.0103150625,0.009832004,3.9115107
9928,2026-08-12,0.03654832,0.043609325,0.009370324,0.009642984,3.9000165
6865,2026-08-12,0.038587555,0.03963728,0.009919957,0.01122108,3.8894992
3551,2026-08-12,0.050070383,0.066108085,0.012879661,0.010924792,3.8872523
6122,2026-08-12,0.03560433,0.021227904,0.009161278,0.0075903623,3.8859694
3029,2026-08-12,0.037494898,0.03976341,0.009651323,0.010568317,3.8845465
3520,2026-08-12,0.042475346,0.039450284,0.01094916,0.0094279675,3.8789704
3705,2026-08-12,0.027932735,0.021194303,0.0072228624,0.010459757,3.8667314
1742,2026-08-12,0.03630515,0.038413625,0.0093896445,0.007594565,3.8660975
2611,2026-08-12,0.033819053,0.038459126,0.008772185,0.007853303,3.8548203
6136,2026-08-12,0.038884997,0.061787162,0.010110985,0.010485072,3.8454366
7765,2026-08-12,0.041534964,0.048796844,0.010824277,0.009899642,3.83685
7631,2026-08-12,0.03874095,0.062684685,0.010097194,0.0094471285,3.8364234
6680,2026-08-12,0.041205764,0.010281554,0.010776905,0.0091023,3.82317
6698,2026-08-12,0.038336646,0.026100807,0.010047464,0.008989532,3.8151748
8403,2026-08-12,0.03867103,0.04496936,0.010162984,0.008798513,3.8047118
6782,2026-08-12,0.03620495,0.05966228,0.0095220385,0.010326808,3.8018274
6574,2026-08-12,0.048371863,0.06346384,0.012747364,0.010266775,3.7943583
1524,2026-08-12,0.034366243,0.03857525,0.009060627,0.008802361,3.7925024
4188,2026-08-12,0.029214768,0.036644615,0.007704887,0.00945772,3.791227
2115,2026-08-12,0.031882647,0.05257077,0.008446663,0.007523974,3.7741382
1721,2026-08-12,0.035199944,0.046811823,0.009341594,0.008104018,3.7676842
6598,2026-08-12,0.042579874,0.0027889584,0.011302824,0.011625997,3.7668557
5016,2026-08-12,0.042376433,0.06876859,0.011288814,0.010946381,3.75351
1446,2026-08-12,0.040538155,0.04990591,0.010817723,0.011724178,3.7470367
4527,2026-08-12,0.046005305,0.0696818,0.012308791,0.0112916995,3.7372935
2642,2026-08-12,0.034865532,0.026874278,0.009336499,0.007922757,3.7339263
2515,2026-08-12,0.03285106,0.012865361,0.008809104,0.010008421,3.7287936
4416,2026-08-12,0.042663608,0.040330254,0.011443484,0.00993492,3.7278752
4538,2026-08-12,0.03923281,0.036720563,0.010524967,0.0092021525,3.7272403
1438,2026-08-12,0.029442271,0.021343028,0.007919031,0.0074411416,3.7174437
4554,2026-08-12,0.03774245,0.06138409,0.010167928,0.009701461,3.7115464
4552,2026-08-12,0.027312716,0.019242465,0.0073636784,0.0073466846,3.7086096
2609,2026-08-12,0.027973045,0.037064314,0.007547866,0.008312095,3.7055957
6506,2026-08-12,0.035509553,0.054963455,0.009585634,0.010572008,3.704069
5263,2026-08-12,0.030119177,0.018116128,0.008146428,0.008918773,3.6967711
2387,2026-08-12,0.0337983,0.018503072,0.009143345,0.009514477,3.6960874
3047,2026-08-12,0.031671472,0.027979927,0.008570916,0.007973999,3.694795
6856,2026-08-12,0.029018749,0.042872168,0.0078564985,0.007103232,3.693128
5490,2026-08-12,0.04569886,0.00042819988,0.012380267,0.011540827,3.690968
3622,2026-08-12,0.038098533,0.057706866,0.010329878,0.011555428,3.687831
2488,2026-08-12,0.037435804,0.052706797,0.01018868,0.009789396,3.6738937
1456,2026-08-12,0.03674146,0.027655141,0.010023856,0.007904484,3.6650364
2468,2026-08-12,0.03104214,0.033386905,0.008469305,0.0088033965,3.6648195
2022,2026-08-12,0.044314966,0.052877497,0.012126078,0.011094153,3.6542163
1558,2026-08-12,0.029894583,0.05845523,0.008179897,0.008902117,3.6541934
6624,2026-08-12,0.033389963,0.009529263,0.009148767,0.011166447,3.649269
4502,2026-08-12,0.034798738,0.04245584,0.009558017,0.009643405,3.6404095
8462,2026-08-12,0.04105642,0.06013418,0.011283594,0.010686441,3.6382718
5312,2026-08-12,0.03733131,0.027152091,0.010262968,0.009683821,3.6371224
5478,2026-08-12,0.03645885,0.049765397,0.010051214,0.010607441,3.6269472
1203,2026-08-12,0.030988898,0.0055717113,0.008551298,0.008887637,3.6234586
1708,2026-08-12,0.040449448,0.030029992,0.011164089,0.011331646,3.6228504
8411,2026-08-12,0.03544193,0.040176295,0.00979332,0.010009231,3.6186209
6486,2026-08-12,0.027713185,0.020512741,0.007667574,0.008108531,3.6138642
5457,2026-08-12,0.029641202,0.019679774,0.008270568,0.007043189,3.5835044
1712,2026-08-12,0.034212954,0.02079882,0.0095518865,0.00841313,3.5814257
7713,2026-08-12,0.031481925,0.036812242,0.008796084,0.008907137,3.5786774
9939,2026-08-12,0.027793113,0.01960407,0.0077716117,0.010768967,3.5757754
1773,2026-08-12,0.031260204,0.046821013,0.008777224,0.008695293,3.5611076
2327,2026-08-12,0.037530486,0.030622918,0.010547404,0.010387549,3.55793
5521,2026-08-12,0.032611202,0.032309815,0.009167299,0.0070988657,3.5569525
5278,2026-08-12,0.041350238,0.05115216,0.011625878,0.009098121,3.5564353
1442,2026-08-12,0.038557243,0.04174914,0.010874553,0.011394678,3.5453134
8272,2026-08-12,0.029580723,0.021654662,0.008351942,0.007857522,3.541354
1813,2026-08-12,0.04067777,0.03366945,0.011513014,0.009607003,3.532892
7770,2026-08-12,0.046090078,0.046262827,0.013053724,0.011098332,3.5305288
2038,2026-08-12,0.03683797,0.03669111,0.0104353,0.011058315,3.529792
1240,2026-08-12,0.035518877,0.054929692,0.01007587,0.010626769,3.5247927
2235,2026-08-12,0.03862846,0.059492406,0.010981141,0.010873595,3.5173888
5525,2026-08-12,0.046219397,0.037201475,0.013167069,0.011934026,3.50996
5251,2026-08-12,0.028644724,0.033625674,0.008182163,0.0074558705,3.500446
4123,2026-08-12,0.047762096,0.0005624643,0.013645052,0.012214723,3.500067
4569,2026-08-12,0.03640863,0.032965884,0.010414028,0.009391915,3.4957783
2701,2026-08-12,0.031456545,0.021330424,0.008998287,0.008286543,3.4954486
1234,2026-08-12,0.026626484,0.013041063,0.0076241293,0.00894042,3.4919388
4183,2026-08-12,0.037116513,0.037877765,0.010644609,0.01028039,3.486556
5902,2026-08-12,0.03888159,0.059790026,0.011166739,0.009429493,3.4815989
8440,2026-08-12,0.043796126,0.06116534,0.012585684,0.01345413,3.4795604
8421,2026-08-12,0.03605229,0.0049769464,0.0103816055,0.0071597896,3.472374
6170,2026-08-12,0.029633533,0.041691367,0.008568942,0.009512288,3.4578452
5515,2026-08-12,0.024236528,0.048587035,0.0070108282,0.010654824,3.4565206
3004,2026-08-12,0.035828598,0.028044723,0.010394347,0.010886101,3.4465995
2641,2026-08-12,0.03689486,0.044484515,0.0108162975,0.009393944,3.4107282
8938,2026-08-12,0.030577846,0.010703412,0.008985123,0.00847059,3.4027853
6728,2026-08-12,0.029798158,0.012344797,0.008765458,0.007380798,3.39911
2751,2026-08-12,0.058256403,0.091161184,0.017249832,0.019599317,3.37702
6903,2026-08-12,0.036607582,0.04699092,0.010873408,0.010786466,3.3663976
6733,2026-08-12,0.02893453,-0.0012135208,0.008606049,0.009411255,3.3617246
6276,2026-08-12,0.029549142,0.021606384,0.008789723,0.008816077,3.3614006
4905,2026-08-12,0.037880827,0.056238037,0.011272639,0.010397621,3.360124
3713,2026-08-12,0.03356468,0.04514007,0.01006966,0.011294612,3.3329175
6508,2026-08-12,0.033802103,0.039698433,0.010151,0.009556932,3.3296003
4720,2026-08-12,0.034407657,0.04158896,0.010348617,0.009968135,3.3245342
1616,2026-08-12,0.026611907,0.035614498,0.008013713,0.009406455,3.3203816
6242,2026-08-12,0.02837545,0.009977158,0.008552538,0.008515059,3.3173933
2248,2026-08-12,0.026877519,0.0067628277,0.008146603,0.010535676,3.2988253
2007,2026-08-12,0.02973646,0.026068551,0.009041545,0.006881561,3.2885056
5223,2026-08-12,0.029761283,0.034812167,0.009054545,0.005857217,3.2865257
1213,2026-08-12,0.034795474,0.044909313,0.010586615,0.009197732,3.2864318
5531,2026-08-12,0.032328878,0.013498557,0.009836947,0.008582083,3.2861407
3531,2026-08-12,0.030078832,0.029201368,0.009161737,0.010967014,3.2827344
1723,2026-08-12,0.024036856,0.019519376,0.0073535643,0.007059413,3.2682912
6556,2026-08-12,0.029653104,0.023478488,0.009079643,0.009052819,3.2655292
1805,2026-08-12,0.035658598,0.055516005,0.010918824,0.008384255,3.265492
2801,2026-08-12,0.026964426,0.010624309,0.008276652,0.010247601,3.257497
5284,2026-08-12,0.03558581,0.030209148,0.010943356,0.00843577,3.2515216
4741,2026-08-12,0.032710575,0.04569717,0.0100716315,0.010576629,3.2474706
5904,2026-08-12,0.04426969,0.02680028,0.013648861,0.016504882,3.2432337
6512,2026-08-12,0.031888172,0.039334375,0.009874252,0.009229563,3.2290995
5234,2026-08-12,0.032181386,0.0428161,0.00999872,0.011040636,3.2182286
5603,2026-08-12,0.027540315,0.029651552,0.008576283,0.0071412874,3.2108436
6189,2026-08-12,0.028217662,0.0486688,0.008790333,0.009899563,3.2097137
3540,2026-08-12,0.035069842,0.045587905,0.01094173,0.008075254,3.204853
5225,2026-08-12,0.030519865,0.007529391,0.009531845,0.009954391,3.2015483
4745,2026-08-12,0.031853918,0.040501937,0.009953848,0.010429542,3.1998396
6756,2026-08-12,0.028288,0.03235561,0.008845079,0.008966947,3.1978009
3266,2026-08-12,0.026377674,0.04195653,0.008264027,0.009945795,3.1914809
4545,2026-08-12,0.026316475,0.030340454,0.008262755,0.008472241,3.184566
1324,2026-08-12,0.02570798,0.026775511,0.008082061,0.00798549,3.1804757
8450,2026-08-12,0.03335434,0.04301864,0.010498483,0.0073869377,3.17676
6725,2026-08-12,0.028748548,0.014763136,0.009075667,0.008896661,3.1673021
5299,2026-08-12,0.033243626,0.017567193,0.010496778,0.009272786,3.1667297
6028,2026-08-12,0.03323985,0.067618,0.010521068,0.009896699,3.1590602
4114,2026-08-12,0.030084256,0.04260839,0.009573883,0.012603849,3.141997
2702,2026-08-12,0.030013453,0.022995956,0.009554051,0.008115537,3.1411085
2887,2026-08-12,0.032705553,0.030727614,0.010426641,0.009042656,3.1364286
3073,2026-08-12,0.026901692,0.05144442,0.0086004315,0.009066706,3.127583
3628,2026-08-12,0.030751126,0.05203538,0.009849276,0.009813052,3.121854
6569,2026-08-12,0.03544303,0.023987202,0.011360057,0.009036214,3.1196947
5529,2026-08-12,0.039998006,0.04367651,0.012879256,0.0141748,3.1053734
3018,2026-08-12,0.049859993,0.01692369,0.01608694,0.01267659,3.0992155
6645,2026-08-12,0.030454548,0.03868126,0.009839225,0.008270534,3.0949037
5347,2026-08-12,0.04506736,0.035145458,0.014561199,0.012955558,3.0948184
2904,2026-08-12,0.024412187,0.0042003645,0.007892463,0.008263969,3.092709
6592,2026-08-12,0.0302081,0.034420516,0.00977976,0.008699803,3.0885227
6697,2026-08-12,0.02993321,0.052969478,0.009690893,0.008918571,3.0884793
3045,2026-08-12,0.03454031,-0.0038259432,0.011227562,0.013281265,3.0761116
4441,2026-08-12,0.033329535,0.061213367,0.010848644,0.011616281,3.0719473
8936,2026-08-12,0.028104337,0.027794447,0.009154304,0.0088733975,3.0697327
5015,2026-08-12,0.03317758,0.056056842,0.010807894,0.010678828,3.0694704
2462,2026-08-12,0.025011424,0.015525017,0.008153624,0.008183765,3.067146
5536,2026-08-12,0.031990044,0.0049244366,0.010436999,0.012510491,3.0647678
4930,2026-08-12,0.033398088,0.03152878,0.010903303,0.009019634,3.0628357
4155,2026-08-12,0.020558529,0.025500225,0.0067171035,0.00982498,3.0601685
1623,2026-08-12,0.02734998,0.027362239,0.008958062,0.010550955,3.0527725
6691,2026-08-12,0.030658495,0.043596428,0.010044887,0.008720554,3.0518456
3402,2026-08-12,0.03225893,0.030731022,0.010572813,0.01129001,3.0508323
7803,2026-08-12,0.02638686,0.02174283,0.008649225,0.007020271,3.0504246
3484,2026-08-12,0.03225032,0.033572868,0.010595805,0.010549763,3.0434
6164,2026-08-12,0.029361138,0.04516263,0.0096579995,0.01190602,3.0397701
1338,2026-08-12,0.024854569,0.009986718,0.008177991,0.0068693375,3.0388305
8024,2026-08-12,0.027676137,0.022079647,0.009108033,0.008146262,3.0383177
2228,2026-08-12,0.02908781,0.0038612084,0.009575725,0.0072075515,3.0373442
2883,2026-08-12,0.025896244,0.012958747,0.008535902,0.010278243,3.0334473
6192,2026-08-12,0.02334501,0.038495794,0.007705797,0.009033685,3.0291457
8415,2026-08-12,0.024846846,0.038246512,0.008207571,0.008503339,3.0269394
3206,2026-08-12,0.028341739,0.048795413,0.009362356,0.008577861,3.026878
4966,2026-08-12,0.03001461,0.023220027,0.009927152,0.010132103,3.023182
5272,2026-08-12,0.031487335,0.0193141,0.01045583,0.010136652,3.011174
1402,2026-08-12,0.026076594,0.022631537,0.008675959,0.009499876,3.0052688
4121,2026-08-12,0.030301848,0.03779953,0.010084308,0.009646658,3.0045536
1565,2026-08-12,0.026390107,0.045360003,0.008799628,0.010323501,2.9986615
2349,2026-08-12,0.03525772,0.045719147,0.011886087,0.0101719545,2.966052
7740,2026-08-12,0.03561445,0.022017192,0.012013504,0.010120281,2.9642878
4563,2026-08-12,0.0325046,0.034006737,0.010990506,0.010508968,2.957247
4972,2026-08-12,0.025322514,0.032638445,0.008574626,0.011335346,2.952847
8042,2026-08-12,0.041207455,0.06643135,0.013986768,0.014636066,2.9459634
2345,2026-08-12,0.030845689,0.01838833,0.010480122,0.009968489,2.9429758
7811,2026-08-12,0.03127022,0.015869265,0.010635612,0.01004379,2.9398668
2317,2026-08-12,0.027436905,0.024940899,0.009351143,0.012407081,2.9337559
9929,2026-08-12,0.02939375,0.029462647,0.010060344,0.009431898,2.9214535
3413,2026-08-12,0.035151515,0.005423226,0.012042809,0.010883661,2.9186375
6577,2026-08-12,0.03326669,0.037943896,0.011410852,0.010501211,2.9150999
5548,2026-08-12,0.035299677,0.023956094,0.012117892,0.007519299,2.912781
6909,2026-08-12,0.031128548,0.04671378,0.01069798,0.009917308,2.9094872
6910,2026-08-12,0.023267837,0.027762007,0.008019766,0.008520126,2.9009495
8410,2026-08-12,0.034001198,0.051671553,0.011719966,0.011204807,2.9008868
6235,2026-08-12,0.03415829,0.035816085,0.011796891,0.010571536,2.8952878
3288,2026-08-12,0.033736072,0.00026141506,0.011665614,0.010353011,2.8916762
6496,2026-08-12,0.028895957,0.020311859,0.009999664,0.011259281,2.8894038
3040,2026-08-12,0.032999467,0.044087213,0.0114508495,0.010890046,2.881584
6613,2026-08-12,0.023626845,-0.0063142227,0.008200752,0.010363926,2.8807073
1784,2026-08-12,0.022118533,0.033048823,0.0076853875,0.010041934,2.877624
8047,2026-08-12,0.024502706,0.024336964,0.008515631,0.010924773,2.877042
2897,2026-08-12,0.023245418,0.005301601,0.008095766,0.0083815325,2.8709507
6222,2026-08-12,0.025166893,0.017533636,0.008802993,0.007582077,2.858577
3558,2026-08-12,0.02218587,0.026469195,0.0077757444,0.007483399,2.852848
2330,2026-08-12,0.042127665,0.041950926,0.014829467,0.013749816,2.8406162
8442,2026-08-12,0.029934693,0.030728782,0.0105394265,0.009885022,2.8399887
1453,2026-08-12,0.027100656,0.041887857,0.009542248,0.0063621295,2.8397727
6411,2026-08-12,0.033652794,0.045159537,0.01187219,0.013035479,2.8343513
8044,2026-08-12,0.020098161,0.012888821,0.0070944284,0.008050649,2.8325508
2596,2026-08-12,0.027920099,0.05042778,0.009906362,0.009438674,2.8181164
1294,2026-08-12,0.028257435,0.046133455,0.010035233,0.00998641,2.815542
1506,2026-08-12,0.021316472,0.03212918,0.0075958655,0.009759404,2.8059564
5276,2026-08-12,0.031695183,0.026990589,0.011322433,0.009441115,2.799079
2106,2026-08-12,0.026219873,0.020515215,0.009370183,0.009707586,2.7979257
6231,2026-08-12,0.020736413,0.01785208,0.007416065,0.00930105,2.795771
3257,2026-08-12,0.0273987,0.033382077,0.009886397,0.010944476,2.771073
6266,2026-08-12,0.03113382,0.043561235,0.011244199,0.009967364,2.768632
6142,2026-08-12,0.03226154,0.014216264,0.011653724,0.008168734,2.7681084
5546,2026-08-12,0.030111277,0.019576764,0.010885508,0.00952601,2.7659261
5287,2026-08-12,0.024924336,0.041057747,0.009051201,0.00986373,2.7534006
4113,2026-08-12,0.02410478,0.020075368,0.008796912,0.011250293,2.7398295
3687,2026-08-12,0.02175498,0.016196463,0.007943703,0.006473288,2.7382998
6719,2026-08-12,0.03408345,0.010982298,0.012446413,0.01031428,2.7381954
1423,2026-08-12,0.026368072,0.01837008,0.009643043,0.0073390715,2.7341304
2937,2026-08-12,0.020934185,0.023497796,0.0076804445,0.009630845,2.725293
2726,2026-08-12,0.024071174,0.035067186,0.008849333,0.008062019,2.7198043
5439,2026-08-12,0.035712972,0.056721263,0.013182731,0.018067412,2.7088668
2450,2026-08-12,0.017494556,-0.007065989,0.006482509,0.0070414883,2.698316
9943,2026-08-12,0.02393084,0.015467947,0.008882209,0.00906436,2.6939409
3694,2026-08-12,0.02979474,0.005038367,0.011067246,0.010130899,2.6919115
8099,2026-08-12,0.021039061,0.015082091,0.007819608,0.008299336,2.690208
4721,2026-08-12,0.026650315,0.041384373,0.009919618,0.011119136,2.6863563
1103,2026-08-12,0.022914806,0.017937828,0.008532717,0.0071274242,2.685208
6259,2026-08-12,0.034627113,0.044714246,0.012901306,0.010387785,2.6837926
5871,2026-08-12,0.028273849,0.026424844,0.010550368,0.008430882,2.6796381
7715,2026-08-12,0.028662877,0.027987642,0.0107257785,0.009039664,2.6720862
3031,2026-08-12,0.015780043,0.026308764,0.005908495,0.010012101,2.6702864
2908,2026-08-12,0.021733101,0.016033093,0.008140315,0.0073046903,2.6694827
3290,2026-08-12,0.023569705,0.04332509,0.008836033,0.012586819,2.6671515
6629,2026-08-12,0.029436084,0.039672073,0.011067722,0.013857608,2.659393
6158,2026-08-12,0.029254138,0.010501679,0.011045042,0.009688405,2.6483817
8463,2026-08-12,0.024147006,0.0057988516,0.009117541,0.00816457,2.6481216
6210,2026-08-12,0.02382051,0.01221325,0.009028977,0.008697636,2.637937
1568,2026-08-12,0.026103118,0.034607552,0.009918939,0.00942525,2.631379
1232,2026-08-12,0.022662211,0.011203641,0.008643564,0.007602258,2.6215563
3015,2026-08-12,0.020586256,0.005026263,0.007859053,0.008303908,2.6190987
6425,2026-08-12,0.025632445,0.030217282,0.009802133,0.00969815,2.6147196
3086,2026-08-12,0.024925884,0.025428973,0.00959603,0.0092042275,2.5972497
2390,2026-08-12,0.021288216,0.029517299,0.00820112,0.008976836,2.5954528
1570,2026-08-12,0.027867733,0.017517455,0.01075264,0.009040721,2.5914698
8277,2026-08-12,0.027024638,0.033578422,0.010457534,0.0091484785,2.5839794
6838,2026-08-12,0.026359376,0.021132903,0.010203398,0.010077181,2.5831387
4529,2026-08-12,0.027451614,0.024114946,0.010670035,0.010800896,2.5725353
7810,2026-08-12,0.0214104,0.036858473,0.008322584,0.010549486,2.572257
5534,2026-08-12,0.025002452,0.01320074,0.009720836,0.009252769,2.5717828
6582,2026-08-12,0.025936285,0.016355284,0.0100948075,0.009534215,2.5690153
2511,2026-08-12,0.02277106,0.0072264653,0.008864524,0.0065235486,2.5684958
3050,2026-08-12,0.024711581,0.04599828,0.009630865,0.007988886,2.5656068
1220,2026-08-12,0.027866479,0.016636599,0.010869364,0.00863447,2.5635276
2373,2026-08-12,0.022524377,-0.0001616459,0.008795193,0.00980245,2.560696
2736,2026-08-12,0.01988149,0.011264275,0.007776711,0.009271779,2.5562136
8488,2026-08-12,0.026454747,0.015647568,0.010349435,0.0071672625,2.5559068
6666,2026-08-12,0.020416347,0.0024281985,0.008046028,0.010975756,2.5371287
2430,2026-08-12,0.02413505,0.026976224,0.009578147,0.008256096,2.5195405
2012,2026-08-12,0.022474173,-0.0012950754,0.008935519,0.008848017,2.514869
2607,2026-08-12,0.020226128,0.041506093,0.0080558,0.0098134745,2.510442
4108,2026-08-12,0.022320302,0.0037924775,0.008890168,0.005427479,2.5103903
3205,2026-08-12,0.020996042,0.020568797,0.008404673,0.008188365,2.4978418
5288,2026-08-12,0.024803782,0.02572188,0.009968908,0.008702021,2.4878647
6869,2026-08-12,0.021982955,0.0077614915,0.008853933,0.0061616255,2.4825659
3703,2026-08-12,0.027682845,0.009894052,0.01115434,0.007779767,2.4815779
3494,2026-08-12,0.019508822,0.024194257,0.007877382,0.007159668,2.476247
6861,2026-08-12,0.024748137,0.027324537,0.010035359,0.009348027,2.465848
3711,2026-08-12,0.027131712,0.016432002,0.011034829,0.009059983,2.4585116
2357,2026-08-12,0.021930827,0.015581756,0.008931056,0.010656755,2.4552944
1215,2026-08-12,0.023926284,0.016051555,0.0097488575,0.007524774,2.4540136
1104,2026-08-12,0.020023668,0.0072072493,0.008190895,0.00833345,2.4443266
1904,2026-08-12,0.03134369,0.043867107,0.012872952,0.011068751,2.4346595
1468,2026-08-12,0.024783183,0.011642411,0.010184578,0.010073333,2.4331641
6732,2026-08-12,0.030540198,0.0362293,0.012568636,0.0115945805,2.4296803
3023,2026-08-12,0.01577316,0.013338945,0.006553315,0.011847555,2.4065309
3232,2026-08-12,0.022449858,0.02179507,0.009372734,0.008801784,2.3949747
6196,2026-08-12,0.022099558,0.01706847,0.009255784,0.00898395,2.3873906
6823,2026-08-12,0.015541172,-0.008053399,0.0065195817,0.0064269393,2.3834028
1295,2026-08-12,0.01997552,0.0058694626,0.0083922,0.008660391,2.3799648
5201,2026-08-12,0.024515586,0.0096262405,0.010337172,0.0078770695,2.3713655
2379,2026-08-12,0.019443734,0.024411745,0.0083330395,0.010086825,2.3330503
7791,2026-08-12,0.016620776,-0.006348193,0.007134624,0.007391399,2.3292675
3483,2026-08-12,0.019730074,0.014002212,0.008471655,0.0079290755,2.3286767
6579,2026-08-12,0.024680296,0.0067931633,0.010605114,0.01179167,2.3269877
5230,2026-08-12,0.022198413,0.05411366,0.009539447,0.010693924,2.3267686
6020,2026-08-12,0.019241767,0.009843115,0.008316037,0.0073894532,2.3135362
6961,2026-08-12,0.028421191,0.029939048,0.012295213,0.008458772,2.3113778
6953,2026-08-12,0.027143914,0.045696173,0.011748019,0.0140216695,2.3103132
3141,2026-08-12,0.018667758,0.018986877,0.008086251,0.011118167,2.3082945
6412,2026-08-12,0.025807332,0.010970076,0.011240423,0.01028922,2.2957354
6721,2026-08-12,0.019204773,0.0023553467,0.008408296,0.0075196316,2.283755
2368,2026-08-12,0.033600625,0.031893253,0.0148881385,0.013617674,2.2567205
2890,2026-08-12,0.021298353,0.0028110933,0.009445014,0.009239865,2.2547448
6275,2026-08-12,0.022359252,0.025837267,0.009993858,0.008726284,2.2370756
9962,2026-08-12,0.02405905,0.056059446,0.010778868,0.009844168,2.2318501
1817,2026-08-12,0.02070687,0.037089355,0.009284496,0.009406864,2.230023
3128,2026-08-12,0.022791045,0.040478006,0.010246364,0.009648597,2.2240884
2947,2026-08-12,0.019325787,0.007512616,0.008707962,0.00736846,2.219069
2520,2026-08-12,0.017165005,0.017017106,0.0077581787,0.006988916,2.2122195
6674,2026-08-12,0.022841867,0.01729625,0.010330483,0.007188202,2.210899
8210,2026-08-12,0.02876813,0.00019143423,0.013082297,0.009581797,2.198844
2509,2026-08-12,0.018044598,0.023779077,0.0082105,0.007620094,2.197479
4167,2026-08-12,0.018286012,0.01882298,0.00835951,0.008572136,2.1871884
6616,2026-08-12,0.018630438,0.009084321,0.008521178,0.009641191,2.1861122
3008,2026-08-12,0.020721594,0.02245896,0.009555941,0.009397649,2.1682243
8466,2026-08-12,0.02206401,-0.00097015314,0.01018309,0.008862353,2.1665175
4120,2026-08-12,0.021836344,0.04063105,0.010082739,0.011869366,2.1655006
3051,2026-08-12,0.022293178,0.03886614,0.010525466,0.010580177,2.1178217
8454,2026-08-12,0.020446153,0.017847704,0.009653791,0.011517963,2.1177208
6277,2026-08-12,0.020911725,0.021401595,0.009910935,0.010336987,2.1097522
1707,2026-08-12,0.017735163,-0.0036535526,0.008416582,0.009295856,2.1069188
4807,2026-08-12,0.018937822,-0.003442371,0.009014467,0.00800673,2.1005926
7767,2026-08-12,0.019546015,0.03410234,0.009311423,0.011529095,2.0989184
8482,2026-08-12,0.01694882,-0.009144324,0.008074068,0.009683168,2.0989072
1437,2026-08-12,0.020731978,0.008227746,0.009904567,0.009221127,2.0929623
2718,2026-08-12,0.020937948,0.039770793,0.010049421,0.009371763,2.0832906
4426,2026-08-12,0.018670548,0.009690384,0.008991721,0.008418781,2.0761845
3479,2026-08-12,0.014252573,0.026862733,0.0069049844,0.01029183,2.0638006
9930,2026-08-12,0.019966912,-0.00090207526,0.009680269,0.008714922,2.062427
5014,2026-08-12,0.01913908,0.0006276533,0.0092801675,0.010469609,2.0621414
6139,2026-08-12,0.021658419,0.009427865,0.010505149,0.011019595,2.061499
6120,2026-08-12,0.018552251,-0.0038391731,0.0090465285,0.008296719,2.0505323
3011,2026-08-12,0.014408126,-0.008506115,0.0070395777,0.009668883,2.0464408
6788,2026-08-12,0.023179611,0.030921621,0.011405107,0.010585376,2.0322106
2838,2026-08-12,0.018800115,-0.008768616,0.00925859,0.009843199,2.03034
3105,2026-08-12,0.024840122,0.010182387,0.012287593,0.011987984,2.0213966
6859,2026-08-12,0.020326622,0.013945375,0.010070603,0.009466813,2.0182111
6982,2026-08-12,0.021716675,0.03210773,0.0107607525,0.010956577,2.0179496
6542,2026-08-12,0.022807682,0.012631768,0.01131763,0.014064224,2.0150566
6684,2026-08-12,0.024495753,0.043139324,0.012189577,0.015891913,2.0094006
9945,2026-08-12,0.017830284,0.024149328,0.008939926,0.0089746695,1.9942324
3078,2026-08-12,0.016684052,0.022581605,0.008388607,0.009194547,1.9886571
2743,2026-08-12,0.014105072,-0.0024308576,0.007104481,0.0100257145,1.9850975
6671,2026-08-12,0.020791464,0.015082063,0.010493207,0.009216614,1.9812324
2497,2026-08-12,0.015023031,0.03271166,0.0075835586,0.007503582,1.9807391
8076,2026-08-12,0.020250643,0.025924385,0.010230576,0.009073195,1.97923
8016,2026-08-12,0.016613875,0.029694028,0.008401762,0.007305711,1.977192
4106,2026-08-12,0.021419398,0.033135075,0.010838206,0.011329408,1.976104
1516,2026-08-12,0.01893452,0.028528186,0.009619423,0.008879039,1.9681587
7584,2026-08-12,0.01875915,0.016452525,0.009530958,0.010009593,1.9680269
6967,2026-08-12,0.021085808,0.032637767,0.010727904,0.011087207,1.9653273
2069,2026-08-12,0.020212214,0.04893988,0.010325535,0.009754814,1.9573084
2889,2026-08-12,0.020639542,-0.0025067776,0.010547034,0.009391864,1.9567193
3284,2026-08-12,0.018275391,0.02352467,0.009345289,0.011049432,1.9553633
3702,2026-08-12,0.02202798,0.023282332,0.011299562,0.010845691,1.9492818
8183,2026-08-12,0.018073874,0.045367204,0.009277788,0.014649707,1.94787
3533,2026-08-12,0.01752821,0.013892516,0.009015664,0.010309378,1.9439794
2915,2026-08-12,0.017266212,0.02966926,0.008941765,0.00828563,1.9307464
6515,2026-08-12,0.017009828,0.024777703,0.008810161,0.008912107,1.9304866
2615,2026-08-12,0.009270153,0.023026079,0.00480775,0.007542527,1.9277678
6438,2026-08-12,0.019490965,0.029757997,0.01012949,0.011896651,1.9239902
1808,2026-08-12,0.019740146,0.02407738,0.010333825,0.011057883,1.9100609
3706,2026-08-12,0.01840603,-0.0015943281,0.009653745,0.009814431,1.9064231
3617,2026-08-12,0.022127476,0.034859788,0.011621315,0.0080659175,1.9038785
8940,2026-08-12,0.01740884,0.0051576667,0.009200568,0.0070397705,1.8919427
0057,2026-08-12,0.055193312,0.11164915,0.02917409,0.02198652,1.8917958
3317,2026-08-12,0.018733382,0.0246628,0.009971572,0.01214209,1.8784904
6971,2026-08-12,0.012967895,-0.00818482,0.006913325,0.007669011,1.8755114
1806,2026-08-12,0.017887719,-0.0012202592,0.009550011,0.008523732,1.8728613
8437,2026-08-12,0.019430753,0.013883489,0.010387047,0.011162929,1.8704914
2017,2026-08-12,0.018574229,0.01609739,0.009941826,0.007491518,1.8681036
4420,2026-08-12,0.02373644,0.03791701,0.012755297,0.010281855,1.8607625
6263,2026-08-12,0.017907524,0.03253589,0.009636496,0.009844994,1.8581096
5289,2026-08-12,0.014681427,0.015904544,0.007904649,0.009268068,1.8570806
9917,2026-08-12,0.015379462,-0.005870246,0.008322528,0.007775261,1.8477097
6184,2026-08-12,0.017785275,-0.0030792842,0.009667363,0.009086954,1.8395332
6664,2026-08-12,0.017578904,0.029066317,0.009644323,0.010160492,1.8225313
6887,2026-08-12,0.013933458,-0.009174167,0.0076593566,0.010311957,1.8189048
3372,2026-08-12,0.019233536,0.03168714,0.010734358,0.007838363,1.7916064
3530,2026-08-12,0.017153757,0.026625592,0.009618023,0.010673759,1.7833158
3322,2026-08-12,0.016530732,0.013144912,0.00927939,0.011809315,1.7812539
4909,2026-08-12,0.01626439,0.031412203,0.009150154,0.010957787,1.7773048
1519,2026-08-12,0.016074084,0.021372285,0.009099238,0.010041415,1.7663367
6805,2026-08-12,0.018595835,0.028149491,0.010680525,0.010838265,1.7409345
2547,2026-08-12,0.016245596,0.0070273974,0.009357444,0.011213039,1.7359291
8929,2026-08-12,0.018767433,0.014648546,0.010810318,0.009613913,1.735906
3010,2026-08-12,0.017219037,0.030993756,0.009924941,0.011034379,1.7347511
4207,2026-08-12,0.017381938,0.04629114,0.010045426,0.010353675,1.7301613
3037,2026-08-12,0.023999931,0.019692292,0.013884744,0.011846343,1.7283864
6147,2026-08-12,0.017356345,0.005322906,0.010101984,0.009058297,1.7179424
3054,2026-08-12,0.015198425,0.006763423,0.008873053,0.007929123,1.7126814
2505,2026-08-12,0.015089734,0.017799133,0.00882784,0.0075681075,1.7091411
6134,2026-08-12,0.018154288,0.036571622,0.010630711,0.011068533,1.7075603
1513,2026-08-12,0.024651937,0.021890005,0.014554045,0.010995895,1.6937039
3191,2026-08-12,0.0151196215,0.034293335,0.008927296,0.008995548,1.6934499
4560,2026-08-12,0.018639412,0.020877795,0.011079633,0.008856794,1.6821613
6510,2026-08-12,0.017315563,0.012329264,0.010411032,0.008019274,1.663034
6024,2026-08-12,0.013118231,0.01397994,0.00793649,0.010329067,1.6526926
4938,2026-08-12,0.015942318,0.0075699515,0.009715164,0.010960445,1.6408037
2754,2026-08-12,0.015581294,0.023555875,0.0095167775,0.01069723,1.6370727
2724,2026-08-12,0.015962495,0.014130626,0.009777712,0.0093542095,1.6323719
1321,2026-08-12,0.012579099,0.013087266,0.0077518555,0.009489418,1.6225119
1109,2026-08-12,0.0104199685,-0.010011511,0.006425682,0.006309938,1.6213605
2412,2026-08-12,0.02100174,-0.0075143743,0.013010535,0.009592238,1.6140862
2009,2026-08-12,0.014274725,0.02662381,0.008885148,0.0077207778,1.6064018
6590,2026-08-12,0.014602628,0.030315686,0.009131491,0.00922918,1.5989752
4406,2026-08-12,0.013657046,0.0014515306,0.008546415,0.009622716,1.5977983
8908,2026-08-12,0.017290993,0.022082996,0.010837683,0.010767469,1.5953038
4995,2026-08-12,0.019049918,0.04162353,0.011953909,0.00989707,1.5934808
3515,2026-08-12,0.0116884075,0.02931111,0.007360363,0.009080919,1.5878049
8422,2026-08-12,0.013688744,0.01145877,0.008622832,0.00823473,1.5873157
1457,2026-08-12,0.016097741,0.021349648,0.010285702,0.010444336,1.5649079
3529,2026-08-12,0.014667217,0.00961641,0.009400697,0.009892762,1.5600605
6228,2026-08-12,0.017065026,0.021556262,0.010947776,0.011099069,1.558624
7819,2026-08-12,0.013270769,0.0037531012,0.0085649425,0.0074020918,1.549248
8086,2026-08-12,0.022117667,0.0008930831,0.014309668,0.01365058,1.545537
6593,2026-08-12,0.015967362,0.0075458647,0.0104072355,0.00938198,1.5341084
1785,2026-08-12,0.015914802,0.00038205454,0.010398413,0.012085044,1.5303557
6799,2026-08-12,0.0149491215,0.030837951,0.009842235,0.011819543,1.5187204
3380,2026-08-12,0.014480178,0.0022972068,0.009567883,0.010009297,1.5132569
6908,2026-08-12,0.011999687,0.02002883,0.007942681,0.008538656,1.5105952
6947,2026-08-12,0.015612739,-0.002275817,0.010395762,0.008450354,1.5016925
6150,2026-08-12,0.014666919,0.03838176,0.009806452,0.010718892,1.4954871
6902,2026-08-12,0.012842862,0.03634243,0.008606091,0.009628229,1.4921256
1903,2026-08-12,0.0139740985,0.0062692543,0.009404916,0.010067485,1.4856712
1514,2026-08-12,0.011283386,0.0044769566,0.0076029575,0.012423697,1.4838834
6114,2026-08-12,0.016115317,0.034120392,0.010865549,0.008195934,1.4830207
3465,2026-08-12,0.017778035,0.01618788,0.012089733,0.010155961,1.4703852
2204,2026-08-12,0.013705472,-0.0036206502,0.009375551,0.008510869,1.4616753
3437,2026-08-12,0.014606806,0.022720857,0.010071007,0.008982142,1.450238
1503,2026-08-12,0.014608513,0.011549911,0.010082451,0.011690645,1.4487612
4755,2026-08-12,0.011063958,0.016471455,0.007666118,0.009636201,1.44304
2419,2026-08-12,0.016739344,0.029590726,0.011709436,0.011660776,1.4294381
1441,2026-08-12,0.013610678,0.0056946175,0.009566096,0.009731662,1.4226551
3673,2026-08-12,0.0103773745,0.0044926214,0.007386544,0.008034406,1.4047124
6179,2026-08-12,0.011952122,0.023614211,0.008545553,0.008463784,1.3984727
5907,2026-08-12,0.011590784,0.0036299904,0.00830735,0.0069093923,1.3950765
0053,2026-08-12,0.021918159,0.041279398,0.015744004,0.012576931,1.3920707
8163,2026-08-12,0.013164678,0.009997344,0.009459206,0.009744478,1.3915846
2601,2026-08-12,0.011839079,-0.0078188395,0.008520082,0.008879589,1.3893868
5269,2026-08-12,0.011943389,0.009213224,0.008596441,0.007687231,1.3891795
2501,2026-08-12,0.010583001,0.019216482,0.007637886,0.012159139,1.3854116
6931,2026-08-12,0.014030552,0.03739176,0.010247692,0.00930704,1.369009
4142,2026-08-12,0.01223158,0.0018929025,0.00898279,0.008187558,1.3615167
7769,2026-08-12,0.0108169345,0.010704973,0.007958289,0.010319462,1.3590326
2439,2026-08-12,0.010164442,-0.004255433,0.00757815,0.00824494,1.3411058
4979,2026-08-12,0.020870985,0.012581257,0.015618564,0.010869454,1.336208
5425,2026-08-12,0.014404312,0.029106649,0.010838228,0.011040758,1.3289056
1725,2026-08-12,0.016384969,0.0280164,0.012385463,0.009470153,1.3228124
3321,2026-08-12,0.011922445,0.0076108845,0.009058171,0.0072362293,1.3160635
3615,2026-08-12,0.013776199,0.014427221,0.0104816975,0.010261062,1.3141845
6955,2026-08-12,0.011042715,0.03105429,0.00844406,0.009490443,1.3075947
1529,2026-08-12,0.013969899,-0.00416731,0.010793085,0.008540492,1.294218
4915,2026-08-12,0.011816672,-0.01778548,0.0092881,0.00907574,1.2721009
3211,2026-08-12,0.016052097,0.018058078,0.012623424,0.01176055,1.2715112
1413,2026-08-12,0.010684595,-0.0008150652,0.008558122,0.01055078,1.2483283
1110,2026-08-12,0.0103121,0.02269383,0.008349982,0.0071145305,1.2348368
3189,2026-08-12,0.013519126,0.01874653,0.01097204,0.012728133,1.2320311
7786,2026-08-12,0.015398916,0.019348599,0.012569682,0.014192045,1.2249866
8038,2026-08-12,0.011960744,0.022331744,0.009765307,0.008050658,1.2246946
1609,2026-08-12,0.010615176,0.013725412,0.008738432,0.0072592143,1.2146299
9944,2026-08-12,0.013747589,0.006903675,0.011324051,0.011468737,1.2139096
3017,2026-08-12,0.013632442,0.037893273,0.0112349475,0.012920706,1.2132881
7734,2026-08-12,0.010406862,-0.0027481318,0.008606176,0.010546099,1.2090913
1618,2026-08-12,0.009530275,0.030912774,0.007921898,0.0075758337,1.2028774
3135,2026-08-12,0.009591718,0.002955761,0.007975951,0.0092027495,1.202429
6614,2026-08-12,0.011983311,-0.0044873976,0.009968099,0.011315679,1.2020454
1341,2026-08-12,0.012369464,0.020619808,0.010356561,0.008745646,1.1942449
0051,2026-08-12,0.01280955,0.034258835,0.0107482495,0.010446587,1.1916692
2383,2026-08-12,0.012830881,0.028675755,0.010794948,0.011067697,1.1884905
3710,2026-08-12,0.012252615,0.009493987,0.010338239,0.010287281,1.1850595
6578,2026-08-12,0.012952735,0.028956326,0.011005043,0.009745956,1.1768748
3511,2026-08-12,0.012614557,0.030264476,0.010719863,0.013255529,1.1766363
4557,2026-08-12,0.011909484,0.010304962,0.0101210475,0.010429564,1.1765884
2885,2026-08-12,0.010519694,0.018800082,0.009030366,0.009294461,1.1647953
5706,2026-08-12,0.0102974,0.015664387,0.008846267,0.00984623,1.1639074
3025,2026-08-12,0.011072252,0.027291529,0.009513028,0.009398718,1.1637818
5703,2026-08-12,0.008926345,0.030059457,0.007701917,0.008369587,1.1588266
1218,2026-08-12,0.009949188,-0.0064688902,0.008585221,0.009270582,1.1587387
3036,2026-08-12,0.013070056,0.0003924147,0.01148721,0.010530643,1.1376929
3226,2026-08-12,0.012677286,0.029321436,0.011249624,0.010273861,1.1268073
3325,2026-08-12,0.009500789,0.010635968,0.00861375,0.008750418,1.1028514
2606,2026-08-12,0.0102535905,0.016259022,0.009331061,0.009227168,1.0987488
6895,2026-08-12,0.008732551,-0.0024941084,0.008102722,0.0091173565,1.0775975
6101,2026-08-12,0.009564454,-0.002956308,0.008884319,0.0075936657,1.0764333
2608,2026-08-12,0.009419826,-0.014028717,0.00875038,0.0073405826,1.0763817
6111,2026-08-12,0.009528512,0.0025313024,0.008898935,0.010503702,1.0706271
2762,2026-08-12,0.008848935,-0.012666127,0.008294269,0.0072233523,1.0667448
6751,2026-08-12,0.012180003,0.028828355,0.0114811035,0.008528138,1.0607815
1316,2026-08-12,0.008192021,0.015206512,0.0078103235,0.0071331584,1.0487367
4952,2026-08-12,0.01126804,0.024778366,0.010937135,0.009029354,1.030161
4166,2026-08-12,0.009219142,-0.017040754,0.008967257,0.008611785,1.0279747
7556,2026-08-12,0.013138264,0.048816457,0.012837813,0.009679365,1.0233239
8431,2026-08-12,0.009866703,-0.0010371533,0.0097086765,0.009698893,1.0161722
3092,2026-08-12,0.0094979,0.019058263,0.009469876,0.009444074,1.0028533
4770,2026-08-12,0.0091536455,0.011812609,0.0091801705,0.008363104,0.997002
6944,2026-08-12,0.012700924,-0.005588548,0.012787125,0.0114441635,0.99318105
2376,2026-08-12,0.012313091,0.0012259077,0.012467612,0.011360603,0.987527
2027,2026-08-12,0.011209932,0.022455355,0.0115724495,0.010616737,0.9685904
6190,2026-08-12,0.008811825,0.012101104,0.009138979,0.01005319,0.96409684
8931,2026-08-12,0.008119879,-0.014786659,0.008500806,0.008021245,0.95507693
2415,2026-08-12,0.009191272,0.014426847,0.009639053,0.010048074,0.9534462
1210,2026-08-12,0.008886871,-0.026414542,0.0095198415,0.007334267,0.9334123
3131,2026-08-12,0.008704128,0.008630218,0.0093259765,0.011571732,0.9332207
6811,2026-08-12,0.010190147,7.374212e-06,0.01092191,0.012503781,0.932915
1608,2026-08-12,0.010531941,0.02161766,0.011574696,0.01118357,0.90983224
4735,2026-08-12,0.008955612,0.01934291,0.009975975,0.011114653,0.8976279
7744,2026-08-12,0.010644018,0.019198472,0.011858684,0.011329224,0.89749587
3122,2026-08-12,0.009459988,0.030407457,0.010611875,0.010476549,0.89136904
2820,2026-08-12,0.009030976,-0.013314014,0.0102584325,0.008804442,0.88026077
1522,2026-08-12,0.010316121,0.005709721,0.011861623,0.008976146,0.86963236
6525,2026-08-12,0.018071579,0.08755653,0.020796705,0.023193877,0.86892176
2926,2026-08-12,0.007165012,0.0029015054,0.008343053,0.008775541,0.8586968
3043,2026-08-12,0.009024181,0.022658968,0.01058391,0.012493346,0.8525515
6692,2026-08-12,0.008390684,0.014631333,0.010152114,0.010269726,0.8264148
8942,2026-08-12,0.008730468,0.03169269,0.010735903,0.010373209,0.8131272
9924,2026-08-12,0.007168646,-0.010541218,0.008871898,0.010084454,0.80792606
2105,2026-08-12,0.007127256,0.014651029,0.008827069,0.009509837,0.8073403
2313,2026-08-12,0.007675882,-0.0018921215,0.009518925,0.010568363,0.80629647
6418,2026-08-12,0.009276887,0.025711864,0.011544297,0.009352857,0.80352086
1617,2026-08-12,0.010584119,0.034229543,0.013282896,0.016694494,0.7967631
1598,2026-08-12,0.007973811,0.009911267,0.01008945,0.008769273,0.79023343
6203,2026-08-12,0.0065118703,-0.021715796,0.00844733,0.009602888,0.77078784
4739,2026-08-12,0.005813233,0.020554852,0.00758124,0.008114814,0.76669073
2756,2026-08-12,0.007210225,-0.008456061,0.009426997,0.009112903,0.7647674
2949,2026-08-12,0.0073084845,0.0066354703,0.009580294,0.011104695,0.7627868
6405,2026-08-12,0.0079461895,0.021358626,0.010476984,0.0106130475,0.75837004
6781,2026-08-12,0.0063561457,0.008393753,0.008482104,0.008953426,0.7492712
6509,2026-08-12,0.00846847,0.03133037,0.011378326,0.01022397,0.7441978
7751,2026-08-12,0.006667921,-0.0013150481,0.009052248,0.010280786,0.7365225
4178,2026-08-12,0.007742347,-0.006615795,0.0105119655,0.0074816933,0.736457
3587,2026-08-12,0.007907525,0.015623518,0.010770613,0.009801021,0.73410773
1418,2026-08-12,0.009488935,0.011473038,0.012936559,0.013798666,0.7334409
2546,2026-08-12,0.008217564,0.007365207,0.011445291,0.0111072045,0.7179237
7750,2026-08-12,0.0063447426,0.0032548148,0.00883829,0.0115789,0.7177887
5013,2026-08-12,0.006452573,0.026900478,0.009034057,0.00777814,0.7141707
2867,2026-08-12,0.006248316,-0.017751455,0.008928179,0.008216042,0.6997638
6220,2026-08-12,0.00909186,0.011378161,0.0129920505,0.010151287,0.69974786
3002,2026-08-12,0.0058070724,0.025231242,0.008298012,0.010621342,0.6997305
4729,2026-08-12,0.0058243712,0.0208414,0.008376202,0.008383506,0.6952645
4442,2026-08-12,0.0060946303,-0.027384253,0.008872562,0.0068616536,0.68683016
6279,2026-08-12,0.0066095213,0.03131111,0.009655637,0.009591171,0.6844537
8932,2026-08-12,0.007837113,0.008817642,0.011566238,0.010671969,0.6775268
1735,2026-08-12,0.0067870016,0.016409418,0.010359706,0.009152153,0.6550713
8409,2026-08-12,0.0053715687,-0.013853922,0.008353946,0.0073117428,0.6429208
6462,2026-08-12,0.007807262,0.0065778242,0.012325339,0.010125074,0.6333804
2314,2026-08-12,0.0075951423,0.00031979306,0.012237654,0.010405382,0.6205864
8066,2026-08-12,0.005428396,-0.00228686,0.0087749,0.00803391,0.6185572
3556,2026-08-12,0.007121383,0.03295015,0.011522285,0.010559993,0.6179994
6924,2026-08-12,0.008083118,0.027892677,0.01318462,0.017685493,0.61302525
3138,2026-08-12,0.0051434995,0.006837339,0.008415388,0.007972652,0.61112905
2812,2026-08-12,0.0056482228,-0.017639475,0.009282848,0.0085638845,0.6083924
7721,2026-08-12,0.0079892585,0.02418925,0.013172131,0.013047604,0.6064814
1319,2026-08-12,0.005334803,0.018775646,0.008865317,0.007924882,0.6016932
5452,2026-08-12,0.006688898,0.02396329,0.011147826,0.010537374,0.5999643
2102,2026-08-12,0.0053276704,-0.0051995674,0.008956008,0.008355357,0.5948047
1201,2026-08-12,0.0055546113,0.0010159187,0.00944218,0.008712199,0.58821404
8426,2026-08-12,0.0052429843,0.009195117,0.00892322,0.009084551,0.5875005
1460,2026-08-12,0.005112927,-0.0060029756,0.008718549,0.0077181836,0.5863751
5356,2026-08-12,0.00782549,0.026318017,0.013472192,0.0120544825,0.5808193
2023,2026-08-12,0.0040532714,-0.0014947918,0.00710312,0.007406471,0.57055223
2236,2026-08-12,0.0052266237,-0.02153971,0.009271851,0.007967645,0.563648
3684,2026-08-12,0.005631408,0.02803805,0.010055091,0.010008203,0.5599997
2723,2026-08-12,0.0050526396,-0.0038586531,0.009207018,0.009108766,0.54872173
1314,2026-08-12,0.0055447742,-0.0050402256,0.010179543,0.008624138,0.54464424
8088,2026-08-12,0.005287978,0.009947739,0.009818702,0.009568103,0.5385069
3013,2026-08-12,0.0050916523,0.01790678,0.009633323,0.0116407955,0.5284909
4967,2026-08-12,0.004983959,0.0061864005,0.009538047,0.009652265,0.5224797
3665,2026-08-12,0.006435073,-0.0072055827,0.01248649,0.010272158,0.51532155
2483,2026-08-12,0.007712279,-0.016689558,0.0150043545,0.017984536,0.51396847
1217,2026-08-12,0.0055207317,-0.0036839687,0.010886639,0.005217182,0.50706416
3041,2026-08-12,0.0042206007,0.00783047,0.008330392,0.011863936,0.5065901
8429,2026-08-12,0.0038103212,-0.0120344935,0.007524436,0.008027482,0.50632566
5381,2026-08-12,0.0061297812,0.0047453246,0.012446727,0.011816738,0.4924418
1603,2026-08-12,0.0049004615,0.021050822,0.01042454,0.010160997,0.47004387
6735,2026-08-12,0.0034812337,0.0032684493,0.0074590994,0.008630506,0.46664712
2534,2026-08-12,0.0029956799,-0.011369288,0.006503248,0.006691652,0.46057284
1439,2026-08-12,0.004165391,0.008129538,0.009058464,0.011216812,0.45978335
3162,2026-08-12,0.0033556467,0.0075586494,0.0073381043,0.010279763,0.4572284
7805,2026-08-12,0.0040332135,0.019421615,0.008922178,0.010333597,0.45199293
3152,2026-08-12,0.004758251,-0.006013276,0.010859143,0.010219064,0.43813887
6768,2026-08-12,0.0046385447,-0.010363674,0.010603258,0.011135526,0.4374228
4133,2026-08-12,0.005781735,0.0031590776,0.013513777,0.010665505,0.42780834
4306,2026-08-12,0.003731238,0.0069813123,0.008750396,0.009284663,0.42635918
3545,2026-08-12,0.0044778017,0.006393683,0.010606929,0.008390198,0.42211837
3324,2026-08-12,0.0038592338,0.012184459,0.009983258,0.010145371,0.38653183
2374,2026-08-12,0.003122711,0.007492238,0.0081894165,0.006404325,0.381264
1101,2026-08-12,0.0031695936,0.011470216,0.008397213,0.0085871285,0.37741286
1586,2026-08-12,0.0025635087,-0.0067450423,0.006855967,0.007541984,0.3738546
2706,2026-08-12,0.0029313883,-0.014057354,0.007897911,0.008261973,0.37111297
8054,2026-08-12,0.0029072275,0.0020368153,0.007914953,0.0075829006,0.36726183
1626,2026-08-12,0.003895814,-0.011441761,0.010622671,0.008209352,0.36671072
2323,2026-08-12,0.002842735,-0.0064710965,0.0077765197,0.0069062384,0.36550665
3046,2026-08-12,0.0039137243,0.03225487,0.011129396,0.011033681,0.35162488
2354,2026-08-12,0.0030727098,-0.00490444,0.008906995,0.0078059174,0.34493843
3252,2026-08-12,0.0028941003,-0.0077797375,0.009259883,0.008647557,0.31250802
5274,2026-08-12,0.0031420537,0.013213684,0.010328921,0.010891372,0.30417016
2243,2026-08-12,0.0026845047,-0.009965112,0.009010108,0.010411112,0.2979106
6180,2026-08-12,0.0021204145,-0.0037545373,0.007474526,0.008961641,0.28364754
5228,2026-08-12,0.002720539,0.01641994,0.009620105,0.009315499,0.28276783
3373,2026-08-12,0.0025539016,-0.0023306482,0.009488233,0.008337207,0.26913676
6465,2026-08-12,0.0027801,-0.0025242998,0.010362395,0.0076012197,0.26826152
1795,2026-08-12,0.0032913683,-0.008022553,0.012445449,0.010085198,0.26444235
3059,2026-08-12,0.0025241068,-0.00071628,0.009614489,0.00714742,0.26250425
4911,2026-08-12,0.0016609343,-0.015943121,0.006437119,0.008397534,0.2579844
9946,2026-08-12,0.0024506368,0.02632321,0.009522019,0.007380452,0.25733823
1337,2026-08-12,0.0022282354,-0.010222665,0.008688116,0.010828564,0.2564398
1216,2026-08-12,0.0025746268,0.0017140434,0.01017184,0.009202671,0.2530883
6223,2026-08-12,0.0020816454,0.006821225,0.008285742,0.008399658,0.2512019
3443,2026-08-12,0.0023524866,0.012865681,0.009661983,0.009839971,0.24345346
3357,2026-08-12,0.003802655,0.02501128,0.015974054,0.017270323,0.23803706
1569,2026-08-12,0.0022622917,-0.019666415,0.009801685,0.008594206,0.23078287
3026,2026-08-12,0.0025211999,0.0016162059,0.011511943,0.011656501,0.2189883
8935,2026-08-12,0.0017649153,0.0109577775,0.008487491,0.00933037,0.20791861
4503,2026-08-12,0.0020102593,-0.014014491,0.010071882,0.0113581065,0.19957142
8924,2026-08-12,0.0018551851,-0.024367508,0.009445306,0.009732391,0.19639266
1467,2026-08-12,0.002568079,-0.020006604,0.013146659,0.009607828,0.19532594
2616,2026-08-12,0.0019240298,-0.010348314,0.009858146,0.0074191024,0.19515176
2538,2026-08-12,0.001850075,-0.025573429,0.00951115,0.0079698665,0.19449598
1323,2026-08-12,0.001311008,0.029978296,0.0068236617,0.008662597,0.19209862
9906,2026-08-12,0.001888978,0.033360172,0.010678878,0.01091458,0.17687261
2637,2026-08-12,0.0014841554,0.013406424,0.008783876,0.008745207,0.16894437
6517,2026-08-12,0.0017616956,-0.0077290507,0.010953754,0.009351623,0.16081561
4195,2026-08-12,0.0015543279,-0.013987854,0.009723912,0.008704549,0.1598295
3349,2026-08-12,0.0013935604,0.025834763,0.009152048,0.009840565,0.15225096
8103,2026-08-12,0.0016090638,0.005147731,0.010744986,0.011551742,0.14973626
5483,2026-08-12,0.0013961277,-0.011032804,0.0094936425,0.01162391,0.14704373
1326,2026-08-12,0.0010749014,-0.024152232,0.0075880364,0.012125305,0.14163873
2449,2026-08-12,0.0014225713,-0.01342605,0.010125463,0.011817492,0.14048056
3276,2026-08-12,0.0013712465,-0.0067285774,0.010109638,0.010211039,0.13562414
3588,2026-08-12,0.001089508,0.008474043,0.0082735615,0.011798216,0.13166957
6282,2026-08-12,0.0012202462,-0.011982189,0.009425996,0.008726036,0.12944168
8114,2026-08-12,0.0017882248,-0.012548903,0.013844197,0.011250126,0.1291585
6186,2026-08-12,0.001165741,-0.026279544,0.009858039,0.010598368,0.11824083
3058,2026-08-12,0.0010872205,-0.0015113439,0.009753235,0.008836882,0.11146138
6535,2026-08-12,0.00085166644,-0.0026074364,0.007770781,0.007437225,0.109584466
6294,2026-08-12,0.00097190536,0.016097534,0.011376421,0.01182828,0.08542404
9940,2026-08-12,0.0008304154,0.01662757,0.009805969,0.007773939,0.08467605
3228,2026-08-12,0.00084297644,0.0060387393,0.009975561,0.007732802,0.08449569
6290,2026-08-12,0.00095569965,-0.0045760334,0.011603498,0.01118958,0.08235597
7780,2026-08-12,0.0007071851,-0.0056517157,0.008796344,0.0072577153,0.08038621
2498,2026-08-12,0.0006844931,-0.022076774,0.0085364375,0.009242363,0.080175474
6125,2026-08-12,0.0018462966,0.021625828,0.02398429,0.020296887,0.0769762
2059,2026-08-12,0.00082323054,0.021636358,0.011360644,0.010695481,0.072456986
2429,2026-08-12,0.00053015485,6.307742e-05,0.009681713,0.010049884,0.05475272
5530,2026-08-12,0.00037452843,-0.0022458062,0.00781951,0.0075432025,0.047890536
6821,2026-08-12,0.00044725076,0.006324918,0.010444357,0.010219621,0.04281814
2461,2026-08-12,0.00046224816,0.021083219,0.011014527,0.010851816,0.041963328
8171,2026-08-12,0.0002812163,0.0023174954,0.008110599,0.009731661,0.034668416
5011,2026-08-12,0.00034814278,0.006928151,0.012534451,0.006722744,0.027772658
3430,2026-08-12,0.00023878372,0.018879205,0.013001158,0.015865412,0.018364929
6176,2026-08-12,0.00015741882,-0.019523343,0.009008723,0.008436773,0.017472103
2423,2026-08-12,-7.032665e-06,0.01816777,0.011786416,0.009937837,-0.0005966248
8478,2026-08-12,-0.00012368443,-0.022743706,0.0076920413,0.010793304,-0.016077442
6994,2026-08-12,-0.00018650101,-0.015900224,0.00902414,0.007177535,-0.02066461
6472,2026-08-12,-0.0004954046,-0.0045433184,0.012373746,0.013053455,-0.04003351
4577,2026-08-12,-0.0007181159,0.010960779,0.015172579,0.01571636,-0.04732673
2312,2026-08-12,-0.0004942106,-0.007495277,0.010112024,0.009076411,-0.048868723
5206,2026-08-12,-0.0005676066,0.033960093,0.010654758,0.010102906,-0.053267594
8080,2026-08-12,-0.0004958607,-0.008614451,0.008721087,0.01043773,-0.056851152
5601,2026-08-12,-0.00054053514,-0.004548306,0.00861938,0.007593437,-0.062704325
4168,2026-08-12,-0.00040266322,-0.0035123334,0.0059659095,0.008319734,-0.06748271
3518,2026-08-12,-0.00077145983,0.013582354,0.01035018,0.0108643845,-0.07452869
2524,2026-08-12,-0.00075272785,-0.021161139,0.008914662,0.006608304,-0.08442759
8102,2026-08-12,-0.0010282688,-0.013807955,0.0097928615,0.0077258325,-0.10499115
6552,2026-08-12,-0.0009573222,0.012103042,0.0089161545,0.007835976,-0.10735736
9938,2026-08-12,-0.001175108,-0.011761538,0.010732772,0.0114445705,-0.10947764
8105,2026-08-12,-0.0020193353,0.016618919,0.018368645,0.018967137,-0.10992783
3296,2026-08-12,-0.0012338137,0.0019272278,0.0104765,0.009291933,-0.11775841
6923,2026-08-12,-0.0010591022,0.003401468,0.008666556,0.007951564,-0.122191556
1799,2026-08-12,-0.001411555,-0.017822832,0.0110627115,0.011172078,-0.12758422
5484,2026-08-12,-0.001437916,0.006951164,0.011262066,0.008961847,-0.12766647
2530,2026-08-12,-0.0009921909,-0.020920651,0.0071363314,0.009717805,-0.13901427
8255,2026-08-12,-0.0015644755,0.014230404,0.010591995,0.010565932,-0.14768963
2331,2026-08-12,-0.0010764407,-0.0054023513,0.006769102,0.007916049,-0.15899919
2239,2026-08-12,-0.0011932579,-0.022334635,0.00749103,0.006654702,-0.1592703
3207,2026-08-12,-0.0016148684,0.013432924,0.009770636,0.011099259,-0.16526079
4102,2026-08-12,-0.0012518653,-0.0028550313,0.0073536485,0.009209316,-0.17021416
7728,2026-08-12,-0.0016875548,-0.0069831433,0.009752387,0.010134947,-0.17302242
3085,2026-08-12,-0.0015046191,0.01626122,0.008066386,0.009466875,-0.18650639
6191,2026-08-12,-0.0018536071,-0.007552878,0.009825812,0.009262628,-0.18862751
2364,2026-08-12,-0.0022753656,0.018807048,0.011479962,0.009024516,-0.19818598
6862,2026-08-12,-0.0034642504,0.011413583,0.015967794,0.01763848,-0.21693876
4583,2026-08-12,-0.002005446,-0.014490743,0.008151901,0.009379402,-0.24597943
5434,2026-08-12,-0.0026163082,-0.0020682763,0.0104235215,0.009343709,-0.25097632
6230,2026-08-12,-0.002470468,-0.017700808,0.009830157,0.009266875,-0.25128964
9949,2026-08-12,-0.0028339305,0.004679304,0.010839618,0.010062839,-0.2614178
2329,2026-08-12,-0.0023597504,-0.0041911756,0.00880507,0.009946419,-0.26796862
5701,2026-08-12,-0.003439347,-0.011386256,0.012603865,0.011056084,-0.27285868
1259,2026-08-12,-0.0025336118,0.008947125,0.008738762,0.008399238,-0.28989482
9955,2026-08-12,-0.002824501,0.0043387213,0.009247577,0.007518005,-0.30539843
6873,2026-08-12,-0.0022539506,-0.030856645,0.0072478517,0.008028978,-0.31093898
3028,2026-08-12,-0.0029023364,-0.0018078734,0.009228682,0.008862268,-0.3144568
6901,2026-08-12,-0.006457241,-0.025306296,0.017084805,0.017782211,-0.37793013
5512,2026-08-12,-0.0037988876,0.0088634705,0.009748585,0.010970832,-0.38964608
3438,2026-08-12,-0.0032160883,0.008915726,0.0081624165,0.008489591,-0.39396352
3297,2026-08-12,-0.0044948203,0.010700017,0.011359818,0.011562271,-0.39564228
9910,2026-08-12,-0.0036932474,-0.0060245087,0.00892583,0.010117677,-0.4137244
6216,2026-08-12,-0.005233729,0.017546961,0.012552836,0.011936239,-0.41690275
6257,2026-08-12,-0.0041900915,-0.006191826,0.009009238,0.009811233,-0.4650367
1466,2026-08-12,-0.0052918927,0.0036761737,0.011337339,0.010398514,-0.46672556
2029,2026-08-12,-0.003996284,0.005830883,0.008547158,0.009598656,-0.46750236
6916,2026-08-12,-0.004803846,0.012952746,0.009966624,0.011587612,-0.48194495
9960,2026-08-12,-0.0043444885,-0.0005409606,0.008900891,0.009814039,-0.48804107
3019,2026-08-12,-0.0041559655,-0.014098587,0.008474783,0.010763995,-0.4903341
6796,2026-08-12,-0.0066615622,0.008300802,0.0134419575,0.010508814,-0.49554288
1409,2026-08-12,-0.0046594557,0.0032494024,0.00939185,0.010972918,-0.4960641
9105,2026-08-12,-0.0052823783,-0.029454894,0.010395703,0.0083285775,-0.50808203
2891,2026-08-12,-0.00424617,0.005579176,0.008228699,0.007580506,-0.51595694
5398,2026-08-12,-0.0047987388,-0.007773615,0.009262799,0.007876368,-0.5180098
2472,2026-08-12,-0.0072428198,0.0021104026,0.013870016,0.013551143,-0.522155
2905,2026-08-12,-0.0057662944,-0.022295501,0.0108984765,0.008514067,-0.52904326
8147,2026-08-12,-0.0050777476,0.01367475,0.009102036,0.012014784,-0.5578081
7818,2026-08-12,-0.0052793613,-0.022863923,0.00943769,0.0089258,-0.559332
2321,2026-08-12,-0.005769834,0.000777837,0.010270412,0.011303956,-0.5617372
4916,2026-08-12,-0.006242151,-0.0011577264,0.010975534,0.011709379,-0.5686814
3580,2026-08-12,-0.0068035,0.005975095,0.011898609,0.00996828,-0.57174146
8121,2026-08-12,-0.0050415574,0.011408185,0.008740214,0.012234528,-0.57675713
2233,2026-08-12,-0.006707094,-0.020638231,0.011539771,0.012369143,-0.58116513
7714,2026-08-12,-0.00813259,-0.005693955,0.01371681,0.018232716,-0.59284896
8906,2026-08-12,-0.006142533,0.015446117,0.010258926,0.010699596,-0.5986917
6919,2026-08-12,-0.005539382,-0.0090387305,0.009233468,0.008989976,-0.5998593
5386,2026-08-12,-0.005380741,-5.653128e-05,0.008797675,0.0090374,-0.61153984
6026,2026-08-12,-0.008319364,0.0074997894,0.01334505,0.012471372,-0.6233578
2405,2026-08-12,-0.0037706518,-0.017318511,0.005989775,0.006908677,-0.6294097
3625,2026-08-12,-0.0068595787,-0.008888444,0.01078868,0.012167248,-0.63575363
2227,2026-08-12,-0.004257536,-0.026736148,0.006677669,0.007688249,-0.63748276
8271,2026-08-12,-0.0074261366,-0.012994198,0.011542005,0.010757271,-0.6433451
2356,2026-08-12,-0.007582178,-0.016830714,0.011738622,0.0105971545,-0.64586216
4551,2026-08-12,-0.008953686,0.0014758897,0.013747411,0.011886813,-0.6512524
4772,2026-08-12,-0.00869466,0.013237321,0.013253504,0.015780758,-0.6559777
1303,2026-08-12,-0.007474943,-0.009363924,0.0113828955,0.009849051,-0.6566243
6431,2026-08-12,-0.0067969845,-0.007461534,0.010282723,0.012282971,-0.66094583
2395,2026-08-12,-0.009256582,-0.012976242,0.013719643,0.010623969,-0.6746464
2849,2026-08-12,-0.006030819,-0.03230434,0.008764262,0.006246977,-0.6880363
8067,2026-08-12,-0.0070500094,-0.00024035797,0.010220601,0.012187814,-0.6897167
4198,2026-08-12,-0.007822927,-0.0031755397,0.011197465,0.0106405625,-0.6985714
6965,2026-08-12,-0.006207458,-0.034373783,0.008628241,0.00947229,-0.7193516
7712,2026-08-12,-0.011451086,0.019345352,0.015887812,0.014678627,-0.7207012
6794,2026-08-12,-0.005678921,-0.02487111,0.00785567,0.008111828,-0.7228153
5905,2026-08-12,-0.007188214,-0.01998688,0.009843433,0.008934242,-0.73018056
5903,2026-08-12,-0.005728864,-0.027316837,0.007787516,0.008146285,-0.7355527
8085,2026-08-12,-0.0054584905,0.0042552557,0.0073886183,0.008792252,-0.7386702
2454,2026-08-12,-0.0057767453,-0.013106688,0.007736098,0.009149278,-0.7466295
3260,2026-08-12,-0.008252826,-0.019266462,0.011042084,0.01108931,-0.7473298
6175,2026-08-12,-0.007040144,-0.00095704256,0.00928044,0.012173589,-0.75851846
5306,2026-08-12,-0.00710979,0.010227684,0.00936993,0.0076910825,-0.7587069
2025,2026-08-12,-0.0055933804,0.013224141,0.0073210113,0.008021213,-0.76391315
3691,2026-08-12,-0.007820601,0.013278638,0.010195486,0.013495404,-0.76698977
3147,2026-08-12,-0.012233528,-0.036320124,0.015708024,0.01538563,-0.778758
2504,2026-08-12,-0.007040635,-0.019539002,0.008860882,0.006993365,-0.7944853
2201,2026-08-12,-0.008573504,-0.0128853815,0.010732008,0.009414911,-0.79879785
6672,2026-08-12,-0.011421001,-0.0016045938,0.014259438,0.014226146,-0.80088705
2406,2026-08-12,-0.0068917978,-0.022741903,0.008553775,0.0129983295,-0.8056083
6526,2026-08-12,-0.009668788,-0.018919671,0.011630453,0.010030262,-0.83126223
1530,2026-08-12,-0.0077513154,0.00749718,0.0093082525,0.0154620595,-0.83264637
5388,2026-08-12,-0.011521727,-0.028358,0.013808731,0.011735145,-0.8343194
4961,2026-08-12,-0.0072423685,0.007546461,0.008599905,0.0096208565,-0.8420472
2352,2026-08-12,-0.0071111023,-0.0191712,0.008413257,0.007997208,-0.8451254
8436,2026-08-12,-0.009685647,0.0086523285,0.011402895,0.0105221765,-0.8493279
2912,2026-08-12,-0.007077739,-0.025117176,0.008326508,0.011736199,-0.8499228
5607,2026-08-12,-0.008752942,0.0135340355,0.010296481,0.008901601,-0.8500081
3680,2026-08-12,-0.011094106,-0.010138127,0.012946235,0.010450356,-0.8568707
1789,2026-08-12,-0.0068970104,-0.019550538,0.008015257,0.009563708,-0.86037785
3537,2026-08-12,-0.01249491,0.004867076,0.014370488,0.015433813,-0.8694235
6807,2026-08-12,-0.0075662327,0.013605305,0.008609569,0.009224077,-0.8787146
1810,2026-08-12,-0.009839854,-0.03050253,0.011051888,0.011918018,-0.8902519
4994,2026-08-12,-0.0071478984,-0.036021885,0.0080136955,0.008459173,-0.891849
6156,2026-08-12,-0.010050058,0.0055676983,0.011265317,0.012645882,-0.89204466
2353,2026-08-12,-0.010440286,-0.029014083,0.011499984,0.01087086,-0.90777326
2427,2026-08-12,-0.008371705,-0.035531994,0.009170578,0.0074011562,-0.91278785
8933,2026-08-12,-0.008974284,-0.0032873263,0.009784883,0.009998389,-0.9170643
4958,2026-08-12,-0.010896057,-0.027373243,0.011656804,0.012742763,-0.93465775
7703,2026-08-12,-0.008239035,0.0040882365,0.008744188,0.011720321,-0.9421221
2377,2026-08-12,-0.008831465,0.0023536454,0.0092934575,0.012489585,-0.95018613
3264,2026-08-12,-0.010679203,-0.0073156347,0.011146555,0.011944089,-0.9579861
2425,2026-08-12,-0.0153133515,-0.0549692,0.01597435,0.018342203,-0.95856124
6683,2026-08-12,-0.01015647,-0.0037989432,0.010560533,0.00928131,-0.96164733
8467,2026-08-12,-0.00809638,-0.016261373,0.008351304,0.010893635,-0.9693589
2369,2026-08-12,-0.011012957,-0.023973068,0.0112947915,0.011021657,-0.9749611
2464,2026-08-12,-0.012363708,-0.0053713573,0.012653951,0.013873981,-0.9769858
2033,2026-08-12,-0.014145818,-0.001035397,0.014430314,0.012911246,-0.98021686
6284,2026-08-12,-0.009375884,-0.009150007,0.0095559945,0.010156673,-0.9810494
8104,2026-08-12,-0.009524473,0.005781321,0.009633131,0.008081943,-0.9886177
8404,2026-08-12,-0.010049433,-0.029899335,0.010013362,0.009047068,-1.003502
3178,2026-08-12,-0.007938225,-0.0010278152,0.007855483,0.008522734,-1.0104043
1301,2026-08-12,-0.008530301,-0.028741714,0.008366547,0.007267556,-1.0194507
3623,2026-08-12,-0.015073564,0.0066664154,0.014690403,0.013987828,-1.0260125
3489,2026-08-12,-0.012046875,0.010945839,0.011673218,0.012138273,-1.0319214
1459,2026-08-12,-0.012366992,0.011713352,0.011796699,0.009930344,-1.0482546
8089,2026-08-12,-0.010936869,-0.017442731,0.01027842,0.009777599,-1.0639578
6952,2026-08-12,-0.00804237,0.019152371,0.0074021015,0.013166065,-1.0863515
3416,2026-08-12,-0.012620156,-0.0046360292,0.01155304,0.011475524,-1.0922722
6669,2026-08-12,-0.009465235,-0.022457266,0.008662402,0.00820933,-1.0925541
2485,2026-08-12,-0.015478167,-0.006084567,0.013953957,0.013405108,-1.1091518
9802,2026-08-12,-0.010612686,-0.012093994,0.009461053,0.008718693,-1.121605
6432,2026-08-12,-0.01990941,-0.029627236,0.017625254,0.019036666,-1.1295315
7402,2026-08-12,-0.010843524,0.0006193925,0.009566691,0.010111206,-1.133348
6201,2026-08-12,-0.009584921,-0.040722404,0.008361687,0.009839967,-1.1461533
3555,2026-08-12,-0.01987693,0.014833196,0.017248778,0.021867177,-1.1523007
2528,2026-08-12,-0.009350304,0.010245977,0.008072236,0.00930868,-1.1581854
0050,2026-08-12,-0.029007975,-0.06462695,0.024757,0.015634032,-1.1716607
6792,2026-08-12,-0.010804008,0.013403708,0.00915217,0.010745434,-1.1803569
3287,2026-08-12,-0.014475188,0.0048356256,0.012244137,0.011876587,-1.1821172
1717,2026-08-12,-0.011036007,-0.008257102,0.009280215,0.012324903,-1.1890692
6785,2026-08-12,-0.0126316305,-0.006848467,0.010518893,0.011417581,-1.2007376
4154,2026-08-12,-0.0132089425,-0.0009869997,0.010985066,0.0097286515,-1.202336
3661,2026-08-12,-0.010998245,-0.0029183293,0.0091221705,0.009702855,-1.2055289
6446,2026-08-12,-0.015074372,-0.013027745,0.012494207,0.013218922,-1.2064123
7788,2026-08-12,-0.015208537,0.010124403,0.012541838,0.015637826,-1.2125275
7711,2026-08-12,-0.012340997,0.02124968,0.010119281,0.01175639,-1.2194322
6492,2026-08-12,-0.010597729,-0.033619694,0.008560639,0.010640276,-1.2378155
6217,2026-08-12,-0.023698874,0.021654228,0.019062493,0.017130377,-1.2431549
4931,2026-08-12,-0.017161807,0.013551563,0.013706303,0.011832754,-1.2520192
5243,2026-08-12,-0.013527842,-0.0017068766,0.010756491,0.013352597,-1.2575276
3042,2026-08-12,-0.012695084,-0.020374604,0.009966265,0.008634035,-1.2736777
7827,2026-08-12,-0.016306154,-0.00072037044,0.012660658,0.010741707,-1.2878371
6174,2026-08-12,-0.01734687,-0.019487053,0.013412936,0.013563863,-1.2931976
3093,2026-08-12,-0.03082087,-0.017476652,0.02376767,0.0226674,-1.2967014
3717,2026-08-12,-0.01881688,-0.027040116,0.014509424,0.013573318,-1.2967837
2408,2026-08-12,-0.017683856,-0.014586319,0.013585276,0.012149705,-1.301597
3605,2026-08-12,-0.0205947,-0.0057917456,0.01579623,0.012445077,-1.3036906
1219,2026-08-12,-0.0100227175,-0.030347778,0.0076522655,0.00832721,-1.3096002
8499,2026-08-12,-0.0145413,0.0018851518,0.011075861,0.012628828,-1.3127636
8937,2026-08-12,-0.010886902,-0.014364172,0.0082714455,0.010134865,-1.316044
1532,2026-08-12,-0.009639651,-0.017537335,0.0072493423,0.006103844,-1.3295443
6603,2026-08-12,-0.017264428,-0.013655778,0.012835509,0.0132421935,-1.3449472
6198,2026-08-12,-0.010461096,-0.0109146815,0.007736312,0.0066927033,-1.3520323
6233,2026-08-12,-0.01114836,0.010013329,0.00824409,0.01046778,-1.352121
3081,2026-08-12,-0.009829554,-5.1283463e-05,0.007200499,0.010995428,-1.3649317
3521,2026-08-12,-0.0130137205,-0.024135327,0.009330133,0.009030344,-1.394656
1102,2026-08-12,-0.014823473,-0.033894002,0.010581982,0.010370199,-1.4006896
2457,2026-08-12,-0.01366087,-0.0155642945,0.00974197,0.009686787,-1.4021257
6654,2026-08-12,-0.026860703,-0.0024312283,0.019109653,0.023289394,-1.4055356
6928,2026-08-12,-0.016282007,-0.022749897,0.011570978,0.00822944,-1.4070202
4999,2026-08-12,-0.015124963,-0.00086238945,0.010723628,0.007795253,-1.4103018
2010,2026-08-12,-0.014805629,0.008279789,0.010484407,0.011779657,-1.4120224
5222,2026-08-12,-0.016770942,-0.0023575765,0.0118048,0.010372325,-1.4205681
6244,2026-08-12,-0.014763023,-0.013694565,0.010329094,0.010225724,-1.4291276
5245,2026-08-12,-0.013980349,-0.012316843,0.009776064,0.0072989445,-1.4299127
6270,2026-08-12,-0.014913182,0.0046493406,0.010360433,0.011747506,-1.4392972
4749,2026-08-12,-0.014547417,-0.008032092,0.009981277,0.008244814,-1.4573244
2489,2026-08-12,-0.01602187,-0.018403944,0.010830236,0.00996278,-1.4792283
2478,2026-08-12,-0.024760695,-0.02157065,0.0167191,0.020039087,-1.480894
6877,2026-08-12,-0.017123008,-0.0016683292,0.011502518,0.013465112,-1.4885018
2458,2026-08-12,-0.017225109,-0.040450707,0.011438474,0.010283224,-1.5057606
6461,2026-08-12,-0.013557112,-0.013218092,0.008984422,0.008215772,-1.5087895
4417,2026-08-12,-0.014443401,0.015298789,0.00954863,0.010200462,-1.5124567
3376,2026-08-12,-0.021642445,-0.02783883,0.014293388,0.014705439,-1.5140518
6742,2026-08-12,-0.015351723,-0.016660007,0.010110785,0.010083336,-1.518201
4744,2026-08-12,-0.0141063845,-0.034103416,0.009134323,0.007876746,-1.5441582
6620,2026-08-12,-0.01555477,-0.036456887,0.010064072,0.00881819,-1.5454206
8028,2026-08-12,-0.018497052,-0.038185056,0.01196423,0.011791194,-1.5459002
6148,2026-08-12,-0.020748993,-0.008764694,0.013409894,0.010231719,-1.5471745
2014,2026-08-12,-0.013037757,-0.011222046,0.00841473,0.007823444,-1.5492127
2061,2026-08-12,-0.022941817,0.007280027,0.01478519,0.0141953975,-1.5515705
2303,2026-08-12,-0.020998687,-0.022542046,0.013438409,0.01053824,-1.5624709
9103,2026-08-12,-0.017818369,-0.037130136,0.011367118,0.012119832,-1.5673983
3006,2026-08-12,-0.016222317,0.006549293,0.010292081,0.011193228,-1.5760409
4164,2026-08-12,-0.013687749,-0.0013788466,0.008599987,0.007668154,-1.591416
2305,2026-08-12,-0.020582967,-0.05461906,0.012899851,0.013385176,-1.5954734
6570,2026-08-12,-0.015925003,0.006627557,0.009940111,0.009885753,-1.601934
3221,2026-08-12,-0.02500275,-0.008750532,0.015557838,0.024015509,-1.6069806
2208,2026-08-12,-0.016003575,-0.024660226,0.009925124,0.009985137,-1.6122682
2231,2026-08-12,-0.030212885,-0.015896522,0.018614812,0.020282334,-1.6229689
1906,2026-08-12,-0.014931142,0.0028593019,0.009189829,0.01257384,-1.6245697
6875,2026-08-12,-0.016550107,-0.036864676,0.010156035,0.00886109,-1.6294229
6234,2026-08-12,-0.019286415,-0.00059803465,0.011803579,0.01426867,-1.6338079
8021,2026-08-12,-0.025657525,-0.01622707,0.015604115,0.012552324,-1.644174
5314,2026-08-12,-0.019052923,0.006343305,0.011555972,0.012407551,-1.6486086
2351,2026-08-12,-0.02026269,-0.015905937,0.0122783175,0.010997444,-1.6501479
4571,2026-08-12,-0.014205188,-0.0055431863,0.00857394,0.0101575935,-1.6565932
6477,2026-08-12,-0.021565361,-0.045160294,0.012970616,0.013139637,-1.6625037
2365,2026-08-12,-0.014519378,-0.0031456603,0.008657296,0.010950027,-1.6769323
2605,2026-08-12,-0.0159372,-0.002071918,0.009459291,0.0075061256,-1.6846416
2355,2026-08-12,-0.013652135,-0.004368615,0.008090826,0.009019237,-1.6871513
3049,2026-08-12,-0.015485452,-0.017382177,0.009154333,0.0076286388,-1.6914133
5213,2026-08-12,-0.018276565,-0.042582355,0.010735498,0.01013709,-1.7022836
8240,2026-08-12,-0.016165992,0.0013679682,0.009495153,0.010039697,-1.7023727
8040,2026-08-12,-0.01840369,-0.008599472,0.010809386,0.007926903,-1.7024082
6609,2026-08-12,-0.015137464,-0.010562223,0.008890428,0.00969864,-1.7024784
6771,2026-08-12,-0.014449599,0.0048618675,0.008440979,0.007660719,-1.7116364
7799,2026-08-12,-0.019353155,-0.02366776,0.011256965,0.008591073,-1.7190633
3313,2026-08-12,-0.014014978,-0.008939415,0.008141142,0.0067828344,-1.7212887
2375,2026-08-12,-0.036596112,-0.028083287,0.02111798,0.017388312,-1.7328541
2371,2026-08-12,-0.012599837,-0.029510451,0.0072519244,0.008886369,-1.7372079
5210,2026-08-12,-0.016856074,-0.019154966,0.009682442,0.0058614174,-1.740711
2360,2026-08-12,-0.018946098,-0.0129248835,0.01084461,0.011951826,-1.746891
1325,2026-08-12,-0.013297842,-0.024732871,0.0076111825,0.0068717594,-1.7469158
8261,2026-08-12,-0.026970351,-0.026337098,0.015242559,0.017935554,-1.7692949
6449,2026-08-12,-0.020806486,0.00018814256,0.01172707,0.012904805,-1.7740757
2482,2026-08-12,-0.017368114,-0.032030318,0.0097627565,0.009322101,-1.7788352
6243,2026-08-12,-0.020758035,-0.064124845,0.011666383,0.012769621,-1.7791508
3034,2026-08-12,-0.018729616,-0.020785276,0.010476826,0.0118954955,-1.787548
8131,2026-08-12,-0.021785982,-0.034540877,0.012138367,0.013918898,-1.7946556
2540,2026-08-12,-0.01767697,-0.05558261,0.009817603,0.009568153,-1.8003548
8996,2026-08-12,-0.0151296295,-0.0081440145,0.008370368,0.011177841,-1.8073066
2338,2026-08-12,-0.016249191,-0.012789466,0.008988399,0.0107561005,-1.8075948
3675,2026-08-12,-0.025210032,-0.0076979916,0.01392669,0.013605193,-1.8100655
6169,2026-08-12,-0.012304355,-0.023426503,0.0067555727,0.010628787,-1.8210943
6854,2026-08-12,-0.015659107,-0.022994276,0.008583814,0.009467863,-1.8240473
5488,2026-08-12,-0.0146511085,0.011657322,0.007991369,0.009658126,-1.8331372
3230,2026-08-12,-0.018002272,-0.0016531142,0.009810439,0.015098663,-1.8348247
2230,2026-08-12,-0.019191384,-0.014817845,0.010305906,0.008781076,-1.8619927
6657,2026-08-12,-0.01714552,-0.021824159,0.009201283,0.008435406,-1.8631811
2630,2026-08-12,-0.023976851,-0.050012056,0.0128152305,0.010959137,-1.8708192
1590,2026-08-12,-0.018932875,-0.021109717,0.010049896,0.009121509,-1.8837001
3715,2026-08-12,-0.025913792,-0.024685303,0.013526953,0.012910062,-1.9155737
4585,2026-08-12,-0.023620483,-0.010142207,0.012307996,0.016707767,-1.9189609
3388,2026-08-12,-0.029708691,-0.0380638,0.015434226,0.01099055,-1.9247332
4991,2026-08-12,-0.020763002,-0.020655533,0.010784577,0.011224679,-1.9250711
3265,2026-08-12,-0.028327418,-0.015297975,0.014650819,0.018692717,-1.9333721
6409,2026-08-12,-0.015907813,-0.022058906,0.008209635,0.0078707,-1.9374645
3481,2026-08-12,-0.019202868,-0.021948917,0.009889774,0.008634669,-1.9414928
4973,2026-08-12,-0.018376386,0.0077562155,0.009461469,0.010796125,-1.9420286
2348,2026-08-12,-0.022785312,-0.03407717,0.011717178,0.014851422,-1.9444414
1444,2026-08-12,-0.021428911,-0.017395161,0.010983807,0.009688801,-1.9507772
6872,2026-08-12,-0.017020693,-0.018905362,0.008708723,0.008431312,-1.9542174
8097,2026-08-12,-0.014908136,-0.037926715,0.007604639,0.009285963,-1.9601425
6494,2026-08-12,-0.022744196,0.0067334124,0.011555983,0.012230506,-1.9680046
8455,2026-08-12,-0.033862233,-0.019156002,0.017172618,0.015757611,-1.9717588
4763,2026-08-12,-0.013903769,-0.009011556,0.0070352918,0.008637021,-1.976008
3645,2026-08-12,-0.018064203,-0.02359898,0.009098179,0.011566009,-1.9852563
1718,2026-08-12,-0.021706704,-0.0123253325,0.01092927,0.009830612,-1.9859257
1815,2026-08-12,-0.019034164,-0.016352342,0.0095080035,0.010436696,-2.001699
8926,2026-08-12,-0.023306677,-0.05081827,0.011623656,0.014149297,-2.0049348
2836,2026-08-12,-0.0120971,-0.03304902,0.006019161,0.0073015294,-2.0094314
6226,2026-08-12,-0.024349237,-0.03766737,0.012104389,0.016267944,-2.0114377
1447,2026-08-12,-0.021643829,-0.02662328,0.010757942,0.009938991,-2.011706
2064,2026-08-12,-0.015937056,-0.009979648,0.0079165315,0.010275607,-2.012882
8096,2026-08-12,-0.022431934,-0.02167594,0.0110779945,0.011423327,-2.0247264
5227,2026-08-12,-0.024775656,-0.048357513,0.012216897,0.012105085,-2.0278168
1435,2026-08-12,-0.020150907,-0.021594167,0.009918682,0.013525203,-2.0314064
1312,2026-08-12,-0.02462521,-0.04521972,0.0120170945,0.009659018,-2.0490112
8155,2026-08-12,-0.026255015,-0.015408819,0.012789053,0.0125760725,-2.0527682
4906,2026-08-12,-0.022704568,-0.02208873,0.011028384,0.009335229,-2.0585527
7610,2026-08-12,-0.018097352,-0.006741059,0.008752293,0.0110626845,-2.0674906
6753,2026-08-12,-0.033395726,-0.0033739195,0.016118204,0.014162119,-2.0717974
2740,2026-08-12,-0.01821324,-0.03862146,0.008761878,0.008508242,-2.078454
1615,2026-08-12,-0.017587487,0.007891776,0.008409219,0.0087885,-2.0912044
1584,2026-08-12,-0.018816613,-0.018291185,0.008990859,0.007257206,-2.0926278
1762,2026-08-12,-0.01890918,-0.0071076294,0.009011422,0.010293281,-2.098124
2481,2026-08-12,-0.027549628,-0.027313191,0.013085618,0.014866134,-2.1051755
8438,2026-08-12,-0.016456125,-0.0064915293,0.007814865,0.010019853,-2.105477
5292,2026-08-12,-0.01686825,0.005095253,0.007873155,0.010964179,-2.1422298
8107,2026-08-12,-0.021643765,0.010430669,0.0100715,0.008934667,-2.1487978
4927,2026-08-12,-0.022224613,-0.013943013,0.010340715,0.011403908,-2.149026
6739,2026-08-12,-0.022251455,-0.028558461,0.0103517,0.012634342,-2.1493382
6469,2026-08-12,-0.017804395,-0.046617728,0.008273082,0.008708992,-2.1518273
8289,2026-08-12,-0.040725414,-0.013670627,0.018659797,0.021107992,-2.1824048
4722,2026-08-12,-0.032992873,-0.034643527,0.015084047,0.013173998,-2.1871243
2254,2026-08-12,-0.016622955,-0.03100123,0.0075893784,0.010405162,-2.1900036
6124,2026-08-12,-0.016458785,-0.011088299,0.0075143916,0.008089418,-2.1900103
5009,2026-08-12,-0.028766887,-0.040477935,0.012941157,0.0117755635,-2.2227273
4912,2026-08-12,-0.023227163,0.0031700402,0.010427144,0.008445585,-2.2273533
2388,2026-08-12,-0.022829626,-0.033565488,0.010209219,0.008918965,-2.2359586
3466,2026-08-12,-0.017836994,-0.017037291,0.00787573,0.01033332,-2.2645175
5474,2026-08-12,-0.01888699,-0.0043214774,0.00828592,0.009240821,-2.2791326
1713,2026-08-12,-0.019153118,-0.03376295,0.008311291,0.008987966,-2.3041923
3563,2026-08-12,-0.017236633,-0.010033571,0.0074690343,0.009355225,-2.307437
2444,2026-08-12,-0.020707097,0.001217465,0.008969271,0.011672163,-2.3084137
9904,2026-08-12,-0.02556315,-0.03842447,0.01105285,0.009434327,-2.3126016
4716,2026-08-12,-0.047618948,-0.053020198,0.02054835,0.020791069,-2.317297
7768,2026-08-12,-0.021431597,-0.009185353,0.009237035,0.007909053,-2.31993
4148,2026-08-12,-0.019164287,-0.00824646,0.008255966,0.00816119,-2.320984
4174,2026-08-12,-0.022171447,-0.030260015,0.009504903,0.010100241,-2.3323872
4157,2026-08-12,-0.019740652,-0.005779745,0.00841798,0.009362936,-2.3447795
2514,2026-08-12,-0.034033332,-0.061285336,0.014496342,0.012522438,-2.3475566
8093,2026-08-12,-0.023382219,-0.007751565,0.009957878,0.010712779,-2.3478768
9919,2026-08-12,-0.022762215,-0.026786037,0.009654326,0.0077300016,-2.3574774
5351,2026-08-12,-0.025426527,-0.00025428628,0.01078249,0.009971828,-2.3579128
3653,2026-08-12,-0.018498456,-0.013727683,0.007807795,0.008917598,-2.3689258
6651,2026-08-12,-0.020329038,0.013310342,0.008578248,0.010322187,-2.3695593
8150,2026-08-12,-0.025135817,-0.026011579,0.010496522,0.010384259,-2.3944523
6596,2026-08-12,-0.02363394,-0.0021658982,0.0098105455,0.010476354,-2.4087887
6416,2026-08-12,-0.026975295,-0.016100727,0.011189836,0.009700661,-2.4104807
6237,2026-08-12,-0.020632263,0.0015977662,0.00853761,0.010493503,-2.4163492
8064,2026-08-12,-0.03848968,-0.020345943,0.015908914,0.01659927,-2.4192262
5301,2026-08-12,-0.026199637,-0.018270763,0.010739089,0.009276136,-2.4394245
6442,2026-08-12,-0.024191054,-0.014981943,0.00990608,0.007448301,-2.4417946
8045,2026-08-12,-0.02738729,-0.052922945,0.011201526,0.010589747,-2.4447422
2719,2026-08-12,-0.02376414,-0.03851394,0.009649562,0.009229844,-2.462462
2002,2026-08-12,-0.027972328,-0.020938342,0.011327746,0.014289132,-2.4691458
2241,2026-08-12,-0.01898362,-0.041573938,0.0076075657,0.008959335,-2.4950325
6163,2026-08-12,-0.026688872,-0.023999639,0.010679643,0.012345518,-2.4988077
3231,2026-08-12,-0.024130046,-0.029796977,0.009645274,0.00767932,-2.5014887
2474,2026-08-12,-0.023061765,-0.0128342025,0.009211447,0.010447213,-2.5033267
5481,2026-08-12,-0.02448606,-0.039800707,0.009763447,0.007578966,-2.507675
6213,2026-08-12,-0.023942476,0.00026116098,0.009535864,0.009890185,-2.5105188
6642,2026-08-12,-0.028532764,-0.0008306708,0.01134354,0.012256533,-2.5151098
2451,2026-08-12,-0.022438886,-0.020714466,0.008881458,0.008573663,-2.5262022
4903,2026-08-12,-0.039052296,-0.060046054,0.01542836,0.016108828,-2.531038
6271,2026-08-12,-0.019290699,-0.019002369,0.007618427,0.010643021,-2.5317783
4147,2026-08-12,-0.029803168,-0.016705323,0.011684789,0.010482465,-2.550377
8182,2026-08-12,-0.038850546,-0.028010188,0.01516664,0.011652168,-2.56141
3022,2026-08-12,-0.03788568,-0.026997384,0.01475011,0.016179562,-2.5683274
4726,2026-08-12,-0.022596503,-0.03201292,0.008785778,0.008611142,-2.5716484
6121,2026-08-12,-0.022618072,-0.008416484,0.008791106,0.008075998,-2.5725431
5285,2026-08-12,-0.024121845,0.0011730221,0.009365263,0.012148636,-2.5753968
3716,2026-08-12,-0.029587278,-0.0170398,0.011487083,0.012166834,-2.5754757
6727,2026-08-12,-0.031027755,-0.032235716,0.011979251,0.013749652,-2.5899086
6922,2026-08-12,-0.031337164,-0.003070595,0.012071277,0.014086251,-2.5957956
6219,2026-08-12,-0.021247527,-0.031979166,0.008179398,0.009387361,-2.5973706
1504,2026-08-12,-0.01819544,-0.02133898,0.0068902173,0.009098272,-2.640381
1528,2026-08-12,-0.028580729,-0.017025065,0.010812567,0.009878438,-2.6430435
3305,2026-08-12,-0.020565374,-0.009066673,0.007735318,0.012225919,-2.6582897
2363,2026-08-12,-0.02878018,-0.011559066,0.010805807,0.011572694,-2.6631527
9934,2026-08-12,-0.029902363,-0.007431447,0.011225606,0.0103758555,-2.6635265
4590,2026-08-12,-0.021615112,0.01806923,0.008085392,0.0071907425,-2.6730227
2324,2026-08-12,-0.024410939,-0.012032565,0.009068606,0.010328168,-2.6915102
3485,2026-08-12,-0.033597372,-0.03373144,0.012459235,0.011733792,-2.6963673
6983,2026-08-12,-0.020891467,-0.036996406,0.0077408836,0.009600871,-2.6984994
2441,2026-08-12,-0.029567182,-0.022731697,0.010932441,0.01171987,-2.7042887
4419,2026-08-12,-0.023323286,-0.0046905493,0.008562608,0.009511762,-2.723535
4743,2026-08-12,-0.031768076,-0.046963084,0.0115024885,0.008965557,-2.7616036
4171,2026-08-12,-0.027235296,-0.033813998,0.009848628,0.008405695,-2.7651088
6127,2026-08-12,-0.04587031,-0.040125046,0.01636362,0.017690241,-2.8030171
3663,2026-08-12,-0.030047897,-0.026694743,0.010659006,0.011540973,-2.8187504
6870,2026-08-12,-0.025705041,-0.022583544,0.009109579,0.011733096,-2.8214498
2948,2026-08-12,-0.031904977,-0.007562515,0.011268478,0.012312057,-2.8310962
3550,2026-08-12,-0.022839664,-0.006358252,0.008061292,0.010909084,-2.8328996
2342,2026-08-12,-0.042432617,-0.0356435,0.01495535,0.017111488,-2.837097
4169,2026-08-12,-0.030978732,-0.053730186,0.010894739,0.011021383,-2.8431969
5468,2026-08-12,-0.038878962,-0.022675734,0.013670257,0.01383542,-2.8438468
3630,2026-08-12,-0.025859805,-0.053244554,0.009022841,0.008203851,-2.8657203
2332,2026-08-12,-0.033719532,-0.04641936,0.011740255,0.011208491,-2.8718848
6913,2026-08-12,-0.03262528,-0.001274315,0.011342426,0.010454572,-2.8761399
8074,2026-08-12,-0.032733183,-0.023691868,0.011329484,0.012259404,-2.8889482
3669,2026-08-12,-0.024583522,-0.028103212,0.00849912,0.010510844,-2.892138
6161,2026-08-12,-0.030894216,-0.011761122,0.010647948,0.011437385,-2.901152
6804,2026-08-12,-0.032866407,-0.019121187,0.011314099,0.011316637,-2.9046504
7709,2026-08-12,-0.021734063,-0.014410327,0.0074580936,0.009984335,-2.9137673
6789,2026-08-12,-0.036373146,-0.0476528,0.012413473,0.010487742,-2.9298985
1709,2026-08-12,-0.034747448,0.0067939614,0.011835068,0.009586371,-2.9357255
6133,2026-08-12,-0.031053485,-0.005919061,0.01057078,0.010743933,-2.9373941
2424,2026-08-12,-0.030028833,-0.016254399,0.010142378,0.010823112,-2.9604373
1714,2026-08-12,-0.036880333,-0.0032857358,0.012429139,0.009601632,-2.9670088
2466,2026-08-12,-0.04609414,-0.05542349,0.015463318,0.018235674,-2.9806771
1802,2026-08-12,-0.03731204,-0.04589983,0.012476451,0.011918762,-2.9903574
8299,2026-08-12,-0.025852155,-0.02637879,0.00861649,0.010653118,-2.9999633
3338,2026-08-12,-0.026318915,-0.026352935,0.008726925,0.009229135,-3.0154836
7722,2026-08-12,-0.039017983,-0.0112381745,0.012905792,0.011412604,-3.023058
7792,2026-08-12,-0.035205323,-0.022401065,0.011638164,0.013235816,-3.0247295
2108,2026-08-12,-0.02807659,-0.011307643,0.009280381,0.008984481,-3.0250444
6239,2026-08-12,-0.030669255,-0.035241775,0.010096294,0.010273259,-3.0373735
2401,2026-08-12,-0.04061776,-0.03808494,0.013364144,0.016178846,-3.0390813
2392,2026-08-12,-0.034678474,-0.010818804,0.011397468,0.008542843,-3.0423803
8046,2026-08-12,-0.04067278,-0.04616296,0.0133651,0.015165742,-3.0429802
4949,2026-08-12,-0.037413463,-0.025606731,0.012257259,0.013379841,-3.0521023
8111,2026-08-12,-0.04313671,-0.08700686,0.0140988715,0.01863625,-3.0593688
6218,2026-08-12,-0.033263803,-0.017795535,0.0108420495,0.011744341,-3.0677533
8227,2026-08-12,-0.0584373,-0.04975356,0.018913884,0.017822849,-3.0894876
2527,2026-08-12,-0.026425961,-0.025630167,0.008533845,0.008126163,-3.0962439
2646,2026-08-12,-0.023926066,-0.052940488,0.007726198,0.009175418,-3.0963445
7822,2026-08-12,-0.023267925,-0.024027705,0.0075033675,0.008742032,-3.1005845
2428,2026-08-12,-0.041765217,-0.023263779,0.0134591125,0.013016373,-3.1028876
3066,2026-08-12,-0.041988436,-0.029974582,0.013486354,0.014248989,-3.1131709
6541,2026-08-12,-0.025117787,-0.02845504,0.008025416,0.008206858,-3.12939
6443,2026-08-12,-0.026727522,-0.032613125,0.008526655,0.013987181,-3.134217
7547,2026-08-12,-0.039842226,-0.03339796,0.01268562,0.009960107,-3.1404917
6550,2026-08-12,-0.038056053,-0.052457474,0.012093005,0.009825333,-3.1466875
4956,2026-08-12,-0.043667354,-0.030282509,0.013862012,0.011108293,-3.149918
4128,2026-08-12,-0.0248105,-0.037887447,0.007836982,0.0074660648,-3.1654193
3490,2026-08-12,-0.03091623,-0.01266804,0.009760412,0.01150332,-3.1671882
1560,2026-08-12,-0.033167377,-0.040472373,0.010448793,0.009815831,-3.1739745
4768,2026-08-12,-0.046363626,-0.037627388,0.014579863,0.016697014,-3.1797585
6962,2026-08-12,-0.026072668,-0.022496602,0.008161074,0.008399607,-3.1943681
4163,2026-08-12,-0.03804404,-0.02780962,0.011744493,0.010672693,-3.239033
3057,2026-08-12,-0.02845639,-0.012053438,0.008772762,0.011687869,-3.243351
2913,2026-08-12,-0.02422692,-0.033723332,0.0074598277,0.008973907,-3.2472162
2034,2026-08-12,-0.03840087,-0.02751263,0.011735602,0.011404371,-3.2718897
2434,2026-08-12,-0.0526152,-0.063372254,0.016035087,0.022772681,-3.2810497
4760,2026-08-12,-0.036143918,-0.019964393,0.010973314,0.016240248,-3.2935014
3631,2026-08-12,-0.034164105,-0.018985678,0.010365501,0.010986161,-3.2956254
6285,2026-08-12,-0.0399464,-0.061419535,0.011897862,0.013428514,-3.3571613
1727,2026-08-12,-0.0701708,-0.04943343,0.020868199,0.018187765,-3.3624096
2939,2026-08-12,-0.037553694,-0.037484188,0.011148883,0.010784461,-3.3680797
1722,2026-08-12,-0.033288077,-0.040990993,0.009799537,0.010251642,-3.3965561
8101,2026-08-12,-0.023699706,-0.037585728,0.0069676796,0.008382008,-3.4008892
4304,2026-08-12,-0.029083626,-0.038351256,0.008477769,0.010581937,-3.4301708
4533,2026-08-12,-0.039376583,-0.021132026,0.011418528,0.01057238,-3.4481795
6113,2026-08-12,-0.041033085,-0.01405607,0.011821063,0.008686245,-3.4708903
3294,2026-08-12,-0.032403287,-0.02408396,0.009318961,0.009016643,-3.476762
4706,2026-08-12,-0.028525341,-0.031495173,0.008194461,0.008548051,-3.4806266
6485,2026-08-12,-0.030093877,-0.020229777,0.008612582,0.009919326,-3.49377
3714,2026-08-12,-0.02890388,-0.04154725,0.008262652,0.008534918,-3.4977124
2421,2026-08-12,-0.040061668,-0.033754997,0.011419015,0.009590768,-3.5080223
6215,2026-08-12,-0.03861097,-0.020016594,0.010967406,0.012565025,-3.5201986
3523,2026-08-12,-0.03712623,-0.042550284,0.0105408635,0.012378631,-3.5217898
1416,2026-08-12,-0.04776184,-0.026227454,0.013525582,0.01178532,-3.5309613
6538,2026-08-12,-0.036504555,-0.0443369,0.010316458,0.009863352,-3.5381346
8070,2026-08-12,-0.041625697,-0.03748311,0.011758167,0.0093555385,-3.5398507
1436,2026-08-12,-0.027526872,-0.024233516,0.00776822,0.009777236,-3.543068
7704,2026-08-12,-0.03319577,-0.0050159493,0.009324439,0.008838219,-3.5597007
5355,2026-08-12,-0.04194307,-0.01506302,0.011740062,0.008214548,-3.5723403
2065,2026-08-12,-0.03747391,-0.0038930667,0.010454975,0.012032547,-3.5839708
6589,2026-08-12,-0.037595417,-0.027833037,0.0104570715,0.01299473,-3.5948708
3491,2026-08-12,-0.032116406,-0.02880669,0.008890353,0.00869688,-3.6120942
6558,2026-08-12,-0.037070327,-0.028389674,0.010241516,0.008925242,-3.6192598
6415,2026-08-12,-0.042073257,-0.053977735,0.011563493,0.011227239,-3.6381412
6423,2026-08-12,-0.046600763,-0.026731439,0.012799096,0.011261501,-3.6406572
6988,2026-08-12,-0.043533627,-0.021104531,0.011905292,0.01280879,-3.6563547
2337,2026-08-12,-0.051341794,-0.04579493,0.014001427,0.013343382,-3.6666353
6419,2026-08-12,-0.038580094,-0.009234597,0.010480606,0.011996382,-3.6807425
3044,2026-08-12,-0.03582425,-0.026206808,0.009702954,0.011195966,-3.6917167
8383,2026-08-12,-0.046707775,-0.051661238,0.012607,0.01217618,-3.7046142
3363,2026-08-12,-0.04405652,-0.040484335,0.01188079,0.011947901,-3.7079024
4747,2026-08-12,-0.036376905,-0.006853861,0.009749462,0.011457411,-3.7307878
2340,2026-08-12,-0.04265128,-0.05455365,0.011428175,0.009801095,-3.73179
3176,2026-08-12,-0.03624012,-0.031914607,0.009709693,0.009510981,-3.7319808
3693,2026-08-12,-0.04141746,-0.05420185,0.011044083,0.011343027,-3.749855
3708,2026-08-12,-0.06401525,-0.07183619,0.017039636,0.01672058,-3.756623
4119,2026-08-12,-0.035712134,-0.024993751,0.009495278,0.009854072,-3.7606454
5309,2026-08-12,-0.045311794,-0.031667825,0.012042142,0.011032059,-3.762456
1563,2026-08-12,-0.04319183,-0.026054736,0.011349565,0.014614933,-3.805258
5471,2026-08-12,-0.047153745,-0.043254565,0.012275101,0.010406274,-3.8411012
9933,2026-08-12,-0.037488285,-0.01487505,0.009710119,0.009832136,-3.8603466
4513,2026-08-12,-0.048318353,-0.061674785,0.012491633,0.013677287,-3.8677475
3234,2026-08-12,-0.04100589,-0.029346053,0.010578641,0.010712601,-3.8759246
4737,2026-08-12,-0.029151222,-0.03291279,0.007392384,0.006643806,-3.9428794
6112,2026-08-12,-0.04187162,-0.010453809,0.010550416,0.009264449,-3.968341
6225,2026-08-12,-0.04854202,-0.04862315,0.0121893445,0.013025429,-3.9820054
3024,2026-08-12,-0.030540084,-0.019989645,0.0076582995,0.008822525,-3.987321
8905,2026-08-12,-0.03932004,-0.015874278,0.009842859,0.009427144,-3.9943726
1440,2026-08-12,-0.04909605,-0.03514955,0.012266121,0.013357976,-4.0022473
2402,2026-08-12,-0.031556897,-0.026191989,0.007860714,0.007268069,-4.013997
6934,2026-08-12,-0.023018457,-0.0408366,0.005731713,0.0069372244,-4.0152817
2032,2026-08-12,-0.038573068,-0.012714795,0.009494315,0.010334261,-4.0623264
4127,2026-08-12,-0.05630829,-0.036780868,0.01381056,0.009076445,-4.0768957
1225,2026-08-12,-0.03553665,-0.05388043,0.008709265,0.007687585,-4.079859
3577,2026-08-12,-0.06877337,-0.06635289,0.016849898,0.017820524,-4.081288
3508,2026-08-12,-0.046050444,-0.01864446,0.011277378,0.008980856,-4.083073
6770,2026-08-12,-0.044029824,-0.028347205,0.010750077,0.010060538,-4.0953875
6546,2026-08-12,-0.054704268,-0.034671497,0.013239229,0.012329388,-4.1316705
3062,2026-08-12,-0.026232203,-0.020080058,0.0063464916,0.008986968,-4.1326885
8476,2026-08-12,-0.046702906,-0.065196544,0.0112921195,0.010661229,-4.1355186
3704,2026-08-12,-0.07220817,-0.104304634,0.01736795,0.018948257,-4.157314
3406,2026-08-12,-0.033736017,-0.028244473,0.00810655,0.008395226,-4.161062
8222,2026-08-12,-0.05194424,-0.03354313,0.0124665005,0.010285609,-4.166372
6957,2026-08-12,-0.046383526,-0.0546119,0.011121049,0.010258395,-4.170412
1229,2026-08-12,-0.030941956,-0.03202572,0.00738547,0.008763985,-4.1890044
2923,2026-08-12,-0.042465735,-0.071177706,0.010124788,0.01108272,-4.1938205
6829,2026-08-12,-0.059430566,-0.031081967,0.014084389,0.016602043,-4.2193055
3163,2026-08-12,-0.044647314,-0.048974168,0.010572354,0.011159161,-4.2226253
3624,2026-08-12,-0.0801908,-0.047652412,0.018927326,0.023238005,-4.23655
3581,2026-08-12,-0.10178747,-0.0748295,0.02400685,0.031265598,-4.239758
6658,2026-08-12,-0.057968386,-0.041462682,0.013664785,0.014202774,-4.241863
4919,2026-08-12,-0.04903674,-0.077084795,0.0115196165,0.013039081,-4.2564335
3035,2026-08-12,-0.046650443,-0.050358687,0.010958648,0.01361578,-4.2565637
1605,2026-08-12,-0.05891113,-0.05565037,0.013836474,0.012083176,-4.2573614
3501,2026-08-12,-0.040603694,-0.03864297,0.0094687035,0.009478404,-4.287747
6274,2026-08-12,-0.04820525,-0.043795004,0.011230003,0.0109515935,-4.2921586
6291,2026-08-12,-0.058642134,-0.05399322,0.013647573,0.012512611,-4.296576
6021,2026-08-12,-0.04640414,-0.029418273,0.010788229,0.012234018,-4.3009686
2495,2026-08-12,-0.04139985,-0.022943294,0.009613242,0.009255497,-4.306096
2467,2026-08-12,-0.037773047,-0.047838707,0.0087583875,0.010899704,-4.312293
4530,2026-08-12,-0.035518747,-0.034080736,0.008229447,0.010025194,-4.315531
4139,2026-08-12,-0.040414777,-0.065065175,0.009357114,0.010700277,-4.318688
9136,2026-08-12,-0.045144986,-0.06279706,0.010434935,0.013051346,-4.325917
3236,2026-08-12,-0.11096242,-0.0821433,0.025516696,0.031478126,-4.3484497
6015,2026-08-12,-0.058442038,-0.04760665,0.013435456,0.013871593,-4.3495126
3229,2026-08-12,-0.06394982,-0.06306569,0.01469695,0.013875664,-4.350935
6643,2026-08-12,-0.06572292,-0.06742052,0.015055438,0.012024768,-4.365104
6206,2026-08-12,-0.052181356,-0.05470888,0.011929126,0.012197671,-4.3739147
2436,2026-08-12,-0.047911126,-0.040919665,0.0109525,0.012497714,-4.3740473
5443,2026-08-12,-0.05475348,-0.05570895,0.012490167,0.0119983945,-4.3833756
6584,2026-08-12,-0.046979167,-0.043471113,0.010626897,0.011909957,-4.420363
5244,2026-08-12,-0.04835116,-0.024156332,0.01093661,0.010609136,-4.420633
3114,2026-08-12,-0.059285637,-0.029304143,0.013404704,0.014389818,-4.4224186
8473,2026-08-12,-0.04452415,-0.041099835,0.010066805,0.01157118,-4.4224286
3609,2026-08-12,-0.03078231,-0.03562224,0.0069558495,0.008807663,-4.424749
9907,2026-08-12,-0.024247412,-0.03881753,0.005468782,0.010612238,-4.4329762
5475,2026-08-12,-0.065867275,-0.05464313,0.014844399,0.013470992,-4.4368815
6016,2026-08-12,-0.0590902,-0.074913114,0.013316272,0.012468926,-4.43711
5328,2026-08-12,-0.07050576,-0.081065275,0.015812136,0.015763381,-4.458683
1515,2026-08-12,-0.051393162,-0.036780942,0.011473908,0.01258336,-4.4787426
3090,2026-08-12,-0.04569486,-0.035483763,0.010197053,0.0125461025,-4.480744
4908,2026-08-12,-0.08618565,-0.08851458,0.019218624,0.022085328,-4.4842525
3033,2026-08-12,-0.050041266,-0.051311977,0.011089774,0.008938073,-4.5119724
1231,2026-08-12,-0.04012982,-0.0611227,0.00886983,0.009529768,-4.5237956
3535,2026-08-12,-0.0690651,-0.035598144,0.0152490735,0.017542757,-4.528837
2344,2026-08-12,-0.057570633,-0.047376826,0.012659196,0.011013573,-4.547373
4946,2026-08-12,-0.068105765,-0.0493076,0.014963233,0.012461564,-4.5512366
2910,2026-08-12,-0.038143944,-0.058285587,0.008373855,0.008534653,-4.5545797
2393,2026-08-12,-0.050614618,-0.033693884,0.011105257,0.011483219,-4.5573063
2486,2026-08-12,-0.04978608,-0.072654694,0.010917082,0.010297362,-4.5599656
1305,2026-08-12,-0.04058965,-0.038241785,0.008875486,0.009056238,-4.5727158
3167,2026-08-12,-0.05518128,-0.05719116,0.012061074,0.010320513,-4.574775
5345,2026-08-12,-0.05185745,-0.06194208,0.011312503,0.016562304,-4.5836773
5516,2026-08-12,-0.038025007,-0.007886324,0.008264057,0.00979049,-4.6006947
6547,2026-08-12,-0.05579829,-0.07922538,0.012122702,0.010844231,-4.602413
7730,2026-08-12,-0.0556709,-0.03811773,0.012089412,0.012534811,-4.6045494
3032,2026-08-12,-0.054774966,-0.05806606,0.011718313,0.012055292,-4.673906
6168,2026-08-12,-0.045395978,-0.026755558,0.009706914,0.0100985,-4.6761823
6834,2026-08-12,-0.06181059,-0.0367574,0.013210293,0.016675375,-4.678618
4989,2026-08-12,-0.05784367,-0.068707354,0.0123181585,0.014082124,-4.6954236
3374,2026-08-12,-0.06043331,-0.07932712,0.01286615,0.015017751,-4.696713
2328,2026-08-12,-0.044633817,-0.044745553,0.009435604,0.010143002,-4.72986
2455,2026-08-12,-0.050248757,-0.05846939,0.010563252,0.010734706,-4.7564898
8444,2026-08-12,-0.05991585,-0.058516495,0.012587347,0.014436486,-4.7596283
4764,2026-08-12,-0.053398516,-0.08594179,0.011195362,0.01339879,-4.7692738
8071,2026-08-12,-0.06611339,-0.052729912,0.013724472,0.0130796,-4.8168387
6588,2026-08-12,-0.07651649,-0.09466661,0.015836386,0.018738547,-4.8313837
3541,2026-08-12,-0.06980921,-0.038738806,0.01440111,0.010987266,-4.8471518
6840,2026-08-12,-0.05497927,-0.023291282,0.011283016,0.008592084,-4.872314
2030,2026-08-12,-0.041383967,-0.021497453,0.008473498,0.00880543,-4.883353
2493,2026-08-12,-0.06116849,-0.044460427,0.012506023,0.016140552,-4.8907313
3441,2026-08-12,-0.08489658,-0.105050944,0.017343864,0.019500155,-4.8946233
6488,2026-08-12,-0.07718442,-0.09408186,0.015644832,0.016825963,-4.9332256
2426,2026-08-12,-0.06892603,-0.07033703,0.013928761,0.012196255,-4.948113
8472,2026-08-12,-0.044340387,-0.039887715,0.008937388,0.008771542,-4.9606695
2438,2026-08-12,-0.041978206,-0.024820048,0.008452643,0.009603053,-4.9656944
9914,2026-08-12,-0.04611178,-0.040956624,0.009253699,0.011758328,-4.982526
1536,2026-08-12,-0.051974956,-0.05696432,0.010383613,0.009698262,-5.004997
5392,2026-08-12,-0.06976338,-0.052199405,0.013931106,0.013093301,-5.007382
8043,2026-08-12,-0.1502525,-0.15563148,0.029887035,0.03137489,-5.0271792
6108,2026-08-12,-0.06044952,-0.04340613,0.011986479,0.012174926,-5.0427213
7795,2026-08-12,-0.07173537,-0.068039306,0.014212136,0.01231806,-5.047117
3150,2026-08-12,-0.05541334,-0.022719193,0.010961717,0.013247257,-5.0547085
1313,2026-08-12,-0.05292642,-0.059333708,0.010455427,0.007626258,-5.0616164
3707,2026-08-12,-0.047412362,-0.0451879,0.009357955,0.009803035,-5.0659885
4534,2026-08-12,-0.08164737,-0.07205725,0.016091945,0.018132886,-5.073488
1582,2026-08-12,-0.031906474,-0.021928871,0.0062780837,0.008225008,-5.0813904
2409,2026-08-12,-0.047487337,-0.0391114,0.009283967,0.008427238,-5.1144323
6240,2026-08-12,-0.04828789,-0.03196032,0.009423347,0.008883068,-5.1237383
3379,2026-08-12,-0.050503768,-0.043370064,0.00978854,0.0116323205,-5.1589518
6830,2026-08-12,-0.080016345,-0.079117864,0.015448988,0.01555817,-5.179055
6278,2026-08-12,-0.053228833,-0.04033716,0.010248941,0.013614589,-5.1930866
6640,2026-08-12,-0.04540278,-0.046267483,0.008678311,0.008000979,-5.2311506
3543,2026-08-12,-0.06962404,-0.056848917,0.013290529,0.0154372575,-5.238226
3583,2026-08-12,-0.04493975,-0.046742458,0.00849662,0.009889926,-5.28851
6414,2026-08-12,-0.061170284,-0.077384904,0.011486628,0.013700013,-5.3248835
6155,2026-08-12,-0.08388034,-0.08382426,0.015746225,0.016751537,-5.3266745
6209,2026-08-12,-0.057699107,-0.05156478,0.010830416,0.010313733,-5.327014
6890,2026-08-12,-0.05859822,-0.0577627,0.0109959785,0.0122655295,-5.3285747
8112,2026-08-12,-0.07973827,-0.06537889,0.014931969,0.011849872,-5.339746
2367,2026-08-12,-0.05153473,-0.04975714,0.00964863,0.009496795,-5.340591
2929,2026-08-12,-0.055399306,-0.044399045,0.010344002,0.009033699,-5.3551755
6743,2026-08-12,-0.058501743,-0.06229484,0.01088825,0.009234244,-5.372431
2543,2026-08-12,-0.06354838,-0.05110453,0.01182104,0.010077047,-5.3754153
6937,2026-08-12,-0.07899893,-0.059563085,0.0145460265,0.014650598,-5.4305897
4564,2026-08-12,-0.049539056,-0.05165771,0.009114429,0.011987114,-5.4346375
1310,2026-08-12,-0.056640767,-0.059478547,0.010383431,0.012662897,-5.454393
6182,2026-08-12,-0.06611094,-0.06723904,0.012101419,0.010648813,-5.4626217
2049,2026-08-12,-0.057651334,-0.06404688,0.010502529,0.01040272,-5.488758
4510,2026-08-12,-0.06203209,-0.0547697,0.011296284,0.01064718,-5.490885
3548,2026-08-12,-0.04798111,-0.03829779,0.008692927,0.009562326,-5.5189223
6426,2026-08-12,-0.105163686,-0.0827843,0.018935002,0.019545006,-5.553637
1526,2026-08-12,-0.057491675,-0.068061925,0.010321885,0.011259738,-5.5693417
8213,2026-08-12,-0.06301293,-0.03980337,0.011272065,0.011437947,-5.589689
2634,2026-08-12,-0.051501386,-0.06261366,0.009206379,0.009919236,-5.59349
5450,2026-08-12,-0.07685291,-0.07311595,0.0137385605,0.015489674,-5.5935493
5469,2026-08-12,-0.047357574,-0.036623888,0.008408911,0.01154618,-5.6311626
8358,2026-08-12,-0.076854505,-0.059652645,0.01363586,0.011944179,-5.635792
5464,2026-08-12,-0.10657428,-0.12611774,0.018898848,0.025151657,-5.638896
8050,2026-08-12,-0.094690055,-0.11067745,0.016765874,0.012805017,-5.647448
4414,2026-08-12,-0.052574035,-0.04808795,0.009286605,0.008019556,-5.6606665
6505,2026-08-12,-0.05783854,-0.06920777,0.010203261,0.0106806755,-5.6680775
5371,2026-08-12,-0.07284748,-0.08171741,0.0128184995,0.015147635,-5.6825523
6187,2026-08-12,-0.071802415,-0.07408522,0.012535791,0.01176997,-5.727336
2031,2026-08-12,-0.08982023,-0.06479829,0.015679564,0.012321826,-5.7281246
1591,2026-08-12,-0.067491435,-0.06885799,0.011722672,0.013058111,-5.756851
4562,2026-08-12,-0.055480164,-0.042429898,0.009591241,0.011981597,-5.783858
4558,2026-08-12,-0.07373665,-0.053730488,0.012723247,0.012500276,-5.794972
3094,2026-08-12,-0.06848017,-0.06770489,0.011812409,0.012394502,-5.796817
4541,2026-08-12,-0.08321425,-0.07251249,0.014346448,0.014158731,-5.799934
3576,2026-08-12,-0.058822535,-0.067628264,0.010104196,0.011569511,-5.8210187
3088,2026-08-12,-0.08137238,-0.08864126,0.013939879,0.013152103,-5.8369617
8084,2026-08-12,-0.07640342,-0.066670485,0.013069547,0.015493354,-5.845464
1304,2026-08-12,-0.044483364,-0.0585385,0.007584487,0.010474917,-5.8642726
6292,2026-08-12,-0.07669938,-0.03960643,0.012999955,0.011381351,-5.8995194
8033,2026-08-12,-0.06321127,-0.05299952,0.010711027,0.01058976,-5.9009624
8027,2026-08-12,-0.10257877,-0.09937297,0.017372657,0.0155693265,-5.90427
6245,2026-08-12,-0.059878383,-0.038517572,0.010139039,0.0087806415,-5.9051433
6144,2026-08-12,-0.0752121,-0.05888549,0.012724492,0.009786,-5.910349
3362,2026-08-12,-0.08664525,-0.116793424,0.014650699,0.013834154,-5.913666
6205,2026-08-12,-0.06900371,-0.047326677,0.011636949,0.008829664,-5.9291983
4303,2026-08-12,-0.06976295,-0.05106992,0.011754262,0.013055552,-5.9346147
6265,2026-08-12,-0.06418247,-0.03839062,0.010800611,0.010878536,-5.9419346
5340,2026-08-12,-0.09229112,-0.08273564,0.015517031,0.016590653,-5.947347
6173,2026-08-12,-0.098889306,-0.08297615,0.016482847,0.01690002,-5.999164
6224,2026-08-12,-0.06981465,-0.04859344,0.011634646,0.01138629,-6.0000668
7828,2026-08-12,-0.050481264,-0.054693364,0.008359844,0.009467048,-6.037819
3444,2026-08-12,-0.075712584,-0.05852659,0.012463906,0.0122436015,-6.0740595
1905,2026-08-12,-0.06777242,-0.05701965,0.011090083,0.011650011,-6.110532
5864,2026-08-12,-0.09784863,-0.09550592,0.015963575,0.018570442,-6.12911
6269,2026-08-12,-0.09081055,-0.067691214,0.014754042,0.014366921,-6.154544
3450,2026-08-12,-0.050410114,-0.04790684,0.008177283,0.01338426,-6.163899
6199,2026-08-12,-0.08568457,-0.09333654,0.01370514,0.015284801,-6.251546
1434,2026-08-12,-0.04693314,-0.059633512,0.0074712653,0.009206503,-6.280979
6695,2026-08-12,-0.078497,-0.08000281,0.012451473,0.008691648,-6.3037276
3594,2026-08-12,-0.08096442,-0.07836577,0.012836887,0.011946207,-6.3066783
3312,2026-08-12,-0.06930013,-0.04348902,0.0109769,0.012906608,-6.312694
1336,2026-08-12,-0.07139136,-0.043424368,0.011257353,0.010991312,-6.34119
2536,2026-08-12,-0.07836636,-0.055486895,0.012342504,0.0118288025,-6.3487935
2104,2026-08-12,-0.07433106,-0.070717715,0.0116890855,0.009459614,-6.35847
4413,2026-08-12,-0.05270385,-0.038648885,0.008262623,0.010782905,-6.377814
8354,2026-08-12,-0.090504095,-0.0668701,0.014113537,0.013722828,-6.4121194
6103,2026-08-12,-0.074774645,-0.08315159,0.011655403,0.012657185,-6.4148984
4971,2026-08-12,-0.08070801,-0.07651399,0.012570828,0.012286369,-6.419751
8110,2026-08-12,-0.061972164,-0.06466551,0.009630176,0.010033627,-6.4345374
6451,2026-08-12,-0.09298862,-0.091707185,0.014323269,0.01380491,-6.491683
6715,2026-08-12,-0.09338336,-0.110322125,0.014317378,0.013539662,-6.5219226
1612,2026-08-12,-0.06885646,-0.04832824,0.010546586,0.010245752,-6.528173
4976,2026-08-12,-0.065833434,-0.098170154,0.010069868,0.010867634,-6.537017
3346,2026-08-12,-0.06826171,-0.038865138,0.010419478,0.013339166,-6.550728
5608,2026-08-12,-0.060331818,-0.045439128,0.009158006,0.010302622,-6.5871577
1517,2026-08-12,-0.051874693,-0.046503805,0.007845982,0.008612879,-6.6107826
2484,2026-08-12,-0.059726406,-0.065567136,0.009016103,0.009558326,-6.6236796
6831,2026-08-12,-0.07364405,-0.08233272,0.011097107,0.012185674,-6.6357307
3323,2026-08-12,-0.06431714,-0.049184646,0.009688596,0.011828558,-6.637752
6153,2026-08-12,-0.063124985,-0.05367751,0.009489993,0.010312159,-6.651041
5302,2026-08-12,-0.07105418,-0.04784471,0.010589431,0.011299804,-6.7092814
1309,2026-08-12,-0.06303637,-0.07423039,0.009321988,0.009550228,-6.761391
3016,2026-08-12,-0.10171309,-0.08905154,0.015019559,0.014468202,-6.771591
5321,2026-08-12,-0.07876027,-0.07011,0.011612675,0.01288679,-6.781683
1308,2026-08-12,-0.049327884,-0.039984122,0.007268989,0.0077995947,-6.785139
3360,2026-08-12,-0.07279777,-0.04846784,0.010707118,0.010647135,-6.798372
2380,2026-08-12,-0.068060264,-0.058690093,0.009980537,0.012578857,-6.8186154
2397,2026-08-12,-0.08903832,-0.057745773,0.013027491,0.013251278,-6.8341236
6207,2026-08-12,-0.13708177,-0.11552445,0.01997583,0.024715822,-6.862038
4555,2026-08-12,-0.09818901,-0.07299873,0.01425081,0.014159593,-6.8895817
3055,2026-08-12,-0.13073064,-0.13515666,0.01890105,0.02024934,-6.916215
7842,2026-08-12,-0.10933281,-0.09697568,0.015760636,0.015302717,-6.9366407
2465,2026-08-12,-0.07029549,-0.05720942,0.010103931,0.010362899,-6.9565535
5291,2026-08-12,-0.098403685,-0.08652986,0.014137788,0.014782489,-6.959839
6116,2026-08-12,-0.07374145,-0.06772529,0.010569624,0.010679268,-6.9760737
4707,2026-08-12,-0.07892859,-0.050444666,0.011232019,0.012677467,-7.02648
3149,2026-08-12,-0.07687764,-0.08105331,0.010883997,0.011655641,-7.0627155
6456,2026-08-12,-0.065230705,-0.059104633,0.009176729,0.00931471,-7.107499
4561,2026-08-12,-0.09878757,-0.080289386,0.013874393,0.013325838,-7.119623
2302,2026-08-12,-0.092036456,-0.07215382,0.012907906,0.012821025,-7.1296864
6693,2026-08-12,-0.11871667,-0.095490344,0.016411284,0.019795666,-7.233403
5498,2026-08-12,-0.077220105,-0.058644544,0.010648019,0.012662416,-7.251382
3003,2026-08-12,-0.093375884,-0.07231275,0.012873893,0.009641053,-7.2525563
4542,2026-08-12,-0.08135274,-0.10671207,0.011168886,0.011852496,-7.2832203
6969,2026-08-12,-0.06663971,-0.07299325,0.009146276,0.01505938,-7.285197
2399,2026-08-12,-0.098796114,-0.07973849,0.013507091,0.012791146,-7.313847
7777,2026-08-12,-0.06263055,-0.06548474,0.008492758,0.009882794,-7.373715
4960,2026-08-12,-0.095725134,-0.0992364,0.012899433,0.012230861,-7.420304
1597,2026-08-12,-0.1073345,-0.08318744,0.014456726,0.010201282,-7.4240236
2362,2026-08-12,-0.07118208,-0.06541523,0.009473856,0.009934564,-7.512735
6531,2026-08-12,-0.06983473,-0.07969127,0.009244883,0.011838692,-7.553062
3532,2026-08-12,-0.11042436,-0.11873833,0.014618668,0.012972705,-7.5531373
2413,2026-08-12,-0.09586601,-0.072514266,0.012601771,0.012923614,-7.60674
6617,2026-08-12,-0.08513207,-0.072082,0.01117154,0.012872852,-7.6197596
8215,2026-08-12,-0.05965793,-0.047896016,0.00779607,0.01007795,-7.651327
1711,2026-08-12,-0.07730892,-0.0656896,0.010089952,0.012102116,-7.661212
8162,2026-08-12,-0.06675448,-0.048433192,0.008703718,0.010287541,-7.6687703
3498,2026-08-12,-0.09212262,-0.076902546,0.012005313,0.01237814,-7.672848
9921,2026-08-12,-0.07816793,-0.08194005,0.010174211,0.012499202,-7.6821923
2491,2026-08-12,-0.09034084,-0.041120633,0.011699354,0.015656276,-7.721205
6668,2026-08-12,-0.10876039,-0.10867297,0.014052717,0.0099625075,-7.7389054
7723,2026-08-12,-0.19093989,-0.1981144,0.024642533,0.022764184,-7.7480726
6548,2026-08-12,-0.08486428,-0.07534682,0.010941049,0.011410676,-7.755794
3504,2026-08-12,-0.092857294,-0.11294648,0.011910653,0.012539137,-7.7955003
6204,2026-08-12,-0.07644407,-0.051501196,0.009758745,0.014271274,-7.832588
8234,2026-08-12,-0.0860531,-0.07296348,0.010885644,0.011305399,-7.9044657
3701,2026-08-12,-0.07613372,-0.072304994,0.009596866,0.00993594,-7.932359
5426,2026-08-12,-0.13858871,-0.10842177,0.017330868,0.01502157,-7.9961786
3219,2026-08-12,-0.094122745,-0.06341403,0.011745506,0.0116599845,-8.012829
5432,2026-08-12,-0.07835633,-0.06035948,0.009730158,0.010908607,-8.052107
5465,2026-08-12,-0.10531025,-0.09179305,0.013032068,0.013431995,-8.080235
6246,2026-08-12,-0.11020276,-0.096728325,0.013564257,0.012307137,-8.123898
4556,2026-08-12,-0.14234896,-0.13472475,0.01745452,0.019485364,-8.154954
1455,2026-08-12,-0.102460705,-0.08428823,0.012498944,0.011445006,-8.196893
1736,2026-08-12,-0.10901097,-0.11634801,0.0132841505,0.014536028,-8.205475
6130,2026-08-12,-0.07198921,-0.048340894,0.008759932,0.009625128,-8.2170725
3048,2026-08-12,-0.11936572,-0.07369555,0.014457948,0.014100065,-8.255491
6706,2026-08-12,-0.12208052,-0.11328403,0.0147694545,0.013548077,-8.265183
4576,2026-08-12,-0.07250292,-0.056175128,0.00875599,0.012865135,-8.279433
2070,2026-08-12,-0.11662842,-0.09986112,0.014015628,0.013436229,-8.320719
3455,2026-08-12,-0.12313624,-0.11618637,0.014683384,0.019417344,-8.385523
1595,2026-08-12,-0.105774686,-0.07953514,0.012579974,0.011075656,-8.407512
3564,2026-08-12,-0.05430719,-0.03725857,0.0064503457,0.010307407,-8.417963
8374,2026-08-12,-0.094917096,-0.080835514,0.011152266,0.015398779,-8.510251
6530,2026-08-12,-0.11462544,-0.10596592,0.013356928,0.013692332,-8.5810795
6532,2026-08-12,-0.113911286,-0.08603402,0.013273562,0.012079418,-8.581171
4526,2026-08-12,-0.0735709,-0.058664177,0.008560254,0.007714605,-8.593472
6441,2026-08-12,-0.10285853,-0.09774017,0.011891592,0.011662673,-8.648957
6152,2026-08-12,-0.09966338,-0.097697765,0.011430705,0.009843218,-8.718155
6499,2026-08-12,-0.090320505,-0.08103982,0.010340898,0.010469757,-8.733455
3339,2026-08-12,-0.11714969,-0.12212033,0.013336925,0.017413525,-8.783202
6716,2026-08-12,-0.09268173,-0.06397652,0.010500084,0.010160798,-8.82592
2221,2026-08-12,-0.09331567,-0.07406362,0.010541401,0.013137861,-8.851462
6761,2026-08-12,-0.080389924,-0.061295487,0.009048446,0.011897882,-8.883408
4540,2026-08-12,-0.105231486,-0.0970581,0.011736824,0.013086557,-8.965161
2417,2026-08-12,-0.09703044,-0.07644966,0.010786772,0.012434761,-8.994484
2545,2026-08-12,-0.10414122,-0.09501252,0.0115095,0.011767622,-9.047497
2359,2026-08-12,-0.12039308,-0.13926604,0.013248971,0.012363118,-9.08629
2103,2026-08-12,-0.12352441,-0.10275204,0.013446348,0.013450382,-9.185782
1710,2026-08-12,-0.11411841,-0.10889166,0.012374587,0.012056774,-9.221252
4939,2026-08-12,-0.12936702,-0.1286864,0.013994424,0.0116516715,-9.243523
6933,2026-08-12,-0.0995547,-0.090669505,0.010653946,0.0131951915,-9.34352
2258,2026-08-12,-0.06642015,-0.06414269,0.0070892125,0.0074393796,-9.367866
6166,2026-08-12,-0.11795705,-0.1354666,0.012184225,0.01356297,-9.680334
1809,2026-08-12,-0.10599177,-0.094049774,0.010914713,0.013602298,-9.710018
4923,2026-08-12,-0.10649309,-0.06464179,0.010950543,0.013617057,-9.724026
3652,2026-08-12,-0.10711746,-0.09262664,0.010859917,0.011766048,-9.862653
6221,2026-08-12,-0.11052823,-0.10691245,0.011087771,0.013047228,-9.967582
3712,2026-08-12,-0.09599927,-0.07507866,0.00946641,0.013388458,-10.139972
6141,2026-08-12,-0.1438448,-0.14093494,0.014179049,0.016495813,-10.144168
3685,2026-08-12,-0.09797521,-0.08703766,0.009649313,0.008724583,-10.152542
7820,2026-08-12,-0.13334915,-0.11318877,0.013039434,0.011318961,-10.2258215
8039,2026-08-12,-0.123338245,-0.110774525,0.011850434,0.014782781,-10.407031
6949,2026-08-12,-0.090935074,-0.10121482,0.008427616,0.011866001,-10.78885
6533,2026-08-12,-0.10827425,-0.10514115,0.009256299,0.012230879,-11.696095
4977,2026-08-12,-0.13282052,-0.13319495,0.011232766,0.011883494,-11.823329
4566,2026-08-12,-0.1417391,-0.14682803,0.0118438015,0.013378712,-11.966354
6202,2026-08-12,-0.1173676,-0.10585726,0.009041406,0.008686039,-12.979687
