stock_id,Date,Score_20d,Score_60d,Unc_20d,Unc_60d,SQ_20d
6691,2026-08-20,0.18547446,0.16654666,0.01255755,0.012123766,14.768779
3030,2026-08-20,0.23664121,0.15616897,0.016360015,0.02073752,14.463724
3293,2026-08-20,0.25890356,0.25977117,0.020094907,0.020721233,12.883398
1268,2026-08-20,0.16584538,0.08942382,0.013058956,0.013669422,12.6987705
0061,2026-08-20,0.17759094,0.18177184,0.01401621,0.024100315,12.669492
1788,2026-08-20,0.116991125,0.045163672,0.009466878,0.010502214,12.356636
4961,2026-08-20,0.17153053,0.086381756,0.013984099,0.02038774,12.265235
5609,2026-08-20,0.12886721,0.12418866,0.010695104,0.012390146,12.048052
4305,2026-08-20,0.14218692,0.108219355,0.011808467,0.012850158,12.040079
6229,2026-08-20,0.17506714,0.14604555,0.014962513,0.015483497,11.699601
3533,2026-08-20,0.1474801,0.10462701,0.012654343,0.015236019,11.653584
3014,2026-08-20,0.21086629,0.1690435,0.018135967,0.018204268,11.626326
3592,2026-08-20,0.1999765,0.12858528,0.017472086,0.015626498,11.44483
3044,2026-08-20,0.18771456,0.15826009,0.016592583,0.020167857,11.312479
6789,2026-08-20,0.1918013,0.22097495,0.016989576,0.0152632985,11.288687
3593,2026-08-20,0.2266055,0.09386162,0.020191764,0.018596336,11.222114
3596,2026-08-20,0.18556274,0.16445109,0.01669464,0.018143415,11.114443
6951,2026-08-20,0.13932952,0.11321985,0.013773029,0.01386965,10.115379
3086,2026-08-20,0.16492303,0.16270909,0.016458666,0.015256466,10.019828
4432,2026-08-20,0.114884496,0.07897176,0.011682778,0.01395162,9.832821
6227,2026-08-20,0.21634178,0.098266825,0.022060433,0.02150535,9.806334
8024,2026-08-20,0.14968443,0.15989985,0.015727237,0.019834591,9.516924
4506,2026-08-20,0.13268478,0.13391095,0.013959063,0.016488094,9.504598
6661,2026-08-20,0.11875685,0.14319763,0.012545345,0.016121615,9.465454
2369,2026-08-20,0.15133855,0.05716265,0.015999826,0.021700833,9.458171
5209,2026-08-20,0.12526011,0.04836869,0.013287416,0.013287153,9.426264
1726,2026-08-20,0.10107381,0.09060337,0.010928951,0.014235881,9.2474165
2414,2026-08-20,0.12085959,0.11224135,0.013223993,0.012663391,9.138726
2459,2026-08-20,0.12872402,0.09864574,0.01419941,0.015951175,9.064811
4107,2026-08-20,0.10467631,0.049621962,0.011698539,0.012555503,8.947045
2486,2026-08-20,0.25845778,0.1983606,0.028975366,0.030317783,8.919606
1777,2026-08-20,0.15490144,0.121422835,0.017500367,0.020265933,8.85082
6023,2026-08-20,0.14591144,0.14888556,0.016717078,0.016180119,8.727764
1342,2026-08-20,0.1493025,0.15181662,0.017231619,0.017115114,8.663947
6803,2026-08-20,0.08494102,0.022280233,0.009810534,0.012043969,8.657262
4104,2026-08-20,0.08369697,0.05134627,0.009736238,0.0091558285,8.595555
3465,2026-08-20,0.11834954,0.07323728,0.013772048,0.016145583,8.592835
3529,2026-08-20,0.124338835,0.14120647,0.014518588,0.01835418,8.563523
3227,2026-08-20,0.15465409,0.06865133,0.01809649,0.011003147,8.545609
1817,2026-08-20,0.12860326,0.11596541,0.015148486,0.019944241,8.488953
4126,2026-08-20,0.14764357,0.08327953,0.017579764,0.016270645,8.398018
1593,2026-08-20,0.13033932,0.07561908,0.015537648,0.018408742,8.388073
8464,2026-08-20,0.12171833,0.14612722,0.014512959,0.018114598,8.386294
6739,2026-08-20,0.16378053,0.09800642,0.01959484,0.01727872,8.357923
2207,2026-08-20,0.13755073,0.14304648,0.016537111,0.019824164,8.317197
6781,2026-08-20,0.12689742,0.11945424,0.015287205,0.01584737,8.300348
6121,2026-08-20,0.14164557,0.13502973,0.017275333,0.02274223,8.198821
5234,2026-08-20,0.13201721,0.08424812,0.016127503,0.018971756,8.185336
6903,2026-08-20,0.124564745,-0.10287711,0.0152194705,0.016057026,8.184027
1264,2026-08-20,0.112986825,0.023523672,0.013830189,0.013711711,8.168988
5274,2026-08-20,0.1429689,0.15906613,0.017581137,0.016341692,8.131486
1519,2026-08-20,0.14413086,0.19230771,0.018234873,0.018888198,7.903699
7708,2026-08-20,0.16064873,0.098635435,0.020392066,0.020082848,7.8776155
6192,2026-08-20,0.0767049,0.010242085,0.0097561525,0.013079899,7.8614016
2488,2026-08-20,0.10684179,0.09546145,0.013684553,0.018978862,7.806903
3130,2026-08-20,0.1167254,0.06391925,0.0149628455,0.011953724,7.8004947
7728,2026-08-20,0.110709906,0.0669889,0.0143637275,0.014399568,7.707066
1539,2026-08-20,0.09477498,0.09883653,0.012308787,0.016848372,7.6991568
8435,2026-08-20,0.15290633,0.108550034,0.019881839,0.02477106,7.6903667
6982,2026-08-20,0.15450951,0.12880385,0.020123728,0.021133922,7.677595
6474,2026-08-20,0.10775291,0.049320646,0.014062309,0.017481169,7.6619887
5403,2026-08-20,0.09347809,0.056285594,0.0122594945,0.015361379,7.624333
3010,2026-08-20,0.09765995,0.0781595,0.012927706,0.011438456,7.5537295
1476,2026-08-20,0.15006106,0.14359967,0.01989366,0.020814562,7.542781
3259,2026-08-20,0.12931728,0.039906446,0.017187985,0.016677728,7.523265
6515,2026-08-20,0.123332545,0.05410869,0.016398808,0.012588898,7.520365
1213,2026-08-20,0.1179931,0.07857051,0.015693983,0.0152429445,7.517886
3526,2026-08-20,0.115960054,0.026846103,0.015440602,0.015484826,7.509587
3376,2026-08-20,0.08754582,0.008373114,0.0117271375,0.013652736,7.4645967
1516,2026-08-20,0.16187662,0.14823215,0.02180127,0.026831282,7.4247594
6223,2026-08-20,0.082532056,0.0383289,0.011140591,0.013005618,7.407564
3611,2026-08-20,0.14186358,0.07269098,0.01927434,0.017757377,7.359849
4904,2026-08-20,0.122742385,0.14318511,0.016687572,0.018181615,7.3548765
6670,2026-08-20,0.0993687,0.06573468,0.013529613,0.01721618,7.343991
8069,2026-08-20,0.15384823,0.108114384,0.021173114,0.020225525,7.265864
4609,2026-08-20,0.09503927,0.09350154,0.013123441,0.013281855,7.241396
1537,2026-08-20,0.09616595,0.06580589,0.013283949,0.014686649,7.2387137
5478,2026-08-20,0.09659045,0.097335845,0.013480133,0.0124283945,7.164861
8299,2026-08-20,0.09936451,0.042098936,0.014011758,0.016854767,7.091003
9905,2026-08-20,0.11524073,0.10743954,0.016286,0.014200147,7.0756264
5871,2026-08-20,0.11188809,0.11472741,0.01581462,0.014100396,7.074531
3709,2026-08-20,0.13761333,0.045598295,0.019526334,0.01571513,7.047215
2474,2026-08-20,0.09676274,0.10752991,0.013741311,0.017305162,7.041228
6996,2026-08-20,0.11804481,0.057784423,0.016776321,0.020338815,7.0359745
3557,2026-08-20,0.15628383,0.15948296,0.022249822,0.02305308,7.0237327
5272,2026-08-20,0.10192483,0.044471852,0.014557963,0.01677617,7.00083
3213,2026-08-20,0.10777291,0.06374112,0.015531621,0.019069904,6.938488
2444,2026-08-20,0.09828696,0.049566746,0.014183312,0.014431926,6.929272
2885,2026-08-20,0.13856973,0.12208128,0.020103864,0.021537436,6.8923483
9944,2026-08-20,0.10859268,0.13327903,0.01576539,0.013135028,6.887606
2912,2026-08-20,0.14479741,0.17452265,0.021133121,0.026697243,6.851357
4807,2026-08-20,0.124335475,0.14985892,0.018209757,0.01931246,6.827584
4966,2026-08-20,0.12751764,0.016039154,0.018693656,0.01329071,6.8210745
6234,2026-08-20,0.10511359,0.039910115,0.015434606,0.019374562,6.8098125
6542,2026-08-20,0.09576879,0.07965116,0.014067103,0.017513296,6.8075123
2850,2026-08-20,0.094158664,0.14453728,0.013848871,0.017384924,6.798523
4529,2026-08-20,0.14927082,0.14142995,0.022053488,0.024742063,6.768274
3005,2026-08-20,0.08859399,0.10686281,0.013159151,0.012251454,6.7319884
5876,2026-08-20,0.14427319,0.15331064,0.021641007,0.024836738,6.66635
8383,2026-08-20,0.16050039,0.10307405,0.024118928,0.023474311,6.654265
6573,2026-08-20,0.13543297,0.20688264,0.020373909,0.024825104,6.6470466
0055,2026-08-20,0.14071001,0.17950065,0.021209804,0.021731151,6.633884
5288,2026-08-20,0.1178249,0.115945145,0.01783447,0.020871742,6.606212
8277,2026-08-20,0.08959486,0.107168324,0.013636592,0.015238471,6.5696983
3563,2026-08-20,0.073382184,0.01105647,0.011180571,0.014582955,6.562779
2727,2026-08-20,0.10301721,0.02539884,0.015809815,0.01459904,6.5156164
2383,2026-08-20,0.068626545,0.065137014,0.010544186,0.014927259,6.507855
8081,2026-08-20,0.08479322,0.019025883,0.0130544305,0.013662243,6.4948616
5533,2026-08-20,0.08074037,0.0828477,0.012444292,0.015237225,6.487623
4527,2026-08-20,0.07769993,0.0306147,0.01199724,0.011218261,6.475944
4771,2026-08-20,0.06112238,-0.0064477227,0.009448736,0.0137873795,6.4681573
8021,2026-08-20,0.1604723,0.11446974,0.024966532,0.02882685,6.427239
2421,2026-08-20,0.16350362,0.11624841,0.025452683,0.022618605,6.423574
6988,2026-08-20,0.1103641,0.092731364,0.017238583,0.017702121,6.4017844
1808,2026-08-20,0.3059802,0.36473542,0.04787454,0.06137921,6.3911595
1472,2026-08-20,0.06738922,0.0074019134,0.0106345825,0.013568345,6.336204
5520,2026-08-20,0.08668564,0.062066626,0.013720764,0.016440826,6.3173833
8016,2026-08-20,0.098789826,0.048579875,0.01572574,0.015729077,6.281647
1773,2026-08-20,0.07828107,0.012457058,0.012461527,0.015648948,6.2813153
0051,2026-08-20,0.15325592,0.11668934,0.024497889,0.029634386,6.2556276
2535,2026-08-20,0.07533327,0.11748341,0.012102376,0.014001253,6.2241535
2404,2026-08-20,0.10129244,0.08488228,0.016308784,0.017779196,6.2105317
3494,2026-08-20,0.082057044,0.02758346,0.013257283,0.015550451,6.1891155
6947,2026-08-20,0.097252555,0.12942237,0.015730457,0.017013023,6.1820436
4766,2026-08-20,0.08690359,-0.021837294,0.014067681,0.015678981,6.1770954
2506,2026-08-20,0.08572138,0.11269179,0.013892684,0.013481905,6.1698093
2433,2026-08-20,0.09452308,0.05658575,0.015406115,0.015130923,6.135028
4953,2026-08-20,0.05864059,0.00567834,0.0095625855,0.011591638,6.1316533
6177,2026-08-20,0.124273986,0.10304887,0.020428738,0.021606471,6.0829945
4535,2026-08-20,0.099815816,0.057932004,0.016426178,0.015833048,6.0762606
2353,2026-08-20,0.09168617,0.17013152,0.015097623,0.021820523,6.0724854
5904,2026-08-20,0.14539815,0.08022002,0.024209332,0.027219446,6.0056243
5356,2026-08-20,0.08808813,0.052695896,0.014673419,0.016740125,6.0028358
2305,2026-08-20,0.12705229,0.09873517,0.021285236,0.024138415,5.9687533
6015,2026-08-20,0.1412767,0.14104576,0.023682997,0.028768174,5.9650702
3088,2026-08-20,0.11042467,0.003596712,0.018573737,0.022541836,5.944885
2458,2026-08-20,0.098463774,0.041755084,0.0165925,0.014758045,5.9338756
4995,2026-08-20,0.07551165,0.05329331,0.0127734095,0.016330054,5.911165
5536,2026-08-20,0.08972995,0.042435504,0.015215451,0.013429491,5.896904
3217,2026-08-20,0.08507201,0.012292077,0.014457605,0.01438239,5.8838325
9925,2026-08-20,0.08336579,0.11936035,0.0141731445,0.023456987,5.8815393
3715,2026-08-20,0.1149385,0.14316374,0.019603267,0.02899312,5.8629327
2731,2026-08-20,0.055276953,-0.004392642,0.009441718,0.0133786425,5.8539233
6664,2026-08-20,0.10404988,-0.009142089,0.017785229,0.013001726,5.8500247
6625,2026-08-20,0.07843556,0.029561123,0.013421631,0.013032091,5.8435307
2726,2026-08-20,0.08415731,0.052463878,0.014401486,0.018173143,5.843249
3209,2026-08-20,0.12309362,0.02809612,0.021069678,0.01787415,5.8419394
7749,2026-08-20,0.07386066,-0.043689337,0.012670071,0.01362155,5.8290777
2832,2026-08-20,0.11899112,0.15271582,0.020515043,0.021752696,5.799906
5516,2026-08-20,0.121235214,0.1065797,0.02105644,0.025081646,5.7573576
4583,2026-08-20,0.059191808,-0.014716522,0.010403981,0.0100299055,5.688795
6154,2026-08-20,0.08275859,0.029500918,0.0146010425,0.015818324,5.6676035
1730,2026-08-20,0.07852966,0.05358541,0.013878764,0.013172733,5.657853
3115,2026-08-20,0.09501304,0.09417746,0.01679685,0.022353148,5.656262
6568,2026-08-20,0.08637745,-0.07048954,0.015302216,0.016988624,5.6443987
8424,2026-08-20,0.08289122,0.031688914,0.0146951545,0.016320383,5.6403337
7713,2026-08-20,0.07059078,0.016782852,0.012560489,0.014468051,5.619619
2753,2026-08-20,0.06275462,-0.007354338,0.011174395,0.012345771,5.615428
0052,2026-08-20,0.13753735,0.17945643,0.02465502,0.026033165,5.578246
6877,2026-08-20,0.11401352,0.10290872,0.020439917,0.020485526,5.5777106
2493,2026-08-20,0.19836006,0.22161926,0.03563176,0.03937875,5.566789
9912,2026-08-20,0.070327,0.039093316,0.012665938,0.013668446,5.5520124
1216,2026-08-20,0.075239435,0.069320515,0.013562879,0.018922703,5.5470443
8481,2026-08-20,0.13926248,0.096776135,0.025138712,0.029678548,5.5395417
3356,2026-08-20,0.06812166,0.010450629,0.012300262,0.01447553,5.537778
6183,2026-08-20,0.076017015,0.048180163,0.013804168,0.015305112,5.506417
9904,2026-08-20,0.08737458,0.13894993,0.015956892,0.015330688,5.4753213
8455,2026-08-20,0.08720837,0.04741631,0.015962865,0.019150376,5.4628606
6788,2026-08-20,0.084739715,-0.09671945,0.015629895,0.025200548,5.421296
6561,2026-08-20,0.060613386,0.02138093,0.011193705,0.012213849,5.4144692
6735,2026-08-20,0.09151436,0.014185964,0.0169035,0.02325282,5.4136095
3380,2026-08-20,0.07646436,0.06978052,0.014155399,0.013384611,5.401399
3581,2026-08-20,0.0954626,0.020897217,0.01775619,0.027679265,5.3759966
6667,2026-08-20,0.08008277,-0.03262856,0.014911292,0.014966392,5.370252
2388,2026-08-20,0.117330804,0.061348222,0.021890022,0.01974929,5.3597684
6894,2026-08-20,0.062280394,-0.08150116,0.011710016,0.011198387,5.3181033
4749,2026-08-20,0.087412246,0.045866888,0.016476855,0.020858508,5.3048315
3413,2026-08-20,0.085723564,0.011759852,0.016199447,0.01512324,5.291432
1760,2026-08-20,0.060621522,0.03874574,0.0114787705,0.0136573715,5.280726
6535,2026-08-20,0.07861256,0.018755818,0.014976376,0.013886225,5.2487535
3131,2026-08-20,0.076503724,0.0021888681,0.0145771755,0.01200736,5.2478256
1586,2026-08-20,0.07234699,0.0064508338,0.013831006,0.017557874,5.230405
2423,2026-08-20,0.057337597,0.05174012,0.010990448,0.013519359,5.216564
4764,2026-08-20,0.08066138,-0.036915775,0.015507877,0.022019865,5.200981
2838,2026-08-20,0.07116852,0.14315484,0.013707153,0.017357484,5.191693
6855,2026-08-20,0.06648765,0.003057567,0.01284571,0.016027085,5.175461
8284,2026-08-20,0.057214815,-0.0013379431,0.011064605,0.015174881,5.1705093
1468,2026-08-20,0.067512974,0.11299227,0.013194884,0.01790681,5.1162143
1737,2026-08-20,0.081623726,0.06559645,0.016009249,0.01826089,5.098217
8942,2026-08-20,0.06561147,0.066875435,0.012884901,0.0128163695,5.0917253
8176,2026-08-20,0.08272035,0.0037476004,0.01628678,0.019772297,5.0786757
2385,2026-08-20,0.05673492,0.038216177,0.011176626,0.01378848,5.0757575
6216,2026-08-20,0.08211039,0.061388183,0.016328722,0.022081068,5.0282784
3680,2026-08-20,0.11057218,0.05940388,0.022017123,0.02796613,5.021871
5015,2026-08-20,0.08072268,0.09636013,0.016074419,0.019013818,5.0214977
7767,2026-08-20,0.10010963,0.098046206,0.019945947,0.019476434,5.0187945
2428,2026-08-20,0.066570945,-0.010967781,0.013309314,0.017443089,5.001456
6581,2026-08-20,0.069982395,0.028726596,0.014008113,0.0140382955,4.9954906
3218,2026-08-20,0.07070764,-0.0036468382,0.014156315,0.016173804,4.994425
6170,2026-08-20,0.07677523,0.056032743,0.015383197,0.016759805,4.9905257
4924,2026-08-20,0.063466325,0.023369182,0.012731108,0.013947146,4.984746
4770,2026-08-20,0.07652858,0.018720623,0.015360299,0.014384852,4.9819083
8941,2026-08-20,0.07915951,0.032602992,0.015901247,0.015113169,4.9778824
6115,2026-08-20,0.05090216,0.041845463,0.010268217,0.0101701375,4.9567714
4111,2026-08-20,0.06147458,0.030510293,0.012470846,0.0175093,4.929068
3661,2026-08-20,0.07660511,0.057104707,0.015605888,0.011365205,4.9084167
6908,2026-08-20,0.06632959,0.044282015,0.013534809,0.015092377,4.900305
6679,2026-08-20,0.06387213,-0.062488873,0.013044443,0.0151570765,4.896126
3702,2026-08-20,0.105975084,0.08494217,0.021756621,0.018318908,4.870711
8059,2026-08-20,0.07245382,0.0045939307,0.014918827,0.013475291,4.85621
9958,2026-08-20,0.05212927,0.023780527,0.010790357,0.012561318,4.83065
8093,2026-08-20,0.07243285,0.07475556,0.015005155,0.021805909,4.826876
6949,2026-08-20,0.06976358,0.045128413,0.014537133,0.019399429,4.798661
6605,2026-08-20,0.05307978,0.027341973,0.01106439,0.012158651,4.796919
5547,2026-08-20,0.07738997,0.06649701,0.016227271,0.017148646,4.7688365
2412,2026-08-20,0.072037384,0.0767055,0.015152464,0.0199661,4.7538557
2067,2026-08-20,0.07106774,0.054458395,0.014958487,0.01813945,4.7506804
2527,2026-08-20,0.11258919,0.054077145,0.02370198,0.02467353,4.7500014
3033,2026-08-20,0.10483958,0.07595663,0.022105863,0.024780894,4.7423997
5878,2026-08-20,0.06537407,0.03248953,0.013833085,0.018792959,4.7255793
3499,2026-08-20,0.070777446,0.050570454,0.015037987,0.015560507,4.706264
2816,2026-08-20,0.0771359,0.08993663,0.016521879,0.01735964,4.66843
6263,2026-08-20,0.06684013,-0.042291638,0.0143441465,0.017782586,4.6594243
7716,2026-08-20,0.08051838,0.023552533,0.017331129,0.019577453,4.6456137
3023,2026-08-20,0.05318915,0.0665606,0.011465856,0.014544735,4.638512
2887,2026-08-20,0.0930667,0.11984741,0.02008292,0.02565675,4.633891
8390,2026-08-20,0.08374025,-0.026008662,0.018075258,0.018270757,4.63261
8416,2026-08-20,0.047049172,-0.008066522,0.010156652,0.012360985,4.6318946
8032,2026-08-20,0.060471192,0.0019975381,0.013072256,0.01685303,4.6255646
2406,2026-08-20,0.08569611,0.031563833,0.018553894,0.02230073,4.618518
3432,2026-08-20,0.059235517,0.0037400457,0.012825766,0.016570812,4.618118
3512,2026-08-20,0.09643552,0.08130153,0.02090585,0.02548206,4.6126275
4915,2026-08-20,0.06802413,0.06803108,0.014747922,0.016221635,4.612142
6509,2026-08-20,0.06586695,-0.0073793293,0.014308883,0.01883545,4.602899
8930,2026-08-20,0.07064178,0.02997681,0.015422385,0.013474234,4.5801735
2496,2026-08-20,0.07729043,0.04900702,0.016923226,0.024935843,4.5668516
4123,2026-08-20,0.070612974,0.017656421,0.015566646,0.017668247,4.53588
3163,2026-08-20,0.093354635,0.039747253,0.020596726,0.02925716,4.5322785
6217,2026-08-20,0.20084523,0.059209235,0.044548817,0.0480159,4.508329
2908,2026-08-20,0.06383162,0.054269083,0.0142592145,0.01444123,4.4762034
8034,2026-08-20,0.06678525,-0.0016943425,0.015038117,0.018657604,4.4407697
2605,2026-08-20,0.091141775,0.11436596,0.020532701,0.022772547,4.4386435
6189,2026-08-20,0.06449714,0.02838372,0.014571414,0.014037951,4.425975
7610,2026-08-20,0.091659226,-0.026607875,0.020764008,0.015273099,4.4141192
3211,2026-08-20,0.08437486,0.052462682,0.01912228,0.02181063,4.412154
2424,2026-08-20,0.08009254,0.04202772,0.01825746,0.018009648,4.386599
6264,2026-08-20,0.112647966,0.12341288,0.025852285,0.02833317,4.357201
3264,2026-08-20,0.11027492,0.07903142,0.02546194,0.025523061,4.3308005
4207,2026-08-20,0.06949649,0.02655234,0.016056903,0.018440995,4.3278685
6231,2026-08-20,0.06570339,-0.032298844,0.015306663,0.015490775,4.2921896
3686,2026-08-20,0.058184583,-0.021095634,0.01359359,0.01715469,4.2799807
8114,2026-08-20,0.07610798,-0.037665773,0.017799838,0.020992685,4.275528
6103,2026-08-20,0.05997145,0.009680194,0.014149233,0.018618733,4.2381954
1712,2026-08-20,0.0563586,0.019583069,0.0132974675,0.015816202,4.237977
3419,2026-08-20,0.05848592,0.052940257,0.013806712,0.018274898,4.235743
6683,2026-08-20,0.06995884,0.027803993,0.016564053,0.019522272,4.223279
6609,2026-08-20,0.07688753,0.07973661,0.018228572,0.019886402,4.2177367
3228,2026-08-20,0.06199066,0.013248994,0.014703699,0.019765027,4.215704
3577,2026-08-20,0.08029275,0.022910284,0.01910891,0.020812757,4.2016287
5388,2026-08-20,0.07909085,0.05134176,0.01883827,0.017189654,4.1981907
6026,2026-08-20,0.08157813,0.072552815,0.019533228,0.022521084,4.176163
4440,2026-08-20,0.041178726,-0.0035700267,0.009894017,0.009902467,4.161562
5345,2026-08-20,0.17995405,0.32186663,0.04339266,0.045682915,4.1470127
9927,2026-08-20,0.057266783,0.0061738384,0.013811276,0.016915707,4.1460786
1477,2026-08-20,0.0680542,0.061758585,0.016451681,0.01626173,4.136359
3570,2026-08-20,0.05982435,-0.007821583,0.01451782,0.018403761,4.120469
4417,2026-08-20,0.058274493,0.030676087,0.014236502,0.014215924,4.0930276
5434,2026-08-20,0.052019916,0.074865535,0.012719818,0.010536964,4.089353
1512,2026-08-20,0.049712412,0.034008946,0.012198897,0.015479879,4.074822
6510,2026-08-20,0.058159485,0.015409883,0.0143527165,0.013396789,4.0518765
4582,2026-08-20,0.08513347,0.002841275,0.021193542,0.025950693,4.0167637
6936,2026-08-20,0.04496078,-0.00549363,0.011287198,0.015524192,3.9829895
2107,2026-08-20,0.05319462,0.081065275,0.013446203,0.01561251,3.9558127
6962,2026-08-20,0.050372776,0.042583525,0.012767359,0.01359514,3.9451253
6151,2026-08-20,0.060300656,-0.025793724,0.015365105,0.018252604,3.9242642
4153,2026-08-20,0.05421834,0.03440641,0.013881783,0.01632697,3.9054375
8446,2026-08-20,0.062074073,-0.0013303737,0.015944578,0.015703173,3.8928707
3402,2026-08-20,0.05910631,-0.012950361,0.015233036,0.017685471,3.879885
3664,2026-08-20,0.07283202,0.09980754,0.018854376,0.022760626,3.862666
5464,2026-08-20,0.15238285,0.06244971,0.039482087,0.034516912,3.8594463
9945,2026-08-20,0.10990052,0.14310704,0.0285336,0.03010681,3.8514826
4536,2026-08-20,0.060104482,0.062368933,0.01569125,0.017228318,3.8302014
2367,2026-08-20,0.07097718,0.0002905624,0.01857704,0.027094718,3.8204882
2352,2026-08-20,0.059430968,0.085648485,0.015599403,0.017188538,3.8095791
3689,2026-08-20,0.04885354,-0.06387701,0.01291545,0.01367046,3.7822728
6606,2026-08-20,0.05094409,0.029117633,0.01347048,0.014631582,3.7816253
4105,2026-08-20,0.058679923,0.06422322,0.015544361,0.014970685,3.7747545
2937,2026-08-20,0.0391105,0.021411201,0.010371414,0.017985359,3.7706265
6161,2026-08-20,0.058343932,-0.046359293,0.015614841,0.02020958,3.7362015
6246,2026-08-20,0.104386285,0.06793889,0.028014814,0.031254146,3.7259772
2329,2026-08-20,0.048026666,-0.034596477,0.012983076,0.014371987,3.6988897
0050,2026-08-20,0.086377285,0.08017957,0.023359833,0.030289577,3.6975257
3285,2026-08-20,0.06501985,0.08218864,0.017592411,0.016830966,3.6956933
1722,2026-08-20,0.050133847,0.048128244,0.013592028,0.01397077,3.6882029
3679,2026-08-20,0.049265496,-0.0050193234,0.013379466,0.0111564575,3.681897
3531,2026-08-20,0.039452236,0.05166576,0.010726211,0.010768767,3.677772
1240,2026-08-20,0.04713798,0.008545382,0.012866772,0.015588386,3.6632588
6412,2026-08-20,0.068225875,0.027036317,0.018732954,0.02084282,3.64183
5525,2026-08-20,0.11202558,0.1476348,0.030957805,0.032671895,3.618537
8067,2026-08-20,0.051048145,0.033550914,0.014112159,0.01616206,3.6170602
3491,2026-08-20,0.07779288,0.020084308,0.021563437,0.02202862,3.6074617
1418,2026-08-20,0.07742357,0.112045795,0.021514969,0.025681254,3.5984237
3711,2026-08-20,0.08450985,0.06170036,0.023578491,0.024749247,3.5840404
5543,2026-08-20,0.097857475,0.07233909,0.027435068,0.03223064,3.5667455
1102,2026-08-20,0.07592752,0.1213459,0.021422002,0.020230146,3.5442052
6146,2026-08-20,0.04667894,-0.008115509,0.013197908,0.011941675,3.536576
3016,2026-08-20,0.07837176,0.08102204,0.022241713,0.028955167,3.5234802
4973,2026-08-20,0.07388804,-0.0489364,0.02102056,0.019793771,3.5148697
2852,2026-08-20,0.075703055,0.09255122,0.021756345,0.019995715,3.4794252
6123,2026-08-20,0.03895749,-0.017417796,0.01119572,0.013171487,3.4793663
6844,2026-08-20,0.056127753,0.04352578,0.016153138,0.015936147,3.4745123
8928,2026-08-20,0.040830627,0.012980414,0.011774541,0.012271936,3.4674098
6140,2026-08-20,0.05351638,-0.03427159,0.0154353725,0.013262609,3.4669013
2880,2026-08-20,0.08605088,0.097184606,0.02484937,0.02348617,3.4627607
2889,2026-08-20,0.07779344,0.11745369,0.02251112,0.032901514,3.4556246
3625,2026-08-20,0.058872867,0.009466618,0.017045328,0.022814594,3.4536977
4502,2026-08-20,0.048799686,0.038666107,0.014234753,0.013517868,3.4279666
3028,2026-08-20,0.044380847,-0.058098115,0.013152751,0.015745096,3.3740067
6138,2026-08-20,0.045156486,-0.021472339,0.01343605,0.015291895,3.3605952
5703,2026-08-20,0.03848808,0.0049765166,0.011452427,0.017734712,3.3603983
7556,2026-08-20,0.041215755,-0.070404865,0.012335989,0.014389784,3.3408277
1731,2026-08-20,0.047479656,0.0034182568,0.0143000465,0.015249403,3.3200126
4555,2026-08-20,0.051285855,0.014914125,0.015542373,0.015705243,3.299532
2362,2026-08-20,0.045958478,0.10749061,0.01398251,0.01725664,3.2866194
4558,2026-08-20,0.04930002,0.0033133829,0.015192735,0.019916916,3.2447596
2114,2026-08-20,0.05074129,0.030689815,0.015745439,0.019920465,3.2223978
8083,2026-08-20,0.037827577,-0.011315238,0.011746741,0.014960927,3.2199874
2886,2026-08-20,0.05235486,0.053389445,0.016261997,0.017185124,3.2192628
6028,2026-08-20,0.048907615,0.0486665,0.015235034,0.016210362,3.2099965
9941,2026-08-20,0.037656493,0.06534364,0.011786352,0.010643636,3.1946526
4772,2026-08-20,0.06217517,-0.07168415,0.019465925,0.019162515,3.1938875
3017,2026-08-20,0.045328133,0.07472162,0.014217584,0.012020519,3.1879497
8926,2026-08-20,0.10266872,0.15449227,0.032379452,0.03651171,3.1707008
2330,2026-08-20,0.044584617,0.04208874,0.014089594,0.017551504,3.1641405
6190,2026-08-20,0.05852816,-0.02702992,0.01850973,0.017492143,3.1618502
6613,2026-08-20,0.049465608,-0.008785826,0.015782116,0.015504147,3.1340837
5511,2026-08-20,0.048272762,0.086384155,0.015510182,0.013884645,3.1121266
8444,2026-08-20,0.0616507,0.08280775,0.019872794,0.018016156,3.1021101
1734,2026-08-20,0.047191016,0.04734018,0.015284765,0.014862931,3.0872526
1339,2026-08-20,0.042574987,-0.013495708,0.013840511,0.014035879,3.0758915
2345,2026-08-20,0.04124129,-0.013772507,0.013442626,0.011563384,3.0677204
6464,2026-08-20,0.03386378,0.016092097,0.011039736,0.010846402,3.0671668
3058,2026-08-20,0.045687374,0.039412245,0.014962486,0.01768872,3.0532572
9939,2026-08-20,0.048047233,0.058061887,0.015738515,0.012360514,3.0526502
2025,2026-08-20,0.048543252,0.037639733,0.015910447,0.014745745,3.0508382
5534,2026-08-20,0.06228848,0.08783587,0.02042395,0.019677334,3.049627
4116,2026-08-20,0.042187862,0.0025813573,0.013881129,0.015059013,3.039005
2355,2026-08-20,0.037151955,-0.013188047,0.012262621,0.01713197,3.0294442
2317,2026-08-20,0.041891333,-0.006089196,0.013875751,0.015442647,3.018814
3022,2026-08-20,0.051944133,0.018594977,0.017281327,0.02000447,3.0056214
4946,2026-08-20,0.048008807,-0.043050382,0.015979614,0.02204813,3.0041902
2537,2026-08-20,0.050149288,0.06700253,0.01669316,0.016451566,3.0040019
6165,2026-08-20,0.054098386,0.029493311,0.018018426,0.019956138,3.0022256
4974,2026-08-20,0.039429974,-0.013543441,0.013136145,0.013847471,3.0014112
6690,2026-08-20,0.03443814,-0.04943913,0.01159672,0.014302983,2.969389
2484,2026-08-20,0.061216377,0.03366864,0.02077352,0.020729374,2.9467046
5355,2026-08-20,0.04264013,0.0645941,0.014488366,0.01870543,2.9428568
2420,2026-08-20,0.051853646,0.007561191,0.017810298,0.019310627,2.9112782
2480,2026-08-20,0.047435068,0.04519426,0.016349442,0.013619593,2.9011488
1471,2026-08-20,0.04575785,0.05335341,0.01581679,0.014617821,2.8928094
5529,2026-08-20,0.074218564,0.07311435,0.02567122,0.0270867,2.891007
5251,2026-08-20,0.053776678,-0.045277007,0.01870071,0.021350855,2.8754952
3105,2026-08-20,0.043986432,-0.055629674,0.015302112,0.023303675,2.8743455
8433,2026-08-20,0.03775125,-0.0021757826,0.013134721,0.014926647,2.873938
8487,2026-08-20,0.03611118,0.01079736,0.0125900665,0.01252732,2.868
3305,2026-08-20,0.05897604,-0.05476849,0.020839972,0.024487412,2.8298123
3290,2026-08-20,0.040071316,-0.012887105,0.014160119,0.016026609,2.8296716
6134,2026-08-20,0.070136406,-0.0007202992,0.02481024,0.023809982,2.8267996
4768,2026-08-20,0.054739047,-0.020475978,0.019423394,0.023960242,2.8180568
5353,2026-08-20,0.0474699,0.003414912,0.016888998,0.021295441,2.810533
3490,2026-08-20,0.07083477,0.044735026,0.025213858,0.02576694,2.8092473
2426,2026-08-20,0.060399737,0.039225914,0.021502513,0.022823293,2.808831
3528,2026-08-20,0.034557026,-0.042968284,0.012376795,0.013629773,2.7918565
9911,2026-08-20,0.038461495,0.04040413,0.01381737,0.01678567,2.7833598
3546,2026-08-20,0.03778526,-0.044260923,0.0135925915,0.015926085,2.7796376
3483,2026-08-20,0.042261727,-0.04711766,0.015307153,0.018948305,2.7607334
4534,2026-08-20,0.07022168,0.0027925977,0.025471484,0.0284717,2.7567658
3705,2026-08-20,0.030488186,0.028937358,0.011076371,0.013847456,2.7522943
2373,2026-08-20,0.04388088,0.01745372,0.016004017,0.015909743,2.7416954
8049,2026-08-20,0.037196808,-0.024445748,0.013630939,0.013451394,2.7286513
5016,2026-08-20,0.045905296,0.02267707,0.016975736,0.014231097,2.704012
2534,2026-08-20,0.045848094,0.08766835,0.017064689,0.021538192,2.6865656
3532,2026-08-20,0.08445398,0.19345926,0.031707138,0.05469427,2.6634798
6104,2026-08-20,0.036335956,-0.07234634,0.013792436,0.019187234,2.6342933
6114,2026-08-20,0.027409188,-0.026427848,0.01046921,0.0152437845,2.617826
8476,2026-08-20,0.081475176,-0.07743202,0.031159608,0.035442773,2.614685
3191,2026-08-20,0.052308414,0.06856212,0.020055277,0.02055775,2.6080818
2063,2026-08-20,0.03967339,-0.0009271939,0.015217455,0.017092308,2.6069262
6128,2026-08-20,0.034734376,0.030108284,0.013333694,0.014920756,2.6048124
2702,2026-08-20,0.033945166,0.0076773227,0.01309073,0.014874416,2.592871
6277,2026-08-20,0.038486186,0.04328754,0.014892688,0.018390745,2.5840602
8050,2026-08-20,0.07499954,0.10055057,0.029063342,0.032784805,2.5804658
8087,2026-08-20,0.06133658,0.006934476,0.023839073,0.022157839,2.5728352
6525,2026-08-20,0.042173777,-0.08011785,0.016441656,0.017754886,2.5649004
5439,2026-08-20,0.042754196,-0.10119887,0.016721576,0.015628532,2.5566752
1591,2026-08-20,0.06071643,-0.031774137,0.02381814,0.022691362,2.5490606
8210,2026-08-20,0.041316267,-0.048308298,0.016231958,0.01862756,2.5452087
8432,2026-08-20,0.03916531,-0.002403446,0.015498641,0.017121855,2.5268526
2449,2026-08-20,0.049512196,-0.03784146,0.019621992,0.016680168,2.5231726
1402,2026-08-20,0.029811839,0.03629644,0.0120342225,0.015025635,2.477049
6771,2026-08-20,0.034557525,-0.0047110748,0.0140931215,0.020437002,2.4519105
8341,2026-08-20,0.04175846,0.033867624,0.017030913,0.01920418,2.4517772
4585,2026-08-20,0.034450237,-0.003430723,0.014067106,0.015591271,2.4488184
2390,2026-08-20,0.049588624,-0.0041935463,0.020252202,0.018053614,2.4484339
2431,2026-08-20,0.033037435,0.038130563,0.013515028,0.014422876,2.4443154
2633,2026-08-20,0.033115376,0.066218324,0.013650482,0.014183519,2.4257715
2316,2026-08-20,0.045489013,-0.022942135,0.018821495,0.017824939,2.4167366
6491,2026-08-20,0.025196265,-0.0034958806,0.010428655,0.014147494,2.4158292
6171,2026-08-20,0.039484747,0.044569373,0.016361907,0.021469295,2.4130642
0057,2026-08-20,0.06099605,-0.09472784,0.025512237,0.029551033,2.390761
9951,2026-08-20,0.029369712,-7.138898e-05,0.012293706,0.018399552,2.3888097
4933,2026-08-20,0.034600392,-0.034463264,0.014573319,0.014646775,2.3740659
8086,2026-08-20,0.051709708,-0.04581507,0.021876538,0.02599003,2.363598
6968,2026-08-20,0.038687523,-0.024370067,0.016518032,0.018295096,2.341997
5546,2026-08-20,0.03896613,0.021219289,0.01665406,0.01891584,2.3395972
9908,2026-08-20,0.040311344,0.08133624,0.01722971,0.019022731,2.3395057
4729,2026-08-20,0.030853076,-0.031325955,0.01325828,0.016724424,2.3269043
1615,2026-08-20,0.022452295,0.016165806,0.009691458,0.009603453,2.3164706
6202,2026-08-20,0.042515103,-0.024417765,0.01835546,0.020984132,2.316084
2434,2026-08-20,0.05474291,-0.03432455,0.023722481,0.021527454,2.3075411
2845,2026-08-20,0.038457204,0.061073866,0.01670939,0.018989816,2.301395
1438,2026-08-20,0.04872284,0.099766254,0.021183133,0.028899033,2.2999685
2606,2026-08-20,0.03184365,0.06257325,0.013926094,0.017318275,2.2864532
6585,2026-08-20,0.029894922,0.0747296,0.013141294,0.0132784955,2.2747111
6291,2026-08-20,0.039274763,-0.030571086,0.017269919,0.012959067,2.2740402
1781,2026-08-20,0.03030134,0.028001266,0.013335321,0.016594514,2.2720914
3357,2026-08-20,0.051318098,-0.04256525,0.02261375,0.024360253,2.269231
1580,2026-08-20,0.030229187,-0.019732501,0.013374944,0.012245599,2.2599666
8091,2026-08-20,0.032906026,-0.043304417,0.014653965,0.014399266,2.245384
6109,2026-08-20,0.03741066,0.030764397,0.016915163,0.020299893,2.2115335
6281,2026-08-20,0.043279845,0.007206849,0.019607909,0.01587774,2.2071521
7704,2026-08-20,0.032526385,-0.022012956,0.014749547,0.017110813,2.205097
5880,2026-08-20,0.03450615,0.027004212,0.015706832,0.0152560165,2.196748
6187,2026-08-20,0.035038188,0.008137398,0.016143054,0.016032526,2.1703463
2882,2026-08-20,0.03960901,0.032354847,0.01826203,0.02545193,2.1688082
6266,2026-08-20,0.042285997,-0.029956026,0.019635286,0.020097153,2.153462
2115,2026-08-20,0.024984295,0.020417945,0.011690148,0.013591109,2.1370265
6417,2026-08-20,0.03162344,-0.07328624,0.014796975,0.017511772,2.1370113
2308,2026-08-20,0.032297514,0.029435074,0.015118961,0.0162156,2.1360846
7747,2026-08-20,0.028372057,-0.015569133,0.013284461,0.0150734205,2.135572
3450,2026-08-20,0.05694991,-0.031619687,0.026782991,0.0228589,2.1262667
6435,2026-08-20,0.03942283,-0.043709002,0.01868449,0.022350876,2.1098096
3045,2026-08-20,0.040182408,0.060928907,0.019242676,0.020301651,2.0880837
4580,2026-08-20,0.023544172,-0.02639725,0.011329867,0.011572325,2.0778792
1229,2026-08-20,0.03269247,0.06814774,0.01593612,0.014544665,2.051341
6139,2026-08-20,0.037485283,-0.065713726,0.01832207,0.015268246,2.045797
4711,2026-08-20,0.035382338,-0.011801789,0.017407298,0.019217076,2.0324984
1611,2026-08-20,0.039508738,0.065955386,0.019484572,0.021198763,2.0275893
5469,2026-08-20,0.025904123,-0.022440461,0.012863712,0.014055736,2.0135796
6862,2026-08-20,0.041593213,-0.026439168,0.020694291,0.02110147,2.0097911
3095,2026-08-20,0.03324798,-0.08263753,0.016653629,0.017214132,1.9963207
2013,2026-08-20,0.020935996,-0.027238417,0.010497846,0.013795889,1.9941235
2402,2026-08-20,0.034441475,-0.003925489,0.017397461,0.01774242,1.9795702
1256,2026-08-20,0.035240397,-0.04237152,0.017863438,0.014497255,1.9726564
5228,2026-08-20,0.042670425,-0.014074557,0.021711402,0.029933805,1.9652559
3034,2026-08-20,0.034647416,0.042732097,0.017706605,0.02034785,1.9566405
4550,2026-08-20,0.026985856,-0.003849189,0.013895185,0.015352787,1.9419615
6983,2026-08-20,0.029461492,-0.07245983,0.015173671,0.020841666,1.9414912
3588,2026-08-20,0.027828986,-0.053452052,0.014404759,0.0142396,1.9317958
2755,2026-08-20,0.026867215,-0.038877327,0.013941226,0.015073698,1.9270391
6210,2026-08-20,0.02586497,0.01445219,0.013478314,0.016821096,1.918864
3349,2026-08-20,0.029668141,0.027296793,0.01565624,0.017697366,1.8948512
6831,2026-08-20,0.028854292,0.036027305,0.015251596,0.017421557,1.8917626
9950,2026-08-20,0.02293319,0.013353417,0.0121416515,0.01673293,1.8886477
7794,2026-08-20,0.028204463,-0.04347623,0.014967006,0.015562368,1.8843167
6021,2026-08-20,0.036085058,0.069736876,0.019246707,0.021373821,1.8747718
6556,2026-08-20,0.02568856,-0.0035300618,0.013936176,0.015494438,1.8431683
2247,2026-08-20,0.021084022,0.025136767,0.011514585,0.012926006,1.8309118
5475,2026-08-20,0.04019257,-0.068198666,0.02211477,0.023329,1.8173715
6442,2026-08-20,0.03008333,0.015980164,0.016598558,0.017572014,1.812297
6654,2026-08-20,0.04102862,0.0552742,0.022740142,0.02369835,1.8041582
1451,2026-08-20,0.02539326,-0.010168723,0.01407732,0.0157767,1.8037138
2701,2026-08-20,0.022148483,0.02432083,0.012338339,0.016999025,1.7949488
2066,2026-08-20,0.018077012,0.019978728,0.01013785,0.0138362665,1.7829449
2441,2026-08-20,0.038583294,-0.0297003,0.021647602,0.019506846,1.7822533
8064,2026-08-20,0.032819632,-0.072366126,0.01852392,0.024626557,1.7716477
6527,2026-08-20,0.0260715,-0.0055464595,0.014804793,0.013141798,1.7608986
1503,2026-08-20,0.024919244,0.031880222,0.014156492,0.017046442,1.7601453
2105,2026-08-20,0.029976953,0.039531335,0.01703156,0.019605083,1.7599792
6219,2026-08-20,0.036767285,0.05213573,0.020944228,0.021188013,1.7554015
6213,2026-08-20,0.026732543,-0.033297338,0.0152541,0.02037241,1.7523676
6411,2026-08-20,0.023101084,-0.05227967,0.013198893,0.016169297,1.7500963
4205,2026-08-20,0.024054397,-0.035721857,0.014075078,0.018749373,1.7088848
9960,2026-08-20,0.028520508,-0.04236838,0.016830953,0.017812416,1.6944265
7718,2026-08-20,0.02397625,-0.03434212,0.014237284,0.01528806,1.6839284
2897,2026-08-20,0.024725659,0.058076937,0.014741646,0.016600462,1.677152
3541,2026-08-20,0.023010168,-0.032553785,0.013853311,0.013266808,1.6608671
4133,2026-08-20,0.022079702,0.026431741,0.013415467,0.013408095,1.6457165
2482,2026-08-20,0.019026319,-0.0020429913,0.011753225,0.015227479,1.6186792
6768,2026-08-20,0.039279673,-0.0023747282,0.024346123,0.02559636,1.6133189
5287,2026-08-20,0.019611191,-0.03392516,0.012156719,0.012846825,1.6130649
2637,2026-08-20,0.031821992,0.060965642,0.019910796,0.021818329,1.5981477
6136,2026-08-20,0.023615982,0.00381167,0.01478469,0.013369803,1.5972188
6526,2026-08-20,0.023237415,-0.015165019,0.014608677,0.015491557,1.5905496
3535,2026-08-20,0.031062752,-0.14434066,0.020155713,0.022523878,1.5410624
5289,2026-08-20,0.029631436,-0.09598278,0.019254837,0.01935107,1.5388287
2356,2026-08-20,0.029625185,0.015255828,0.019276155,0.01938954,1.5368028
8131,2026-08-20,0.023214491,-0.04143964,0.015545876,0.015698731,1.4931933
5348,2026-08-20,0.023123043,-0.014647775,0.0154849235,0.01985767,1.4931653
8466,2026-08-20,0.03226425,0.08304333,0.021640543,0.024361212,1.490848
3556,2026-08-20,0.019585518,-0.021826029,0.013158095,0.013072696,1.4883636
8996,2026-08-20,0.023221096,0.012432855,0.015663533,0.018753534,1.4823996
4939,2026-08-20,0.038978454,0.06161901,0.026294421,0.032535415,1.4823285
2327,2026-08-20,0.030397333,-0.09909661,0.020688303,0.024675706,1.4692295
1513,2026-08-20,0.021997381,0.014212305,0.0149769345,0.017898446,1.4686525
6269,2026-08-20,0.026738504,0.07508587,0.018217847,0.022434365,1.4676287
2462,2026-08-20,0.017822813,-0.018246686,0.012214505,0.01395962,1.459032
5205,2026-08-20,0.018738564,-0.041596074,0.0129806725,0.016930064,1.443463
6020,2026-08-20,0.027023204,0.042931102,0.018924192,0.023045138,1.4278959
3122,2026-08-20,0.027651656,-0.01797825,0.019374615,0.018900136,1.427137
5443,2026-08-20,0.020530391,-0.063796036,0.014436083,0.012229464,1.4220595
6144,2026-08-20,0.0136190085,0.014865204,0.009607216,0.011304345,1.4174335
1609,2026-08-20,0.01662515,0.02488494,0.01177877,0.012270605,1.4113305
3665,2026-08-20,0.019923624,0.051250435,0.014144226,0.011668744,1.4085051
1783,2026-08-20,0.020210635,-0.003981702,0.014470942,0.015989065,1.3965392
2338,2026-08-20,0.020887127,-0.061139677,0.014965726,0.019013528,1.3955709
2851,2026-08-20,0.037304863,0.057220783,0.02689987,0.027964389,1.386753
6590,2026-08-20,0.024234785,-0.03912516,0.017475083,0.016028512,1.38674
8111,2026-08-20,0.035251953,-0.058404345,0.025434816,0.026685936,1.3859179
3118,2026-08-20,0.022851268,-0.04847356,0.016600065,0.016479546,1.376494
6548,2026-08-20,0.030352803,-0.0027649233,0.022085765,0.023403829,1.3742529
4755,2026-08-20,0.019622754,-0.030223431,0.014336276,0.016694365,1.3686529
1776,2026-08-20,0.016081117,-0.018342383,0.011851472,0.013002642,1.3567733
8213,2026-08-20,0.025709692,-0.0017731724,0.019113295,0.018324059,1.3450506
2707,2026-08-20,0.014367908,-0.036534034,0.010713424,0.011246783,1.3409874
2739,2026-08-20,0.018881094,-0.030481577,0.014152256,0.015944183,1.3340459
1419,2026-08-20,0.0157505,-0.0491757,0.011847831,0.01417481,1.3292872
2314,2026-08-20,0.030980976,-0.03153043,0.023655392,0.023911526,1.3096238
2303,2026-08-20,0.021762423,-0.033769432,0.016753213,0.016199999,1.2989224
3372,2026-08-20,0.020792942,-0.018670488,0.016014695,0.017730897,1.2982854
6805,2026-08-20,0.018895244,0.00475894,0.014659934,0.013864129,1.2888159
5548,2026-08-20,0.02059912,0.018390121,0.016039394,0.018366912,1.2842028
1533,2026-08-20,0.018556854,-0.0036277573,0.014454139,0.015037731,1.2837547
5410,2026-08-20,0.028005986,-0.035914358,0.021855297,0.022295,1.2813692
6669,2026-08-20,0.016261134,0.00017768703,0.012711229,0.012421522,1.2791725
9942,2026-08-20,0.016455976,-0.011802475,0.012877136,0.015516373,1.2778229
8038,2026-08-20,0.020541843,-0.06666021,0.016096113,0.019287854,1.2761197
1608,2026-08-20,0.024492439,0.027591249,0.019229038,0.021152535,1.2736553
6285,2026-08-20,0.0176314,-0.022022678,0.013975195,0.012461205,1.2615308
7805,2026-08-20,0.019370368,-0.11213943,0.015388318,0.016775422,1.2586892
3150,2026-08-20,0.01634581,-0.011948799,0.013044532,0.018807953,1.2529814
2718,2026-08-20,0.026104357,-0.009391676,0.020916136,0.020981139,1.247989
3169,2026-08-20,0.015749093,-0.09130566,0.012749631,0.01665443,1.2351619
6261,2026-08-20,0.018602274,-0.07397984,0.015146769,0.017956598,1.2280537
5220,2026-08-20,0.018152349,-0.01828789,0.014880543,0.01727438,1.2197894
6206,2026-08-20,0.019845273,-0.004267436,0.016397852,0.017382907,1.2101623
6684,2026-08-20,0.019757569,-0.078446135,0.016334688,0.019038528,1.2094727
3164,2026-08-20,0.018551001,-0.052720625,0.015360736,0.016362667,1.207611
4960,2026-08-20,0.021583395,-0.08144212,0.018006729,0.018237252,1.1985629
6570,2026-08-20,0.014977533,-0.029088266,0.012539746,0.017137911,1.1943096
1315,2026-08-20,0.015126874,0.0071911286,0.012703889,0.010824121,1.190634
6645,2026-08-20,0.0140162315,0.03882211,0.011850231,0.0112061715,1.1826814
3467,2026-08-20,0.020347424,-0.09778824,0.017374251,0.016713036,1.1710578
4102,2026-08-20,0.013287634,0.023127237,0.011442149,0.014454811,1.1611868
7715,2026-08-20,0.0227012,-0.040409487,0.01961835,0.017296214,1.1570822
6596,2026-08-20,0.017758906,-0.02651998,0.01538764,0.012716587,1.154027
4721,2026-08-20,0.01888684,-0.13543442,0.016446622,0.021592647,1.1483022
4588,2026-08-20,0.02041953,-0.025256105,0.01784562,0.020446146,1.144168
6643,2026-08-20,0.028990148,-0.08769561,0.025451086,0.024433913,1.1390086
6885,2026-08-20,0.024104314,0.028030308,0.021261858,0.01826192,1.1336347
2440,2026-08-20,0.011982089,-0.08159567,0.010779614,0.019078987,1.1114477
2395,2026-08-20,0.017421607,0.026119022,0.015968014,0.01709121,1.0909632
3555,2026-08-20,0.025105774,-0.056940008,0.023165097,0.027933791,1.0837291
7827,2026-08-20,0.016079685,-0.012796368,0.014887805,0.017745592,1.0799849
2069,2026-08-20,0.016836187,-0.020669758,0.015592935,0.018671896,1.0796626
5484,2026-08-20,0.018772904,-0.0005939913,0.017441444,0.018513922,1.0762771
7786,2026-08-20,0.019562177,0.02326018,0.018220745,0.019380853,1.0735623
5328,2026-08-20,0.024874575,-0.021319909,0.023495404,0.032681454,1.0586545
6143,2026-08-20,0.015826369,-0.09058104,0.015109816,0.016497906,1.0473537
9946,2026-08-20,0.017087368,0.006721266,0.016424486,0.016273517,1.040296
6242,2026-08-20,0.015669663,-0.040579677,0.015145945,0.018117355,1.0345098
2501,2026-08-20,0.016695077,0.041124143,0.01616068,0.018340759,1.0330038
3321,2026-08-20,0.011160956,0.037585244,0.01089035,0.012281409,1.0247542
2820,2026-08-20,0.012206116,0.03593864,0.0119647635,0.013835799,1.0200866
8423,2026-08-20,0.013555731,-0.037981607,0.013487009,0.014650455,1.0050209
1413,2026-08-20,0.012955203,0.027844792,0.013266822,0.015016723,0.97643775
7757,2026-08-20,0.02401885,-0.074197546,0.024660915,0.028864643,0.97392476
6276,2026-08-20,0.011843759,-0.12584493,0.012212465,0.021100108,0.9697296
4138,2026-08-20,0.014333665,-0.034498658,0.014784033,0.018064933,0.9694713
6494,2026-08-20,0.019653408,-0.036184303,0.020312011,0.024769498,0.96752805
6811,2026-08-20,0.015266926,0.020156376,0.01578859,0.013855637,0.96689814
3617,2026-08-20,0.015441241,-0.004442652,0.016292134,0.017581575,0.94771457
7723,2026-08-20,0.025198456,-0.081307985,0.026713835,0.03377576,0.9432383
2536,2026-08-20,0.022932861,-0.0056765606,0.024880754,0.02878828,0.92167383
3317,2026-08-20,0.019231666,-0.07737275,0.02121406,0.019808078,0.90651006
4754,2026-08-20,0.013222444,-0.076688066,0.014621567,0.018279126,0.90424913
2006,2026-08-20,0.017328868,0.042799845,0.019306917,0.021699555,0.89750063
2603,2026-08-20,0.0120261945,0.07238436,0.013428623,0.015142654,0.89549756
2498,2026-08-20,0.014366104,-0.08303776,0.016062465,0.023416063,0.8943341
9929,2026-08-20,0.013998725,0.02188292,0.015661633,0.015152229,0.8937658
6782,2026-08-20,0.011084465,-0.039387517,0.012424497,0.012374638,0.89207417
7803,2026-08-20,0.01529784,-0.03406488,0.017195633,0.020321336,0.88958347
3672,2026-08-20,0.009914496,0.05694256,0.011201484,0.015303283,0.8850265
3522,2026-08-20,0.013175312,-0.01786262,0.015009805,0.017180614,0.8777219
0056,2026-08-20,0.014209079,0.015019832,0.016250778,0.016819065,0.8743092
6175,2026-08-20,0.011681417,-0.051311325,0.013467165,0.017678974,0.86733544
3171,2026-08-20,0.01490454,-0.04156828,0.017217154,0.016305361,0.8656294
2354,2026-08-20,0.013742547,0.0035129979,0.015951946,0.014584873,0.8614425
3624,2026-08-20,0.036197416,-0.0017020295,0.042079676,0.043302372,0.860191
6560,2026-08-20,0.013985921,-0.032648902,0.016297437,0.014017061,0.8581142
6863,2026-08-20,0.01875321,-0.0019937144,0.02187613,0.022711862,0.8572061
2706,2026-08-20,0.012569328,0.017534455,0.014768483,0.0168444,0.8510337
1103,2026-08-20,0.013275483,0.031725675,0.01580548,0.014840462,0.839876
6722,2026-08-20,0.012689895,-0.028356483,0.015324936,0.01677179,0.82800126
2485,2026-08-20,0.020603994,-0.14448729,0.025152491,0.02769903,0.81913054
9962,2026-08-20,0.008754884,-0.0017284551,0.0109383315,0.012640933,0.8003125
2393,2026-08-20,0.014565664,-0.004100262,0.018313875,0.017440028,0.7952915
2377,2026-08-20,0.010557876,-0.03744123,0.013342104,0.011924814,0.79126084
8150,2026-08-20,0.012867598,-0.09033478,0.01656549,0.024181724,0.7767244
7772,2026-08-20,0.011247198,-0.1420314,0.014499788,0.0210835,0.77562666
2520,2026-08-20,0.009049489,0.039382976,0.011742006,0.01191086,0.770628
4745,2026-08-20,0.010989392,-0.008370813,0.01462544,0.016504826,0.7513374
6640,2026-08-20,0.018032407,0.0067634233,0.024299163,0.026117332,0.74206936
4568,2026-08-20,0.010258794,-0.038858104,0.013824248,0.016083742,0.74203324
3021,2026-08-20,0.00968062,0.020182852,0.013124863,0.015841875,0.7375226
2059,2026-08-20,0.006846306,-0.018993037,0.009345936,0.011406047,0.73246527
6472,2026-08-20,0.014861269,-0.09928512,0.020711757,0.02017156,0.7174935
7734,2026-08-20,0.00944674,-0.04728957,0.013315287,0.014053458,0.70941246
2890,2026-08-20,0.012439797,0.004620111,0.017863337,0.021027785,0.6963481
2712,2026-08-20,0.008943174,0.0027553027,0.012909763,0.0172691,0.6926914
6228,2026-08-20,0.013220227,-0.06957158,0.019670581,0.017469293,0.672047
2736,2026-08-20,0.008026983,-0.0026933292,0.012133378,0.015081848,0.66150755
2109,2026-08-20,0.009054317,0.021444814,0.013722112,0.012590534,0.659786
2101,2026-08-20,0.012622288,-0.023161769,0.019449212,0.022796439,0.6489538
6199,2026-08-20,0.020043055,0.035888985,0.030998973,0.030082848,0.6465507
6703,2026-08-20,0.010696832,-0.06935807,0.016800381,0.019414986,0.63666385
6547,2026-08-20,0.015258515,0.028876666,0.023989711,0.027872104,0.6360176
3303,2026-08-20,0.010627491,-0.015468824,0.016804153,0.016581219,0.6323948
7631,2026-08-20,0.0084199915,-0.0707205,0.013442085,0.020728555,0.62634367
8437,2026-08-20,0.011051883,-0.027526882,0.017740551,0.01920869,0.6229378
4931,2026-08-20,0.013279414,-0.0671589,0.022009965,0.02763903,0.60330904
8155,2026-08-20,0.012277559,-0.06813245,0.020409148,0.024145255,0.6015419
7760,2026-08-20,0.0074728695,-0.025149059,0.012619249,0.01584698,0.5921333
2610,2026-08-20,0.0071419426,-0.012942046,0.012759847,0.012615329,0.55967623
4183,2026-08-20,0.010099432,-0.016972106,0.01813553,0.017269917,0.5568558
9926,2026-08-20,0.008253755,0.02808709,0.015117552,0.017315425,0.5459355
3374,2026-08-20,0.010926955,-0.113009006,0.020355837,0.025874393,0.53677076
1452,2026-08-20,0.00538665,0.009440147,0.010266393,0.016624123,0.52463657
4760,2026-08-20,0.008553039,-0.0943234,0.016468449,0.01875647,0.5193276
2379,2026-08-20,0.009955345,0.024353683,0.019285154,0.023269083,0.5161913
3558,2026-08-20,0.0070071868,-0.025017781,0.013898982,0.014464823,0.5041148
2618,2026-08-20,0.0068379403,0.015371663,0.013618093,0.01671934,0.50208485
7765,2026-08-20,0.0073626647,-0.08293426,0.014991737,0.016155578,0.49108207
4554,2026-08-20,0.0074094026,-0.057690084,0.0152174225,0.017052408,0.4868706
7705,2026-08-20,0.007378665,-0.056359123,0.01530012,0.020411417,0.48223037
2243,2026-08-20,0.009457567,0.086239375,0.019967102,0.026628455,0.47363374
2892,2026-08-20,0.007994765,-0.0030511145,0.017759725,0.020493606,0.45013732
3492,2026-08-20,0.007599705,-0.040233,0.016933117,0.017734993,0.4487807
6579,2026-08-20,0.007074526,-0.055751923,0.015818905,0.015297503,0.44719142
1340,2026-08-20,0.0049146204,-0.026401997,0.011077519,0.013940247,0.4436171
6164,2026-08-20,0.006766751,-0.055562593,0.015611501,0.014583962,0.43341875
6443,2026-08-20,0.0075076935,-0.10061261,0.017488675,0.017278979,0.4292643
3694,2026-08-20,0.009721148,-0.08311777,0.022951445,0.019679373,0.4235343
6240,2026-08-20,0.010158425,0.007305171,0.024512082,0.028101366,0.41440833
6910,2026-08-20,0.0070518567,-0.08266655,0.01702446,0.02064119,0.4141948
4938,2026-08-20,0.004631189,0.018190749,0.011332608,0.010276134,0.40862444
6592,2026-08-20,0.006434052,0.044131383,0.015759138,0.018519854,0.40824842
6914,2026-08-20,0.0047719586,-0.026616128,0.011798995,0.017209297,0.40440345
4552,2026-08-20,0.006760921,-0.003870082,0.016744548,0.018503996,0.40374437
6642,2026-08-20,0.007164409,-0.07437167,0.01802725,0.018129745,0.397399
3515,2026-08-20,0.003962626,-0.045489516,0.010254198,0.013296202,0.3864017
2732,2026-08-20,0.005394566,-0.03633415,0.014059903,0.014992489,0.38365713
6124,2026-08-20,0.005483845,0.019968797,0.014672396,0.01752842,0.37372702
1709,2026-08-20,0.006887739,-0.032436945,0.01878697,0.018508824,0.36660367
4503,2026-08-20,0.0068988265,-0.06456313,0.019052533,0.020103939,0.36207595
6751,2026-08-20,0.0054855915,-0.055516187,0.015263232,0.01761087,0.3593755
2065,2026-08-20,0.0043065343,-0.02901242,0.012467028,0.0128641175,0.3454062
6409,2026-08-20,0.004806792,0.04590531,0.013937178,0.014089601,0.34486514
2360,2026-08-20,0.005427271,0.008660718,0.016533721,0.01610219,0.32823482
2547,2026-08-20,0.0044557904,0.050258167,0.01390741,0.013320313,0.32036662
6486,2026-08-20,0.0054582553,-0.00014701883,0.017193919,0.01956167,0.3174342
5905,2026-08-20,0.0052715307,0.008120002,0.016640777,0.01842417,0.3167649
6214,2026-08-20,0.0062670056,-0.0062200804,0.019796107,0.020108111,0.31656167
5493,2026-08-20,0.0040994785,-0.07950888,0.013009422,0.018942777,0.31509188
6279,2026-08-20,0.0040904037,-0.058507126,0.013309749,0.015770856,0.30730078
4958,2026-08-20,0.0042859097,-0.097145386,0.013949813,0.017373627,0.30721575
6821,2026-08-20,0.0044475244,-0.09356597,0.01506412,0.018441634,0.29521996
3710,2026-08-20,0.0038576175,-0.014960426,0.013699781,0.015975345,0.28156185
9943,2026-08-20,0.0035773427,-0.041365243,0.012861348,0.013750126,0.27812517
2891,2026-08-20,0.0042107645,0.031685855,0.015431466,0.016218832,0.27285105
5210,2026-08-20,0.0037693286,-0.0016318093,0.013946704,0.014489,0.27024725
5007,2026-08-20,0.003341308,0.00077296223,0.0126553215,0.016726885,0.2640031
4979,2026-08-20,0.0065572835,-0.09555197,0.024981115,0.031242505,0.26247913
6725,2026-08-20,0.004068319,-0.119976655,0.015509782,0.013737462,0.26228973
2408,2026-08-20,0.0055041867,-0.08406552,0.021550909,0.028474286,0.25539207
1514,2026-08-20,0.0031260962,-0.040547088,0.012955696,0.013568048,0.24127263
5299,2026-08-20,0.004256458,-0.06817033,0.018255532,0.018847072,0.23314713
3645,2026-08-20,0.0032525868,-0.08356925,0.01421706,0.017004283,0.22876446
4161,2026-08-20,0.0041684303,-0.04220399,0.01826938,0.02091787,0.22815235
2729,2026-08-20,0.002976291,-0.06801445,0.014445273,0.012843979,0.20602484
1220,2026-08-20,0.002997994,0.016198575,0.014615937,0.014258258,0.20510411
2542,2026-08-20,0.0048398497,0.009283874,0.02504936,0.026490495,0.19320479
3390,2026-08-20,0.0034584051,-0.08363653,0.018485231,0.017429467,0.18708006
8201,2026-08-20,0.0028635724,-0.044080697,0.015552814,0.015837902,0.18410741
3583,2026-08-20,0.0027915982,-0.030468512,0.0153913675,0.017968405,0.1813625
6212,2026-08-20,0.004631988,-0.010484311,0.025678076,0.02419267,0.18037985
9917,2026-08-20,0.001534126,0.025729358,0.00857382,0.009288221,0.17891057
5310,2026-08-20,0.0031504591,-0.011555898,0.01861187,0.020465743,0.1692624
6552,2026-08-20,0.0029377823,-0.088332936,0.017574256,0.02252117,0.16715445
2478,2026-08-20,0.0060953223,-0.011412587,0.03827294,0.040715083,0.15925516
3551,2026-08-20,0.001424288,-0.106664374,0.010448514,0.016049117,0.13630185
2640,2026-08-20,0.0016418429,-0.06359383,0.013068427,0.014103182,0.1256247
4188,2026-08-20,0.001974542,-0.013257899,0.01573416,0.018060524,0.12548597
5455,2026-08-20,0.002263916,-0.021590512,0.01893652,0.024367668,0.119546585
6574,2026-08-20,0.0019319496,-0.102560826,0.01628888,0.016737992,0.11859815
4154,2026-08-20,0.001578226,-0.0076340814,0.013613892,0.01775843,0.1159191
2915,2026-08-20,0.0019340954,0.018493516,0.016720677,0.01298182,0.11566396
3035,2026-08-20,0.002449419,-0.01266234,0.021953383,0.028642377,0.111568555
4999,2026-08-20,0.0018796345,-0.08332896,0.017442308,0.022563858,0.10775676
3085,2026-08-20,0.0011026185,-0.029656235,0.0106548155,0.014673054,0.10347575
4543,2026-08-20,0.0014715935,-0.049687352,0.014587397,0.015114468,0.100874245
3048,2026-08-20,0.0017749032,-0.04552527,0.017848961,0.017832974,0.09943457
6584,2026-08-20,0.0015318007,-0.08384545,0.015707871,0.018696481,0.09751183
3036,2026-08-20,0.0020571228,-0.032876488,0.022064887,0.026847051,0.09322638
3276,2026-08-20,0.0015130716,0.026984531,0.016321046,0.016976738,0.09270109
5452,2026-08-20,0.0014055275,-0.059242528,0.015337515,0.016116269,0.09163387
2206,2026-08-20,0.0010280705,0.026943358,0.012619523,0.013687619,0.08146021
4106,2026-08-20,0.0007275854,-0.034653805,0.009426136,0.013961445,0.0771799
2945,2026-08-20,0.0012068159,-0.017446168,0.015681323,0.017366318,0.0769539
6874,2026-08-20,0.00074112654,-0.085600056,0.009683594,0.019788302,0.07652634
1558,2026-08-20,0.0009403787,-0.0404358,0.0129418755,0.017079093,0.07265609
2884,2026-08-20,0.0013889517,-0.012295962,0.020550817,0.019032065,0.06758291
3135,2026-08-20,0.0010042848,-0.17248103,0.02099855,0.02109642,0.04782411
4162,2026-08-20,0.0008717413,0.04418282,0.01848859,0.023229342,0.04714768
2481,2026-08-20,0.00080118835,-0.12564383,0.018174363,0.022241661,0.04408101
2504,2026-08-20,0.0006533614,-0.022163041,0.015456266,0.01609461,0.042268883
3545,2026-08-20,0.0007383373,-0.04441691,0.021670265,0.021905305,0.034069873
4114,2026-08-20,0.0003064096,-0.0008245954,0.009580645,0.015399405,0.031978812
2704,2026-08-20,0.0003322707,0.045276657,0.011393521,0.008754138,0.029160567
6534,2026-08-20,0.00037079924,-0.018425498,0.013781862,0.0142456265,0.02690292
1752,2026-08-20,-2.2123256e-06,-0.02011479,0.015881015,0.015472551,-0.00013929754
6776,2026-08-20,-5.101754e-05,-0.0314713,0.013551251,0.014133267,-0.0037645067
7744,2026-08-20,-0.00012246457,-0.09209996,0.016096067,0.01963137,-0.007607881
3530,2026-08-20,-0.00023432622,-0.060433865,0.018711602,0.019955523,-0.012522374
1232,2026-08-20,-0.0003189765,0.027321843,0.015258934,0.017264877,-0.020902874
5604,2026-08-20,-0.00056397164,-0.0043578977,0.019266006,0.021549826,-0.02927137
6924,2026-08-20,-0.00063731323,-0.038774207,0.018761115,0.021051569,-0.03396809
2947,2026-08-20,-0.000357966,-0.043743365,0.0102912355,0.01569421,-0.034780197
6451,2026-08-20,-0.0018573888,0.07009171,0.051906716,0.07484375,-0.03578252
3003,2026-08-20,-0.0005731059,-0.0015636816,0.013560385,0.013623069,-0.042260125
2916,2026-08-20,-0.0006571497,-0.05953173,0.014439382,0.014450137,-0.045507777
1795,2026-08-20,-0.00086259085,-0.012472963,0.01860742,0.0210137,-0.046354864
3527,2026-08-20,-0.0007452743,-0.060284216,0.015915373,0.0211496,-0.046824377
1617,2026-08-20,-0.000999325,0.039269764,0.020512613,0.02338795,-0.04871521
6799,2026-08-20,-0.00086940435,-0.08207401,0.01596546,0.019152652,-0.054451916
8415,2026-08-20,-0.0006863261,0.02225067,0.012042874,0.01188836,-0.056985497
9949,2026-08-20,-0.00087670964,-0.08579636,0.0123882,0.016004086,-0.07076403
4950,2026-08-20,-0.0011116547,-0.022192977,0.01285692,0.011672821,-0.0864568
1707,2026-08-20,-0.0013499034,-0.062145527,0.015045096,0.015781539,-0.08971785
4120,2026-08-20,-0.0015323388,-0.04893922,0.01521324,0.017568115,-0.1007174
1215,2026-08-20,-0.0018360665,-0.031745374,0.014272813,0.014957656,-0.12863182
8358,2026-08-20,-0.004047911,-0.08389199,0.031091953,0.027398683,-0.1301874
2883,2026-08-20,-0.0021350926,0.012699823,0.016155573,0.022728689,-0.1321501
6767,2026-08-20,-0.0015858106,-0.027128732,0.01159367,0.016694147,-0.13677065
2313,2026-08-20,-0.002762345,-0.030425688,0.019625872,0.02184019,-0.140743
1597,2026-08-20,-0.0026221352,-0.0829321,0.01797728,0.022892911,-0.14585017
3443,2026-08-20,-0.0020416188,-0.0038099815,0.013822082,0.012823406,-0.14769635
4572,2026-08-20,-0.0018000955,-0.045929328,0.011702488,0.016460992,-0.15380846
7828,2026-08-20,-0.0026430732,-0.04847584,0.016695661,0.01798917,-0.1582995
1714,2026-08-20,-0.0045673572,-0.032708887,0.025795983,0.027395735,-0.17705005
8163,2026-08-20,-0.002720748,-0.0022075241,0.0140574975,0.012384205,-0.1935305
3083,2026-08-20,-0.0026887828,-0.061316792,0.013639985,0.018361736,-0.19711061
1906,2026-08-20,-0.0032596882,0.032957476,0.016317967,0.014572815,-0.19974843
5386,2026-08-20,-0.01014134,-0.24003986,0.048521183,0.05354867,-0.20900421
4306,2026-08-20,-0.0028717287,0.012917772,0.013630861,0.01448993,-0.21066299
6259,2026-08-20,-0.0032469218,-0.020040782,0.015343185,0.013181119,-0.21160601
5212,2026-08-20,-0.0033307977,-0.082428314,0.015539302,0.020301964,-0.21433288
6290,2026-08-20,-0.0040880637,-0.06323937,0.018449403,0.021047344,-0.22157042
3597,2026-08-20,-0.0028543922,-0.028275143,0.012782451,0.015127794,-0.22328807
6856,2026-08-20,-0.0038220098,-0.07138797,0.016958479,0.024874741,-0.22536127
4744,2026-08-20,-0.0034734602,-0.045038942,0.015342831,0.015310781,-0.22637503
5706,2026-08-20,-0.0037180786,-0.059773743,0.015355092,0.015913261,-0.24212402
3306,2026-08-20,-0.003548704,-0.07499386,0.014381336,0.02161626,-0.24674045
1540,2026-08-20,-0.0046253693,-0.057031665,0.01733504,0.020096628,-0.26680654
6160,2026-08-20,-0.005312419,0.01626051,0.018810686,0.019903617,-0.28239995
6721,2026-08-20,-0.0045465855,-0.05155236,0.015686406,0.014968545,-0.28982392
2740,2026-08-20,-0.0033334787,-0.07070546,0.011239024,0.012088042,-0.2965722
2596,2026-08-20,-0.00601681,-0.021373676,0.019851677,0.020192657,-0.30307296
6456,2026-08-20,-0.0052767457,-0.07145591,0.017014684,0.020376667,-0.3101107
7769,2026-08-20,-0.0036828816,-0.03161136,0.011614884,0.011759668,-0.31705564
3360,2026-08-20,-0.004903109,-0.037520822,0.014797943,0.014439824,-0.3313148
2204,2026-08-20,-0.0045526614,0.019498467,0.0133823585,0.014658797,-0.3401733
8042,2026-08-20,-0.012322093,-0.05602727,0.035436902,0.041813247,-0.34770948
8342,2026-08-20,-0.004070252,-0.038122706,0.011602227,0.016041225,-0.35078624
8261,2026-08-20,-0.010005768,-0.09063516,0.028475149,0.035039004,-0.35137364
8477,2026-08-20,-0.004008485,-0.026631052,0.011391293,0.0148535175,-0.35185936
1590,2026-08-20,-0.0045988658,-0.00020490531,0.0129954945,0.011654278,-0.35385433
5903,2026-08-20,-0.005007416,0.01699876,0.013755964,0.015505469,-0.36399135
1531,2026-08-20,-0.0064629647,-0.05412524,0.016601624,0.020443683,-0.38927367
1570,2026-08-20,-0.0053912387,-0.08065734,0.013776327,0.014834798,-0.3913124
8289,2026-08-20,-0.0057518766,-0.10999005,0.014236448,0.018915255,-0.40399632
9933,2026-08-20,-0.0063929944,0.01818753,0.015449756,0.016659457,-0.4137658
4767,2026-08-20,-0.006428805,-0.055592265,0.015259876,0.017559119,-0.42126057
8367,2026-08-20,-0.006625071,-0.04310532,0.01561463,0.01794458,-0.42425898
6129,2026-08-20,-0.0055663437,-0.0049181664,0.012930822,0.012160449,-0.4304377
8070,2026-08-20,-0.006820591,0.0014715344,0.01576196,0.018872248,-0.43269736
3693,2026-08-20,-0.007944757,-0.08307686,0.01820103,0.023288209,-0.4364764
2762,2026-08-20,-0.007478063,0.015554732,0.017099602,0.018280337,-0.4372982
8080,2026-08-20,-0.007642917,0.03479183,0.016635766,0.018180152,-0.4593992
6257,2026-08-20,-0.007677995,-0.049569312,0.016526405,0.017864969,-0.46456143
7738,2026-08-20,-0.004644701,-0.08747447,0.00982375,0.009099116,-0.4727551
3567,2026-08-20,-0.008582621,-0.10645088,0.017571332,0.018960264,-0.48841673
3363,2026-08-20,-0.018849395,-0.15030196,0.037363198,0.045787558,-0.5044775
4977,2026-08-20,-0.012594985,-0.09258134,0.0248186,0.02525907,-0.50746125
7821,2026-08-20,-0.008145061,-0.06918418,0.015776848,0.019051734,-0.516234
8409,2026-08-20,-0.0075701457,-0.028977219,0.0145761855,0.014077883,-0.51931465
3287,2026-08-20,-0.008425323,-0.04483429,0.01621139,0.018572038,-0.5196842
2419,2026-08-20,-0.008223864,-0.06789036,0.01574645,0.014933495,-0.5222347
6169,2026-08-20,-0.0082127135,-0.11896118,0.015648775,0.019121125,-0.5247816
4528,2026-08-20,-0.0080995,-0.08908018,0.015070398,0.02227088,-0.53740865
4542,2026-08-20,-0.0122576095,-0.0935681,0.022683116,0.026422746,-0.5403609
8940,2026-08-20,-0.0068784677,-0.08366729,0.012367588,0.014255516,-0.5561239
3268,2026-08-20,-0.0077272486,-0.050302267,0.013819973,0.014772394,-0.55909586
8102,2026-08-20,-0.010379576,-0.021603815,0.01843208,0.021504985,-0.56309503
5276,2026-08-20,-0.009715829,-0.022513775,0.016980367,0.018039027,-0.5721465
4551,2026-08-20,-0.01128489,-0.07091288,0.019584237,0.020706013,-0.5761937
6208,2026-08-20,-0.008687574,-0.119246505,0.014897605,0.014251914,-0.58311325
2347,2026-08-20,-0.007923258,-0.024896583,0.013174908,0.01444969,-0.6013443
5223,2026-08-20,-0.010511807,-0.046684913,0.017198179,0.020220963,-0.6111807
6244,2026-08-20,-0.013009608,-0.09912467,0.021138487,0.03056284,-0.61541736
8279,2026-08-20,-0.0075871586,-0.068674356,0.012325492,0.01061232,-0.6155164
1604,2026-08-20,-0.010159233,-0.04673293,0.016435066,0.021544732,-0.61810607
2734,2026-08-20,-0.009896537,-0.04886031,0.015770378,0.01621034,-0.6274999
5302,2026-08-20,-0.010660271,-0.01765883,0.016857687,0.015545702,-0.632331
1453,2026-08-20,-0.009465167,-0.043499116,0.014907132,0.016709145,-0.6348996
3231,2026-08-20,-0.011000472,-0.069508724,0.017084582,0.01922225,-0.6438453
3605,2026-08-20,-0.009662034,0.0016132847,0.015000163,0.017015671,-0.64408565
6278,2026-08-20,-0.01438512,-0.027001066,0.021979835,0.023239058,-0.6544392
4806,2026-08-20,-0.010357303,0.007869541,0.015816955,0.02127316,-0.6547814
2438,2026-08-20,-0.0087337345,-0.084947065,0.013314135,0.015083232,-0.65592533
8107,2026-08-20,-0.009995656,-0.068200715,0.0151739335,0.016411262,-0.6586952
2301,2026-08-20,-0.0058789183,-0.06625322,0.0087589845,0.011811051,-0.6711106
6194,2026-08-20,-0.009714433,-0.1026891,0.014360975,0.020788189,-0.6763995
6155,2026-08-20,-0.016517779,-0.0731782,0.0243434,0.029931292,-0.6785043
4513,2026-08-20,-0.018653642,-0.07272377,0.027458133,0.030528156,-0.6793238
2836,2026-08-20,-0.010156375,0.033395864,0.014837173,0.011999024,-0.68447614
3311,2026-08-20,-0.0075875167,-0.080604225,0.010946889,0.014297849,-0.6930575
8182,2026-08-20,-0.013891762,-0.06674765,0.019734079,0.017257443,-0.70391214
5284,2026-08-20,-0.016486531,-0.09317932,0.023189016,0.02527714,-0.7109323
9910,2026-08-20,-0.007751916,0.013199669,0.010821249,0.013854128,-0.71629435
4971,2026-08-20,-0.013698597,-0.13347289,0.019020675,0.025061382,-0.72015727
8401,2026-08-20,-0.011217699,-0.075015806,0.015567372,0.016375866,-0.72054416
5324,2026-08-20,-0.009513625,0.03436417,0.013062209,0.013855953,-0.72827625
6461,2026-08-20,-0.009120868,-0.03133104,0.012399752,0.01300105,-0.7355092
9931,2026-08-20,-0.012539188,-0.0121902805,0.017022626,0.016587347,-0.7365756
4942,2026-08-20,-0.010644211,-0.025279665,0.0140587855,0.015718142,-0.7570678
1104,2026-08-20,-0.0121898195,0.013181028,0.015880885,0.018836003,-0.7675298
2401,2026-08-20,-0.010859908,-0.035305146,0.01401035,0.017785618,-0.7750793
2643,2026-08-20,-0.011963207,-0.034241915,0.01541565,0.01731962,-0.77599263
8076,2026-08-20,-0.012322092,-0.06844934,0.015818663,0.018334078,-0.7789099
4108,2026-08-20,-0.009613623,-0.05297452,0.012193692,0.015008689,-0.78834486
2382,2026-08-20,-0.014556613,-0.06487383,0.018394144,0.019578874,-0.7913291
4576,2026-08-20,-0.01572695,-0.063169345,0.019847013,0.019628605,-0.792369
1341,2026-08-20,-0.009112802,-0.017494725,0.0114231855,0.011475585,-0.7976763
6925,2026-08-20,-0.013590154,-0.13235195,0.017027255,0.01649352,-0.79809433
3479,2026-08-20,-0.015407008,-0.06719871,0.019155666,0.017111782,-0.80426353
5522,2026-08-20,-0.011777585,-0.017263887,0.014530674,0.017836658,-0.81047684
6715,2026-08-20,-0.017056948,-0.09854771,0.021023842,0.026184104,-0.8112759
8039,2026-08-20,-0.014245299,-0.06253353,0.017555745,0.01939935,-0.81138605
1457,2026-08-20,-0.013934863,-0.025899248,0.016924188,0.018287528,-0.82332104
2926,2026-08-20,-0.010300135,-0.06676654,0.012424225,0.017325599,-0.8289697
3015,2026-08-20,-0.011387665,-0.00927921,0.013702086,0.01217,-0.8310292
9937,2026-08-20,-0.017472489,0.020740222,0.020832796,0.019558823,-0.83866084
2745,2026-08-20,-0.010138323,-0.08157509,0.012038982,0.01554533,-0.84205467
3046,2026-08-20,-0.01153259,-0.07710517,0.013278109,0.015858367,-0.86847615
2397,2026-08-20,-0.01257838,-0.03947878,0.014448156,0.015638407,-0.87052697
3189,2026-08-20,-0.012222578,-0.081913866,0.014030584,0.015874267,-0.8710761
6902,2026-08-20,-0.013958452,-0.08448367,0.015947044,0.016651819,-0.8752454
6612,2026-08-20,-0.012985449,-0.036050797,0.014747145,0.014142827,-0.8804802
1527,2026-08-20,-0.011288098,-0.01358311,0.01281801,0.0141331265,-0.8805749
2471,2026-08-20,-0.010811385,-0.08750469,0.012182347,0.018688139,-0.8873904
3324,2026-08-20,-0.0137493145,-0.05185187,0.015313357,0.018024076,-0.8978055
3704,2026-08-20,-0.015306643,-0.03722833,0.016950274,0.01762434,-0.9029789
9802,2026-08-20,-0.025784237,-0.0010389717,0.0282976,0.029554881,-0.9111489
6126,2026-08-20,-0.013141986,-0.09839127,0.014299115,0.01660825,-0.9190126
8240,2026-08-20,-0.018794678,-0.076896444,0.02043783,0.021603748,-0.91955745
7740,2026-08-20,-0.03479848,-0.043943875,0.037806515,0.03348969,-0.92041177
3038,2026-08-20,-0.013852017,-0.041039925,0.01482944,0.01660827,-0.934026
5371,2026-08-20,-0.03129696,-0.048453808,0.033485662,0.036270697,-0.9346098
4167,2026-08-20,-0.013289622,-0.047724206,0.014136714,0.01723342,-0.9400121
6142,2026-08-20,-0.014276928,0.016187549,0.015167041,0.013239595,-0.9412506
6904,2026-08-20,-0.01290674,-0.0578997,0.013448919,0.016111529,-0.9596147
1612,2026-08-20,-0.014678845,-0.046685968,0.0152664855,0.016679754,-0.96144485
6838,2026-08-20,-0.023160862,-0.002869709,0.023875747,0.022067593,-0.9700175
3260,2026-08-20,-0.020209571,-0.16761573,0.020832524,0.023439504,-0.9700506
1506,2026-08-20,-0.013618843,0.009109618,0.014035367,0.013895605,-0.97025406
2464,2026-08-20,-0.023270557,-0.036951944,0.023879219,0.025063384,-0.97446996
2432,2026-08-20,-0.012160508,-0.058193434,0.012463579,0.013474058,-0.9756052
6245,2026-08-20,-0.013126614,-0.07384536,0.013386796,0.015546158,-0.980491
3310,2026-08-20,-0.011297742,-0.03568368,0.011449932,0.012838878,-0.98662204
4706,2026-08-20,-0.014548517,-0.01555669,0.014704745,0.0156799,-0.98930836
5902,2026-08-20,-0.01435856,-0.060384694,0.014351837,0.021853156,-1.0003986
6697,2026-08-20,-0.019001782,-0.09497558,0.018898848,0.022690868,-1.0053934
9935,2026-08-20,-0.012588748,-0.02504787,0.012295673,0.014320488,-1.0237523
8450,2026-08-20,-0.014915824,-0.09054534,0.0145281935,0.015931118,-1.0266106
1303,2026-08-20,-0.016266013,-0.0984509,0.015621448,0.018923014,-1.0411948
5314,2026-08-20,-0.037704345,-0.18282896,0.03571294,0.0435097,-1.055732
6916,2026-08-20,-0.013164983,0.007037192,0.0124353785,0.012583439,-1.0585866
3052,2026-08-20,-0.018722061,-0.041915365,0.017457966,0.017207678,-1.0723464
5523,2026-08-20,-0.022686584,-0.030571293,0.021069005,0.024077052,-1.0767242
4168,2026-08-20,-0.012963311,-0.018293316,0.011863199,0.016724696,-1.092641
4401,2026-08-20,-0.014787147,-0.03418815,0.013529158,0.016137697,-1.0929027
9921,2026-08-20,-0.03404502,-0.034931596,0.031149758,0.03352117,-1.0929114
1626,2026-08-20,-0.014688599,-0.022949582,0.013343433,0.017216641,-1.1007286
2515,2026-08-20,-0.021348244,-0.047783654,0.019364996,0.022244498,-1.1023571
1437,2026-08-20,-0.014583142,-0.007645955,0.0130971,0.014260558,-1.1133784
4720,2026-08-20,-0.022346335,-0.10636416,0.019863898,0.019426515,-1.1249156
6732,2026-08-20,-0.018775174,-0.14584427,0.016350297,0.01735827,-1.1482376
2855,2026-08-20,-0.046190705,-0.055231653,0.039486993,0.048087522,-1.1697406
8935,2026-08-20,-0.014146994,-0.026804738,0.012054091,0.012877292,-1.1735286
8092,2026-08-20,-0.019586917,-0.07992528,0.016629867,0.018348802,-1.1777447
3518,2026-08-20,-0.02092824,-0.11711732,0.01767936,0.017385729,-1.1836998
2010,2026-08-20,-0.019568542,-0.03561318,0.01652489,0.018825607,-1.1841142
4406,2026-08-20,-0.018496972,-0.02978688,0.015502645,0.018329818,-1.1930724
3481,2026-08-20,-0.021396378,-0.09613023,0.017869154,0.021108028,-1.1973248
3162,2026-08-20,-0.01984495,-0.08910718,0.016235812,0.01931429,-1.2222196
6929,2026-08-20,-0.026214313,-0.05462118,0.021024369,0.021821767,-1.2467945
1323,2026-08-20,-0.017539466,-0.04614137,0.014059806,0.015733797,-1.2474011
3019,2026-08-20,-0.020144429,-0.080441885,0.015897358,0.0158305,-1.267076
2439,2026-08-20,-0.019779654,-0.038823083,0.015550092,0.016521694,-1.2719141
2465,2026-08-20,-0.053933404,-0.07511274,0.042281754,0.03951681,-1.2755414
6207,2026-08-20,-0.041771427,-0.15567796,0.032716256,0.044931002,-1.27674
7782,2026-08-20,-0.020268511,-0.13107681,0.015858887,0.019345818,-1.2779732
6506,2026-08-20,-0.016967911,-0.033199403,0.013129654,0.015607407,-1.2922366
4991,2026-08-20,-0.054710906,-0.27053386,0.041810248,0.045901813,-1.3085213
6899,2026-08-20,-0.023654573,-0.099554904,0.017991953,0.02037618,-1.3146576
6918,2026-08-20,-0.016098628,-0.060460687,0.012173506,0.013564602,-1.3223228
3219,2026-08-20,-0.022056092,-0.15334724,0.016595254,0.015321365,-1.3289801
4173,2026-08-20,-0.016661823,-0.06214327,0.012521308,0.018810939,-1.3305712
3632,2026-08-20,-0.02176428,-0.13423763,0.016218437,0.01735023,-1.3418641
8046,2026-08-20,-0.028602961,-0.10486623,0.021200323,0.022865025,-1.349112
2467,2026-08-20,-0.024910726,-0.05501225,0.018401036,0.01822169,-1.353694
5340,2026-08-20,-0.031117093,-0.12767404,0.022831485,0.032780644,-1.362843
5489,2026-08-20,-0.017079806,-0.020285739,0.01244688,0.013515645,-1.3721056
1535,2026-08-20,-0.021714937,-0.04599015,0.015322074,0.01568657,-1.4171396
2015,2026-08-20,-0.01801432,0.019874616,0.01270966,0.016680581,-1.4172606
1565,2026-08-20,-0.020888416,-0.116203435,0.014625999,0.017952705,-1.4280726
5490,2026-08-20,-0.027944548,-0.056088928,0.019561402,0.021908661,-1.4284824
3653,2026-08-20,-0.01661315,-0.0063054566,0.011587614,0.012657589,-1.4335752
6887,2026-08-20,-0.026787302,-0.021801496,0.018666318,0.016911682,-1.434984
4532,2026-08-20,-0.020977978,-0.03823378,0.014587393,0.014764461,-1.4379909
4195,2026-08-20,-0.0219892,-0.088047616,0.015150299,0.014469694,-1.4513079
5269,2026-08-20,-0.022473538,-0.09405036,0.0153353475,0.017683787,-1.4653774
2233,2026-08-20,-0.026365101,-0.12683468,0.017931113,0.021804616,-1.470273
4545,2026-08-20,-0.014031902,0.014283983,0.009520257,0.010553132,-1.4737446
2211,2026-08-20,-0.017245507,-0.029452732,0.01168217,0.01350832,-1.4760982
2049,2026-08-20,-0.028340347,-0.015475442,0.019096518,0.015172904,-1.4839807
3236,2026-08-20,-0.03773228,-0.07028999,0.02542168,0.028486304,-1.4841975
2357,2026-08-20,-0.018855141,-0.04573009,0.012689075,0.01666274,-1.4858179
3229,2026-08-20,-0.026950995,-0.045875803,0.018113354,0.021683412,-1.4878253
6222,2026-08-20,-0.02991807,-0.04281666,0.019836016,0.02540457,-1.5081941
6158,2026-08-20,-0.022898488,-0.05875073,0.015077568,0.014868331,-1.5186116
2340,2026-08-20,-0.025696635,-0.07251776,0.016813025,0.015217127,-1.5282857
6196,2026-08-20,-0.0220896,-0.03935404,0.014364783,0.01827795,-1.5376538
4951,2026-08-20,-0.025395326,-0.14643621,0.016296716,0.016714863,-1.5582137
6449,2026-08-20,-0.027708614,-0.09854715,0.01749363,0.020848077,-1.5838354
5514,2026-08-20,-0.032185726,-0.0518561,0.020261386,0.021918677,-1.588447
3178,2026-08-20,-0.023658453,-0.09929465,0.014874376,0.018116832,-1.590444
1210,2026-08-20,-0.019733902,-0.025400698,0.012373934,0.014879393,-1.5946673
4735,2026-08-20,-0.020540029,-0.017172525,0.012750997,0.01607461,-1.6107303
8936,2026-08-20,-0.021379586,-0.061819084,0.013263825,0.015022002,-1.6117502
3406,2026-08-20,-0.028035957,-0.11093051,0.017304456,0.022771923,-1.6200646
7822,2026-08-20,-0.024678892,-0.12274281,0.015216218,0.018125996,-1.6217742
2724,2026-08-20,-0.039435085,-0.061980266,0.02426848,0.026451927,-1.6248838
3094,2026-08-20,-0.029380593,-0.09549925,0.018031055,0.017161136,-1.6293535
3265,2026-08-20,-0.031850815,-0.10536113,0.019529343,0.019890176,-1.6308374
9918,2026-08-20,-0.030130902,-0.016216474,0.0183757,0.021817708,-1.6396252
2455,2026-08-20,-0.03183218,-0.10961952,0.019316157,0.026857223,-1.6478709
5206,2026-08-20,-0.02831595,-0.066321254,0.017082894,0.014452172,-1.6574646
5312,2026-08-20,-0.02030862,-0.076481566,0.012245441,0.016858863,-1.6583283
5508,2026-08-20,-0.022158865,-0.018111885,0.0133317625,0.014508118,-1.661986
2834,2026-08-20,-0.027817003,-0.032253798,0.016725073,0.01925027,-1.6630924
3703,2026-08-20,-0.025281692,0.001741939,0.015103237,0.015176858,-1.6738145
2436,2026-08-20,-0.052480236,-0.11225693,0.031219479,0.03380035,-1.6809555
6672,2026-08-20,-0.038209207,-0.07025962,0.022686616,0.02406157,-1.6841438
2027,2026-08-20,-0.0215742,-0.0034515597,0.012732807,0.018331494,-1.6942458
7791,2026-08-20,-0.024868451,-0.072563216,0.014661877,0.019373588,-1.6960144
2425,2026-08-20,-0.03579415,0.005989105,0.020942433,0.02694812,-1.709087
5438,2026-08-20,-0.019090582,-0.015170544,0.011165875,0.013272788,-1.7095724
7712,2026-08-20,-0.032671597,-0.120673016,0.019034306,0.022966074,-1.7163683
8109,2026-08-20,-0.01660181,-0.064522356,0.009658047,0.015869703,-1.7187834
7721,2026-08-20,-0.027777402,-0.11249833,0.016118921,0.018752152,-1.7231723
6470,2026-08-20,-0.024893884,-0.086847976,0.014421157,0.018169539,-1.726086
6719,2026-08-20,-0.023457548,-0.12658915,0.013550093,0.015841922,-1.7310447
6971,2026-08-20,-0.027589163,-0.09549861,0.015901491,0.017384866,-1.7348956
8104,2026-08-20,-0.029562788,-0.051254433,0.017005691,0.018418923,-1.7383033
7750,2026-08-20,-0.021003803,-0.07967297,0.012078066,0.010757025,-1.7388598
6179,2026-08-20,-0.04938378,-0.07457052,0.028307762,0.022233535,-1.7444699
1324,2026-08-20,-0.022116132,-0.081801206,0.01263527,0.014805263,-1.7502104
1459,2026-08-20,-0.022290163,-0.05223662,0.0125466455,0.014634479,-1.7764418
6113,2026-08-20,-0.02364229,-0.0904167,0.013304399,0.012021496,-1.7768945
3037,2026-08-20,-0.032750733,-0.053121686,0.018304627,0.015236759,-1.7891073
5347,2026-08-20,-0.043179173,-0.1194181,0.024081405,0.028617729,-1.7929759
6248,2026-08-20,-0.024937324,-0.04034561,0.0138976015,0.017849213,-1.7942326
6016,2026-08-20,-0.03690408,-0.042867016,0.020530598,0.023558427,-1.7974286
2020,2026-08-20,-0.031251512,-0.0581345,0.017199045,0.017533315,-1.8169436
1442,2026-08-20,-0.027782405,-0.007116485,0.015258871,0.017522942,-1.8206185
6414,2026-08-20,-0.025206035,-0.074915774,0.013795165,0.019646935,-1.827032
2548,2026-08-20,-0.04134939,-0.0784731,0.02252212,0.026963044,-1.8358642
4741,2026-08-20,-0.034030907,-0.14015283,0.018528504,0.019128492,-1.8365794
2387,2026-08-20,-0.026614537,-0.06273628,0.01447386,0.015402007,-1.8386731
2608,2026-08-20,-0.021261731,-0.007383293,0.0115600275,0.018375438,-1.8390867
6692,2026-08-20,-0.028593779,-0.09772841,0.015442673,0.019854011,-1.8514882
9934,2026-08-20,-0.0331184,-0.02777201,0.01784644,0.016974265,-1.8556386
8033,2026-08-20,-0.10618103,-0.13382336,0.056974754,0.05374148,-1.8636179
2453,2026-08-20,-0.028530918,-0.09356835,0.015274563,0.016098933,-1.867749
6790,2026-08-20,-0.03497534,-0.008122821,0.018610023,0.014566134,-1.8792808
8183,2026-08-20,-0.029935949,-0.0790207,0.015914239,0.01724758,-1.8809613
4736,2026-08-20,-0.023798589,-0.030099181,0.012648783,0.013281427,-1.8813436
2399,2026-08-20,-0.04076932,-0.07309164,0.02164423,0.023505753,-1.8835245
4155,2026-08-20,-0.022794299,-0.030669037,0.012092176,0.013968155,-1.8848894
3325,2026-08-20,-0.029460546,-0.055735845,0.015559143,0.014817699,-1.8933338
5344,2026-08-20,-0.042902626,-0.11684278,0.022486182,0.02110576,-1.9078703
8027,2026-08-20,-0.035007227,-0.15435569,0.018340224,0.034409184,-1.9086635
6662,2026-08-20,-0.030001868,-0.10822198,0.015680278,0.019488119,-1.9132285
6438,2026-08-20,-0.026684795,-0.14832436,0.013907565,0.015999626,-1.9185872
3167,2026-08-20,-0.034178045,-0.123406045,0.017758982,0.025115829,-1.9244413
8096,2026-08-20,-0.043140765,-0.11775346,0.022330957,0.024332877,-1.9317951
5864,2026-08-20,-0.051315796,-0.10502141,0.026368745,0.024385497,-1.9460104
4569,2026-08-20,-0.034495674,-0.08052637,0.017720588,0.018204072,-1.946534
3054,2026-08-20,-0.05666344,-0.12310742,0.02909241,0.030906467,-1.9476383
1432,2026-08-20,-0.030054076,-0.10694405,0.015393443,0.017479142,-1.9522678
2034,2026-08-20,-0.035754256,-0.046606224,0.018244367,0.021451535,-1.9596348
4178,2026-08-20,-0.029735273,-0.001667175,0.015166984,0.015607536,-1.9603971
6226,2026-08-20,-0.052296467,-0.11021102,0.026621895,0.031735085,-1.9643419
5203,2026-08-20,-0.025936488,-0.1217853,0.013171016,0.015907697,-1.9690598
3188,2026-08-20,-0.036559146,-0.060660888,0.018505627,0.019942896,-1.9754623
6180,2026-08-20,-0.031951234,-0.030982018,0.016113097,0.013483062,-1.9828125
6834,2026-08-20,-0.03819209,-0.0778557,0.019224675,0.024734365,-1.9865148
6614,2026-08-20,-0.03279441,-0.08316088,0.016506867,0.018393265,-1.9865927
6955,2026-08-20,-0.018469712,-0.11368127,0.009166535,0.012072241,-2.0146868
4581,2026-08-20,-0.028151277,-0.058047056,0.013924861,0.01709015,-2.0215106
1460,2026-08-20,-0.020552345,-0.005939042,0.010121604,0.013256018,-2.0303416
1217,2026-08-20,-0.026773864,-0.029800389,0.0131513,0.016009716,-2.035679
6730,2026-08-20,-0.029564261,-0.061335616,0.014515106,0.016462054,-2.0366523
6112,2026-08-20,-0.0391915,-0.08696812,0.019187376,0.015844367,-2.0424604
2002,2026-08-20,-0.028737823,-0.03737211,0.014066318,0.013836838,-2.0428786
4541,2026-08-20,-0.0597473,-0.129883,0.029100565,0.026191093,-2.0530615
2539,2026-08-20,-0.031032601,-0.04904368,0.015107336,0.014710707,-2.0540051
8048,2026-08-20,-0.05149642,-0.15834658,0.025057111,0.03152815,-2.05508
6188,2026-08-20,-0.027790051,-0.05620413,0.013514165,0.0154539915,-2.0562124
2911,2026-08-20,-0.030033238,-0.09365079,0.014525674,0.015320509,-2.0674546
8272,2026-08-20,-0.035471994,-0.115135044,0.017130328,0.020354029,-2.0705922
9940,2026-08-20,-0.027517494,0.009964051,0.013216947,0.014336964,-2.081828
6117,2026-08-20,-0.03165805,-0.14989264,0.015153687,0.020708552,-2.0889938
6830,2026-08-20,-0.081521876,-0.16117553,0.03901614,0.048343897,-2.0893865
6512,2026-08-20,-0.025701575,-0.09959657,0.012271891,0.01319267,-2.0941744
2415,2026-08-20,-0.029666426,0.0031887451,0.01409967,0.016195925,-2.1039019
6024,2026-08-20,-0.037994497,-0.0009922758,0.01798798,0.01792551,-2.1120985
6185,2026-08-20,-0.033428445,-0.08688727,0.015823292,0.017054938,-2.1124766
5013,2026-08-20,-0.028885571,-0.055821583,0.013632054,0.017279549,-2.1187894
3078,2026-08-20,-0.03544053,-0.115301415,0.016712103,0.021304034,-2.1205237
1307,2026-08-20,-0.030290361,-0.056670092,0.014197095,0.015648052,-2.1334102
4416,2026-08-20,-0.052163173,-0.058870625,0.024446158,0.027021267,-2.133711
2906,2026-08-20,-0.032182384,-0.05005703,0.015079613,0.01636343,-2.1340237
2332,2026-08-20,-0.046568297,-0.11266832,0.021703122,0.024944345,-2.1455967
2450,2026-08-20,-0.026191277,-0.049214315,0.012156646,0.015314589,-2.154305
3484,2026-08-20,-0.03367766,-0.05223613,0.015602797,0.013053936,-2.158299
2344,2026-08-20,-0.035302833,-0.11272799,0.016258724,0.019096224,-2.1711826
8499,2026-08-20,-0.046744462,-0.1046016,0.021492552,0.026120886,-2.1748133
6292,2026-08-20,-0.027930947,-0.06225824,0.012841682,0.015940772,-2.174853
4972,2026-08-20,-0.029111529,-0.101243846,0.013369632,0.0152311735,-2.177274
6666,2026-08-20,-0.048450824,-0.05023311,0.022212397,0.024494313,-2.1811533
3338,2026-08-20,-0.04583447,-0.11194597,0.020998565,0.02087664,-2.182639
2008,2026-08-20,-0.030893581,0.0027951633,0.01407453,0.010322627,-2.194843
1446,2026-08-20,-0.036527995,-0.06333159,0.016546663,0.017097155,-2.2074413
2374,2026-08-20,-0.03780736,-0.07459151,0.017115746,0.016109439,-2.2087936
0053,2026-08-20,-0.040634666,-0.13926245,0.01819559,0.020301094,-2.2330923
8088,2026-08-20,-0.04799976,-0.1710761,0.021485282,0.025493383,-2.2339723
1720,2026-08-20,-0.022216609,-0.012175264,0.009859701,0.010120233,-2.2530456
1907,2026-08-20,-0.04151787,-0.022537565,0.018374974,0.019932823,-2.259356
3516,2026-08-20,-0.030371308,-0.018052416,0.013437045,0.013733173,-2.2600987
2324,2026-08-20,-0.03500953,-0.064469695,0.015443561,0.021141406,-2.266787
4439,2026-08-20,-0.032738652,-0.028272664,0.014426675,0.013860543,-2.2691565
6901,2026-08-20,-0.052241936,-0.099626176,0.022934537,0.028395077,-2.2777724
1735,2026-08-20,-0.04396322,-0.12893768,0.019234212,0.01899326,-2.2855594
7810,2026-08-20,-0.025909284,-0.16593197,0.011318743,0.01904176,-2.288858
6198,2026-08-20,-0.0531884,-0.042537738,0.023175312,0.019799713,-2.2949467
5488,2026-08-20,-0.04142225,-0.04959921,0.018038847,0.017864922,-2.296153
6156,2026-08-20,-0.04362405,-0.01789466,0.018978039,0.020625433,-2.2985384
1762,2026-08-20,-0.039723713,-0.11743069,0.017244827,0.018000893,-2.3033812
3041,2026-08-20,-0.043425392,-0.122225314,0.018744983,0.024087928,-2.316517
9906,2026-08-20,-0.038599405,-0.05251894,0.01662848,0.018020066,-2.3211434
6419,2026-08-20,-0.05904502,-0.19069627,0.025407754,0.028846117,-2.3238063
2751,2026-08-20,-0.037104387,-0.113841265,0.015945079,0.02591136,-2.326866
6763,2026-08-20,-0.03772502,-0.0892729,0.016185045,0.018850904,-2.3307126
6944,2026-08-20,-0.034508757,-0.083424345,0.014800529,0.01334612,-2.3314319
5457,2026-08-20,-0.052550443,-0.06690623,0.022448584,0.021812655,-2.3408203
2376,2026-08-20,-0.055102546,-0.09973947,0.023301693,0.017304841,-2.3646429
4169,2026-08-20,-0.05098404,-0.030602086,0.021522537,0.024094718,-2.3687575
7768,2026-08-20,-0.034974836,-0.12506975,0.014747464,0.019485844,-2.3714223
5215,2026-08-20,-0.037624296,-0.07452111,0.015831083,0.01702371,-2.376459
6706,2026-08-20,-0.037928168,-0.16887707,0.015951082,0.018116448,-2.3776312
9924,2026-08-20,-0.03834979,-0.08192827,0.016060006,0.019095898,-2.3877575
6415,2026-08-20,-0.034086425,-0.029470835,0.014210877,0.015069802,-2.3984463
5351,2026-08-20,-0.06749606,-0.09320392,0.028138317,0.032862537,-2.398639
9110,2026-08-20,-0.02923578,0.0036250737,0.0121633895,0.015679201,-2.4033906
6756,2026-08-20,-0.026231864,-0.07715758,0.010865716,0.015380658,-2.4139643
2483,2026-08-20,-0.046732944,-0.08014902,0.019292872,0.021886216,-2.422165
1805,2026-08-20,-0.049270306,-0.07010266,0.020298427,0.020779373,-2.4271772
3284,2026-08-20,-0.052038975,-0.004582553,0.021328121,0.019102054,-2.4398086
9928,2026-08-20,-0.029102374,-0.04401854,0.011925966,0.015506711,-2.4400485
6872,2026-08-20,-0.029993951,-0.06608549,0.012159043,0.016904851,-2.466599
6283,2026-08-20,-0.039420083,-0.083812445,0.015974533,0.019439435,-2.4675286
6523,2026-08-20,-0.033362634,-0.09698238,0.013488871,0.01936461,-2.4731617
3523,2026-08-20,-0.04986564,-0.039716385,0.020128708,0.016943762,-2.4772162
5483,2026-08-20,-0.09450578,-0.18253867,0.03805081,0.045512944,-2.483608
3011,2026-08-20,-0.031314068,-0.114442,0.012568574,0.014982994,-2.491259
2024,2026-08-20,-0.024718257,-0.024825828,0.009919892,0.015415473,-2.4915357
2597,2026-08-20,-0.026565112,-0.028876634,0.010628041,0.013872956,-2.4992952
6184,2026-08-20,-0.020040276,-0.02934884,0.007968679,0.011141883,-2.5145648
6577,2026-08-20,-0.029559422,-0.09932241,0.011747075,0.021794716,-2.5161076
2442,2026-08-20,-0.0370074,-0.023899293,0.014706228,0.017760191,-2.5162728
6225,2026-08-20,-0.056378435,-0.056208175,0.0223035,0.025516141,-2.5276709
1294,2026-08-20,-0.029918518,-0.09432031,0.0118217915,0.0155790625,-2.5305798
6168,2026-08-20,-0.043322284,-0.10941707,0.017112168,0.01804282,-2.5315175
3707,2026-08-20,-0.037843723,-0.12526731,0.014925679,0.021143358,-2.5353076
6265,2026-08-20,-0.08760235,-0.09393218,0.03443287,0.035933312,-2.5440753
2023,2026-08-20,-0.0328702,-0.056590263,0.012839752,0.017884463,-2.5598345
7711,2026-08-20,-0.037109453,-0.12357249,0.014493498,0.018964872,-2.560244
6615,2026-08-20,-0.04724217,-0.09827993,0.018423222,0.02164433,-2.5641336
8349,2026-08-20,-0.027258592,-0.03689069,0.010623552,0.013115917,-2.5656226
2460,2026-08-20,-0.0334595,-0.07951266,0.0129705295,0.020238798,-2.5794568
3615,2026-08-20,-0.04308298,-0.0657308,0.016632615,0.018028663,-2.590115
6209,2026-08-20,-0.050398696,-0.096861415,0.019446181,0.024437308,-2.5915682
2748,2026-08-20,-0.037076376,-0.07526296,0.014195637,0.015075778,-2.611631
3252,2026-08-20,-0.03478102,-0.05478336,0.013272445,0.015668858,-2.620346
6239,2026-08-20,-0.06126445,-0.17902833,0.023265297,0.026760804,-2.6331844
4433,2026-08-20,-0.041955862,-0.12390062,0.015814064,0.016705554,-2.652905
6861,2026-08-20,-0.03601462,-0.18720277,0.013564242,0.01865426,-2.6549191
8403,2026-08-20,-0.034136806,-0.08731655,0.012828499,0.0180292,-2.6608057
2007,2026-08-20,-0.030521138,-0.039031528,0.011454938,0.012375286,-2.6642199
3051,2026-08-20,-0.042250704,-0.14160796,0.015791025,0.020372681,-2.6754456
5009,2026-08-20,-0.036267772,-0.08824515,0.013527371,0.015694754,-2.6808677
2349,2026-08-20,-0.04703326,-0.14908229,0.017499106,0.022653824,-2.6875987
6465,2026-08-20,-0.037750944,-0.0476171,0.013807859,0.015007065,-2.7338207
3587,2026-08-20,-0.059521716,-0.17134602,0.021755872,0.024383843,-2.7357662
6655,2026-08-20,-0.040457364,-0.10364246,0.0147106815,0.017724184,-2.7500162
3708,2026-08-20,-0.057260152,-0.0688664,0.020764153,0.023416003,-2.7575116
3026,2026-08-20,-0.07294707,-0.091654286,0.026294123,0.025833279,-2.7741673
1736,2026-08-20,-0.06983738,-0.15333414,0.025058785,0.026173443,-2.7868307
8478,2026-08-20,-0.059341192,-0.06949725,0.021290129,0.021874338,-2.7871323
5512,2026-08-20,-0.027265895,0.010370487,0.009775121,0.011460356,-2.78903
3257,2026-08-20,-0.04595605,-0.1480448,0.016470302,0.019012975,-2.7900677
2108,2026-08-20,-0.041018058,-0.023218872,0.014685605,0.014787904,-2.792889
3666,2026-08-20,-0.042420913,-0.07438922,0.015171415,0.017377293,-2.7959235
6271,2026-08-20,-0.034927357,-0.11024382,0.012489188,0.018428102,-2.7963834
1109,2026-08-20,-0.034457993,-0.03153879,0.012282564,0.017508684,-2.8052113
1467,2026-08-20,-0.039882407,-0.030084133,0.014211707,0.017082311,-2.8061092
6166,2026-08-20,-0.054067854,-0.106156215,0.019109948,0.017998869,-2.8291562
1813,2026-08-20,-0.042452443,-0.119191125,0.014931528,0.0168461,-2.8429508
3288,2026-08-20,-0.044395797,-0.107459925,0.015609958,0.020790432,-2.8438866
1434,2026-08-20,-0.04192656,-0.0019156387,0.014701199,0.016625073,-2.8517203
4907,2026-08-20,-0.051016763,-0.076021895,0.017838154,0.018182673,-2.8598197
8410,2026-08-20,-0.050494112,-0.08505813,0.01756403,0.0153321335,-2.8746953
5315,2026-08-20,-0.05242272,-0.097221166,0.01822704,0.018879592,-2.8759382
3622,2026-08-20,-0.03508412,-0.09802852,0.012163595,0.015095518,-2.8841174
2392,2026-08-20,-0.047675848,-0.021163004,0.016461624,0.01251279,-2.8960054
2941,2026-08-20,-0.054080453,-0.12960106,0.018629983,0.023574153,-2.902716
3313,2026-08-20,-0.06092685,-0.057956304,0.020769611,0.020594807,-2.93332
2812,2026-08-20,-0.033090185,-0.025638588,0.011206434,0.01487616,-2.952521
1727,2026-08-20,-0.059531614,-0.10553813,0.020123452,0.022676744,-2.958173
1416,2026-08-20,-0.03376117,-0.07168204,0.011403389,0.011008226,-2.9603662
5704,2026-08-20,-0.043234896,-0.04848601,0.014518492,0.014581991,-2.977714
6270,2026-08-20,-0.059982046,-0.051378433,0.020051574,0.018926298,-2.991239
7751,2026-08-20,-0.04637443,-0.12553321,0.015494434,0.014364037,-2.9927802
3706,2026-08-20,-0.048620213,-0.028673785,0.016052362,0.017508494,-3.0286624
7753,2026-08-20,-0.03948554,-0.12597933,0.012966043,0.022077406,-3.0450687
1603,2026-08-20,-0.050352518,-0.06975867,0.01647916,0.017057592,-3.0553415
6274,2026-08-20,-0.057069864,-0.1323405,0.018625353,0.0192729,-3.0639312
8043,2026-08-20,-0.08982908,-0.09028114,0.029236807,0.03300155,-3.0723605
1521,2026-08-20,-0.048391707,-0.04259507,0.015746262,0.01622436,-3.0730236
1439,2026-08-20,-0.04081076,-0.042319704,0.013259517,0.0152184125,-3.0776145
2923,2026-08-20,-0.06366368,-0.042223834,0.02068028,0.016798487,-3.0783236
9930,2026-08-20,-0.040438835,-0.06587768,0.013074987,0.018215753,-3.092603
3232,2026-08-20,-0.04651878,-0.088746354,0.014997366,0.014377414,-3.10159
6708,2026-08-20,-0.04128727,-0.06396411,0.013269571,0.015905453,-3.11119
4943,2026-08-20,-0.043297037,-0.080018,0.013881031,0.018396312,-3.1189265
6693,2026-08-20,-0.05885826,-0.1157465,0.018865686,0.02291401,-3.1196926
2472,2026-08-20,-0.042501163,-0.099986486,0.013590062,0.013580523,-3.1271405
1234,2026-08-20,-0.038020447,-0.029464098,0.012111086,0.0155594675,-3.13905
3024,2026-08-20,-0.056415573,-0.06403432,0.017966092,0.018120585,-3.139939
6120,2026-08-20,-0.04630647,-0.07759711,0.014710864,0.015858226,-3.1475594
6182,2026-08-20,-0.079245456,-0.2019998,0.02515479,0.037671313,-3.1501875
8028,2026-08-20,-0.034090247,-0.09457895,0.010737566,0.017477984,-3.1745622
3714,2026-08-20,-0.0633063,-0.085786805,0.019917024,0.025298825,-3.1783423
3114,2026-08-20,-0.056456327,-0.08869985,0.017737316,0.01891121,-3.182733
3687,2026-08-20,-0.049833596,-0.094667695,0.015616362,0.016277608,-3.1909099
2363,2026-08-20,-0.07125451,-0.09025466,0.022297867,0.030346477,-3.1954317
2705,2026-08-20,-0.03992057,-0.06723411,0.012487241,0.013636541,-3.1966527
1326,2026-08-20,-0.048080906,-0.09820983,0.015037583,0.018012546,-3.1971698
3489,2026-08-20,-0.05671188,-0.14084272,0.017695935,0.01976938,-3.2046158
4192,2026-08-20,-0.059844606,-0.14814019,0.018662078,0.025995754,-3.2065773
6994,2026-08-20,-0.05363284,-0.10899596,0.01666964,0.017051253,-3.2172034
8422,2026-08-20,-0.05922276,-0.11787091,0.018279316,0.022157613,-3.2397013
6272,2026-08-20,-0.05391501,-0.1075009,0.016571164,0.019240147,-3.2533474
6492,2026-08-20,-0.04905711,-0.08386633,0.015065863,0.015294076,-3.2559605
7709,2026-08-20,-0.04963485,-0.13172485,0.015232218,0.01702443,-3.2583299
6482,2026-08-20,-0.054337837,-0.13575761,0.016655637,0.020262375,-3.2622333
1101,2026-08-20,-0.034166984,-0.002798927,0.010458201,0.01490454,-3.2666914
3050,2026-08-20,-0.04594701,-0.090759926,0.014051792,0.015336422,-3.2696002
6674,2026-08-20,-0.087599486,-0.09589933,0.026781127,0.022799185,-3.270819
1618,2026-08-20,-0.06190105,-0.11391959,0.018920477,0.020896405,-3.2714703
2904,2026-08-20,-0.047955234,-0.1112947,0.014641006,0.012107505,-3.275182
6197,2026-08-20,-0.052049417,-0.043181248,0.015870944,0.017977577,-3.2793348
1473,2026-08-20,-0.062620334,-0.075097635,0.019078117,0.019013444,-3.28214
2028,2026-08-20,-0.043437593,-0.049117863,0.01320512,0.013403549,-3.2892015
5432,2026-08-20,-0.052803744,-0.15982601,0.015995497,0.020164385,-3.3009567
3607,2026-08-20,-0.041668657,-0.0952897,0.012521262,0.015917443,-3.3275661
4908,2026-08-20,-0.07537118,-0.15405001,0.022645395,0.021298675,-3.3281758
6761,2026-08-20,-0.069495045,-0.13620545,0.02087415,0.025166575,-3.3290799
1227,2026-08-20,-0.042864364,-0.015571541,0.012823865,0.014653565,-3.3422856
2509,2026-08-20,-0.040083535,-0.062751584,0.011988645,0.017050019,-3.3431792
6195,2026-08-20,-0.04056922,-0.083811596,0.012133213,0.017288672,-3.3433747
2337,2026-08-20,-0.05095785,-0.11146321,0.01523558,0.015614367,-3.3444417
4763,2026-08-20,-0.063669346,-0.15443563,0.019028576,0.020657055,-3.34581
2072,2026-08-20,-0.046462927,-0.15149193,0.013860645,0.017434126,-3.3519058
5309,2026-08-20,-0.0448453,-0.12039105,0.013369392,0.014053125,-3.3540754
1319,2026-08-20,-0.047963407,-0.06311133,0.014292508,0.014744968,-3.3556077
6807,2026-08-20,-0.052921075,-0.07183426,0.015725257,0.021596774,-3.3651412
4989,2026-08-20,-0.08015038,-0.18565477,0.02369102,0.03261575,-3.3830116
6727,2026-08-20,-0.079434395,-0.11222407,0.02347879,0.024178479,-3.3830965
4420,2026-08-20,-0.052326884,-0.11036599,0.015463144,0.016458675,-3.3837557
2636,2026-08-20,-0.04413127,-0.053355917,0.0130255185,0.014746333,-3.3878024
2607,2026-08-20,-0.041367993,-0.022221562,0.012175479,0.015602915,-3.397369
3354,2026-08-20,-0.06671005,-0.15011716,0.019628791,0.01828939,-3.3984084
5398,2026-08-20,-0.034013696,-0.09964267,0.009977655,0.013618824,-3.4086454
5425,2026-08-20,-0.094100036,-0.10091195,0.02758531,0.029666288,-3.4111135
6741,2026-08-20,-0.039867528,-0.06449903,0.01166933,0.014957486,-3.416144
2545,2026-08-20,-0.04756219,-0.07137612,0.013919147,0.013117495,-3.4167879
9902,2026-08-20,-0.07338242,-0.0818024,0.021472327,0.021209452,-3.4173753
2615,2026-08-20,-0.058504984,-0.0653122,0.017044503,0.018870423,-3.4322824
8938,2026-08-20,-0.049553704,-0.07655026,0.0144243855,0.017497163,-3.4351735
3272,2026-08-20,-0.03824354,-0.10910209,0.011104565,0.016405877,-3.4436374
6913,2026-08-20,-0.043538645,-0.12260358,0.012539786,0.012447887,-3.4717636
4906,2026-08-20,-0.05454743,-0.12638395,0.015688801,0.017654369,-3.4766169
5906,2026-08-20,-0.0527219,-0.10927443,0.015157607,0.016602607,-3.4780173
6881,2026-08-20,-0.048061445,-0.116801165,0.013767285,0.019008689,-3.4907358
6728,2026-08-20,-0.042936165,-0.09938928,0.012285979,0.015441066,-3.4944441
8421,2026-08-20,-0.050039306,-0.05095457,0.014313744,0.01769434,-3.495648
5243,2026-08-20,-0.048689947,-0.109937504,0.013909861,0.014284875,-3.5001388
1711,2026-08-20,-0.061642107,-0.13279502,0.017601155,0.019851035,-3.5019636
1713,2026-08-20,-0.06197299,-0.11915757,0.017673958,0.021696988,-3.5062594
2106,2026-08-20,-0.052916843,-0.002453373,0.015087299,0.013401526,-3.5071445
8442,2026-08-20,-0.07180861,-0.054111376,0.020438166,0.019956302,-3.5132844
8066,2026-08-20,-0.052201334,-0.14389639,0.014834196,0.015715916,-3.518749
2430,2026-08-20,-0.058971602,-0.099426724,0.016748026,0.018432025,-3.5208974
6152,2026-08-20,-0.05275935,-0.09243859,0.014944523,0.018844243,-3.5301106
2029,2026-08-20,-0.04703289,-0.051042803,0.013290104,0.0132753365,-3.538674
5213,2026-08-20,-0.061482873,-0.10474714,0.017372463,0.017309684,-3.5388956
2617,2026-08-20,-0.046176195,-0.021131074,0.012997396,0.016625848,-3.5524533
4584,2026-08-20,-0.047954924,-0.07347179,0.013497298,0.016236017,-3.5526645
2505,2026-08-20,-0.042115204,-0.024693588,0.011840707,0.012350669,-3.5565147
6641,2026-08-20,-0.04401278,-0.06992342,0.012349157,0.014269119,-3.5637426
5211,2026-08-20,-0.053442843,-0.1442731,0.014991279,0.017376214,-3.564691
6754,2026-08-20,-0.047627877,-0.07074447,0.013313043,0.016703779,-3.5772662
6125,2026-08-20,-0.10254911,-0.15945266,0.028657949,0.023478603,-3.578258
1423,2026-08-20,-0.052942835,-0.09952655,0.01477879,0.015998604,-3.58211
6582,2026-08-20,-0.043847926,0.015650867,0.012219996,0.013107038,-3.5879173
3055,2026-08-20,-0.070490174,-0.13575155,0.019639643,0.024610538,-3.5889952
9907,2026-08-20,-0.07292654,-0.06445902,0.020190064,0.021426428,-3.6118226
8097,2026-08-20,-0.044702467,-0.08460869,0.012315182,0.017281948,-3.6295717
3071,2026-08-20,-0.044963207,-0.11134216,0.012348507,0.015367467,-3.6408908
2495,2026-08-20,-0.052728668,-0.120426305,0.01443344,0.013409889,-3.6529763
1233,2026-08-20,-0.059341166,-0.05924185,0.016152501,0.01549663,-3.6735792
2511,2026-08-20,-0.048024785,0.010861981,0.013062515,0.015238908,-3.6762528
6531,2026-08-20,-0.05330714,-0.047227304,0.014474505,0.018112764,-3.6825755
4131,2026-08-20,-0.048755903,-0.11191508,0.013155032,0.014428314,-3.7059731
4538,2026-08-20,-0.055669434,-0.10620206,0.014955178,0.01738446,-3.7221699
1708,2026-08-20,-0.04750495,-0.035786565,0.012758376,0.015218104,-3.7231405
8227,2026-08-20,-0.05232842,-0.21776687,0.013971343,0.0205704,-3.7451427
3437,2026-08-20,-0.08102085,-0.15416715,0.021568466,0.024606641,-3.756275
6423,2026-08-20,-0.074713185,-0.20092821,0.019871036,0.026790986,-3.7597146
8443,2026-08-20,-0.052223936,-0.12756309,0.013871716,0.016745776,-3.7645068
1218,2026-08-20,-0.071111746,-0.10756124,0.018876893,0.018026777,-3.7669322
6282,2026-08-20,-0.056885097,-0.07804241,0.015006609,0.018469023,-3.790417
4952,2026-08-20,-0.0536311,-0.10499451,0.014110932,0.015724711,-3.8004081
8068,2026-08-20,-0.06508515,-0.1127694,0.017076684,0.018008856,-3.8111227
8121,2026-08-20,-0.0704967,-0.14086619,0.018447137,0.021201126,-3.8213453
2754,2026-08-20,-0.049643047,-0.06339069,0.012981478,0.018394813,-3.8238497
5364,2026-08-20,-0.046716705,-0.099582575,0.012201892,0.015811583,-3.8283305
2903,2026-08-20,-0.05761611,-0.033727583,0.015023093,0.017410025,-3.8349144
4934,2026-08-20,-0.058546383,-0.06513712,0.0151515305,0.016688017,-3.8638022
2528,2026-08-20,-0.05139741,-0.06979678,0.013282708,0.016580133,-3.8692064
6961,2026-08-20,-0.058824755,-0.11734622,0.015136089,0.01752502,-3.886134
6593,2026-08-20,-0.049537517,-0.16671845,0.0127036,0.018345417,-3.8991795
6235,2026-08-20,-0.06614665,-0.108825855,0.01693992,0.017402425,-3.904549
6284,2026-08-20,-0.065629534,-0.12816203,0.016790932,0.02003072,-3.9083967
2849,2026-08-20,-0.041991074,0.051009797,0.010726673,0.012288338,-3.9142761
2103,2026-08-20,-0.061931457,-0.06416123,0.015798226,0.019435316,-3.9199045
2454,2026-08-20,-0.05506582,-0.044612966,0.014035229,0.013771081,-3.9231207
3673,2026-08-20,-0.06362451,-0.0896382,0.016207112,0.015312702,-3.9254732
3438,2026-08-20,-0.081083745,-0.1883788,0.020634403,0.021687996,-3.929351
8473,2026-08-20,-0.05908067,-0.040769104,0.015031384,0.021954032,-3.930226
4442,2026-08-20,-0.07397758,-0.12867482,0.018792383,0.021434067,-3.9363632
8906,2026-08-20,-0.05981275,-0.08230988,0.015180285,0.01588029,-3.9399004
3289,2026-08-20,-0.060764782,-0.17679133,0.015414456,0.018488076,-3.941809
6698,2026-08-20,-0.06052555,-0.11525074,0.0153256655,0.017293222,-3.949036
3032,2026-08-20,-0.059011523,-0.1392553,0.01491776,0.01625513,-3.9555244
2801,2026-08-20,-0.049495425,-0.074000314,0.0124845635,0.013676029,-3.9642122
3059,2026-08-20,-0.050355054,-0.04721512,0.012672643,0.01450079,-3.9732106
2645,2026-08-20,-0.0589658,-0.07091905,0.014839822,0.014588792,-3.9732163
8215,2026-08-20,-0.06472965,-0.09148501,0.01628661,0.013590597,-3.9741652
4560,2026-08-20,-0.06782007,-0.09400415,0.01705563,0.021913158,-3.9761705
4967,2026-08-20,-0.10623884,-0.17100832,0.026656061,0.022523168,-3.985392
3081,2026-08-20,-0.061075177,-0.15482002,0.015285394,0.018781181,-3.9953945
2031,2026-08-20,-0.073417045,-0.067104146,0.018339274,0.017975667,-4.0030503
6846,2026-08-20,-0.06291846,-0.1282607,0.015714822,0.015486268,-4.0035105
6432,2026-08-20,-0.09994134,-0.09735367,0.024934048,0.024817899,-4.008067
3623,2026-08-20,-0.060824078,-0.18520729,0.015159836,0.019023288,-4.011921
2323,2026-08-20,-0.07094375,-0.069017746,0.017670156,0.02310074,-4.0146637
6835,2026-08-20,-0.049807258,-0.11463095,0.012361722,0.015981494,-4.028826
3713,2026-08-20,-0.050725218,-0.04341155,0.0125515405,0.016400509,-4.041032
5519,2026-08-20,-0.059042793,-0.09917715,0.014584147,0.016089244,-4.048145
2375,2026-08-20,-0.12329267,-0.19166748,0.030452818,0.030321475,-4.048513
7811,2026-08-20,-0.053297844,-0.0883238,0.013158729,0.014112686,-4.0500712
5230,2026-08-20,-0.07887208,-0.07276572,0.019464118,0.017605139,-4.05197
2371,2026-08-20,-0.079739,-0.12286253,0.019640952,0.02935012,-4.0596266
9914,2026-08-20,-0.07861855,-0.07101674,0.019338006,0.024090942,-4.065284
3297,2026-08-20,-0.081875354,-0.24146827,0.020043492,0.02442765,-4.084681
1802,2026-08-20,-0.07092676,-0.11478451,0.017266415,0.018422771,-4.1075497
3511,2026-08-20,-0.051327784,-0.081676416,0.012481637,0.015285925,-4.111934
6757,2026-08-20,-0.06251734,-0.07272754,0.015175029,0.017006332,-4.119479
1721,2026-08-20,-0.06573686,-0.0864594,0.015950555,0.017929142,-4.1210313
6205,2026-08-20,-0.07251852,-0.16081405,0.017575791,0.02116926,-4.125811
3580,2026-08-20,-0.072852306,-0.1853043,0.017608274,0.023586676,-4.1371555
1474,2026-08-20,-0.05634137,-0.09257397,0.013608539,0.014505837,-4.139844
6651,2026-08-20,-0.06119547,-0.1207498,0.014759406,0.019236833,-4.1459203
2609,2026-08-20,-0.05005882,-0.009489243,0.012048555,0.014977672,-4.1544123
3062,2026-08-20,-0.05493187,-0.12504312,0.013205826,0.017480444,-4.159354
5465,2026-08-20,-0.07700621,-0.101448916,0.01850101,0.01946221,-4.162046
3093,2026-08-20,-0.093130365,-0.18847181,0.022158826,0.025330484,-4.2026668
3031,2026-08-20,-0.0874677,-0.106042214,0.020796668,0.01850859,-4.2056494
6906,2026-08-20,-0.062088706,-0.11478399,0.014726324,0.0200801,-4.215885
6953,2026-08-20,-0.091329746,-0.1953989,0.021643894,0.016632434,-4.219459
6854,2026-08-20,-0.086550795,-0.160317,0.020501185,0.021702018,-4.22154
3147,2026-08-20,-0.09190582,-0.18551926,0.021759408,0.025339724,-4.2235336
8489,2026-08-20,-0.0697931,-0.16452362,0.016521018,0.016515175,-4.224248
8147,2026-08-20,-0.06249416,-0.1481624,0.014788271,0.021175973,-4.2256417
4526,2026-08-20,-0.100268915,-0.15876271,0.023695134,0.025085697,-4.2314463
7770,2026-08-20,-0.06858214,-0.14035028,0.016171977,0.020640297,-4.240539
6742,2026-08-20,-0.06060748,-0.100696445,0.014265255,0.016892241,-4.2483106
2881,2026-08-20,-0.08144167,-0.0829772,0.019163828,0.019190526,-4.249538
2719,2026-08-20,-0.0521671,-0.13509041,0.012252597,0.018950993,-4.2572885
2405,2026-08-20,-0.07446765,-0.12583522,0.017472325,0.021543488,-4.2617908
2351,2026-08-20,-0.072313376,-0.0879953,0.016936336,0.020924954,-4.269466
6111,2026-08-20,-0.06497933,-0.154085,0.0151746115,0.021063665,-4.281826
5701,2026-08-20,-0.04796896,-0.06587638,0.011163721,0.013237641,-4.2964764
4916,2026-08-20,-0.0798754,-0.14139347,0.018566314,0.024566973,-4.301936
1464,2026-08-20,-0.04970615,-0.053896476,0.011544332,0.013484156,-4.3053026
4912,2026-08-20,-0.061279535,-0.13420296,0.014232051,0.017977975,-4.305439
2201,2026-08-20,-0.06512726,-0.040176257,0.015092646,0.017623186,-4.3148794
3141,2026-08-20,-0.06373172,-0.13769357,0.014737214,0.016302185,-4.32425
5603,2026-08-20,-0.07431409,-0.1123549,0.01708693,0.019277131,-4.3489227
3717,2026-08-20,-0.072605,-0.16436142,0.016676424,0.018559087,-4.35349
2328,2026-08-20,-0.068801686,-0.0810654,0.01574045,0.019438356,-4.3707337
1614,2026-08-20,-0.051094007,-0.048086967,0.011667806,0.014617728,-4.3786836
6958,2026-08-20,-0.065447085,-0.03627975,0.014908374,0.015104622,-4.38966
1815,2026-08-20,-0.10104276,-0.22632821,0.02300592,0.027915161,-4.3918424
1259,2026-08-20,-0.075999655,-0.1349718,0.01728098,0.017863207,-4.3976245
6931,2026-08-20,-0.054881565,-0.10573546,0.012430784,0.016039452,-4.414617
6147,2026-08-20,-0.08490079,-0.15674567,0.019213688,0.021093575,-4.4185357
2368,2026-08-20,-0.06755064,-0.13136588,0.015285459,0.0155305145,-4.418985
8908,2026-08-20,-0.07049977,-0.068639606,0.015927829,0.017946316,-4.425923
2221,2026-08-20,-0.10180988,-0.10752288,0.022985216,0.025343945,-4.429171
8462,2026-08-20,-0.06466495,-0.069547445,0.014588242,0.014741864,-4.432372
3294,2026-08-20,-0.061719105,-0.12673761,0.013874499,0.015733872,-4.448064
3090,2026-08-20,-0.13320632,-0.18921356,0.029910253,0.029324938,-4.453385
3716,2026-08-20,-0.06872289,-0.117425226,0.0153744705,0.01837043,-4.4696445
8234,2026-08-20,-0.08169564,-0.1401104,0.018167844,0.020877866,-4.4964685
1441,2026-08-20,-0.062472366,-0.16162334,0.013883997,0.01461451,-4.499271
2062,2026-08-20,-0.07449525,-0.071783066,0.016528405,0.021306349,-4.5068316
6591,2026-08-20,-0.083311476,-0.17336632,0.01845514,0.021283574,-4.5140247
2642,2026-08-20,-0.065514706,-0.11320346,0.014470553,0.017791726,-4.5271373
8084,2026-08-20,-0.12881902,-0.19782594,0.028300786,0.026427578,-4.5516214
3205,2026-08-20,-0.07252867,-0.12635542,0.015889047,0.015255748,-4.564409
8054,2026-08-20,-0.12446735,-0.29244316,0.027249396,0.031622242,-4.567543
3312,2026-08-20,-0.13345437,-0.16566427,0.029092677,0.025697991,-4.5870576
6629,2026-08-20,-0.08750845,-0.119561836,0.01904427,0.022229144,-4.59476
6770,2026-08-20,-0.07066042,-0.15801811,0.015294067,0.020715028,-4.6198177
7730,2026-08-20,-0.07540161,-0.12398967,0.016318712,0.019045206,-4.6202784
6446,2026-08-20,-0.102095105,-0.1283496,0.022076791,0.018907987,-4.6243353
8488,2026-08-20,-0.07615367,-0.070431754,0.016451828,0.014455958,-4.628607
8933,2026-08-20,-0.07003393,-0.0794319,0.015114788,0.016277345,-4.6331644
4571,2026-08-20,-0.07721582,-0.13141137,0.016660146,0.018639818,-4.6344843
4121,2026-08-20,-0.071215324,-0.0991286,0.015360335,0.017311916,-4.636011
5244,2026-08-20,-0.068878874,-0.117176995,0.014822808,0.018321281,-4.6465034
3508,2026-08-20,-0.08608778,-0.1382083,0.018388504,0.021215646,-4.681354
6550,2026-08-20,-0.08219185,-0.14907663,0.017525703,0.021441702,-4.6895213
4935,2026-08-20,-0.072374314,-0.08157282,0.015401747,0.014409676,-4.6987925
4402,2026-08-20,-0.06607997,-0.03497432,0.014030937,0.01504486,-4.7092547
1336,2026-08-20,-0.06906287,-0.07819908,0.014652823,0.017812576,-4.7129593
4556,2026-08-20,-0.09484998,-0.1290913,0.020102507,0.022523893,-4.7180815
1475,2026-08-20,-0.07371235,-0.071464255,0.015613819,0.017247993,-4.7206664
3646,2026-08-20,-0.08793012,-0.11219405,0.018597154,0.020939037,-4.727895
2248,2026-08-20,-0.05926264,-0.05904885,0.0125293555,0.013976931,-4.729526
5306,2026-08-20,-0.059372935,-0.042107064,0.01254564,0.013922178,-4.732178
6505,2026-08-20,-0.07171892,-0.10800921,0.015141296,0.022392081,-4.73633
8482,2026-08-20,-0.061606273,-0.017555203,0.012972148,0.014331871,-4.7487526
2427,2026-08-20,-0.063548304,-0.06653876,0.013366308,0.018158143,-4.7540092
3576,2026-08-20,-0.077947944,-0.10408717,0.016305666,0.019924458,-4.7801275
6477,2026-08-20,-0.14704889,-0.20384611,0.030666415,0.037549485,-4.7949557
8463,2026-08-20,-0.069352604,-0.079062015,0.01446054,0.019988636,-4.795658
2380,2026-08-20,-0.072563134,-0.1898901,0.015106725,0.022644551,-4.8030486
5460,2026-08-20,-0.04978214,-0.12124634,0.010344579,0.0124505805,-4.811924
5468,2026-08-20,-0.07843304,-0.08816859,0.016278366,0.017223742,-4.8179417
6127,2026-08-20,-0.067605875,-0.13795523,0.014026529,0.025817327,-4.8195143
4113,2026-08-20,-0.097528584,-0.13544758,0.020208359,0.02536186,-4.825912
6616,2026-08-20,-0.06379607,-0.07469089,0.0132171875,0.015879977,-4.826386
6922,2026-08-20,-0.07798648,-0.15480226,0.016153974,0.014439071,-4.8273973
7819,2026-08-20,-0.09255484,-0.19587615,0.019152466,0.023055397,-4.832276
3373,2026-08-20,-0.057543956,-0.091385596,0.011874135,0.013587187,-4.845752
4563,2026-08-20,-0.08067488,-0.14934883,0.01657999,0.018113954,-4.8655043
4441,2026-08-20,-0.06744543,-0.10175006,0.013810833,0.014273745,-4.8831625
2466,2026-08-20,-0.09948392,-0.19383927,0.02037074,0.021738106,-4.8834276
2546,2026-08-20,-0.07525776,-0.05201658,0.01536962,0.014389782,-4.896209
6997,2026-08-20,-0.070793554,-0.13131115,0.014450069,0.01577595,-4.8988457
8255,2026-08-20,-0.058376666,-0.11095204,0.011913477,0.017109565,-4.899641
6578,2026-08-20,-0.08193006,-0.12171748,0.016718252,0.023212966,-4.9003425
4919,2026-08-20,-0.08760895,-0.18767057,0.017850101,0.024810676,-4.9077616
6969,2026-08-20,-0.10601965,-0.09855641,0.02159053,0.018674368,-4.9102426
6005,2026-08-20,-0.07264607,-0.051272154,0.0147893075,0.017601848,-4.9117346
4590,2026-08-20,-0.07034102,-0.06862401,0.014301023,0.01628171,-4.9182563
5601,2026-08-20,-0.075441636,-0.08626687,0.015308017,0.017292144,-4.927922
4175,2026-08-20,-0.06541853,-0.15773588,0.01326947,0.01764028,-4.929631
2646,2026-08-20,-0.08028162,-0.027502159,0.01627548,0.019919565,-4.9323697
2429,2026-08-20,-0.08777165,-0.12787607,0.017658435,0.019149559,-4.970241
2061,2026-08-20,-0.13715163,-0.22880588,0.027574915,0.03186017,-4.973602
9105,2026-08-20,-0.124843866,-0.19220543,0.02508169,0.028020704,-4.9772916
4530,2026-08-20,-0.10562285,-0.14775117,0.021200873,0.02354243,-4.9817696
3224,2026-08-20,-0.10389041,-0.22149737,0.020820886,0.02205131,-4.9894814
8916,2026-08-20,-0.06253357,-0.09981754,0.0125256395,0.014538304,-4.992047
6508,2026-08-20,-0.07653932,-0.076467246,0.015330675,0.016980723,-4.9922347
2543,2026-08-20,-0.09360943,-0.16685502,0.018736338,0.018556975,-4.9958763
9103,2026-08-20,-0.08691258,-0.11489809,0.01738418,0.022131385,-4.9992337
4707,2026-08-20,-0.12128053,-0.2895505,0.024158785,0.03202495,-5.019934
6167,2026-08-20,-0.109867446,-0.19731292,0.021884413,0.01915776,-5.020122
8047,2026-08-20,-0.09646939,-0.16180605,0.019165847,0.022228373,-5.033138
6485,2026-08-20,-0.1061314,-0.20723096,0.021084255,0.022821216,-5.0334415
1301,2026-08-20,-0.08810363,-0.15795074,0.017496597,0.020087,-5.0351844
4148,2026-08-20,-0.08528875,-0.09045593,0.01691417,0.01972182,-5.0421453
4930,2026-08-20,-0.069301344,-0.14655803,0.013727905,0.0181064,-5.047842
4129,2026-08-20,-0.07802238,-0.09718593,0.015402095,0.016406884,-5.06537
5245,2026-08-20,-0.06693361,-0.10047138,0.013208395,0.018836748,-5.0671215
8411,2026-08-20,-0.075996205,-0.057641353,0.014989139,0.01564036,-5.0697465
6191,2026-08-20,-0.07331368,-0.121361375,0.014448151,0.015531382,-5.0739093
2348,2026-08-20,-0.08025066,-0.06218585,0.01581302,0.018342877,-5.0746527
3057,2026-08-20,-0.097809345,-0.2216916,0.019237401,0.022685938,-5.0840683
4905,2026-08-20,-0.09628857,-0.15281019,0.01889096,0.019999027,-5.0968013
4702,2026-08-20,-0.0646561,-0.10031373,0.012682729,0.015572789,-5.0975623
1541,2026-08-20,-0.05164698,-0.062239893,0.010123397,0.011888694,-5.10124
2227,2026-08-20,-0.051922187,-0.026592957,0.010175414,0.0123734,-5.102208
2457,2026-08-20,-0.099375196,-0.1631011,0.019460337,0.019882523,-5.106288
6215,2026-08-20,-0.07884472,-0.18575034,0.015419816,0.022844693,-5.112876
6533,2026-08-20,-0.113309495,-0.18339548,0.022134066,0.028425857,-5.1190042
1723,2026-08-20,-0.051194318,-0.03718059,0.009991032,0.0109787425,-5.123514
3434,2026-08-20,-0.11385846,-0.14730133,0.02221518,0.026146652,-5.1250243
6785,2026-08-20,-0.10978211,-0.15766351,0.021379024,0.021435598,-5.134798
5471,2026-08-20,-0.09166436,-0.14157441,0.017753292,0.01981544,-5.162941
1463,2026-08-20,-0.06421756,-0.048130486,0.012430209,0.01505925,-5.165834
1718,2026-08-20,-0.14689447,-0.25043648,0.028419117,0.030462833,-5.168679
7547,2026-08-20,-0.07916236,-0.14783461,0.015303332,0.013117237,-5.1725454
3128,2026-08-20,-0.076575466,-0.1501167,0.01478114,0.016591346,-5.1802692
2516,2026-08-20,-0.066384695,-0.038948122,0.012690804,0.015469264,-5.230517
1599,2026-08-20,-0.07378854,-0.16541068,0.014080892,0.02216604,-5.239959
8929,2026-08-20,-0.08343008,-0.17927955,0.01591589,0.018752467,-5.241607
2342,2026-08-20,-0.13092092,-0.20378971,0.024948398,0.027202817,-5.247458
2616,2026-08-20,-0.10022356,-0.12886679,0.019071242,0.025577482,-5.254944
1417,2026-08-20,-0.072530225,-0.13344854,0.01379414,0.01979783,-5.257665
6792,2026-08-20,-0.09319958,-0.13794361,0.017722351,0.019644903,-5.2585754
1304,2026-08-20,-0.07954285,-0.08928256,0.015113766,0.014929629,-5.2625923
2491,2026-08-20,-0.1223896,-0.10327541,0.023235725,0.022462718,-5.267076
1231,2026-08-20,-0.07177552,-0.12034098,0.01362222,0.014054354,-5.268616
2302,2026-08-20,-0.12948672,-0.12604436,0.024572244,0.028444348,-5.269419
8440,2026-08-20,-0.07322803,-0.16518708,0.0138955265,0.017703747,-5.2695203
6431,2026-08-20,-0.07514847,-0.06855683,0.01424903,0.015909174,-5.273566
8089,2026-08-20,-0.101779625,-0.15125526,0.01926238,0.020768538,-5.2835803
2910,2026-08-20,-0.080258794,-0.07941402,0.015171298,0.017967448,-5.2898245
8454,2026-08-20,-0.09277757,-0.08023135,0.017524088,0.019285556,-5.2939863
3684,2026-08-20,-0.08944409,-0.1807601,0.016871056,0.022122322,-5.301316
7402,2026-08-20,-0.15551323,-0.20538098,0.029302385,0.02929471,-5.3070054
2489,2026-08-20,-0.12235834,-0.16398087,0.0230185,0.033217385,-5.315421
8932,2026-08-20,-0.20255747,-0.33255073,0.038106274,0.040338043,-5.3154545
6752,2026-08-20,-0.042941857,-0.15783355,0.00806164,0.013150901,-5.3260293
8074,2026-08-20,-0.118404105,-0.23568973,0.02209774,0.022100912,-5.3579574
5498,2026-08-20,-0.16437349,-0.33542034,0.030675258,0.038457923,-5.358329
1313,2026-08-20,-0.09001701,-0.1024322,0.016707743,0.01829129,-5.3874197
5515,2026-08-20,-0.08082072,-0.054833896,0.014993923,0.019579343,-5.389872
2497,2026-08-20,-0.09150253,-0.113563664,0.016958404,0.020223038,-5.3953857
6203,2026-08-20,-0.085095204,-0.17495747,0.015719254,0.019321803,-5.4130936
3520,2026-08-20,-0.08160567,-0.098268524,0.015058738,0.017915273,-5.4187975
3221,2026-08-20,-0.120357946,-0.19164568,0.022184372,0.02532492,-5.4251037
2492,2026-08-20,-0.11447274,-0.23683779,0.020906005,0.023365488,-5.4753294
1598,2026-08-20,-0.084206626,-0.112338826,0.015283491,0.014210525,-5.5092854
1528,2026-08-20,-0.10941947,-0.20843881,0.01985448,0.022663737,-5.5107946
8271,2026-08-20,-0.11643407,-0.29187965,0.02112158,0.024723506,-5.5123034
6558,2026-08-20,-0.0790305,-0.13529362,0.014314386,0.018849585,-5.520668
4523,2026-08-20,-0.09397194,-0.13437846,0.016982196,0.021753456,-5.5332303
6873,2026-08-20,-0.0860873,-0.14131823,0.015546369,0.019296322,-5.5370975
3504,2026-08-20,-0.10928413,-0.16269661,0.019722857,0.023156574,-5.540708
6791,2026-08-20,-0.08550411,-0.19411509,0.015387465,0.020234792,-5.5563765
5222,2026-08-20,-0.104386374,-0.16327897,0.018784724,0.020088093,-5.556686
5225,2026-08-20,-0.087726355,-0.15198444,0.015780643,0.016248638,-5.558759
3501,2026-08-20,-0.0720681,-0.11195733,0.012956856,0.018013876,-5.5617304
6843,2026-08-20,-0.07325039,-0.15805349,0.013158197,0.022041405,-5.5664787
2070,2026-08-20,-0.0976185,-0.16156316,0.017509663,0.020245478,-5.574803
3008,2026-08-20,-0.065746374,-0.067914605,0.011788312,0.012790084,-5.5767775
8924,2026-08-20,-0.073587805,-0.13986287,0.013179967,0.015596034,-5.5828834
4739,2026-08-20,-0.1063525,-0.2876283,0.019043969,0.022344004,-5.5842834
8917,2026-08-20,-0.088768765,-0.08297087,0.015894411,0.020130614,-5.584553
3540,2026-08-20,-0.14221129,-0.18286072,0.025435133,0.023392571,-5.590916
2929,2026-08-20,-0.07608484,-0.062622584,0.013582075,0.013052719,-5.6014442
6498,2026-08-20,-0.12847406,-0.24763615,0.02292575,0.02621952,-5.603675
3416,2026-08-20,-0.069847636,-0.09513486,0.012459198,0.010944186,-5.60566
5227,2026-08-20,-0.10442295,-0.17802675,0.018554939,0.02346133,-5.6274676
7722,2026-08-20,-0.09321065,-0.11914344,0.016544849,0.017024046,-5.6334767
2722,2026-08-20,-0.0781032,-0.11306458,0.013860439,0.015881352,-5.6345663
8040,2026-08-20,-0.10536709,-0.21225652,0.018634962,0.02152906,-5.6539655
1504,2026-08-20,-0.100087315,-0.13568622,0.017689785,0.02167323,-5.657596
3455,2026-08-20,-0.13575502,-0.20458056,0.023965063,0.027566524,-5.664469
1733,2026-08-20,-0.053184632,-0.058883235,0.009382376,0.013088049,-5.667963
6637,2026-08-20,-0.08778704,-0.102369614,0.015477594,0.016197393,-5.6715126
3266,2026-08-20,-0.0774374,-0.07070093,0.013620973,0.017967584,-5.684742
1806,2026-08-20,-0.08806586,-0.080288395,0.015475769,0.018050002,-5.690197
3466,2026-08-20,-0.12579651,-0.22791076,0.022045411,0.024451971,-5.705986
8429,2026-08-20,-0.08079503,-0.09568613,0.014115636,0.014259317,-5.7233906
5011,2026-08-20,-0.07145687,-0.053281453,0.012412191,0.01630923,-5.756527
1445,2026-08-20,-0.053048633,-0.10260823,0.00919386,0.013321631,-5.769379
6890,2026-08-20,-0.07306382,-0.082890145,0.012652031,0.015729524,-5.774412
6186,2026-08-20,-0.072666526,-0.14666443,0.012570632,0.0151697425,-5.780198
1702,2026-08-20,-0.08784029,-0.06359625,0.0151913185,0.017171111,-5.781888
5607,2026-08-20,-0.060778853,-0.05231813,0.010499052,0.014065799,-5.7884336
3675,2026-08-20,-0.11078623,-0.23325795,0.01905469,0.021989148,-5.813813
2014,2026-08-20,-0.09528592,-0.08649859,0.016268672,0.014955611,-5.856659
3498,2026-08-20,-0.16430514,-0.21448478,0.027981302,0.035011567,-5.871752
1515,2026-08-20,-0.16303857,-0.20798072,0.027641473,0.031200955,-5.898118
8249,2026-08-20,-0.08662887,-0.15288244,0.014676572,0.015891813,-5.9021254
3630,2026-08-20,-0.06342715,-0.06475474,0.010734752,0.013533775,-5.9080305
7736,2026-08-20,-0.08953139,-0.124928124,0.015149212,0.015439506,-5.9095798
4994,2026-08-20,-0.12395708,-0.17984769,0.020956928,0.0201538,-5.9145675
3308,2026-08-20,-0.12480369,-0.17353295,0.021094961,0.019687735,-5.9159994
5538,2026-08-20,-0.09337802,-0.056193568,0.01576395,0.01496965,-5.923141
3029,2026-08-20,-0.082463264,-0.10979854,0.013913568,0.016503654,-5.926398
6233,2026-08-20,-0.12575568,-0.19618535,0.021130543,0.027093071,-5.9510884
3025,2026-08-20,-0.111616105,-0.23424692,0.01874601,0.023985075,-5.953809
6680,2026-08-20,-0.08524631,-0.13137266,0.014306769,0.017698482,-5.9580436
1314,2026-08-20,-0.121333696,-0.1466561,0.020326722,0.02155819,-5.968878
6620,2026-08-20,-0.08916214,-0.101374514,0.014872603,0.015966084,-5.9946566
3027,2026-08-20,-0.09162463,-0.10205319,0.015253412,0.01720963,-6.006435
4533,2026-08-20,-0.10661249,-0.20473002,0.017746504,0.018938158,-6.007182
5285,2026-08-20,-0.08322568,-0.12829576,0.01385123,0.015023456,-6.008107
7818,2026-08-20,-0.081679754,-0.109735414,0.0135830175,0.018203914,-6.0129304
7788,2026-08-20,-0.13563451,-0.16180104,0.022543682,0.024465274,-6.016253
4968,2026-08-20,-0.10416155,-0.23203655,0.017295403,0.021136768,-6.022151
6122,2026-08-20,-0.098459564,-0.14896324,0.016308444,0.018405586,-6.0369663
1436,2026-08-20,-0.09748017,-0.09158058,0.016071185,0.021010695,-6.065147
2477,2026-08-20,-0.08993227,-0.11166702,0.01481582,0.018693468,-6.0696063
6796,2026-08-20,-0.12119571,-0.15439706,0.019954847,0.01912481,-6.073193
3591,2026-08-20,-0.13848394,-0.28004062,0.022759788,0.027485395,-6.084321
1725,2026-08-20,-0.09668948,-0.12094607,0.015849574,0.013122347,-6.100062
4722,2026-08-20,-0.089005776,-0.15842928,0.014589391,0.02145157,-6.100301
6923,2026-08-20,-0.09027102,-0.17277972,0.014783282,0.012577857,-6.105878
6150,2026-08-20,-0.10593837,-0.20842442,0.01733502,0.023845479,-6.110882
6237,2026-08-20,-0.08813413,-0.15691471,0.014381298,0.02309154,-6.127959
5201,2026-08-20,-0.10105718,-0.167501,0.016489556,0.016729085,-6.128185
7642,2026-08-20,-0.07103351,-0.078294784,0.011571868,0.01343196,-6.137934
3691,2026-08-20,-0.089258656,-0.25800428,0.014532836,0.028176151,-6.141438
6598,2026-08-20,-0.082257636,-0.056211796,0.01335118,0.015242104,-6.1606145
3701,2026-08-20,-0.11341011,-0.1823878,0.018398238,0.018439561,-6.163848
8085,2026-08-20,-0.10564076,-0.13287303,0.01712141,0.018058183,-6.169737
6546,2026-08-20,-0.13627195,-0.24693756,0.02205137,0.025626939,-6.1794696
6425,2026-08-20,-0.12801415,-0.26712245,0.020712161,0.023458028,-6.180329
6804,2026-08-20,-0.07099136,-0.06696544,0.011442488,0.016832072,-6.2036467
6405,2026-08-20,-0.110571906,-0.22495648,0.017819906,0.019562164,-6.2046175
3537,2026-08-20,-0.10366961,-0.16039386,0.016623352,0.015130997,-6.236009
2413,2026-08-20,-0.0894828,-0.17675512,0.014339063,0.018062573,-6.240056
5014,2026-08-20,-0.07872255,-0.11651303,0.0125828,0.01467731,-6.2558646
2359,2026-08-20,-0.11309382,-0.092864685,0.017967945,0.021121109,-6.2938485
1305,2026-08-20,-0.15198138,-0.20943063,0.023977704,0.022263058,-6.3381815
1796,2026-08-20,-0.10968588,-0.14546531,0.017264677,0.023776596,-6.352828
6937,2026-08-20,-0.094072945,-0.15823358,0.014806254,0.017160106,-6.353166
1465,2026-08-20,-0.10305289,-0.14873841,0.016217906,0.016166335,-6.353874
6517,2026-08-20,-0.16676553,-0.18796343,0.026147515,0.026708068,-6.377629
6895,2026-08-20,-0.14601405,-0.21871404,0.02288123,0.022298655,-6.3811107
7820,2026-08-20,-0.110336825,-0.16545029,0.017221102,0.021049155,-6.4066987
6720,2026-08-20,-0.09528747,-0.19379905,0.014868467,0.018086972,-6.408264
4164,2026-08-20,-0.10397467,-0.10695358,0.01621711,0.020051956,-6.411022
6576,2026-08-20,-0.10728987,-0.078913644,0.016726734,0.018165492,-6.4138913
3652,2026-08-20,-0.100815676,-0.13697557,0.01567903,0.015524567,-6.4295588
3049,2026-08-20,-0.12039622,-0.18148656,0.0187107,0.018578919,-6.434274
1809,2026-08-20,-0.11078233,-0.16697137,0.017210359,0.017901823,-6.4365826
4557,2026-08-20,-0.10181545,-0.09958237,0.015804466,0.018153382,-6.4417872
4577,2026-08-20,-0.15132242,-0.27155244,0.0234745,0.024962345,-6.4459724
1337,2026-08-20,-0.122336864,-0.15509933,0.018956661,0.020123838,-6.453162
3004,2026-08-20,-0.07770081,-0.15294997,0.01198908,0.014189829,-6.4804244
1595,2026-08-20,-0.1484125,-0.27863345,0.022831358,0.026305398,-6.500095
3296,2026-08-20,-0.0845455,-0.06824349,0.013000717,0.017276594,-6.5026407
3207,2026-08-20,-0.111373015,-0.20801568,0.0170274,0.022143587,-6.540427
1203,2026-08-20,-0.09765485,-0.055412948,0.014904758,0.01450507,-6.551485
6712,2026-08-20,-0.12669154,-0.13277873,0.019334354,0.017823454,-6.5523257
1717,2026-08-20,-0.15302543,-0.16259304,0.023271427,0.026006458,-6.5753965
3066,2026-08-20,-0.09383963,-0.13496862,0.014265776,0.020438382,-6.5774937
2634,2026-08-20,-0.08325256,-0.12610449,0.012651258,0.016149558,-6.580055
1587,2026-08-20,-0.07706192,-0.12687257,0.011696529,0.019986955,-6.5878806
6695,2026-08-20,-0.1016028,-0.14973924,0.0154176485,0.019229906,-6.589605
6416,2026-08-20,-0.094512254,-0.12738265,0.014341272,0.015574349,-6.5897684
6716,2026-08-20,-0.123018555,-0.21210815,0.018561423,0.02587803,-6.62729
8436,2026-08-20,-0.0810127,-0.10621739,0.012216829,0.014058447,-6.6306953
7792,2026-08-20,-0.14336847,-0.23742215,0.021598766,0.027889231,-6.6375012
7795,2026-08-20,-0.10812138,-0.19569327,0.016208632,0.022218673,-6.670193
4137,2026-08-20,-0.059847523,-0.05104818,0.008960077,0.011391484,-6.6786084
3346,2026-08-20,-0.08339235,-0.062217187,0.012471158,0.015315141,-6.6862807
3430,2026-08-20,-0.14110713,-0.21653077,0.021087687,0.027390547,-6.6911287
6441,2026-08-20,-0.092120916,-0.16944526,0.013763325,0.014558466,-6.69273
3550,2026-08-20,-0.10490095,-0.18402849,0.015661666,0.014527581,-6.6975155
1560,2026-08-20,-0.10971813,-0.07144957,0.01631961,0.012988679,-6.722673
5258,2026-08-20,-0.113392286,-0.17781274,0.016829351,0.015873877,-6.737369
6597,2026-08-20,-0.12406363,-0.14412698,0.01832221,0.023470515,-6.7708454
1732,2026-08-20,-0.07635026,-0.11551596,0.011260015,0.011753638,-6.7800508
3669,2026-08-20,-0.12737681,-0.1539434,0.018781886,0.019696828,-6.7815356
8103,2026-08-20,-0.143925,-0.20051254,0.021190884,0.022999419,-6.791515
7732,2026-08-20,-0.08598674,-0.1082491,0.012646781,0.014302229,-6.798563
1338,2026-08-20,-0.07663652,-0.10190376,0.011266666,0.015008528,-6.8014545
5426,2026-08-20,-0.14347996,-0.11477156,0.02108239,0.017188853,-6.805355
1108,2026-08-20,-0.10459097,-0.11638624,0.015339898,0.016865186,-6.817786
3073,2026-08-20,-0.108301304,-0.16796347,0.015872287,0.018784646,-6.8228655
3521,2026-08-20,-0.13118508,-0.1574566,0.019226199,0.021661751,-6.8228908
1584,2026-08-20,-0.10672711,-0.12141709,0.015530219,0.02023401,-6.871779
2901,2026-08-20,-0.1077974,-0.13131301,0.015670994,0.020601058,-6.878346
6204,2026-08-20,-0.13429083,-0.18113168,0.019486194,0.02262026,-6.8912344
6174,2026-08-20,-0.12373053,-0.14561816,0.017942302,0.018819928,-6.895639
4139,2026-08-20,-0.11455698,-0.08914561,0.016611068,0.015971428,-6.89601
3631,2026-08-20,-0.12634261,-0.15412945,0.018303506,0.02256965,-6.902268
8426,2026-08-20,-0.10440804,-0.1451237,0.015093612,0.01971162,-6.916908
8112,2026-08-20,-0.17488791,-0.1322564,0.025153814,0.024454027,-6.9524627
3564,2026-08-20,-0.09942687,-0.10436001,0.014299799,0.01929206,-6.95254
1444,2026-08-20,-0.08180322,-0.009242314,0.0117529705,0.015864126,-6.959624
5474,2026-08-20,-0.10386393,-0.20436946,0.014885286,0.022279145,-6.977155
8931,2026-08-20,-0.10298952,-0.11426164,0.014743359,0.021368556,-6.9850116
6952,2026-08-20,-0.10031797,-0.1321858,0.014357524,0.016374221,-6.986649
6153,2026-08-20,-0.09006147,-0.14477469,0.012864013,0.018685775,-7.0004954
3060,2026-08-20,-0.12382468,-0.1894543,0.017642837,0.018326845,-7.018013
8110,2026-08-20,-0.14101107,-0.23677029,0.020050393,0.025308229,-7.0324826
2208,2026-08-20,-0.09735965,-0.11834593,0.013834958,0.013304152,-7.0367117
7780,2026-08-20,-0.085911855,-0.08479815,0.01220395,0.013285893,-7.0390987
3040,2026-08-20,-0.12887989,-0.19690429,0.018301962,0.022878964,-7.041477
1532,2026-08-20,-0.117325574,-0.10256104,0.016644131,0.014983596,-7.048642
5450,2026-08-20,-0.113870874,-0.13393088,0.01614219,0.018354451,-7.0538025
1409,2026-08-20,-0.19988433,-0.19884719,0.028261386,0.026849946,-7.0724506
2012,2026-08-20,-0.098269925,-0.07416699,0.013886403,0.015367349,-7.0761914
6516,2026-08-20,-0.08546771,-0.13541718,0.012046656,0.013553035,-7.094136
3447,2026-08-20,-0.14676346,-0.20370318,0.020677548,0.022833213,-7.0973773
1236,2026-08-20,-0.13159527,-0.19277652,0.018525247,0.020276228,-7.1031804
6230,2026-08-20,-0.10506992,-0.12519139,0.014778023,0.018019428,-7.1093955
6649,2026-08-20,-0.13703792,-0.1976245,0.019237937,0.019710567,-7.1229463
6909,2026-08-20,-0.1215253,-0.21523914,0.01705233,0.02159999,-7.1261916
2538,2026-08-20,-0.09632279,-0.13905825,0.013512368,0.016745297,-7.127963
6221,2026-08-20,-0.07851178,-0.10082708,0.010993332,0.013806454,-7.141114
6733,2026-08-20,-0.113178775,-0.13614368,0.015828656,0.015590994,-7.1497936
6875,2026-08-20,-0.095659025,-0.09714664,0.013352969,0.01750046,-7.1633406
5278,2026-08-20,-0.07952194,-0.0898441,0.011026059,0.013483247,-7.2115273
6201,2026-08-20,-0.09103346,-0.1466425,0.012621789,0.019393211,-7.2118335
4714,2026-08-20,-0.1385615,-0.23415071,0.019211581,0.024458837,-7.212019
8099,2026-08-20,-0.107014425,-0.17341955,0.0148276985,0.019977067,-7.2167106
6224,2026-08-20,-0.17393635,-0.24137183,0.02394767,0.024607174,-7.2628818
4927,2026-08-20,-0.14756069,-0.3414645,0.020127805,0.026111698,-7.330822
8101,2026-08-20,-0.1538792,-0.21906087,0.020980317,0.022470698,-7.3341055
6967,2026-08-20,-0.15698062,-0.23085329,0.02137094,0.026208602,-7.345174
6469,2026-08-20,-0.087086774,-0.15347634,0.011844305,0.013450316,-7.3520074
3206,2026-08-20,-0.12045255,-0.21050648,0.016365081,0.019623531,-7.3598895
2022,2026-08-20,-0.16705163,-0.22597383,0.022687675,0.016258668,-7.362776
1470,2026-08-20,-0.084461324,-0.10255562,0.011450805,0.012416544,-7.375372
1435,2026-08-20,-0.20003669,-0.122071594,0.027043363,0.030374477,-7.396613
3444,2026-08-20,-0.19916834,-0.30699605,0.026805894,0.026550446,-7.429743
1526,2026-08-20,-0.13899985,-0.15101655,0.018669985,0.017463056,-7.444698
4438,2026-08-20,-0.10646631,-0.12572843,0.014271206,0.01530579,-7.459695
2228,2026-08-20,-0.12179796,-0.16282724,0.016316025,0.019287718,-7.464471
4561,2026-08-20,-0.19652666,-0.27423316,0.026320748,0.027710866,-7.4663224
6462,2026-08-20,-0.14835696,-0.26450714,0.019852493,0.02846152,-7.472587
2236,2026-08-20,-0.097438194,-0.15532586,0.013036964,0.014415089,-7.4734206
1443,2026-08-20,-0.086043835,-0.09582111,0.011498479,0.012965105,-7.4824114
3609,2026-08-20,-0.10121972,-0.10254356,0.013525681,0.017483596,-7.482968
1440,2026-08-20,-0.093097806,-0.08178555,0.012432204,0.01665743,-7.4878373
4540,2026-08-20,-0.09431934,-0.15655215,0.012578708,0.018353768,-7.497737
1785,2026-08-20,-0.17191012,-0.19831482,0.022866873,0.032542214,-7.5175385
3548,2026-08-20,-0.17036168,-0.2609084,0.022633158,0.026537597,-7.5267515
8927,2026-08-20,-0.13360587,-0.07767366,0.017724497,0.019714663,-7.537496
6841,2026-08-20,-0.12545253,-0.16071387,0.016598566,0.017681438,-7.557579
2409,2026-08-20,-0.11804748,-0.22044764,0.015597103,0.01960907,-7.5680666
1201,2026-08-20,-0.075699046,-0.06712535,0.009982383,0.01383679,-7.5825043
6617,2026-08-20,-0.1340984,-0.17348792,0.017683007,0.020562697,-7.583032
8072,2026-08-20,-0.103238374,-0.20716406,0.013553002,0.015779044,-7.6168184
4903,2026-08-20,-0.15475582,-0.19765018,0.020303035,0.017623715,-7.621924
6671,2026-08-20,-0.11705647,-0.1402647,0.015284673,0.018620022,-7.65792
1454,2026-08-20,-0.08978263,-0.12410747,0.0117216455,0.017265385,-7.658905
3056,2026-08-20,-0.10615311,-0.11165027,0.013856875,0.017264862,-7.660129
3168,2026-08-20,-0.0764822,-0.13041767,0.009982624,0.013187166,-7.6607647
4419,2026-08-20,-0.098258995,-0.12311599,0.012786089,0.0131934555,-7.6842346
2461,2026-08-20,-0.09551163,-0.13933776,0.012408214,0.014098653,-7.6968317
2723,2026-08-20,-0.10413728,-0.09469778,0.013520788,0.01883759,-7.7014427
2743,2026-08-20,-0.11978088,-0.22116137,0.015550907,0.016858974,-7.7020063
7703,2026-08-20,-0.09707079,-0.19282171,0.012591628,0.015109704,-7.708541
8011,2026-08-20,-0.1013477,-0.16253614,0.013145544,0.01621444,-7.7090755
3042,2026-08-20,-0.14200322,-0.16660944,0.018413095,0.023567908,-7.711659
2468,2026-08-20,-0.14049834,-0.19025408,0.01821581,0.021778543,-7.712565
3322,2026-08-20,-0.15226005,-0.20127156,0.019739594,0.024926143,-7.7130427
3388,2026-08-20,-0.18560092,-0.25645933,0.024037769,0.03128178,-7.7208996
4716,2026-08-20,-0.13137752,-0.16492519,0.016962212,0.016077427,-7.744849
8937,2026-08-20,-0.2897297,-0.36254826,0.03738552,0.04376956,-7.7495775
2365,2026-08-20,-0.14113644,-0.23919058,0.018155139,0.021238867,-7.773483
4909,2026-08-20,-0.15785845,-0.28447914,0.020284172,0.026298806,-7.7819624
3043,2026-08-20,-0.12158036,-0.20132868,0.015580647,0.021534342,-7.802793
3685,2026-08-20,-0.12883338,-0.11400429,0.01649068,0.016167928,-7.812023
3226,2026-08-20,-0.12279763,-0.18299805,0.015677985,0.019673891,-7.8319883
2905,2026-08-20,-0.12998597,-0.086787134,0.01658458,0.01578314,-7.837288
4956,2026-08-20,-0.15398908,-0.25886232,0.019602643,0.02488302,-7.8551254
6743,2026-08-20,-0.25149816,-0.21951967,0.032009378,0.026433859,-7.85677
4426,2026-08-20,-0.087582015,-0.09371298,0.0110614225,0.0127269365,-7.9170737
6753,2026-08-20,-0.1603062,-0.22702271,0.020244753,0.022476567,-7.918016
6928,2026-08-20,-0.15822616,-0.16022564,0.019941885,0.018731145,-7.933965
3152,2026-08-20,-0.09781893,-0.25810492,0.012303092,0.022853915,-7.9501143
3006,2026-08-20,-0.14226821,-0.24444243,0.017850362,0.02129748,-7.9695997
3323,2026-08-20,-0.14589192,-0.22210766,0.018205505,0.01942723,-8.013175
5392,2026-08-20,-0.14606924,-0.16419713,0.018208733,0.019430477,-8.021493
6538,2026-08-20,-0.18217239,-0.18228942,0.02269554,0.023598341,-8.026439
4923,2026-08-20,-0.14556052,-0.178789,0.018123593,0.024947446,-8.031105
4949,2026-08-20,-0.14737208,-0.28463718,0.018343445,0.023632206,-8.033608
5530,2026-08-20,-0.10241587,-0.058994967,0.0127348695,0.015669696,-8.041529
6965,2026-08-20,-0.11381455,-0.117366605,0.014129064,0.017299866,-8.054779
3663,2026-08-20,-0.10615523,-0.20043164,0.013111216,0.021452406,-8.095903
3230,2026-08-20,-0.17553987,-0.15662317,0.02167078,0.02287019,-8.099929
6294,2026-08-20,-0.1347362,-0.245533,0.016562907,0.018909527,-8.134324
1449,2026-08-20,-0.10188978,-0.10059575,0.012454921,0.017033989,-8.180028
1525,2026-08-20,-0.11500021,-0.124143474,0.014015996,0.01826348,-8.204341
1605,2026-08-20,-0.15015003,-0.18501431,0.018285127,0.022570532,-8.211144
1623,2026-08-20,-0.08785788,-0.147688,0.010664013,0.017750435,-8.237953
3441,2026-08-20,-0.1794247,-0.29577744,0.021766482,0.026999477,-8.242786
2614,2026-08-20,-0.13403922,-0.22157843,0.016220558,0.018803619,-8.26303
6220,2026-08-20,-0.13130145,-0.18321593,0.015875503,0.022355527,-8.270174
2913,2026-08-20,-0.12690637,-0.17281345,0.015340306,0.017804896,-8.272201
2312,2026-08-20,-0.14380589,-0.23539299,0.017349366,0.024037214,-8.288349
5263,2026-08-20,-0.14777589,-0.20323712,0.017814785,0.019053357,-8.294661
6532,2026-08-20,-0.20922679,-0.30501422,0.02520979,0.035683386,-8.299097
1225,2026-08-20,-0.18379489,-0.2309925,0.022121215,0.021091543,-8.308159
5291,2026-08-20,-0.21963874,-0.36954495,0.026409565,0.029831573,-8.316321
1295,2026-08-20,-0.111409836,-0.17666374,0.013394022,0.01858886,-8.317256
3485,2026-08-20,-0.15416902,-0.2253488,0.018533304,0.02060505,-8.318037
1784,2026-08-20,-0.1537549,-0.24849123,0.01847462,0.022354249,-8.322043
3628,2026-08-20,-0.13877754,-0.22945666,0.016664708,0.020456921,-8.327131
3379,2026-08-20,-0.17767663,-0.26704183,0.021326786,0.027232802,-8.330758
3234,2026-08-20,-0.19892937,-0.26411128,0.0238418,0.024731765,-8.343372
2939,2026-08-20,-0.11964955,-0.17087772,0.014325999,0.013879637,-8.351334
3013,2026-08-20,-0.11580305,-0.23908448,0.013846511,0.018859487,-8.362734
6865,2026-08-20,-0.1845009,-0.25596052,0.022057323,0.025600221,-8.364231
6859,2026-08-20,-0.15325986,-0.18852492,0.0183195,0.024040053,-8.365484
2032,2026-08-20,-0.1242387,-0.18896052,0.014843129,0.017733166,-8.369552
1582,2026-08-20,-0.10672214,-0.17300794,0.012744522,0.014015687,-8.373304
1810,2026-08-20,-0.17077774,-0.24923237,0.020391066,0.036793355,-8.374715
6934,2026-08-20,-0.13257965,-0.14348873,0.015796619,0.024795022,-8.392383
3594,2026-08-20,-0.13205752,-0.20388988,0.015700063,0.016834583,-8.410737
6173,2026-08-20,-0.16396655,-0.24767269,0.019409912,0.023887308,-8.447133
3362,2026-08-20,-0.119689874,-0.15057969,0.014115228,0.017670067,-8.478885
1321,2026-08-20,-0.11265359,-0.12551942,0.013271185,0.012106714,-8.4879465
6658,2026-08-20,-0.12936202,-0.23361038,0.015223879,0.02194012,-8.496752
6275,2026-08-20,-0.18271151,-0.2800104,0.021437567,0.026561435,-8.522562
1110,2026-08-20,-0.14323013,-0.111478336,0.016774604,0.01936889,-8.538001
1325,2026-08-20,-0.12441643,-0.17284168,0.01452976,0.016588416,-8.56228
2038,2026-08-20,-0.11242075,-0.15325771,0.013119595,0.012373929,-8.568266
3047,2026-08-20,-0.14148499,-0.1749941,0.016458573,0.024749076,-8.595909
1517,2026-08-20,-0.13255702,-0.13788028,0.01533962,0.01579908,-8.640916
1568,2026-08-20,-0.13538517,-0.17365932,0.015621625,0.019283382,-8.665968
1583,2026-08-20,-0.17213134,-0.15814044,0.01981508,0.017050583,-8.686448
1447,2026-08-20,-0.13289079,-0.060237125,0.015290612,0.016959399,-8.690436
9938,2026-08-20,-0.10953761,-0.14058991,0.012592102,0.016039247,-8.698222
9955,2026-08-20,-0.1432931,-0.22331318,0.016464697,0.017670918,-8.702522
6829,2026-08-20,-0.16348211,-0.22627833,0.018753884,0.028123377,-8.716775
1466,2026-08-20,-0.17419846,-0.19321094,0.01995897,0.02055888,-8.727391
6218,2026-08-20,-0.19218807,-0.2589294,0.022009969,0.02581464,-8.731468
2230,2026-08-20,-0.12422962,-0.22054453,0.014206838,0.017724086,-8.743738
2104,2026-08-20,-0.21371715,-0.23755518,0.024302136,0.02430709,-8.793809
4304,2026-08-20,-0.15908654,-0.24372362,0.018062059,0.021451632,-8.807286
7584,2026-08-20,-0.11988244,-0.20273486,0.0135749215,0.016010877,-8.83052
4746,2026-08-20,-0.18281825,-0.20538673,0.02067948,0.019565906,-8.840136
2601,2026-08-20,-0.19506916,-0.13391002,0.02205515,0.020448642,-8.844208
6689,2026-08-20,-0.11008954,-0.18626584,0.012429378,0.0155439265,-8.856492
3339,2026-08-20,-0.1917711,-0.27104598,0.021600375,0.022938201,-8.877727
6108,2026-08-20,-0.2019747,-0.20700416,0.022738693,0.026204452,-8.882032
6133,2026-08-20,-0.19225469,-0.26601508,0.021574186,0.025425479,-8.910917
2524,2026-08-20,-0.1056716,-0.08690863,0.011855249,0.012727086,-8.912734
1530,2026-08-20,-0.1297187,-0.1326062,0.014540265,0.015271551,-8.920731
1904,2026-08-20,-0.15098333,-0.076232195,0.016907075,0.0145959025,-8.929658
3138,2026-08-20,-0.16170114,-0.35222352,0.0181001,0.025837792,-8.933222
2530,2026-08-20,-0.15924232,-0.2005791,0.017783768,0.018780274,-8.953859
1312,2026-08-20,-0.13072972,-0.23169218,0.014553477,0.01967284,-8.982097
6530,2026-08-20,-0.253705,-0.35658598,0.028200824,0.03058222,-8.996049
6130,2026-08-20,-0.1648124,-0.20028949,0.018229622,0.023392992,-9.040416
3149,2026-08-20,-0.18253565,-0.24462041,0.020186175,0.030277267,-9.042159
6840,2026-08-20,-0.16624904,-0.19253111,0.018375961,0.018382136,-9.046601
4566,2026-08-20,-0.12828664,-0.1705223,0.014140923,0.01880738,-9.071372
1456,2026-08-20,-0.14553116,-0.15289521,0.016040182,0.014670809,-9.072347
6116,2026-08-20,-0.20312494,-0.29833376,0.022358537,0.024852285,-9.084488
4190,2026-08-20,-0.12883724,-0.11808761,0.014175238,0.015772788,-9.088253
2364,2026-08-20,-0.13514583,-0.16628876,0.014861266,0.020720962,-9.093218
2540,2026-08-20,-0.15710963,-0.14452836,0.017233234,0.017850004,-9.116137
1524,2026-08-20,-0.14025675,-0.20191622,0.015305229,0.019478409,-9.163377
2630,2026-08-20,-0.17406566,-0.1680863,0.018990373,0.021175422,-9.165512
6118,2026-08-20,-0.116725124,-0.17588285,0.0126975095,0.017398823,-9.192034
6541,2026-08-20,-0.18261664,-0.15305082,0.019849544,0.021119572,-9.199578
5283,2026-08-20,-0.11318096,-0.13563605,0.012247948,0.014253436,-9.240055
1786,2026-08-20,-0.17246981,-0.2636303,0.018642478,0.019580137,-9.250946
6418,2026-08-20,-0.15018582,-0.20402908,0.016228193,0.017712401,-9.254053
4171,2026-08-20,-0.111461595,-0.1256538,0.012039224,0.017525116,-9.257436
6488,2026-08-20,-0.16736992,-0.25401253,0.018038835,0.026581168,-9.277796
9136,2026-08-20,-0.1946025,-0.21169928,0.02095039,0.020205673,-9.288286
5531,2026-08-20,-0.15752736,-0.16440728,0.016951403,0.01668404,-9.292332
2030,2026-08-20,-0.15207186,-0.14031985,0.016303962,0.018295273,-9.326723
6657,2026-08-20,-0.16333376,-0.20760962,0.01750936,0.021246472,-9.327835
4160,2026-08-20,-0.12605008,-0.20833899,0.013502189,0.016075883,-9.334838
1742,2026-08-20,-0.15652864,-0.19633713,0.016751401,0.021385038,-9.343654
1569,2026-08-20,-0.21583337,-0.33802667,0.02303756,0.023192108,-9.368353
4737,2026-08-20,-0.16865577,-0.16083603,0.017973384,0.017549388,-9.383118
1309,2026-08-20,-0.1376755,-0.23646154,0.014624357,0.020630976,-9.413479
8404,2026-08-20,-0.13498548,-0.12389395,0.014264694,0.014225959,-9.462243
2641,2026-08-20,-0.15701604,-0.19777162,0.016573923,0.015988983,-9.473108
1219,2026-08-20,-0.14359923,-0.16815409,0.015146936,0.019661302,-9.479788
3002,2026-08-20,-0.12905854,-0.17773014,0.013566598,0.018236486,-9.512261
3712,2026-08-20,-0.16799943,-0.18359439,0.0176405,0.01739914,-9.522967
2476,2026-08-20,-0.23391122,-0.43482316,0.024521144,0.035991024,-9.5387745
1410,2026-08-20,-0.24308087,-0.3102249,0.025430871,0.025313402,-9.55812
4198,2026-08-20,-0.13575576,-0.13539289,0.014156451,0.019777348,-9.588997
8354,2026-08-20,-0.11946532,-0.15692228,0.012393697,0.012351445,-9.638422
5381,2026-08-20,-0.15772864,-0.25013897,0.016363222,0.023761127,-9.638627
2231,2026-08-20,-0.17992462,-0.24522251,0.018607646,0.020727037,-9.668872
4976,2026-08-20,-0.16984013,-0.22004698,0.017478092,0.02126355,-9.71676
5292,2026-08-20,-0.24404444,-0.29343453,0.025090655,0.026926719,-9.726119
8374,2026-08-20,-0.16913857,-0.25575146,0.017270807,0.019096697,-9.792754
3018,2026-08-20,-0.20341189,-0.18659137,0.020711478,0.02842463,-9.820742
5202,2026-08-20,-0.13046,-0.17742239,0.013281174,0.020944314,-9.822186
8162,2026-08-20,-0.1692796,-0.21029074,0.017222913,0.018394344,-9.828174
1789,2026-08-20,-0.1323616,-0.11373023,0.01342773,0.013885122,-9.856599
1909,2026-08-20,-0.14658575,-0.0801524,0.014847622,0.019571215,-9.87201
2612,2026-08-20,-0.11948368,-0.13096997,0.012080663,0.01661861,-9.889671
4911,2026-08-20,-0.1513349,-0.1927901,0.0152598135,0.01808316,-9.916568
8171,2026-08-20,-0.16534042,-0.23915876,0.016606249,0.020419387,-9.955918
8472,2026-08-20,-0.12216222,-0.13022365,0.012262937,0.012011856,-9.961094
2514,2026-08-20,-0.1368139,-0.16408625,0.013732527,0.01576923,-9.962036
1455,2026-08-20,-0.11553474,-0.1248061,0.011593204,0.014633522,-9.96487
4127,2026-08-20,-0.25412062,-0.22832896,0.025495252,0.019665407,-9.966979
4549,2026-08-20,-0.15553507,-0.2307318,0.015598746,0.014668084,-9.970359
2009,2026-08-20,-0.14172058,-0.1533412,0.01420457,0.013611259,-9.976409
5907,2026-08-20,-0.20620896,-0.22688697,0.02051622,0.015512,-10.05053
6794,2026-08-20,-0.15065163,-0.19405632,0.014987388,0.015256162,-10.051224
3092,2026-08-20,-0.17192313,-0.242666,0.017101493,0.021499632,-10.052519
8431,2026-08-20,-0.14967324,-0.26666304,0.014851906,0.022419583,-10.077034
1529,2026-08-20,-0.1730093,-0.25903183,0.017151061,0.020287026,-10.086794
4157,2026-08-20,-0.10026877,-0.15707515,0.009898208,0.01556699,-10.128968
4166,2026-08-20,-0.12523185,-0.08628292,0.012346818,0.0138674285,-10.142022
2239,2026-08-20,-0.18575904,-0.19226494,0.018256042,0.021069795,-10.174651
2613,2026-08-20,-0.23397507,-0.27528304,0.022788528,0.024873542,-10.26678
4109,2026-08-20,-0.13118309,-0.17058037,0.012774144,0.018223861,-10.268619
4564,2026-08-20,-0.16544421,-0.21824503,0.0161056,0.019816525,-10.271827
3543,2026-08-20,-0.24543492,-0.27732447,0.023876501,0.026406929,-10.27892
9919,2026-08-20,-0.14569636,-0.17339942,0.0140743125,0.015007915,-10.351198
6668,2026-08-20,-0.14928849,-0.17744896,0.0143901985,0.015579098,-10.373596
1308,2026-08-20,-0.15776794,-0.17388077,0.015115988,0.018217422,-10.436466
6823,2026-08-20,-0.23392852,-0.3474734,0.022373475,0.032266192,-10.455151
7714,2026-08-20,-0.2366409,-0.30802009,0.022594962,0.025575139,-10.472707
8044,2026-08-20,-0.1692462,-0.15902464,0.016150175,0.01517588,-10.478878
1616,2026-08-20,-0.15263668,-0.1985836,0.014509018,0.0153349405,-10.5194
6148,2026-08-20,-0.1929059,-0.2672331,0.018304246,0.022075,-10.538285
2258,2026-08-20,-0.1143699,-0.10622644,0.010841579,0.012342428,-10.548219
4413,2026-08-20,-0.17275737,-0.17213303,0.016371483,0.021150194,-10.55169
2102,2026-08-20,-0.13229643,-0.103001274,0.012527899,0.014079805,-10.559302
7842,2026-08-20,-0.20050952,-0.24249576,0.018838,0.023562104,-10.643321
2756,2026-08-20,-0.1663319,-0.22014068,0.015565109,0.015250016,-10.685515
3552,2026-08-20,-0.15833758,-0.21220016,0.01474629,0.017405622,-10.736724
6589,2026-08-20,-0.2628002,-0.27475712,0.024377894,0.02284623,-10.779824
6569,2026-08-20,-0.12279572,-0.16678585,0.01136114,0.014852089,-10.8074465
2451,2026-08-20,-0.21710578,-0.33593065,0.019957956,0.025674159,-10.877612
6588,2026-08-20,-0.24626732,-0.31768206,0.022592941,0.021168329,-10.899706
1563,2026-08-20,-0.23718856,-0.22259566,0.021736495,0.021694565,-10.911494
6163,2026-08-20,-0.23369932,-0.3829549,0.021397077,0.03339221,-10.921511
4510,2026-08-20,-0.19580866,-0.30183208,0.017793577,0.024517383,-11.003839
6243,2026-08-20,-0.27834037,-0.39151153,0.025208535,0.02767789,-11.041075
6957,2026-08-20,-0.14421415,-0.097487584,0.013059847,0.012504956,-11.041715
4430,2026-08-20,-0.1778693,-0.22872949,0.016076948,0.017488306,-11.062935
4562,2026-08-20,-0.19867572,-0.3252664,0.017947778,0.023659825,-11.069038
4163,2026-08-20,-0.15877108,-0.14345916,0.014184356,0.0135595575,-11.192605
6624,2026-08-20,-0.21128568,-0.28979295,0.018848995,0.019483436,-11.208793
1235,2026-08-20,-0.1702932,-0.16987212,0.015179241,0.013582565,-11.218082
7799,2026-08-20,-0.23688039,-0.26766273,0.021089233,0.025760723,-11.231757
4119,2026-08-20,-0.2201375,-0.1663725,0.019464182,0.023978777,-11.309296
6933,2026-08-20,-0.20830376,-0.29554805,0.018380241,0.020002436,-11.33241
2254,2026-08-20,-0.18171787,-0.18325537,0.015965125,0.015753042,-11.381464
8467,2026-08-20,-0.13340147,-0.18488926,0.01168547,0.01237416,-11.415035
6101,2026-08-20,-0.25884292,-0.37550926,0.022663523,0.021705799,-11.420621
5487,2026-08-20,-0.19032876,-0.2639009,0.016648179,0.018581603,-11.431721
6426,2026-08-20,-0.23769093,-0.32012236,0.020789223,0.029609516,-11.432822
8222,2026-08-20,-0.21166877,-0.2779581,0.01843904,0.024107395,-11.478759
2033,2026-08-20,-0.23826602,-0.23890658,0.020752406,0.021837765,-11.480815
1710,2026-08-20,-0.1863105,-0.2240524,0.016093478,0.019087858,-11.576051
1310,2026-08-20,-0.21707965,-0.277125,0.018671492,0.022361377,-11.625639
6869,2026-08-20,-0.17654385,-0.18617052,0.015103474,0.015375662,-11.688182
1522,2026-08-20,-0.1700712,-0.1669976,0.014491208,0.018529827,-11.735354
4142,2026-08-20,-0.18490605,-0.22683534,0.01572446,0.021491379,-11.758388
4128,2026-08-20,-0.15424462,-0.19850238,0.012964763,0.015806023,-11.896301
1799,2026-08-20,-0.1837037,-0.24643974,0.015418339,0.020728583,-11.913851
8045,2026-08-20,-0.21421328,-0.2769211,0.01797856,0.021978034,-11.914267
7777,2026-08-20,-0.3316383,-0.3186938,0.02766025,0.024428748,-11.989274
1903,2026-08-20,-0.14070038,-0.10821951,0.011708772,0.014133552,-12.015638
6919,2026-08-20,-0.18804985,-0.18498357,0.015532598,0.016975634,-12.106008
2241,2026-08-20,-0.22997113,-0.24462904,0.018805942,0.01872165,-12.227991
6504,2026-08-20,-0.2094309,-0.23082672,0.017123483,0.018082578,-12.229911
5321,2026-08-20,-0.28685236,-0.27447042,0.023367826,0.028470686,-12.275001
6603,2026-08-20,-0.23071475,-0.27369803,0.018665124,0.02283326,-12.360078
1414,2026-08-20,-0.26488703,-0.2533097,0.021405065,0.022425942,-12.374392
4726,2026-08-20,-0.15081225,-0.14202338,0.012047457,0.014702179,-12.517142
6141,2026-08-20,-0.2602862,-0.27172554,0.020518644,0.026853472,-12.684733
4414,2026-08-20,-0.1432795,-0.12319599,0.011263151,0.013259243,-12.7199545
5608,2026-08-20,-0.2899953,-0.28821766,0.022508362,0.025570355,-12.88332
2250,2026-08-20,-0.21413603,-0.28163573,0.016577879,0.020792486,-12.916195
2331,2026-08-20,-0.18725754,-0.21569416,0.01431365,0.019350009,-13.081531
8071,2026-08-20,-0.18826157,-0.16562618,0.014350439,0.0182393,-13.117957
4303,2026-08-20,-0.20356081,-0.27839077,0.015490109,0.018060103,-13.140493
2611,2026-08-20,-0.16658042,-0.13840456,0.0126580885,0.016096706,-13.158958
3176,2026-08-20,-0.20456435,-0.23331673,0.015541146,0.018474136,-13.161912
2017,2026-08-20,-0.23099963,-0.25197583,0.017358478,0.016705088,-13.30683
6499,2026-08-20,-0.31616348,-0.37997726,0.023437321,0.026720796,-13.489169
4743,2026-08-20,-0.14810883,-0.2182607,0.010943894,0.01670278,-13.532229
8438,2026-08-20,-0.20096724,-0.27279675,0.014797934,0.017427886,-13.579845
5521,2026-08-20,-0.21579385,-0.2676267,0.015863176,0.023882154,-13.602588
1905,2026-08-20,-0.21890059,-0.19073404,0.015696403,0.01815539,-13.94502
1316,2026-08-20,-0.3648182,-0.39332733,0.025847362,0.025303697,-14.113783
4174,2026-08-20,-0.23404399,-0.20052834,0.016510168,0.02425923,-14.17489
5481,2026-08-20,-0.22061573,-0.24213043,0.01544243,0.012166533,-14.28541
4147,2026-08-20,-0.26631245,-0.28827912,0.01709967,0.02572023,-15.573217
1536,2026-08-20,-0.22579938,-0.28613245,0.014397968,0.020042138,-15.681637
2417,2026-08-20,-0.20414326,-0.26383346,0.01278351,0.017072897,-15.968016
6870,2026-08-20,-0.24693534,-0.21810167,0.014930777,0.01977907,-16.53757
