stock_id,Date,Score_20d,Score_60d,Unc_20d,Unc_60d,SQ_20d
5475,2026-07-31,0.38259456,0.25520986,0.030379074,0.031079933,12.593602
4961,2026-07-31,0.19659205,0.13603261,0.016545435,0.017923634,11.881232
6234,2026-07-31,0.2429661,0.1478467,0.02073577,0.02522899,11.71668
2486,2026-07-31,0.5764941,0.45782325,0.04990228,0.065894224,11.552229
2421,2026-07-31,0.16364308,0.10888874,0.014288431,0.012724504,11.452036
2357,2026-07-31,0.19473536,0.21802083,0.017044522,0.01869731,11.424429
3708,2026-07-31,0.335153,0.36066824,0.029512465,0.028122151,11.355936
6443,2026-07-31,0.23632462,0.18275878,0.020933434,0.027214894,11.288799
3010,2026-07-31,0.15127672,0.13822594,0.013943541,0.020120697,10.848454
6269,2026-07-31,0.24541555,0.20573266,0.022732122,0.023359083,10.795506
3086,2026-07-31,0.17312813,0.18832813,0.016037295,0.018780578,10.794672
2455,2026-07-31,0.3354165,0.2983141,0.031306088,0.029800333,10.713757
6278,2026-07-31,0.18579392,0.15327206,0.017572908,0.021826064,10.572146
6525,2026-07-31,0.22042948,0.12625009,0.020924157,0.023116432,10.534185
6271,2026-07-31,0.21144034,0.14363837,0.020132283,0.022485679,10.502029
3661,2026-07-31,0.16935436,0.17883192,0.016382908,0.01639867,10.336628
6982,2026-07-31,0.1748254,0.18209307,0.016922314,0.021803306,10.330447
2375,2026-07-31,0.1982403,0.072795704,0.019267034,0.01915708,10.288559
5288,2026-07-31,0.18691346,0.16175713,0.018188693,0.024829935,10.27579
6121,2026-07-31,0.18399724,0.17489336,0.018063031,0.016936958,10.185835
3044,2026-07-31,0.240905,0.255391,0.02365515,0.02493269,10.18361
3596,2026-07-31,0.17023908,0.14136489,0.016723467,0.015587829,10.179043
4960,2026-07-31,0.190564,0.08411671,0.018935237,0.021305237,10.063457
8261,2026-07-31,0.19231224,0.03711671,0.019128496,0.01978304,10.053179
6456,2026-07-31,0.22904065,0.18182649,0.022912923,0.031342823,9.995698
2330,2026-07-31,0.14520189,0.13025942,0.014649444,0.023363812,9.911091
3533,2026-07-31,0.13385326,0.134167,0.013522688,0.012188403,9.897689
2342,2026-07-31,0.19476338,0.035519224,0.019699011,0.023067502,9.88646
6962,2026-07-31,0.1620843,0.13781877,0.016597874,0.016699951,9.764776
3680,2026-07-31,0.17497201,0.14348762,0.01793508,0.018824488,9.755309
2478,2026-07-31,0.27141228,0.12853245,0.027863545,0.02237,9.740417
5464,2026-07-31,0.4265674,0.36411664,0.044382732,0.034908727,9.610896
6229,2026-07-31,0.18257444,0.15589158,0.019144252,0.022123398,9.536278
4908,2026-07-31,0.14422375,0.01768738,0.015197044,0.019406864,9.489625
5274,2026-07-31,0.13914786,0.12201206,0.014767743,0.01742913,9.421782
3711,2026-07-31,0.27051386,0.29956856,0.029078908,0.025016984,9.302432
2207,2026-07-31,0.15390326,0.16920249,0.016601937,0.022794599,9.269641
6510,2026-07-31,0.12448862,0.058788992,0.013516509,0.018336764,9.2094345
6584,2026-07-31,0.16842324,0.12906195,0.018422402,0.017444273,9.141809
2308,2026-07-31,0.11796103,0.12386255,0.012971425,0.016658021,9.093213
3465,2026-07-31,0.124185406,0.077079326,0.013741427,0.016058136,9.036643
2355,2026-07-31,0.16063328,0.11705753,0.017892739,0.02104816,8.977066
4971,2026-07-31,0.33481535,0.3108968,0.037548266,0.042318977,8.916696
2426,2026-07-31,0.24773194,0.14345652,0.027865147,0.026043605,8.890068
1304,2026-07-31,0.15648752,0.11907347,0.017603053,0.020740103,8.88929
4526,2026-07-31,0.1893331,0.15123759,0.021369424,0.028516183,8.859586
3211,2026-07-31,0.23840696,0.15122524,0.027069306,0.032819852,8.806954
6244,2026-07-31,0.19613197,0.081241675,0.022272874,0.019295253,8.805472
6015,2026-07-31,0.2426838,0.29804972,0.027602592,0.032771096,8.791747
2360,2026-07-31,0.112953454,0.10398576,0.012904914,0.018744893,8.752069
3593,2026-07-31,0.13303965,0.046977926,0.015205662,0.019574981,8.748775
2338,2026-07-31,0.18293054,0.11518701,0.02096407,0.02393496,8.725492
3088,2026-07-31,0.19991642,0.12907895,0.022929098,0.03743803,8.718515
3236,2026-07-31,0.24272043,0.10271222,0.027857844,0.027771631,8.712509
8299,2026-07-31,0.12345641,0.065740615,0.014295411,0.0138148125,8.635483
3022,2026-07-31,0.17665821,0.09619926,0.020618197,0.02407636,8.567657
2399,2026-07-31,0.18111344,0.064498134,0.02121527,0.016600508,8.536535
6175,2026-07-31,0.16744515,0.06832827,0.019750888,0.022612426,8.477426
8039,2026-07-31,0.16398238,0.08992211,0.019360008,0.019246511,8.469723
1617,2026-07-31,0.2042113,0.16742007,0.024148095,0.026122898,8.456271
3227,2026-07-31,0.21126114,0.12914796,0.025151085,0.02336719,8.399349
8103,2026-07-31,0.14107667,0.06725895,0.016795633,0.019053362,8.399104
5351,2026-07-31,0.22333169,0.16887036,0.02671522,0.029692655,8.359405
6026,2026-07-31,0.18954903,0.21083044,0.022706067,0.023409626,8.347579
4991,2026-07-31,0.45856136,0.35466453,0.054932717,0.057639863,8.34754
3581,2026-07-31,0.1641883,0.063662775,0.019694777,0.020148067,8.336218
3014,2026-07-31,0.1492324,0.12483546,0.017930286,0.017301863,8.322459
6683,2026-07-31,0.14450337,0.08060576,0.017396463,0.019813724,8.306003
3031,2026-07-31,0.16053377,0.10170235,0.019340279,0.01981067,8.30006
2402,2026-07-31,0.12695721,0.051578347,0.015316002,0.017604766,8.288646
1714,2026-07-31,0.273579,0.20786314,0.033015124,0.031946845,8.286224
6862,2026-07-31,0.17856357,0.06494623,0.0215557,0.018891335,8.283437
3557,2026-07-31,0.20185585,0.1967929,0.024371993,0.027072761,8.281948
5234,2026-07-31,0.12164513,0.09357616,0.014712976,0.018633079,8.267319
3265,2026-07-31,0.13659336,0.03572486,0.016533716,0.014461447,8.261004
7749,2026-07-31,0.10779191,0.02093163,0.013071005,0.01501723,8.246012
4977,2026-07-31,0.11100645,0.02118762,0.013494351,0.017130127,8.225533
2484,2026-07-31,0.1638368,0.026184613,0.019917103,0.025939178,8.225523
6548,2026-07-31,0.13864438,0.09237508,0.016893279,0.017167263,8.206588
6735,2026-07-31,0.15259641,0.040664747,0.018628238,0.016788818,8.191232
2393,2026-07-31,0.14797217,0.13720608,0.0181842,0.01893272,8.136955
2481,2026-07-31,0.19577414,0.06494209,0.024079181,0.030542057,8.130094
3293,2026-07-31,0.15859513,0.19754696,0.019694729,0.021447487,8.05226
3624,2026-07-31,0.27106446,0.14661346,0.03370078,0.029269522,8.043032
6023,2026-07-31,0.10982878,0.14051256,0.013762484,0.015849993,7.979722
3380,2026-07-31,0.116278775,0.064568,0.014582469,0.021362495,7.973327
6426,2026-07-31,0.14167048,0.0051010223,0.017775124,0.022691121,7.969706
2474,2026-07-31,0.106120065,0.08026247,0.0133233,0.017940063,7.964401
2428,2026-07-31,0.1400483,0.1300536,0.017595446,0.016499538,7.9588966
6515,2026-07-31,0.10002472,0.036581635,0.012687138,0.011887123,7.883325
3016,2026-07-31,0.42349634,0.23399185,0.054056607,0.040342033,7.8341675
3034,2026-07-31,0.129748,0.13012186,0.01656907,0.021437252,7.830262
2493,2026-07-31,0.18907881,0.14896783,0.024178918,0.026416583,7.8196626
6789,2026-07-31,0.13805753,0.16488014,0.017710548,0.018404646,7.794775
3093,2026-07-31,0.14043427,0.059484433,0.018022342,0.022798821,7.7917995
3376,2026-07-31,0.12899701,0.052241523,0.016625308,0.017076777,7.7586083
6257,2026-07-31,0.19676885,0.14157015,0.025452558,0.02550589,7.7305045
8289,2026-07-31,0.15028186,0.016773276,0.019532291,0.027121939,7.6936274
2340,2026-07-31,0.15493304,0.088885285,0.020151123,0.025821801,7.6881742
4979,2026-07-31,0.318275,0.25111783,0.041680858,0.038356464,7.6358166
6781,2026-07-31,0.120471954,0.11551028,0.015920853,0.014531289,7.566453
6691,2026-07-31,0.11991421,0.15934648,0.01585717,0.016869728,7.561668
6155,2026-07-31,0.16312268,0.045938853,0.021574859,0.019218085,7.5604258
4927,2026-07-31,0.22056435,0.030281762,0.029295892,0.035080023,7.528592
8476,2026-07-31,0.20337215,0.13061152,0.02703715,0.029251337,7.521674
3028,2026-07-31,0.22788589,0.17960778,0.030303726,0.030715594,7.5198135
4123,2026-07-31,0.1576958,0.10071335,0.02108733,0.024805067,7.4778705
8081,2026-07-31,0.10261753,0.049046356,0.013790347,0.014218191,7.4407187
2383,2026-07-31,0.11543749,0.09427269,0.015581845,0.012179153,7.407985
2449,2026-07-31,0.14182408,0.045489777,0.019164393,0.023238344,7.400009
4583,2026-07-31,0.11183966,0.049803,0.015141923,0.015248022,7.385606
1326,2026-07-31,0.14003591,0.11248517,0.019045664,0.02559973,7.352254
6542,2026-07-31,0.105768725,0.060804598,0.014387446,0.017207224,7.3509483
2458,2026-07-31,0.13001935,0.107971385,0.017751012,0.017627204,7.3242035
3709,2026-07-31,0.15546176,0.09636447,0.021354776,0.01950147,7.2796116
8016,2026-07-31,0.077649705,0.07302197,0.010686343,0.013725283,7.2655764
6217,2026-07-31,0.2140138,0.0796193,0.029472386,0.02143435,7.2612557
3138,2026-07-31,0.10391316,-0.04549253,0.014342474,0.01672778,7.24463
0050,2026-07-31,0.1350818,0.09786935,0.018674795,0.023170173,7.232988
6996,2026-07-31,0.1314031,0.07797777,0.01818981,0.019777628,7.223598
3017,2026-07-31,0.12831913,0.148896,0.017936008,0.015148222,7.153876
3163,2026-07-31,0.26229033,0.2610368,0.036690976,0.040445577,7.1484385
1519,2026-07-31,0.12618402,0.16979796,0.017686838,0.017600153,7.133942
3413,2026-07-31,0.10852585,0.047932863,0.015215223,0.019256016,7.1322465
2424,2026-07-31,0.14312942,0.065538846,0.02012045,0.02175062,7.113276
2376,2026-07-31,0.15150581,0.17486678,0.02160456,0.022409605,7.012353
9946,2026-07-31,0.11645294,0.112883225,0.016620688,0.020024924,7.0060835
6021,2026-07-31,0.22359937,0.2536883,0.03196255,0.033838186,6.9954486
2382,2026-07-31,0.15127966,0.0764246,0.02163859,0.023194838,6.9908743
5536,2026-07-31,0.11038606,0.10454447,0.01579358,0.013601951,6.9888563
3535,2026-07-31,0.29969704,0.2507643,0.042995356,0.042192716,6.9702897
6715,2026-07-31,0.13285701,0.09976602,0.019059513,0.019085076,6.9702744
1313,2026-07-31,0.10542102,0.050957117,0.015160615,0.01884165,6.9531527
3209,2026-07-31,0.13492578,0.09620348,0.019435517,0.023800286,6.94187
3491,2026-07-31,0.14660801,0.14361122,0.02114717,0.023711065,6.9324207
3290,2026-07-31,0.1656129,0.08589759,0.023896454,0.02557051,6.9301486
5439,2026-07-31,0.15467398,0.058528937,0.022379318,0.015932888,6.911161
6419,2026-07-31,0.09830926,-0.050415475,0.01424218,0.016749477,6.9021993
2485,2026-07-31,0.1804808,-0.00841131,0.02616916,0.034489874,6.8964343
3689,2026-07-31,0.10793948,0.0008181469,0.015751682,0.017751398,6.8521333
8383,2026-07-31,0.16089375,0.071048774,0.023530606,0.023672763,6.8373466
1476,2026-07-31,0.0853453,0.1105488,0.012484891,0.015026785,6.8353386
3131,2026-07-31,0.08889926,0.0240027,0.013047727,0.012273105,6.8128686
3645,2026-07-31,0.09660025,0.022095252,0.014224883,0.013706298,6.790457
6182,2026-07-31,0.20311673,0.06366139,0.030531183,0.033725183,6.6525455
2070,2026-07-31,0.09124718,0.010336135,0.0137477545,0.010814161,6.6367593
2329,2026-07-31,0.13595778,0.030435931,0.020660697,0.01922981,6.5801845
2472,2026-07-31,0.1251915,0.059450798,0.019108647,0.014628389,6.5512195
2351,2026-07-31,0.09743355,0.021804845,0.014900798,0.013802062,6.5383754
2369,2026-07-31,0.23860238,0.18367599,0.036510613,0.031550452,6.5349727
5410,2026-07-31,0.0724426,0.043131597,0.011124962,0.013062603,6.5111313
5228,2026-07-31,0.11189666,0.029346395,0.017239448,0.018002432,6.490357
5425,2026-07-31,0.15903409,0.03289544,0.024504721,0.026459128,6.4896717
6409,2026-07-31,0.09386345,0.15415983,0.014473436,0.01856392,6.484774
8464,2026-07-31,0.09733064,0.15908003,0.015014023,0.018124877,6.482217
5443,2026-07-31,0.14645265,0.01996334,0.022754317,0.029114738,6.435975
6415,2026-07-31,0.09413379,0.055739563,0.014703221,0.015673142,6.4018207
3105,2026-07-31,0.098576225,-0.011989486,0.015423461,0.024264807,6.3909025
5340,2026-07-31,0.13751628,0.041072257,0.021529052,0.028373508,6.387178
2498,2026-07-31,0.12442108,0.019202417,0.019513624,0.030488614,6.375787
3707,2026-07-31,0.1878219,0.009630808,0.029475251,0.028058285,6.3719735
8213,2026-07-31,0.08556449,0.051321927,0.013491719,0.012796722,6.3415303
2495,2026-07-31,0.1162931,0.06913107,0.018341145,0.02354579,6.340213
1516,2026-07-31,0.13811606,0.17475061,0.021941938,0.019580653,6.2943287
8074,2026-07-31,0.110064305,0.007429271,0.017488299,0.01401092,6.293237
6270,2026-07-31,0.11759284,0.05018127,0.01875638,0.024581546,6.2691503
6223,2026-07-31,0.08657074,0.036611725,0.013827677,0.012908224,6.260233
3694,2026-07-31,0.17253657,0.04332199,0.027619211,0.030464163,6.2467504
6640,2026-07-31,0.10754986,0.041510582,0.017225264,0.019379556,6.2433653
5489,2026-07-31,0.084717594,0.026309947,0.013580187,0.012839893,6.2378635
3229,2026-07-31,0.13725226,0.10993359,0.022005867,0.026347147,6.236792
2344,2026-07-31,0.106006734,-0.005477174,0.017039312,0.017417213,6.2209387
8105,2026-07-31,0.1815847,0.11835543,0.029195415,0.026302336,6.2194176
8150,2026-07-31,0.13546126,0.04460986,0.02181533,0.02077147,6.209168
4707,2026-07-31,0.18588562,0.014735381,0.030163305,0.0403075,6.162437
6138,2026-07-31,0.11052127,0.055964842,0.017967628,0.018985882,6.1507907
3530,2026-07-31,0.10646127,0.017699981,0.017336901,0.018547643,6.140378
6127,2026-07-31,0.15218382,0.017837437,0.024911981,0.021584207,6.1086154
6231,2026-07-31,0.077460654,-0.001253095,0.012691888,0.017134741,6.1026816
2483,2026-07-31,0.2247702,0.10842082,0.037089296,0.03475054,6.0600815
6679,2026-07-31,0.11580987,0.0027914618,0.019125605,0.017516026,6.05491
8996,2026-07-31,0.080281846,0.035183463,0.013340427,0.01801119,6.0174856
6451,2026-07-31,0.29338637,0.24487938,0.048958294,0.043485217,5.9924555
6134,2026-07-31,0.13314113,0.01181404,0.022364298,0.023775635,5.953023
3665,2026-07-31,0.07817818,0.08867245,0.013156368,0.014412549,5.9417796
2305,2026-07-31,0.19839716,0.13566898,0.033408653,0.02894735,5.9383187
3023,2026-07-31,0.07150678,0.08480413,0.012044572,0.015713302,5.936354
3264,2026-07-31,0.19793679,0.09530742,0.033450034,0.023465328,5.91721
6664,2026-07-31,0.063923925,-0.022978744,0.010843028,0.018183764,5.8948503
6190,2026-07-31,0.14755541,0.064706214,0.025031539,0.026615564,5.894544
2605,2026-07-31,0.075022474,0.09953507,0.01275482,0.01494579,5.8814306
4760,2026-07-31,0.107407115,0.002257194,0.018360605,0.0157208,5.8495493
6207,2026-07-31,0.19336742,0.06321879,0.033394214,0.037320625,5.7902737
2454,2026-07-31,0.10148487,0.08747231,0.017536664,0.017181706,5.786681
2352,2026-07-31,0.09138624,0.057747517,0.01582725,0.015659472,5.7736163
8086,2026-07-31,0.075430244,-0.026121553,0.013074743,0.017101655,5.768716
2345,2026-07-31,0.0702943,0.08683899,0.012346578,0.015410096,5.6929626
6821,2026-07-31,0.083642595,-0.015604483,0.014716845,0.013824233,5.6830735
6156,2026-07-31,0.15601414,0.041705567,0.027472524,0.025640314,5.678709
2317,2026-07-31,0.0801053,0.08521466,0.014118997,0.01706341,5.6731806
3467,2026-07-31,0.080388576,-0.050400574,0.014210967,0.012677248,5.6564
6202,2026-07-31,0.12066453,0.017056163,0.021386633,0.022540024,5.64179
8024,2026-07-31,0.12573203,0.108086236,0.022379456,0.025716476,5.617939
6672,2026-07-31,0.11417984,0.03746896,0.020350063,0.015939048,5.61051
6246,2026-07-31,0.10897854,0.03250902,0.01942301,0.029624995,5.6105065
6669,2026-07-31,0.102506734,0.091706604,0.018269924,0.016845677,5.610375
1303,2026-07-31,0.12553279,0.10332548,0.022970084,0.029922528,5.464818
3406,2026-07-31,0.10167434,0.07828712,0.018607384,0.021090066,5.4638996
3592,2026-07-31,0.10604397,0.06341115,0.019496836,0.019348962,5.438756
8455,2026-07-31,0.10916024,0.040197294,0.020181952,0.02546151,5.4085364
5314,2026-07-31,0.1619205,0.066620864,0.030125193,0.023732917,5.3747416
6237,2026-07-31,0.106419526,0.023288088,0.019829843,0.023668779,5.366364
3062,2026-07-31,0.10564268,0.048294608,0.019769432,0.022060119,5.343468
8104,2026-07-31,0.08778509,-0.0020790761,0.016500937,0.022181205,5.319684
6573,2026-07-31,0.1444275,0.1697398,0.02725382,0.03009058,5.2991543
8131,2026-07-31,0.11051075,-0.02102956,0.021023793,0.02449244,5.2562113
6291,2026-07-31,0.110708736,0.030033078,0.021078689,0.0194798,5.251915
6213,2026-07-31,0.104039855,0.0073616006,0.01981163,0.01649512,5.2511883
3701,2026-07-31,0.090956084,-0.0048532626,0.01732027,0.022862842,5.251121
6739,2026-07-31,0.08168776,0.024360733,0.015559509,0.015774092,5.2496843
3317,2026-07-31,0.15563916,0.021649005,0.02965944,0.028990591,5.247365
8054,2026-07-31,0.10833117,-0.04524112,0.020655433,0.02037613,5.2444277
6139,2026-07-31,0.072944865,0.060974784,0.013965918,0.019532274,5.2226887
6903,2026-07-31,0.089922555,-0.025155997,0.01722575,0.016755486,5.2199373
4946,2026-07-31,0.10046017,0.021009438,0.019326856,0.024075933,5.197688
8358,2026-07-31,0.097939715,-0.04626317,0.018853562,0.02400517,5.1944838
2457,2026-07-31,0.09746585,-0.004336072,0.018827548,0.024420397,5.176493
3207,2026-07-31,0.10122369,-0.004717958,0.019580208,0.014037484,5.1694303
6654,2026-07-31,0.14241786,0.10004686,0.027665202,0.030046469,5.14772
6187,2026-07-31,0.07165842,0.049834505,0.014013347,0.015532179,5.1132183
3498,2026-07-31,0.13360064,-0.027616711,0.0262285,0.032829832,5.093526
3679,2026-07-31,0.06622098,0.036497507,0.013001376,0.015937675,5.0929904
4716,2026-07-31,0.12085687,0.043040376,0.023870025,0.027612407,5.062911
6509,2026-07-31,0.093088605,0.0391679,0.018392216,0.01772418,5.061029
7723,2026-07-31,0.1593383,0.07186515,0.031528175,0.03288127,5.053678
3356,2026-07-31,0.08137432,0.028085105,0.016143063,0.016139746,5.04051
3529,2026-07-31,0.09475823,0.061389446,0.01881181,0.01861082,5.036899
4958,2026-07-31,0.114070654,0.031108426,0.022658462,0.020700809,5.034129
3338,2026-07-31,0.1016154,-0.016581258,0.020263389,0.02031725,5.014481
6259,2026-07-31,0.13499366,0.06632791,0.026956987,0.028543813,5.007557
3444,2026-07-31,0.13673405,0.038717203,0.027342243,0.028851518,5.0006523
3550,2026-07-31,0.096563034,-0.05213315,0.019410687,0.024647899,4.974479
4745,2026-07-31,0.099969655,0.02066098,0.020133832,0.022925476,4.9650106
4303,2026-07-31,0.10136349,0.01959291,0.020435221,0.023107879,4.9599915
2467,2026-07-31,0.09191806,0.103252634,0.018558986,0.018153535,4.952485
4931,2026-07-31,0.08160668,0.042915463,0.016513662,0.02313914,4.9414682
5243,2026-07-31,0.092628084,0.023611195,0.018770022,0.019580066,4.934632
3003,2026-07-31,0.07697199,0.07053998,0.01566764,0.014734799,4.912487
8069,2026-07-31,0.11168559,0.08726864,0.022761624,0.023747265,4.9065337
3162,2026-07-31,0.13372287,0.05005871,0.02734709,0.027758956,4.8896604
2434,2026-07-31,0.12339206,0.074489616,0.025300182,0.026907755,4.8769283
6568,2026-07-31,0.11197333,-0.019475007,0.023088735,0.026194593,4.8494854
3450,2026-07-31,0.1816184,0.18046781,0.03746414,0.039133035,4.847664
8021,2026-07-31,0.14708751,0.050031107,0.030346243,0.019676268,4.8468165
6693,2026-07-31,0.09264534,-0.04686029,0.01912468,0.01860419,4.8440285
3033,2026-07-31,0.10006405,0.07374501,0.020691393,0.02064842,4.835789
6854,2026-07-31,0.06597935,-0.047196794,0.013663238,0.017659836,4.828615
2515,2026-07-31,0.10289578,0.1378677,0.021382315,0.026645204,4.811966
6609,2026-07-31,0.08811855,0.07454092,0.018322254,0.018452782,4.8091106
6261,2026-07-31,0.07594364,-0.036526266,0.016024375,0.018095607,4.7389617
2401,2026-07-31,0.09966793,0.025623739,0.021101851,0.020831702,4.7229605
1727,2026-07-31,0.1119925,0.016178286,0.023765652,0.021121262,4.71217
4956,2026-07-31,0.098180465,-0.012800892,0.020886404,0.018790305,4.700463
5272,2026-07-31,0.082565226,0.01035734,0.017566811,0.021453628,4.6998014
3490,2026-07-31,0.10953684,0.062385265,0.023306519,0.029206794,4.6996355
3055,2026-07-31,0.13542789,0.006242945,0.028939899,0.018816927,4.679464
3363,2026-07-31,0.18290348,0.12882221,0.039721165,0.04443382,4.60457
3555,2026-07-31,0.15173133,0.15740703,0.033119388,0.0335193,4.5812063
8046,2026-07-31,0.058548737,-0.004093028,0.012842448,0.017604431,4.558646
1710,2026-07-31,0.11385042,-0.0059698513,0.025011279,0.028996106,4.551781
6877,2026-07-31,0.15271546,0.11632381,0.033556666,0.036527924,4.550837
6239,2026-07-31,0.06831158,-0.017157339,0.015028861,0.025072245,4.5450573
7728,2026-07-31,0.049823403,0.019729137,0.011019683,0.0101572955,4.5208993
3030,2026-07-31,0.11641498,0.072590545,0.025783172,0.025795095,4.5149784
8240,2026-07-31,0.099520124,0.0057009193,0.022048159,0.024267307,4.5135565
3114,2026-07-31,0.07880826,0.004266513,0.017530326,0.017760646,4.4952826
2406,2026-07-31,0.11571113,0.120551914,0.025766505,0.03570426,4.4905834
6706,2026-07-31,0.08328686,-0.04829731,0.018596102,0.023640966,4.478486
2534,2026-07-31,0.066957034,0.099296786,0.01506314,0.0154739395,4.4447966
4755,2026-07-31,0.057776414,-0.033380367,0.013014476,0.015116415,4.439055
8162,2026-07-31,0.08420415,-0.020931737,0.019053059,0.017507458,4.419224
5469,2026-07-31,0.058248743,-0.0026295714,0.0132255405,0.015657328,4.4039288
2367,2026-07-31,0.095658906,-0.055938467,0.021912925,0.025722142,4.365211
3526,2026-07-31,0.0491485,-0.001743222,0.011343724,0.015532233,4.3322783
6670,2026-07-31,0.07598122,0.070225544,0.017548747,0.017512286,4.329477
3481,2026-07-31,0.09508093,-0.02485112,0.021985456,0.022844268,4.3245225
1513,2026-07-31,0.075970076,0.03590977,0.017640013,0.020676125,4.306446
2441,2026-07-31,0.11471204,0.040743027,0.0267131,0.028121255,4.2940636
3430,2026-07-31,0.08746104,0.0036553296,0.02041817,0.022749614,4.2832804
3615,2026-07-31,0.115531586,0.0006759971,0.027014513,0.029114334,4.2764907
6442,2026-07-31,0.06969512,0.0027918257,0.016298456,0.018861003,4.275917
2236,2026-07-31,0.08653997,0.038586695,0.020422807,0.021809148,4.2372103
2368,2026-07-31,0.052811004,0.016575074,0.012500246,0.013274958,4.224459
6761,2026-07-31,0.08644267,-0.0011656146,0.020476809,0.022360941,4.2212853
8043,2026-07-31,0.1014589,-0.016515572,0.024203042,0.022445489,4.1918163
6016,2026-07-31,0.07142602,0.11195801,0.017183276,0.022747451,4.156475
3217,2026-07-31,0.060610477,-0.01924869,0.01467675,0.01481732,4.129412
6425,2026-07-31,0.07049945,-0.026124695,0.017083028,0.013805601,4.1266294
2303,2026-07-31,0.07940887,-0.015390301,0.019275872,0.01998723,4.1193857
5452,2026-07-31,0.06986591,-0.024541546,0.016984286,0.017744463,4.11332
2388,2026-07-31,0.13758294,0.054025117,0.0335309,0.040435746,4.103047
5434,2026-07-31,0.069338456,0.07566333,0.016968803,0.016638944,4.0859904
3532,2026-07-31,0.097143926,0.011395977,0.02382546,0.019048907,4.0771446
2379,2026-07-31,0.06533842,0.08418462,0.016165016,0.021088967,4.041714
1213,2026-07-31,0.09015759,-0.010382664,0.022367004,0.02422512,4.0306497
3673,2026-07-31,0.08634782,0.005362945,0.021918856,0.0237337,3.9392512
8088,2026-07-31,0.10676115,0.014351199,0.027170356,0.026479267,3.92918
2492,2026-07-31,0.10266892,-0.06176485,0.026140861,0.02157738,3.927376
6224,2026-07-31,0.08117064,-0.0105711995,0.020718249,0.022024037,3.917644
3090,2026-07-31,0.07999398,-0.058987506,0.020489004,0.0208263,3.904049
1590,2026-07-31,0.047172464,0.052938696,0.012093877,0.014152995,3.9002018
2316,2026-07-31,0.07000211,-0.0025429225,0.01799677,0.017969001,3.889488
8027,2026-07-31,0.10138847,0.0021745125,0.026109569,0.027564736,3.8830433
5328,2026-07-31,0.1003421,0.0010219329,0.025850704,0.030255202,3.8814502
6805,2026-07-31,0.0559894,0.004610924,0.014455079,0.0130947335,3.8730695
6168,2026-07-31,0.08448494,-0.056041002,0.021949844,0.0217751,3.8488243
3537,2026-07-31,0.08292876,0.0029917986,0.021620885,0.019991266,3.8354084
3231,2026-07-31,0.05909695,0.09447535,0.0154336095,0.015393873,3.8288593
6284,2026-07-31,0.09357654,0.012636755,0.024706835,0.023268893,3.7873225
9933,2026-07-31,0.07438692,0.12299337,0.019799704,0.02210937,3.7567813
2464,2026-07-31,0.0928463,0.050507076,0.024734858,0.025551984,3.7535102
2439,2026-07-31,0.050935753,0.041184314,0.01359984,0.0119005125,3.7450445
1432,2026-07-31,0.042988937,0.04079125,0.011509944,0.013676703,3.7346144
4551,2026-07-31,0.07228314,0.036626253,0.019469261,0.015474333,3.7124896
1795,2026-07-31,0.07186295,0.045042697,0.019701336,0.019584263,3.647433
3008,2026-07-31,0.04646357,0.042544518,0.012789897,0.011448605,3.63255
6560,2026-07-31,0.066980556,-0.023160465,0.018476872,0.01740059,3.6249063
3402,2026-07-31,0.072095565,-0.06102934,0.01989917,0.020285528,3.6228616
3455,2026-07-31,0.087691195,-0.029752,0.024217578,0.020295931,3.6208234
2337,2026-07-31,0.06018639,-0.03622012,0.01665375,0.020215858,3.6137671
3583,2026-07-31,0.051724244,0.029570233,0.014325215,0.011925693,3.6104612
8182,2026-07-31,0.08372286,-0.013888846,0.02318945,0.0239494,3.61023
3580,2026-07-31,0.061236445,-0.06733991,0.017072717,0.015112081,3.5865912
6486,2026-07-31,0.04881139,-0.00075633824,0.013708574,0.015030097,3.5603871
3021,2026-07-31,0.05901963,0.019621933,0.016633227,0.014705664,3.5480835
6547,2026-07-31,0.09212896,0.10145839,0.025989419,0.027527748,3.5447278
3710,2026-07-31,0.062157083,-0.022576999,0.017582282,0.01884321,3.53501
6153,2026-07-31,0.0696023,0.030477865,0.01974562,0.024081012,3.5247705
6834,2026-07-31,0.112301394,0.014410289,0.03193655,0.025721783,3.5162811
1773,2026-07-31,0.055625167,-0.007420883,0.015843362,0.018304586,3.510723
6227,2026-07-31,0.08707271,0.06992221,0.024807421,0.02928247,3.5098045
6124,2026-07-31,0.05077254,0.0037885462,0.014490508,0.015271738,3.5036066
8422,2026-07-31,0.068822496,0.028834607,0.019650152,0.021574544,3.5022118
6788,2026-07-31,0.068309665,-0.031870376,0.019539673,0.019676883,3.4957683
8064,2026-07-31,0.108787104,0.015266816,0.031721704,0.03069264,3.429314
6164,2026-07-31,0.07364566,0.01774588,0.021493386,0.023759404,3.426274
2313,2026-07-31,0.06219305,-0.02977668,0.018286897,0.017584639,3.4007766
3443,2026-07-31,0.046984944,0.0024308055,0.01381697,0.012603781,3.4002783
1503,2026-07-31,0.046599675,0.0024528995,0.013747196,0.019858545,3.389512
2436,2026-07-31,0.09339029,-0.06631721,0.027771655,0.02444429,3.3626707
8114,2026-07-31,0.107869156,-0.0064786184,0.032155126,0.03542916,3.3545446
5457,2026-07-31,0.051474746,-0.016370354,0.015421245,0.018745648,3.3376946
1582,2026-07-31,0.04748768,-0.018638747,0.014242297,0.015764201,3.334037
3035,2026-07-31,0.07871575,0.028532887,0.023646984,0.020556677,3.3286452
3715,2026-07-31,0.06734996,-0.08216577,0.020299336,0.02558414,3.3176773
3518,2026-07-31,0.07455473,-0.026846671,0.022576138,0.018986972,3.302222
6830,2026-07-31,0.053806663,-0.06845624,0.016508665,0.015955891,3.2591007
4989,2026-07-31,0.096718326,-0.07595866,0.03002242,0.029347964,3.2214293
1711,2026-07-31,0.06296808,-0.06352784,0.019592982,0.023864081,3.213644
2328,2026-07-31,0.045946304,-0.03112055,0.014356635,0.016649183,3.2001305
2323,2026-07-31,0.057767835,0.033265945,0.01806202,0.01783393,3.198127
4915,2026-07-31,0.054844223,0.07611129,0.01715299,0.0140983835,3.19717
5864,2026-07-31,0.090549245,0.06651327,0.028484033,0.033387247,3.1788359
8155,2026-07-31,0.040937115,-0.08990208,0.012926445,0.018155038,3.1666825
1586,2026-07-31,0.063873924,0.027485518,0.020295521,0.02834267,3.147038
3605,2026-07-31,0.046170913,-0.022503901,0.014795978,0.015064819,3.1202934
5355,2026-07-31,0.056049407,-0.044788796,0.017991839,0.020582013,3.1150951
8163,2026-07-31,0.049570646,0.036005225,0.01599907,0.01297644,3.098152
6924,2026-07-31,0.06844887,0.05602161,0.022107303,0.027148943,3.0960708
2385,2026-07-31,0.051124707,0.0317596,0.016520701,0.01841112,3.094397
6526,2026-07-31,0.044436477,0.03242348,0.0145355705,0.012830797,3.0568748
6485,2026-07-31,0.059659403,-0.06174908,0.019565562,0.02501069,3.049049
3037,2026-07-31,0.08078987,0.027217988,0.026591307,0.028730392,3.038092
2233,2026-07-31,0.056000996,-0.04289138,0.018510995,0.016691403,3.0251193
5498,2026-07-31,0.06809832,-0.066434905,0.022771606,0.026276968,2.9903612
1709,2026-07-31,0.08421028,0.07111144,0.028167322,0.024781331,2.9895382
1718,2026-07-31,0.08866453,-0.016468326,0.029708974,0.029769931,2.9843354
3588,2026-07-31,0.07464285,-0.027525684,0.025142644,0.025622785,2.968657
3276,2026-07-31,0.055230044,0.074276276,0.018676413,0.019551102,2.9570498
5251,2026-07-31,0.0729938,-0.024168916,0.024715066,0.021341057,2.9532936
6613,2026-07-31,0.052841432,0.021489272,0.018100873,0.015238532,2.919114
6949,2026-07-31,0.03720158,0.03266174,0.012791943,0.0128870625,2.9079766
6405,2026-07-31,0.06750251,-0.09825851,0.023215858,0.023157427,2.9074783
6125,2026-07-31,0.07349507,-0.050301377,0.0253295,0.027100129,2.9014456
2414,2026-07-31,0.06178013,0.090642534,0.02153478,0.018400935,2.8687203
3360,2026-07-31,0.08827667,-0.05614527,0.030817673,0.030122122,2.864389
8059,2026-07-31,0.077484876,0.016968122,0.02707153,0.031584837,2.8621216
2059,2026-07-31,0.0357764,0.02927581,0.012530846,0.014703357,2.8548388
6143,2026-07-31,0.044395473,-0.07315769,0.015565869,0.020006612,2.8519204
8070,2026-07-31,0.060304124,0.07469217,0.021421239,0.028571093,2.8150244
4766,2026-07-31,0.045442343,0.007889535,0.01620041,0.014760293,2.8048387
5488,2026-07-31,0.060378157,0.01850487,0.021591982,0.023962716,2.7961936
1539,2026-07-31,0.044240918,0.040637437,0.015886702,0.015989289,2.7846014
3213,2026-07-31,0.050662007,-0.01782366,0.018230902,0.02017602,2.778756
8277,2026-07-31,0.04028848,0.047106005,0.014718783,0.020347273,2.7370296
3026,2026-07-31,0.045421235,-0.05496173,0.016617661,0.014820416,2.7331464
2324,2026-07-31,0.041954257,0.06434316,0.015484502,0.02026167,2.7092605
6530,2026-07-31,0.0550494,-0.067403205,0.020480875,0.027631566,2.687713
1609,2026-07-31,0.037282348,0.010578556,0.013903401,0.014905581,2.6813343
1471,2026-07-31,0.038005456,0.06376989,0.014198093,0.014849174,2.6766117
3357,2026-07-31,0.038185596,-0.027706917,0.014368405,0.014012407,2.6574237
3653,2026-07-31,0.035041228,0.017686525,0.013264596,0.011402637,2.6415117
2637,2026-07-31,0.06204591,0.10869878,0.023550507,0.027502552,2.6344774
6104,2026-07-31,0.056545924,-0.051249046,0.021595938,0.023955634,2.618238
6206,2026-07-31,0.069172636,0.026313877,0.026501749,0.02659512,2.6100173
1597,2026-07-31,0.05332791,-0.021978954,0.02043308,0.024258882,2.6097534
6449,2026-07-31,0.046084873,-0.019078786,0.017730981,0.012657709,2.5989692
1708,2026-07-31,0.04305224,-0.0007086593,0.016581973,0.017136637,2.5961714
3354,2026-07-31,0.04580244,-0.08128026,0.017659687,0.015540826,2.593469
4534,2026-07-31,0.065399185,0.037364054,0.025435517,0.024475906,2.5710747
5468,2026-07-31,0.05464526,0.0076983506,0.02145022,0.024298085,2.5474195
2505,2026-07-31,0.07100518,0.09577864,0.028156478,0.028272692,2.5217166
1608,2026-07-31,0.03145261,0.025843207,0.012597154,0.015847318,2.4966047
2491,2026-07-31,0.058993153,0.013310832,0.02375867,0.021828244,2.4829113
0052,2026-07-31,0.050888333,0.07778271,0.020521807,0.023444856,2.479599
4506,2026-07-31,0.042118166,0.054284614,0.017140577,0.016948573,2.4570765
3054,2026-07-31,0.058331326,0.012411158,0.024065975,0.034489654,2.4237082
5284,2026-07-31,0.07359509,0.0031468729,0.030697642,0.033208773,2.3973403
3548,2026-07-31,0.03649812,-0.08020826,0.015344147,0.016794069,2.3784795
1301,2026-07-31,0.04112765,-0.003407169,0.017411444,0.019059485,2.3619688
2412,2026-07-31,0.03839112,0.11387976,0.01642227,0.019499684,2.3376052
2327,2026-07-31,0.09013462,-0.07808312,0.039165188,0.029605256,2.3013377
1808,2026-07-31,0.07370166,0.06656974,0.03210344,0.04354184,2.2956843
3289,2026-07-31,0.039736055,-0.11704925,0.017389357,0.016387178,2.2849476
5432,2026-07-31,0.027904661,-0.05998502,0.012282397,0.014950132,2.271738
3294,2026-07-31,0.062484335,-0.02179746,0.027583119,0.026829887,2.2652285
7712,2026-07-31,0.04536574,-0.06525931,0.020103535,0.023198072,2.2564929
2314,2026-07-31,0.041831493,0.0046922583,0.018565683,0.021031823,2.2530408
3260,2026-07-31,0.05411077,-0.09358914,0.024015902,0.02383713,2.2530286
3704,2026-07-31,0.044185128,-0.0115716215,0.019654846,0.019225286,2.2479382
3005,2026-07-31,0.044039544,0.07112475,0.019851414,0.022987712,2.2183468
3095,2026-07-31,0.04060918,-0.067692354,0.018370753,0.018412039,2.210414
3374,2026-07-31,0.030802242,-0.036286753,0.013960394,0.016562743,2.206244
7556,2026-07-31,0.0281774,-0.072005704,0.012806485,0.0148237925,2.2000728
3515,2026-07-31,0.025002828,-0.053651508,0.0114062205,0.013092732,2.1918423
6147,2026-07-31,0.045997508,-0.096290514,0.021126468,0.02192653,2.1771424
3390,2026-07-31,0.027533459,-0.06212459,0.01274584,0.013563801,2.1600223
4577,2026-07-31,0.04586815,-0.11067703,0.021356164,0.024337444,2.1476705
3312,2026-07-31,0.049924333,0.015136081,0.023410631,0.026656577,2.1324584
3045,2026-07-31,0.043704152,0.09380903,0.02057045,0.020452885,2.1245053
1776,2026-07-31,0.033356752,0.0041286587,0.015980255,0.016161622,2.0872424
6531,2026-07-31,0.035435494,-0.032166146,0.017074768,0.011689844,2.0751917
5388,2026-07-31,0.044091497,0.00015338125,0.021302467,0.023388503,2.0696864
5285,2026-07-31,0.0471909,-0.03095881,0.023093924,0.019657198,2.0433452
6154,2026-07-31,0.031049965,-0.00081055576,0.015320637,0.020885166,2.0265436
8042,2026-07-31,0.05106317,-0.107775815,0.025250796,0.023107491,2.0221598
2444,2026-07-31,0.030939782,-0.04619422,0.0153013,0.013636592,2.021904
2404,2026-07-31,0.030549137,0.05762477,0.015189468,0.017718071,2.0110729
4933,2026-07-31,0.025252545,-0.05553235,0.012610793,0.015003644,2.0022962
3567,2026-07-31,0.030109156,-0.076603636,0.015053408,0.01999238,2.0000224
3149,2026-07-31,0.048305828,-0.04576001,0.02435792,0.02880418,1.9830858
5302,2026-07-31,0.03898325,-0.014229487,0.019731961,0.02037664,1.9755397
3437,2026-07-31,0.04465489,-0.05158441,0.023030842,0.025467826,1.9388328
6435,2026-07-31,0.043960523,-0.039990272,0.022742968,0.019308008,1.9328431
3432,2026-07-31,0.032689396,-0.031594243,0.017007718,0.017892541,1.9219201
5471,2026-07-31,0.031541932,-0.052854657,0.016411185,0.021498196,1.9218606
6290,2026-07-31,0.026841108,-0.04903348,0.013983647,0.012053648,1.9193267
1595,2026-07-31,0.044529296,-0.044086218,0.023214115,0.020941734,1.9181166
4916,2026-07-31,0.043077122,-0.03510863,0.022482635,0.023086138,1.9159322
3057,2026-07-31,0.033350207,-0.07718734,0.017444812,0.019342767,1.9116454
6174,2026-07-31,0.047164224,-0.07918954,0.024812669,0.02288033,1.9007356
6240,2026-07-31,0.05476974,0.023336137,0.028960602,0.034515705,1.8911157
3305,2026-07-31,0.029922545,-0.020606898,0.015852237,0.017087312,1.8874722
8032,2026-07-31,0.04969205,0.0036371977,0.026777692,0.032610893,1.8556563
4973,2026-07-31,0.035742737,-0.04094318,0.019283073,0.02165041,1.8534849
6245,2026-07-31,0.052396588,0.016373487,0.028810587,0.031914894,1.8185943
1528,2026-07-31,0.036111977,-0.07116891,0.020189881,0.025328374,1.788529
1591,2026-07-31,0.06797895,0.11976334,0.03852172,0.04412905,1.7646458
4540,2026-07-31,0.034735344,-0.07904715,0.019970085,0.028347196,1.7392818
6642,2026-07-31,0.025355188,-0.031434763,0.014745522,0.016949637,1.7194011
1342,2026-07-31,0.034016497,0.053105548,0.01988815,0.01979038,1.7103043
6205,2026-07-31,0.02450066,-0.06354119,0.014331429,0.016809631,1.7094562
2497,2026-07-31,0.03553102,-0.05500097,0.020911679,0.023573605,1.6990181
6279,2026-07-31,0.026885351,-0.048330106,0.015911037,0.017358089,1.6896235
3512,2026-07-31,0.035923976,0.034281366,0.021388851,0.025583148,1.679487
1735,2026-07-31,0.030008478,-0.034545526,0.018067578,0.01900498,1.6608101
2301,2026-07-31,0.035094727,0.073737405,0.021585548,0.021852009,1.6257683
4533,2026-07-31,0.03389597,-0.076548256,0.021119779,0.020016426,1.6048635
5483,2026-07-31,0.034802746,-0.06699574,0.021724373,0.022085903,1.60194
6770,2026-07-31,0.036512222,-0.08008609,0.022850765,0.025232939,1.5977856
4764,2026-07-31,0.049295742,0.0795023,0.0316798,0.042822298,1.5560132
1515,2026-07-31,0.054767944,-0.060157433,0.035546176,0.037571795,1.5407116
3611,2026-07-31,0.01741528,-0.048140537,0.011408574,0.014366531,1.5263742
2887,2026-07-31,0.026118927,0.09260492,0.017150495,0.018595763,1.5228367
6160,2026-07-31,0.027193338,-0.029907428,0.018467678,0.021577707,1.472403
4807,2026-07-31,0.027430357,0.0139104985,0.018643932,0.019910766,1.4711964
3617,2026-07-31,0.027155543,-0.034631852,0.018507415,0.02413821,1.4671998
4923,2026-07-31,0.032061383,-0.0597396,0.0218626,0.024705028,1.4664274
5347,2026-07-31,0.03465281,-0.035011064,0.023953985,0.036019646,1.4465803
8435,2026-07-31,0.038853742,-0.0042491183,0.026966635,0.028054869,1.4407545
3048,2026-07-31,0.023226956,0.0035239009,0.016231207,0.017738348,1.4309179
8096,2026-07-31,0.049115706,-0.07324855,0.034579974,0.047664326,1.4203101
6412,2026-07-31,0.02269801,0.013141293,0.016667113,0.016185157,1.3617624
2501,2026-07-31,0.026879469,0.031760547,0.019933281,0.021533778,1.3484042
9945,2026-07-31,0.052496247,0.046030555,0.03909506,0.032097023,1.3427504
6605,2026-07-31,0.017478786,0.00770413,0.013069073,0.015379385,1.3373137
6228,2026-07-31,0.028872529,-0.07199634,0.02164551,0.02544428,1.333819
2423,2026-07-31,0.019460713,0.01815751,0.014614271,0.014707727,1.3315328
1456,2026-07-31,0.021421025,-0.04283278,0.016180195,0.017655047,1.3238221
2395,2026-07-31,0.024863096,0.06416325,0.018844834,0.021854281,1.3192887
3714,2026-07-31,0.023491884,-0.04379319,0.01809407,0.025747051,1.2982477
6643,2026-07-31,0.031561874,0.033979107,0.024624407,0.03020995,1.2816793
7750,2026-07-31,0.015319,-0.019003682,0.011985354,0.012106071,1.2780366
3167,2026-07-31,0.020755256,-0.062298555,0.016293785,0.018690655,1.2737361
2408,2026-07-31,0.027660212,-0.11994279,0.02252746,0.025062729,1.2277898
6462,2026-07-31,0.029765535,-0.026347602,0.024814444,0.02542363,1.1994762
3152,2026-07-31,0.019173436,-0.119292006,0.016017865,0.016138785,1.1969284
7610,2026-07-31,0.018727634,-0.07786355,0.015678966,0.017289888,1.1943669
4721,2026-07-31,0.02702334,-0.06517193,0.02267098,0.022746306,1.1919267
3563,2026-07-31,0.019880328,-0.058413506,0.01690899,0.022240039,1.1756558
4552,2026-07-31,0.0162753,-0.0054610777,0.014022219,0.014065335,1.1605965
5289,2026-07-31,0.018732496,-0.10074126,0.016267011,0.018886648,1.1514927
6214,2026-07-31,0.016253293,0.022484548,0.014125254,0.01667724,1.1505734
5386,2026-07-31,0.027787806,-0.10123479,0.024329774,0.022916365,1.1420847
5529,2026-07-31,0.02742091,0.002237953,0.024176283,0.025083696,1.1341602
2884,2026-07-31,0.015145986,0.08563934,0.013482839,0.017413966,1.1232696
1726,2026-07-31,0.015789995,0.019692523,0.014936127,0.016255267,1.0570972
0057,2026-07-31,0.018859565,-0.08935115,0.018183865,0.020982098,1.0371023
8033,2026-07-31,0.033928584,-0.030847577,0.032783307,0.03292857,1.0349033
7402,2026-07-31,0.024807759,-0.08247488,0.024034277,0.029216131,1.0321395
3042,2026-07-31,0.021922925,-0.0632178,0.021332802,0.02523638,1.0276145
3494,2026-07-31,0.014077027,-0.022791913,0.013705646,0.01548963,1.027022
5426,2026-07-31,0.024302602,-0.04294833,0.02368717,0.02456668,1.0259383
5878,2026-07-31,0.020041259,0.0018920776,0.020173104,0.022653665,0.99341506
1229,2026-07-31,0.020604901,0.073973134,0.020930093,0.023226205,0.9844159
3122,2026-07-31,0.014926509,-0.07595198,0.015169817,0.019205721,0.9838962
3059,2026-07-31,0.013232321,-0.016135601,0.01356999,0.01583933,0.97504455
4133,2026-07-31,0.015289487,-0.0025529019,0.01579212,0.017430352,0.9681106
2415,2026-07-31,0.015831428,-0.01694426,0.016718034,0.01414866,0.94691044
4722,2026-07-31,0.0136437975,-0.09033753,0.014621827,0.017242284,0.93304783
4949,2026-07-31,0.017164469,-0.087771006,0.01847049,0.021725008,0.9292411
8438,2026-07-31,0.018218158,-0.11460047,0.019723114,0.025713844,0.923649
2363,2026-07-31,0.015195444,-0.098804235,0.01647602,0.02455005,0.9222204
4749,2026-07-31,0.014792941,-0.03184156,0.016222343,0.022919355,0.9118306
6204,2026-07-31,0.013865223,-0.09844209,0.015571377,0.019125573,0.89037293
6799,2026-07-31,0.015810197,-0.10793209,0.017764907,0.01646804,0.8899178
4555,2026-07-31,0.014812445,-0.009861755,0.016674723,0.01604492,0.888264
2380,2026-07-31,0.014512529,-0.06091107,0.016495677,0.019929798,0.8797244
2356,2026-07-31,0.015062361,0.031941727,0.017519308,0.019933632,0.85970867
6472,2026-07-31,0.013539845,0.009224927,0.016109074,0.02154453,0.8404583
7547,2026-07-31,0.014945237,-0.11611136,0.018483471,0.017503308,0.8085293
4919,2026-07-31,0.028059233,-0.11947274,0.03505916,0.034265254,0.80031675
5301,2026-07-31,0.013016689,-0.073393725,0.01639154,0.016896127,0.7940617
1817,2026-07-31,0.011882996,0.028581956,0.014995717,0.014693575,0.7923731
6220,2026-07-31,0.014799506,-0.084577054,0.018983988,0.022707742,0.7795373
6146,2026-07-31,0.012355549,-0.032796107,0.016205622,0.019940319,0.7623766
1802,2026-07-31,0.023093672,-0.043011863,0.031084128,0.029428998,0.74291706
3006,2026-07-31,0.011063222,-0.06350882,0.014999531,0.020233653,0.737522
3499,2026-07-31,0.013976927,-0.061716698,0.019279119,0.01844531,0.7249399
4995,2026-07-31,0.0126239555,0.010294461,0.017448654,0.020744424,0.7234502
6176,2026-07-31,0.008874087,0.032834884,0.012773845,0.017272515,0.69465315
8028,2026-07-31,0.012785077,0.0051076273,0.018940935,0.020142531,0.6749615
5269,2026-07-31,0.009891691,-0.02741479,0.014689338,0.017738601,0.6733467
6285,2026-07-31,0.016548004,-0.034079965,0.0251862,0.021087313,0.65700054
2911,2026-07-31,0.009447722,-0.054986082,0.014479559,0.015553588,0.6524418
6109,2026-07-31,0.012509267,-0.047182433,0.019435791,0.019535085,0.64358705
3094,2026-07-31,0.021323655,-0.10087145,0.033151243,0.03474926,0.64320403
2908,2026-07-31,0.01107232,0.035257664,0.017305342,0.017004741,0.6397839
3652,2026-07-31,0.007841212,-0.021407835,0.012276625,0.021134444,0.63865864
4904,2026-07-31,0.0117736785,0.08716982,0.018488256,0.020353245,0.63678485
6727,2026-07-31,0.012851983,-0.0615323,0.02036419,0.024004843,0.63107604
2442,2026-07-31,0.008346375,-0.0155421775,0.013392168,0.014992134,0.6231815
6263,2026-07-31,0.010850591,-0.03657172,0.017600855,0.020560948,0.61644584
2855,2026-07-31,0.009628902,0.050925527,0.015655534,0.018735567,0.61500853
2462,2026-07-31,0.009015712,-0.029934367,0.014722455,0.01441779,0.6123367
3015,2026-07-31,0.012343717,-0.021937821,0.020435471,0.017570231,0.6040043
2429,2026-07-31,0.013059712,-0.022808932,0.021719074,0.020489266,0.60127383
4906,2026-07-31,0.009432773,-0.14056592,0.015776282,0.021187617,0.5978706
5353,2026-07-31,0.009217334,-0.04479043,0.015450103,0.01575871,0.5965486
1611,2026-07-31,0.010817604,0.037567116,0.01817042,0.02607163,0.59530866
2937,2026-07-31,0.0070887464,-0.016846547,0.012655917,0.013391351,0.56006896
0061,2026-07-31,0.008765316,0.010875557,0.015876092,0.020404583,0.5520731
6151,2026-07-31,0.0077862474,-0.08151976,0.014265861,0.014325649,0.54575753
8284,2026-07-31,0.0066806707,-0.03505106,0.01238962,0.014814008,0.53917164
0051,2026-07-31,0.008000975,-0.018011276,0.014929618,0.018398048,0.535877
7751,2026-07-31,0.009077752,-0.036940947,0.01722117,0.018112594,0.52709687
6173,2026-07-31,0.012393183,-0.13702808,0.024554187,0.021403866,0.50470734
6277,2026-07-31,0.00835258,-0.025572427,0.016585585,0.017201658,0.5035744
6661,2026-07-31,0.009320887,0.014080018,0.018709252,0.01817058,0.49817002
6274,2026-07-31,0.009154922,-0.068981595,0.018746873,0.020591637,0.4883179
1309,2026-07-31,0.014328484,-0.10465072,0.030030983,0.030236851,0.4771075
2912,2026-07-31,0.0124819735,0.09645794,0.026762092,0.039408106,0.46638757
4768,2026-07-31,0.011893214,-0.0773307,0.026079793,0.02699322,0.45601428
3019,2026-07-31,0.00656645,-0.057446696,0.014449407,0.017304527,0.4544128
3691,2026-07-31,0.008257277,-0.08641645,0.018280704,0.018525403,0.45166892
6120,2026-07-31,0.009063599,-0.045868978,0.020638075,0.023433851,0.43914753
8499,2026-07-31,0.01214602,-0.049014967,0.028021388,0.031086298,0.43343988
2353,2026-07-31,0.0052150297,-0.0031198272,0.012304332,0.010828859,0.42380244
8926,2026-07-31,0.008193033,0.029102558,0.020477857,0.028082732,0.40007275
2417,2026-07-31,0.0070434045,-0.07894789,0.017703304,0.017200442,0.3978357
3388,2026-07-31,0.006311007,-0.09012181,0.01591678,0.020047093,0.39647532
2537,2026-07-31,0.010628297,0.022584844,0.028521772,0.03367979,0.37262496
5525,2026-07-31,0.009034073,0.03993025,0.02462862,0.027201861,0.3667971
6235,2026-07-31,0.0056752637,-0.113027245,0.016669618,0.024449063,0.34043512
1906,2026-07-31,0.0072927694,0.025700513,0.0219511,0.021259889,0.33221284
4416,2026-07-31,0.007627668,-0.056659896,0.023517895,0.024969501,0.32432082
6215,2026-07-31,0.006823086,-0.124404274,0.022892475,0.02037841,0.29803628
6189,2026-07-31,0.004334064,-0.01569701,0.014557703,0.016493313,0.29769576
6829,2026-07-31,0.007137817,-0.050389186,0.02507818,0.022825643,0.28461125
8109,2026-07-31,0.003933917,-0.069694646,0.014185814,0.014394361,0.2772939
6944,2026-07-31,0.006508027,-0.05870108,0.023687763,0.01854307,0.27473056
6188,2026-07-31,0.0044838553,-0.0642046,0.018660722,0.02514841,0.24027017
2027,2026-07-31,0.0032828264,0.07910489,0.01433556,0.01554384,0.22898285
8183,2026-07-31,0.002664139,-0.11652789,0.012060415,0.015763268,0.22088113
6988,2026-07-31,0.0034548193,-0.02670655,0.015827144,0.016502608,0.21827066
6909,2026-07-31,0.0035886646,-0.09461735,0.017087456,0.01986362,0.2100052
2850,2026-07-31,0.002260337,0.061000966,0.010938589,0.012351816,0.20661989
3663,2026-07-31,0.0040457635,-0.15555999,0.02033068,0.022619333,0.19898815
5011,2026-07-31,0.0032086743,-0.056057595,0.016339084,0.019031944,0.19636828
2302,2026-07-31,0.004596574,-0.08402391,0.026575126,0.027497534,0.17295878
3675,2026-07-31,0.0031266513,-0.13879436,0.019973164,0.022109093,0.15653478
6667,2026-07-31,0.0017467681,-0.0947056,0.012039672,0.01272816,0.14507231
2354,2026-07-31,0.0018101366,0.0012371109,0.013399575,0.01481875,0.13507903
9921,2026-07-31,0.00416117,-0.014899452,0.031323787,0.034332354,0.13283955
6020,2026-07-31,0.0026649027,0.032647505,0.027523387,0.032681666,0.09681969
3228,2026-07-31,0.0018582843,-0.03324516,0.019998815,0.020674996,0.09291507
3630,2026-07-31,0.001066573,-0.056757603,0.014310166,0.014420276,0.07452732
8048,2026-07-31,0.0010250141,-0.10937078,0.016869722,0.018456299,0.060756978
6768,2026-07-31,0.0013832715,-0.0055434615,0.024359131,0.027457297,0.05678424
6491,2026-07-31,0.00047713026,-0.017286729,0.009181261,0.011951646,0.051962174
1310,2026-07-31,0.0013624466,-0.16890568,0.030608768,0.035657655,0.04451019
3230,2026-07-31,0.000721078,-0.08576104,0.023004288,0.02361374,0.03134401
3556,2026-07-31,0.0004399049,-0.030188896,0.014628397,0.018069964,0.030069925
4720,2026-07-31,0.00060730166,-0.095308624,0.020930586,0.021592384,0.029013647
1305,2026-07-31,0.00022462445,-0.07304587,0.017082548,0.022165528,0.0131485835
3483,2026-07-31,-0.000319091,-0.09113096,0.018622354,0.015715923,-0.017133916
6753,2026-07-31,-0.0005050421,-0.12079826,0.02884638,0.025476262,-0.017507382
5403,2026-07-31,-0.0011541671,-0.03612406,0.015171141,0.013630397,-0.07607147
8038,2026-07-31,-0.0020261356,-0.14992496,0.021298625,0.022276754,-0.095125414
2102,2026-07-31,-0.0019052438,-0.02668563,0.019257335,0.014603313,-0.098930866
3257,2026-07-31,-0.0025189607,-0.073107705,0.022170939,0.023754999,-0.113610305
6179,2026-07-31,-0.0025899138,-0.031319514,0.022226378,0.021972617,-0.116519086
2419,2026-07-31,-0.0018926013,-0.0780529,0.015539071,0.014308489,-0.12178846
3419,2026-07-31,-0.0020021095,-0.061346546,0.01596327,0.014811481,-0.12541191
3221,2026-07-31,-0.004486197,-0.13453136,0.03541525,0.028389875,-0.12667058
6782,2026-07-31,-0.001995143,-0.09140863,0.013996559,0.018160239,-0.14253506
6266,2026-07-31,-0.0036286297,-0.08359719,0.023061125,0.024497086,-0.15734152
4304,2026-07-31,-0.0020695042,-0.08807838,0.012738386,0.016633388,-0.16244929
3189,2026-07-31,-0.0051231016,-0.038208213,0.028615491,0.03312487,-0.1790262
8040,2026-07-31,-0.0030779704,-0.11309058,0.015889423,0.014372136,-0.1936997
1809,2026-07-31,-0.0059811315,-0.100714825,0.024731342,0.025712064,-0.24183442
6494,2026-07-31,-0.0045860563,-0.10893337,0.018750256,0.020522403,-0.24457328
1570,2026-07-31,-0.0041195904,-0.068543606,0.016591286,0.015529881,-0.24828346
6264,2026-07-31,-0.007546155,-0.01249976,0.02795283,0.028641546,-0.26995066
4527,2026-07-31,-0.0033452376,-0.04137779,0.012093194,0.012313164,-0.27659863
2606,2026-07-31,-0.0054241535,0.034123756,0.01882884,0.017802384,-0.28806156
5511,2026-07-31,-0.0043718787,0.02913097,0.014563214,0.016381562,-0.3001795
3324,2026-07-31,-0.0050011287,-0.08316714,0.015560939,0.015443542,-0.32136923
2466,2026-07-31,-0.0070817163,-0.04263328,0.021725304,0.02672168,-0.32595125
8111,2026-07-31,-0.010301346,-0.24040215,0.028660033,0.038079295,-0.3594199
5392,2026-07-31,-0.008080829,-0.11886801,0.021929486,0.023898818,-0.3684747
0053,2026-07-31,-0.0048583606,-0.08513629,0.013055738,0.016184049,-0.37209603
4772,2026-07-31,-0.0053021293,-0.08231208,0.014238077,0.017856695,-0.37236467
8466,2026-07-31,-0.013145856,-0.040499203,0.0333924,0.03228319,-0.3936663
2885,2026-07-31,-0.008229717,0.009943364,0.020734524,0.019619316,-0.39688972
2440,2026-07-31,-0.004777822,-0.06880024,0.011644676,0.014452099,-0.41026574
6114,2026-07-31,-0.005794802,-0.111032285,0.0136461705,0.018943762,-0.42461565
4167,2026-07-31,-0.0081964545,-0.047848154,0.018826209,0.01813036,-0.43535155
8481,2026-07-31,-0.0076958314,-0.02979376,0.017491877,0.019416464,-0.43994084
2506,2026-07-31,-0.008814638,0.06254684,0.019639036,0.0235037,-0.44880965
4966,2026-07-31,-0.006195133,-0.090330236,0.013634299,0.012935293,-0.45434523
6855,2026-07-31,-0.005501404,-0.07972353,0.0120142065,0.014046203,-0.4578701
6171,2026-07-31,-0.008942943,0.045384385,0.019467693,0.032053012,-0.45934993
3284,2026-07-31,-0.007098028,-0.026350982,0.0152896745,0.015644604,-0.46420634
3372,2026-07-31,-0.008117829,-0.08736912,0.017397618,0.01655215,-0.466579
2610,2026-07-31,-0.009012588,0.05168918,0.01878154,0.01908861,-0.4798386
2347,2026-07-31,-0.008178225,-0.007537053,0.015724022,0.014599688,-0.52007717
2536,2026-07-31,-0.008602768,-0.01000729,0.016197901,0.016703587,-0.53107107
4503,2026-07-31,-0.008768008,-0.12294377,0.015571305,0.016231066,-0.5630514
9802,2026-07-31,-0.023626681,-0.010045294,0.040345486,0.031866156,-0.58559453
1777,2026-07-31,-0.009885474,-0.0152137065,0.016179204,0.017972926,-0.610961
6282,2026-07-31,-0.009066877,-0.14630751,0.014610167,0.0184811,-0.6205443
9906,2026-07-31,-0.012279778,-0.053213734,0.018815862,0.022728946,-0.6525943
3577,2026-07-31,-0.018535776,-0.11908851,0.028399793,0.03655477,-0.65264994
2535,2026-07-31,-0.009371394,0.02385819,0.0142058125,0.014764262,-0.65964085
5493,2026-07-31,-0.01111396,-0.13173956,0.01662857,0.020105055,-0.6683251
0055,2026-07-31,-0.016688164,0.0064256964,0.024694156,0.022158273,-0.6757667
3349,2026-07-31,-0.01189544,-0.057119735,0.017346535,0.017704476,-0.6857135
1805,2026-07-31,-0.019325739,-0.029412644,0.026786735,0.031131154,-0.7214398
1815,2026-07-31,-0.023092324,-0.15177624,0.03175379,0.033299185,-0.7272076
3339,2026-07-31,-0.019185781,-0.160911,0.025378618,0.032497834,-0.7559523
2420,2026-07-31,-0.009421985,-0.0511686,0.012103171,0.016237454,-0.77840805
3036,2026-07-31,-0.01967018,-0.048619516,0.025145095,0.02290754,-0.7822359
3332,2026-07-31,-0.013267994,-0.070745386,0.016860057,0.01778444,-0.78690165
6265,2026-07-31,-0.042300455,-0.11705084,0.051203124,0.059353266,-0.82611424
5309,2026-07-31,-0.01841188,-0.10609104,0.02183456,0.02233216,-0.8432062
6651,2026-07-31,-0.016624736,-0.06423683,0.019700577,0.019630857,-0.8438276
2548,2026-07-31,-0.026146349,-0.05800573,0.030832842,0.034398116,-0.8479757
6177,2026-07-31,-0.016953612,-0.047164496,0.019363005,0.025170306,-0.87552196
4532,2026-07-31,-0.013293561,-0.02550379,0.014946297,0.0144624505,-0.88936216
8424,2026-07-31,-0.015921451,-0.03304536,0.017185308,0.019269308,-0.9264032
6869,2026-07-31,-0.017769987,-0.022849984,0.018796837,0.0222175,-0.9453208
2433,2026-07-31,-0.014471645,-0.0246139,0.015166993,0.018066406,-0.9540909
2718,2026-07-31,-0.014286236,-0.053070594,0.014845954,0.015239544,-0.9622334
4564,2026-07-31,-0.015217388,-0.12727824,0.015671404,0.025662657,-0.97096705
3591,2026-07-31,-0.021626798,-0.15100415,0.022240533,0.027088506,-0.97236097
6209,2026-07-31,-0.01767807,-0.14137703,0.017915562,0.01856543,-0.9866888
3285,2026-07-31,-0.018035552,-0.046662726,0.018133838,0.018897,-0.9945251
6732,2026-07-31,-0.020565258,-0.17271735,0.020370698,0.023439229,-1.0095015
1314,2026-07-31,-0.021299843,-0.055806074,0.020851633,0.024534652,-1.0214462
2243,2026-07-31,-0.027197508,-0.035024617,0.025815032,0.026250254,-1.0535123
9910,2026-07-31,-0.015990956,0.0014977268,0.015110216,0.019404385,-1.0582176
0056,2026-07-31,-0.01363725,-0.027861651,0.012748544,0.019109452,-1.0696265
3362,2026-07-31,-0.01777508,-0.060277402,0.016500194,0.019950818,-1.0771996
8938,2026-07-31,-0.014359498,-0.021172378,0.012979365,0.015278185,-1.1062477
6512,2026-07-31,-0.019262403,-0.11206875,0.017222915,0.022210797,-1.1183522
9904,2026-07-31,-0.014570913,0.039904896,0.012786719,0.012385378,-1.1394458
1319,2026-07-31,-0.022041818,-0.038221177,0.019201854,0.018561428,-1.1478407
2392,2026-07-31,-0.013007826,-0.041093383,0.011274147,0.016734438,-1.1536725
3686,2026-07-31,-0.023996525,-0.13025609,0.02044844,0.02181164,-1.1734563
4550,2026-07-31,-0.01620875,-0.030797891,0.013769958,0.016066078,-1.177024
6170,2026-07-31,-0.020325292,-0.040598463,0.017220695,0.01649948,-1.1802144
6226,2026-07-31,-0.03961116,-0.15124017,0.033541806,0.039635558,-1.1809138
6532,2026-07-31,-0.030302608,-0.11727489,0.02552637,0.026410462,-1.1870635
6192,2026-07-31,-0.017479904,-0.055096444,0.014578574,0.014692016,-1.198931
4744,2026-07-31,-0.0153962495,-0.06627173,0.01270543,0.018040475,-1.2116896
2413,2026-07-31,-0.018194301,-0.106488325,0.014937987,0.017650744,-1.2179073
2890,2026-07-31,-0.022567725,0.026426606,0.018519035,0.019647617,-1.2185574
3531,2026-07-31,-0.016800364,-0.03227085,0.0135101965,0.017099993,-1.2434402
6438,2026-07-31,-0.015191406,-0.18164821,0.01211526,0.023253456,-1.2538033
4609,2026-07-31,-0.027150558,-0.099257514,0.021624591,0.021909736,-1.2554828
2459,2026-07-31,-0.024454724,-0.046762075,0.019460617,0.020475836,-1.2565618
3379,2026-07-31,-0.02849191,-0.15848455,0.02263624,0.025168426,-1.25863
4588,2026-07-31,-0.022743015,-0.08104779,0.017968642,0.026089372,-1.2656354
7704,2026-07-31,-0.03198474,-0.09905066,0.02498054,0.027892899,-1.280335
1409,2026-07-31,-0.040073752,-0.17088431,0.031082697,0.031667504,-1.2892209
9912,2026-07-31,-0.025036002,-0.059926376,0.019208726,0.018712297,-1.3032982
2645,2026-07-31,-0.026759151,-0.009427572,0.020382226,0.019496383,-1.3128026
5230,2026-07-31,-0.026950948,-0.11251904,0.020273859,0.021519119,-1.3292792
3551,2026-07-31,-0.02001259,-0.15835012,0.015019966,0.014605056,-1.3323103
4558,2026-07-31,-0.015843045,-0.06340313,0.01176452,0.014989717,-1.3465656
7743,2026-07-31,-0.019150158,-0.069283046,0.014193876,0.014950045,-1.3490895
5534,2026-07-31,-0.036692552,0.012203862,0.02713782,0.024422832,-1.352032
3576,2026-07-31,-0.019268159,-0.03535788,0.014100371,0.016606646,-1.3664032
6844,2026-07-31,-0.032415934,-0.01901819,0.023610827,0.0252125,-1.3728685
1722,2026-07-31,-0.020702664,0.014671854,0.014879075,0.013086479,-1.391301
3050,2026-07-31,-0.0294936,-0.06819752,0.02119109,0.023344263,-1.3917267
7715,2026-07-31,-0.02142732,-0.09928648,0.015394292,0.01815547,-1.3918099
3272,2026-07-31,-0.019896114,-0.12478513,0.014093979,0.017567126,-1.4115746
3296,2026-07-31,-0.017495362,-0.080819,0.012262942,0.01972701,-1.4265691
3081,2026-07-31,-0.025592033,-0.06213754,0.017813971,0.024963278,-1.4365463
6198,2026-07-31,-0.03093138,-0.13579026,0.02151133,0.02256633,-1.4378443
6411,2026-07-31,-0.02227821,-0.09920047,0.01542277,0.018404942,-1.4444076
2615,2026-07-31,-0.03133864,0.016081352,0.02163378,0.020973574,-1.4485306
3323,2026-07-31,-0.031159718,-0.13904415,0.021424685,0.025888273,-1.454316
4939,2026-07-31,-0.039828826,-0.17177711,0.027385501,0.032759666,-1.4543233
3528,2026-07-31,-0.0196122,-0.06444201,0.013463432,0.013668791,-1.4565932
7721,2026-07-31,-0.043486793,-0.22397484,0.029573781,0.028960576,-1.4704012
2727,2026-07-31,-0.021509735,-0.008991978,0.014627436,0.017429994,-1.4704056
6556,2026-07-31,-0.025087953,-0.066006936,0.016980348,0.019683504,-1.4773828
4529,2026-07-31,-0.024763405,-0.037749585,0.016708985,0.023771975,-1.4819525
6191,2026-07-31,-0.019698968,-0.11113279,0.013236761,0.01880472,-1.4880891
4543,2026-07-31,-0.028475134,-0.11457212,0.01912205,0.020098213,-1.4890478
3516,2026-07-31,-0.023655333,-0.052565597,0.015711524,0.015484893,-1.5055082
6703,2026-07-31,-0.024285493,-0.06878784,0.01606078,0.018270519,-1.512005
6498,2026-07-31,-0.02822188,-0.15343599,0.018631836,0.022884462,-1.5146314
5543,2026-07-31,-0.043104973,-0.056586307,0.027222695,0.025566226,-1.5833623
6477,2026-07-31,-0.042273697,-0.11464728,0.02665407,0.029851394,-1.5859532
6885,2026-07-31,-0.037751965,-0.0595396,0.02376118,0.03241722,-1.5887417
2248,2026-07-31,-0.028381519,-0.038521726,0.017621497,0.017603641,-1.6105276
2365,2026-07-31,-0.033307757,-0.145194,0.020654961,0.0247745,-1.6125009
4542,2026-07-31,-0.041933887,-0.18513764,0.025994832,0.027671905,-1.6131004
3178,2026-07-31,-0.02841819,-0.12845418,0.017481785,0.01932833,-1.6254956
8210,2026-07-31,-0.017541837,-0.07742512,0.010674159,0.011007581,-1.6432389
2527,2026-07-31,-0.095368706,-0.13247012,0.057910986,0.069208525,-1.646787
2838,2026-07-31,-0.025471829,0.04278616,0.015360921,0.01760107,-1.6581148
6552,2026-07-31,-0.03740983,-0.117395945,0.022465177,0.01906348,-1.6651623
6861,2026-07-31,-0.027915161,-0.13301201,0.016745517,0.018348487,-1.6669234
3693,2026-07-31,-0.025526306,-0.0879807,0.015185231,0.022253353,-1.6808848
8201,2026-07-31,-0.022354463,-0.077161424,0.013281266,0.013923636,-1.6830307
9944,2026-07-31,-0.021803616,0.004916126,0.012829372,0.016812427,-1.6993752
1737,2026-07-31,-0.029720213,-0.010989758,0.01746336,0.018822141,-1.7017636
6558,2026-07-31,-0.033768,-0.15509494,0.019642772,0.027752478,-1.719018
6716,2026-07-31,-0.03857656,-0.1290739,0.022307692,0.024469702,-1.7292165
6210,2026-07-31,-0.028181616,-0.09604259,0.01617655,0.022894567,-1.74202
5291,2026-07-31,-0.026387382,-0.18873297,0.015021858,0.020274231,-1.7564821
4741,2026-07-31,-0.037879325,-0.13928206,0.021492068,0.022186618,-1.7623973
8071,2026-07-31,-0.040553156,-0.12821594,0.022996567,0.026795506,-1.7633672
5871,2026-07-31,-0.025869783,0.05004482,0.014617975,0.017562719,-1.769603
2332,2026-07-31,-0.033570845,-0.1562402,0.018897148,0.021991115,-1.7764093
9958,2026-07-31,-0.029465105,-0.043794457,0.016465714,0.01582584,-1.7893736
1336,2026-07-31,-0.035716392,-0.081008695,0.019936599,0.016507888,-1.7914089
3078,2026-07-31,-0.025653303,-0.064959124,0.014252834,0.014927334,-1.7997475
6140,2026-07-31,-0.022422591,-0.095759995,0.012383129,0.0143701695,-1.8105907
2542,2026-07-31,-0.04838825,0.025084874,0.026684338,0.030242493,-1.8132898
4576,2026-07-31,-0.034992933,-0.0755205,0.019153146,0.020497246,-1.8269117
2409,2026-07-31,-0.028947044,-0.12155317,0.015789395,0.019801553,-1.8332058
1477,2026-07-31,-0.028985795,-0.021402886,0.015721774,0.01888556,-1.8435547
4942,2026-07-31,-0.03204643,-0.042965643,0.01733776,0.014563135,-1.8482538
4556,2026-07-31,-0.048510097,-0.104171306,0.026230391,0.021665702,-1.8493147
4909,2026-07-31,-0.05149677,-0.19314829,0.02778835,0.035577103,-1.8531116
7709,2026-07-31,-0.029683134,-0.06919704,0.015920425,0.015446021,-1.8643515
4924,2026-07-31,-0.03654719,-0.096949056,0.019577056,0.019989211,-1.8667426
6533,2026-07-31,-0.044815905,-0.12992284,0.023985876,0.028510664,-1.8683511
2851,2026-07-31,-0.034108188,0.046108153,0.018140327,0.018918341,-1.8801374
1730,2026-07-31,-0.031004881,-0.045565017,0.016226148,0.017991932,-1.9106796
3321,2026-07-31,-0.03221355,-0.033988077,0.01667721,0.02015191,-1.9314753
1568,2026-07-31,-0.033709038,-0.071863845,0.017406473,0.01675751,-1.9364693
1569,2026-07-31,-0.038044088,-0.17285953,0.019644614,0.022066455,-1.9365181
1434,2026-07-31,-0.032610033,0.000736246,0.016805686,0.01662184,-1.9403012
3479,2026-07-31,-0.053551737,-0.1443638,0.027550286,0.02590429,-1.943711
3268,2026-07-31,-0.030912956,-0.10350814,0.015228527,0.021489892,-2.029804
6113,2026-07-31,-0.032456663,-0.09124895,0.015903145,0.017437546,-2.0407674
8121,2026-07-31,-0.030772062,-0.09887938,0.014979823,0.015759503,-2.054097
7753,2026-07-31,-0.029332379,-0.13013893,0.014200521,0.020411348,-2.0654392
3303,2026-07-31,-0.046970304,-0.077052034,0.022519391,0.025041908,-2.0856788
8227,2026-07-31,-0.03516761,-0.17002271,0.016743852,0.024393704,-2.1002042
5533,2026-07-31,-0.03310438,-0.003908985,0.015748383,0.020064509,-2.1019475
6527,2026-07-31,-0.041128684,-0.07528963,0.019446267,0.020326855,-2.1148825
7734,2026-07-31,-0.023608297,-0.08583038,0.0111516835,0.014169387,-2.1168265
8176,2026-07-31,-0.027777927,-0.109124504,0.013064934,0.017706621,-2.1259809
3466,2026-07-31,-0.056416675,-0.26774293,0.026357323,0.03282639,-2.1403742
2812,2026-07-31,-0.03679187,0.04516143,0.017092321,0.01898222,-2.152412
6692,2026-07-31,-0.04502033,-0.1815344,0.020731725,0.019323684,-2.1714623
3702,2026-07-31,-0.05956726,-0.034106124,0.027406441,0.019906053,-2.1733973
6161,2026-07-31,-0.035021387,-0.1517979,0.016110003,0.02127087,-2.173756
2377,2026-07-31,-0.042189885,-0.025547374,0.019387262,0.022339871,-2.176053
1514,2026-07-31,-0.03434583,-0.055085402,0.015768996,0.017335134,-2.1779227
9105,2026-07-31,-0.041937362,-0.11392204,0.019207742,0.018567093,-2.1832435
8234,2026-07-31,-0.044981036,-0.18889323,0.020459974,0.021571623,-2.198382
8067,2026-07-31,-0.03440188,-0.08043062,0.015633456,0.018954506,-2.2003884
8255,2026-07-31,-0.031193908,-0.10059605,0.014118127,0.016324079,-2.209337
8416,2026-07-31,-0.030934723,-0.085527815,0.013994208,0.013759974,-2.2103796
5438,2026-07-31,-0.03275474,-0.12380692,0.014778149,0.019267794,-2.2162805
3672,2026-07-31,-0.04373528,-0.07577488,0.019717397,0.017558947,-2.2179937
8091,2026-07-31,-0.035889857,-0.107637025,0.016115008,0.016183827,-2.2269695
8433,2026-07-31,-0.026612638,-0.050294273,0.011884848,0.013417856,-2.239019
2431,2026-07-31,-0.031808868,-0.090758845,0.014049952,0.018485492,-2.263823
5345,2026-07-31,-0.070848905,-0.16932221,0.031162232,0.033174213,-2.2734773
4541,2026-07-31,-0.051849056,-0.09311325,0.022621917,0.027140658,-2.291882
2546,2026-07-31,-0.03578644,-0.024713771,0.015503201,0.013930172,-2.308177
2067,2026-07-31,-0.03318558,-0.07573997,0.014338395,0.017998606,-2.3142943
6579,2026-07-31,-0.039785225,-0.124035746,0.017170008,0.024165194,-2.317
3060,2026-07-31,-0.04477884,-0.18371534,0.019221175,0.023169894,-2.3295405
3287,2026-07-31,-0.037086863,-0.11329111,0.015867526,0.018633403,-2.3371334
1537,2026-07-31,-0.042847466,-0.03534893,0.018187225,0.017247278,-2.3557806
5244,2026-07-31,-0.04861184,-0.13653336,0.020625427,0.018460488,-2.3567746
6873,2026-07-31,-0.035074197,-0.11308333,0.014709667,0.016856309,-2.3842695
6115,2026-07-31,-0.04436499,-0.018762175,0.018529644,0.017413821,-2.3941417
4711,2026-07-31,-0.044197764,-0.085646614,0.018372178,0.022884706,-2.405559
8932,2026-07-31,-0.09438235,-0.14086717,0.038801964,0.0382817,-2.4323492
6505,2026-07-31,-0.040127683,-0.03830316,0.01632735,0.01650877,-2.4575467
2630,2026-07-31,-0.06967019,-0.07552688,0.028348316,0.024378143,-2.4575617
5516,2026-07-31,-0.059712246,-0.10253592,0.024075747,0.021352062,-2.4800794
1444,2026-07-31,-0.04834006,-0.05833586,0.019487774,0.019175792,-2.4804053
6875,2026-07-31,-0.0727227,-0.13291004,0.02910603,0.030377507,-2.4984584
2066,2026-07-31,-0.042586453,-0.05678923,0.01701738,0.016779898,-2.5023801
3346,2026-07-31,-0.04128833,-0.06348844,0.01640091,0.018205686,-2.5172877
2882,2026-07-31,-0.037426215,0.012179142,0.014855526,0.018532446,-2.5191767
4951,2026-07-31,-0.052635305,-0.17304064,0.0207107,0.023107857,-2.541332
6225,2026-07-31,-0.042418275,-0.090138294,0.01658784,0.021221995,-2.5570366
2489,2026-07-31,-0.049817324,-0.11181163,0.019450113,0.025620656,-2.5611553
4967,2026-07-31,-0.05338192,-0.14117193,0.020826593,0.02214074,-2.5630383
7703,2026-07-31,-0.03591152,-0.17640273,0.014001818,0.023079298,-2.5645921
8147,2026-07-31,-0.050106347,-0.17695335,0.019431075,0.019928658,-2.5785382
3049,2026-07-31,-0.049801182,-0.13291647,0.019279987,0.019791225,-2.5829167
4952,2026-07-31,-0.042534765,-0.10785437,0.01644346,0.017967144,-2.5865712
2006,2026-07-31,-0.053281672,0.020041203,0.020570466,0.022866743,-2.5900764
6606,2026-07-31,-0.037964843,-0.034449827,0.014591443,0.015949862,-2.6016784
2115,2026-07-31,-0.03699093,-0.023053734,0.014178064,0.014774001,-2.6088414
1580,2026-07-31,-0.050036546,-0.05152555,0.01902849,0.019969115,-2.6294212
3441,2026-07-31,-0.052808847,-0.18048783,0.020036962,0.030052276,-2.63544
2482,2026-07-31,-0.03668437,-0.07757285,0.013858796,0.01627292,-2.6468189
2634,2026-07-31,-0.054863524,-0.09562691,0.020625416,0.018606994,-2.659867
1717,2026-07-31,-0.053360462,-0.16349429,0.019935356,0.026644276,-2.6765404
9941,2026-07-31,-0.0408121,0.0071486724,0.0152121,0.018554827,-2.6826947
5009,2026-07-31,-0.043571465,-0.03294291,0.016236678,0.017117027,-2.6833556
2816,2026-07-31,-0.040401883,-0.009814471,0.015042285,0.01613893,-2.6857088
2362,2026-07-31,-0.048552696,-0.015687289,0.01800028,0.017700668,-2.69718
2241,2026-07-31,-0.05328205,-0.13235731,0.019736748,0.01972859,-2.6994998
2539,2026-07-31,-0.04971089,-0.0040429174,0.018217437,0.025873773,-2.7286034
1216,2026-07-31,-0.048608646,0.044838376,0.017769085,0.022846049,-2.73542
7705,2026-07-31,-0.051016238,-0.13942805,0.01857425,0.024225626,-2.7464628
5209,2026-07-31,-0.040176637,-0.09092374,0.014590005,0.0139411865,-2.7535207
2618,2026-07-31,-0.030045433,0.044851962,0.010867992,0.01408805,-2.7643254
2465,2026-07-31,-0.062198315,-0.16229361,0.022357665,0.028013881,-2.781844
2892,2026-07-31,-0.040798265,0.0068774433,0.014656938,0.015750764,-2.7833564
4739,2026-07-31,-0.05928797,-0.15710436,0.02126553,0.022406176,-2.7878535
5903,2026-07-31,-0.05497058,-0.012016004,0.01965189,0.019150326,-2.7970736
1402,2026-07-31,-0.04566293,0.00088316255,0.016288389,0.019501526,-2.8032315
2312,2026-07-31,-0.07208,-0.21074086,0.025600754,0.031588078,-2.815432
2726,2026-07-31,-0.039623063,-0.08427607,0.014063754,0.017101081,-2.8171885
3046,2026-07-31,-0.050558142,-0.11150615,0.017929021,0.017796144,-2.819748
3306,2026-07-31,-0.056871023,-0.14332826,0.020071888,0.025395403,-2.8332257
4581,2026-07-31,-0.04388591,-0.05619548,0.015416854,0.015396334,-2.8464344
4743,2026-07-31,-0.053139877,-0.16219515,0.018628754,0.021948833,-2.8524196
9927,2026-07-31,-0.06296592,-0.08290386,0.02190675,0.024969794,-2.874139
6233,2026-07-31,-0.058194082,-0.18804096,0.020206353,0.02077234,-2.8798468
5299,2026-07-31,-0.07437253,-0.11229798,0.025796847,0.02724092,-2.8828967
5478,2026-07-31,-0.046056826,-0.059664614,0.015927758,0.01641347,-2.891426
2480,2026-07-31,-0.050713085,-0.023242299,0.017319987,0.01839965,-2.9278405
6276,2026-07-31,-0.054170933,-0.17675747,0.018498188,0.022293257,-2.928287
8087,2026-07-31,-0.059993584,-0.15112203,0.020453528,0.030127186,-2.9330223
4536,2026-07-31,-0.050318442,-0.040896673,0.017121099,0.018957285,-2.938801
6658,2026-07-31,-0.0632049,-0.11161464,0.021502525,0.022796001,-2.939281
6994,2026-07-31,-0.047348976,-0.12718101,0.016048353,0.016751053,-2.9502108
4953,2026-07-31,-0.038637456,-0.097513996,0.013094799,0.011985515,-2.9503703
6196,2026-07-31,-0.051013447,-0.02355396,0.017220616,0.011360438,-2.9621754
6417,2026-07-31,-0.04196868,-0.14044333,0.014102282,0.02065507,-2.9758096
8110,2026-07-31,-0.08871663,-0.19265778,0.029776098,0.03480743,-2.979358
1527,2026-07-31,-0.039872613,-0.03330563,0.013381119,0.015274389,-2.979544
8084,2026-07-31,-0.106322445,-0.1477712,0.035384886,0.04321505,-3.004657
5609,2026-07-31,-0.045235697,-0.0034024552,0.015049508,0.015202022,-3.0055926
4207,2026-07-31,-0.04677092,-0.050481055,0.015515288,0.018812316,-3.014311
9960,2026-07-31,-0.03781588,-0.06159872,0.012495811,0.015158815,-3.0260422
3219,2026-07-31,-0.060812354,-0.16661063,0.020082636,0.02460045,-3.0279553
6129,2026-07-31,-0.07532111,-0.13891424,0.024673054,0.027056804,-3.0526443
5213,2026-07-31,-0.050632555,-0.015384733,0.016573096,0.017337099,-3.0549212
2834,2026-07-31,-0.0493064,0.0140141575,0.016006082,0.016793553,-3.0802865
4938,2026-07-31,-0.05441874,-0.039789043,0.01764899,0.019645091,-3.0832164
4306,2026-07-31,-0.04694828,0.002160941,0.01520872,0.014255271,-3.0867286
4126,2026-07-31,-0.05556197,-0.08204731,0.017992621,0.02184023,-3.0878704
4433,2026-07-31,-0.037614066,-0.09292545,0.012148048,0.013051773,-3.0960505
4510,2026-07-31,-0.06839473,-0.21998869,0.022053976,0.02872689,-3.1011019
1593,2026-07-31,-0.052767504,-0.07687351,0.017004536,0.017584406,-3.10296
6574,2026-07-31,-0.04913419,-0.124634966,0.015823802,0.018039301,-3.104885
2371,2026-07-31,-0.055472363,-0.11947007,0.017802425,0.022478722,-3.1158254
4154,2026-07-31,-0.051392246,-0.09697102,0.016458744,0.015926147,-3.1222992
4120,2026-07-31,-0.05920599,-0.031224078,0.018908994,0.019491538,-3.1309364
8112,2026-07-31,-0.06292477,-0.09402394,0.020091789,0.025441907,-3.131709
5015,2026-07-31,-0.06527499,-0.023404561,0.020764159,0.020783294,-3.1434863
2528,2026-07-31,-0.06636467,-0.056927714,0.02107252,0.024958352,-3.149197
3135,2026-07-31,-0.061889533,-0.12574047,0.019603893,0.02334654,-3.156841
3013,2026-07-31,-0.04952643,-0.15109687,0.015638292,0.019627025,-3.166795
6499,2026-07-31,-0.074833915,-0.18674642,0.02347675,0.019173443,-3.18744
9110,2026-07-31,-0.06007231,-0.10671619,0.018845446,0.022813927,-3.187461
5460,2026-07-31,-0.045933183,-0.13240078,0.014398218,0.014545453,-3.1899776
2427,2026-07-31,-0.056463163,-0.11869502,0.01767207,0.019111548,-3.1948702
6550,2026-07-31,-0.056260712,-0.12190207,0.017600192,0.019476745,-3.196415
6242,2026-07-31,-0.05970563,-0.13388667,0.018675182,0.019782646,-3.1968863
4554,2026-07-31,-0.044508066,-0.10770826,0.0139000015,0.01564842,-3.2017884
9905,2026-07-31,-0.048294205,-0.023639161,0.015071682,0.018514132,-3.2040884
6216,2026-07-31,-0.06363566,-0.06322396,0.0197741,0.020582803,-3.2179692
1452,2026-07-31,-0.04765161,-0.048279576,0.014768841,0.016190844,-3.2262778
8083,2026-07-31,-0.061534405,-0.08086426,0.018873114,0.020939361,-3.260254
2597,2026-07-31,-0.059683084,-0.057255976,0.018249888,0.022951404,-3.2701468
2762,2026-07-31,-0.058632936,-0.049513057,0.017850462,0.023405595,-3.2844892
4183,2026-07-31,-0.051449522,-0.15581833,0.015637973,0.019311303,-3.2898273
2801,2026-07-31,-0.05727402,-0.0043955343,0.017372387,0.012823671,-3.2966526
1736,2026-07-31,-0.045902677,-0.09427838,0.013912601,0.015802355,-3.2991226
5522,2026-07-31,-0.057146017,-0.07892806,0.01731575,0.02192263,-3.3000429
5344,2026-07-31,-0.07318384,-0.16985223,0.022123678,0.027669847,-3.3077924
4706,2026-07-31,-0.058622647,-0.10418843,0.017697494,0.018772013,-3.3122957
8935,2026-07-31,-0.03999889,-0.07502711,0.012021123,0.014678924,-3.3271067
1560,2026-07-31,-0.046339415,-0.0049523264,0.013916446,0.013533658,-3.3295918
5546,2026-07-31,-0.06347765,-0.06062107,0.0190031,0.021042157,-3.340208
6881,2026-07-31,-0.042082325,-0.068832256,0.012560184,0.01391182,-3.3501875
6957,2026-07-31,-0.06619706,-0.075651474,0.019679187,0.0198154,-3.3636398
5356,2026-07-31,-0.042375907,-0.058207925,0.012582629,0.01778341,-3.3675425
6967,2026-07-31,-0.054992322,-0.18369827,0.016297007,0.022344759,-3.3741746
3447,2026-07-31,-0.07238507,-0.16732945,0.021414729,0.02104425,-3.3799958
3041,2026-07-31,-0.07676131,-0.18093589,0.02250992,0.030282903,-3.409959
2488,2026-07-31,-0.04951266,-0.03856717,0.014492661,0.015002214,-3.4161596
8222,2026-07-31,-0.082420394,-0.2061849,0.024094535,0.027491126,-3.420567
6142,2026-07-31,-0.06456581,-0.13477638,0.018847985,0.018007196,-3.4254262
3540,2026-07-31,-0.055783607,-0.16821449,0.016263086,0.02233044,-3.4298642
6163,2026-07-31,-0.07527005,-0.32462645,0.021916404,0.026063463,-3.4342592
6698,2026-07-31,-0.05650798,-0.10598828,0.016444983,0.018969908,-3.4359746
1264,2026-07-31,-0.06104839,-0.10004427,0.017764317,0.018799147,-3.4363804
3438,2026-07-31,-0.052541737,-0.13211323,0.015188396,0.018243182,-3.4591062
2103,2026-07-31,-0.06288956,-0.092830986,0.01817889,0.019675802,-3.4592927
1308,2026-07-31,-0.06953552,-0.13741893,0.020073645,0.020933956,-3.463848
6951,2026-07-31,-0.03446591,-0.041875135,0.009925108,0.016264949,-3.4722478
1540,2026-07-31,-0.05217622,-0.12538384,0.014953965,0.02077198,-3.4888892
6470,2026-07-31,-0.056861456,-0.113237664,0.016276231,0.016142586,-3.4933126
6117,2026-07-31,-0.064550355,-0.17988274,0.018466363,0.020397492,-3.4953747
6199,2026-07-31,-0.14483456,-0.17894919,0.041427203,0.032653544,-3.496038
3024,2026-07-31,-0.06374097,-0.08676473,0.018214256,0.018798603,-3.499318
4585,2026-07-31,-0.056151375,-0.07240545,0.015987592,0.018638501,-3.511965
1440,2026-07-31,-0.051155884,-0.038351823,0.014365588,0.016510604,-3.5607538
4999,2026-07-31,-0.059070982,-0.115157895,0.016583541,0.019660113,-3.5618098
2603,2026-07-31,-0.044808447,0.026315816,0.012538544,0.017161705,-3.5733714
2702,2026-07-31,-0.05896349,-0.1066356,0.016481861,0.017714465,-3.5772605
6128,2026-07-31,-0.06433486,-0.11488593,0.017981209,0.015109942,-3.5776951
6895,2026-07-31,-0.06829406,-0.18652374,0.01907462,0.020350635,-3.5801752
2547,2026-07-31,-0.059982833,0.013541051,0.016732056,0.01930021,-3.5846908
5292,2026-07-31,-0.068973176,-0.1419769,0.019215237,0.015968677,-3.5893173
6152,2026-07-31,-0.054808117,-0.15331653,0.015263771,0.021081325,-3.5904973
6894,2026-07-31,-0.064795025,-0.1794005,0.018017238,0.024539134,-3.5960798
2061,2026-07-31,-0.081975445,-0.20397629,0.022611829,0.023082219,-3.6251743
3297,2026-07-31,-0.08465551,-0.205492,0.023316303,0.027037635,-3.6305873
2886,2026-07-31,-0.053839877,0.009250656,0.014803176,0.016186487,-3.6368034
4561,2026-07-31,-0.062049754,-0.1551674,0.016981583,0.02020506,-3.6537287
5223,2026-07-31,-0.047653977,-0.09208311,0.013032541,0.016711611,-3.6562572
6534,2026-07-31,-0.051510435,-0.01902825,0.014044713,0.014939984,-3.667342
2373,2026-07-31,-0.055246197,-0.06098055,0.015050913,0.016657801,-3.670377
5880,2026-07-31,-0.054330714,0.018045012,0.01476527,0.014405238,-3.6793797
6859,2026-07-31,-0.047144953,-0.13337053,0.012805515,0.019538539,-3.6813257
6414,2026-07-31,-0.08520024,-0.14252478,0.023023956,0.02338402,-3.7003434
6441,2026-07-31,-0.064559326,-0.1905563,0.017435938,0.023850001,-3.7024462
9943,2026-07-31,-0.051242016,-0.07779436,0.01374864,0.013976831,-3.7267895
6674,2026-07-31,-0.06941708,-0.11779337,0.018458545,0.023550741,-3.7604978
4735,2026-07-31,-0.08510761,-0.11100383,0.02263057,0.021914078,-3.7605703
1626,2026-07-31,-0.061017938,-0.058799483,0.016203465,0.018255567,-3.7655015
6863,2026-07-31,-0.049791202,-0.087189026,0.013204486,0.01784596,-3.7704935
4102,2026-07-31,-0.06634283,-0.061303012,0.01758343,0.015175731,-3.7728167
2753,2026-07-31,-0.05343531,-0.07821045,0.014140605,0.018560909,-3.7785888
3224,2026-07-31,-0.11541139,-0.18005542,0.03034436,0.030419141,-3.8032632
2891,2026-07-31,-0.06261301,-0.040536407,0.016443247,0.015697328,-3.8075936
6890,2026-07-31,-0.08799323,-0.09701174,0.02308232,0.021799944,-3.811983
6771,2026-07-31,-0.079658285,-0.12813856,0.020866131,0.021735571,-3.8174045
9950,2026-07-31,-0.060782798,-0.08842888,0.015896605,0.01760149,-3.8233933
8215,2026-07-31,-0.06859291,-0.120955124,0.017911484,0.018825728,-3.8293355
6872,2026-07-31,-0.100402184,-0.11579129,0.026059587,0.0233054,-3.8526447
5348,2026-07-31,-0.07420397,-0.16861229,0.019255841,0.028261475,-3.853382
6126,2026-07-31,-0.084122576,-0.14944519,0.021824168,0.01924412,-3.854384
5258,2026-07-31,-0.04736166,-0.13587724,0.012273459,0.013851044,-3.858554
3259,2026-07-31,-0.08789729,-0.16030623,0.022722678,0.02858105,-3.8680925
6416,2026-07-31,-0.059143428,-0.12718382,0.015252846,0.016299078,-3.8772795
3527,2026-07-31,-0.06182599,-0.12738067,0.015929447,0.019412499,-3.8809953
2471,2026-07-31,-0.066247255,-0.12011642,0.017062651,0.021623377,-3.882361
2852,2026-07-31,-0.08462736,-0.038231246,0.021710584,0.020234013,-3.8977976
6197,2026-07-31,-0.06672623,-0.01930228,0.017005473,0.015310706,-3.9235783
6617,2026-07-31,-0.07044327,-0.1071912,0.017945364,0.020702621,-3.9252114
4535,2026-07-31,-0.05207628,-0.0897703,0.0131417485,0.016750302,-3.9623582
6887,2026-07-31,-0.05748047,-0.086219005,0.014497031,0.014513044,-3.9647086
2227,2026-07-31,-0.0686871,-0.019721,0.017308177,0.01580173,-3.9682477
2107,2026-07-31,-0.08900609,-0.06298833,0.022339951,0.017744627,-3.9839883
8928,2026-07-31,-0.048238803,-0.08879509,0.01206972,0.014589747,-3.9963484
2374,2026-07-31,-0.061155614,-0.12374767,0.015287892,0.02031515,-4.000003
2206,2026-07-31,-0.059629858,-0.022853795,0.014892459,0.01520379,-4.0037613
3373,2026-07-31,-0.063389294,-0.14264962,0.015823284,0.013269058,-4.0058236
4905,2026-07-31,-0.0797704,-0.14146706,0.019794153,0.020695435,-4.0297947
3706,2026-07-31,-0.06925039,-0.07001034,0.01715892,0.016176675,-4.035589
6719,2026-07-31,-0.07144962,-0.16055183,0.017692726,0.015912944,-4.038133
6180,2026-07-31,-0.072629884,-0.0970751,0.017975563,0.020598458,-4.040254
6112,2026-07-31,-0.06636096,-0.14780973,0.016395552,0.01924065,-4.0472507
8450,2026-07-31,-0.08213748,-0.16044396,0.020253478,0.021401618,-4.055275
5215,2026-07-31,-0.07433208,-0.09983039,0.018315386,0.019430466,-4.0582285
8477,2026-07-31,-0.06356976,-0.11174153,0.015605499,0.018383652,-4.0732875
2390,2026-07-31,-0.065021954,-0.11706845,0.015920507,0.018482158,-4.083907
3607,2026-07-31,-0.09169393,-0.178965,0.022319382,0.02194278,-4.108081
6757,2026-07-31,-0.06806026,-0.052481912,0.016560925,0.016433148,-4.1094413
1905,2026-07-31,-0.09276915,-0.16433331,0.022419598,0.022458969,-4.1376753
2231,2026-07-31,-0.093504176,-0.1306353,0.02248081,0.020166205,-4.1591034
6535,2026-07-31,-0.06659232,-0.108642705,0.016005266,0.019641714,-4.1603904
3288,2026-07-31,-0.09136274,-0.1354317,0.021866,0.028870627,-4.17811
2476,2026-07-31,-0.09085612,-0.279888,0.021738525,0.029738113,-4.1793056
8930,2026-07-31,-0.07132672,-0.08023627,0.01688004,0.016918883,-4.2252564
8068,2026-07-31,-0.068095535,-0.16734976,0.016088955,0.020131862,-4.232177
6785,2026-07-31,-0.115024254,-0.25787747,0.027027052,0.026325502,-4.255736
2832,2026-07-31,-0.07787119,-0.014794934,0.01827287,0.016562901,-4.261341
4107,2026-07-31,-0.07529226,-0.098381214,0.017660808,0.0190886,-4.2629986
3150,2026-07-31,-0.068401545,-0.12000456,0.01604213,0.017776767,-4.263603
8924,2026-07-31,-0.06991684,-0.0826002,0.016347243,0.016708696,-4.2767186
5220,2026-07-31,-0.07435595,-0.13652363,0.017357638,0.021155158,-4.283513
3622,2026-07-31,-0.08623915,-0.13047744,0.020098347,0.021917054,-4.290644
8272,2026-07-31,-0.07362197,-0.1683423,0.017135527,0.023396347,-4.296201
3313,2026-07-31,-0.06351294,-0.1217855,0.014764755,0.018103546,-4.3013678
6166,2026-07-31,-0.09426581,-0.13495502,0.021748062,0.02399734,-4.334247
4440,2026-07-31,-0.06077552,-0.10169973,0.013954452,0.019432986,-4.3549657
1788,2026-07-31,-0.069115624,-0.09794234,0.015865196,0.016374543,-4.356156
3705,2026-07-31,-0.06784413,-0.050619546,0.01555944,0.016734043,-4.360039
2450,2026-07-31,-0.067801856,-0.0853252,0.015536554,0.01962007,-4.3637404
9951,2026-07-31,-0.06447578,-0.089432634,0.014744865,0.013082417,-4.372465
1341,2026-07-31,-0.08692242,-0.09807766,0.019868853,0.024661263,-4.374588
2432,2026-07-31,-0.09250145,-0.16029814,0.02107252,0.02362553,-4.3894634
2889,2026-07-31,-0.074728645,-0.0057414756,0.017019214,0.017976167,-4.390582
4770,2026-07-31,-0.07430184,-0.14205651,0.016918048,0.018376136,-4.3916087
8390,2026-07-31,-0.050999697,-0.08980358,0.011597275,0.012814204,-4.3971796
2453,2026-07-31,-0.089254156,-0.14254564,0.020281097,0.018999316,-4.4006376
6751,2026-07-31,-0.08414051,-0.14685114,0.01905179,0.025408505,-4.4161777
4972,2026-07-31,-0.07508477,-0.11207806,0.016999949,0.019080466,-4.4165044
6517,2026-07-31,-0.112919524,-0.1849917,0.025550442,0.023587802,-4.4193015
4934,2026-07-31,-0.08873733,-0.13609011,0.020052735,0.014836163,-4.424978
3188,2026-07-31,-0.09426967,-0.11024518,0.021267978,0.025071666,-4.4322615
6488,2026-07-31,-0.08079723,-0.15265195,0.018207934,0.02374375,-4.43723
3118,2026-07-31,-0.06737879,-0.101046875,0.01517076,0.016367234,-4.441066
8437,2026-07-31,-0.07682939,-0.101456076,0.017296722,0.01708959,-4.44159
8410,2026-07-31,-0.05455492,-0.094913386,0.012242396,0.012622067,-4.455865
3508,2026-07-31,-0.079749316,-0.16084681,0.017862884,0.023373162,-4.4642763
8271,2026-07-31,-0.06719672,-0.17862374,0.015025052,0.0152104525,-4.472014
6925,2026-07-31,-0.08183966,-0.23647316,0.018282987,0.025805963,-4.476029
4763,2026-07-31,-0.09652295,-0.14322853,0.021561524,0.025548816,-4.476422
3564,2026-07-31,-0.09693034,-0.20881748,0.021606112,0.027182445,-4.4860387
3717,2026-07-31,-0.09548445,-0.17402166,0.0212537,0.02321414,-4.4923925
6241,2026-07-31,-0.07109291,-0.08971047,0.015711308,0.019932285,-4.524664
2511,2026-07-31,-0.0861901,-0.015384888,0.019040536,0.018235756,-4.5264254
1512,2026-07-31,-0.07076864,-0.11900854,0.015561067,0.018477518,-4.547509
2201,2026-07-31,-0.054824807,-0.027597027,0.012005958,0.012625222,-4.5660863
3025,2026-07-31,-0.07026899,-0.16041799,0.015362306,0.016922202,-4.5738196
2049,2026-07-31,-0.08425819,-0.055794884,0.018395692,0.020517306,-4.580073
4714,2026-07-31,-0.10332223,-0.22000389,0.022551032,0.023401236,-4.5815043
1734,2026-07-31,-0.06605698,-0.062100302,0.014387113,0.016321048,-4.59108
5548,2026-07-31,-0.09624447,-0.08471655,0.020888202,0.022022484,-4.607379
2204,2026-07-31,-0.06637378,-0.022411799,0.014386693,0.014844481,-4.613233
1721,2026-07-31,-0.093708724,-0.12407135,0.020256773,0.022739902,-4.625816
8093,2026-07-31,-0.104614995,-0.18459505,0.02256795,0.026539272,-4.6353507
6203,2026-07-31,-0.075615056,-0.14685526,0.016297882,0.016554624,-4.6392784
6916,2026-07-31,-0.054105725,-0.09831108,0.011616465,0.018103318,-4.6572747
9949,2026-07-31,-0.1136022,-0.18890576,0.024339868,0.027414149,-4.6671386
4432,2026-07-31,-0.06705089,-0.092878036,0.01431805,0.015459988,-4.6826353
1268,2026-07-31,-0.07413619,-0.09301329,0.015830925,0.015785385,-4.682702
1210,2026-07-31,-0.08166911,-0.03034705,0.017408298,0.018907832,-4.6911197
1907,2026-07-31,-0.07635038,-0.065550275,0.016235575,0.018096993,-4.7023697
6585,2026-07-31,-0.07981539,-0.09544829,0.016940152,0.016385999,-4.711332
3141,2026-07-31,-0.07010199,-0.17537473,0.014870929,0.021510469,-4.713712
2348,2026-07-31,-0.06690755,-0.07122231,0.0141709875,0.012427944,-4.7211123
5515,2026-07-31,-0.08282005,-0.06373752,0.01751036,0.015430491,-4.729504
1810,2026-07-31,-0.14017883,-0.21051218,0.029576851,0.03223639,-4.7393174
2883,2026-07-31,-0.085636064,-0.04931943,0.017988497,0.016482456,-4.7603364
2114,2026-07-31,-0.08670618,-0.09164136,0.018205427,0.016809838,-4.762394
6116,2026-07-31,-0.09107757,-0.22714803,0.019085804,0.02554628,-4.771756
6222,2026-07-31,-0.07828069,-0.10749863,0.016387941,0.023387378,-4.7764335
8034,2026-07-31,-0.08703096,-0.18896548,0.018075746,0.021839606,-4.814526
3623,2026-07-31,-0.08541527,-0.22911593,0.017723303,0.020070223,-4.819104
5371,2026-07-31,-0.10084947,-0.21554643,0.020830289,0.032156583,-4.84125
6695,2026-07-31,-0.10750725,-0.23239072,0.02219369,0.02579931,-4.8438272
2387,2026-07-31,-0.09566383,-0.10540937,0.01974645,0.018339526,-4.8443637
6588,2026-07-31,-0.15469725,-0.34716034,0.03192255,0.041372687,-4.8458667
3325,2026-07-31,-0.099976696,-0.17840439,0.020548698,0.027753297,-4.8651175
4974,2026-07-31,-0.07867394,-0.15145393,0.016119834,0.020842295,-4.8802648
9939,2026-07-31,-0.0751907,-0.06328544,0.015381526,0.018190663,-4.888059
6165,2026-07-31,-0.06212001,-0.06477209,0.012707074,0.014925136,-4.8882313
2543,2026-07-31,-0.10162813,-0.1808107,0.0207616,0.019521443,-4.894769
8049,2026-07-31,-0.07575903,-0.11987896,0.015443785,0.017082222,-4.905153
2540,2026-07-31,-0.11636639,-0.07414557,0.023682985,0.026817502,-4.913294
6431,2026-07-31,-0.09964429,-0.121070825,0.020269664,0.022621704,-4.9156895
2349,2026-07-31,-0.06705139,-0.1202009,0.013627411,0.018604659,-4.919971
6108,2026-07-31,-0.09429129,-0.15757847,0.019122217,0.025950028,-4.930723
6598,2026-07-31,-0.09093121,-0.09964825,0.018433597,0.017069127,-4.9326386
2915,2026-07-31,-0.07974146,-0.049211957,0.016161783,0.016412584,-4.9336467
6281,2026-07-31,-0.10318467,-0.12622306,0.020857245,0.0208921,-4.946949
7713,2026-07-31,-0.09020419,-0.124758825,0.018167907,0.016706023,-4.9647555
5508,2026-07-31,-0.07750464,-0.09764535,0.0155998,0.019595232,-4.9679914
5227,2026-07-31,-0.060604725,-0.14263119,0.012166078,0.022837276,-4.981042
3058,2026-07-31,-0.07417076,-0.099115625,0.014880156,0.016366119,-4.9842067
4530,2026-07-31,-0.13033265,-0.25626472,0.026130524,0.024456996,-4.987564
8249,2026-07-31,-0.08650411,-0.1771163,0.017318487,0.02268277,-4.9946113
3311,2026-07-31,-0.062486745,-0.13285129,0.012469488,0.012347217,-5.01077
6846,2026-07-31,-0.08764692,-0.12836984,0.017429754,0.019117482,-5.0282917
6111,2026-07-31,-0.0947278,-0.14656207,0.018781038,0.023704067,-5.0435314
4584,2026-07-31,-0.09492874,-0.13849254,0.018797422,0.019553987,-5.049825
7708,2026-07-31,-0.1053724,-0.15658551,0.020826202,0.02732332,-5.0593643
6577,2026-07-31,-0.08957877,-0.15869685,0.017651044,0.018758396,-5.0746965
6423,2026-07-31,-0.07505218,-0.18634357,0.014732148,0.019575665,-5.0941033
1437,2026-07-31,-0.08352116,-0.101685114,0.016389225,0.017915664,-5.095791
8050,2026-07-31,-0.09433411,-0.1081455,0.018471641,0.021840446,-5.106693
4545,2026-07-31,-0.07990869,-0.103624105,0.015603466,0.015184006,-5.120886
3218,2026-07-31,-0.07199791,-0.13942954,0.014050897,0.015779171,-5.1237144
4111,2026-07-31,-0.067980066,-0.115738325,0.013265403,0.013966536,-5.1242275
2034,2026-07-31,-0.10599577,-0.05547386,0.020608194,0.0195306,-5.14313
5484,2026-07-31,-0.0878721,-0.10929712,0.017082458,0.014912332,-5.1436954
6936,2026-07-31,-0.09062862,-0.1109564,0.017554546,0.018052086,-5.162392
6144,2026-07-31,-0.07569149,-0.10805176,0.014627924,0.01685725,-5.174098
1605,2026-07-31,-0.07385102,-0.1597505,0.014239733,0.017753685,-5.1859
2359,2026-07-31,-0.13221452,-0.14485988,0.025490478,0.022730252,-5.1866164
8933,2026-07-31,-0.12230351,-0.2096829,0.023531778,0.022663694,-5.1971555
5315,2026-07-31,-0.099698775,-0.1248895,0.01912764,0.020924628,-5.2120156
5222,2026-07-31,-0.09524633,-0.21271035,0.018178346,0.020502577,-5.2392607
1455,2026-07-31,-0.086876236,-0.11223784,0.016569585,0.02289838,-5.2427983
3684,2026-07-31,-0.12373573,-0.2810966,0.023531152,0.030641805,-5.2581563
6811,2026-07-31,-0.093337774,-0.12430719,0.017539589,0.017066685,-5.321245
3002,2026-07-31,-0.09228183,-0.17251632,0.017322851,0.017966403,-5.3268657
3092,2026-07-31,-0.10446425,-0.23550704,0.019573858,0.029210543,-5.336654
8487,2026-07-31,-0.083344765,-0.12794508,0.015598509,0.01987664,-5.342781
6283,2026-07-31,-0.09806271,-0.1316096,0.018341143,0.015875766,-5.346306
4502,2026-07-31,-0.10151577,-0.14072233,0.018981244,0.020574652,-5.347933
6169,2026-07-31,-0.09065809,-0.18084843,0.016948069,0.02329601,-5.3488536
8478,2026-07-31,-0.118550934,-0.13938662,0.022153266,0.022571126,-5.351156
2520,2026-07-31,-0.08883243,-0.022745408,0.016581288,0.015590459,-5.357067
6796,2026-07-31,-0.10448513,-0.13120526,0.019455647,0.023628477,-5.370151
2947,2026-07-31,-0.11106194,-0.14515986,0.020630676,0.024966722,-5.3830786
6465,2026-07-31,-0.08597801,-0.15110643,0.015902953,0.022063047,-5.406078
4563,2026-07-31,-0.10847862,-0.22513577,0.020030128,0.024587601,-5.4155025
3631,2026-07-31,-0.12735221,-0.1902073,0.023508776,0.022202555,-5.4169893
1563,2026-07-31,-0.12477619,-0.18378535,0.022999704,0.02224379,-5.4248857
1783,2026-07-31,-0.08661505,-0.118759274,0.015905786,0.022351027,-5.4451632
1785,2026-07-31,-0.123497106,-0.25071213,0.022672195,0.028345056,-5.446833
2397,2026-07-31,-0.11514961,-0.16491938,0.021135012,0.020604014,-5.448029
4950,2026-07-31,-0.103294976,-0.13900153,0.018957337,0.019638695,-5.448525
8446,2026-07-31,-0.08271442,-0.11955056,0.015149043,0.017135486,-5.4596825
4114,2026-07-31,-0.085696965,-0.06805762,0.015644036,0.0139014665,-5.4775815
6593,2026-07-31,-0.102667116,-0.1939014,0.018730568,0.019129483,-5.4809675
6906,2026-07-31,-0.06666031,-0.096014716,0.012151553,0.012400198,-5.4852924
1465,2026-07-31,-0.09117519,-0.11581609,0.016601412,0.019545516,-5.4916835
1439,2026-07-31,-0.12330891,-0.12261983,0.022399815,0.028034419,-5.504662
5210,2026-07-31,-0.08053878,-0.11368693,0.014613901,0.017405663,-5.5107303
3147,2026-07-31,-0.09745383,-0.20459709,0.0176657,0.022290345,-5.5162444
8097,2026-07-31,-0.08607289,-0.120667584,0.015567884,0.017865097,-5.52852
3545,2026-07-31,-0.09731689,-0.1273469,0.017600682,0.025613816,-5.5288405
4168,2026-07-31,-0.08522597,-0.13012107,0.015404598,0.016339049,-5.5321426
2029,2026-07-31,-0.090366326,-0.07077339,0.016330663,0.01763196,-5.533198
1467,2026-07-31,-0.11969636,-0.15565938,0.021603119,0.02934398,-5.5404415
8444,2026-07-31,-0.12513697,-0.112589486,0.022553165,0.023063758,-5.5482864
3018,2026-07-31,-0.116303906,-0.16740799,0.020922603,0.02458749,-5.5585027
1220,2026-07-31,-0.10073878,-0.046226453,0.018101292,0.018392242,-5.564974
3416,2026-07-31,-0.06935227,-0.12829329,0.012444159,0.014107302,-5.57263
1806,2026-07-31,-0.0967119,-0.072879285,0.017332448,0.016678404,-5.5794954
6183,2026-07-31,-0.08365555,-0.08767489,0.014980568,0.017384933,-5.583898
4806,2026-07-31,-0.13662829,-0.16006441,0.024464829,0.026838785,-5.5844536
8409,2026-07-31,-0.08171007,-0.123010844,0.014629336,0.016930256,-5.5849757
4401,2026-07-31,-0.08963978,-0.13820544,0.016046349,0.018814245,-5.5859556
8047,2026-07-31,-0.105345204,-0.19810481,0.01877484,0.02148074,-5.6106787
9942,2026-07-31,-0.08997219,-0.09651486,0.016027136,0.014072387,-5.613391
2509,2026-07-31,-0.10729542,-0.15218668,0.019112876,0.025093008,-5.613483
9103,2026-07-31,-0.11041745,-0.1728083,0.019649873,0.022845866,-5.618959
6690,2026-07-31,-0.07120386,-0.13921776,0.012654439,0.01365005,-5.626344
6590,2026-07-31,-0.08141293,-0.16163167,0.014461009,0.018789578,-5.629434
4736,2026-07-31,-0.083571956,-0.10313516,0.014821712,0.011522831,-5.6381016
8462,2026-07-31,-0.121987075,-0.104455225,0.021611637,0.021472577,-5.6442475
6689,2026-07-31,-0.091189235,-0.19070561,0.016146732,0.017158192,-5.647185
6212,2026-07-31,-0.10982156,-0.14276749,0.019443715,0.023423806,-5.647887
6506,2026-07-31,-0.10222235,-0.14587596,0.01808954,0.023408562,-5.650597
6546,2026-07-31,-0.09007778,-0.22242664,0.015890934,0.020922339,-5.6681447
4968,2026-07-31,-0.120513245,-0.25283828,0.021160522,0.023134524,-5.694923
1324,2026-07-31,-0.08471516,-0.11995294,0.014870422,0.013431159,-5.696507
1438,2026-07-31,-0.105442844,-0.111470066,0.018461542,0.01717763,-5.711177
6803,2026-07-31,-0.08015771,-0.10221275,0.0140277585,0.015944554,-5.713814
2608,2026-07-31,-0.09526842,-0.03952301,0.016667305,0.019963803,-5.7155433
7714,2026-07-31,-0.15405966,-0.2739641,0.026936116,0.02648888,-5.719234
1340,2026-07-31,-0.113395326,-0.13696502,0.019809227,0.0225714,-5.72408
3038,2026-07-31,-0.1064698,-0.12892288,0.018567184,0.019322399,-5.733991
1101,2026-07-31,-0.09828002,-0.024938976,0.01709702,0.016939942,-5.748035
6922,2026-07-31,-0.13308516,-0.19089505,0.023136478,0.024457227,-5.75193
1231,2026-07-31,-0.09058526,-0.09492277,0.015739357,0.01647702,-5.7549686
2504,2026-07-31,-0.094235465,-0.049570028,0.016365709,0.017444683,-5.757753
9917,2026-07-31,-0.10362797,-0.08234564,0.017993154,0.015830163,-5.75898
3594,2026-07-31,-0.13741766,-0.24873658,0.023827821,0.025542988,-5.7668676
6754,2026-07-31,-0.12722853,-0.13713925,0.022037208,0.021641767,-5.7730885
6136,2026-07-31,-0.13355961,-0.14969951,0.023092328,0.01779785,-5.783472
6615,2026-07-31,-0.116042756,-0.1907226,0.019961633,0.019878143,-5.8129983
3011,2026-07-31,-0.08740147,-0.14094529,0.014999121,0.015010905,-5.8267174
2538,2026-07-31,-0.12975946,-0.12249003,0.022259695,0.026537146,-5.829084
6958,2026-07-31,-0.08234397,-0.05782046,0.014125232,0.016094834,-5.8291535
1615,2026-07-31,-0.09662454,-0.08546102,0.016557079,0.01592713,-5.835492
6592,2026-07-31,-0.10830049,-0.048457626,0.018536849,0.015978143,-5.8421283
2739,2026-07-31,-0.11196865,-0.13939567,0.019072302,0.019898372,-5.8704386
2617,2026-07-31,-0.09410269,-0.041322887,0.015999759,0.014214305,-5.8811393
2468,2026-07-31,-0.11352862,-0.23410295,0.01907714,0.024681848,-5.950717
3558,2026-07-31,-0.11212795,-0.17497444,0.018803028,0.018508615,-5.962975
3085,2026-07-31,-0.0877221,-0.16746995,0.014708259,0.020159418,-5.963733
8367,2026-07-31,-0.10526718,-0.09883955,0.017636832,0.020997822,-5.968261
1604,2026-07-31,-0.1274622,-0.14136466,0.021349527,0.019865956,-5.969979
1707,2026-07-31,-0.1099122,-0.14247617,0.018360924,0.019612357,-5.985876
6141,2026-07-31,-0.17498031,-0.19241959,0.02922106,0.030740973,-5.9879527
6680,2026-07-31,-0.11323823,-0.21915916,0.018889925,0.022078352,-5.994319
1460,2026-07-31,-0.0863917,-0.092021056,0.014410737,0.0122878365,-5.994538
2836,2026-07-31,-0.10192005,-0.026002249,0.016990328,0.02076269,-5.998357
3206,2026-07-31,-0.11876579,-0.19392624,0.019797722,0.024674525,-5.998659
6218,2026-07-31,-0.13785034,-0.26217115,0.02296117,0.029794225,-6.0033674
3051,2026-07-31,-0.08375622,-0.16026099,0.013931748,0.018226787,-6.0114646
2545,2026-07-31,-0.061102435,-0.028235722,0.010158755,0.010560654,-6.014164
3066,2026-07-31,-0.1423778,-0.239392,0.023616927,0.027431963,-6.028378
1447,2026-07-31,-0.0910048,-0.101941794,0.015081578,0.014810944,-6.033769
2105,2026-07-31,-0.10249229,-0.05830621,0.016946014,0.021255538,-6.047808
9925,2026-07-31,-0.10223858,-0.067326896,0.016846558,0.020204382,-6.068451
4153,2026-07-31,-0.090974696,-0.10093888,0.014986748,0.015968008,-6.0699377
5465,2026-07-31,-0.11290567,-0.17009762,0.018590042,0.01992712,-6.073122
1307,2026-07-31,-0.11334164,-0.09880606,0.018568577,0.020156758,-6.1036196
5212,2026-07-31,-0.086571656,-0.13844387,0.014182061,0.016454212,-6.1038766
4771,2026-07-31,-0.08253941,-0.14685401,0.013477337,0.013714242,-6.123857
6969,2026-07-31,-0.15016001,-0.20782258,0.024456553,0.028165715,-6.139617
4538,2026-07-31,-0.1358456,-0.19026028,0.022120798,0.025697758,-6.140803
2405,2026-07-31,-0.08855731,-0.12909162,0.014407314,0.015218612,-6.1462646
2461,2026-07-31,-0.089371055,-0.13590096,0.014537262,0.014385898,-6.1473
5905,2026-07-31,-0.10704007,-0.108870454,0.017409332,0.018021768,-6.1480775
3484,2026-07-31,-0.07390996,-0.1342701,0.011990081,0.018923398,-6.1637444
2926,2026-07-31,-0.11796696,-0.17417091,0.019115444,0.018130617,-6.1709676
3625,2026-07-31,-0.11952207,-0.17461115,0.019364016,0.02478106,-6.1720614
2731,2026-07-31,-0.084005915,-0.09059336,0.013572915,0.015115301,-6.1887755
1712,2026-07-31,-0.11638705,-0.09854433,0.018795738,0.020466628,-6.1918745
4192,2026-07-31,-0.10382315,-0.23513044,0.01674017,0.01715025,-6.2016664
4729,2026-07-31,-0.14025386,-0.20577644,0.022598347,0.027941743,-6.2061024
6133,2026-07-31,-0.16618516,-0.2674757,0.02677615,0.028743185,-6.20623
4188,2026-07-31,-0.09332821,-0.14606851,0.015024404,0.018212304,-6.211361
5324,2026-07-31,-0.10345658,-0.09741554,0.016629804,0.019762604,-6.2207804
3232,2026-07-31,-0.097627945,-0.17505077,0.015612509,0.013855167,-6.2527866
3130,2026-07-31,-0.10853343,-0.12557408,0.017303923,0.019064456,-6.2718234
1215,2026-07-31,-0.123469956,-0.10531679,0.019565066,0.02234738,-6.310413
2101,2026-07-31,-0.2834194,-0.34047014,0.044905227,0.044771615,-6.311361
6662,2026-07-31,-0.108680025,-0.16742852,0.0172119,0.023363886,-6.313871
8107,2026-07-31,-0.07493269,-0.15293387,0.011863524,0.0200562,-6.3156924
6901,2026-07-31,-0.12683819,-0.14355694,0.020064311,0.02006364,-6.321267
3541,2026-07-31,-0.09893943,-0.16602923,0.015650565,0.0155068645,-6.3213763
6953,2026-07-31,-0.09229145,-0.23711202,0.014572604,0.022474075,-6.332782
6219,2026-07-31,-0.14650808,-0.16115366,0.023124881,0.023721082,-6.335243
1315,2026-07-31,-0.092206046,-0.088423364,0.014551665,0.013627969,-6.3360248
2438,2026-07-31,-0.09920683,-0.17460957,0.015580893,0.019422725,-6.366802
4560,2026-07-31,-0.12220273,-0.11824665,0.019113762,0.02139899,-6.3931074
5521,2026-07-31,-0.14324902,-0.20610908,0.022336818,0.023552964,-6.4128475
1451,2026-07-31,-0.11873512,-0.117269166,0.018503027,0.023084488,-6.4167175
8092,2026-07-31,-0.113983415,-0.19652669,0.017721863,0.024743378,-6.431433
1474,2026-07-31,-0.11192086,-0.13176534,0.01737632,0.018410597,-6.4406285
8936,2026-07-31,-0.09072043,-0.10879303,0.014075404,0.014798647,-6.444858
1472,2026-07-31,-0.119473234,-0.15763552,0.018529221,0.021002889,-6.44748
4571,2026-07-31,-0.1215168,-0.16691965,0.018843237,0.023825457,-6.448486
5701,2026-07-31,-0.097053275,-0.13078977,0.0150367515,0.01808975,-6.453975
1535,2026-07-31,-0.1109365,-0.1323939,0.017163038,0.020041112,-6.46331
1218,2026-07-31,-0.10287729,-0.08136382,0.015914707,0.01774975,-6.4638844
3071,2026-07-31,-0.09203486,-0.17501968,0.014231505,0.013560774,-6.466526
2719,2026-07-31,-0.14570026,-0.26691356,0.022526214,0.027445598,-6.4677444
5245,2026-07-31,-0.09140078,-0.1348707,0.014119894,0.018832713,-6.472733
2881,2026-07-31,-0.092969045,-0.050657764,0.014359322,0.01836881,-6.474022
6185,2026-07-31,-0.119684264,-0.19461031,0.018465081,0.019360475,-6.4813027
2611,2026-07-31,-0.10910144,-0.03669061,0.016818348,0.016264634,-6.4866624
6464,2026-07-31,-0.10252539,-0.120929785,0.015794726,0.01700386,-6.4907045
5607,2026-07-31,-0.097499035,-0.057935365,0.015020279,0.014189264,-6.490728
2104,2026-07-31,-0.15307957,-0.17750593,0.023485413,0.021880737,-6.5177927
8045,2026-07-31,-0.12737243,-0.22149578,0.019502198,0.020872176,-6.530848
1533,2026-07-31,-0.105301686,-0.11240835,0.016117444,0.018556392,-6.532993
2897,2026-07-31,-0.12696473,-0.018450014,0.019422652,0.022091204,-6.5366044
6201,2026-07-31,-0.14230704,-0.17813145,0.021767179,0.020201307,-6.537389
8076,2026-07-31,-0.07045652,-0.13269116,0.010773785,0.012283644,-6.539018
2633,2026-07-31,-0.11545626,-0.039604656,0.017645584,0.01702599,-6.5426974
3029,2026-07-31,-0.1325104,-0.15492843,0.020249695,0.020730076,-6.5434985
1466,2026-07-31,-0.1386419,-0.20422824,0.021182595,0.025191909,-6.5447764
3552,2026-07-31,-0.15211283,-0.22901121,0.023204602,0.02847096,-6.5550046
7584,2026-07-31,-0.14543305,-0.2276446,0.022116583,0.02520571,-6.5754495
4557,2026-07-31,-0.111762725,-0.1343095,0.016991897,0.018931955,-6.577026
1337,2026-07-31,-0.120294824,-0.17670083,0.018287625,0.017518045,-6.577576
2867,2026-07-31,-0.090541825,0.0071318066,0.013761392,0.019146977,-6.578931
5206,2026-07-31,-0.14622606,-0.18567862,0.022188887,0.022427496,-6.5897613
3322,2026-07-31,-0.12526849,-0.28034052,0.019000184,0.024411555,-6.5926676
4754,2026-07-31,-0.12404145,-0.20452349,0.0187919,0.018021114,-6.6004424
4976,2026-07-31,-0.18972889,-0.30372232,0.028724654,0.034902833,-6.604859
3597,2026-07-31,-0.09179629,-0.13478807,0.013893497,0.014645257,-6.6066647
8443,2026-07-31,-0.11994219,-0.16758054,0.018132538,0.021307634,-6.614384
1102,2026-07-31,-0.110667445,-0.021026956,0.016713282,0.02032682,-6.6211305
5603,2026-07-31,-0.15953502,-0.16815767,0.02408628,0.023207543,-6.623206
2906,2026-07-31,-0.14013274,-0.17127252,0.021107946,0.021598596,-6.6385474
1713,2026-07-31,-0.09438815,-0.10756634,0.014204762,0.018248614,-6.6443567
6835,2026-07-31,-0.10385596,-0.16192299,0.015570672,0.019039541,-6.669544
2208,2026-07-31,-0.11755583,-0.10780552,0.017598798,0.01805894,-6.6793847
6933,2026-07-31,-0.14034544,-0.25694498,0.02096219,0.024712704,-6.6948514
1565,2026-07-31,-0.088319026,-0.15505117,0.013188564,0.01872762,-6.696129
6666,2026-07-31,-0.12737933,-0.12510158,0.019013966,0.014069937,-6.698899
9938,2026-07-31,-0.13446178,-0.11812827,0.02004158,0.020724809,-6.708806
1312,2026-07-31,-0.09601598,-0.15571077,0.014254729,0.020691756,-6.7352557
4105,2026-07-31,-0.12972905,-0.1294655,0.01925642,0.02635682,-6.7365746
4568,2026-07-31,-0.124512754,-0.15915744,0.018475669,0.01960823,-6.738918
3169,2026-07-31,-0.13708025,-0.2323954,0.020334095,0.020336393,-6.741068
5276,2026-07-31,-0.09109138,-0.07948804,0.013510089,0.017008,-6.7419715
1731,2026-07-31,-0.104981676,-0.12806806,0.0155662615,0.01769799,-6.743747
5512,2026-07-31,-0.09182037,-0.06995452,0.013580694,0.018769981,-6.760597
6645,2026-07-31,-0.09278776,-0.11313244,0.0136962,0.02006607,-6.7742133
7722,2026-07-31,-0.12516952,-0.17002742,0.018469648,0.021821909,-6.7766714
5203,2026-07-31,-0.13212167,-0.20572948,0.019478636,0.025055328,-6.782553
4162,2026-07-31,-0.11175429,-0.09834166,0.01641698,0.016982403,-6.8068233
5519,2026-07-31,-0.12829886,-0.10765484,0.01877763,0.015616918,-6.832174
6937,2026-07-31,-0.11720915,-0.20098238,0.017136572,0.026068803,-6.839309
1723,2026-07-31,-0.13889916,-0.12898043,0.020307407,0.021470586,-6.839491
1457,2026-07-31,-0.114844866,-0.12243854,0.016749784,0.017164009,-6.8560886
4417,2026-07-31,-0.101376206,-0.12882857,0.014781669,0.017163564,-6.8577743
1504,2026-07-31,-0.10771265,-0.18366727,0.015650883,0.0160174,-6.881769
2221,2026-07-31,-0.1166465,-0.15232252,0.016941026,0.01949347,-6.8850384
2211,2026-07-31,-0.11555144,-0.07738856,0.016754497,0.01865725,-6.8963304
6195,2026-07-31,-0.11388394,-0.15891677,0.016501999,0.018770656,-6.900803
1584,2026-07-31,-0.14283898,-0.21964256,0.020662613,0.01963652,-6.912585
2106,2026-07-31,-0.17191413,-0.11598434,0.024835942,0.02347699,-6.9217105
2062,2026-07-31,-0.1887709,-0.16945525,0.027266707,0.025706071,-6.922874
2705,2026-07-31,-0.10754348,-0.15668808,0.01551285,0.017803203,-6.932095
6767,2026-07-31,-0.11563583,-0.1617444,0.016663978,0.0190124,-6.938853
9962,2026-07-31,-0.14105473,-0.15678856,0.020296702,0.015119426,-6.9492955
6684,2026-07-31,-0.13033454,-0.19813307,0.018682655,0.019617295,-6.9758587
1217,2026-07-31,-0.13746244,-0.13554215,0.019702123,0.016089806,-6.9766827
1442,2026-07-31,-0.23247719,-0.20894988,0.03326066,0.04402635,-6.9893446
5601,2026-07-31,-0.11668191,-0.15547545,0.016692592,0.018442037,-6.9896226
9926,2026-07-31,-0.14098628,-0.12670805,0.020110581,0.01956418,-7.0102034
1904,2026-07-31,-0.12996854,-0.08083284,0.018495798,0.016351636,-7.0265427
4528,2026-07-31,-0.12225468,-0.19086994,0.017379832,0.022663949,-7.0338798
1339,2026-07-31,-0.121199034,-0.15863727,0.017212018,0.01815642,-7.0411263
4116,2026-07-31,-0.109619014,-0.12267353,0.015557078,0.018803442,-7.045794
2002,2026-07-31,-0.09916396,-0.027831428,0.014059548,0.016860409,-7.052638
3128,2026-07-31,-0.12794995,-0.22655115,0.018129274,0.021189442,-7.057254
4106,2026-07-31,-0.12015382,-0.16409527,0.017006513,0.02217348,-7.0647497
3520,2026-07-31,-0.14101467,-0.22195084,0.019928427,0.022171998,-7.0757008
2451,2026-07-31,-0.121178545,-0.21623707,0.017098859,0.019004244,-7.086523
2845,2026-07-31,-0.10508107,-0.020148627,0.014826577,0.017485002,-7.086867
8940,2026-07-31,-0.13190922,-0.1802246,0.018600577,0.019085897,-7.091292
6538,2026-07-31,-0.21534446,-0.30502626,0.030366033,0.032230236,-7.091389
6122,2026-07-31,-0.13107803,-0.18349907,0.018437026,0.022202644,-7.109114
2820,2026-07-31,-0.1270775,-0.026597418,0.017848236,0.01998735,-7.1194925
6955,2026-07-31,-0.11398986,-0.18374322,0.01600982,0.019534616,-7.119551
2460,2026-07-31,-0.14804313,-0.19528455,0.0207664,0.022966078,-7.1286306
4702,2026-07-31,-0.19437695,-0.20963745,0.02725778,0.029720757,-7.130801
6899,2026-07-31,-0.12485623,-0.19889958,0.017493792,0.022268077,-7.136766
3570,2026-07-31,-0.13947092,-0.18577535,0.019450886,0.023005454,-7.170046
6576,2026-07-31,-0.11936925,-0.046104535,0.016600344,0.019384596,-7.1903367
4139,2026-07-31,-0.119863726,-0.13541475,0.016650585,0.018470973,-7.198337
6221,2026-07-31,-0.11886105,-0.15908384,0.016496375,0.014847984,-7.204846
8085,2026-07-31,-0.12515607,-0.21201499,0.017365491,0.019651234,-7.2067566
8101,2026-07-31,-0.12468526,-0.19251063,0.017228547,0.022045484,-7.236711
6582,2026-07-31,-0.20455694,-0.17974433,0.028245324,0.023285521,-7.2418957
2945,2026-07-31,-0.09110468,-0.10287383,0.012574683,0.0152790025,-7.244511
2516,2026-07-31,-0.12655959,-0.1243702,0.017455533,0.01386994,-7.249984
1531,2026-07-31,-0.080196075,-0.099434026,0.01102972,0.013572634,-7.270248
6919,2026-07-31,-0.2306166,-0.2787186,0.03169117,0.03370728,-7.276769
1752,2026-07-31,-0.13075866,-0.15470275,0.017944822,0.020542942,-7.2863007
9924,2026-07-31,-0.14699745,-0.161658,0.020161776,0.021297198,-7.2905364
8072,2026-07-31,-0.12522873,-0.21280159,0.01717497,0.021433463,-7.290926
6186,2026-07-31,-0.184435,-0.1745626,0.025289921,0.024111811,-7.2925377
2364,2026-07-31,-0.16122319,-0.23063262,0.022104632,0.0224387,-7.2933083
2636,2026-07-31,-0.12747307,-0.10676527,0.017471788,0.023069344,-7.2955194
2903,2026-07-31,-0.14026238,-0.0849435,0.01922228,0.019753542,-7.2964854
8374,2026-07-31,-0.14091764,-0.21369287,0.019305576,0.018069185,-7.2989454
5287,2026-07-31,-0.104222395,-0.16745822,0.014254432,0.0139523465,-7.311065
4173,2026-07-31,-0.11998503,-0.15508217,0.016387755,0.02275618,-7.32118
6742,2026-07-31,-0.13018903,-0.18375206,0.017780384,0.026396709,-7.3216476
6756,2026-07-31,-0.10129702,-0.15030137,0.013818372,0.015943041,-7.330074
2430,2026-07-31,-0.1228577,-0.17195196,0.016756017,0.015439877,-7.3317165
3628,2026-07-31,-0.11998586,-0.2521412,0.01635482,0.024396913,-7.3359737
1103,2026-07-31,-0.14773393,-0.08231058,0.02010555,0.020789972,-7.3475523
6292,2026-07-31,-0.12936409,-0.1704177,0.017598085,0.02404091,-7.350614
6616,2026-07-31,-0.18468396,-0.20536238,0.025092142,0.02398089,-7.3599377
1417,2026-07-31,-0.14656304,-0.20545359,0.01977575,0.024232714,-7.410876
9928,2026-07-31,-0.12364238,-0.15315218,0.01666181,0.021771811,-7.4202595
1323,2026-07-31,-0.13387667,-0.14917202,0.018005688,0.021937562,-7.43483
8415,2026-07-31,-0.13546677,-0.06083755,0.01821459,0.022262935,-7.436858
2425,2026-07-31,-0.121475175,-0.20391448,0.016303573,0.024673166,-7.4503746
6741,2026-07-31,-0.14746727,-0.17102857,0.01979059,0.018070174,-7.451007
6482,2026-07-31,-0.12893076,-0.20941038,0.017299896,0.020611908,-7.452259
1733,2026-07-31,-0.12900308,-0.14835984,0.017240154,0.017107213,-7.4822764
1453,2026-07-31,-0.13051443,-0.16213162,0.017437,0.023338586,-7.4844837
1558,2026-07-31,-0.1336815,-0.14347734,0.017849712,0.01901454,-7.488861
8080,2026-07-31,-0.12107761,-0.11524575,0.016157554,0.014340483,-7.493097
4157,2026-07-31,-0.13356186,-0.20141262,0.017805155,0.018619366,-7.5008817
4198,2026-07-31,-0.14964321,-0.2512766,0.019931063,0.027971514,-7.507663
6158,2026-07-31,-0.12470163,-0.18891439,0.01659357,0.018216467,-7.514604
3164,2026-07-31,-0.11548765,-0.12888438,0.01532119,0.0163846,-7.537281
1416,2026-07-31,-0.12129024,-0.13819896,0.01608108,0.015558344,-7.5419497
7747,2026-07-31,-0.108543105,-0.19125956,0.014372391,0.016367136,-7.55167
5312,2026-07-31,-0.12581341,-0.15692113,0.016631374,0.019164247,-7.5643687
5876,2026-07-31,-0.10865973,-0.031052638,0.014361735,0.017839788,-7.5653925
6461,2026-07-31,-0.16177388,-0.20183681,0.021337677,0.026136786,-7.5812516
3664,2026-07-31,-0.21532993,-0.22838612,0.028380424,0.035982143,-7.5870023
9907,2026-07-31,-0.13394697,-0.08554168,0.017640648,0.01840227,-7.592656
6913,2026-07-31,-0.14963926,-0.26826164,0.019668166,0.022354202,-7.6078095
2706,2026-07-31,-0.10255905,-0.10377031,0.013463344,0.012644064,-7.6170845
3685,2026-07-31,-0.15228966,-0.19268851,0.019962186,0.025997296,-7.628525
3234,2026-07-31,-0.15687606,-0.19885159,0.020544372,0.023166018,-7.6355906
4402,2026-07-31,-0.13251765,-0.15962479,0.017332,0.018693995,-7.6453958
6965,2026-07-31,-0.13865474,-0.13053066,0.018127518,0.021445869,-7.6484323
3434,2026-07-31,-0.17407566,-0.2348979,0.02273355,0.02524561,-7.656877
6843,2026-07-31,-0.1542297,-0.23942055,0.020138837,0.02619314,-7.657942
2331,2026-07-31,-0.121051334,-0.1798949,0.015729843,0.016954072,-7.695159
4569,2026-07-31,-0.12223181,-0.15618777,0.015879441,0.017480122,-7.6970034
6275,2026-07-31,-0.11812698,-0.25987113,0.015320698,0.020992173,-7.709784
6968,2026-07-31,-0.23951104,-0.2705308,0.031034328,0.039727695,-7.7173676
3043,2026-07-31,-0.124488086,-0.23475869,0.016124802,0.019786667,-7.7198076
6167,2026-07-31,-0.1742532,-0.27602667,0.022565564,0.026831264,-7.721742
5013,2026-07-31,-0.15955083,-0.16486642,0.020637974,0.020507023,-7.73056
1413,2026-07-31,-0.118421994,-0.1136909,0.01525977,0.02072714,-7.7598963
6591,2026-07-31,-0.12460765,-0.19353215,0.016049888,0.01575339,-7.763287
6625,2026-07-31,-0.12768869,-0.10053664,0.01643173,0.01912112,-7.770388
5474,2026-07-31,-0.10725355,-0.20607628,0.013800313,0.014863075,-7.771257
6752,2026-07-31,-0.14203876,-0.22391662,0.018243808,0.017781802,-7.7851605
8411,2026-07-31,-0.12883516,-0.14855649,0.016541371,0.017788583,-7.7881913
3308,2026-07-31,-0.13919574,-0.2096735,0.017869351,0.019092543,-7.7892
6194,2026-07-31,-0.11704729,-0.20344487,0.015008285,0.021002289,-7.7983255
4903,2026-07-31,-0.17148031,-0.2990548,0.021982152,0.02527976,-7.8005333
3056,2026-07-31,-0.16384974,-0.19169523,0.020983513,0.022018407,-7.8081264
7718,2026-07-31,-0.13276108,-0.14643435,0.01700056,0.016573241,-7.8087587
2596,2026-07-31,-0.105711065,-0.116385445,0.013526966,0.018791206,-7.8142614
3191,2026-07-31,-0.10588109,-0.113628216,0.013538251,0.018357564,-7.8203063
1529,2026-07-31,-0.27619907,-0.359628,0.035272613,0.037200462,-7.8301897
1256,2026-07-31,-0.13341278,-0.17280854,0.017033849,0.014618542,-7.8317556
5202,2026-07-31,-0.12674664,-0.24384283,0.016173193,0.02233834,-7.83635
2609,2026-07-31,-0.09818265,-0.011096301,0.012527801,0.015661074,-7.8365555
6446,2026-07-31,-0.09927906,-0.068823606,0.01266298,0.010984439,-7.8394833
1446,2026-07-31,-0.12696156,-0.14364363,0.016182475,0.016101507,-7.8451357
1720,2026-07-31,-0.13880505,-0.12920652,0.017686127,0.016257802,-7.8478007
2752,2026-07-31,-0.1113378,-0.14291066,0.014174576,0.014486824,-7.8541994
8431,2026-07-31,-0.17775665,-0.34330902,0.022610327,0.027979532,-7.861398
8423,2026-07-31,-0.12365017,-0.1355869,0.015709393,0.016983975,-7.870597
2063,2026-07-31,-0.12925349,-0.144888,0.01641484,0.020390125,-7.8737054
2015,2026-07-31,-0.13755955,-0.05611628,0.017464593,0.015138306,-7.8760304
2880,2026-07-31,-0.1477848,-0.09325613,0.018740494,0.017065573,-7.885433
6708,2026-07-31,-0.1356664,-0.1591164,0.017191852,0.017786913,-7.890861
4163,2026-07-31,-0.14987503,-0.15186366,0.018954506,0.022973074,-7.906675
4580,2026-07-31,-0.118414305,-0.17363015,0.014971202,0.019228421,-7.9089437
6914,2026-07-31,-0.11400453,-0.12759201,0.014393464,0.012726562,-7.9200263
7631,2026-07-31,-0.10774141,-0.163423,0.01360241,0.0139430035,-7.920176
1612,2026-07-31,-0.11748903,-0.13270041,0.014811756,0.019703634,-7.9316115
4994,2026-07-31,-0.14886169,-0.1790982,0.018737102,0.021408584,-7.944331
2701,2026-07-31,-0.1673922,-0.17660235,0.02106901,0.018775688,-7.944571
5450,2026-07-31,-0.16306394,-0.20804194,0.020514196,0.022388468,-7.9484468
2228,2026-07-31,-0.17991833,-0.21347857,0.022627445,0.023508694,-7.9509807
6101,2026-07-31,-0.16666904,-0.2871135,0.020958928,0.018700916,-7.951794
6823,2026-07-31,-0.14540894,-0.22306481,0.018269092,0.020110264,-7.9588513
8432,2026-07-31,-0.11949518,-0.17088763,0.014994787,0.017766537,-7.9685836
1108,2026-07-31,-0.21111591,-0.17778654,0.026477495,0.019653918,-7.9731083
1104,2026-07-31,-0.14734368,-0.06419913,0.018478997,0.020235745,-7.973144
1418,2026-07-31,-0.13580678,-0.18932123,0.01702277,0.018287899,-7.97748
6597,2026-07-31,-0.14201911,-0.18373705,0.017792337,0.021690464,-7.9815893
2065,2026-07-31,-0.15646337,-0.15518601,0.019548949,0.02347478,-8.0032625
2108,2026-07-31,-0.14036521,-0.12363742,0.017537113,0.020978082,-8.003439
3073,2026-07-31,-0.15745941,-0.20075612,0.019655414,0.021967093,-8.010587
2740,2026-07-31,-0.14778207,-0.22204703,0.018433193,0.020278355,-8.016737
3489,2026-07-31,-0.19316192,-0.16805482,0.024062112,0.028151741,-8.027304
6581,2026-07-31,-0.15395902,-0.15469784,0.01917571,0.022424532,-8.028438
3511,2026-07-31,-0.11782082,-0.18580984,0.014669907,0.019864723,-8.030915
2923,2026-07-31,-0.13137493,-0.06887092,0.016323684,0.016854437,-8.047625
6874,2026-07-31,-0.18032834,-0.27922222,0.022405691,0.02832321,-8.047968
2736,2026-07-31,-0.13223611,-0.15830225,0.016401457,0.020360125,-8.06197
2010,2026-07-31,-0.13841873,-0.09067324,0.017073309,0.017190611,-8.106842
4767,2026-07-31,-0.15052268,-0.1897445,0.018535536,0.01794954,-8.120324
9908,2026-07-31,-0.13902313,-0.11556975,0.017096305,0.018294662,-8.131289
3252,2026-07-31,-0.116212465,-0.12622796,0.014285782,0.015644912,-8.134264
2064,2026-07-31,-0.113116264,-0.12598138,0.013896592,0.012468323,-8.139271
9929,2026-07-31,-0.12497817,-0.17043243,0.015320867,0.019996457,-8.15685
6523,2026-07-31,-0.16081193,-0.22550297,0.019706981,0.016816668,-8.159737
3171,2026-07-31,-0.17358379,-0.20439313,0.021184359,0.02611189,-8.193573
9136,2026-07-31,-0.16390298,-0.24781105,0.019990548,0.023864554,-8.198613
3703,2026-07-31,-0.12445612,-0.07293224,0.015160719,0.022144852,-8.208576
5211,2026-07-31,-0.13182102,-0.2451449,0.016057424,0.015304948,-8.208839
6570,2026-07-31,-0.10737229,-0.16504972,0.013060182,0.01717637,-8.220717
5225,2026-07-31,-0.18202838,-0.19921093,0.022074465,0.019348782,-8.245732
1536,2026-07-31,-0.16553228,-0.26743025,0.020030254,0.021202892,-8.2637
8454,2026-07-31,-0.13854147,-0.1346787,0.016743913,0.015962122,-8.273645
2109,2026-07-31,-0.16241741,-0.15693222,0.019598335,0.018461747,-8.286883
4190,2026-07-31,-0.13530803,-0.1666015,0.016297547,0.020028047,-8.301846
7740,2026-07-31,-0.16620094,-0.281781,0.01999405,0.02349954,-8.312104
4406,2026-07-31,-0.12990518,-0.16909552,0.015623574,0.018799419,-8.3141575
2013,2026-07-31,-0.15911683,-0.16694479,0.019109009,0.018857313,-8.326361
3083,2026-07-31,-0.17217883,-0.21695408,0.020666815,0.024394773,-8.3307705
1436,2026-07-31,-0.12724799,-0.10541865,0.015270497,0.016998937,-8.332385
1506,2026-07-31,-0.1334562,-0.13607161,0.016002776,0.018998142,-8.339045
1618,2026-07-31,-0.11491485,-0.1302611,0.013770199,0.016774537,-8.344578
3504,2026-07-31,-0.142791,-0.22248812,0.01710749,0.020257432,-8.346207
2849,2026-07-31,-0.13593706,-0.068151206,0.01627668,0.018389113,-8.351132
5704,2026-07-31,-0.124898195,-0.15209574,0.01487581,0.020635387,-8.395495
4128,2026-07-31,-0.1330418,-0.21067826,0.015842812,0.018346654,-8.397082
8436,2026-07-31,-0.16187902,-0.20280844,0.019262653,0.021275379,-8.403339
6697,2026-07-31,-0.15699007,-0.22797003,0.01859728,0.024558816,-8.441107
3501,2026-07-31,-0.18035112,-0.22462235,0.021303916,0.019813715,-8.465235
4129,2026-07-31,-0.13078675,-0.1545202,0.015442436,0.017786553,-8.46876
3047,2026-07-31,-0.16618381,-0.2663643,0.01960267,0.02373691,-8.477179
3266,2026-07-31,-0.10038488,-0.07669452,0.01183771,0.01918191,-8.479377
4414,2026-07-31,-0.16528352,-0.2231056,0.01947148,0.017794466,-8.488057
1781,2026-07-31,-0.119976774,-0.14052753,0.014117764,0.013284623,-8.497683
5398,2026-07-31,-0.11101311,-0.20057115,0.013049509,0.018993335,-8.506419
5007,2026-07-31,-0.15123303,-0.10389281,0.01774106,0.014864788,-8.523984
2031,2026-07-31,-0.17419949,-0.1424078,0.020428147,0.017507847,-8.527007
4943,2026-07-31,-0.13143823,-0.16397578,0.015413182,0.01637825,-8.527097
1232,2026-07-31,-0.1387492,-0.09012993,0.016267696,0.014323079,-8.5286
1109,2026-07-31,-0.16601944,-0.10174163,0.019448724,0.0217549,-8.535825
1702,2026-07-31,-0.1745634,-0.13902694,0.020445023,0.01689921,-8.537767
2905,2026-07-31,-0.1277358,-0.1073921,0.014960047,0.017751275,-8.537891
2607,2026-07-31,-0.16430591,-0.11765954,0.019223005,0.02082714,-8.546914
8942,2026-07-31,-0.12679651,-0.1202525,0.014826324,0.016457474,-8.551544
4746,2026-07-31,-0.13651723,-0.1751845,0.015962575,0.019135388,-8.551795
6596,2026-07-31,-0.16892338,-0.2223031,0.019739773,0.02621435,-8.55708
2247,2026-07-31,-0.09881422,-0.12355675,0.011524741,0.014511742,-8.573351
9911,2026-07-31,-0.1779534,-0.14157246,0.020744387,0.024102638,-8.577974
8011,2026-07-31,-0.18153702,-0.23960367,0.021134654,0.028669788,-8.589136
1598,2026-07-31,-0.18810324,-0.19551341,0.021896284,0.021013793,-8.590255
6928,2026-07-31,-0.185249,-0.24770148,0.021549473,0.024496904,-8.596053
2712,2026-07-31,-0.17752422,-0.21838665,0.020585611,0.022231616,-8.623285
8066,2026-07-31,-0.1365105,-0.20388371,0.015712144,0.021972077,-8.687663
5381,2026-07-31,-0.169071,-0.24351071,0.019307707,0.022880776,-8.756206
6838,2026-07-31,-0.18141463,-0.23141536,0.020704295,0.024589175,-8.76175
3052,2026-07-31,-0.16086105,-0.15550277,0.018331239,0.021026233,-8.774762
2707,2026-07-31,-0.10767525,-0.1499444,0.0122507885,0.01639653,-8.788533
6123,2026-07-31,-0.14125408,-0.19696578,0.016035985,0.018920915,-8.80802
1338,2026-07-31,-0.12143486,-0.14866896,0.013781767,0.017294252,-8.81063
1532,2026-07-31,-0.16223933,-0.1520298,0.018411966,0.017721372,-8.811146
8099,2026-07-31,-0.13386759,-0.21700373,0.015175692,0.018813757,-8.820604
4104,2026-07-31,-0.12146578,-0.106896095,0.013767729,0.01551551,-8.821858
5310,2026-07-31,-0.17730185,-0.24647702,0.02009512,0.024895148,-8.822691
6561,2026-07-31,-0.14779718,-0.20125072,0.016747253,0.01903634,-8.824633
1521,2026-07-31,-0.16791804,-0.17542598,0.019020502,0.022859368,-8.827802
6790,2026-07-31,-0.14558141,-0.08231424,0.016468622,0.021021025,-8.83939
5523,2026-07-31,-0.18466607,-0.15787086,0.020855408,0.022871936,-8.854164
6641,2026-07-31,-0.11954662,-0.13817738,0.013484287,0.017248226,-8.864966
2496,2026-07-31,-0.15831204,-0.14318973,0.017845271,0.0153725855,-8.870874
2641,2026-07-31,-0.15438512,-0.16528048,0.017398663,0.018676497,-8.87288
6792,2026-07-31,-0.16536705,-0.22867179,0.01862492,0.023117375,-8.878329
2258,2026-07-31,-0.169702,-0.1649665,0.019090539,0.015802221,-8.888859
6230,2026-07-31,-0.1114632,-0.1677234,0.0125325695,0.0138369575,-8.893172
5487,2026-07-31,-0.18645255,-0.2623824,0.02095561,0.018943174,-8.897077
1316,2026-07-31,-0.19069026,-0.28141275,0.0214256,0.030834943,-8.899698
2755,2026-07-31,-0.1026323,-0.14656688,0.0115238335,0.015254372,-8.905317
5014,2026-07-31,-0.1539374,-0.15766321,0.017279495,0.019830469,-8.908159
6720,2026-07-31,-0.1825444,-0.3076542,0.020481087,0.02378413,-8.912392
4108,2026-07-31,-0.16138291,-0.19998059,0.01809887,0.021578295,-8.916246
3032,2026-07-31,-0.16609696,-0.2199332,0.01861487,0.0198483,-8.922331
3492,2026-07-31,-0.13685581,-0.2044314,0.015308857,0.01917242,-8.939065
8941,2026-07-31,-0.15713404,-0.1699922,0.017570507,0.017748993,-8.942548
7736,2026-07-31,-0.16383514,-0.20780765,0.018316325,0.018782958,-8.944272
6671,2026-07-31,-0.20192808,-0.20658179,0.022533797,0.026433706,-8.960723
4442,2026-07-31,-0.16082898,-0.20538849,0.017943129,0.016727407,-8.962763
2477,2026-07-31,-0.20212342,-0.2314376,0.022518013,0.026976153,-8.975678
4523,2026-07-31,-0.22464292,-0.27674106,0.025005901,0.026305865,-8.983237
8421,2026-07-31,-0.16626737,-0.17308076,0.018484997,0.023132516,-8.994233
6776,2026-07-31,-0.14972447,-0.17417344,0.016642842,0.013690728,-8.995788
1541,2026-07-31,-0.14956702,-0.21100743,0.016613415,0.018344365,-9.002244
4549,2026-07-31,-0.2016767,-0.28590235,0.022398561,0.029661883,-9.0036
6807,2026-07-31,-0.17377917,-0.16155602,0.019291734,0.020441692,-9.007493
6432,2026-07-31,-0.252966,-0.37921962,0.028045211,0.03410199,-9.019613
2254,2026-07-31,-0.27053162,-0.26470715,0.029961728,0.027502622,-9.028938
3523,2026-07-31,-0.16514996,-0.19587223,0.018249767,0.022379113,-9.048932
1524,2026-07-31,-0.15326332,-0.21198823,0.016859751,0.016990671,-9.089946
3543,2026-07-31,-0.26780847,-0.33710888,0.02939163,0.029307157,-9.111416
1325,2026-07-31,-0.15539299,-0.20277295,0.01703768,0.016898941,-9.120013
2748,2026-07-31,-0.14217125,-0.16476463,0.015584568,0.019910065,-9.121981
3609,2026-07-31,-0.17180808,-0.21013327,0.018776393,0.0159849,-9.149731
4148,2026-07-31,-0.16352889,-0.16889028,0.017853716,0.02043937,-9.158862
2723,2026-07-31,-0.147245,-0.15116575,0.016044732,0.016524157,-9.176583
4205,2026-07-31,-0.1375988,-0.16872023,0.014986908,0.015891485,-9.180654
6865,2026-07-31,-0.18270984,-0.3126281,0.01989269,0.02500652,-9.184311
2745,2026-07-31,-0.1282055,-0.18230438,0.013956341,0.012691197,-9.185524
8906,2026-07-31,-0.16625445,-0.21387078,0.017999543,0.020120861,-9.236079
4164,2026-07-31,-0.12783402,-0.11943309,0.013837887,0.014949113,-9.237305
8404,2026-07-31,-0.19148763,-0.19179755,0.02072219,0.019783221,-9.240258
5201,2026-07-31,-0.17751032,-0.24761157,0.019187834,0.024788659,-9.250709
3521,2026-07-31,-0.15609436,-0.22721885,0.016850367,0.025237886,-9.263008
4175,2026-07-31,-0.11953387,-0.21556553,0.0128701,0.018175084,-9.286997
1760,2026-07-31,-0.15794481,-0.22279577,0.01699877,0.018934935,-9.2909975
1530,2026-07-31,-0.13346107,-0.18284537,0.014337267,0.016079416,-9.308034
8929,2026-07-31,-0.13445455,-0.20882562,0.014437508,0.020661362,-9.312219
5514,2026-07-31,-0.20438272,-0.21777144,0.021925006,0.024562413,-9.321475
3666,2026-07-31,-0.17589656,-0.2609773,0.018853843,0.020012278,-9.328985
9937,2026-07-31,-0.16280612,-0.13484846,0.017439615,0.01726063,-9.334885
2230,2026-07-31,-0.23959824,-0.2974969,0.025646482,0.029536132,-9.341979
6208,2026-07-31,-0.14100133,-0.16073306,0.015065591,0.017695896,-9.358542
3310,2026-07-31,-0.1781312,-0.23672977,0.019009113,0.019754024,-9.370338
8401,2026-07-31,-0.17377825,-0.1993162,0.01854246,0.015780749,-9.371404
4513,2026-07-31,-0.16275495,-0.23896071,0.017364977,0.018605568,-9.372059
2025,2026-07-31,-0.19178696,-0.18895587,0.020382585,0.016757768,-9.408893
2069,2026-07-31,-0.18089731,-0.16453505,0.019221444,0.017783297,-9.410734
1234,2026-07-31,-0.17902556,-0.14796966,0.0189983,0.01849934,-9.422745
3713,2026-07-31,-0.14131507,-0.19618966,0.014995,0.01603094,-9.423517
6902,2026-07-31,-0.1606808,-0.16710885,0.017047288,0.014063092,-9.42504
1616,2026-07-31,-0.2188115,-0.28521645,0.023200918,0.023212431,-9.43075
1583,2026-07-31,-0.14401557,-0.1760788,0.015259937,0.017087204,-9.436875
4562,2026-07-31,-0.18007952,-0.2846995,0.01907503,0.031047465,-9.440094
3712,2026-07-31,-0.20857696,-0.2668568,0.02204226,0.025207955,-9.462165
6541,2026-07-31,-0.18509892,-0.2330347,0.019540792,0.024312077,-9.4719515
3027,2026-07-31,-0.13534705,-0.21177363,0.014287537,0.021292029,-9.472422
8440,2026-07-31,-0.1656286,-0.24706367,0.01748133,0.02064392,-9.474057
4137,2026-07-31,-0.14895718,-0.14917453,0.015674768,0.017575221,-9.502384
2612,2026-07-31,-0.105816014,-0.13094243,0.011091693,0.012591634,-9.539253
5538,2026-07-31,-0.11737636,-0.0995534,0.012293632,0.014797756,-9.54696
1475,2026-07-31,-0.13798328,-0.17556554,0.014433758,0.017428925,-9.559098
2514,2026-07-31,-0.16672958,-0.21277685,0.017413983,0.02183606,-9.5739155
2020,2026-07-31,-0.17975362,-0.14393009,0.018674597,0.017848726,-9.625053
2901,2026-07-31,-0.20798117,-0.25568432,0.021577371,0.023868384,-9.638409
4728,2026-07-31,-0.1625486,-0.14558163,0.016800052,0.021127647,-9.674907
4413,2026-07-31,-0.14363791,-0.23167944,0.014805946,0.02161902,-9.700711
1789,2026-07-31,-0.18212222,-0.15483484,0.018748777,0.020774972,-9.713301
4430,2026-07-31,-0.27202398,-0.30390158,0.028003354,0.027615,-9.713632
6243,2026-07-31,-0.24022111,-0.2810867,0.024721151,0.025219562,-9.716837
2009,2026-07-31,-0.14767037,-0.1659173,0.015195369,0.016758464,-9.717478
6763,2026-07-31,-0.18237256,-0.23345698,0.018745162,0.02016968,-9.728528
2613,2026-07-31,-0.21327151,-0.22811241,0.02189513,0.016970513,-9.740147
7780,2026-07-31,-0.17492507,-0.17530556,0.017901909,0.01867134,-9.770762
5016,2026-07-31,-0.17792676,-0.16038795,0.018120911,0.018142337,-9.818322
4426,2026-07-31,-0.20236817,-0.2556627,0.020600997,0.017959295,-9.822745
8489,2026-07-31,-0.18493535,-0.26163006,0.018817687,0.021052454,-9.827218
6929,2026-07-31,-0.19669543,-0.25913972,0.019993396,0.024473216,-9.837527
5364,2026-07-31,-0.16624083,-0.22196914,0.016890546,0.022624407,-9.841659
9934,2026-07-31,-0.13351326,-0.11968196,0.01355641,0.015633348,-9.847992
6184,2026-07-31,-0.17801532,-0.18560794,0.018056916,0.019158313,-9.858021
8442,2026-07-31,-0.17595345,-0.16114827,0.017839704,0.020166151,-9.862473
2722,2026-07-31,-0.19567284,-0.24854079,0.019817503,0.024274804,-9.8732395
6804,2026-07-31,-0.2060113,-0.18739761,0.0208565,0.023866912,-9.877085
7765,2026-07-31,-0.17180945,-0.20947793,0.017350877,0.020238254,-9.901491
6733,2026-07-31,-0.23256573,-0.2887034,0.023485025,0.026243636,-9.902303
8403,2026-07-31,-0.16545019,-0.21919467,0.016702672,0.0155848665,-9.905019
1423,2026-07-31,-0.16674654,-0.22769985,0.016823126,0.020676272,-9.911156
4160,2026-07-31,-0.19955179,-0.30254698,0.020099219,0.026835842,-9.927841
2024,2026-07-31,-0.18424964,-0.15686662,0.018552708,0.02040361,-9.930611
4155,2026-07-31,-0.11740696,-0.13116795,0.011817339,0.017778005,-9.934302
3716,2026-07-31,-0.16878226,-0.20071462,0.01693594,0.016941765,-9.965333
6578,2026-07-31,-0.15948413,-0.1987907,0.016001195,0.022327445,-9.966391
6024,2026-07-31,-0.180278,-0.091668725,0.018082155,0.021769747,-9.969389
4566,2026-07-31,-0.19163187,-0.26155832,0.01920056,0.023688171,-9.980016
6603,2026-07-31,-0.2174764,-0.32775015,0.021748174,0.024851171,-9.999294
3632,2026-07-31,-0.13603623,-0.20544866,0.013590399,0.018477421,-10.008994
8279,2026-07-31,-0.20899372,-0.2429195,0.020874428,0.027097616,-10.01147
8482,2026-07-31,-0.15912278,-0.11616997,0.015856365,0.020325378,-10.034629
6418,2026-07-31,-0.22477075,-0.35673606,0.02236831,0.02716747,-10.048176
3040,2026-07-31,-0.16980733,-0.21885137,0.016891737,0.019554494,-10.052092
8341,2026-07-31,-0.18429714,-0.15757962,0.018290833,0.017883066,-10.075378
1587,2026-07-31,-0.16876428,-0.24316147,0.016747523,0.024436595,-10.076367
3168,2026-07-31,-0.16291481,-0.23425406,0.016153743,0.016471813,-10.084642
1813,2026-07-31,-0.17414506,-0.23111305,0.017265158,0.02427483,-10.085918
5481,2026-07-31,-0.16560762,-0.2424733,0.016407285,0.020457534,-10.092927
4935,2026-07-31,-0.14361186,-0.1920084,0.014193269,0.017134067,-10.117595
8463,2026-07-31,-0.19766906,-0.20913762,0.01953543,0.019078143,-10.117972
6516,2026-07-31,-0.16874154,-0.253333,0.01664976,0.02296713,-10.134164
1233,2026-07-31,-0.16269897,-0.18284924,0.016036768,0.018958952,-10.144739
5306,2026-07-31,-0.15533529,-0.12442829,0.015279792,0.01695822,-10.165395
2732,2026-07-31,-0.16628633,-0.21044116,0.016338356,0.020204935,-10.177043
3205,2026-07-31,-0.17654517,-0.22763148,0.017334124,0.020581251,-10.184246
9940,2026-07-31,-0.17658536,-0.13109168,0.017314522,0.017787796,-10.198096
1599,2026-07-31,-0.19824626,-0.2524426,0.019425051,0.023118714,-10.205175
6923,2026-07-31,-0.16622025,-0.23667863,0.016283495,0.020512512,-10.207271
8429,2026-07-31,-0.18107966,-0.1995991,0.017689371,0.019737596,-10.236057
6118,2026-07-31,-0.15963815,-0.25733563,0.015594335,0.019851618,-10.236276
2250,2026-07-31,-0.17757943,-0.2683001,0.017322836,0.01931977,-10.250584
4121,2026-07-31,-0.16669355,-0.20934767,0.01622647,0.02204771,-10.272306
4142,2026-07-31,-0.16488507,-0.23983829,0.01602896,0.012489385,-10.2860565
4911,2026-07-31,-0.23516724,-0.3001826,0.022828987,0.025881393,-10.300804
2033,2026-07-31,-0.2063957,-0.23389499,0.019994695,0.023029419,-10.322007
6841,2026-07-31,-0.17537473,-0.17657773,0.016947586,0.017538965,-10.347455
8089,2026-07-31,-0.27083746,-0.34087303,0.026133131,0.03177451,-10.363361
4174,2026-07-31,-0.19004437,-0.29823637,0.018313248,0.019283973,-10.37686
9935,2026-07-31,-0.18021037,-0.16935764,0.017338801,0.014313677,-10.392874
1468,2026-07-31,-0.11900704,-0.0874081,0.01143554,0.01444334,-10.40586
1449,2026-07-31,-0.1682498,-0.21666524,0.016161015,0.01887422,-10.410199
6148,2026-07-31,-0.20211254,-0.36227378,0.019388625,0.028810697,-10.423746
1219,2026-07-31,-0.19623066,-0.19223267,0.018818377,0.020792851,-10.427054
8937,2026-07-31,-0.35952815,-0.5141357,0.03447635,0.041417368,-10.427952
1227,2026-07-31,-0.18016642,-0.11656461,0.017268607,0.017365715,-10.432572
2014,2026-07-31,-0.19982661,-0.16738921,0.019135939,0.0177159,-10.441932
8467,2026-07-31,-0.19803974,-0.25496012,0.018946523,0.01983264,-10.452012
5706,2026-07-31,-0.14553578,-0.18143827,0.01391678,0.0145260645,-10.456824
1240,2026-07-31,-0.14254087,-0.1533151,0.0136299115,0.019471006,-10.457178
2022,2026-07-31,-0.23152895,-0.2771287,0.022108132,0.02421903,-10.4720955
3687,2026-07-31,-0.11921454,-0.19464308,0.011336676,0.015803121,-10.514901
2904,2026-07-31,-0.15917139,-0.1916614,0.015107002,0.015939556,-10.535568
1445,2026-07-31,-0.15368299,-0.2368397,0.014520811,0.019053223,-10.582908
6840,2026-07-31,-0.15147953,-0.24311273,0.014310894,0.019957077,-10.58417
1463,2026-07-31,-0.18735899,-0.17949095,0.017699655,0.021034678,-10.584862
3522,2026-07-31,-0.12201001,-0.1537316,0.011523926,0.014933317,-10.586619
1525,2026-07-31,-0.19080406,-0.19816427,0.018018927,0.024572594,-10.588503
6712,2026-07-31,-0.22452411,-0.21426891,0.021198593,0.019579852,-10.590963
2646,2026-07-31,-0.17633505,-0.11774385,0.016645009,0.022345576,-10.593233
2030,2026-07-31,-0.17349729,-0.18368168,0.016366934,0.01998533,-10.599828
1441,2026-07-31,-0.12753789,-0.18934636,0.012021804,0.020097727,-10.607999
2734,2026-07-31,-0.13669872,-0.18310411,0.01288368,0.016880067,-10.6094
3646,2026-07-31,-0.22318068,-0.25993395,0.021013202,0.02640259,-10.620469
6629,2026-07-31,-0.1865527,-0.1857872,0.01754413,0.02128097,-10.632734
1517,2026-07-31,-0.19414492,-0.19680974,0.018227853,0.021361008,-10.650419
6649,2026-07-31,-0.26947692,-0.34987313,0.025287151,0.024704387,-10.656252
4439,2026-07-31,-0.12475553,-0.11869828,0.011703155,0.012706718,-10.6590805
6952,2026-07-31,-0.2573754,-0.25963214,0.024129525,0.02273468,-10.665967
5604,2026-07-31,-0.19013062,-0.194727,0.017824885,0.018831216,-10.665985
1909,2026-07-31,-0.19328219,-0.1844039,0.018110609,0.019971639,-10.671729
6728,2026-07-31,-0.19786543,-0.21992661,0.018537574,0.0180223,-10.673174
1526,2026-07-31,-0.23565029,-0.2813637,0.022039395,0.020649321,-10.691745
8917,2026-07-31,-0.24542926,-0.2574188,0.022941275,0.02559553,-10.697686
2601,2026-07-31,-0.19243532,-0.21021682,0.01797763,0.021153513,-10.703558
9955,2026-07-31,-0.16159205,-0.25666004,0.015074305,0.016425319,-10.71899
7732,2026-07-31,-0.18983106,-0.2132228,0.017683573,0.017971972,-10.734275
6637,2026-07-31,-0.17073713,-0.2552497,0.015880581,0.018746067,-10.750638
2743,2026-07-31,-0.22075704,-0.31899968,0.020521427,0.023234677,-10.756868
6248,2026-07-31,-0.19380823,-0.17991686,0.01800312,0.021776564,-10.76466
2008,2026-07-31,-0.18559144,-0.15355809,0.017213318,0.016139545,-10.781225
1742,2026-07-31,-0.2318106,-0.2691385,0.021485949,0.029118834,-10.788437
6918,2026-07-31,-0.17739876,-0.1974356,0.016405549,0.017639838,-10.812679
1762,2026-07-31,-0.16784185,-0.19369777,0.015501477,0.019178068,-10.8267765
1203,2026-07-31,-0.19515294,-0.19083567,0.018016782,0.013349336,-10.83113
2038,2026-07-31,-0.20865014,-0.24697024,0.019259734,0.023078958,-10.832928
5283,2026-07-31,-0.15672277,-0.20552877,0.014463277,0.016972944,-10.835161
6743,2026-07-31,-0.19096147,-0.19636284,0.017557027,0.019961393,-10.87602
2530,2026-07-31,-0.36674252,-0.3938527,0.03370996,0.03269434,-10.87903
1799,2026-07-31,-0.23516716,-0.2639205,0.021573858,0.018448204,-10.900056
1295,2026-07-31,-0.20140982,-0.26853317,0.01845146,0.023869429,-10.915066
9914,2026-07-31,-0.21416092,-0.18014397,0.019601716,0.018316345,-10.925064
1786,2026-07-31,-0.19077481,-0.27077785,0.017460814,0.020561604,-10.925258
2035,2026-07-31,-0.17429756,-0.19460092,0.015940884,0.01735294,-10.93331
1235,2026-07-31,-0.24979605,-0.2736764,0.022838797,0.0276067,-10.936876
2756,2026-07-31,-0.22412269,-0.28797007,0.020435175,0.024824614,-10.966959
2023,2026-07-31,-0.11195706,-0.07827463,0.010204138,0.011615243,-10.970655
6655,2026-07-31,-0.19525638,-0.22648746,0.0176858,0.020402657,-11.039666
2007,2026-07-31,-0.1940814,-0.22770531,0.017538587,0.016044129,-11.065334
2916,2026-07-31,-0.17011483,-0.16795534,0.0153672015,0.01707089,-11.069274
2704,2026-07-31,-0.16072972,-0.16146351,0.014463754,0.016117895,-11.111818
4930,2026-07-31,-0.16841494,-0.22326413,0.015151272,0.020929126,-11.114831
1603,2026-07-31,-0.19882981,-0.18501838,0.017875293,0.017796816,-11.122541
4161,2026-07-31,-0.21697934,-0.24680585,0.019486036,0.029814342,-11.134548
2643,2026-07-31,-0.18223284,-0.1625218,0.016358403,0.020780647,-11.139333
2929,2026-07-31,-0.17392448,-0.16365097,0.015610762,0.020587394,-11.140605
4109,2026-07-31,-0.1471517,-0.2096598,0.013207548,0.020913946,-11.14064
2754,2026-07-31,-0.17936745,-0.19643545,0.0159761,0.017855328,-11.226534
6504,2026-07-31,-0.3040736,-0.29421172,0.027075106,0.021885028,-11.2303295
6791,2026-07-31,-0.23133512,-0.3529475,0.020575106,0.027093945,-11.242901
4907,2026-07-31,-0.241898,-0.24395847,0.02145426,0.018477933,-11.274531
6657,2026-07-31,-0.19436623,-0.26759642,0.017231494,0.017967595,-11.279054
4441,2026-07-31,-0.18546955,-0.248614,0.016435968,0.020387523,-11.283684
8931,2026-07-31,-0.21015708,-0.23500961,0.01861285,0.023706075,-11.29036
1201,2026-07-31,-0.24548784,-0.24010366,0.021704521,0.027468186,-11.309926
4147,2026-07-31,-0.20286874,-0.30017,0.017931536,0.028981982,-11.312886
2939,2026-07-31,-0.18688433,-0.2280318,0.016499056,0.01797351,-11.326284
8908,2026-07-31,-0.22269392,-0.24266522,0.01961284,0.018558467,-11.353918
8354,2026-07-31,-0.159983,-0.19321333,0.014047386,0.021620275,-11.387998
4420,2026-07-31,-0.17488115,-0.23503566,0.015355138,0.020239087,-11.388354
4127,2026-07-31,-0.25306588,-0.25713113,0.022166768,0.020294107,-11.415938
5490,2026-07-31,-0.29998112,-0.3261378,0.026248451,0.027709259,-11.428091
9902,2026-07-31,-0.20659116,-0.26204863,0.01803915,0.023625605,-11.451742
6492,2026-07-31,-0.16111895,-0.19602373,0.014065678,0.017166242,-11.453944
1784,2026-07-31,-0.21044482,-0.32021892,0.018307788,0.021624163,-11.494197
6496,2026-07-31,-0.23922348,-0.2976844,0.020810766,0.025834763,-11.494626
2614,2026-07-31,-0.27143443,-0.31511274,0.023504896,0.023817915,-11.547503
3546,2026-07-31,-0.1599838,-0.19244537,0.013842837,0.016928656,-11.556319
3226,2026-07-31,-0.19248459,-0.20353742,0.016600607,0.017358815,-11.594335
2616,2026-07-31,-0.2108902,-0.25054598,0.018147275,0.02167859,-11.620399
6612,2026-07-31,-0.15939699,-0.16697475,0.013700213,0.016935058,-11.633786
4572,2026-07-31,-0.19149542,-0.20458347,0.016417569,0.020088935,-11.663344
9919,2026-07-31,-0.2482493,-0.29044908,0.02127169,0.017252298,-11.669859
4119,2026-07-31,-0.24674155,-0.2429787,0.021112267,0.022786194,-11.686564
1522,2026-07-31,-0.20828113,-0.21761782,0.017778601,0.016597806,-11.714612
1321,2026-07-31,-0.1609676,-0.1853535,0.013738019,0.017192867,-11.716091
2524,2026-07-31,-0.22980198,-0.24459974,0.019579882,0.018704899,-11.736038
1796,2026-07-31,-0.20810834,-0.31523907,0.017731244,0.021566682,-11.736154
6150,2026-07-31,-0.17399216,-0.26919758,0.014783719,0.01696061,-11.768378
4131,2026-07-31,-0.18601638,-0.28418103,0.015784565,0.026161022,-11.783954
7799,2026-07-31,-0.2704535,-0.36436766,0.022945512,0.02496085,-11.786258
3004,2026-07-31,-0.23735934,-0.2605535,0.020119661,0.024987027,-11.796796
2032,2026-07-31,-0.22983937,-0.24704593,0.019468725,0.02096953,-11.804962
2012,2026-07-31,-0.24337067,-0.21929713,0.020585356,0.018894875,-11.821939
9931,2026-07-31,-0.16542657,-0.18342203,0.01394728,0.015148252,-11.859998
8426,2026-07-31,-0.18276685,-0.19379841,0.01540831,0.016998846,-11.860806
4912,2026-07-31,-0.20014137,-0.246283,0.016840411,0.018591015,-11.883883
1464,2026-07-31,-0.172013,-0.18119036,0.014457164,0.013999146,-11.897291
9930,2026-07-31,-0.18320864,-0.17087051,0.015330639,0.016693488,-11.94971
8488,2026-07-31,-0.18969612,-0.20267881,0.01586755,0.019660428,-11.954219
8171,2026-07-31,-0.23629715,-0.33114037,0.019678978,0.027897807,-12.006982
4171,2026-07-31,-0.16165167,-0.20496747,0.01334529,0.0191884,-12.112105
1236,2026-07-31,-0.24119587,-0.27517346,0.019851707,0.022415739,-12.149269
5608,2026-07-31,-0.18008964,-0.21552448,0.014808928,0.015108871,-12.160062
6005,2026-07-31,-0.18470572,-0.17107265,0.0151748,0.017197829,-12.17107
2028,2026-07-31,-0.20685533,-0.2048334,0.016922781,0.016693246,-12.22276
2729,2026-07-31,-0.29262266,-0.3209527,0.023922035,0.028636359,-12.231836
4737,2026-07-31,-0.2803348,-0.2769411,0.022851704,0.025373258,-12.26703
1732,2026-07-31,-0.16149618,-0.19875683,0.013114379,0.020044561,-12.313497
6130,2026-07-31,-0.20590301,-0.256727,0.016713908,0.018563077,-12.318524
4726,2026-07-31,-0.20119995,-0.26215392,0.016271474,0.01966422,-12.364435
6508,2026-07-31,-0.19038077,-0.20597424,0.015395227,0.019612359,-12.365417
2640,2026-07-31,-0.1634176,-0.20834687,0.013182713,0.017504463,-12.395415
2239,2026-07-31,-0.22282733,-0.24615414,0.017959801,0.01933582,-12.406313
1473,2026-07-31,-0.21638724,-0.22997135,0.017272618,0.02098094,-12.527037
5907,2026-07-31,-0.23938647,-0.26356882,0.019062936,0.02526849,-12.557033
5531,2026-07-31,-0.22131786,-0.20210294,0.01754727,0.018666312,-12.611947
5263,2026-07-31,-0.25274336,-0.27580246,0.020029364,0.022201203,-12.618011
3669,2026-07-31,-0.1782355,-0.24308428,0.01408583,0.020688128,-12.652634
5530,2026-07-31,-0.20044945,-0.16612796,0.015814723,0.016903508,-12.674062
8916,2026-07-31,-0.23175417,-0.21806383,0.018281719,0.018377228,-12.676132
5321,2026-07-31,-0.31244627,-0.35478878,0.024393,0.027098564,-12.808325
1110,2026-07-31,-0.26572132,-0.20845331,0.020740092,0.019544313,-12.811347
4438,2026-07-31,-0.2956556,-0.28871796,0.023053873,0.027560942,-12.823997
6931,2026-07-31,-0.18104175,-0.224797,0.014110469,0.018893298,-12.829404
4747,2026-07-31,-0.21044128,-0.2504474,0.016379068,0.024118492,-12.8474
1614,2026-07-31,-0.19380678,-0.20681317,0.015064096,0.020687468,-12.864623
6721,2026-07-31,-0.16815898,-0.17676827,0.013008489,0.018340189,-12.925871
1414,2026-07-31,-0.28223065,-0.26801288,0.021750482,0.021246847,-12.975238
6294,2026-07-31,-0.2631408,-0.3608158,0.020254264,0.025269307,-12.99123
8472,2026-07-31,-0.20791298,-0.25734475,0.01594084,0.020735884,-13.041969
2751,2026-07-31,-0.21088757,-0.2704524,0.01614744,0.021496736,-13.059315
8905,2026-07-31,-0.28929052,-0.2800714,0.022109821,0.024137434,-13.083662
8473,2026-07-31,-0.14368811,-0.11143918,0.01089591,0.013981636,-13.186133
8349,2026-07-31,-0.19954175,-0.18224406,0.015064535,0.012803951,-13.244916
5278,2026-07-31,-0.22881402,-0.24359663,0.017263759,0.02021633,-13.253242
1225,2026-07-31,-0.17722327,-0.22748765,0.013237213,0.020432867,-13.38725
6469,2026-07-31,-0.24548711,-0.27231362,0.018141536,0.021501217,-13.531025
1294,2026-07-31,-0.2076703,-0.24513769,0.015337414,0.019488458,-13.539228
2913,2026-07-31,-0.18818976,-0.2196847,0.013731916,0.014274901,-13.703553
4166,2026-07-31,-0.22877459,-0.22838552,0.016626384,0.018936545,-13.758904
2017,2026-07-31,-0.29275057,-0.33306032,0.021043181,0.0271084,-13.911236
3176,2026-07-31,-0.22466907,-0.23277833,0.016001334,0.01600484,-14.039768
1454,2026-07-31,-0.23188552,-0.28695077,0.016355325,0.018318262,-14.177116
1419,2026-07-31,-0.21821563,-0.22953348,0.015389465,0.018827341,-14.178625
1725,2026-07-31,-0.17977816,-0.20901632,0.012634258,0.016049055,-14.228293
4419,2026-07-31,-0.26117387,-0.26813528,0.017909378,0.019823505,-14.582265
8927,2026-07-31,-0.24629383,-0.26287597,0.016660703,0.017374178,-14.782032
6794,2026-07-31,-0.22957648,-0.28021118,0.015447872,0.020084815,-14.860404
2642,2026-07-31,-0.21370427,-0.26119933,0.014342178,0.020769373,-14.899367
4113,2026-07-31,-0.24809209,-0.29224366,0.016615923,0.019556979,-14.930085
4138,2026-07-31,-0.16602407,-0.19716948,0.011084394,0.013801014,-14.976831
6589,2026-07-31,-0.24810882,-0.2883639,0.01655607,0.019427935,-14.985068
6870,2026-07-31,-0.28482243,-0.35018146,0.018752085,0.020126112,-15.18803
5902,2026-07-31,-0.2174887,-0.22761294,0.014294508,0.017613336,-15.213779
1903,2026-07-31,-0.24929047,-0.23191637,0.01625956,0.0167251,-15.330989
1410,2026-07-31,-0.3062641,-0.3402895,0.01985747,0.024496278,-15.422341
2910,2026-07-31,-0.36864823,-0.3664523,0.023896994,0.03139795,-15.425907
8044,2026-07-31,-0.26982403,-0.28835544,0.017324775,0.02241553,-15.573561
6668,2026-07-31,-0.18342781,-0.23125578,0.011714063,0.015530279,-15.657433
9918,2026-07-31,-0.23027925,-0.23260657,0.014661678,0.017846389,-15.705129
1443,2026-07-31,-0.22712891,-0.23711605,0.014434163,0.018238042,-15.734419
6569,2026-07-31,-0.2117795,-0.29456228,0.012937081,0.018217197,-16.368694
7642,2026-07-31,-0.27947515,-0.30794084,0.016976714,0.02418368,-16.461294
