stock_id,Date,Score_20d,Score_60d,Unc_20d,Unc_60d,SQ_20d
6023,2026-08-12,0.15487719,0.16846314,0.011325873,0.015552423,13.673428
3593,2026-08-12,0.19514976,0.11588664,0.015078542,0.016521487,12.941359
3596,2026-08-12,0.2179932,0.17480256,0.01714904,0.017145796,12.710943
1476,2026-08-12,0.15768878,0.15180472,0.012446433,0.015664322,12.668377
3293,2026-08-12,0.2594524,0.2842273,0.023217395,0.02439512,11.174433
6542,2026-08-12,0.11194595,0.08069978,0.010198623,0.018918365,10.975498
2486,2026-08-12,0.4327709,0.39088625,0.039796166,0.040757988,10.874415
2414,2026-08-12,0.14562015,0.15657799,0.013661527,0.015477367,10.658361
2816,2026-08-12,0.1288553,0.14153539,0.012150373,0.014931649,10.604176
6229,2026-08-12,0.18913151,0.16411749,0.018099265,0.023160148,10.449101
6951,2026-08-12,0.11494593,0.084841266,0.011391193,0.014279523,10.089887
1268,2026-08-12,0.13651682,0.094651446,0.013654953,0.015530056,9.996873
3086,2026-08-12,0.17646633,0.17817143,0.018284263,0.020712946,9.650741
3014,2026-08-12,0.16385905,0.13168551,0.01706199,0.018162165,9.603186
3465,2026-08-12,0.14713901,0.102981314,0.015443397,0.017185794,9.527016
6789,2026-08-12,0.14326152,0.18459122,0.015122583,0.018602408,9.472723
5234,2026-08-12,0.117306314,0.058824353,0.012409658,0.01305978,9.452063
6691,2026-08-12,0.12730654,0.13962893,0.013608856,0.019546265,9.353995
3044,2026-08-12,0.1650543,0.12089742,0.017739065,0.019498052,9.304042
6982,2026-08-12,0.13657385,0.1328485,0.01479404,0.016140612,9.231057
4126,2026-08-12,0.1111605,0.0649912,0.0121053625,0.01160023,9.18199
3211,2026-08-12,0.21292879,0.10440359,0.023323307,0.023010198,9.129051
4432,2026-08-12,0.12304773,0.103425995,0.013530522,0.01689297,9.093414
1516,2026-08-12,0.16187042,0.18542504,0.017989151,0.01909153,8.997725
1788,2026-08-12,0.087450095,0.024976637,0.009776438,0.011974703,8.944071
1342,2026-08-12,0.13295059,0.15330715,0.01491772,0.017951308,8.911662
3711,2026-08-12,0.18264058,0.17102458,0.020513646,0.02862697,8.902936
6176,2026-08-12,0.10904147,0.11800642,0.012376845,0.017324587,8.809406
0051,2026-08-12,0.14602812,0.1659117,0.01669849,0.029168747,8.744465
3709,2026-08-12,0.14008465,0.034495182,0.016177986,0.016341267,8.658432
5475,2026-08-12,0.19312789,0.09669229,0.02239431,0.026931152,8.623586
6877,2026-08-12,0.11488153,0.075285055,0.013813428,0.019019768,8.316054
5904,2026-08-12,0.17232244,0.108588904,0.020953804,0.033980317,8.223529
8024,2026-08-12,0.14718644,0.1716205,0.018156976,0.022112733,8.105884
3450,2026-08-12,0.18786968,0.16752568,0.023380835,0.029708344,8.034856
6679,2026-08-12,0.110305004,-0.033734504,0.013735193,0.01652062,8.030246
8284,2026-08-12,0.08983682,0.008042036,0.011187764,0.013153697,8.0292
4506,2026-08-12,0.10445642,0.101880714,0.013012574,0.0132828625,8.026728
2207,2026-08-12,0.119002394,0.11364265,0.014847927,0.02106909,8.014208
8481,2026-08-12,0.15214732,0.10770036,0.019156171,0.020215306,7.9420557
2535,2026-08-12,0.105912216,0.12551522,0.013378115,0.015306751,7.9162345
3661,2026-08-12,0.11908945,0.11826716,0.015248133,0.012951146,7.809588
3030,2026-08-12,0.1610716,0.08022976,0.020722847,0.021390196,7.7722826
3533,2026-08-12,0.094076425,0.07832538,0.012109343,0.0124292625,7.768271
3526,2026-08-12,0.12515907,0.043369234,0.01613865,0.014333388,7.754757
6781,2026-08-12,0.10656798,0.09683932,0.013773407,0.015184363,7.7366652
3680,2026-08-12,0.10496197,0.026415404,0.0136453835,0.016423993,7.6915593
6573,2026-08-12,0.16167495,0.22225112,0.021026049,0.022877509,7.6889033
9905,2026-08-12,0.09030603,0.100973845,0.011838193,0.013256074,7.627718
1519,2026-08-12,0.14067622,0.17354397,0.018663349,0.019114805,7.537162
6670,2026-08-12,0.08313774,0.062011022,0.011051972,0.017197434,7.5217543
3227,2026-08-12,0.13480654,0.050144427,0.017926915,0.017876452,7.5193653
5274,2026-08-12,0.10793956,0.094005615,0.014405593,0.013878534,7.4923725
3592,2026-08-12,0.15008166,0.08435974,0.02006891,0.018804556,7.477944
2850,2026-08-12,0.115959644,0.15159146,0.015528219,0.01905116,7.4671907
4305,2026-08-12,0.108835064,0.078362465,0.014657203,0.015398032,7.424857
5288,2026-08-12,0.13186169,0.121936195,0.017812049,0.01982438,7.402533
8464,2026-08-12,0.11635284,0.14122805,0.015925365,0.01855968,7.3056746
7749,2026-08-12,0.08312977,-0.038793966,0.011536724,0.0137339225,7.2050405
3163,2026-08-12,0.11213183,0.07858095,0.015666913,0.026417514,7.156781
4766,2026-08-12,0.10172898,-0.0044163847,0.01422065,0.013139396,7.1531067
6177,2026-08-12,0.09003635,0.08325887,0.012620545,0.01164674,7.133544
5464,2026-08-12,0.25402373,0.14651997,0.035610616,0.034053594,7.1331706
2718,2026-08-12,0.095987685,0.09447619,0.01354161,0.018228272,7.0878277
3611,2026-08-12,0.09920229,0.044688895,0.014154304,0.012677476,7.008136
4123,2026-08-12,0.25835785,0.18620352,0.03713465,0.03285966,6.9571385
3494,2026-08-12,0.07893931,0.03933045,0.011348735,0.018625347,6.955168
4807,2026-08-12,0.13172784,0.1139545,0.01912923,0.023427172,6.8858476
8930,2026-08-12,0.07894931,0.03971158,0.011523767,0.014741086,6.850404
4915,2026-08-12,0.09666599,0.119758815,0.014131493,0.01635261,6.8399816
6170,2026-08-12,0.08184223,0.061718088,0.012016973,0.013735037,6.8099856
3213,2026-08-12,0.085521705,0.04700736,0.012563944,0.01759241,6.8063736
5439,2026-08-12,0.112022415,-0.029791884,0.016620416,0.01739486,6.739643
6474,2026-08-12,0.08597242,0.049606577,0.012780437,0.018681271,6.72635
6996,2026-08-12,0.14705573,0.066537045,0.021898333,0.021370482,6.715078
7708,2026-08-12,0.1382694,0.08404148,0.020766672,0.025372861,6.657915
0061,2026-08-12,0.11035563,0.13175558,0.016677676,0.022434318,6.61657
7743,2026-08-12,0.070849136,0.04440446,0.010712871,0.014948038,6.6128416
6735,2026-08-12,0.119252734,-0.012072716,0.01808889,0.020250112,6.592231
5410,2026-08-12,0.10933798,0.061429143,0.016625049,0.014500216,6.5763054
2369,2026-08-12,0.1718407,0.112239406,0.02627947,0.024962643,6.5387225
1726,2026-08-12,0.08524739,0.07248367,0.0131239295,0.015729178,6.495074
2474,2026-08-12,0.07963024,0.06427059,0.012278078,0.015850393,6.485034
6515,2026-08-12,0.087641306,0.032781534,0.013521311,0.014581176,6.4812374
6234,2026-08-12,0.12790796,0.03507,0.019792203,0.021121006,6.4622164
8069,2026-08-12,0.1479486,0.14567204,0.023060013,0.024232876,6.415529
5520,2026-08-12,0.07583249,0.06323452,0.012007455,0.01739234,6.3149247
1539,2026-08-12,0.09666195,0.10207114,0.015322271,0.015332644,6.30818
3557,2026-08-12,0.15571553,0.12791207,0.025199296,0.02190149,6.179115
1471,2026-08-12,0.07770436,0.10538483,0.012576914,0.016365048,6.1778417
6844,2026-08-12,0.06824265,0.063981734,0.0110660335,0.0141584845,6.1663
8299,2026-08-12,0.07867756,0.011776024,0.012772144,0.013788961,6.159608
6510,2026-08-12,0.102393515,0.05318268,0.016695896,0.01891572,6.132488
2459,2026-08-12,0.08715224,0.06293456,0.01423738,0.015069584,6.1209383
6983,2026-08-12,0.092475876,-0.031492077,0.0151116,0.021398176,6.119124
2305,2026-08-12,0.16753991,0.1339226,0.027468761,0.034275837,6.0990667
5609,2026-08-12,0.0987929,0.095803946,0.01626775,0.017069908,6.072556
3490,2026-08-12,0.10840548,0.054320972,0.01800276,0.020287056,6.021269
3529,2026-08-12,0.0833161,0.09214629,0.013897672,0.018074613,5.994537
2527,2026-08-12,0.13837172,0.09346278,0.02334945,0.025298247,5.9258695
4609,2026-08-12,0.0918762,0.06737844,0.015525271,0.014883765,5.917467
3356,2026-08-12,0.06696864,-0.015868274,0.011360047,0.014820561,5.894583
2458,2026-08-12,0.07980881,0.03515848,0.013555566,0.013629723,5.8870964
6026,2026-08-12,0.13266121,0.14117241,0.022540225,0.023902122,5.8852706
3005,2026-08-12,0.09014013,0.09314512,0.015320738,0.01823399,5.883153
8277,2026-08-12,0.070693664,0.08568145,0.012043017,0.013251924,5.8696084
6223,2026-08-12,0.07128505,0.030137917,0.012223345,0.010276531,5.8314
6121,2026-08-12,0.109537646,0.1002672,0.018817198,0.022144176,5.820836
4535,2026-08-12,0.06932832,0.038476236,0.0120610325,0.015281159,5.7476482
2433,2026-08-12,0.06852226,0.031318042,0.011937075,0.0136273345,5.7398076
2752,2026-08-12,0.055911455,0.010663344,0.0097407745,0.013245647,5.73935
1586,2026-08-12,0.08739629,0.03777391,0.015240801,0.016116718,5.733987
6739,2026-08-12,0.09416561,0.021412846,0.016442558,0.015403274,5.726596
8487,2026-08-12,0.065915935,0.043360528,0.011542632,0.012212343,5.7101555
1537,2026-08-12,0.087889984,0.069844455,0.015410454,0.016986242,5.7029
7728,2026-08-12,0.089480765,0.06246868,0.015747959,0.018133745,5.681694
6584,2026-08-12,0.09202293,0.026197413,0.01622656,0.016650498,5.6707807
5209,2026-08-12,0.05857025,-0.009644135,0.01036808,0.014286071,5.6485486
2423,2026-08-12,0.0713981,0.06576546,0.012713115,0.012115696,5.6156564
3679,2026-08-12,0.081718065,0.03626926,0.014670951,0.015382241,5.5696793
2383,2026-08-12,0.065107115,0.0455321,0.011699193,0.011093379,5.5646186
1213,2026-08-12,0.092951395,0.050144006,0.016747434,0.0175238,5.5498557
2393,2026-08-12,0.08306241,0.080817126,0.014967076,0.01671132,5.5493045
1777,2026-08-12,0.09472515,0.071421795,0.017169554,0.01401706,5.5167203
6227,2026-08-12,0.098602846,0.054877743,0.01812313,0.02162835,5.4404182
0057,2026-08-12,0.13056763,-0.011432867,0.024011953,0.027498294,5.437383
6947,2026-08-12,0.06792022,0.082337394,0.012497524,0.011629197,5.4342594
5529,2026-08-12,0.10591653,0.09813707,0.019769037,0.023424257,5.357427
1817,2026-08-12,0.11587687,0.08790561,0.0217349,0.018771047,5.331128
2832,2026-08-12,0.11232416,0.11902899,0.021093944,0.021510571,5.324696
2852,2026-08-12,0.103460185,0.09107936,0.019551827,0.016441153,5.291316
4583,2026-08-12,0.0682727,-0.013522262,0.0129252225,0.014560904,5.281721
2537,2026-08-12,0.09627701,0.14157107,0.0182844,0.019037882,5.2652392
2501,2026-08-12,0.07732964,0.10530374,0.014698846,0.019285586,5.260575
4961,2026-08-12,0.11731836,0.06537812,0.022410892,0.025480988,5.2346478
1339,2026-08-12,0.07909512,0.043994248,0.015193609,0.017025502,5.2054725
0055,2026-08-12,0.09878305,0.114478685,0.018999226,0.01762657,5.199046
4904,2026-08-12,0.08319068,0.11563042,0.016073626,0.022257885,5.1752796
6605,2026-08-12,0.06418451,0.052731805,0.012532363,0.011399484,5.1210923
4527,2026-08-12,0.07034953,0.037188895,0.01373963,0.013018395,5.119818
2851,2026-08-12,0.098061524,0.10919285,0.01924758,0.022113353,5.094481
6231,2026-08-12,0.06891314,-0.046531957,0.013537058,0.013340898,5.090327
4973,2026-08-12,0.07042844,-0.042742442,0.013849578,0.018516364,5.0848737
3413,2026-08-12,0.050767493,-0.016215434,0.010064855,0.009798767,5.0435348
2727,2026-08-12,0.076986246,0.022250615,0.015374269,0.018118335,5.007148
2488,2026-08-12,0.05073865,0.045974914,0.0101336045,0.012988982,5.0064754
4946,2026-08-12,0.08663807,-0.014461609,0.017316425,0.016277546,5.0029416
5478,2026-08-12,0.06123249,0.06911981,0.012266558,0.014966228,4.9914165
8176,2026-08-12,0.07663867,0.013086149,0.015353959,0.01969865,4.9911346
8390,2026-08-12,0.055425934,-0.018720083,0.011122639,0.011542411,4.9827156
4966,2026-08-12,0.08605786,-0.0044988194,0.017291961,0.018312883,4.976467
2345,2026-08-12,0.052761182,-0.0065407027,0.010643058,0.01104437,4.9568667
6146,2026-08-12,0.07146557,0.01655749,0.014495917,0.013657769,4.929708
6903,2026-08-12,0.09230542,-0.09621045,0.018768104,0.016752398,4.917945
4111,2026-08-12,0.05162021,0.0133677935,0.010579694,0.010511277,4.878717
5533,2026-08-12,0.055096615,0.07718075,0.011334085,0.011932742,4.860715
3131,2026-08-12,0.069367595,-0.009349132,0.014289518,0.012006069,4.8540993
5536,2026-08-12,0.05857289,0.03371034,0.012084359,0.012763189,4.8465986
6151,2026-08-12,0.06895005,0.0025853408,0.014245642,0.01721676,4.8397403
6277,2026-08-12,0.06646557,0.050020028,0.013767017,0.014963002,4.827534
6134,2026-08-12,0.075477555,-0.031449415,0.015648384,0.01900456,4.8230367
6015,2026-08-12,0.14581169,0.17704585,0.030277016,0.03246962,4.815761
8941,2026-08-12,0.051274426,0.03859133,0.010665917,0.013250904,4.8068647
6667,2026-08-12,0.058544777,-0.052478354,0.0121918665,0.014499582,4.8015594
2838,2026-08-12,0.05798576,0.149633,0.012127447,0.017484728,4.7809715
3491,2026-08-12,0.09167125,0.009589112,0.01917604,0.02343967,4.7802606
6104,2026-08-12,0.08740499,-0.0039662723,0.018360117,0.018337633,4.7603307
3010,2026-08-12,0.06984976,0.057414122,0.0147178965,0.014365277,4.745584
4582,2026-08-12,0.09666097,0.011477512,0.020448485,0.015593896,4.7268167
1593,2026-08-12,0.0910896,0.08242397,0.019283315,0.022108175,4.723507
6443,2026-08-12,0.06498374,-0.060139935,0.013774335,0.020241559,4.717398
4536,2026-08-12,0.0775681,0.08557398,0.01646464,0.017847229,4.710907
3531,2026-08-12,0.058212247,0.05741518,0.012371535,0.012333325,4.704957
1773,2026-08-12,0.065072455,0.00076628773,0.013848842,0.013690373,4.698426
8383,2026-08-12,0.09259312,0.02315966,0.01976836,0.026651133,4.683668
2455,2026-08-12,0.100613676,0.06712296,0.021492492,0.0275159,4.681123
3264,2026-08-12,0.11600712,0.018941967,0.024974301,0.027563792,4.6448736
3023,2026-08-12,0.060257394,0.054378804,0.012987705,0.015730752,4.639215
2605,2026-08-12,0.070463896,0.07139405,0.015241769,0.018453594,4.622775
5272,2026-08-12,0.07280821,0.009084726,0.015757049,0.021420833,4.620383
6664,2026-08-12,0.058793414,-0.04942089,0.012785726,0.011614473,4.5980034
4979,2026-08-12,0.14165704,0.08451197,0.030969428,0.03567201,4.573945
8087,2026-08-12,0.07389852,0.033260558,0.01615762,0.020714983,4.5733185
2726,2026-08-12,0.04932252,0.03849479,0.010806114,0.013160686,4.5638933
5525,2026-08-12,0.12622368,0.1437116,0.027872877,0.029965546,4.528386
6855,2026-08-12,0.04629628,-0.023086965,0.010318909,0.013601269,4.486113
2329,2026-08-12,0.06611734,-0.039051555,0.014747764,0.021093873,4.482907
3217,2026-08-12,0.058837436,0.0049984404,0.013250685,0.011808293,4.4399962
3130,2026-08-12,0.061922535,0.010173842,0.01397264,0.015714448,4.4313817
6244,2026-08-12,0.077410504,0.010976046,0.017517488,0.02692547,4.418789
1468,2026-08-12,0.052611247,0.08108612,0.011914682,0.015326943,4.4152946
7760,2026-08-12,0.048953954,0.017902521,0.011178236,0.014579253,4.379007
0052,2026-08-12,0.0834614,0.14954323,0.019149425,0.02435101,4.358201
1591,2026-08-12,0.08538186,0.039433066,0.019761039,0.023761867,4.3204985
6264,2026-08-12,0.10900652,0.11849607,0.025234679,0.030993152,4.3195395
8059,2026-08-12,0.07944943,-0.016198752,0.018406767,0.017220937,4.3160815
4107,2026-08-12,0.047550783,0.017667059,0.011019064,0.011961995,4.314928
6138,2026-08-12,0.069498844,-0.0006424194,0.016167065,0.018085554,4.298526
3380,2026-08-12,0.05580182,0.039344344,0.0130063975,0.014343563,4.2900066
2308,2026-08-12,0.07186775,0.061200593,0.016787399,0.017781788,4.2807984
8021,2026-08-12,0.16871546,0.244633,0.03945673,0.0552181,4.2758536
2338,2026-08-12,0.07363662,-0.017711751,0.017440652,0.018911472,4.2218833
6154,2026-08-12,0.06257835,0.023469154,0.014827088,0.012488881,4.2202573
6509,2026-08-12,0.06861322,0.006310604,0.016286425,0.017635165,4.2126493
3017,2026-08-12,0.05831509,0.074919015,0.01384825,0.012519047,4.210704
2885,2026-08-12,0.08907523,0.07835733,0.02115638,0.018935468,4.210126
3419,2026-08-12,0.04271337,0.0321935,0.0101492265,0.012465175,4.20812
7768,2026-08-12,0.04988796,-0.03985017,0.011860136,0.0139539605,4.2060018
3290,2026-08-12,0.07629546,0.02155743,0.018189661,0.014854441,4.19421
3499,2026-08-12,0.06289691,0.03217954,0.0150164245,0.017142434,4.188262
6894,2026-08-12,0.053092144,-0.07380751,0.012683941,0.012919505,4.1854467
3037,2026-08-12,0.081229515,0.015519362,0.019482065,0.024510957,4.169237
2449,2026-08-12,0.07468762,-0.023740197,0.018076358,0.020570397,4.131556
4971,2026-08-12,0.10767379,-0.039423887,0.02606963,0.02779984,4.1300797
5251,2026-08-12,0.0842913,-0.035677325,0.020411659,0.022031188,4.129364
2534,2026-08-12,0.06070528,0.11871465,0.014703164,0.019244924,4.1284413
1264,2026-08-12,0.07362561,0.001752551,0.01783484,0.014705791,4.1279583
5880,2026-08-12,0.0525095,0.056623545,0.012791163,0.012880039,4.104818
6788,2026-08-12,0.07919142,-0.07909845,0.019549692,0.022627601,4.0505686
6803,2026-08-12,0.044487335,0.010884492,0.0109823225,0.011310366,4.050444
1730,2026-08-12,0.06905605,0.045836687,0.017101299,0.016883183,4.0378227
2352,2026-08-12,0.06058178,0.058719244,0.01504007,0.015991898,4.027757
6217,2026-08-12,0.13497876,0.01374081,0.03352704,0.042103887,4.0258474
5543,2026-08-12,0.077318445,0.062130842,0.019337682,0.02156722,3.9981236
9945,2026-08-12,0.10211392,0.09405688,0.025544802,0.031412654,3.9972875
6609,2026-08-12,0.05735295,0.07047056,0.014374531,0.015217334,3.989623
7716,2026-08-12,0.05379314,-0.0014097054,0.013499994,0.013946643,3.9843836
2753,2026-08-12,0.03609446,-0.021123461,0.009059827,0.014345862,3.9835725
2421,2026-08-12,0.06335966,0.021976773,0.015966557,0.01577163,3.9680247
6568,2026-08-12,0.06617794,-0.09713256,0.016710656,0.01837178,3.9599872
6143,2026-08-12,0.07911477,-0.040844098,0.020081876,0.023783542,3.9394145
4958,2026-08-12,0.08058691,-0.02421101,0.020652248,0.026737742,3.9019
6560,2026-08-12,0.045804564,-0.018149797,0.011783664,0.01759113,3.886794
3376,2026-08-12,0.07872987,-0.008619802,0.020495936,0.017040279,3.8410554
6187,2026-08-12,0.034420617,0.011647686,0.008982502,0.014558332,3.8315365
2439,2026-08-12,0.052196298,0.046913028,0.013635243,0.011643891,3.8277621
1808,2026-08-12,0.17943916,0.2531322,0.047128957,0.05460903,3.807327
3694,2026-08-12,0.06498293,-0.040041342,0.01713963,0.016568638,3.7911632
6456,2026-08-12,0.059563622,0.019879697,0.01576728,0.019898703,3.777433
3555,2026-08-12,0.09032604,0.016233632,0.023976954,0.025568344,3.7670455
2404,2026-08-12,0.055721823,0.04940156,0.01489488,0.016308835,3.740754
2355,2026-08-12,0.042243775,-0.002110239,0.0112998625,0.01384554,3.7381017
6417,2026-08-12,0.049334526,-0.049176764,0.013231257,0.01413557,3.728353
2066,2026-08-12,0.04122793,0.028882116,0.011063096,0.014345605,3.7262807
6028,2026-08-12,0.061405104,0.041105904,0.016503612,0.017831154,3.7204816
9912,2026-08-12,0.0501079,0.009841456,0.013570438,0.014589996,3.6921585
2618,2026-08-12,0.03688467,0.06126475,0.009991363,0.016946401,3.691286
3467,2026-08-12,0.05504702,-0.073510356,0.0149289835,0.017547254,3.6870115
4991,2026-08-12,0.12807417,-0.009266059,0.0347611,0.03896586,3.6843047
6210,2026-08-12,0.054975796,0.03189294,0.015060669,0.02009401,3.6500468
2480,2026-08-12,0.051467147,0.048285928,0.01415518,0.014868385,3.6356661
8455,2026-08-12,0.06314938,0.029574335,0.017390883,0.021258984,3.6309683
3115,2026-08-12,0.07630864,0.016000899,0.021029405,0.023747548,3.628491
1477,2026-08-12,0.054433633,0.039458804,0.015084987,0.014722064,3.6082249
2426,2026-08-12,0.07292263,0.0642821,0.020286737,0.02021684,3.5944192
8435,2026-08-12,0.095767245,0.04887263,0.026745629,0.02829344,3.5805352
2330,2026-08-12,0.056961264,0.039725304,0.015955035,0.017136624,3.5698884
4550,2026-08-12,0.044828583,0.010082495,0.012606562,0.016026335,3.55569
2908,2026-08-12,0.04547582,0.060453907,0.012812359,0.011645462,3.549094
2462,2026-08-12,0.04188595,0.0078493375,0.011803803,0.014147862,3.5482125
8432,2026-08-12,0.036337305,-0.008088454,0.010257728,0.013403736,3.5420866
2484,2026-08-12,0.087106474,0.034934867,0.0248893,0.025486464,3.4996152
8086,2026-08-12,0.059474904,-0.075465284,0.016998174,0.014935397,3.4986937
0053,2026-08-12,0.038294256,-0.062012125,0.011062214,0.01710661,3.461404
3105,2026-08-12,0.08682299,-0.012644042,0.025104059,0.025316902,3.458386
2481,2026-08-12,0.08481478,0.0009489581,0.02454953,0.02769819,3.4547024
5301,2026-08-12,0.05085762,-0.043707736,0.014812638,0.016765244,3.433162
5871,2026-08-12,0.06833234,0.06242184,0.019950284,0.023259357,3.4249594
1712,2026-08-12,0.039701752,0.017574104,0.011624367,0.012397215,3.4150965
3016,2026-08-12,0.07887216,0.079243466,0.023179088,0.026823591,3.4025824
6214,2026-08-12,0.060475368,0.06970687,0.017982671,0.022851551,3.3627932
3518,2026-08-12,0.04961404,-0.06630009,0.014805853,0.0163449,3.3507483
2478,2026-08-12,0.06574754,-0.017000886,0.019647716,0.02470467,3.3461492
3512,2026-08-12,0.074728996,0.071302384,0.022378655,0.02728709,3.3391485
5876,2026-08-12,0.08580699,0.099508926,0.02570021,0.019336844,3.3386362
5353,2026-08-12,0.052132692,0.007292935,0.015618865,0.014763363,3.337589
5347,2026-08-12,0.058022268,-0.023378385,0.017513167,0.017002897,3.3128762
2382,2026-08-12,0.06407926,-0.06393218,0.019341983,0.022778587,3.312791
5403,2026-08-12,0.04912416,-0.01177778,0.014840272,0.013092666,3.3099694
9927,2026-08-12,0.042775076,-0.0172893,0.012976416,0.014708216,3.2961164
5547,2026-08-12,0.044920977,0.039180074,0.013682343,0.013182531,3.2828948
2327,2026-08-12,0.052299324,-0.06802206,0.016118228,0.024607506,3.2445302
8064,2026-08-12,0.06293726,-0.05667838,0.019410368,0.021776853,3.2422886
6190,2026-08-12,0.05914416,-0.0220734,0.018315053,0.021438343,3.2290888
2313,2026-08-12,0.059703317,0.0012547468,0.018528167,0.02229622,3.2221262
7767,2026-08-12,0.05208192,0.0009422928,0.016337544,0.018049283,3.1876721
6669,2026-08-12,0.034185164,0.0075791865,0.010734419,0.012474959,3.1843343
2882,2026-08-12,0.048608456,0.037642583,0.015276732,0.019473992,3.181654
3189,2026-08-12,0.08020143,0.05085857,0.025218757,0.02778226,3.1801033
6805,2026-08-12,0.043918833,0.001930688,0.013816065,0.012578427,3.1785934
6962,2026-08-12,0.051254924,0.020799402,0.016442157,0.01569893,3.1170974
6115,2026-08-12,0.04543071,0.0450506,0.014582142,0.0155859785,3.1152894
8476,2026-08-12,0.058592193,-0.010716526,0.018971162,0.0143847475,3.0883245
1580,2026-08-12,0.04676225,0.009786515,0.015157962,0.015561808,3.0847924
6988,2026-08-12,0.040513594,0.04280231,0.013227947,0.013309637,3.0624957
6442,2026-08-12,0.039003517,0.0009142869,0.012763419,0.014651897,3.0556436
6109,2026-08-12,0.04287942,0.016802905,0.014098478,0.014868579,3.0412064
2912,2026-08-12,0.06638642,0.12524667,0.021840114,0.030925201,3.039516
1731,2026-08-12,0.035063036,-0.021769412,0.011561912,0.010907843,3.0323708
3209,2026-08-12,0.06264455,0.00706386,0.020727733,0.01966724,3.0221117
3303,2026-08-12,0.06051263,-0.0030682494,0.020048738,0.019433534,3.0181258
2731,2026-08-12,0.035677083,0.005512999,0.011850821,0.011925097,3.0102618
2385,2026-08-12,0.03225567,0.0069895587,0.010950027,0.013897505,2.9454467
9951,2026-08-12,0.039186954,0.0057020513,0.0134541355,0.012566663,2.9124162
2353,2026-08-12,0.04825026,0.11114301,0.016573422,0.020144695,2.9111278
1419,2026-08-12,0.04574103,-0.031721566,0.015720498,0.016418405,2.9094574
6021,2026-08-12,0.072471045,0.106364824,0.025088267,0.031941485,2.8885276
9944,2026-08-12,0.043356735,0.06564784,0.0150414165,0.016464872,2.8822985
4580,2026-08-12,0.029937116,-0.0215325,0.010404394,0.011443249,2.8770766
2317,2026-08-12,0.04336993,0.049033973,0.015086222,0.01334815,2.8746133
6160,2026-08-12,0.042220227,0.01859707,0.0149125885,0.019266913,2.8309906
7734,2026-08-12,0.02828456,-0.04200376,0.010045883,0.011347342,2.815257
3665,2026-08-12,0.04234263,0.05158913,0.015043612,0.010545946,2.8144712
1611,2026-08-12,0.040030718,0.080378585,0.014303916,0.017894432,2.7983887
3285,2026-08-12,0.053022742,0.07229934,0.01906392,0.019432534,2.7811677
2889,2026-08-12,0.057391774,0.1099641,0.020825293,0.022316098,2.7557364
6885,2026-08-12,0.04372679,0.047760904,0.015882516,0.016877342,2.7529666
4207,2026-08-12,0.04772211,0.030612644,0.017508704,0.017586624,2.7254663
5388,2026-08-12,0.0448504,0.05189077,0.01648503,0.017434599,2.7205095
2493,2026-08-12,0.07217911,0.13483712,0.026585741,0.03249256,2.7148535
4995,2026-08-12,0.036504865,0.035550125,0.013498779,0.015111433,2.7041082
4153,2026-08-12,0.038283087,0.014552187,0.0142148305,0.012317979,2.6929898
8081,2026-08-12,0.042546406,-0.022688704,0.015876027,0.016802406,2.6797464
6290,2026-08-12,0.043052625,-0.025416953,0.016137661,0.018953513,2.66767
1722,2026-08-12,0.042601507,0.042870473,0.016081117,0.014871621,2.6489987
8926,2026-08-12,0.07713982,0.18635441,0.02927339,0.03364641,2.6350613
6189,2026-08-12,0.03822861,0.013836258,0.014524333,0.01532395,2.6318576
6263,2026-08-12,0.03287745,-0.032619786,0.012506247,0.014889105,2.628672
8034,2026-08-12,0.041744366,-0.0738665,0.01594659,0.017305125,2.617597
3710,2026-08-12,0.04645856,-0.0038241243,0.017759696,0.01988994,2.6158075
3689,2026-08-12,0.03250848,-0.07228374,0.0124476,0.015966838,2.6114166
2887,2026-08-12,0.044008724,0.100953296,0.017047921,0.017662862,2.58132
0050,2026-08-12,0.049138583,0.11449038,0.019209107,0.026205942,2.5579545
2603,2026-08-12,0.036767617,0.05623826,0.014376761,0.0132305585,2.557256
2424,2026-08-12,0.046537504,-0.005574376,0.018201113,0.020003429,2.5567088
2707,2026-08-12,0.025269557,-0.031072132,0.009920693,0.010262775,2.5468996
6525,2026-08-12,0.04924814,-0.06008459,0.019400148,0.024705544,2.5384138
6291,2026-08-12,0.030575432,-0.057607967,0.012050135,0.014449315,2.537141
6412,2026-08-12,0.03887333,0.00961233,0.015347788,0.012688682,2.5326643
3088,2026-08-12,0.033711575,-0.023217471,0.013429774,0.021340977,2.5100248
4104,2026-08-12,0.023119425,0.0013438239,0.00924578,0.014372499,2.5002675
5356,2026-08-12,0.03673728,0.020713095,0.014924573,0.0150373755,2.461365
6683,2026-08-12,0.045514937,-0.022875847,0.018522961,0.01605848,2.4570844
5434,2026-08-12,0.037132517,0.068331786,0.015208054,0.016041787,2.4414744
4133,2026-08-12,0.03250355,-0.012999712,0.013403558,0.016028816,2.424813
6114,2026-08-12,0.029802302,-0.03872834,0.012300464,0.015093446,2.422663
7556,2026-08-12,0.034188107,-0.082935475,0.014132552,0.016321693,2.4189324
2115,2026-08-12,0.027652288,0.02657994,0.011431152,0.014768156,2.4188173
3705,2026-08-12,0.03395981,0.03053728,0.014062401,0.014567408,2.4147651
8016,2026-08-12,0.03728146,-0.011942919,0.01548131,0.016226843,2.4080038
5489,2026-08-12,0.030579044,-0.013334971,0.012725289,0.016383436,2.4028249
6213,2026-08-12,0.029864836,-0.022004994,0.012555416,0.017042967,2.3784523
1737,2026-08-12,0.03928155,0.031664252,0.016527366,0.018229496,2.3766143
5015,2026-08-12,0.037699167,0.0742838,0.015971294,0.014726619,2.360285
5289,2026-08-12,0.04065889,-0.08036755,0.01728188,0.017348327,2.352553
3617,2026-08-12,0.03297742,-0.007445151,0.014036795,0.015098897,2.349188
1303,2026-08-12,0.048426095,-0.005180776,0.020710828,0.015537531,2.338089
3135,2026-08-12,0.040121533,-0.14688393,0.017264117,0.021144401,2.3238494
1216,2026-08-12,0.04063417,0.07021751,0.017543001,0.025628196,2.316129
4744,2026-08-12,0.039959256,-0.021315793,0.017337337,0.016748592,2.3046763
6672,2026-08-12,0.03870833,-0.030618893,0.017018571,0.022163332,2.274342
4114,2026-08-12,0.023478476,0.04549061,0.010356427,0.012462877,2.2668252
5546,2026-08-12,0.04926188,0.03132687,0.021910597,0.01683177,2.2482104
1452,2026-08-12,0.022639692,0.014372953,0.010098993,0.0135675045,2.2415552
1451,2026-08-12,0.0262694,-0.005169175,0.011795631,0.01251112,2.2268562
1609,2026-08-12,0.022340624,0.018587215,0.010070972,0.00977387,2.2180982
6534,2026-08-12,0.03138187,0.016192647,0.014149362,0.017760623,2.2177434
1714,2026-08-12,0.053362276,-0.00011693171,0.024309387,0.028961204,2.1950402
3535,2026-08-12,0.08413664,-0.0639097,0.038468946,0.04509041,2.1870747
3317,2026-08-12,0.038958985,-0.060150094,0.017867735,0.017772552,2.1802878
4440,2026-08-12,0.02622996,-0.040495317,0.012216286,0.011054385,2.1469548
5386,2026-08-12,0.043558877,-0.14442685,0.020380123,0.023372564,2.1372168
1418,2026-08-12,0.034609333,0.0786712,0.016278788,0.015732657,2.125908
4933,2026-08-12,0.034688946,-0.030831138,0.016379127,0.015497962,2.1177459
4745,2026-08-12,0.04097221,-0.018994568,0.01941094,0.025112407,2.1106706
3045,2026-08-12,0.036029927,0.04764106,0.017131126,0.017989986,2.1030624
4304,2026-08-12,0.029941222,-0.08125534,0.014367451,0.017922549,2.083817
1503,2026-08-12,0.029317414,0.01989678,0.014093566,0.013794372,2.080051
5516,2026-08-12,0.051847592,0.04510582,0.025011651,0.03094771,2.0728548
2303,2026-08-12,0.03650776,-0.02595877,0.017730867,0.017809918,2.0588784
5878,2026-08-12,0.043941054,0.0048825336,0.021547597,0.020593097,2.0391607
1734,2026-08-12,0.02312311,0.01977181,0.011350424,0.014808431,2.0370228
3443,2026-08-12,0.023415517,-0.016791966,0.011545355,0.012521469,2.0279574
5355,2026-08-12,0.03204283,0.028140495,0.01583522,0.020477746,2.0233889
6266,2026-08-12,0.03549401,-0.030376144,0.017639061,0.019522758,2.012125
6547,2026-08-12,0.04158107,0.053266525,0.02091116,0.023514107,1.9883678
2884,2026-08-12,0.027140845,0.010595445,0.013704002,0.014860398,1.9803605
3054,2026-08-12,0.04534404,0.017668216,0.022913607,0.026312277,1.9788269
2340,2026-08-12,0.021707175,-0.056676984,0.010986859,0.017839815,1.9755601
2444,2026-08-12,0.031178407,-0.011905426,0.016136661,0.020198982,1.9320276
3332,2026-08-12,0.028233897,-0.017799543,0.014630477,0.015871422,1.9296683
4760,2026-08-12,0.030035492,-0.08604486,0.01562661,0.014398632,1.9219505
8446,2026-08-12,0.02400493,0.0045816237,0.0125221815,0.014827428,1.9168396
4749,2026-08-12,0.03468796,-0.023294996,0.018096045,0.021228874,1.9167747
4552,2026-08-12,0.030620841,0.015561999,0.016030753,0.016037634,1.910012
2388,2026-08-12,0.049725298,0.0054739835,0.026106505,0.030933732,1.9046361
3374,2026-08-12,0.027631972,-0.07106851,0.014517338,0.023521194,1.9032462
2610,2026-08-12,0.02507509,0.023079054,0.013267848,0.012425661,1.8897713
5206,2026-08-12,0.029040536,-0.011821601,0.015457345,0.017027954,1.8786316
3228,2026-08-12,0.033107035,-0.015001168,0.017759519,0.018787105,1.8640804
4581,2026-08-12,0.021876551,-0.027011959,0.011816576,0.01488584,1.8511876
1102,2026-08-12,0.031864952,0.082647845,0.01728015,0.015871935,1.8439138
8433,2026-08-12,0.020897118,-0.005052045,0.011334211,0.012702828,1.843558
4764,2026-08-12,0.05373633,0.053076554,0.029425826,0.029465087,1.8261001
9958,2026-08-12,0.023560626,0.0031517958,0.01292277,0.011613749,1.8230458
2360,2026-08-12,0.019799313,0.006065578,0.011037748,0.013760424,1.7936193
2745,2026-08-12,0.018663775,-0.031106351,0.010411718,0.013498294,1.7924018
8416,2026-08-12,0.019799273,-0.031537943,0.011081554,0.011472401,1.7865262
2059,2026-08-12,0.02456429,0.00080232695,0.013956068,0.0137907555,1.7599893
2402,2026-08-12,0.02674048,-0.031415235,0.015303026,0.01813704,1.747284
9943,2026-08-12,0.021603601,-0.015340548,0.012563114,0.011261669,1.7194687
8039,2026-08-12,0.02966843,-0.030626297,0.017256176,0.019144306,1.7191938
2633,2026-08-12,0.025147427,0.068607315,0.01466719,0.01439827,1.7144192
2880,2026-08-12,0.032065388,0.057562675,0.018800493,0.025610417,1.7054702
6192,2026-08-12,0.021720974,-0.03623144,0.0127643375,0.014824502,1.7015588
6261,2026-08-12,0.028098144,-0.079029046,0.01670071,0.020310726,1.6823514
1512,2026-08-12,0.022707883,0.0050471267,0.013822292,0.017436277,1.6427262
4439,2026-08-12,0.02272419,0.010040553,0.013835548,0.016945891,1.6423309
6654,2026-08-12,0.03221164,0.0072472985,0.019627737,0.021828905,1.6410449
6451,2026-08-12,0.116463535,0.19844553,0.07141511,0.09502485,1.630774
2373,2026-08-12,0.02054886,-0.013594296,0.012731085,0.012153356,1.613943
5220,2026-08-12,0.019212019,-0.021813734,0.011979127,0.014995103,1.6036572
1783,2026-08-12,0.018013354,-0.015592317,0.011233713,0.013591367,1.6033658
2890,2026-08-12,0.028296823,0.004675483,0.017651021,0.017115993,1.6030358
6527,2026-08-12,0.021579402,0.0033786907,0.013634105,0.017097913,1.5826355
8093,2026-08-12,0.025843402,0.029985888,0.016343849,0.02016278,1.5811343
8083,2026-08-12,0.020679843,-0.033527683,0.013160634,0.016067395,1.5712215
6183,2026-08-12,0.01959728,0.00054400956,0.012569821,0.013794995,1.5589498
7610,2026-08-12,0.02340435,-0.051019516,0.015031903,0.0139021985,1.556875
3122,2026-08-12,0.01998359,-0.046287715,0.012874341,0.015834084,1.5520824
2467,2026-08-12,0.021301923,-0.0006977932,0.013891032,0.014811967,1.5333915
4977,2026-08-12,0.040792804,-0.025498485,0.026726108,0.038740344,1.5262707
6276,2026-08-12,0.028390888,-0.09391956,0.018612754,0.020966858,1.525264
6908,2026-08-12,0.024298666,0.0018166637,0.01601461,0.0153468605,1.5171864
2937,2026-08-12,0.018750805,-0.00039625415,0.012386285,0.011673286,1.5137138
1256,2026-08-12,0.025446458,-0.05977458,0.016852038,0.016803361,1.5099033
5348,2026-08-12,0.025049388,-0.047183927,0.016639898,0.01865326,1.5052906
2063,2026-08-12,0.016205173,0.0019245301,0.010773161,0.0140400715,1.5040774
8996,2026-08-12,0.028004982,-0.011530061,0.018639943,0.01922212,1.5023372
9946,2026-08-12,0.03556252,0.035935324,0.023898978,0.023371588,1.4879729
1229,2026-08-12,0.018769778,0.06703887,0.012623686,0.0139824115,1.486752
7715,2026-08-12,0.029474974,-0.026197413,0.020061512,0.021194916,1.4691567
6278,2026-08-12,0.025319096,-0.015605304,0.017593995,0.02348489,1.4389942
3402,2026-08-12,0.025271412,-0.063253134,0.017590985,0.019224692,1.4365299
5314,2026-08-12,0.043958712,-0.100177154,0.0307715,0.02367355,1.4285064
6464,2026-08-12,0.015829999,-0.012631831,0.011152996,0.012959577,1.4192222
2431,2026-08-12,0.017631905,0.004947437,0.01251953,0.017495407,1.4082395
3406,2026-08-12,0.023646919,-0.057709415,0.016854258,0.016405987,1.4029402
6409,2026-08-12,0.016225057,0.051822722,0.011574069,0.013565375,1.4017243
2406,2026-08-12,0.03914043,-0.07674123,0.028018419,0.029806644,1.3969036
6831,2026-08-12,0.024936378,0.025295807,0.018037634,0.019958211,1.3823873
4931,2026-08-12,0.024673633,-0.028185094,0.017894628,0.021392062,1.378752
2464,2026-08-12,0.03941691,-0.05488905,0.029296868,0.032246903,1.345385
2379,2026-08-12,0.020632755,0.021087738,0.015386032,0.015236087,1.3409184
6269,2026-08-12,0.019411338,0.045870494,0.014513245,0.021584688,1.3373991
6771,2026-08-12,0.03420291,-0.015901297,0.025576772,0.026384322,1.3372122
3289,2026-08-12,0.015313608,-0.14150135,0.011503161,0.014721161,1.3311363
3095,2026-08-12,0.028733429,-0.09155108,0.021650799,0.019026969,1.3270689
2617,2026-08-12,0.014653125,0.031417586,0.011223584,0.014387273,1.3054491
8210,2026-08-12,0.021542298,-0.03696381,0.016529778,0.018463103,1.3031629
4924,2026-08-12,0.020008886,-0.013938497,0.015361129,0.01483685,1.3024813
7718,2026-08-12,0.018520037,-4.2652555e-05,0.014288443,0.013505729,1.2960643
6186,2026-08-12,0.021995783,-0.05685695,0.017025428,0.024077332,1.2918613
2702,2026-08-12,0.020127269,-0.010071153,0.015583157,0.013974385,1.2915212
3581,2026-08-12,0.026880166,-0.096837796,0.020845978,0.024542259,1.2894034
8477,2026-08-12,0.016958054,-0.010324792,0.013238466,0.013749361,1.2808714
2755,2026-08-12,0.016138624,-0.03196665,0.012606642,0.013191464,1.2800668
2067,2026-08-12,0.019964328,0.0117978,0.015615495,0.017763266,1.2784128
2498,2026-08-12,0.027148962,-0.104100846,0.02135313,0.024171447,1.2713683
1513,2026-08-12,0.017369727,-0.033029787,0.013670691,0.015786687,1.2704885
8105,2026-08-12,0.02961452,-0.045372844,0.023639098,0.021745468,1.252724
4768,2026-08-12,0.028980736,-0.03982187,0.023252843,0.033095974,1.2462772
6725,2026-08-12,0.0124986805,-0.112221695,0.010071363,0.01587034,1.2408886
3567,2026-08-12,0.018811684,-0.07050584,0.015160749,0.019210666,1.2407331
7822,2026-08-12,0.017838141,-0.08341245,0.01439762,0.018926058,1.2388785
9904,2026-08-12,0.024653252,0.09956847,0.020209946,0.020681014,1.219797
6435,2026-08-12,0.019830346,-0.08237206,0.01639123,0.019467572,1.2097405
9950,2026-08-12,0.014306693,0.0038139557,0.011832963,0.015515612,1.2089521
6895,2026-08-12,0.018603997,-0.07931315,0.015436694,0.01691515,1.2051021
6125,2026-08-12,0.019725477,-0.058239724,0.016412104,0.018169723,1.2018127
4711,2026-08-12,0.026471468,-0.0008964808,0.02220914,0.026597321,1.1918641
2356,2026-08-12,0.021801608,0.06136935,0.018347885,0.023603432,1.1881707
6165,2026-08-12,0.014258466,-0.018568734,0.0121856155,0.020526234,1.1700103
6216,2026-08-12,0.020728445,0.0048561725,0.017912177,0.020100541,1.1571618
9942,2026-08-12,0.0129993735,-0.017890085,0.011261025,0.013511532,1.154266
6949,2026-08-12,0.014448368,0.0037197962,0.012646762,0.013739414,1.1423656
6164,2026-08-12,0.020928817,-0.043705456,0.018369837,0.020943783,1.1392413
8150,2026-08-12,0.019855099,-0.08673838,0.01748595,0.0231912,1.1354238
7753,2026-08-12,0.012292832,-0.0677471,0.011045398,0.011056754,1.1128362
2515,2026-08-12,0.020058447,0.0024542676,0.01836795,0.018178072,1.0919757
2420,2026-08-12,0.013087672,-0.011853597,0.012189139,0.01683827,1.0736278
4721,2026-08-12,0.019054448,-0.110555075,0.01787498,0.024121366,1.0659246
6863,2026-08-12,0.021439409,-0.012987601,0.020143503,0.021305317,1.0642809
9925,2026-08-12,0.013660417,0.023068564,0.012881108,0.014179517,1.0604179
6757,2026-08-12,0.013270368,0.00045485416,0.012578967,0.014442737,1.054881
6526,2026-08-12,0.015071565,-0.048383083,0.014361416,0.013490182,1.0493753
2442,2026-08-12,0.01948737,0.0104370145,0.018669302,0.015655378,1.0437629
6128,2026-08-12,0.013957826,0.0054989373,0.013420536,0.01402686,1.0399574
8928,2026-08-12,0.016004318,-0.012587622,0.015432732,0.012840406,1.03697
1781,2026-08-12,0.010647327,0.026824802,0.010282242,0.013511515,1.0354056
3551,2026-08-12,0.014161447,-0.11179351,0.0137659935,0.010086628,1.0286521
6140,2026-08-12,0.015326289,-0.066376396,0.014906622,0.017753795,1.0280842
6936,2026-08-12,0.01808584,-0.019427633,0.017718986,0.016660815,1.0206463
7769,2026-08-12,0.012676865,-0.027131852,0.012610137,0.009990479,1.0052118
6968,2026-08-12,0.025134152,-0.0056736534,0.025087405,0.024966618,1.0018234
2316,2026-08-12,0.023574105,-0.06613646,0.023838777,0.022913974,0.9888559
2412,2026-08-12,0.012825297,0.022295678,0.013002946,0.014316691,0.9862619
3715,2026-08-12,0.022927186,0.026547814,0.023704266,0.03019138,0.96717685
2547,2026-08-12,0.017279172,0.0778327,0.01788288,0.016138958,0.966187
3483,2026-08-12,0.01805571,-0.03444789,0.018879035,0.022010954,0.9563387
3164,2026-08-12,0.013184774,-0.06503798,0.013925668,0.015685894,0.9467285
3259,2026-08-12,0.01566789,-0.041157942,0.016808337,0.016023934,0.93209445
5340,2026-08-12,0.025543535,-0.101985864,0.028151704,0.026474345,0.90732086
8261,2026-08-12,0.016885411,-0.0773911,0.01876055,0.024033222,0.9000008
2834,2026-08-12,0.013049616,0.013277689,0.014737489,0.014320935,0.88541067
5345,2026-08-12,0.041091945,0.17046852,0.04671191,0.06017776,0.87967
1531,2026-08-12,0.0128834685,-0.044295803,0.014665331,0.017536264,0.8784384
1326,2026-08-12,0.014475203,-0.06444885,0.016701698,0.021775136,0.8666386
2637,2026-08-12,0.017814776,0.049632914,0.020606345,0.022268035,0.8644867
6706,2026-08-12,0.019680507,-0.12456652,0.022815136,0.025785716,0.8625697
2483,2026-08-12,0.020039042,-0.04537201,0.023319175,0.023576375,0.8593007
2248,2026-08-12,0.011123401,-0.032534447,0.013191382,0.013678132,0.8431685
5703,2026-08-12,0.009687112,-0.012480506,0.01156502,0.014197771,0.8375492
8289,2026-08-12,0.015418677,-0.08886556,0.018436927,0.024274535,0.8362478
7723,2026-08-12,0.021647887,-0.09643642,0.025922801,0.030641416,0.8350584
2945,2026-08-12,0.010429174,0.0086593265,0.012609521,0.014424311,0.8270216
3218,2026-08-12,0.010773419,-0.058224775,0.013053612,0.014708402,0.8252577
6182,2026-08-12,0.020666102,-0.15529975,0.025218097,0.0382778,0.81946236
4205,2026-08-12,0.008428147,-0.030289464,0.010307803,0.014739883,0.81756794
6139,2026-08-12,0.014057121,-0.090734154,0.017728295,0.017470492,0.79287535
4529,2026-08-12,0.019014053,0.058606647,0.02455426,0.024867773,0.7743373
6768,2026-08-12,0.018013362,-0.027249532,0.023410717,0.025569027,0.7694165
5469,2026-08-12,0.009193215,-0.048508324,0.01198501,0.013316688,0.76699543
4953,2026-08-12,0.008959173,-0.036345005,0.011681128,0.013305006,0.76691276
6556,2026-08-12,0.010929998,-0.008703181,0.014347685,0.016071208,0.7617422
4543,2026-08-12,0.009493862,-0.046573468,0.012718447,0.011481579,0.7464053
8046,2026-08-12,0.013692229,-0.027795272,0.018382922,0.01997574,0.7447937
7805,2026-08-12,0.009124234,-0.11707639,0.012438215,0.014349153,0.7335056
2441,2026-08-12,0.012921451,-0.04345804,0.017916678,0.020953126,0.72115654
6862,2026-08-12,0.011062626,-0.05433662,0.015468696,0.019295763,0.7151159
1315,2026-08-12,0.008608558,0.03258743,0.012037411,0.012907192,0.7150909
2314,2026-08-12,0.013764062,-0.07926653,0.019294547,0.019910943,0.7133284
4306,2026-08-12,0.008512134,0.05023711,0.011986918,0.013417998,0.7100594
3058,2026-08-12,0.0068150135,-0.0014691985,0.009670291,0.009764206,0.7046643
1438,2026-08-12,0.018463528,0.072896294,0.026268058,0.03301987,0.7028622
4770,2026-08-12,0.008854406,-0.073410355,0.012722865,0.016642854,0.69588965
5215,2026-08-12,0.01250498,-0.012825904,0.018173965,0.016888633,0.6880332
2107,2026-08-12,0.008622298,0.017468095,0.0125827445,0.012463219,0.68519336
6491,2026-08-12,0.007814259,-0.009474296,0.011486127,0.011778542,0.68026227
1472,2026-08-12,0.014054986,-0.05049103,0.020724125,0.02726517,0.6781617
6281,2026-08-12,0.009879457,-0.028258827,0.015001495,0.015070514,0.6585209
0056,2026-08-12,0.0098626455,0.010718604,0.014978824,0.017640948,0.6583953
5284,2026-08-12,0.01934788,-0.073050104,0.030182283,0.03149043,0.6410131
3008,2026-08-12,0.008575352,-0.021834096,0.013400182,0.016412701,0.6398952
6259,2026-08-12,0.014449706,0.0030106644,0.022596,0.019652689,0.6394524
8341,2026-08-12,0.0065721935,0.0011662269,0.010574054,0.015615443,0.6214808
6486,2026-08-12,0.0075499043,-0.017493904,0.012308306,0.011388607,0.6133493
7772,2026-08-12,0.009503619,-0.16578346,0.015570329,0.020851178,0.6103281
4105,2026-08-12,0.0077872532,0.0008494121,0.012807444,0.020286303,0.6079781
6838,2026-08-12,0.010682442,0.010130417,0.017943235,0.016588196,0.5953133
3672,2026-08-12,0.009560247,0.023008358,0.016194869,0.015488362,0.59028924
2114,2026-08-12,0.0066295317,-0.009245172,0.01128842,0.013573062,0.587234
3169,2026-08-12,0.008120474,-0.08983985,0.0138615165,0.016635714,0.58578646
6226,2026-08-12,0.022264268,-0.09309654,0.038162883,0.030401565,0.5833858
4169,2026-08-12,0.009794169,-0.016590135,0.017776804,0.01866405,0.5509212
7705,2026-08-12,0.0064954166,-0.053470682,0.011930249,0.017231984,0.54440373
6535,2026-08-12,0.007944158,-0.014206405,0.0151213445,0.014818847,0.52532583
5864,2026-08-12,0.011752951,0.001391232,0.022621743,0.02857276,0.51951927
3624,2026-08-12,0.009768931,-0.05583454,0.018963767,0.024320954,0.5151095
2520,2026-08-12,0.009575397,0.06473615,0.019064272,0.017454697,0.50224286
2368,2026-08-12,0.008824065,-0.020267751,0.017759556,0.022754159,0.49683496
3527,2026-08-12,0.006661571,-0.034207862,0.013865516,0.012423245,0.480407
2027,2026-08-12,0.007831537,0.050104816,0.016764868,0.0162259,0.46711195
8104,2026-08-12,0.008436207,-0.037763048,0.018221254,0.020152332,0.46296176
3570,2026-08-12,0.005866774,-0.06138681,0.012914476,0.014793177,0.45424372
6548,2026-08-12,0.008625903,-0.0453985,0.01905318,0.021643655,0.45270398
2886,2026-08-12,0.006771012,0.002229444,0.015116869,0.018856013,0.4478814
3664,2026-08-12,0.009485843,0.002410828,0.02125476,0.02669475,0.44627163
2855,2026-08-12,0.01300593,0.015026657,0.029300256,0.031064136,0.44386938
6606,2026-08-12,0.006321341,-0.021661647,0.014427188,0.016182896,0.43812436
2324,2026-08-12,0.006290974,0.021062534,0.014570098,0.011368451,0.4317433
8942,2026-08-12,0.0065536327,0.027189486,0.0154540595,0.016191155,0.42404446
3363,2026-08-12,0.0134146,-0.09629046,0.03292023,0.045125157,0.40747568
8048,2026-08-12,0.0067116152,-0.12767942,0.016487373,0.017871283,0.40705138
3686,2026-08-12,0.008391916,-0.009813673,0.02080386,0.022265727,0.40336326
8131,2026-08-12,0.006669204,-0.05731647,0.016746802,0.01934728,0.39821368
4754,2026-08-12,0.006104542,-0.09245894,0.015406569,0.018363306,0.3962041
7803,2026-08-12,0.006685747,-0.03489075,0.018097004,0.01789814,0.369419
3191,2026-08-12,0.0048322706,0.017288426,0.013183494,0.018176937,0.36651164
9911,2026-08-12,0.00500262,0.01259088,0.014334144,0.017606935,0.34897593
8027,2026-08-12,0.009075074,-0.10581042,0.026179582,0.026032647,0.3466338
5534,2026-08-12,0.008435829,0.06885832,0.024569316,0.025921041,0.34333414
6590,2026-08-12,0.004133208,-0.071449056,0.0120543735,0.017940296,0.34285194
8938,2026-08-12,0.006251302,-0.03236111,0.018431598,0.021547936,0.33914384
2548,2026-08-12,0.007712635,0.034095448,0.024820698,0.031127656,0.3107215
8422,2026-08-12,0.008950618,-0.09710086,0.029093353,0.029902242,0.30764106
2542,2026-08-12,0.010536682,0.06599436,0.035201292,0.037357885,0.29931808
2428,2026-08-12,0.0032930572,-0.035848778,0.011354934,0.012606441,0.28998557
2845,2026-08-12,0.0043944065,0.03942465,0.0152247455,0.014380866,0.28861684
3530,2026-08-12,0.004248202,-0.042988382,0.015096298,0.01994884,0.28138822
2233,2026-08-12,0.0043844325,-0.12162582,0.015940804,0.023608737,0.27502736
8410,2026-08-12,0.0040247547,-0.04874331,0.014784006,0.017206848,0.27221867
3349,2026-08-12,0.0050436794,0.0367609,0.01858025,0.017626025,0.27143916
3324,2026-08-12,0.0036730608,-0.063339844,0.01397421,0.0144595755,0.26282686
6874,2026-08-12,0.0038536603,-0.08445032,0.015208058,0.01690399,0.2533793
3481,2026-08-12,0.005235863,-0.09197882,0.020738566,0.027813418,0.25245768
6257,2026-08-12,0.0036849943,-0.05800028,0.014737361,0.019730734,0.25002742
3034,2026-08-12,0.0048217904,-0.031025378,0.019981442,0.021111995,0.24130136
7750,2026-08-12,0.002151006,-0.061823767,0.009068526,0.011372708,0.23716849
6727,2026-08-12,0.005746318,-0.019418659,0.024281511,0.02356917,0.23664431
2482,2026-08-12,0.0032019198,-0.03293996,0.0135520995,0.01681677,0.23625
8201,2026-08-12,0.0020100346,-0.03557844,0.009005987,0.010361662,0.22316392
8049,2026-08-12,0.0029707302,-0.030674227,0.0136063,0.016598757,0.21831886
4551,2026-08-12,0.0035521025,-0.038927738,0.017046155,0.016931646,0.20836921
1708,2026-08-12,0.0029344214,-0.0071551474,0.014587234,0.016301967,0.20114987
6180,2026-08-12,0.0024461553,-0.002614746,0.012614209,0.016651655,0.19390525
2606,2026-08-12,0.0028200438,0.038462322,0.01506528,0.013750403,0.18717586
3546,2026-08-12,0.0028698256,-0.06050471,0.015426169,0.015123695,0.18602411
5299,2026-08-12,0.0034997766,-0.049698137,0.0189384,0.018431576,0.18478814
6175,2026-08-12,0.0025128317,-0.05564006,0.014271087,0.015411891,0.17606616
3703,2026-08-12,0.0022123656,0.031042598,0.013178717,0.013308941,0.16786139
8923,2026-08-12,0.0022608659,-0.039536763,0.014120699,0.015455606,0.16009872
6924,2026-08-12,0.0034853953,-0.037932206,0.02267346,0.027316554,0.1537146
4417,2026-08-12,0.0021851151,-0.0115292715,0.015085765,0.013333377,0.14483656
1307,2026-08-12,0.0018111246,-0.008843114,0.013319494,0.015081064,0.13596527
6579,2026-08-12,0.0027065375,-0.07310413,0.020043848,0.019567767,0.1350241
2427,2026-08-12,0.0020684858,-0.053768143,0.017488105,0.016972069,0.11827282
3432,2026-08-12,0.0016233536,-0.04212477,0.015251441,0.022056844,0.10643238
6708,2026-08-12,0.0015416433,-0.036819372,0.014780638,0.01764141,0.10429448
3702,2026-08-12,0.0015632071,-0.017622752,0.015098817,0.015676552,0.10352491
3522,2026-08-12,0.0008944305,-0.019955674,0.012660059,0.014736415,0.07064421
2357,2026-08-12,0.00085811375,-0.02736458,0.014608629,0.016511476,0.058736175
7713,2026-08-12,0.0004521589,-0.055320162,0.009636311,0.013279628,0.04691754
8114,2026-08-12,0.0007501015,-0.070485026,0.018221948,0.017047606,0.04116247
5493,2026-08-12,0.00045389993,-0.08965861,0.011848536,0.018162929,0.03830529
7819,2026-08-12,0.0007634173,-0.12724301,0.02007001,0.017588831,0.038035817
6613,2026-08-12,0.0002851203,-0.025907783,0.013264196,0.015237022,0.021493863
2485,2026-08-12,0.0006032031,-0.098500915,0.036277786,0.039079245,0.016626883
3615,2026-08-12,0.00033301936,-0.060982425,0.021355743,0.026083712,0.015593172
4502,2026-08-12,0.00010880269,-0.0023818635,0.0117844865,0.013766205,0.009231921
7827,2026-08-12,9.2937924e-05,-0.0007661235,0.011880176,0.014503744,0.007822283
5009,2026-08-12,5.3488027e-05,-0.012386756,0.012977496,0.017192662,0.0041212807
3528,2026-08-12,-0.00011481233,-0.062154196,0.014723714,0.015702052,-0.007797253
5522,2026-08-12,-0.00017888943,-0.0033543385,0.014325336,0.01584583,-0.012486754
6194,2026-08-12,-0.00033907997,-0.09627721,0.011491938,0.013913899,-0.029503332
5016,2026-08-12,-0.00045092913,0.0013223917,0.014369539,0.01573748,-0.03137872
4183,2026-08-12,-0.00045822357,-0.06083881,0.014513517,0.014690227,-0.031570017
3455,2026-08-12,-0.0009803176,-0.14069505,0.02537831,0.024512956,-0.038626645
6103,2026-08-12,-0.0010213624,-0.06159536,0.016792594,0.017833408,-0.06081857
1806,2026-08-12,-0.0009793747,-0.008141117,0.01320412,0.013848996,-0.07416629
5228,2026-08-12,-0.0011419925,-0.062822774,0.012968322,0.015644567,-0.08805337
2509,2026-08-12,-0.0015397059,-0.02412639,0.015369319,0.01849693,-0.100173965
3305,2026-08-12,-0.0021470091,-0.106795214,0.021373557,0.02306633,-0.100446954
6246,2026-08-12,-0.0028717583,-0.05782393,0.028487168,0.040883683,-0.1008053
3272,2026-08-12,-0.0018926318,-0.073659495,0.014681039,0.015454939,-0.12890796
1906,2026-08-12,-0.0020592571,0.04954853,0.015120855,0.017742326,-0.13617755
7782,2026-08-12,-0.0021820313,-0.12240243,0.0154563645,0.021874623,-0.14116451
6690,2026-08-12,-0.0017584971,-0.083669946,0.011707391,0.016479801,-0.15019119
1340,2026-08-12,-0.0026592533,-0.02740196,0.016886314,0.02107948,-0.15747046
4532,2026-08-12,-0.002270551,-0.021508511,0.01417917,0.016053751,-0.16012156
3516,2026-08-12,-0.0027505313,-0.026146142,0.013551375,0.017811837,-0.20295566
6419,2026-08-12,-0.003789081,-0.15520452,0.018641863,0.018796043,-0.20324565
4167,2026-08-12,-0.0027642762,-0.045836974,0.013052343,0.015334138,-0.21176767
2344,2026-08-12,-0.004584084,-0.09268131,0.02135057,0.024609273,-0.2146954
2301,2026-08-12,-0.003586512,-0.021749223,0.016695997,0.019033132,-0.21479982
6506,2026-08-12,-0.0024920665,-0.031127485,0.011360041,0.015321785,-0.21935195
3028,2026-08-12,-0.0037331297,-0.06825383,0.016434101,0.014926871,-0.22714369
9941,2026-08-12,-0.0026659488,0.022453904,0.011556163,0.015898839,-0.23067501
6715,2026-08-12,-0.0039091865,-0.03551857,0.01687354,0.019631635,-0.2316618
2354,2026-08-12,-0.002938435,0.019612852,0.012405535,0.0142508475,-0.23684573
5704,2026-08-12,-0.0026190646,-0.008876273,0.010537721,0.014182498,-0.24851826
2892,2026-08-12,-0.004174152,-0.013450074,0.01666876,0.01942748,-0.25040266
3587,2026-08-12,-0.0043251673,-0.13306366,0.016475828,0.025973005,-0.2625
6830,2026-08-12,-0.0083352905,-0.15415363,0.031224513,0.036868334,-0.26693845
5203,2026-08-12,-0.003924482,-0.090949915,0.014600977,0.019520735,-0.26876375
3357,2026-08-12,-0.004359104,-0.12221709,0.015851634,0.015583878,-0.27497664
2504,2026-08-12,-0.0046297614,0.0048441845,0.016767733,0.0155631425,-0.27609488
8358,2026-08-12,-0.0091178855,-0.08647404,0.031306993,0.031654887,-0.2912319
6240,2026-08-12,-0.00704419,-0.02586902,0.023720467,0.02225019,-0.2969542
4974,2026-08-12,-0.0036546444,-0.0515183,0.011865317,0.014558876,-0.3079847
3583,2026-08-12,-0.0037215648,-0.029968973,0.011485638,0.011256898,-0.32399076
4102,2026-08-12,-0.003455038,0.015764497,0.010613077,0.013635847,-0.32551467
1402,2026-08-12,-0.0047091376,0.00083115284,0.013861837,0.016557092,-0.3396951
1590,2026-08-12,-0.004245415,-0.0092426045,0.012168752,0.009436089,-0.34884974
3078,2026-08-12,-0.0063922005,-0.07294089,0.018236872,0.019234454,-0.35049048
4720,2026-08-12,-0.006193622,-0.11260798,0.017543633,0.017189192,-0.3530209
2375,2026-08-12,-0.007379063,-0.14299272,0.020510256,0.02726426,-0.35975674
8032,2026-08-12,-0.005454175,-0.030928476,0.015063166,0.018818306,-0.36206287
6722,2026-08-12,-0.00539446,-0.032042604,0.014433385,0.017407114,-0.37372288
1810,2026-08-12,-0.010481554,-0.24979743,0.027688606,0.038917676,-0.3785375
2739,2026-08-12,-0.0057475683,-0.0644999,0.014676405,0.018034965,-0.39159295
4138,2026-08-12,-0.004818661,-0.04382677,0.012162397,0.015856441,-0.3961608
8042,2026-08-12,-0.010472555,-0.10448139,0.02595289,0.031738456,-0.40350616
3081,2026-08-12,-0.0066851284,-0.0803886,0.016460642,0.022586009,-0.40610337
6208,2026-08-12,-0.004547688,-0.077992864,0.01118774,0.014711583,-0.4064522
4116,2026-08-12,-0.0041267704,-0.039313626,0.009944527,0.015160195,-0.41493732
4568,2026-08-12,-0.0060872776,-0.049060505,0.014665179,0.017335162,-0.41505545
5905,2026-08-12,-0.009176719,-0.00065145193,0.021765787,0.020327015,-0.4215927
4433,2026-08-12,-0.008415322,-0.08516109,0.019719463,0.019262895,-0.42673042
6016,2026-08-12,-0.007047102,0.010133852,0.01570766,0.01884821,-0.4486125
7751,2026-08-12,-0.00603762,-0.061575945,0.013246816,0.015212546,-0.45574456
6730,2026-08-12,-0.007804043,-0.044682495,0.016782217,0.017269617,-0.46499088
6242,2026-08-12,-0.0058153896,-0.06508785,0.012385742,0.015992967,-0.46948498
2440,2026-08-12,-0.006427892,-0.076597005,0.013596805,0.014970447,-0.4727154
2367,2026-08-12,-0.011574779,-0.06350797,0.0238814,0.025929682,-0.48465726
8109,2026-08-12,-0.0071992665,-0.047512818,0.014761481,0.01532954,-0.4876732
2949,2026-08-12,-0.006561618,-0.02294568,0.013102108,0.012496271,-0.50076807
6887,2026-08-12,-0.0074064136,-0.020751672,0.014696973,0.01880145,-0.50390714
4772,2026-08-12,-0.0063683926,-0.14337428,0.012276182,0.01985148,-0.51871777
6640,2026-08-12,-0.009605289,-0.0773754,0.017528418,0.023561701,-0.54795253
4916,2026-08-12,-0.011581445,-0.09265148,0.020954907,0.017925667,-0.5526578
4401,2026-08-12,-0.007216155,-0.053344116,0.013000425,0.017330743,-0.555028
1218,2026-08-12,-0.0075802156,-0.028720831,0.0134732695,0.014123011,-0.5625697
6859,2026-08-12,-0.007845391,-0.06970365,0.013842045,0.012094742,-0.5667388
2206,2026-08-12,-0.006690621,0.022378901,0.0117778275,0.011375849,-0.56802094
6910,2026-08-12,-0.011560347,-0.097621046,0.019791625,0.020611892,-0.5840734
3288,2026-08-12,-0.010539975,-0.08545049,0.0178036,0.019315224,-0.59198046
3563,2026-08-12,-0.008528035,-0.053761266,0.01439486,0.014011438,-0.59239495
1240,2026-08-12,-0.009914077,-0.035676416,0.016577132,0.01949391,-0.5980213
5269,2026-08-12,-0.006388855,-0.080667086,0.010627483,0.015200116,-0.60110694
3515,2026-08-12,-0.0061957003,-0.06582514,0.010296788,0.013107378,-0.6016535
6821,2026-08-12,-0.012521216,-0.09924455,0.020808564,0.02514749,-0.60170484
4942,2026-08-12,-0.008093163,-0.025415245,0.013411,0.014781396,-0.603427
1760,2026-08-12,-0.0068547586,-0.005969716,0.011292385,0.016591381,-0.60697114
4952,2026-08-12,-0.009790181,-0.05858326,0.015989061,0.017853154,-0.61226666
6271,2026-08-12,-0.011123207,-0.11209677,0.01803023,0.023676464,-0.61688566
4173,2026-08-12,-0.008615979,-0.060327075,0.013577451,0.0131770335,-0.6345333
6212,2026-08-12,-0.0138519285,-0.014977081,0.021487804,0.022225069,-0.6446114
3390,2026-08-12,-0.007939828,-0.07658081,0.012201578,0.01432611,-0.650668
6643,2026-08-12,-0.017988233,-0.1111958,0.027234748,0.0310187,-0.66046405
8367,2026-08-12,-0.009881796,-0.041113056,0.014769883,0.016050467,-0.6690051
9929,2026-08-12,-0.009290636,-0.029630434,0.0135898,0.014522779,-0.6835974
6219,2026-08-12,-0.014209209,0.033969756,0.020585919,0.028365217,-0.6902057
4908,2026-08-12,-0.016945796,-0.14403334,0.023864584,0.027178284,-0.7100516
6127,2026-08-12,-0.012163445,-0.10996277,0.017090935,0.019279154,-0.7116482
1795,2026-08-12,-0.013044352,-0.049901407,0.01795548,0.020113349,-0.7264426
2596,2026-08-12,-0.015415757,-0.025433222,0.021019895,0.019661369,-0.733354
3691,2026-08-12,-0.010663036,-0.1775541,0.01450762,0.024069604,-0.7349449
8111,2026-08-12,-0.020643473,-0.10414955,0.027731702,0.03511403,-0.7443729
3653,2026-08-12,-0.0093707545,-0.014521417,0.012558641,0.01171971,-0.7461005
1709,2026-08-12,-0.016372733,-0.01351374,0.021120254,0.018256377,-0.7751781
4960,2026-08-12,-0.012871239,-0.1350717,0.016262734,0.020974362,-0.79140735
8466,2026-08-12,-0.017103978,-0.016859077,0.021548618,0.023749305,-0.7937021
1776,2026-08-12,-0.011214724,-0.03613599,0.013745289,0.016438669,-0.8158364
4771,2026-08-12,-0.011676299,-0.061691478,0.013994725,0.014437351,-0.8342761
1540,2026-08-12,-0.011307781,-0.062330756,0.013514918,0.017789895,-0.8366269
1514,2026-08-12,-0.012841735,-0.06590029,0.015005757,0.017543593,-0.8557302
2640,2026-08-12,-0.01104742,-0.07189544,0.012839929,0.016358681,-0.8603287
6411,2026-08-12,-0.011047397,-0.054915026,0.012827028,0.013475947,-0.86119217
2472,2026-08-12,-0.01222025,-0.085711695,0.013882629,0.01822666,-0.8801914
2243,2026-08-12,-0.017491221,0.028141761,0.019822547,0.022239225,-0.8823457
3236,2026-08-12,-0.013866671,-0.109294035,0.015668595,0.024004018,-0.8849412
1304,2026-08-12,-0.014425439,-0.061295208,0.016223941,0.016445855,-0.88909036
5514,2026-08-12,-0.020017883,-0.039945927,0.022411292,0.02326424,-0.89316535
2429,2026-08-12,-0.019200154,-0.07951819,0.021473885,0.019962609,-0.8940748
2401,2026-08-12,-0.011733363,-0.07838915,0.013077968,0.01778889,-0.8971169
5344,2026-08-12,-0.013975879,-0.07718337,0.015497092,0.020125525,-0.9017806
6179,2026-08-12,-0.017934939,-0.08821764,0.019839332,0.02138564,-0.9039637
6142,2026-08-12,-0.013788174,-5.4250162e-05,0.015187065,0.018826459,-0.9078295
2926,2026-08-12,-0.011826372,-0.060552977,0.013015219,0.014994914,-0.90858734
8080,2026-08-12,-0.014054138,0.008429761,0.015451571,0.014207341,-0.9095016
4188,2026-08-12,-0.016648635,-0.037783645,0.018153943,0.015990078,-0.9170304
1802,2026-08-12,-0.020320652,-0.043310557,0.021955984,0.026566807,-0.92547554
6123,2026-08-12,-0.011309992,-0.050175034,0.012137949,0.01431732,-0.93171096
7711,2026-08-12,-0.0126543045,-0.1172824,0.01356798,0.019181991,-0.93259066
7821,2026-08-12,-0.01508078,-0.06709822,0.016009726,0.013475515,-0.9419173
2351,2026-08-12,-0.014186617,-0.10048922,0.015027223,0.021242246,-0.9439983
6574,2026-08-12,-0.01254949,-0.093020424,0.013247184,0.0138169285,-0.9472611
8424,2026-08-12,-0.030544583,-0.10127232,0.031956423,0.036726538,-0.95579
2948,2026-08-12,-0.019033225,-0.04946922,0.019875417,0.024237068,-0.9575783
9960,2026-08-12,-0.014135899,-0.07807259,0.014679423,0.017097808,-0.96290815
1570,2026-08-12,-0.012512901,-0.079527356,0.0129016,0.015439359,-0.9697968
5483,2026-08-12,-0.018158846,-0.1540258,0.0186285,0.018553048,-0.97473603
2947,2026-08-12,-0.009918286,-0.046157863,0.010118786,0.013047765,-0.98008853
8444,2026-08-12,-0.018995177,0.028808014,0.019109339,0.019207554,-0.99397385
8423,2026-08-12,-0.011123647,-0.061960306,0.011025379,0.012887225,-1.0088214
6136,2026-08-12,-0.014805936,-0.037934925,0.014637336,0.015247122,-1.0114493
3311,2026-08-12,-0.012229375,-0.06747966,0.012021134,0.01277756,-1.0172383
2408,2026-08-12,-0.02315588,-0.12579505,0.022538159,0.018163659,-1.0273621
1220,2026-08-12,-0.016305743,0.004935448,0.01581131,0.01666736,-1.0312057
1626,2026-08-12,-0.014116105,-0.02676285,0.0136384135,0.015985094,-1.0349495
2820,2026-08-12,-0.010330576,0.042618003,0.009967354,0.008970656,-1.0363373
6873,2026-08-12,-0.025069026,-0.093024746,0.024059981,0.024071196,-1.0418954
3162,2026-08-12,-0.018795373,-0.086576305,0.01765323,0.0230964,-1.0646385
2390,2026-08-12,-0.01568466,-0.04767382,0.014653722,0.016581248,-1.0702803
2615,2026-08-12,-0.017961232,-0.04284731,0.016628392,0.015735764,-1.0800894
9949,2026-08-12,-0.0176593,-0.09584675,0.015931653,0.014390901,-1.1083715
6561,2026-08-12,-0.015759934,-0.049875554,0.014152799,0.013864006,-1.1134772
8067,2026-08-12,-0.01921977,-0.05314477,0.01708835,0.01912816,-1.1246636
2434,2026-08-12,-0.025792655,-0.069832325,0.022781253,0.025454957,-1.132138
4707,2026-08-12,-0.03478078,-0.1697546,0.030492295,0.03396109,-1.1406043
4120,2026-08-12,-0.01656596,-0.04403519,0.014521387,0.015800633,-1.1407187
1437,2026-08-12,-0.0152609525,-0.0035120952,0.013337257,0.012758533,-1.1441488
6944,2026-08-12,-0.019080438,-0.11992927,0.016615495,0.014897771,-1.1482829
1210,2026-08-12,-0.013997803,0.01951422,0.012155853,0.014782577,-1.1514331
3306,2026-08-12,-0.01729128,-0.08062976,0.015003089,0.019307086,-1.1524378
8437,2026-08-12,-0.02167129,-0.06189065,0.01871106,0.01606041,-1.1581455
5276,2026-08-12,-0.015814835,-0.023909828,0.013608514,0.011750555,-1.1620426
6482,2026-08-12,-0.016726667,-0.107325345,0.014301098,0.02075239,-1.1695254
3221,2026-08-12,-0.033342574,-0.14250325,0.028433371,0.0345864,-1.1726152
6782,2026-08-12,-0.012161429,-0.05890778,0.010222683,0.011632773,-1.189535
3372,2026-08-12,-0.012604168,-0.039656114,0.0104858065,0.011099867,-1.2019072
1103,2026-08-12,-0.017187195,0.012028416,0.014281133,0.013584519,-1.2034053
3229,2026-08-12,-0.02482557,-0.049943905,0.020622611,0.023418095,-1.203745
2025,2026-08-12,-0.01946598,0.01082353,0.016108042,0.020241251,-1.2083884
1301,2026-08-12,-0.015414283,-0.08713027,0.012572752,0.014887549,-1.2259095
2712,2026-08-12,-0.015536696,-0.03346616,0.012612152,0.014993478,-1.2317853
3150,2026-08-12,-0.023872446,-0.055324364,0.019351447,0.023267996,-1.2335621
2897,2026-08-12,-0.016816178,0.053823393,0.013625644,0.014935105,-1.234066
4767,2026-08-12,-0.020442516,-0.054126516,0.016403824,0.017902456,-1.2461283
4534,2026-08-12,-0.021095151,-0.051198926,0.016873468,0.018856557,-1.2501224
6674,2026-08-12,-0.018695591,-0.039796107,0.014894778,0.017594852,-1.2550933
2105,2026-08-12,-0.016688649,0.0026675076,0.013192968,0.010257656,-1.2648695
4755,2026-08-12,-0.015977634,-0.0781092,0.012618563,0.0141646825,-1.2661004
5324,2026-08-12,-0.021501409,0.00926132,0.016939428,0.01802129,-1.2692364
6222,2026-08-12,-0.020416986,-0.045091845,0.016039552,0.022676732,-1.2728356
1445,2026-08-12,-0.018869098,-0.05441842,0.01481069,0.017216232,-1.2739328
2453,2026-08-12,-0.018746376,-0.08683843,0.014714102,0.019401534,-1.2739549
6239,2026-08-12,-0.020669302,-0.12432076,0.016213259,0.020050168,-1.2747608
6684,2026-08-12,-0.023037942,-0.06749308,0.018042559,0.017280936,-1.2767959
2013,2026-08-12,-0.021575129,-0.05947648,0.016457623,0.015760679,-1.3108708
6625,2026-08-12,-0.019484917,-0.037459325,0.014790491,0.015630709,-1.3173058
2732,2026-08-12,-0.014436955,-0.046854153,0.010899977,0.012299023,-1.3243725
2506,2026-08-12,-0.034296807,-0.02970812,0.025678748,0.028712954,-1.3355585
6811,2026-08-12,-0.016331086,-0.052016694,0.012196455,0.015040683,-1.3388928
6861,2026-08-12,-0.026033184,-0.20532602,0.019368196,0.019585347,-1.3440508
1533,2026-08-12,-0.017639441,-0.02833088,0.013101932,0.015651057,-1.346221
6592,2026-08-12,-0.021029016,0.009368312,0.015461723,0.015917193,-1.3599814
6703,2026-08-12,-0.018680807,-0.08477657,0.013728168,0.016731521,-1.3606657
3035,2026-08-12,-0.031662498,-0.03749318,0.023196727,0.03026158,-1.3648965
8450,2026-08-12,-0.0255999,-0.09843361,0.018725442,0.017582366,-1.3670456
6790,2026-08-12,-0.022817407,-0.0036085632,0.016655857,0.015011225,-1.3698506
2836,2026-08-12,-0.019576002,0.03266494,0.014245635,0.01185998,-1.374079
2734,2026-08-12,-0.021485649,-0.055905767,0.015606307,0.0128223635,-1.3766403
2867,2026-08-12,-0.01745708,0.0049186116,0.012620013,0.017102802,-1.3831757
8401,2026-08-12,-0.019654287,-0.0721528,0.014154836,0.018623415,-1.388423
3031,2026-08-12,-0.020907497,-0.10608551,0.015050664,0.020111116,-1.3890489
5243,2026-08-12,-0.022235895,-0.113246664,0.015961872,0.018178664,-1.3929758
9939,2026-08-12,-0.02607247,-0.013384714,0.01862725,0.02105673,-1.3996199
6020,2026-08-12,-0.035493553,-0.006644394,0.025317876,0.023169763,-1.4018613
1558,2026-08-12,-0.0171614,-0.05042205,0.012233298,0.0139052635,-1.4027284
2323,2026-08-12,-0.025879733,-0.06635073,0.018379584,0.027351683,-1.407993
8940,2026-08-12,-0.01560715,-0.06695108,0.011048861,0.011376093,-1.4124296
1617,2026-08-12,-0.030642604,-0.016475411,0.021665817,0.022998722,-1.4142642
2748,2026-08-12,-0.01759452,-0.05288462,0.01243448,0.013239891,-1.4148645
2430,2026-08-12,-0.020923771,-0.08107446,0.014742559,0.015015994,-1.4191805
3158,2026-08-12,-0.020543179,-0.08091702,0.01438251,0.016737193,-1.4282451
3707,2026-08-12,-0.024499604,-0.13162489,0.016968312,0.01950907,-1.4437594
4905,2026-08-12,-0.021383503,-0.12099636,0.014805406,0.016681109,-1.4442061
2915,2026-08-12,-0.016867733,0.0090965545,0.011377028,0.014535312,-1.4824829
8240,2026-08-12,-0.023702234,-0.10444234,0.015985046,0.016272727,-1.4826827
4999,2026-08-12,-0.016966332,-0.08922259,0.0112566445,0.015201202,-1.5070943
8070,2026-08-12,-0.022385972,-0.023079617,0.014703732,0.012893525,-1.5223651
5312,2026-08-12,-0.023187382,-0.09176924,0.015090203,0.017273406,-1.5364833
2736,2026-08-12,-0.02159776,-0.028899403,0.013978321,0.017655067,-1.5449791
3645,2026-08-12,-0.021434689,-0.12698932,0.0138627505,0.016674118,-1.546096
6202,2026-08-12,-0.028547937,-0.08477586,0.018296516,0.022057982,-1.5602083
2891,2026-08-12,-0.026128313,0.008648512,0.016732605,0.015699694,-1.5614276
8076,2026-08-12,-0.027346011,-0.07431169,0.017358346,0.017922577,-1.5752904
6472,2026-08-12,-0.026989086,-0.08567962,0.017089782,0.016817288,-1.5791603
8163,2026-08-12,-0.018404137,-0.004918633,0.011585798,0.013300155,-1.5883713
4584,2026-08-12,-0.026448011,-0.05585243,0.016642854,0.01550712,-1.5890558
2432,2026-08-12,-0.025449522,-0.07034376,0.016012933,0.01640711,-1.5892112
2883,2026-08-12,-0.023402695,-0.021027656,0.014712116,0.017709384,-1.5906008
8155,2026-08-12,-0.02920516,-0.12439613,0.018358633,0.019986182,-1.5907267
1707,2026-08-12,-0.023550415,-0.06826261,0.014712139,0.014226573,-1.6006384
1313,2026-08-12,-0.020819454,-0.0583578,0.012967548,0.014357944,-1.6053804
3232,2026-08-12,-0.019576175,-0.07258484,0.012183935,0.013148942,-1.6065884
6207,2026-08-12,-0.049297497,-0.11164713,0.030535053,0.03450991,-1.614403
3050,2026-08-12,-0.033083394,-0.058349915,0.02047223,0.018008517,-1.6159343
8499,2026-08-12,-0.04055523,-0.111723185,0.025024792,0.02180024,-1.6205374
3019,2026-08-12,-0.030048976,-0.118846804,0.018529497,0.023543667,-1.6215957
5398,2026-08-12,-0.025588783,-0.10255595,0.01574958,0.016197735,-1.6246248
2247,2026-08-12,-0.018699298,-0.021199584,0.011493127,0.013696283,-1.6268567
3430,2026-08-12,-0.028803404,-0.14903335,0.017470695,0.020240942,-1.6485753
7744,2026-08-12,-0.024165846,-0.134965,0.0145476395,0.018460002,-1.6610382
5351,2026-08-12,-0.029269593,-0.11457523,0.017374488,0.021246295,-1.6845336
1733,2026-08-12,-0.022597853,-0.05165281,0.013411974,0.014298049,-1.6847757
1815,2026-08-12,-0.029284064,-0.10465364,0.017380023,0.019632157,-1.6848296
8936,2026-08-12,-0.026851164,-0.07406176,0.015814409,0.018718103,-1.697785
3588,2026-08-12,-0.033059217,-0.12691191,0.019419933,0.024051845,-1.7022465
2211,2026-08-12,-0.021383584,-0.003079232,0.012506015,0.012380074,-1.7097272
6552,2026-08-12,-0.03388749,-0.11706282,0.019790415,0.023649119,-1.7122319
6415,2026-08-12,-0.029565874,-0.073970675,0.017243262,0.017698769,-1.714534
5425,2026-08-12,-0.039960433,-0.10867551,0.023289595,0.026573082,-1.7157326
6581,2026-08-12,-0.0228466,-0.05716943,0.013291658,0.016934292,-1.7187382
5452,2026-08-12,-0.019979704,-0.12260506,0.011608869,0.014130101,-1.7209241
9906,2026-08-12,-0.031426348,-0.05254082,0.018115245,0.021470847,-1.7347053
7757,2026-08-12,-0.03250985,-0.08202173,0.01873467,0.016818592,-1.7351848
3171,2026-08-12,-0.022290941,-0.07760152,0.012742598,0.01627295,-1.7491875
6470,2026-08-12,-0.022820843,-0.066712886,0.013029586,0.013638063,-1.7513291
2415,2026-08-12,-0.02469937,-0.0067187217,0.0140721025,0.013047967,-1.7550763
2496,2026-08-12,-0.02893039,-0.038370904,0.01645321,0.017292324,-1.7582363
6914,2026-08-12,-0.023615418,-0.05433533,0.013384651,0.0151856495,-1.7642337
4558,2026-08-12,-0.023367846,-0.050794467,0.013226849,0.014961145,-1.7665642
5210,2026-08-12,-0.02031707,-0.014674553,0.011481856,0.013948213,-1.7693394
2762,2026-08-12,-0.03594668,-0.04248177,0.020256074,0.020887263,-1.7745247
4503,2026-08-12,-0.026705293,-0.12626429,0.015036745,0.01715511,-1.7758842
2349,2026-08-12,-0.02388628,-0.11500598,0.013432036,0.019745596,-1.7781743
3167,2026-08-12,-0.029251797,-0.057403013,0.016441848,0.019817244,-1.7789981
3188,2026-08-12,-0.034970272,-0.043128934,0.019652054,0.022347106,-1.779381
6835,2026-08-12,-0.026607003,-0.087563746,0.01492116,0.016307354,-1.783053
2634,2026-08-12,-0.03204783,-0.06160813,0.017955886,0.021308128,-1.7847098
2419,2026-08-12,-0.0232038,-0.09183428,0.012946322,0.016556798,-1.7921698
1907,2026-08-12,-0.025299108,0.0062879375,0.014059453,0.026382128,-1.7993095
3362,2026-08-12,-0.04160816,-0.10075077,0.023097211,0.021137297,-1.8013585
5223,2026-08-12,-0.026289506,-0.06112601,0.014480677,0.01700639,-1.8153633
6692,2026-08-12,-0.028007573,-0.09729489,0.015383833,0.021243226,-1.8204664
6185,2026-08-12,-0.027862836,-0.09074035,0.015241021,0.01578602,-1.8280276
4938,2026-08-12,-0.028527644,-0.048624165,0.01558856,0.018036162,-1.8299197
6120,2026-08-12,-0.035714675,-0.086543575,0.019505767,0.019485252,-1.8308864
1608,2026-08-12,-0.02442463,0.0149589265,0.013313504,0.019637918,-1.8344377
2399,2026-08-12,-0.03671797,-0.07961655,0.019996442,0.02050647,-1.8361334
6732,2026-08-12,-0.030638905,-0.17244014,0.016631363,0.020591866,-1.8421258
6531,2026-08-12,-0.024628,-0.062432688,0.01324742,0.015101404,-1.8589386
5511,2026-08-12,-0.048842095,-0.040962756,0.026145458,0.03447299,-1.8680196
4528,2026-08-12,-0.02518423,-0.10181379,0.013438701,0.012833846,-1.8738683
3484,2026-08-12,-0.031506393,-0.04788766,0.016789421,0.020079592,-1.8764504
6241,2026-08-12,-0.030471552,-0.0005797554,0.016226158,0.021172144,-1.877812
3605,2026-08-12,-0.02401768,-0.057613526,0.012657132,0.01841133,-1.8974111
2204,2026-08-12,-0.018414857,-0.012291032,0.009686356,0.012484676,-1.9009166
2342,2026-08-12,-0.03456303,-0.15865345,0.018168682,0.022838203,-1.9022363
3265,2026-08-12,-0.030159974,-0.12139135,0.015806016,0.023604557,-1.9080119
6969,2026-08-12,-0.04045194,-0.09131823,0.021027002,0.02763486,-1.9237176
2608,2026-08-12,-0.020699795,-0.012007168,0.010724199,0.012750378,-1.930015
2332,2026-08-12,-0.033141963,-0.12826946,0.017152403,0.021700585,-1.9320927
3152,2026-08-12,-0.035867985,-0.21214212,0.018490657,0.020469163,-1.9396847
6206,2026-08-12,-0.033134606,-0.044829067,0.01707285,0.02291902,-1.9406638
2916,2026-08-12,-0.034306504,-0.060873408,0.017635716,0.023898907,-1.9451753
8038,2026-08-12,-0.025888357,-0.095503554,0.013291274,0.012800666,-1.9476243
3556,2026-08-12,-0.03280319,-0.074991114,0.01678882,0.024235383,-1.9537547
6228,2026-08-12,-0.026324239,-0.08657684,0.01343096,0.017401323,-1.9598211
5438,2026-08-12,-0.032542076,-0.083807446,0.016597528,0.02020677,-1.9605398
1413,2026-08-12,-0.023294961,-0.030746544,0.011842782,0.014040061,-1.9668516
4972,2026-08-12,-0.03194467,-0.09353342,0.01622039,0.02237357,-1.9692929
6645,2026-08-12,-0.027140336,-0.006932299,0.013756435,0.014899977,-1.9727758
3532,2026-08-12,-0.034624614,-0.06769611,0.017431265,0.017118316,-1.9862373
8088,2026-08-12,-0.036076378,-0.11968723,0.018073672,0.020747745,-1.995963
6124,2026-08-12,-0.021823669,0.0034342632,0.010932185,0.015870119,-1.9960943
5328,2026-08-12,-0.038678233,-0.10918879,0.019278716,0.023308061,-2.006162
9933,2026-08-12,-0.0352885,0.012316876,0.017572576,0.018453857,-2.0080433
9962,2026-08-12,-0.02508196,-0.03871892,0.012386114,0.013976419,-2.0248427
2801,2026-08-12,-0.037067913,-0.06033309,0.018258754,0.019221103,-2.0300333
2701,2026-08-12,-0.024523232,-0.031161813,0.011877175,0.011778493,-2.064562
3059,2026-08-12,-0.029430699,-0.031514954,0.014229922,0.015058013,-2.068081
2612,2026-08-12,-0.028581006,-0.059571456,0.013807923,0.016684396,-2.069749
4108,2026-08-12,-0.029785478,-0.063197784,0.01433029,0.015014611,-2.078353
2812,2026-08-12,-0.029678043,0.010799853,0.014272019,0.017912947,-2.0793107
3038,2026-08-12,-0.035423703,-0.050225597,0.016935227,0.018547224,-2.0915935
2069,2026-08-12,-0.041206915,-0.049317166,0.019695498,0.017335108,-2.0920935
8442,2026-08-12,-0.04817412,-0.085393235,0.02282685,0.023954907,-2.1103222
6155,2026-08-12,-0.036073547,-0.11920013,0.017026914,0.01678585,-2.1184947
6425,2026-08-12,-0.04607846,-0.17928657,0.021712692,0.025657153,-2.1220922
6902,2026-08-12,-0.047146823,-0.08894115,0.022190675,0.023916442,-2.1245275
5460,2026-08-12,-0.029724969,-0.114805944,0.013940682,0.019694565,-2.1320934
4590,2026-08-12,-0.05563407,-0.051623184,0.02601919,0.027500363,-2.1381116
5457,2026-08-12,-0.047763173,-0.07726355,0.022330593,0.028243024,-2.138816
8097,2026-08-12,-0.031578016,-0.044270866,0.014737389,0.012947537,-2.142569
3492,2026-08-12,-0.021213675,-0.06416146,0.009891396,0.012381305,-2.1444423
3597,2026-08-12,-0.021294864,-0.04191008,0.009925463,0.0118770525,-2.145262
7828,2026-08-12,-0.038884573,-0.086703494,0.018096752,0.021710895,-2.1485858
2495,2026-08-12,-0.027655507,-0.09998978,0.01284736,0.01638596,-2.1524541
4951,2026-08-12,-0.032637507,-0.13989463,0.015117998,0.01880021,-2.1587083
4736,2026-08-12,-0.029852713,-0.050855268,0.013812069,0.0127006555,-2.1611934
1324,2026-08-12,-0.027444769,-0.076705314,0.012635721,0.015529677,-2.1718268
5443,2026-08-12,-0.04874175,-0.14581713,0.022397112,0.023307143,-2.1761544
8182,2026-08-12,-0.037921365,-0.1161859,0.017415285,0.017634325,-2.177351
5548,2026-08-12,-0.050207544,-0.07554663,0.023043491,0.029973708,-2.1787221
9924,2026-08-12,-0.03392971,-0.07584346,0.015529719,0.015365576,-2.1846838
3033,2026-08-12,-0.04958095,-0.081977315,0.022551317,0.026848858,-2.1984859
2109,2026-08-12,-0.040437825,-0.030426173,0.018261269,0.019897508,-2.2142828
3062,2026-08-12,-0.035009507,-0.13102454,0.015803883,0.01993045,-2.215107
4154,2026-08-12,-0.018875735,-0.018897215,0.008510157,0.0137415435,-2.2177637
5484,2026-08-12,-0.03313472,-0.04101376,0.0148404185,0.018724639,-2.2325845
3622,2026-08-12,-0.027442416,-0.06989943,0.012289127,0.014278933,-2.232883
8403,2026-08-12,-0.033857297,-0.09816348,0.015082374,0.017576633,-2.2446766
3257,2026-08-12,-0.035721432,-0.1297536,0.01589987,0.016424697,-2.246508
2706,2026-08-12,-0.024230842,-0.027922358,0.0107775275,0.016702244,-2.248066
2505,2026-08-12,-0.034112275,-0.030221645,0.01516801,0.018338602,-2.2488134
7791,2026-08-12,-0.024391506,-0.06394865,0.010831203,0.016121201,-2.2517583
4554,2026-08-12,-0.023455119,-0.0708401,0.01039259,0.014148567,-2.2566907
3231,2026-08-12,-0.03489376,-0.047623135,0.015442874,0.012478609,-2.2593915
6770,2026-08-12,-0.051300164,-0.10276095,0.022689443,0.022656124,-2.260871
3704,2026-08-12,-0.05746893,-0.052787606,0.02519878,0.027720213,-2.2805328
8103,2026-08-12,-0.045431044,-0.14386971,0.01990196,0.021971632,-2.2826276
8033,2026-08-12,-0.06915242,-0.17983888,0.030093897,0.035576917,-2.2978122
6512,2026-08-12,-0.027490584,-0.08660647,0.011840336,0.012527763,-2.3215778
6577,2026-08-12,-0.031499308,-0.12255778,0.013465622,0.018685846,-2.339065
1752,2026-08-12,-0.029615598,-0.053476993,0.012648938,0.01597536,-2.3411653
6856,2026-08-12,-0.03640927,-0.08012077,0.015540873,0.01996419,-2.3426566
9802,2026-08-12,-0.0705004,-0.07608223,0.03003155,0.023127444,-2.3474665
6756,2026-08-12,-0.029557962,-0.08020819,0.012518454,0.016610485,-2.3609624
6188,2026-08-12,-0.03074956,-0.091973975,0.012966012,0.017298546,-2.3713682
9910,2026-08-12,-0.035656087,-0.013401252,0.014811795,0.012477767,-2.407114
5902,2026-08-12,-0.04239299,-0.06940607,0.01759435,0.01571978,-2.4093292
6117,2026-08-12,-0.034235846,-0.14646019,0.014200734,0.016686058,-2.4106808
6284,2026-08-12,-0.041562922,-0.09859743,0.01713592,0.019881688,-2.4253438
2450,2026-08-12,-0.030128466,-0.05398051,0.012303268,0.015373882,-2.4486191
4588,2026-08-12,-0.038331173,-0.07059611,0.015494979,0.01462063,-2.4736207
7704,2026-08-12,-0.03675185,-0.09284128,0.014825327,0.016509652,-2.4788237
6235,2026-08-12,-0.040481534,-0.11421819,0.016298445,0.01900799,-2.4836142
8050,2026-08-12,-0.07463829,-0.07830461,0.0297478,0.028875722,-2.5089512
6171,2026-08-12,-0.10562483,-0.07712805,0.042037815,0.050320692,-2.5125551
3022,2026-08-12,-0.043301843,-0.07060553,0.01718633,0.01706849,-2.5194046
6517,2026-08-12,-0.06159539,-0.10406087,0.024435105,0.024840342,-2.5206714
2609,2026-08-12,-0.030469235,-0.025034575,0.012086301,0.014303281,-2.520764
6614,2026-08-12,-0.031991944,-0.09450856,0.012611775,0.016076868,-2.5364714
3360,2026-08-12,-0.04573456,-0.1262834,0.017904842,0.023985319,-2.5541697
6198,2026-08-12,-0.04565858,-0.07617426,0.017796692,0.022455215,-2.5654216
2645,2026-08-12,-0.030911554,-0.05285028,0.012039166,0.0160376,-2.5673695
3071,2026-08-12,-0.038400616,-0.11179471,0.014954585,0.018996451,-2.567644
1720,2026-08-12,-0.036305092,-0.041120213,0.014051425,0.015495033,-2.5835464
6550,2026-08-12,-0.03675988,-0.09485102,0.014209232,0.015080811,-2.5868597
6721,2026-08-12,-0.029092396,-0.06401184,0.011234983,0.012771722,-2.5892167
6169,2026-08-12,-0.04531896,-0.15677771,0.017470779,0.02272452,-2.5938377
2006,2026-08-12,-0.050454218,0.0027025589,0.019401992,0.02239984,-2.6003318
6498,2026-08-12,-0.047128137,-0.16272411,0.018098094,0.02310909,-2.603895
3693,2026-08-12,-0.057856344,-0.15291116,0.022111079,0.02799128,-2.616504
2020,2026-08-12,-0.041175082,-0.053099837,0.015614617,0.017375715,-2.6367886
1515,2026-08-12,-0.06646779,-0.092513435,0.024833683,0.026889054,-2.67641
4416,2026-08-12,-0.07182852,-0.11723666,0.026823342,0.034551498,-2.6777365
1453,2026-08-12,-0.04591794,-0.0830949,0.017128605,0.019160872,-2.6806185
4564,2026-08-12,-0.04186438,-0.12304462,0.0155116245,0.01768841,-2.6987298
6156,2026-08-12,-0.051146675,-0.044755958,0.018920712,0.019336712,-2.703068
2387,2026-08-12,-0.040588304,-0.07303899,0.015013424,0.019884914,-2.7032874
5706,2026-08-12,-0.03934948,-0.08028888,0.014551229,0.015699118,-2.7040174
2101,2026-08-12,-0.03483184,-0.0408693,0.012877705,0.01558467,-2.7046075
1805,2026-08-12,-0.026207624,-0.04391118,0.009648471,0.013037541,-2.7159648
6199,2026-08-12,-0.07517276,-0.06744363,0.027593,0.03214101,-2.724243
1434,2026-08-12,-0.032043695,-0.0127800815,0.011743734,0.010298157,-2.7283459
6272,2026-08-12,-0.049208403,-0.10403252,0.018025897,0.019254785,-2.729721
9917,2026-08-12,-0.033535965,-0.012175726,0.012280397,0.01016146,-2.730631
6126,2026-08-12,-0.047264554,-0.11884533,0.017282726,0.018969623,-2.7346275
3485,2026-08-12,-0.04822626,-0.20574698,0.017597046,0.020290315,-2.7404327
3508,2026-08-12,-0.04175639,-0.092999704,0.01522155,0.015930636,-2.7430615
3479,2026-08-12,-0.05308314,-0.111433744,0.019291723,0.021450797,-2.7514591
3498,2026-08-12,-0.073487684,-0.16709931,0.026670758,0.025146082,-2.7552621
3607,2026-08-12,-0.03976814,-0.10387004,0.014344978,0.017045552,-2.772076
2395,2026-08-12,-0.045845915,-0.037483472,0.016515639,0.022358913,-2.775741
3149,2026-08-12,-0.07318457,-0.12485771,0.026286853,0.027467763,-2.7839692
6523,2026-08-12,-0.039581235,-0.110374354,0.014196399,0.017897597,-2.7879217
8054,2026-08-12,-0.05990162,-0.21891588,0.021444777,0.030681517,-2.7931662
4939,2026-08-12,-0.057779897,-0.040143378,0.020546652,0.028805591,-2.811995
1439,2026-08-12,-0.046991777,-0.03799344,0.016573694,0.01905648,-2.835152
2235,2026-08-12,-0.042485636,-0.091326125,0.014938423,0.017110169,-2.8438604
3085,2026-08-12,-0.035990793,-0.0667694,0.012644727,0.018924952,-2.8460834
6994,2026-08-12,-0.049477145,-0.10855351,0.017359126,0.015831092,-2.8500452
3437,2026-08-12,-0.06812943,-0.17912069,0.023902638,0.026005547,-2.85017
4192,2026-08-12,-0.03883178,-0.13816084,0.013580352,0.015312145,-2.8591986
3057,2026-08-12,-0.054210987,-0.19894798,0.018942028,0.020749338,-2.861791
6184,2026-08-12,-0.036451694,-0.039648917,0.012684179,0.013405867,-2.8735657
6754,2026-08-12,-0.046927392,-0.07525944,0.016262285,0.023435026,-2.8854804
3011,2026-08-12,-0.035283636,-0.0790221,0.012097612,0.012097207,-2.9163375
3260,2026-08-12,-0.06925335,-0.2164173,0.02374364,0.02407145,-2.9165885
1446,2026-08-12,-0.05250813,-0.05627501,0.017989578,0.017006058,-2.918646
2719,2026-08-12,-0.04132331,-0.122065954,0.014150938,0.015402048,-2.9199755
2536,2026-08-12,-0.065525666,0.018650813,0.022377396,0.02106506,-2.928077
1319,2026-08-12,-0.036816463,-0.045572706,0.012524085,0.016799971,-2.939418
5285,2026-08-12,-0.05339149,-0.101759404,0.018151566,0.02045521,-2.941264
3576,2026-08-12,-0.0498322,-0.07095256,0.016884876,0.016946582,-2.951117
3354,2026-08-12,-0.040500585,-0.14423355,0.013720508,0.018858258,-2.9516132
6585,2026-08-12,-0.050856624,-0.008963253,0.017161742,0.015717734,-2.9631991
4560,2026-08-12,-0.06695832,-0.069663286,0.022532236,0.022319673,-2.9715362
2377,2026-08-12,-0.053566884,-0.059326425,0.018002106,0.022634568,-2.9754245
2497,2026-08-12,-0.054618753,-0.12199933,0.018340124,0.021055758,-2.9779394
1232,2026-08-12,-0.046470687,-0.021946196,0.015530415,0.014881249,-2.9920447
6637,2026-08-12,-0.036742005,-0.078164004,0.012197346,0.014641589,-3.012048
1101,2026-08-12,-0.04700357,-0.017568944,0.015600898,0.014673923,-3.0126827
1727,2026-08-12,-0.055413898,-0.15202484,0.018388351,0.020634973,-3.0133688
4747,2026-08-12,-0.04771079,-0.066500224,0.015831307,0.01328927,-3.0135086
5315,2026-08-12,-0.048994165,-0.108356886,0.016205382,0.020891584,-3.0231402
8421,2026-08-12,-0.05063637,-0.08045953,0.016745718,0.019973755,-3.0236592
1723,2026-08-12,-0.037600692,-0.034372225,0.012432656,0.015656471,-3.0241058
6846,2026-08-12,-0.041968398,-0.10373605,0.013867533,0.015391133,-3.0261598
4967,2026-08-12,-0.044740114,-0.12961031,0.014695636,0.015729258,-3.044242
2425,2026-08-12,-0.06411472,-0.0846365,0.021023627,0.024406701,-3.0495057
1432,2026-08-12,-0.046992462,-0.12610297,0.015349812,0.018503837,-3.0612361
1460,2026-08-12,-0.0386684,-0.024533868,0.012603369,0.012607411,-3.067857
6971,2026-08-12,-0.04838926,-0.130568,0.015755912,0.017229376,-3.070986
4162,2026-08-12,-0.05159623,-0.03653248,0.016762422,0.017528033,-3.0779057
6129,2026-08-12,-0.06278253,-0.063002564,0.020366529,0.023179986,-3.0824816
2347,2026-08-12,-0.036935877,-0.065985195,0.011970957,0.013623354,-3.0851996
5701,2026-08-12,-0.03982354,-0.059229836,0.012859099,0.012231788,-3.0966744
3673,2026-08-12,-0.053044263,-0.11314333,0.017112335,0.02075989,-3.0995865
8028,2026-08-12,-0.047470402,-0.08868948,0.015297781,0.01728355,-3.1028879
9908,2026-08-12,-0.05414745,-0.01790356,0.017414145,0.018863138,-3.109216
8101,2026-08-12,-0.051759426,-0.120610684,0.01656857,0.015687725,-3.123764
9921,2026-08-12,-0.10777179,-0.114895366,0.03448438,0.03092463,-3.1251447
6283,2026-08-12,-0.04032357,-0.08410454,0.012870682,0.013212678,-3.132735
1527,2026-08-12,-0.030612903,-0.050569974,0.009759836,0.014002971,-3.1362991
3207,2026-08-12,-0.041099396,-0.17385754,0.01309662,0.017827887,-3.1379285
1104,2026-08-12,-0.038730066,-0.007784506,0.012301933,0.012807625,-3.148035
3252,2026-08-12,-0.033953894,-0.04259234,0.010747502,0.010498037,-3.158942
4934,2026-08-12,-0.051899076,-0.08648456,0.016357984,0.015622002,-3.172512
3540,2026-08-12,-0.052167654,-0.11305753,0.016414395,0.018104015,-3.1779714
5603,2026-08-12,-0.04368001,-0.09863976,0.013726826,0.012494508,-3.181859
6598,2026-08-12,-0.041031584,-0.060766626,0.012885864,0.01589472,-3.1839852
6751,2026-08-12,-0.044964116,-0.08917998,0.014074725,0.016065178,-3.194444
2539,2026-08-12,-0.054641947,-0.06020729,0.017087271,0.022005256,-3.1976287
6494,2026-08-12,-0.05230092,-0.114281416,0.016351977,0.02169542,-3.1982505
6274,2026-08-12,-0.057666175,-0.118818544,0.017960554,0.015875766,-3.2105336
8102,2026-08-12,-0.03705912,-0.06824593,0.01154103,0.012508355,-3.2107973
1604,2026-08-12,-0.039147496,-0.095291145,0.012182837,0.015212623,-3.2130678
2906,2026-08-12,-0.048655827,-0.07989516,0.015097667,0.016839106,-3.2225244
3545,2026-08-12,-0.05776526,-0.09550975,0.017910829,0.018748026,-3.2249782
4168,2026-08-12,-0.044821206,-0.04776428,0.013831984,0.015836196,-3.2401688
6785,2026-08-12,-0.060281835,-0.144669,0.018598877,0.021658048,-3.2409804
3541,2026-08-12,-0.042742666,-0.086537234,0.013163506,0.017375702,-3.2468112
1713,2026-08-12,-0.052830774,-0.09664645,0.016266078,0.014740932,-3.2477114
6438,2026-08-12,-0.06345158,-0.20509046,0.019524187,0.02467499,-3.2497296
3321,2026-08-12,-0.038863506,-0.022239149,0.011943569,0.013157559,-3.2536547
1762,2026-08-12,-0.04397226,-0.10627053,0.013419985,0.019487409,-3.276381
2743,2026-08-12,-0.04767059,-0.150877,0.014545197,0.014531702,-3.277186
1565,2026-08-12,-0.04922963,-0.14675127,0.015014534,0.016057076,-3.27858
6449,2026-08-12,-0.053878292,-0.093859844,0.016348733,0.015506453,-3.2953622
2380,2026-08-12,-0.046289172,-0.1356532,0.014030414,0.018978603,-3.2989671
5471,2026-08-12,-0.047440533,-0.11602632,0.014375519,0.015407808,-3.2998621
3338,2026-08-12,-0.05520958,-0.14995326,0.016703203,0.016940352,-3.305131
5903,2026-08-12,-0.047282886,-0.019494696,0.014291148,0.01416592,-3.3083122
6195,2026-08-12,-0.045429103,-0.075695656,0.01371092,0.014433864,-3.3131104
1718,2026-08-12,-0.11119043,-0.23259169,0.033538397,0.037511222,-3.3152187
3577,2026-08-12,-0.07130163,-0.07866213,0.02147992,0.028815934,-3.3193007
3296,2026-08-12,-0.055924814,-0.04336196,0.016841045,0.017353566,-3.3205478
5007,2026-08-12,-0.040622916,-0.03452236,0.012229342,0.0148675395,-3.3214865
6834,2026-08-12,-0.06656196,-0.14904054,0.019889282,0.024307007,-3.3464563
7402,2026-08-12,-0.08209707,-0.13903198,0.024504488,0.028543765,-3.3501503
1506,2026-08-12,-0.048938196,-0.023487922,0.01454897,0.014752628,-3.3634567
4909,2026-08-12,-0.06275711,-0.19328213,0.018592764,0.023876099,-3.37517
8443,2026-08-12,-0.05629293,-0.12464111,0.016621422,0.013934399,-3.386566
8932,2026-08-12,-0.1443402,-0.31337017,0.042616557,0.03373672,-3.3868718
5604,2026-08-12,-0.038341522,-0.04581858,0.011304548,0.013282892,-3.3913898
6570,2026-08-12,-0.05034531,-0.09824465,0.014841075,0.0123062655,-3.3920667
7631,2026-08-12,-0.04403355,-0.0976397,0.012940807,0.015893186,-3.4024265
8085,2026-08-12,-0.04563335,-0.08135284,0.0133829,0.017625423,-3.4095705
6615,2026-08-12,-0.063565195,-0.1307986,0.018636025,0.017561955,-3.4106941
6265,2026-08-12,-0.11365561,-0.1393229,0.033267327,0.055335734,-3.416331
6461,2026-08-12,-0.05419092,-0.06807604,0.015850365,0.017955687,-3.418691
1711,2026-08-12,-0.05524104,-0.15040737,0.016126795,0.018665994,-3.4252074
8255,2026-08-12,-0.04490739,-0.100944325,0.013093969,0.015648639,-3.429362
3094,2026-08-12,-0.054352738,-0.12950572,0.01582823,0.02256009,-3.4336944
1465,2026-08-12,-0.05869575,-0.13005814,0.017082974,0.017998986,-3.4357197
1459,2026-08-12,-0.04685255,-0.087862775,0.013626275,0.0137106925,-3.4381454
2337,2026-08-12,-0.048229378,-0.0980545,0.013992301,0.020282716,-3.4466047
5601,2026-08-12,-0.054619852,-0.09128389,0.015819479,0.013725665,-3.4524777
4906,2026-08-12,-0.05968313,-0.17073867,0.017280648,0.023973517,-3.4535556
4513,2026-08-12,-0.07091617,-0.108223535,0.020529998,0.021686632,-3.4541023
6158,2026-08-12,-0.0513684,-0.09426821,0.01486123,0.017149992,-3.456305
3580,2026-08-12,-0.06763153,-0.19244163,0.01956,0.023900902,-3.4574678
1436,2026-08-12,-0.06527046,-0.041129217,0.018871091,0.017369894,-3.4585707
6693,2026-08-12,-0.044605277,-0.123635955,0.012883488,0.017858079,-3.4619362
2002,2026-08-12,-0.04996358,0.001627018,0.01437462,0.013747688,-3.475577
6958,2026-08-12,-0.048555214,-0.044353407,0.013942507,0.015769748,-3.4822812
4106,2026-08-12,-0.04549422,-0.098243944,0.013024877,0.013769833,-3.4926033
9931,2026-08-12,-0.0667589,-0.0789183,0.019076986,0.02063319,-3.4992635
4585,2026-08-12,-0.044562556,-0.06983607,0.012728746,0.016035223,-3.5006633
3015,2026-08-12,-0.063528694,-0.07032002,0.018118184,0.01813752,-3.5061564
8415,2026-08-12,-0.0394919,0.012205105,0.011246321,0.014759748,-3.5112271
5512,2026-08-12,-0.036228973,-0.0022247354,0.010315512,0.012430818,-3.5117462
1467,2026-08-12,-0.061096024,-0.06467756,0.017340636,0.020825977,-3.523083
6168,2026-08-12,-0.054620456,-0.15871811,0.0154909715,0.019512026,-3.5257266
3632,2026-08-12,-0.046939295,-0.14063337,0.013279949,0.014009674,-3.5343328
5225,2026-08-12,-0.069499604,-0.12916912,0.019657105,0.02147802,-3.5354173
8271,2026-08-12,-0.0735003,-0.22861186,0.02077504,0.024530146,-3.5377433
3021,2026-08-12,-0.039712343,-0.032863755,0.011223305,0.013378484,-3.5380669
3083,2026-08-12,-0.041936085,-0.07245404,0.011805282,0.009159677,-3.5520144
6854,2026-08-12,-0.059678696,-0.16328916,0.016793828,0.023605814,-3.5533972
6918,2026-08-12,-0.04612271,-0.08737507,0.01295588,0.017887238,-3.559708
3276,2026-08-12,-0.042361107,-0.02065434,0.011892105,0.013368017,-3.5618205
8213,2026-08-12,-0.06551891,-0.08533109,0.018336982,0.017428095,-3.5728526
6147,2026-08-12,-0.07918506,-0.14038986,0.022007668,0.029077275,-3.5979033
7721,2026-08-12,-0.07820415,-0.15058915,0.021666216,0.024961231,-3.6093307
3052,2026-08-12,-0.09911371,-0.13849364,0.02727942,0.03369738,-3.6331446
4178,2026-08-12,-0.04719323,-0.02339443,0.012980043,0.016472407,-3.6355498
5310,2026-08-12,-0.08652201,-0.074437186,0.023781069,0.034035258,-3.6381197
3049,2026-08-12,-0.05983226,-0.120774984,0.0163637,0.016749771,-3.656178
6967,2026-08-12,-0.06666167,-0.18302746,0.018215975,0.024840299,-3.659316
6196,2026-08-12,-0.06561704,-0.055307142,0.017904561,0.014147494,-3.6646178
6916,2026-08-12,-0.046231486,-0.034411874,0.012603955,0.013474219,-3.667723
1528,2026-08-12,-0.06408647,-0.17635801,0.017458007,0.024771212,-3.6706822
1597,2026-08-12,-0.07471522,-0.14218263,0.02023415,0.020831596,-3.692348
6776,2026-08-12,-0.037885148,-0.06411133,0.010235578,0.015194558,-3.7009583
4195,2026-08-12,-0.056224186,-0.1444893,0.015157523,0.019979568,-3.7090807
8092,2026-08-12,-0.05000162,-0.1151908,0.01347958,0.016110038,-3.7091594
1109,2026-08-12,-0.06524148,-0.06047086,0.017583704,0.015540998,-3.7101266
1215,2026-08-12,-0.048169937,-0.06330267,0.0129193,0.012967606,-3.7282367
6925,2026-08-12,-0.06021247,-0.18314244,0.016123189,0.015397785,-3.7342947
6641,2026-08-12,-0.054640945,-0.100374505,0.014624873,0.016305225,-3.73591
2029,2026-08-12,-0.054361295,-0.05964476,0.014487408,0.019635178,-3.7520542
6612,2026-08-12,-0.05608424,-0.06544883,0.014903727,0.01699193,-3.7628493
3024,2026-08-12,-0.04876999,-0.09004001,0.01295,0.0122051565,-3.7657316
4989,2026-08-12,-0.08945815,-0.20918992,0.023682013,0.029685898,-3.777313
1618,2026-08-12,-0.07172486,-0.081143804,0.018977663,0.018690357,-3.7792368
3717,2026-08-12,-0.10776941,-0.21390335,0.028474417,0.031513818,-3.7846472
9935,2026-08-12,-0.0547685,-0.062468052,0.014396235,0.017943243,-3.8040984
1341,2026-08-12,-0.029213997,-0.035617225,0.0076292045,0.012269463,-3.8287306
4406,2026-08-12,-0.062585324,-0.09020625,0.01633792,0.015463814,-3.8304443
6929,2026-08-12,-0.0666504,-0.08920813,0.017285375,0.019322045,-3.8556607
1721,2026-08-12,-0.06199934,-0.11737226,0.01606636,0.019401096,-3.8587136
7765,2026-08-12,-0.06615818,-0.14161077,0.0171337,0.021642664,-3.8610647
2454,2026-08-12,-0.05301853,-0.09581824,0.013720418,0.012835316,-3.8639247
2015,2026-08-12,-0.04602564,0.008397569,0.011893628,0.015855202,-3.8694477
6593,2026-08-12,-0.05190988,-0.15359563,0.013395365,0.01840365,-3.8749225
8409,2026-08-12,-0.04422666,-0.055109683,0.011390324,0.015773349,-3.8824866
2321,2026-08-12,-0.07030926,-0.14472884,0.018103918,0.01875459,-3.8834343
2328,2026-08-12,-0.054800987,-0.1274284,0.01407961,0.019456398,-3.891947
8935,2026-08-12,-0.052702315,-0.055762097,0.013425073,0.012939636,-3.925371
3646,2026-08-12,-0.06462168,-0.10823306,0.016398517,0.020145368,-3.940462
2371,2026-08-12,-0.07776942,-0.1552439,0.019674512,0.018188128,-3.9525995
4943,2026-08-12,-0.05383306,-0.11387113,0.013549908,0.018682817,-3.9726532
4706,2026-08-12,-0.04902949,-0.052983284,0.012340418,0.014490114,-3.97276
6122,2026-08-12,-0.054363497,-0.13143863,0.013628339,0.01829173,-3.9887109
1336,2026-08-12,-0.07290964,-0.071780965,0.01819194,0.017181482,-4.007579
2492,2026-08-12,-0.07139258,-0.17016989,0.017789064,0.022335954,-4.013059
5906,2026-08-12,-0.059144914,-0.13020906,0.0146806855,0.016143702,-4.0284824
1735,2026-08-12,-0.08093948,-0.15033534,0.02006281,0.023687392,-4.034103
5213,2026-08-12,-0.06209415,-0.08232594,0.015376374,0.0180876,-4.03802
6285,2026-08-12,-0.07867464,-0.107412815,0.019479573,0.019265283,-4.0386205
1535,2026-08-12,-0.043611336,-0.08724149,0.0107971635,0.014365709,-4.0387735
9938,2026-08-12,-0.07028047,-0.13509932,0.017376669,0.016938277,-4.0442977
8924,2026-08-12,-0.06881894,-0.12846763,0.017007085,0.014514855,-4.046249
8043,2026-08-12,-0.14143051,-0.15715972,0.0349281,0.022691997,-4.0490746
9934,2026-08-12,-0.075376175,-0.066066936,0.018571716,0.013617674,-4.058436
6477,2026-08-12,-0.072467454,-0.14051186,0.017821472,0.0210564,-4.066072
7740,2026-08-12,-0.15662298,-0.19567467,0.03847291,0.037688725,-4.070888
5607,2026-08-12,-0.04484322,-0.025019785,0.011008825,0.012116594,-4.073018
3041,2026-08-12,-0.08133093,-0.14967254,0.019914446,0.02556375,-4.0838118
4121,2026-08-12,-0.06630167,-0.09950555,0.01622405,0.013546132,-4.0863767
1457,2026-08-12,-0.060794786,-0.08325157,0.014872592,0.017257825,-4.0874314
9105,2026-08-12,-0.10398994,-0.22556344,0.025395563,0.024314517,-4.094646
8107,2026-08-12,-0.068666086,-0.09539619,0.016767891,0.014948707,-4.0948496
5371,2026-08-12,-0.10899868,-0.10788795,0.026602862,0.033849142,-4.0971
3287,2026-08-12,-0.05020124,-0.09543417,0.012202688,0.01805986,-4.113612
3027,2026-08-12,-0.058178816,-0.071249194,0.01412773,0.01415144,-4.117767
6465,2026-08-12,-0.058918905,-0.092554376,0.014304072,0.01726465,-4.1187425
3706,2026-08-12,-0.060435303,-0.06781821,0.01464554,0.015185543,-4.126251
2903,2026-08-12,-0.06076283,-0.023400676,0.014694919,0.015615645,-4.1346736
3048,2026-08-12,-0.07497323,-0.061810885,0.01812613,0.018947823,-4.135968
2636,2026-08-12,-0.06802745,-0.084697984,0.016423982,0.015914623,-4.1417065
3026,2026-08-12,-0.090197966,-0.10585718,0.02174244,0.026438927,-4.148284
5515,2026-08-12,-0.043533158,-0.013752441,0.010491248,0.011000851,-4.149078
1309,2026-08-12,-0.076063044,-0.1998118,0.018262036,0.023710866,-4.164863
1587,2026-08-12,-0.076220766,-0.124290146,0.018249456,0.020858534,-4.176376
6248,2026-08-12,-0.05267357,-0.051735643,0.012565449,0.013502803,-4.191603
5490,2026-08-12,-0.12947805,-0.14597861,0.030883044,0.030363692,-4.192393
3284,2026-08-12,-0.061606638,-0.040948573,0.014669856,0.015031432,-4.199253
4541,2026-08-12,-0.07071924,-0.11525189,0.016820574,0.018835453,-4.2040796
1464,2026-08-12,-0.06620029,-0.08277295,0.01571161,0.015496506,-4.2131953
2466,2026-08-12,-0.09339132,-0.16893218,0.02215883,0.023614144,-4.2144423
2881,2026-08-12,-0.063165925,-0.055153593,0.01497042,0.01800212,-4.2191005
3268,2026-08-12,-0.052605137,-0.10783364,0.012457856,0.014829002,-4.2223086
5523,2026-08-12,-0.1174136,-0.13507052,0.027782181,0.032540143,-4.2260675
3178,2026-08-12,-0.052279234,-0.12444356,0.012363373,0.012903976,-4.228215
2904,2026-08-12,-0.050867263,-0.12286258,0.012003566,0.0155417705,-4.237326
6872,2026-08-12,-0.050926913,-0.09054028,0.011949724,0.013627333,-4.2614083
2010,2026-08-12,-0.0787996,-0.05479223,0.01846019,0.020588132,-4.268392
4420,2026-08-12,-0.06505308,-0.14221795,0.015220063,0.017029528,-4.2738857
2236,2026-08-12,-0.056348953,-0.12283167,0.013170856,0.019004663,-4.2779813
9926,2026-08-12,-0.06961975,-0.056344923,0.016272178,0.020971095,-4.27819
1423,2026-08-12,-0.045319058,-0.08840516,0.010578507,0.016704304,-4.2836647
1813,2026-08-12,-0.0695038,-0.14372167,0.016181178,0.019369092,-4.295083
1475,2026-08-12,-0.05495482,-0.06955019,0.01279225,0.015208019,-4.2956104
1474,2026-08-12,-0.05437513,-0.10619892,0.012656756,0.014300559,-4.2957954
7730,2026-08-12,-0.07884761,-0.12799206,0.018352756,0.019365788,-4.295993
6791,2026-08-12,-0.059166912,-0.19676495,0.013758698,0.0131057175,-4.3000154
5364,2026-08-12,-0.07067975,-0.1404323,0.016413378,0.012382331,-4.3059654
6237,2026-08-12,-0.06811023,-0.1687626,0.015811503,0.02167449,-4.3073654
6279,2026-08-12,-0.064649984,-0.11512771,0.014966403,0.017259063,-4.3193855
6961,2026-08-12,-0.061033495,-0.104064114,0.0141137615,0.01736218,-4.3240895
1615,2026-08-12,-0.046475,-0.049679678,0.010736013,0.018455734,-4.328485
5014,2026-08-12,-0.059462693,-0.09011049,0.013689094,0.012317773,-4.343483
4572,2026-08-12,-0.04471706,-0.072748944,0.010290672,0.0111721195,-4.344975
6197,2026-08-12,-0.08053777,-0.09150222,0.01849453,0.022171963,-4.3544455
6111,2026-08-12,-0.05706681,-0.13890561,0.013042253,0.01971618,-4.3751974
6697,2026-08-12,-0.06448811,-0.12455292,0.014730013,0.019711733,-4.377711
1444,2026-08-12,-0.06620647,-0.01911739,0.0150858415,0.015474725,-4.3883586
2546,2026-08-12,-0.06657164,-0.054956537,0.015165349,0.017606268,-4.389431
2376,2026-08-12,-0.063868955,-0.08264101,0.014515527,0.013992347,-4.3997407
3046,2026-08-12,-0.08033217,-0.12784635,0.018092932,0.019250331,-4.4397297
8091,2026-08-12,-0.050027646,-0.077289104,0.011254107,0.014993877,-4.4448843
9907,2026-08-12,-0.07301266,-0.056476157,0.016418355,0.015856447,-4.4467435
5488,2026-08-12,-0.07255471,-0.110505536,0.016308907,0.016774226,-4.448505
5519,2026-08-12,-0.057849325,-0.07312574,0.013000063,0.011481465,-4.4495845
3630,2026-08-12,-0.05641115,-0.082689,0.012670468,0.015658716,-4.4518247
5205,2026-08-12,-0.07436062,-0.11005687,0.01669844,0.017246274,-4.452881
6203,2026-08-12,-0.07012356,-0.14566933,0.01570518,0.015077196,-4.4647117
2511,2026-08-12,-0.10659406,-0.08470661,0.023835687,0.030659627,-4.471849
2724,2026-08-12,-0.093227975,-0.15093361,0.020831272,0.02491684,-4.4751706
6174,2026-08-12,-0.07036689,-0.13809153,0.01572126,0.015888616,-4.4756217
6666,2026-08-12,-0.08436386,-0.09291785,0.018817687,0.019252896,-4.482983
2849,2026-08-12,-0.0565222,-0.006625408,0.012545053,0.013212047,-4.505178
4729,2026-08-12,-0.07137448,-0.11885016,0.015835619,0.014215906,-4.506927
2911,2026-08-12,-0.050328035,-0.061016776,0.011095846,0.013854481,-4.5353456
4533,2026-08-12,-0.07714726,-0.15928131,0.017006854,0.018009812,-4.535979
2201,2026-08-12,-0.05506192,-0.02217772,0.012130976,0.01028692,-4.538578
6225,2026-08-12,-0.08316903,-0.11390567,0.018271131,0.024410577,-4.5516872
2643,2026-08-12,-0.0646713,-0.08345228,0.014195072,0.016597306,-4.555577
5211,2026-08-12,-0.074190885,-0.19540787,0.016278349,0.021706684,-4.557362
4907,2026-08-12,-0.072114445,-0.0962539,0.015798919,0.015223302,-4.5642285
6955,2026-08-12,-0.058004078,-0.13223848,0.01267857,0.017631391,-4.5746093
4716,2026-08-12,-0.07917868,-0.09407296,0.017293667,0.029553035,-4.5782137
1314,2026-08-12,-0.06947311,-0.10022144,0.015157965,0.018874468,-4.5829716
6719,2026-08-12,-0.059657488,-0.1415441,0.013012776,0.013975093,-4.5841794
3294,2026-08-12,-0.070504285,-0.121975854,0.015369813,0.016269518,-4.5868936
4741,2026-08-12,-0.07680135,-0.19652243,0.016715588,0.023810476,-4.59432
2471,2026-08-12,-0.08023705,-0.14360757,0.01746275,0.017676685,-4.5944915
6153,2026-08-12,-0.075612575,-0.14162245,0.016450148,0.020082306,-4.596188
8121,2026-08-12,-0.08107408,-0.1373563,0.017628176,0.016735235,-4.5988584
2007,2026-08-12,-0.060817137,-0.064507805,0.013216115,0.01403098,-4.6013927
1441,2026-08-12,-0.0790433,-0.16447854,0.017174978,0.018914547,-4.601968
8074,2026-08-12,-0.12222944,-0.27592528,0.02650733,0.032983895,-4.6109824
5011,2026-08-12,-0.061061837,-0.07478412,0.013190767,0.0130637735,-4.6287837
5508,2026-08-12,-0.11672754,-0.13810453,0.025192276,0.029242681,-4.6332817
9930,2026-08-12,-0.07095595,-0.090133145,0.015312191,0.015742898,-4.6336484
4735,2026-08-12,-0.07600948,-0.0989037,0.01639196,0.015128124,-4.6367145
7795,2026-08-12,-0.08025927,-0.13848504,0.017294327,0.026293652,-4.6405177
1323,2026-08-12,-0.07086034,-0.08937527,0.015240054,0.013745506,-4.6493073
3675,2026-08-12,-0.08960117,-0.25096273,0.019254314,0.027527533,-4.6533213
4526,2026-08-12,-0.0810207,-0.13083419,0.017358232,0.022110676,-4.6672974
2705,2026-08-12,-0.059421077,-0.09112541,0.012716351,0.012125141,-4.6724415
6658,2026-08-12,-0.08270364,-0.18633525,0.017686889,0.01749078,-4.6757216
6161,2026-08-12,-0.0711334,-0.11240074,0.01520643,0.016876081,-4.677542
9928,2026-08-12,-0.050531354,-0.055817492,0.010790593,0.014334571,-4.682474
3168,2026-08-12,-0.075576924,-0.1474926,0.016119422,0.014553554,-4.688272
6662,2026-08-12,-0.05952983,-0.15934849,0.012663114,0.017337695,-4.7006707
8440,2026-08-12,-0.06822995,-0.15089588,0.014471002,0.018837767,-4.7146173
3313,2026-08-12,-0.085996404,-0.11658028,0.018229773,0.02085715,-4.717101
2465,2026-08-12,-0.13938996,-0.16042458,0.029525522,0.028355643,-4.720839
1416,2026-08-12,-0.07741348,-0.08164794,0.016356263,0.017418806,-4.7326665
4139,2026-08-12,-0.06659547,-0.07423489,0.014047069,0.017558038,-4.740543
6024,2026-08-12,-0.080539,-0.053396955,0.016962664,0.016532606,-4.747736
3266,2026-08-12,-0.07229118,-0.06866626,0.015217317,0.013501447,-4.750274
2729,2026-08-12,-0.055994947,-0.11667233,0.011766516,0.012618322,-4.758434
8272,2026-08-12,-0.067213364,-0.14957944,0.014093811,0.016459642,-4.76866
6426,2026-08-12,-0.12949894,-0.30139497,0.027122734,0.02642771,-4.7743773
3090,2026-08-12,-0.10609143,-0.15264969,0.022219457,0.021805879,-4.7744937
1305,2026-08-12,-0.085990235,-0.1634628,0.01800628,0.022053808,-4.775304
2208,2026-08-12,-0.07012825,-0.10575827,0.014663069,0.016619409,-4.7823186
3434,2026-08-12,-0.087378055,-0.13852766,0.018268095,0.020583637,-4.782834
4930,2026-08-12,-0.07626892,-0.13480394,0.015917204,0.01949118,-4.7913017
7738,2026-08-12,-0.054881237,-0.12701954,0.011433005,0.018440459,-4.799826
4557,2026-08-12,-0.07827877,-0.11026872,0.01629584,0.017610455,-4.80331
3550,2026-08-12,-0.09675524,-0.2050049,0.020124752,0.024004562,-4.8075337
2024,2026-08-12,-0.07026068,-0.06416273,0.014598056,0.012758691,-4.8126864
6909,2026-08-12,-0.119471535,-0.22225639,0.024806336,0.024808753,-4.815976
1231,2026-08-12,-0.067789,-0.11392037,0.014063969,0.019074341,-4.819705
3310,2026-08-12,-0.06699588,-0.098208405,0.013889735,0.016087964,-4.8230624
2630,2026-08-12,-0.0733505,-0.13782635,0.015183705,0.016313145,-4.830551
3666,2026-08-12,-0.07784346,-0.13280374,0.016078718,0.018726723,-4.841096
2646,2026-08-12,-0.08262689,-0.031502716,0.01705623,0.010351205,-4.8440976
5013,2026-08-12,-0.05893102,-0.06441317,0.012163748,0.012570691,-4.8444095
8933,2026-08-12,-0.094625235,-0.1378123,0.019523567,0.021009676,-4.8464704
3093,2026-08-12,-0.087514095,-0.166852,0.018021734,0.023021767,-4.855761
6642,2026-08-12,-0.08594621,-0.13005261,0.017689269,0.015523131,-4.858389
6899,2026-08-12,-0.06804567,-0.13488652,0.013831817,0.014116955,-4.9191475
1470,2026-08-12,-0.06409644,-0.09842833,0.013023079,0.017829401,-4.92138
2607,2026-08-12,-0.06482789,-0.04086403,0.013122079,0.019467019,-4.9399905
3684,2026-08-12,-0.08791243,-0.18589227,0.01778966,0.025515052,-4.9414935
6799,2026-08-12,-0.06823139,-0.17440636,0.013761696,0.014357772,-4.957705
5201,2026-08-12,-0.07029665,-0.1147319,0.014166329,0.0150662875,-4.9618845
7811,2026-08-12,-0.05888072,-0.11621502,0.011826761,0.015773678,-4.9781795
6405,2026-08-12,-0.09876375,-0.26372898,0.019834436,0.023813305,-4.979157
1234,2026-08-12,-0.0741593,-0.069708504,0.014892469,0.013902447,-4.9793167
2023,2026-08-12,-0.054936122,-0.04577451,0.011001929,0.0118384585,-4.9928637
2905,2026-08-12,-0.09041931,-0.09293503,0.018105531,0.018735243,-4.99374
5287,2026-08-12,-0.05532168,-0.104069114,0.011053715,0.016019821,-5.004351
2723,2026-08-12,-0.07436152,-0.062454358,0.014829338,0.013140761,-5.0141487
4949,2026-08-12,-0.09553447,-0.24213913,0.019047875,0.026269445,-5.015229
8463,2026-08-12,-0.07462131,-0.09657073,0.014872135,0.015217731,-5.017188
3036,2026-08-12,-0.10330451,-0.117026486,0.020547343,0.022604506,-5.0273886
1541,2026-08-12,-0.05694814,-0.081266366,0.011317261,0.014273335,-5.0315275
4935,2026-08-12,-0.06410184,-0.093151174,0.012720037,0.01832044,-5.0390415
1217,2026-08-12,-0.062147975,-0.05750157,0.012308516,0.012919038,-5.0487747
3128,2026-08-12,-0.077955276,-0.15520744,0.0154353315,0.020102652,-5.0501165
3713,2026-08-12,-0.063769944,-0.08138645,0.012620397,0.016604843,-5.0525265
8349,2026-08-12,-0.063024305,-0.06420759,0.0124573,0.0130855935,-5.0588207
4763,2026-08-12,-0.08911574,-0.15048835,0.017610736,0.020789223,-5.06002
5230,2026-08-12,-0.074578695,-0.11766631,0.014726911,0.02431238,-5.063766
3558,2026-08-12,-0.08450397,-0.11519519,0.016686428,0.019744312,-5.06393
3708,2026-08-12,-0.13589169,-0.16850393,0.026791774,0.023291029,-5.071953
2438,2026-08-12,-0.079430245,-0.15589109,0.015628934,0.0180016,-5.0819306
3138,2026-08-12,-0.12309739,-0.32754728,0.024212481,0.03896899,-5.083837
3373,2026-08-12,-0.056632843,-0.11758145,0.011103746,0.011022476,-5.0998774
3055,2026-08-12,-0.12210127,-0.19254185,0.023878401,0.026548743,-5.1132464
6763,2026-08-12,-0.08014908,-0.118876174,0.015670346,0.0192349,-5.114371
3042,2026-08-12,-0.08089325,-0.10526269,0.015774336,0.020171978,-5.1278305
5538,2026-08-12,-0.057294115,-0.0697653,0.0111591,0.014520137,-5.1338353
6144,2026-08-12,-0.07500865,-0.06368198,0.014596587,0.01750509,-5.138428
6005,2026-08-12,-0.09299375,-0.050776344,0.018086765,0.015728066,-5.1412516
3029,2026-08-12,-0.07886931,-0.11001909,0.015323148,0.0161202,-5.1467338
6728,2026-08-12,-0.076524116,-0.138357,0.014856619,0.01763756,-5.1504965
2597,2026-08-12,-0.12059484,-0.1381897,0.023403646,0.03293756,-5.152602
3714,2026-08-12,-0.11199333,-0.12928696,0.021657526,0.035536718,-5.1708655
2062,2026-08-12,-0.093490705,-0.108053826,0.018072514,0.01675921,-5.1728015
6651,2026-08-12,-0.089333914,-0.13785444,0.017267944,0.019333916,-5.173096
7792,2026-08-12,-0.105125256,-0.2214057,0.020305846,0.024389043,-5.176838
3625,2026-08-12,-0.09113062,-0.08208244,0.017595189,0.014971333,-5.1789975
8462,2026-08-12,-0.080239825,-0.080724,0.015489447,0.015196287,-5.1799555
2751,2026-08-12,-0.07464149,-0.124987476,0.014382377,0.019164206,-5.189427
3444,2026-08-12,-0.15002769,-0.25076535,0.028869003,0.032840632,-5.1966634
2436,2026-08-12,-0.12353074,-0.22044653,0.023751065,0.026903654,-5.200842
3230,2026-08-12,-0.11519773,-0.11734495,0.022142349,0.022963522,-5.2023625
2538,2026-08-12,-0.079215355,-0.10727753,0.015156649,0.018843004,-5.2260976
3447,2026-08-12,-0.109342955,-0.17457643,0.020905532,0.024479957,-5.230086
9902,2026-08-12,-0.088000506,-0.13678035,0.01682068,0.019102689,-5.2313743
4739,2026-08-12,-0.1090559,-0.27467617,0.020833392,0.023226483,-5.234417
1227,2026-08-12,-0.06584264,-0.033669226,0.012467156,0.014373525,-5.2808642
1623,2026-08-12,-0.088614814,-0.18048945,0.016741956,0.015892532,-5.2926626
8162,2026-08-12,-0.10623669,-0.18936048,0.020047817,0.023413261,-5.2989006
8279,2026-08-12,-0.07784884,-0.12072854,0.014666269,0.014605383,-5.3076572
4155,2026-08-12,-0.062835395,-0.06379926,0.011836908,0.013480645,-5.3079815
8249,2026-08-12,-0.082140654,-0.16798197,0.015470272,0.021421704,-5.309237
2409,2026-08-12,-0.09582946,-0.18223597,0.018038152,0.019039858,-5.312304
6680,2026-08-12,-0.07606447,-0.15090586,0.014300401,0.020455742,-5.318672
6865,2026-08-12,-0.10513094,-0.20856293,0.01973175,0.020730175,-5.327739
6245,2026-08-12,-0.07446642,-0.13319372,0.013953644,0.019900117,-5.3363185
6215,2026-08-12,-0.1046464,-0.22922875,0.01949473,0.023717755,-5.3676577
5245,2026-08-12,-0.08567597,-0.10628821,0.015937904,0.019797016,-5.3752737
3141,2026-08-12,-0.08685421,-0.1696817,0.016146634,0.0210021,-5.378758
6270,2026-08-12,-0.092523895,-0.123865746,0.017184492,0.020989256,-5.383837
4722,2026-08-12,-0.08451403,-0.16092508,0.015689086,0.020454064,-5.3864603
3003,2026-08-12,-0.07219744,-0.061552845,0.013398854,0.01377902,-5.387927
1612,2026-08-12,-0.10904673,-0.11711505,0.020203887,0.020633187,-5.397047
2740,2026-08-12,-0.061461993,-0.13546486,0.011349967,0.016729208,-5.4146924
6118,2026-08-12,-0.111292616,-0.16665128,0.020550592,0.022482993,-5.4152794
3591,2026-08-12,-0.09668159,-0.2298509,0.01779799,0.02488283,-5.431858
1521,2026-08-12,-0.058944896,-0.04550051,0.010836953,0.015002481,-5.438748
3043,2026-08-12,-0.09326231,-0.22182098,0.017115712,0.020674856,-5.448611
5309,2026-08-12,-0.07487109,-0.16976397,0.013739696,0.017677896,-5.4488573
1417,2026-08-12,-0.08267947,-0.15341768,0.015160078,0.024154551,-5.453403
6423,2026-08-12,-0.11328335,-0.25761932,0.020637954,0.024278888,-5.4888124
4919,2026-08-12,-0.11738793,-0.23916323,0.021380002,0.023687214,-5.490291
8929,2026-08-12,-0.09020282,-0.16970152,0.016394308,0.02269486,-5.501746
2302,2026-08-12,-0.123438984,-0.15360188,0.022384908,0.024777863,-5.5141377
2540,2026-08-12,-0.09231291,-0.060241103,0.016669068,0.01576506,-5.5376444
2611,2026-08-12,-0.08975772,-0.13289179,0.016197199,0.021691041,-5.541216
1219,2026-08-12,-0.09051142,-0.13826632,0.01628332,0.01654795,-5.558194
1614,2026-08-12,-0.065502435,-0.0856307,0.011753488,0.0153081305,-5.5725465
8215,2026-08-12,-0.11403837,-0.1602423,0.020436209,0.019272704,-5.5799384
4129,2026-08-12,-0.06354788,-0.10806901,0.011386955,0.018067988,-5.5802712
6533,2026-08-12,-0.11060597,-0.19805272,0.019815598,0.025746088,-5.5814815
3552,2026-08-12,-0.08096705,-0.14913402,0.014503892,0.018450653,-5.582051
8426,2026-08-12,-0.10717794,-0.14242706,0.019166164,0.019185437,-5.5917473
5222,2026-08-12,-0.10744121,-0.20540987,0.01919033,0.018086478,-5.5984244
3051,2026-08-12,-0.06732237,-0.1528729,0.012014301,0.017085038,-5.6030536
4569,2026-08-12,-0.07974448,-0.12483651,0.014227205,0.016965551,-5.6046762
6875,2026-08-12,-0.08698749,-0.09136548,0.0155178355,0.013971584,-5.605284
3523,2026-08-12,-0.1154774,-0.10567139,0.020592153,0.021019047,-5.6075625
5244,2026-08-12,-0.109330565,-0.16602498,0.019475823,0.022851126,-5.6133676
6906,2026-08-12,-0.08870913,-0.11692652,0.015776137,0.014128359,-5.622638
7842,2026-08-12,-0.10392747,-0.18641606,0.018400216,0.023647632,-5.6478586
2365,2026-08-12,-0.11588422,-0.23002651,0.020498086,0.023792408,-5.653141
9937,2026-08-12,-0.100779824,-0.060185593,0.01780551,0.021500591,-5.659718
2362,2026-08-12,-0.08744362,-0.016908407,0.015412251,0.01754663,-5.6732755
9103,2026-08-12,-0.10556195,-0.13515759,0.018585004,0.020932756,-5.6796474
2545,2026-08-12,-0.070815705,-0.09137033,0.012447512,0.017803898,-5.6886883
6698,2026-08-12,-0.06274055,-0.10947571,0.0110240895,0.013310406,-5.6907063
6201,2026-08-12,-0.09087651,-0.15006095,0.015918165,0.018230032,-5.708623
6720,2026-08-12,-0.109492555,-0.22219378,0.019169282,0.022795299,-5.7115774
2374,2026-08-12,-0.09629105,-0.14280674,0.016796531,0.020955376,-5.7324524
2923,2026-08-12,-0.14266363,-0.142001,0.024852224,0.028885446,-5.7402463
8411,2026-08-12,-0.0879164,-0.09210011,0.015305176,0.012328013,-5.7438507
6923,2026-08-12,-0.08825866,-0.16109984,0.015333181,0.015579654,-5.7556815
1702,2026-08-12,-0.08614613,-0.08052258,0.014931962,0.016173417,-5.7688575
5432,2026-08-12,-0.121307515,-0.23177195,0.020991912,0.025622457,-5.7784986
6901,2026-08-12,-0.116736285,-0.14380664,0.020200752,0.026033286,-5.778523
2028,2026-08-12,-0.07701345,-0.056979164,0.013324824,0.012190225,-5.7792635
6655,2026-08-12,-0.09575666,-0.1603809,0.016531657,0.018743688,-5.79197
4161,2026-08-12,-0.07210223,-0.10288079,0.012445988,0.014642287,-5.7927446
8096,2026-08-12,-0.107314005,-0.118594475,0.018494446,0.018135455,-5.8021855
2008,2026-08-12,-0.063674904,-0.057528686,0.010972491,0.013925986,-5.802611
8234,2026-08-12,-0.110649325,-0.16963905,0.01905706,0.021788524,-5.8059072
7786,2026-08-12,-0.097723134,-0.1547274,0.016827775,0.018633505,-5.806907
2258,2026-08-12,-0.11595752,-0.10452552,0.019960491,0.014919342,-5.809061
4956,2026-08-12,-0.11530676,-0.24194093,0.019820882,0.024813125,-5.817145
3219,2026-08-12,-0.13605256,-0.24118729,0.023365702,0.025418166,-5.8224974
6416,2026-08-12,-0.08018151,-0.111327365,0.01375083,0.0131239565,-5.8306065
8068,2026-08-12,-0.06861861,-0.15708706,0.011764046,0.014416536,-5.832413
1473,2026-08-12,-0.05131085,-0.067091465,0.008794892,0.011368906,-5.8335013
6191,2026-08-12,-0.07905992,-0.14361086,0.013539161,0.013757382,-5.8389206
4555,2026-08-12,-0.08365753,-0.101657264,0.014297585,0.01602936,-5.850756
6741,2026-08-12,-0.07993379,-0.08912156,0.0136558255,0.016260656,-5.853029
4576,2026-08-12,-0.09067629,-0.114699125,0.015472037,0.018603984,-5.8602777
6807,2026-08-12,-0.10193877,-0.09985938,0.017393839,0.02114658,-5.860288
1463,2026-08-12,-0.08971794,-0.08335812,0.015304331,0.019596625,-5.861875
8066,2026-08-12,-0.07144332,-0.13802864,0.012143311,0.018702446,-5.882863
2064,2026-08-12,-0.085617,-0.08001005,0.0145363035,0.016435187,-5.889469
6485,2026-08-12,-0.12726258,-0.25577486,0.02158114,0.026146838,-5.8966618
2034,2026-08-12,-0.09212572,-0.062711984,0.015601572,0.01665763,-5.9045215
3716,2026-08-12,-0.07177798,-0.11074731,0.012133473,0.011579378,-5.9152117
1294,2026-08-12,-0.09449992,-0.13648732,0.015919684,0.016936118,-5.93567
1504,2026-08-12,-0.09016267,-0.17387515,0.015112182,0.01681704,-5.96583
4538,2026-08-12,-0.08286664,-0.13701436,0.013882271,0.017756514,-5.968812
2910,2026-08-12,-0.11510124,-0.13382103,0.019265484,0.023627667,-5.9741693
8916,2026-08-12,-0.0895804,-0.091401845,0.014960481,0.01599413,-5.987402
2227,2026-08-12,-0.066151924,-0.050272267,0.011003013,0.013137066,-6.011618
2061,2026-08-12,-0.13392524,-0.23779398,0.022206541,0.026744762,-6.03062
4523,2026-08-12,-0.115184225,-0.14499591,0.019080194,0.021645777,-6.0365314
6530,2026-08-12,-0.1932668,-0.32759985,0.031994153,0.038933385,-6.0405025
1809,2026-08-12,-0.13880222,-0.2133105,0.022930901,0.022924589,-6.0528
8489,2026-08-12,-0.07472186,-0.17322835,0.01233872,0.014240215,-6.055393
6753,2026-08-12,-0.083947614,-0.18959318,0.013840129,0.021771854,-6.0650845
2392,2026-08-12,-0.101824775,-0.121379726,0.016756358,0.014939649,-6.0764217
8482,2026-08-12,-0.0848622,-0.061987005,0.013948466,0.018699473,-6.0835447
8047,2026-08-12,-0.07087734,-0.15372095,0.011630748,0.013511874,-6.093438
2070,2026-08-12,-0.13228169,-0.20385343,0.021675762,0.025675548,-6.1024656
6689,2026-08-12,-0.122861795,-0.20967554,0.020072471,0.019974388,-6.120605
3308,2026-08-12,-0.10746691,-0.19687939,0.01753847,0.022008218,-6.1271467
3325,2026-08-12,-0.08183932,-0.10835398,0.01332869,0.017330986,-6.1396265
2072,2026-08-12,-0.07557197,-0.16728407,0.012305966,0.016233422,-6.140585
3297,2026-08-12,-0.12604314,-0.28210196,0.020498056,0.025699252,-6.148729
8183,2026-08-12,-0.06396656,-0.11443498,0.010389362,0.01379805,-6.1563354
3018,2026-08-12,-0.10015451,-0.1317007,0.016262775,0.019916045,-6.158134
2065,2026-08-12,-0.08300094,-0.07259623,0.013452086,0.0127800545,-6.169658
2491,2026-08-12,-0.1529748,-0.17996317,0.02477949,0.029054312,-6.1731954
7770,2026-08-12,-0.11632649,-0.1936675,0.018805774,0.023807064,-6.1853504
9940,2026-08-12,-0.08974441,-0.055819273,0.014493358,0.017705914,-6.1916785
6829,2026-08-12,-0.11665824,-0.18229784,0.018825114,0.01968542,-6.196618
1717,2026-08-12,-0.14184316,-0.19590044,0.022865865,0.03069213,-6.2029996
1560,2026-08-12,-0.11331449,-0.09074726,0.018221026,0.014546737,-6.218545
4542,2026-08-12,-0.14400293,-0.1710448,0.023141704,0.027069028,-6.2223897
3466,2026-08-12,-0.12554497,-0.25686842,0.020059379,0.023964284,-6.2583547
6163,2026-08-12,-0.13450085,-0.32868224,0.02148283,0.027901014,-6.2605615
5292,2026-08-12,-0.10529211,-0.18759368,0.016812121,0.020050494,-6.2624965
7703,2026-08-12,-0.123913094,-0.27338925,0.019762121,0.02505075,-6.269915
3114,2026-08-12,-0.13253653,-0.17386891,0.021104597,0.022945153,-6.2796865
3537,2026-08-12,-0.10715129,-0.15027854,0.017056543,0.022298122,-6.281754
3548,2026-08-12,-0.19977203,-0.2784295,0.031720415,0.023017107,-6.297703
3006,2026-08-12,-0.10689339,-0.22535433,0.016967148,0.024103744,-6.2996497
4175,2026-08-12,-0.08005222,-0.19322678,0.012705699,0.0150747495,-6.300001
8147,2026-08-12,-0.10913538,-0.21951757,0.017260795,0.020758055,-6.3223653
2489,2026-08-12,-0.12762366,-0.14289656,0.020159053,0.025177615,-6.330522
7709,2026-08-12,-0.12720114,-0.20586513,0.020088684,0.02499214,-6.3316646
5468,2026-08-12,-0.13246654,-0.15429513,0.020892978,0.022226747,-6.3399386
2108,2026-08-12,-0.1246746,-0.10238177,0.019646764,0.017346889,-6.3454857
4927,2026-08-12,-0.116761535,-0.34594733,0.018368477,0.023598552,-6.35628
4545,2026-08-12,-0.05666364,-0.044138823,0.008904022,0.01389136,-6.3631105
8045,2026-08-12,-0.112640746,-0.21188141,0.01768608,0.020849153,-6.3685327
7732,2026-08-12,-0.079039045,-0.11618443,0.012405684,0.014843981,-6.3706822
6112,2026-08-12,-0.14928481,-0.18869375,0.023397826,0.025046006,-6.380013
2468,2026-08-12,-0.13239083,-0.20119677,0.0207297,0.021782374,-6.3862205
4442,2026-08-12,-0.12015437,-0.17765045,0.018789232,0.021319894,-6.3945127
2613,2026-08-12,-0.13147455,-0.17505021,0.020403367,0.02092837,-6.443452
6869,2026-08-12,-0.105013974,-0.16110335,0.016266616,0.019587522,-6.4554005
6752,2026-08-12,-0.08262615,-0.19103338,0.012761257,0.02037121,-6.4742584
2359,2026-08-12,-0.15534566,-0.13845396,0.023972452,0.02662361,-6.4799037
7810,2026-08-12,-0.07300123,-0.2073072,0.011237486,0.016070582,-6.495646
3147,2026-08-12,-0.21646504,-0.33510578,0.033319276,0.03570484,-6.496496
8227,2026-08-12,-0.12652357,-0.28181276,0.01934975,0.022000259,-6.538432
6922,2026-08-12,-0.09736671,-0.18064114,0.0148651,0.02089962,-6.5495796
4702,2026-08-12,-0.07447093,-0.13025568,0.011365748,0.018382337,-6.5516477
2460,2026-08-12,-0.08491112,-0.11133817,0.012955918,0.013718032,-6.5533423
6173,2026-08-12,-0.1577064,-0.2343084,0.024051767,0.03198086,-6.556684
6576,2026-08-12,-0.10747685,-0.11606539,0.016384022,0.018750042,-6.5594573
3013,2026-08-12,-0.11459567,-0.2367874,0.017465912,0.020842208,-6.5607285
3312,2026-08-12,-0.13857657,-0.18941882,0.021093175,0.020820614,-6.569423
1603,2026-08-12,-0.10940893,-0.09803824,0.01661407,0.018364096,-6.5849214
6230,2026-08-12,-0.10620046,-0.14405438,0.01612235,0.014227032,-6.5867486
3388,2026-08-12,-0.12321854,-0.20991763,0.018701939,0.01837955,-6.588191
2641,2026-08-12,-0.0826861,-0.108436175,0.012541124,0.015173355,-6.592671
3687,2026-08-12,-0.06907241,-0.10453903,0.010441694,0.012998602,-6.614424
4923,2026-08-12,-0.14631902,-0.16790867,0.02210316,0.024447775,-6.6195235
3056,2026-08-12,-0.092387445,-0.09776964,0.013941199,0.015073606,-6.6264615
4714,2026-08-12,-0.1137389,-0.20385933,0.01715222,0.018258767,-6.6307607
6224,2026-08-12,-0.08600528,-0.18491574,0.01296015,0.017561058,-6.635621
6796,2026-08-12,-0.10523139,-0.124297366,0.015797295,0.015081033,-6.6609335
6101,2026-08-12,-0.1419616,-0.24023613,0.021254148,0.02846897,-6.678928
2913,2026-08-12,-0.110350505,-0.14431009,0.016481841,0.015504871,-6.6948714
2397,2026-08-12,-0.11253117,-0.12755209,0.01680561,0.022377806,-6.6956496
6282,2026-08-12,-0.107201934,-0.1401184,0.015957085,0.014887415,-6.717719
4530,2026-08-12,-0.093704805,-0.14413527,0.013947118,0.016186528,-6.7180967
2457,2026-08-12,-0.08677383,-0.16623567,0.012893489,0.020136269,-6.7295284
2528,2026-08-12,-0.12205802,-0.091441646,0.018081844,0.018907474,-6.7499347
2722,2026-08-12,-0.10138156,-0.1417365,0.015017227,0.017853236,-6.750568
2642,2026-08-12,-0.10043802,-0.16852856,0.014854634,0.019553633,-6.7609377
6671,2026-08-12,-0.110512026,-0.13329953,0.016334493,0.015338036,-6.7651477
3224,2026-08-12,-0.11916922,-0.20700641,0.017613692,0.017810652,-6.765331
8906,2026-08-12,-0.11084662,-0.12610385,0.016331218,0.020105083,-6.7869906
1598,2026-08-12,-0.10155306,-0.14436564,0.01494858,0.016760563,-6.7930374
2704,2026-08-12,-0.062275186,-0.017455606,0.009165792,0.012014834,-6.793564
6505,2026-08-12,-0.09709967,-0.081040815,0.014279545,0.018856589,-6.799437
8478,2026-08-12,-0.110275775,-0.1465115,0.016199142,0.019695858,-6.807087
6617,2026-08-12,-0.15270609,-0.17911291,0.022381317,0.020075891,-6.822622
6209,2026-08-12,-0.12709454,-0.16199432,0.018609356,0.022194587,-6.829237
4131,2026-08-12,-0.09934667,-0.17842717,0.014521688,0.016958173,-6.8407903
4402,2026-08-12,-0.08934604,-0.10694591,0.013049256,0.013883989,-6.846305
2754,2026-08-12,-0.08425935,-0.09362556,0.012293154,0.013977717,-6.853611
6840,2026-08-12,-0.14338088,-0.19590752,0.02088652,0.023011794,-6.864428
2228,2026-08-12,-0.111937776,-0.14778158,0.016278476,0.016123524,-6.876006
1568,2026-08-12,-0.10532322,-0.14795637,0.015307725,0.02155546,-6.8799467
2461,2026-08-12,-0.124511905,-0.16065817,0.01808624,0.016638815,-6.8839636
1442,2026-08-12,-0.112508744,-0.044137258,0.016332794,0.01928264,-6.888096
1785,2026-08-12,-0.21658538,-0.32307923,0.031394005,0.034189336,-6.8987217
7818,2026-08-12,-0.09738645,-0.1589635,0.014093509,0.01754186,-6.909531
2405,2026-08-12,-0.11502246,-0.13402058,0.016609622,0.017681,-6.9246325
6792,2026-08-12,-0.12461591,-0.17820793,0.017990218,0.018537553,-6.926485
2363,2026-08-12,-0.14776805,-0.15002696,0.021297384,0.0199546,-6.9379935
8222,2026-08-12,-0.14189172,-0.21706995,0.020415323,0.023468088,-6.9499154
6733,2026-08-12,-0.106126264,-0.14373137,0.0152580645,0.016742716,-6.954965
2530,2026-08-12,-0.13841707,-0.14581314,0.019843651,0.022971025,-6.9750314
8488,2026-08-12,-0.120776795,-0.12471488,0.017264547,0.015232565,-6.995249
2616,2026-08-12,-0.15225919,-0.1758893,0.021763159,0.026496043,-6.995868
5498,2026-08-12,-0.13724898,-0.24558145,0.01958873,0.020920822,-7.0061703
6243,2026-08-12,-0.16190077,-0.26234257,0.02307967,0.029099423,-7.0145617
1582,2026-08-12,-0.10464675,-0.20913416,0.014917088,0.023583962,-7.014756
6116,2026-08-12,-0.16824108,-0.28053764,0.023941109,0.02814018,-7.026995
6761,2026-08-12,-0.13246758,-0.24740805,0.018806577,0.025522757,-7.043309
3521,2026-08-12,-0.12341809,-0.18623024,0.01749989,0.01864911,-7.0521035
4903,2026-08-12,-0.16667016,-0.25474077,0.023632945,0.03226046,-7.052151
2049,2026-08-12,-0.13967626,-0.13438563,0.019732203,0.020499416,-7.078235
3628,2026-08-12,-0.09677039,-0.19595528,0.013652458,0.019241223,-7.0876102
5306,2026-08-12,-0.10235636,-0.07703579,0.01442701,0.014076065,-7.094281
1108,2026-08-12,-0.09427163,-0.08641814,0.013189081,0.015419874,-7.1471605
3489,2026-08-12,-0.18833949,-0.214936,0.026332002,0.025933553,-7.152222
3047,2026-08-12,-0.13469896,-0.17723106,0.018821575,0.022658406,-7.1562448
4160,2026-08-12,-0.13913769,-0.27405074,0.019430155,0.024799708,-7.1605463
6716,2026-08-12,-0.13535282,-0.22505395,0.018891798,0.02866326,-7.1642547
5481,2026-08-12,-0.1529665,-0.18617602,0.021310268,0.019601814,-7.1777287
4563,2026-08-12,-0.11689739,-0.20148207,0.016276466,0.018106487,-7.181547
4743,2026-08-12,-0.14501213,-0.22208227,0.020189265,0.022744328,-7.1822796
6953,2026-08-12,-0.09528994,-0.22531493,0.013263169,0.01809456,-7.184011
6221,2026-08-12,-0.13579512,-0.1386269,0.018851062,0.017695267,-7.203197
3623,2026-08-12,-0.10357098,-0.20755829,0.014328607,0.016631786,-7.2277613
6414,2026-08-12,-0.13672934,-0.17367585,0.018913776,0.01927843,-7.2287054
6508,2026-08-12,-0.09542203,-0.111425355,0.01319385,0.014000179,-7.231763
1530,2026-08-12,-0.108500354,-0.12461866,0.014987909,0.015455829,-7.238709
5531,2026-08-12,-0.10083572,-0.09990147,0.013890415,0.014992502,-7.258851
3701,2026-08-12,-0.10985456,-0.22624974,0.015113399,0.018162055,-7.268205
4413,2026-08-12,-0.15415841,-0.1866749,0.021192042,0.02486792,-7.2740107
3040,2026-08-12,-0.11366357,-0.17854926,0.015566058,0.016613163,-7.301544
3663,2026-08-12,-0.114393935,-0.18428458,0.015656631,0.019532917,-7.305954
2477,2026-08-12,-0.12319838,-0.18223503,0.016838433,0.01978007,-7.3160644
1789,2026-08-12,-0.1317127,-0.1044065,0.017986324,0.017200282,-7.3225293
5392,2026-08-12,-0.16559085,-0.21052773,0.022587407,0.02624344,-7.330789
6804,2026-08-12,-0.11768877,-0.11309063,0.016046442,0.01644506,-7.333802
6952,2026-08-12,-0.13968644,-0.16666278,0.01904535,0.021192294,-7.334027
5381,2026-08-12,-0.16832815,-0.28854784,0.022943573,0.024822395,-7.3362947
9918,2026-08-12,-0.11371564,-0.10118689,0.015486886,0.017420813,-7.3422313
2929,2026-08-12,-0.11888313,-0.11819733,0.016170999,0.01751931,-7.351171
7722,2026-08-12,-0.10800161,-0.14530367,0.014685059,0.01825024,-7.3540225
6488,2026-08-12,-0.12059438,-0.20473191,0.01639135,0.019058356,-7.3567476
6591,2026-08-12,-0.09335198,-0.17678873,0.012682274,0.015654873,-7.3602433
9914,2026-08-12,-0.13103333,-0.114374764,0.01774755,0.020830732,-7.382763
1529,2026-08-12,-0.1810225,-0.27922744,0.024498675,0.024523376,-7.388771
7584,2026-08-12,-0.109494224,-0.17637275,0.014811657,0.015777772,-7.3919363
3073,2026-08-12,-0.10821889,-0.16476692,0.014573192,0.019475844,-7.4253783
4912,2026-08-12,-0.11895522,-0.16793248,0.01598631,0.017235128,-7.4406023
2516,2026-08-12,-0.16157605,-0.15017767,0.021654049,0.022567451,-7.4613566
8099,2026-08-12,-0.11411309,-0.1887894,0.015283532,0.020335816,-7.4659195
6462,2026-08-12,-0.14588003,-0.2532271,0.0195367,0.023545407,-7.4665914
4430,2026-08-12,-0.119366154,-0.19759598,0.015967987,0.01880671,-7.474873
8342,2026-08-12,-0.099426694,-0.14472485,0.013297583,0.01629061,-7.4764876
6913,2026-08-12,-0.12690537,-0.21200904,0.016971666,0.01748859,-7.4770436
6712,2026-08-12,-0.13830702,-0.14230989,0.018470315,0.018069696,-7.4876647
2221,2026-08-12,-0.13665186,-0.16960952,0.018210394,0.026595015,-7.503646
3060,2026-08-12,-0.12622684,-0.21529344,0.016816705,0.018017884,-7.5055923
1904,2026-08-12,-0.14434846,-0.07989855,0.019212196,0.022520157,-7.512985
1325,2026-08-12,-0.12634161,-0.18611874,0.016754963,0.018566567,-7.5400987
3226,2026-08-12,-0.10521342,-0.13363904,0.013949938,0.019059118,-7.541673
7736,2026-08-12,-0.09671935,-0.11504971,0.012786722,0.017071744,-7.563454
1440,2026-08-12,-0.11152228,-0.107819445,0.014713865,0.01535238,-7.5788856
2038,2026-08-12,-0.10656152,-0.14945589,0.014054063,0.015977666,-7.5817175
8110,2026-08-12,-0.17457914,-0.23947208,0.022998635,0.022291318,-7.590518
3520,2026-08-12,-0.12571204,-0.15630601,0.01655722,0.013833266,-7.5921226
1295,2026-08-12,-0.13891153,-0.23129867,0.01829307,0.021707796,-7.5932546
6841,2026-08-12,-0.08391197,-0.116921574,0.011030544,0.013461258,-7.6065483
6516,2026-08-12,-0.11074262,-0.17519729,0.014557336,0.017568894,-7.606818
6492,2026-08-12,-0.07208024,-0.10607681,0.009473048,0.012347738,-7.608177
4577,2026-08-12,-0.1152544,-0.23093523,0.015138514,0.017026104,-7.61282
8908,2026-08-12,-0.14557791,-0.14355843,0.019068863,0.020653853,-7.633925
1599,2026-08-12,-0.10708863,-0.1928983,0.014021005,0.014808938,-7.637184
3002,2026-08-12,-0.13463752,-0.1787735,0.017557945,0.023383996,-7.667745
1454,2026-08-12,-0.12485688,-0.17779751,0.016278548,0.017426176,-7.669554
6588,2026-08-12,-0.2479012,-0.3861168,0.03223787,0.040406227,-7.689513
2601,2026-08-12,-0.10188718,-0.06090037,0.013249109,0.017646508,-7.6895356
8089,2026-08-12,-0.18156104,-0.22078346,0.02359773,0.028538223,-7.6936784
2106,2026-08-12,-0.11169191,-0.054462608,0.014461251,0.015060935,-7.7229958
6469,2026-08-12,-0.12781933,-0.17910172,0.016539004,0.017982295,-7.72789
1532,2026-08-12,-0.09231698,-0.08471138,0.011939944,0.012715035,-7.7311287
3205,2026-08-12,-0.09849685,-0.13239846,0.012696854,0.015715588,-7.756968
6558,2026-08-12,-0.119324714,-0.21624893,0.015380839,0.01726368,-7.7575064
8931,2026-08-12,-0.12855949,-0.14042674,0.01656043,0.02129425,-7.7625837
1732,2026-08-12,-0.10315167,-0.15098375,0.013266297,0.018111683,-7.774882
6204,2026-08-12,-0.14632179,-0.18790793,0.018815646,0.021245865,-7.7761884
8917,2026-08-12,-0.15477143,-0.1569325,0.019823933,0.021172415,-7.806908
6220,2026-08-12,-0.08775352,-0.14185071,0.011214021,0.013682424,-7.8246417
5278,2026-08-12,-0.11894096,-0.12706694,0.015180916,0.01744355,-7.834384
3004,2026-08-12,-0.103396825,-0.14675952,0.01316996,0.013501415,-7.8503633
6931,2026-08-12,-0.11133702,-0.13564117,0.014175663,0.016941123,-7.8535423
7714,2026-08-12,-0.1709452,-0.23930712,0.021761613,0.024917323,-7.854994
6167,2026-08-12,-0.13771795,-0.20311078,0.017492,0.02627412,-7.872746
1447,2026-08-12,-0.12659457,-0.0828101,0.016064059,0.01940971,-7.880119
1710,2026-08-12,-0.16260986,-0.22019602,0.020628506,0.025257312,-7.882392
8404,2026-08-12,-0.13987888,-0.14745004,0.017728206,0.020611953,-7.8897433
4148,2026-08-12,-0.11549624,-0.14126149,0.014629623,0.015154724,-7.8941436
3032,2026-08-12,-0.11104507,-0.18406454,0.014058658,0.018478064,-7.898134
1337,2026-08-12,-0.12545939,-0.15839052,0.015865067,0.015159669,-7.907403
3416,2026-08-12,-0.12239112,-0.1436461,0.015458807,0.020071229,-7.91673
6620,2026-08-12,-0.10807475,-0.11576217,0.013632907,0.014779653,-7.9269094
6130,2026-08-12,-0.17368904,-0.22061037,0.021862095,0.02638933,-7.9443936
5302,2026-08-12,-0.13266478,-0.124084234,0.0166869,0.016940625,-7.949759
6446,2026-08-12,-0.13364986,-0.13482971,0.01679629,0.019871613,-7.9566317
1233,2026-08-12,-0.08508732,-0.08983874,0.010690883,0.012829964,-7.958123
3206,2026-08-12,-0.10599062,-0.17376205,0.013316978,0.022291748,-7.9584618
4137,2026-08-12,-0.09737452,-0.088699594,0.012231481,0.012758906,-7.9603243
8112,2026-08-12,-0.15377453,-0.15571089,0.019286005,0.019267596,-7.9729605
1338,2026-08-12,-0.095252305,-0.11470556,0.011944141,0.013093136,-7.9741464
2103,2026-08-12,-0.13772126,-0.14562136,0.017266447,0.018833157,-7.9757743
7712,2026-08-12,-0.1038891,-0.18921676,0.012924617,0.022498403,-8.037457
5465,2026-08-12,-0.14312074,-0.16212848,0.017780278,0.023726726,-8.048957
2348,2026-08-12,-0.118377775,-0.11231089,0.014692322,0.016456952,-8.056569
2031,2026-08-12,-0.19096266,-0.14142232,0.023679506,0.021489128,-8.064129
4426,2026-08-12,-0.11177761,-0.14584827,0.013851893,0.01755708,-8.0689
8937,2026-08-12,-0.22660376,-0.32911232,0.028077854,0.032543223,-8.070264
7642,2026-08-12,-0.10884808,-0.11402834,0.013481195,0.015772484,-8.073468
8438,2026-08-12,-0.15613796,-0.28422865,0.0192903,0.025802528,-8.093698
4164,2026-08-12,-0.1261163,-0.10898111,0.01554285,0.017033394,-8.113583
1524,2026-08-12,-0.11302377,-0.17167644,0.013912285,0.015743054,-8.123443
3323,2026-08-12,-0.19252537,-0.28536397,0.023692282,0.02725363,-8.125736
6205,2026-08-12,-0.134791,-0.22664928,0.016583517,0.020424165,-8.127521
7547,2026-08-12,-0.11101309,-0.20264363,0.013625211,0.02166501,-8.147025
2901,2026-08-12,-0.1337186,-0.17414968,0.016367614,0.019418344,-8.169207
3511,2026-08-12,-0.10715596,-0.13990034,0.013100425,0.01686431,-8.178954
8072,2026-08-12,-0.10876689,-0.22542372,0.013296356,0.01816167,-8.179587
3339,2026-08-12,-0.17058897,-0.28445688,0.020802801,0.02076254,-8.199894
6742,2026-08-12,-0.11381944,-0.10270856,0.013857126,0.013291312,-8.213191
3504,2026-08-12,-0.12018674,-0.21199651,0.014602108,0.017724937,-8.230216
1569,2026-08-12,-0.11366311,-0.23956186,0.013808673,0.020173559,-8.230687
6616,2026-08-12,-0.12033534,-0.12709981,0.014608471,0.018122433,-8.236803
5530,2026-08-12,-0.123840556,-0.09407798,0.015031133,0.01546704,-8.238389
1259,2026-08-12,-0.13775946,-0.17130865,0.01667191,0.018122725,-8.262472
8473,2026-08-12,-0.110503465,-0.049271997,0.013371708,0.014676334,-8.263357
6624,2026-08-12,-0.15175281,-0.24634102,0.018334132,0.023383573,-8.276614
4109,2026-08-12,-0.090925835,-0.14555168,0.010984156,0.016608808,-8.277154
4726,2026-08-12,-0.15288547,-0.18007097,0.018464288,0.01971181,-8.279614
5202,2026-08-12,-0.1498132,-0.22814195,0.018086256,0.021146549,-8.2828045
1525,2026-08-12,-0.13656929,-0.16183789,0.016485779,0.017930452,-8.283565
4968,2026-08-12,-0.12497017,-0.2713977,0.015050947,0.01857752,-8.302591
6794,2026-08-12,-0.14594232,-0.19214113,0.017553767,0.016231975,-8.313543
4746,2026-08-12,-0.15893319,-0.20084672,0.019090015,0.024583869,-8.325026
4113,2026-08-12,-0.1389595,-0.14211558,0.016608594,0.017551579,-8.366219
1201,2026-08-12,-0.12263416,-0.10006013,0.014650305,0.017257119,-8.370187
4556,2026-08-12,-0.17331234,-0.22663632,0.020700756,0.023062145,-8.371866
1225,2026-08-12,-0.12940092,-0.19538276,0.0153906355,0.014109359,-8.407224
3322,2026-08-12,-0.15145545,-0.23909934,0.018012814,0.021023737,-8.407739
3092,2026-08-12,-0.15915622,-0.24327844,0.018916227,0.024837216,-8.413296
3564,2026-08-12,-0.16860293,-0.19378154,0.02001333,0.017308569,-8.42411
1312,2026-08-12,-0.12011466,-0.20695646,0.014247066,0.018863916,-8.430243
3685,2026-08-12,-0.15294264,-0.17191942,0.018121913,0.017417338,-8.439186
6150,2026-08-12,-0.1438531,-0.22128476,0.017021671,0.015249498,-8.450677
8084,2026-08-12,-0.22224909,-0.24290447,0.026274199,0.027449064,-8.458512
4441,2026-08-12,-0.09499027,-0.15066133,0.011221893,0.015848393,-8.463973
1466,2026-08-12,-0.1333527,-0.17982057,0.015694419,0.018850334,-8.496282
3379,2026-08-12,-0.17931078,-0.27830648,0.020982804,0.025078177,-8.545199
4540,2026-08-12,-0.121571064,-0.20112635,0.014215522,0.020229688,-8.551393
2312,2026-08-12,-0.15330979,-0.26843998,0.017903205,0.022791656,-8.562781
6582,2026-08-12,-0.11072161,-0.053377416,0.012900343,0.012706245,-8.582177
8467,2026-08-12,-0.15608764,-0.21394132,0.01816984,0.01697937,-8.590006
1742,2026-08-12,-0.16561833,-0.2147549,0.01924994,0.020725762,-8.603129
4171,2026-08-12,-0.132562,-0.16369274,0.015307542,0.014195847,-8.6593485
5450,2026-08-12,-0.1411882,-0.15573546,0.016207527,0.016732069,-8.710736
6578,2026-08-12,-0.09678034,-0.12905891,0.011108316,0.01777207,-8.711638
3712,2026-08-12,-0.2873848,-0.30967113,0.03297878,0.03355609,-8.71397
3631,2026-08-12,-0.17241237,-0.18607144,0.019782135,0.019811954,-8.715118
6108,2026-08-12,-0.19751902,-0.22242199,0.022599958,0.028717207,-8.739409
6695,2026-08-12,-0.15769897,-0.22445306,0.018035995,0.02500091,-8.743085
1203,2026-08-12,-0.117936894,-0.10389673,0.0134645775,0.0139305275,-8.758398
4549,2026-08-12,-0.13681838,-0.22438905,0.015619221,0.020759135,-8.759055
1584,2026-08-12,-0.10451018,-0.14517745,0.0119296415,0.014241796,-8.759812
7820,2026-08-12,-0.15540518,-0.2257713,0.017720856,0.021166392,-8.769125
2476,2026-08-12,-0.2725965,-0.49955025,0.031070653,0.041235194,-8.773157
8429,2026-08-12,-0.08348479,-0.08706786,0.00949938,0.013551409,-8.78752
1583,2026-08-12,-0.14982368,-0.16086139,0.017045826,0.017688153,-8.788949
2250,2026-08-12,-0.17124416,-0.24308443,0.019481856,0.017777802,-8.789479
3501,2026-08-12,-0.14678095,-0.17923565,0.016653143,0.018332785,-8.813479
6965,2026-08-12,-0.13336737,-0.14435911,0.015098069,0.015197132,-8.832821
6629,2026-08-12,-0.12749213,-0.12858051,0.014416426,0.018877095,-8.842918
8436,2026-08-12,-0.14499737,-0.15733589,0.016385386,0.019876232,-8.848649
8431,2026-08-12,-0.18951286,-0.3244376,0.021363372,0.027507676,-8.870509
4994,2026-08-12,-0.11144773,-0.16589145,0.012504353,0.0146724675,-8.912002
4166,2026-08-12,-0.12906452,-0.105222054,0.01441532,0.012985439,-8.952667
4157,2026-08-12,-0.13254802,-0.19260146,0.014796289,0.013678723,-8.957588
2939,2026-08-12,-0.13574228,-0.16976699,0.015144051,0.021476803,-8.962814
3441,2026-08-12,-0.23916474,-0.33970758,0.026678042,0.032424774,-8.964518
1517,2026-08-12,-0.17719822,-0.18400548,0.019742299,0.01966068,-8.975106
1595,2026-08-12,-0.2200538,-0.33442107,0.024466906,0.033616595,-8.993569
5227,2026-08-12,-0.119516335,-0.2032207,0.013245154,0.015290484,-9.022719
1310,2026-08-12,-0.19252084,-0.2801201,0.021323245,0.026826981,-9.02826
5426,2026-08-12,-0.21749093,-0.19910266,0.024011707,0.02202789,-9.057326
6649,2026-08-12,-0.17217077,-0.20174505,0.019000268,0.02520301,-9.061015
8040,2026-08-12,-0.113236256,-0.2113685,0.012477796,0.019082686,-9.074293
4190,2026-08-12,-0.11887256,-0.15762745,0.0130895255,0.017058438,-9.080809
6113,2026-08-12,-0.118155725,-0.16171436,0.0130098,0.014953709,-9.081358
6596,2026-08-12,-0.10323497,-0.11692279,0.0113524245,0.016840527,-9.092849
6532,2026-08-12,-0.23451748,-0.35011765,0.025704844,0.029599858,-9.123119
2543,2026-08-12,-0.1256423,-0.17585294,0.013756878,0.018918203,-9.132389
2241,2026-08-12,-0.17789201,-0.22180663,0.019420259,0.023892378,-9.159654
1605,2026-08-12,-0.17633334,-0.22841415,0.019191667,0.018690268,-9.187536
1236,2026-08-12,-0.14661537,-0.20849857,0.015950184,0.017378164,-9.191504
1725,2026-08-12,-0.17158486,-0.1903697,0.018663704,0.014998226,-9.193012
6292,2026-08-12,-0.18260147,-0.20143232,0.019846708,0.021665176,-9.200129
6496,2026-08-12,-0.13328138,-0.2263799,0.0144782085,0.018551791,-9.205018
4419,2026-08-12,-0.12805194,-0.14608608,0.013902823,0.014832226,-9.209836
2231,2026-08-12,-0.14009458,-0.23107313,0.0151985865,0.022757096,-9.216999
6275,2026-08-12,-0.16914202,-0.28205308,0.01831687,0.020437066,-9.233716
1308,2026-08-12,-0.12817201,-0.16298443,0.013879343,0.01426375,-9.234066
2030,2026-08-12,-0.1835548,-0.18987282,0.019756956,0.021632778,-9.290172
2524,2026-08-12,-0.123206526,-0.09870759,0.013259173,0.013091336,-9.2914715
6152,2026-08-12,-0.16258973,-0.22513328,0.017479206,0.025271568,-9.301362
4198,2026-08-12,-0.11609912,-0.15232877,0.012462869,0.018029146,-9.314854
8454,2026-08-12,-0.1277088,-0.1329564,0.013632373,0.014119675,-9.367366
6538,2026-08-12,-0.17994961,-0.22616772,0.019180723,0.023521112,-9.381306
3594,2026-08-12,-0.20088671,-0.26058224,0.021379411,0.024656538,-9.39583
6431,2026-08-12,-0.096466556,-0.09292445,0.010203041,0.01563114,-9.45376
6432,2026-08-12,-0.22627774,-0.23928595,0.023871861,0.028894834,-9.478451
4911,2026-08-12,-0.1251182,-0.19768515,0.013147542,0.013456789,-9.515746
2756,2026-08-12,-0.13091311,-0.19812062,0.013743706,0.0128781535,-9.52462
3669,2026-08-12,-0.1727325,-0.22715963,0.018131394,0.01985182,-9.526183
3652,2026-08-12,-0.16442865,-0.19271262,0.017259426,0.018150458,-9.526338
9136,2026-08-12,-0.23850714,-0.26814622,0.02497302,0.025082555,-9.55021
4976,2026-08-12,-0.17679092,-0.29177395,0.0184735,0.023320936,-9.569456
6166,2026-08-12,-0.13681468,-0.15178442,0.0142849665,0.018796803,-9.5768585
4438,2026-08-12,-0.13928159,-0.16047885,0.014529087,0.01417596,-9.585736
6919,2026-08-12,-0.18480091,-0.18011943,0.019276509,0.01911985,-9.586348
1409,2026-08-12,-0.22656056,-0.30949956,0.02350421,0.026226217,-9.638738
4571,2026-08-12,-0.1609443,-0.19004533,0.016688045,0.02071391,-9.643709
3609,2026-08-12,-0.17439623,-0.20107405,0.018013038,0.0210712,-9.681129
1903,2026-08-12,-0.16034289,-0.12557252,0.016538998,0.016141709,-9.69425
1449,2026-08-12,-0.143455,-0.17983167,0.014784073,0.016220858,-9.702691
2012,2026-08-12,-0.15833603,-0.14314315,0.016305415,0.017263442,-9.710045
1905,2026-08-12,-0.1725088,-0.1683328,0.017623702,0.019655477,-9.787899
6218,2026-08-12,-0.13922267,-0.2751438,0.014216489,0.024403123,-9.792353
3438,2026-08-12,-0.150483,-0.24342589,0.015283328,0.023722975,-9.845575
6569,2026-08-12,-0.14377172,-0.16636518,0.014575899,0.01602106,-9.862984
5283,2026-08-12,-0.13162966,-0.1732549,0.013342134,0.016813926,-9.864973
6928,2026-08-12,-0.15865245,-0.16479127,0.016063305,0.017917514,-9.876086
7780,2026-08-12,-0.116483785,-0.10044335,0.01175281,0.012889576,-9.910299
1435,2026-08-12,-0.20987937,-0.1432149,0.021121942,0.023706138,-9.936086
1563,2026-08-12,-0.19854838,-0.21215855,0.0198283,0.020933533,-10.012878
7788,2026-08-12,-0.12923257,-0.1551416,0.012899884,0.016712824,-10.017342
6541,2026-08-12,-0.21222058,-0.20856959,0.021047812,0.02414776,-10.082307
2451,2026-08-12,-0.23137942,-0.33228862,0.022931462,0.02848266,-10.089602
6148,2026-08-12,-0.21856931,-0.32658392,0.021491028,0.027178943,-10.169785
6890,2026-08-12,-0.106636666,-0.11279753,0.010469037,0.015994262,-10.184937
1786,2026-08-12,-0.20567514,-0.27719098,0.020187244,0.022279536,-10.187867
4163,2026-08-12,-0.20638558,-0.2042092,0.020245582,0.02198826,-10.193602
6294,2026-08-12,-0.15122867,-0.24756606,0.0148106245,0.01842056,-10.210134
6934,2026-08-12,-0.14611654,-0.18079121,0.014298688,0.016552338,-10.218163
2254,2026-08-12,-0.16647078,-0.19521919,0.016269624,0.015732938,-10.23137
1455,2026-08-12,-0.16715933,-0.18559755,0.016311362,0.015732748,-10.247402
1443,2026-08-12,-0.13585147,-0.14308819,0.013096841,0.016322969,-10.37205
1784,2026-08-12,-0.18219398,-0.28456262,0.017550614,0.020570723,-10.380468
3346,2026-08-12,-0.14888003,-0.13753162,0.014341016,0.017940246,-10.380691
4119,2026-08-12,-0.24920739,-0.21548782,0.02393298,0.021162376,-10.412284
2413,2026-08-12,-0.17681055,-0.2609089,0.016960137,0.023845918,-10.424452
4128,2026-08-12,-0.14911412,-0.17708851,0.014299731,0.012843088,-10.427028
2514,2026-08-12,-0.118042596,-0.15132299,0.011314613,0.013300045,-10.431834
2364,2026-08-12,-0.14410172,-0.20152734,0.013810842,0.016026102,-10.433201
2417,2026-08-12,-0.25072387,-0.2748085,0.023954641,0.022057004,-10.466172
6937,2026-08-12,-0.19481932,-0.2509337,0.018604817,0.019634938,-10.470882
8472,2026-08-12,-0.17146903,-0.18014176,0.016297383,0.01649863,-10.520616
1616,2026-08-12,-0.15536816,-0.20835915,0.014760153,0.021450352,-10.5254755
6504,2026-08-12,-0.20681968,-0.24651742,0.019636972,0.023422997,-10.531621
5258,2026-08-12,-0.16843723,-0.22735652,0.01593085,0.018853385,-10.572358
2239,2026-08-12,-0.16466026,-0.19079237,0.015539495,0.015322606,-10.59556
2230,2026-08-12,-0.24159394,-0.2877157,0.022711128,0.02153848,-10.637221
2032,2026-08-12,-0.18227825,-0.22781195,0.017080532,0.018245455,-10.671071
9955,2026-08-12,-0.16954194,-0.2580202,0.015821612,0.023473196,-10.715168
6657,2026-08-12,-0.16515268,-0.233954,0.01523098,0.019328536,-10.842496
3025,2026-08-12,-0.15730467,-0.23779884,0.014408559,0.018617315,-10.916689
6499,2026-08-12,-0.16369939,-0.26873904,0.0149898045,0.020846251,-10.919987
2017,2026-08-12,-0.21063808,-0.22597495,0.019268667,0.026025351,-10.931069
3543,2026-08-12,-0.26997715,-0.32940552,0.024590675,0.027106699,-10.978396
6546,2026-08-12,-0.24855861,-0.33641052,0.022502666,0.025828619,-11.045249
8011,2026-08-12,-0.1731077,-0.24902433,0.0156249935,0.019177759,-11.078189
5263,2026-08-12,-0.13253161,-0.16097069,0.01192885,0.013099309,-11.109243
6233,2026-08-12,-0.1518884,-0.21626489,0.013643857,0.012990803,-11.131549
9919,2026-08-12,-0.16250324,-0.2041309,0.014585832,0.019774308,-11.140407
5907,2026-08-12,-0.2006431,-0.22171672,0.017921364,0.01428118,-11.195125
7799,2026-08-12,-0.21439114,-0.27265346,0.019137817,0.019576903,-11.201901
5487,2026-08-12,-0.16120125,-0.23479995,0.014367635,0.01601648,-11.218967
1456,2026-08-12,-0.16848256,-0.2206483,0.014960091,0.014122012,-11.261382
5474,2026-08-12,-0.17160138,-0.2599612,0.015088533,0.016321452,-11.372212
5291,2026-08-12,-0.22736572,-0.39466634,0.019879444,0.022485413,-11.436652
2102,2026-08-12,-0.15794697,-0.13697271,0.013807714,0.014755309,-11.4382105
2331,2026-08-12,-0.17239015,-0.22371216,0.015017263,0.014546048,-11.478701
1799,2026-08-12,-0.20591415,-0.25894606,0.017819079,0.02159353,-11.555177
3066,2026-08-12,-0.22102703,-0.28620726,0.01906037,0.019066341,-11.595548
2009,2026-08-12,-0.17327286,-0.17515898,0.014938417,0.018217513,-11.598369
8927,2026-08-12,-0.19257244,-0.14039339,0.016598482,0.02568591,-11.601111
1736,2026-08-12,-0.22750317,-0.22369547,0.01958304,0.01740693,-11.616763
6133,2026-08-12,-0.24926695,-0.29777622,0.021408966,0.025830302,-11.642567
6823,2026-08-12,-0.19020125,-0.30554187,0.016293915,0.01826465,-11.67243
4510,2026-08-12,-0.23401478,-0.38089687,0.020040778,0.025303356,-11.676348
1235,2026-08-12,-0.19495574,-0.22973107,0.016688045,0.018308036,-11.681659
1321,2026-08-12,-0.13532089,-0.14863229,0.011570424,0.015664812,-11.694402
4127,2026-08-12,-0.2636658,-0.24121134,0.022308089,0.021120505,-11.818761
4737,2026-08-12,-0.17218415,-0.16111024,0.014465182,0.016395956,-11.902529
8374,2026-08-12,-0.21489963,-0.2960181,0.01803686,0.020838875,-11.91381
4566,2026-08-12,-0.18756208,-0.2317315,0.015698837,0.021558745,-11.946753
8905,2026-08-12,-0.17746283,-0.17509703,0.014827576,0.018599398,-11.967625
3176,2026-08-12,-0.18924516,-0.17188439,0.015649684,0.017852986,-12.091814
1536,2026-08-12,-0.20790745,-0.29559767,0.017014243,0.02414065,-12.218894
1316,2026-08-12,-0.25501135,-0.31099913,0.020785747,0.025179485,-12.267978
2014,2026-08-12,-0.13663363,-0.11648267,0.011102485,0.012186546,-12.305473
2022,2026-08-12,-0.2072827,-0.26521885,0.016819268,0.02062487,-12.323388
6957,2026-08-12,-0.18543221,-0.15069123,0.014999278,0.01836719,-12.361918
1414,2026-08-12,-0.21672145,-0.2214315,0.017524473,0.021218764,-12.366082
1410,2026-08-12,-0.23632099,-0.3068021,0.019082427,0.021213798,-12.383572
6418,2026-08-12,-0.14914246,-0.227677,0.011965787,0.01756222,-12.463033
6441,2026-08-12,-0.20092487,-0.29402104,0.016114516,0.019224968,-12.46779
4303,2026-08-12,-0.22206001,-0.2679759,0.017773869,0.02176271,-12.49292
8071,2026-08-12,-0.19599086,-0.24232228,0.015506225,0.020129561,-12.63868
5321,2026-08-12,-0.26623243,-0.24792337,0.020987827,0.020928865,-12.684484
6603,2026-08-12,-0.22674058,-0.2969515,0.0177766,0.022259714,-12.754286
2614,2026-08-12,-0.16637008,-0.23697187,0.012999319,0.017998641,-12.797384
1110,2026-08-12,-0.16476618,-0.1393935,0.0128217405,0.0154787535,-12.849529
1522,2026-08-12,-0.19773503,-0.19620821,0.015268799,0.01717421,-12.949419
5608,2026-08-12,-0.20438586,-0.23962739,0.015643844,0.01962797,-13.064103
4562,2026-08-12,-0.24599367,-0.35039023,0.01868757,0.023386436,-13.1627865
5521,2026-08-12,-0.1705695,-0.22403806,0.012948792,0.019465588,-13.1716
8171,2026-08-12,-0.17908815,-0.25312197,0.0134609295,0.02403666,-13.303304
4142,2026-08-12,-0.2228412,-0.25805303,0.016677886,0.020945068,-13.360676
6743,2026-08-12,-0.28759366,-0.28616032,0.021473488,0.02776288,-13.392341
6870,2026-08-12,-0.27900732,-0.27571842,0.020415878,0.02271936,-13.665523
4561,2026-08-12,-0.19945812,-0.27866513,0.014471562,0.018771013,-13.781812
1526,2026-08-12,-0.23818727,-0.2755914,0.017018493,0.025578603,-13.994968
6933,2026-08-12,-0.22690907,-0.33560988,0.016009597,0.025250997,-14.17243
3234,2026-08-12,-0.20536868,-0.26034325,0.014416865,0.023476068,-14.244042
2033,2026-08-12,-0.22206625,-0.25198233,0.015564082,0.017923981,-14.26695
6589,2026-08-12,-0.25287864,-0.2610026,0.01769792,0.018878452,-14.287801
6141,2026-08-12,-0.2696692,-0.27100927,0.018859647,0.019437129,-14.297982
4414,2026-08-12,-0.19693603,-0.18651418,0.013545002,0.015834471,-14.538314
8354,2026-08-12,-0.22563839,-0.25055382,0.015219647,0.019097297,-14.824493
4147,2026-08-12,-0.22349432,-0.29214662,0.01456614,0.02190548,-15.3423605
4174,2026-08-12,-0.21777608,-0.32957643,0.014169602,0.023407679,-15.368159
7777,2026-08-12,-0.3627702,-0.38825175,0.023324704,0.024685731,-15.55238
8044,2026-08-12,-0.18474013,-0.17677823,0.011575312,0.014662913,-15.958461
2104,2026-08-12,-0.20718503,-0.23260184,0.012448913,0.016131006,-16.641483
6668,2026-08-12,-0.19251269,-0.2158212,0.011299974,0.015667586,-17.035051
