stock_id,Date,Score_20d,Score_60d,Unc_20d,Unc_60d,SQ_20d
2357,2026-08-03,0.19405903,0.19561611,0.015125635,0.020339396,12.828962
2455,2026-08-03,0.33552077,0.32255924,0.026816797,0.032660358,12.511124
3661,2026-08-03,0.17883511,0.19443916,0.01462128,0.01707148,12.230316
3708,2026-08-03,0.3364669,0.3656786,0.027701797,0.028413579,12.145594
6584,2026-08-03,0.15765688,0.106316485,0.013440899,0.015785417,11.7287655
6691,2026-08-03,0.16087815,0.17208427,0.013759938,0.019309573,11.690928
3711,2026-08-03,0.27770075,0.2873246,0.023769697,0.028226765,11.682483
5475,2026-08-03,0.38953623,0.25871637,0.034240674,0.028164154,11.376086
6789,2026-08-03,0.1540738,0.15640669,0.013654943,0.017174957,11.282546
2486,2026-08-03,0.5687154,0.45372376,0.051083613,0.06060725,11.1328125
5288,2026-08-03,0.17454141,0.13798752,0.016052036,0.021572838,10.872798
5464,2026-08-03,0.40498084,0.2942902,0.037999727,0.03788878,10.657187
3227,2026-08-03,0.1882947,0.118287645,0.017689059,0.01713203,10.644096
6982,2026-08-03,0.17765999,0.17056097,0.016818184,0.019759202,10.562937
3596,2026-08-03,0.15010966,0.1353622,0.014667441,0.017125389,10.233512
3044,2026-08-03,0.24343826,0.24340571,0.02384149,0.02838593,10.21027
3014,2026-08-03,0.13876197,0.11621399,0.013613945,0.017525228,10.191886
6021,2026-08-03,0.23035263,0.2619646,0.0229022,0.03240265,10.057661
2421,2026-08-03,0.14248551,0.1040209,0.014277113,0.018936409,9.979296
2393,2026-08-03,0.17090808,0.14681916,0.01722006,0.017260933,9.924365
5536,2026-08-03,0.12151125,0.1036019,0.012251031,0.014621517,9.917642
6121,2026-08-03,0.17607825,0.1599933,0.0179311,0.023294292,9.819164
6962,2026-08-03,0.14446518,0.1082171,0.014981761,0.016124133,9.642094
3086,2026-08-03,0.16649704,0.17811877,0.017331691,0.019306151,9.605954
3010,2026-08-03,0.13402268,0.11930509,0.014085863,0.012997496,9.514019
6443,2026-08-03,0.21656813,0.17456383,0.022831596,0.026199365,9.485042
6278,2026-08-03,0.19198103,0.1333434,0.020356068,0.026979392,9.430681
2207,2026-08-03,0.15721369,0.16777502,0.016828911,0.022746237,9.341326
6026,2026-08-03,0.1962416,0.20662858,0.021007387,0.025319917,9.341107
4960,2026-08-03,0.16942367,0.06814595,0.018393908,0.017368522,9.210357
6525,2026-08-03,0.18726318,0.080592,0.020355055,0.022930495,9.199385
3162,2026-08-03,0.11782541,0.011952255,0.012911134,0.01927157,9.125169
2383,2026-08-03,0.10992776,0.07314902,0.0121292835,0.015545198,9.062258
2402,2026-08-03,0.09406298,0.021805191,0.010412108,0.013906906,9.033132
6015,2026-08-03,0.23147269,0.28581178,0.026078276,0.027119648,8.875732
3293,2026-08-03,0.16353433,0.19624993,0.018506538,0.020683032,8.836093
4961,2026-08-03,0.19472936,0.12564455,0.022327261,0.023477893,8.721206
3406,2026-08-03,0.1090894,0.057419505,0.012555008,0.02058007,8.688223
6456,2026-08-03,0.19352151,0.14084749,0.022486944,0.022802552,8.605567
3581,2026-08-03,0.13754593,0.022548294,0.016010104,0.01617938,8.590658
6781,2026-08-03,0.11760866,0.11203289,0.0137822805,0.01337848,8.532704
8299,2026-08-03,0.11411014,0.053380635,0.013373461,0.016449377,8.531943
2338,2026-08-03,0.15796402,0.08981959,0.018528434,0.030469587,8.525032
6257,2026-08-03,0.17350817,0.1101993,0.02041537,0.024835167,8.498483
3376,2026-08-03,0.12344429,0.055620797,0.01453686,0.018778846,8.491228
3016,2026-08-03,0.3457127,0.1991313,0.04077149,0.03819396,8.479068
2458,2026-08-03,0.12839065,0.097963415,0.015238925,0.01529609,8.424625
6234,2026-08-03,0.22331555,0.13774024,0.027040428,0.029571338,8.258275
3211,2026-08-03,0.18312496,0.08850169,0.022271983,0.022523543,8.221843
2426,2026-08-03,0.24384288,0.14468995,0.029741999,0.025956294,8.198329
6735,2026-08-03,0.13311002,0.026719043,0.016266948,0.019618979,8.182348
4979,2026-08-03,0.27900988,0.24068247,0.0342351,0.032884754,8.149581
6996,2026-08-03,0.17182538,0.103840366,0.02131987,0.030188285,8.059023
3031,2026-08-03,0.14982577,0.10292269,0.018604176,0.02495747,8.052908
8046,2026-08-03,0.121866025,0.016814291,0.015167621,0.013445468,8.034087
2351,2026-08-03,0.11545722,-0.002345971,0.014374338,0.017125446,8.031618
2449,2026-08-03,0.12105465,0.031505596,0.015078145,0.017896574,8.027951
3593,2026-08-03,0.1519961,0.05056542,0.019006822,0.022479102,7.996503
1617,2026-08-03,0.18494295,0.14056177,0.02325001,0.018949829,7.95419
2376,2026-08-03,0.17465381,0.16807923,0.021974497,0.026429728,7.947662
6269,2026-08-03,0.18994258,0.13925174,0.02405979,0.028208738,7.894279
6190,2026-08-03,0.15354474,0.079603076,0.019459164,0.025698371,7.890208
3533,2026-08-03,0.124817416,0.124781564,0.015902571,0.014068427,7.848389
6409,2026-08-03,0.10962107,0.15860046,0.0140142655,0.016361544,7.821548
7749,2026-08-03,0.08102914,-0.0072023855,0.010445819,0.010822077,7.7563453
3290,2026-08-03,0.14941064,0.06737712,0.019288527,0.020105548,7.745687
5234,2026-08-03,0.11878716,0.08032207,0.015352912,0.017975193,7.736605
4958,2026-08-03,0.11621823,0.02482769,0.015057876,0.02037088,7.71759
2344,2026-08-03,0.11389382,-0.009381295,0.014846754,0.019665107,7.6707773
3689,2026-08-03,0.1313121,0.007254834,0.017149106,0.014650998,7.6566353
3709,2026-08-03,0.13140365,0.061495814,0.017190663,0.020088442,7.643452
4760,2026-08-03,0.109583296,-0.009626289,0.014432225,0.013552326,7.592433
6415,2026-08-03,0.08791593,0.038351465,0.011593668,0.013336876,7.5824447
3465,2026-08-03,0.12137181,0.07197885,0.016231209,0.015894597,7.477221
3028,2026-08-03,0.16358614,0.112981,0.02192611,0.020519951,7.460451
3624,2026-08-03,0.2141194,0.083738565,0.028796533,0.032500062,7.4353385
6271,2026-08-03,0.19099875,0.101953074,0.025775407,0.023215262,7.409828
8476,2026-08-03,0.18815435,0.11378495,0.025452036,0.024981916,7.392216
2382,2026-08-03,0.14868456,0.06877322,0.020292686,0.015967343,7.326641
3557,2026-08-03,0.17995025,0.17432968,0.024600195,0.024092274,7.3146954
6679,2026-08-03,0.10436888,-0.021851758,0.014273417,0.015819779,7.3116035
3209,2026-08-03,0.12299735,0.09445833,0.016832527,0.019331522,7.3066893
5274,2026-08-03,0.12542959,0.10301191,0.017259696,0.015111024,7.266774
3592,2026-08-03,0.12177567,0.071347825,0.016839314,0.016108735,7.2311993
2340,2026-08-03,0.116806395,0.050337993,0.016185861,0.022346037,7.2161236
3680,2026-08-03,0.16884263,0.109596424,0.023411632,0.024558313,7.211604
2478,2026-08-03,0.21314245,0.089701205,0.02976752,0.030380504,7.1599946
5410,2026-08-03,0.08379973,0.05960346,0.011756098,0.010926814,7.127586
6229,2026-08-03,0.15180054,0.13044758,0.02130208,0.01983807,7.125756
4583,2026-08-03,0.093441136,0.03899687,0.0131429825,0.011310313,7.1090426
6510,2026-08-03,0.122862265,0.058461234,0.017316915,0.020907499,7.094518
4971,2026-08-03,0.33767426,0.3035142,0.04826367,0.05116066,6.9963036
2342,2026-08-03,0.17267892,-0.0020744957,0.024715181,0.025368212,6.986472
3694,2026-08-03,0.17135385,0.05520581,0.02455259,0.030637171,6.97877
1519,2026-08-03,0.14000662,0.17758624,0.020067032,0.021831706,6.976599
3530,2026-08-03,0.092884056,-0.0013692143,0.013382816,0.012599888,6.9400277
7723,2026-08-03,0.18050545,0.07471409,0.026172265,0.03527464,6.8965583
6023,2026-08-03,0.105124,0.1431186,0.015275522,0.016316148,6.8814087
2424,2026-08-03,0.1611063,0.080834374,0.02365503,0.020585962,6.810369
6548,2026-08-03,0.15160486,0.04793747,0.022278193,0.023750506,6.8047733
1516,2026-08-03,0.11533349,0.16995735,0.016979428,0.021182183,6.7921424
3163,2026-08-03,0.24015734,0.23684072,0.035378892,0.043559395,6.7879615
3264,2026-08-03,0.18830301,0.07920412,0.027997045,0.030306425,6.725577
2375,2026-08-03,0.15715542,0.034821842,0.023413485,0.02655088,6.711889
6175,2026-08-03,0.12396479,0.01641747,0.01848097,0.02091556,6.7073364
4123,2026-08-03,0.1380118,0.07180488,0.020589486,0.024562344,6.7026973
6669,2026-08-03,0.084511265,0.084075704,0.0126670655,0.014738038,6.671205
6246,2026-08-03,0.12782413,0.043030307,0.019243874,0.022562545,6.641983
3356,2026-08-03,0.08753349,0.023436554,0.013194592,0.012719975,6.63354
2474,2026-08-03,0.10319435,0.06782484,0.0155799175,0.013189841,6.623124
8261,2026-08-03,0.1556762,0.008322522,0.023596976,0.021747949,6.597015
2399,2026-08-03,0.10938401,0.007992701,0.016607443,0.022531303,6.586048
3535,2026-08-03,0.30365562,0.25944358,0.04624424,0.043043528,6.5662026
3034,2026-08-03,0.11525302,0.10628176,0.017592568,0.018997213,6.550861
6573,2026-08-03,0.14253807,0.17340085,0.021860246,0.02199327,6.520126
6419,2026-08-03,0.09982394,-0.053656988,0.015316447,0.01794234,6.517009
1304,2026-08-03,0.13327514,0.0946795,0.020478366,0.024062298,6.5077763
2355,2026-08-03,0.12808101,0.09206616,0.019729422,0.021857878,6.491549
2472,2026-08-03,0.107437104,0.023058333,0.016587717,0.013507256,6.4765167
9946,2026-08-03,0.12157691,0.11494042,0.018850192,0.020988904,6.4492955
6640,2026-08-03,0.106095456,0.03307618,0.016479598,0.021431196,6.4375973
6138,2026-08-03,0.115896195,0.077683434,0.018051518,0.021029228,6.419946
6515,2026-08-03,0.09203712,0.0226855,0.014375401,0.012830393,6.4019585
6182,2026-08-03,0.19655149,0.07871338,0.031601723,0.035099633,6.219448
5228,2026-08-03,0.08614263,0.003900358,0.013877049,0.012378904,6.2071137
6155,2026-08-03,0.09818762,-0.023835344,0.015823416,0.019184453,6.204818
3088,2026-08-03,0.16321272,0.10691139,0.02637895,0.03265472,6.186999
6877,2026-08-03,0.1359374,0.088604115,0.022132374,0.025824506,6.1417384
4946,2026-08-03,0.10520565,0.011472192,0.017147426,0.017440462,6.135003
8103,2026-08-03,0.1270811,0.046696562,0.020740185,0.023193844,6.126993
2360,2026-08-03,0.1003746,0.08881119,0.01639605,0.01833194,6.121504
8383,2026-08-03,0.17151636,0.06811099,0.028068604,0.028260887,6.1103945
3037,2026-08-03,0.1619185,0.09490428,0.026523793,0.030008448,6.104421
6207,2026-08-03,0.18340336,0.06556685,0.030107794,0.031562418,6.091355
4526,2026-08-03,0.13520448,0.10310672,0.02222689,0.023655416,6.08265
3023,2026-08-03,0.081161596,0.08404077,0.013375198,0.015011953,6.067613
8289,2026-08-03,0.13258892,0.012334478,0.021853719,0.021868581,6.0668325
6568,2026-08-03,0.1122771,-0.029298432,0.018506717,0.023104928,6.0665016
2308,2026-08-03,0.095202334,0.09998013,0.015761795,0.015637787,6.039686
6683,2026-08-03,0.12577914,0.064588815,0.020890728,0.02246517,6.0205235
5439,2026-08-03,0.12354169,0.022487372,0.020575404,0.027447848,6.0040464
6187,2026-08-03,0.06542277,0.043682195,0.010908039,0.01528214,5.9971156
6134,2026-08-03,0.123020925,0.020221032,0.020635232,0.019169373,5.9614043
6244,2026-08-03,0.14835902,0.047740232,0.024936574,0.027983759,5.949216
4991,2026-08-03,0.4171238,0.3165944,0.07017094,0.06467294,5.9443107
8039,2026-08-03,0.12631302,0.057448756,0.02131263,0.021838466,5.9263964
6509,2026-08-03,0.1084691,0.046955474,0.018342992,0.014687628,5.9130583
4927,2026-08-03,0.16632332,-0.023230918,0.028174393,0.030697308,5.903141
3665,2026-08-03,0.07830403,0.09774074,0.013273139,0.017402085,5.8989916
6202,2026-08-03,0.09390574,0.0015984555,0.015969502,0.021504175,5.879949
6672,2026-08-03,0.07643641,-0.008913406,0.013086217,0.01697757,5.840539
1714,2026-08-03,0.22140853,0.1685771,0.037929595,0.031634606,5.837202
2454,2026-08-03,0.09613772,0.07824528,0.016536007,0.019386593,5.8134894
6654,2026-08-03,0.11875502,0.08613249,0.02046548,0.022085257,5.8024154
2493,2026-08-03,0.14095323,0.09285178,0.024441745,0.02259865,5.7666693
2495,2026-08-03,0.09228884,0.041576542,0.016018279,0.013495638,5.7611103
8024,2026-08-03,0.12053431,0.11371026,0.020970218,0.022867758,5.7476063
1476,2026-08-03,0.101152144,0.12725039,0.017648757,0.019383136,5.7310786
1326,2026-08-03,0.11593971,0.097790115,0.020260772,0.029607985,5.722091
5314,2026-08-03,0.17932831,0.05373822,0.031525776,0.03102486,5.6881275
3490,2026-08-03,0.1082832,0.06666255,0.01910746,0.019504985,5.6667676
3017,2026-08-03,0.10046422,0.11599333,0.017776288,0.019565586,5.651268
6291,2026-08-03,0.09836812,-0.006965982,0.01741119,0.01954323,5.6493826
6670,2026-08-03,0.06263165,0.06112993,0.011104835,0.0120670395,5.6395264
3236,2026-08-03,0.1322078,0.013866018,0.023471745,0.02219775,5.632396
2329,2026-08-03,0.10819941,0.006177484,0.0193615,0.025972204,5.588091
6239,2026-08-03,0.09516797,-0.007807806,0.01705052,0.026052933,5.5812016
4908,2026-08-03,0.105901815,-0.0025159994,0.018973932,0.020919336,5.5811434
5243,2026-08-03,0.07072465,-0.0027925228,0.012726081,0.017832013,5.5570207
3093,2026-08-03,0.10210797,0.013089278,0.018653953,0.018337691,5.4735045
3131,2026-08-03,0.09906138,0.021323012,0.018141007,0.014991631,5.460332
2428,2026-08-03,0.12539345,0.10069098,0.0230329,0.018741848,5.4438653
3679,2026-08-03,0.071877874,0.039239895,0.013214788,0.014631124,5.438788
9933,2026-08-03,0.07231331,0.10959193,0.013397264,0.017036332,5.3972144
6426,2026-08-03,0.08552473,-0.041445192,0.015846312,0.021999834,5.396797
3555,2026-08-03,0.1498854,0.1698622,0.027857617,0.035389744,5.380217
1313,2026-08-03,0.094496295,0.033998173,0.0175641,0.017346269,5.3797755
6862,2026-08-03,0.10773133,-0.007269186,0.02005505,0.025972474,5.3715124
1303,2026-08-03,0.13542892,0.10498425,0.025280736,0.035529085,5.3567886
2369,2026-08-03,0.18628097,0.13399683,0.034793973,0.034839384,5.353675
1213,2026-08-03,0.090041414,0.006650381,0.016840927,0.020700505,5.3462653
6217,2026-08-03,0.18864678,0.08338295,0.03546497,0.031687938,5.319093
8464,2026-08-03,0.106684715,0.15667619,0.020219218,0.019604951,5.2761407
5340,2026-08-03,0.11567351,0.0048105116,0.022157788,0.020888453,5.220209
6442,2026-08-03,0.056141432,-0.004887218,0.0107657295,0.012351772,5.214344
0050,2026-08-03,0.11938921,0.106248744,0.02297545,0.01990912,5.1961555
6127,2026-08-03,0.11262919,-0.021641327,0.021939516,0.018639918,5.1333885
6542,2026-08-03,0.0983683,0.05628968,0.019277234,0.017140724,5.1025577
5434,2026-08-03,0.07211569,0.07543421,0.014182005,0.01202283,5.084655
2385,2026-08-03,0.054640736,0.038537994,0.010771998,0.011417206,5.072008
3265,2026-08-03,0.10665662,0.0058742715,0.021115918,0.020467848,5.0507665
3444,2026-08-03,0.12094562,0.03431378,0.024054516,0.028032398,5.0277705
6903,2026-08-03,0.08439848,-0.036384024,0.016789008,0.017417926,5.0267086
3229,2026-08-03,0.1075008,0.07711729,0.021542417,0.026170956,4.98996
2484,2026-08-03,0.1521744,0.022382226,0.030503586,0.027244372,4.9885745
3413,2026-08-03,0.07196246,0.02758942,0.014460316,0.019770091,4.976204
3005,2026-08-03,0.06807912,0.101554744,0.013701533,0.016179383,4.9683604
3022,2026-08-03,0.116617456,0.03721483,0.023611879,0.02496293,4.9387226
6451,2026-08-03,0.29005292,0.24828504,0.05928264,0.064024225,4.89263
2305,2026-08-03,0.13448049,0.08951894,0.027527666,0.029385837,4.8851075
4766,2026-08-03,0.0658146,0.01714462,0.013510075,0.014371904,4.871159
8150,2026-08-03,0.093518764,0.0065032784,0.019290548,0.014677398,4.847655
8021,2026-08-03,0.112792484,0.011704312,0.023292366,0.021909475,4.8422575
4303,2026-08-03,0.088221595,0.0023389133,0.018266706,0.020454269,4.829375
6609,2026-08-03,0.08794002,0.06486476,0.01821418,0.019204225,4.8278427
2467,2026-08-03,0.07278283,0.06876561,0.015158314,0.016810376,4.801195
4977,2026-08-03,0.08936928,0.0089602405,0.018618235,0.024502749,4.799836
5351,2026-08-03,0.15464753,0.12057387,0.032512147,0.032914322,4.7564616
1432,2026-08-03,0.058941197,0.040658735,0.012471739,0.013562135,4.7256017
2345,2026-08-03,0.05367325,0.057018124,0.011378228,0.014481215,4.716774
1773,2026-08-03,0.07846057,0.0058800387,0.016670773,0.013790882,4.706192
5272,2026-08-03,0.080454774,0.015028686,0.017094959,0.023784114,4.70607
8104,2026-08-03,0.08073627,-0.009131254,0.017170891,0.01745616,4.701653
2070,2026-08-03,0.07162345,-0.0073507964,0.015234911,0.015033663,4.700963
6259,2026-08-03,0.11193643,0.04792174,0.02383596,0.024719277,4.6959186
6143,2026-08-03,0.074034214,-0.050090916,0.015963705,0.024370277,4.637368
3380,2026-08-03,0.072376125,0.03791635,0.015619624,0.013014482,4.6333694
2483,2026-08-03,0.13155878,0.017832523,0.028497111,0.02925271,4.616403
2481,2026-08-03,0.12134033,-0.015262129,0.026302079,0.0206127,4.6131606
3491,2026-08-03,0.11412034,0.113840625,0.024828915,0.026776642,4.5960827
2498,2026-08-03,0.10547296,0.043168243,0.023256231,0.028442727,4.535061
5489,2026-08-03,0.07731637,0.02322719,0.0171401,0.014916693,4.5105844
3062,2026-08-03,0.08333847,0.014360479,0.018653251,0.015226519,4.467532
3529,2026-08-03,0.07683477,0.053917535,0.017339855,0.015799694,4.430852
2605,2026-08-03,0.07244339,0.10094552,0.016395312,0.022287609,4.4182734
8213,2026-08-03,0.062774695,0.017589116,0.014223713,0.01709896,4.4130726
3217,2026-08-03,0.06381187,-0.010992718,0.014542732,0.015845193,4.387585
2317,2026-08-03,0.057306353,0.07421198,0.013135228,0.016344063,4.3624663
1586,2026-08-03,0.0789804,0.026767058,0.018125845,0.026198095,4.3570957
8455,2026-08-03,0.09259009,0.028249603,0.021353701,0.02323141,4.335818
3467,2026-08-03,0.07335267,-0.058070127,0.016971523,0.016485786,4.3218484
6223,2026-08-03,0.069581166,0.011614388,0.01626218,0.014026645,4.278448
3707,2026-08-03,0.11225791,-0.04393841,0.02625869,0.02443465,4.274914
6715,2026-08-03,0.092027776,0.06391967,0.021583846,0.021268763,4.2635365
6854,2026-08-03,0.059206225,-0.06351691,0.013965928,0.016146995,4.23903
2434,2026-08-03,0.13562147,0.051220585,0.03222895,0.033102613,4.2079334
8081,2026-08-03,0.07061037,0.031339917,0.016925799,0.014960505,4.171513
8016,2026-08-03,0.06460802,0.055612907,0.015565766,0.017182048,4.1503816
2303,2026-08-03,0.06918657,-0.020846136,0.016717603,0.025226537,4.138298
3003,2026-08-03,0.046337843,0.038729403,0.011260905,0.013631605,4.114565
2515,2026-08-03,0.08247352,0.12309273,0.020076878,0.027073024,4.107681
4716,2026-08-03,0.08592949,0.0134633565,0.021352341,0.024579475,4.024171
3583,2026-08-03,0.051262405,0.014283716,0.012774639,0.013079357,4.012512
4506,2026-08-03,0.056062475,0.048116747,0.014054079,0.013647631,3.9887698
6805,2026-08-03,0.052444562,-0.0015719612,0.013174295,0.014752676,3.9805226
8105,2026-08-03,0.10930144,0.05772482,0.027567534,0.028371744,3.9647171
6761,2026-08-03,0.06451958,-0.019672671,0.016275704,0.020350773,3.9639215
3645,2026-08-03,0.054951232,-0.018771,0.013868171,0.015707454,3.9621136
8086,2026-08-03,0.06422761,-0.048307214,0.016211001,0.018927913,3.9617324
5251,2026-08-03,0.078278095,-0.017966753,0.019768447,0.022143442,3.959549
3317,2026-08-03,0.10881179,-0.03332269,0.027547846,0.03079376,3.9497766
6664,2026-08-03,0.05636909,-0.045420274,0.014275609,0.015020139,3.9483528
6924,2026-08-03,0.091369785,0.055934913,0.023246512,0.028380116,3.9303038
6139,2026-08-03,0.07234458,0.027931923,0.018448485,0.018541146,3.9212248
6231,2026-08-03,0.061422728,-0.032074686,0.015689863,0.017644309,3.9145539
3363,2026-08-03,0.15814346,0.09461134,0.04045567,0.046232603,3.9089592
6486,2026-08-03,0.051506497,0.004103449,0.013354838,0.013128591,3.856478
2327,2026-08-03,0.09206753,-0.046317335,0.023898201,0.024707075,3.8523266
3450,2026-08-03,0.13670953,0.11017566,0.035488598,0.03845198,3.8521016
2485,2026-08-03,0.2382699,0.01618691,0.06196046,0.06994181,3.8454535
0051,2026-08-03,0.047857165,0.021349084,0.012468335,0.0122565655,3.8379884
6016,2026-08-03,0.06331274,0.09691806,0.016497122,0.024450438,3.8375723
5468,2026-08-03,0.07958579,0.02523949,0.020742122,0.02535349,3.8367314
5864,2026-08-03,0.08212749,0.06301235,0.021412866,0.025359713,3.835248
1513,2026-08-03,0.07182463,0.038971923,0.018811386,0.017246546,3.8179438
2534,2026-08-03,0.07323607,0.10292682,0.019231616,0.020998461,3.80791
5469,2026-08-03,0.06468594,-0.00045438894,0.017027589,0.01531776,3.7986672
3207,2026-08-03,0.06307767,-0.0472977,0.016677665,0.021559898,3.7819378
3033,2026-08-03,0.08199002,0.047451485,0.02172142,0.024051936,3.774442
1727,2026-08-03,0.06470305,-0.026337018,0.017208798,0.023446208,3.7596633
3021,2026-08-03,0.046631567,0.015975174,0.012404545,0.016330166,3.7589293
8996,2026-08-03,0.057746757,0.020522475,0.015704395,0.014965404,3.6768737
5443,2026-08-03,0.098688394,-0.013412084,0.026873557,0.030893348,3.6721869
3105,2026-08-03,0.07986269,-0.04098331,0.021772344,0.023255069,3.6679113
2406,2026-08-03,0.09781563,0.096115686,0.026698649,0.031239545,3.663555
2439,2026-08-03,0.058609843,0.03484038,0.016366277,0.014047567,3.580916
8088,2026-08-03,0.07322979,-0.005154109,0.020491296,0.02624921,3.5735278
1709,2026-08-03,0.06412323,0.0539064,0.018068142,0.016184196,3.54877
6739,2026-08-03,0.055832252,0.005353923,0.015887346,0.019024512,3.5140378
2408,2026-08-03,0.061242666,-0.08141945,0.0174566,0.01968581,3.5080802
3054,2026-08-03,0.080768496,0.038219035,0.023140764,0.03375502,3.4901617
3055,2026-08-03,0.07823197,-0.027491326,0.022416003,0.023732688,3.4898496
3030,2026-08-03,0.12259776,0.05719513,0.035133928,0.027111232,3.4893417
6270,2026-08-03,0.0949924,0.04217726,0.027529895,0.024313008,3.4503927
4745,2026-08-03,0.090930715,0.014476178,0.026422245,0.028769877,3.4413152
2330,2026-08-03,0.08164392,0.062284034,0.023735056,0.021865293,3.4396582
1301,2026-08-03,0.06288479,0.017800296,0.018379634,0.018993225,3.4212525
1471,2026-08-03,0.056893535,0.07655671,0.016637977,0.01502434,3.4192927
3532,2026-08-03,0.06362149,-0.014329356,0.018626658,0.021134753,3.4154315
4707,2026-08-03,0.12626988,-0.05212586,0.03764213,0.034245156,3.354394
0052,2026-08-03,0.065339275,0.09174706,0.019582532,0.02086298,3.3364396
6156,2026-08-03,0.087548755,-0.005791661,0.026285542,0.024460198,3.3305542
8131,2026-08-03,0.07326538,-0.032142904,0.022039391,0.026616443,3.3241415
6547,2026-08-03,0.094332315,0.096909955,0.028476074,0.028977185,3.3125703
2441,2026-08-03,0.09922569,0.010834475,0.030038571,0.0312606,3.3031662
2637,2026-08-03,0.06267872,0.11859791,0.019085849,0.023164252,3.2838693
3615,2026-08-03,0.0913501,-0.011623931,0.028028654,0.026248837,3.259052
8043,2026-08-03,0.07797256,-0.050887007,0.02398493,0.028365182,3.2507625
2379,2026-08-03,0.05959809,0.0697036,0.018344766,0.015281606,3.248602
2401,2026-08-03,0.06649012,-0.008650319,0.020563867,0.01880523,3.2331898
4931,2026-08-03,0.06705413,0.002743699,0.020793984,0.024406098,3.2245338
4551,2026-08-03,0.06982795,0.010869811,0.021659253,0.022088395,3.2237828
8064,2026-08-03,0.08465529,-0.011333028,0.026265882,0.028261531,3.2228909
2352,2026-08-03,0.047148928,0.008510109,0.014687126,0.015541506,3.210003
3710,2026-08-03,0.06389008,-0.014725173,0.020014029,0.019606834,3.192105
2316,2026-08-03,0.049081217,-0.028203936,0.015387512,0.015504089,3.1894712
8069,2026-08-03,0.061468396,0.053528354,0.019336777,0.021465434,3.1786692
5425,2026-08-03,0.09419544,-0.03295303,0.029713433,0.027647268,3.1700232
1710,2026-08-03,0.059098203,-0.053558454,0.018652478,0.023004655,3.1682136
2492,2026-08-03,0.07559716,-0.10050858,0.023863748,0.020487271,3.1677334
3138,2026-08-03,0.05610664,-0.105431475,0.017795652,0.02551271,3.1526513
8284,2026-08-03,0.035873987,-0.009371345,0.011413892,0.011873124,3.1427355
2367,2026-08-03,0.06604454,-0.04385082,0.021331893,0.02725656,3.0959015
6706,2026-08-03,0.059569262,-0.049152326,0.019295808,0.019929832,3.0870008
6485,2026-08-03,0.055454515,-0.0638307,0.018030608,0.026667943,3.0754058
8027,2026-08-03,0.08526138,-0.031627152,0.027831404,0.028087258,3.0633855
1711,2026-08-03,0.06286882,-0.054123364,0.020565791,0.023964474,3.0568123
3455,2026-08-03,0.07933916,-0.036144957,0.025978269,0.024671683,3.0539412
6788,2026-08-03,0.05280287,-0.06235899,0.017389147,0.023719765,3.036367
3526,2026-08-03,0.04622128,-0.025860187,0.015268888,0.018401174,3.0269558
3498,2026-08-03,0.064543724,-0.07050078,0.02136308,0.020327147,3.021133
3430,2026-08-03,0.05988269,-0.018599411,0.019950505,0.023933332,3.0014122
3114,2026-08-03,0.05814779,-0.016748575,0.019427404,0.017887902,2.9929268
3008,2026-08-03,0.052334473,0.04714732,0.017505914,0.020992419,2.98936
2414,2026-08-03,0.05742155,0.090167984,0.019344985,0.020407628,2.9681377
6237,2026-08-03,0.0622569,-0.019738697,0.021193922,0.024192374,2.9373498
6153,2026-08-03,0.04124948,-0.011090978,0.014121662,0.017495228,2.9208007
3611,2026-08-03,0.039681055,-0.02938705,0.013602213,0.017406741,2.9170353
2236,2026-08-03,0.062235653,-0.0010310387,0.0213911,0.020583142,2.9092822
3285,2026-08-03,0.04948655,0.012276856,0.017011773,0.017408809,2.908788
3443,2026-08-03,0.042108025,-0.01622893,0.0144770555,0.012268052,2.9084034
8054,2026-08-03,0.04958014,-0.09219076,0.017061261,0.022328746,2.9058363
1342,2026-08-03,0.04123695,0.04922288,0.014242248,0.014020716,2.8951929
3580,2026-08-03,0.047199987,-0.074394636,0.01641314,0.018728454,2.8755689
3213,2026-08-03,0.062308095,-0.00083036494,0.02189625,0.026758209,2.8454757
6164,2026-08-03,0.056035582,-0.01707213,0.019933572,0.024565851,2.8109748
8240,2026-08-03,0.05358591,-0.048642073,0.019172687,0.02250236,2.7947628
3515,2026-08-03,0.02634518,-0.057527382,0.009616571,0.012380995,2.739276
1708,2026-08-03,0.041344102,-0.015010755,0.015096376,0.017772844,2.7384958
6245,2026-08-03,0.049281456,0.013919062,0.0181166,0.023267664,2.7200873
2323,2026-08-03,0.052923348,-0.0020662914,0.01946392,0.01976272,2.7189093
7728,2026-08-03,0.03872834,0.0020427667,0.014540411,0.015123929,2.6633139
8162,2026-08-03,0.05732394,-0.051338036,0.021651547,0.02225896,2.6474454
3701,2026-08-03,0.042456243,-0.05628264,0.016071957,0.018291168,2.6414707
3605,2026-08-03,0.048266213,-0.017299887,0.01831955,0.016322386,2.6345394
6693,2026-08-03,0.055278443,-0.07805106,0.021040557,0.018913917,2.627108
6160,2026-08-03,0.04313842,-0.01983279,0.016509488,0.020496229,2.6127887
6154,2026-08-03,0.055974208,0.010392676,0.021961702,0.019844802,2.548603
2497,2026-08-03,0.047231596,-0.045693032,0.018817468,0.019944338,2.5098534
2059,2026-08-03,0.026210042,0.01730599,0.010509612,0.0088556325,2.493674
6821,2026-08-03,0.046254538,-0.05291101,0.018781431,0.019551186,2.462649
6526,2026-08-03,0.032605074,0.0027517655,0.013247316,0.015221721,2.4610732
1718,2026-08-03,0.066785574,-0.05769229,0.027228238,0.027729833,2.4527154
1776,2026-08-03,0.039823767,0.003663678,0.0163015,0.01683109,2.4428012
3715,2026-08-03,0.06490469,-0.049869306,0.026591115,0.02342703,2.4407494
6261,2026-08-03,0.038673297,-0.0764751,0.016146757,0.01810316,2.394964
6405,2026-08-03,0.04490098,-0.11590025,0.018824272,0.029548442,2.3851438
6949,2026-08-03,0.038218103,0.023109442,0.016164541,0.016121315,2.364171
6531,2026-08-03,0.028869195,-0.03387861,0.012351886,0.012634353,2.3370404
1795,2026-08-03,0.04839735,0.03735041,0.020719321,0.02577734,2.3357432
3231,2026-08-03,0.037339095,0.07081711,0.016061436,0.019557854,2.3246222
2505,2026-08-03,0.051669247,0.06431884,0.022590274,0.02147876,2.287133
2324,2026-08-03,0.031259682,0.058632437,0.013824295,0.017874433,2.2610497
3512,2026-08-03,0.05362034,0.057651855,0.023773272,0.02395706,2.2553935
8074,2026-08-03,0.04930075,-0.029814206,0.021876132,0.017508073,2.2535288
6530,2026-08-03,0.051141262,-0.062193416,0.022735871,0.027225805,2.2492654
8182,2026-08-03,0.053561512,-0.04983383,0.023860529,0.025044996,2.2446806
2233,2026-08-03,0.044274893,-0.051543903,0.019898554,0.01623198,2.2249188
6227,2026-08-03,0.07220834,0.062230285,0.032613788,0.036506552,2.2139754
8277,2026-08-03,0.039798845,0.04899536,0.018240575,0.01746672,2.1817658
3481,2026-08-03,0.044331025,-0.08811537,0.020322919,0.027481176,2.1812243
2887,2026-08-03,0.039350424,0.106863566,0.018160535,0.021973735,2.1666903
6109,2026-08-03,0.026430434,-0.033581052,0.012208021,0.015159771,2.164828
5388,2026-08-03,0.031749386,-0.00011505621,0.014900354,0.021514429,2.1306376
2356,2026-08-03,0.044377606,0.063220434,0.020899538,0.023851028,2.1232758
3035,2026-08-03,0.056359593,-0.0064589526,0.026672065,0.023486417,2.1129777
1539,2026-08-03,0.03600096,0.03212806,0.017210975,0.017581843,2.0916228
1591,2026-08-03,0.0806373,0.14412361,0.03860942,0.04056928,2.0884855
8096,2026-08-03,0.06678618,-0.070341654,0.032366663,0.03791128,2.0633612
6560,2026-08-03,0.036322095,-0.053769544,0.017657088,0.019029563,2.0569663
4915,2026-08-03,0.040688157,0.06422964,0.01996021,0.019649757,2.0383613
4916,2026-08-03,0.037867125,-0.022777574,0.018657815,0.019535467,2.0294497
2313,2026-08-03,0.03738703,-0.034084454,0.01845374,0.015998162,2.0258768
4555,2026-08-03,0.032890994,0.00077648537,0.01626635,0.015431992,2.0219023
0057,2026-08-03,0.03614516,-0.061072156,0.01792275,0.021284198,2.016607
2501,2026-08-03,0.030269226,0.023360576,0.015096877,0.01796932,2.0048664
3260,2026-08-03,0.041636083,-0.13219872,0.020834235,0.023098899,1.9983495
6667,2026-08-03,0.02610029,-0.08810355,0.013096152,0.015305875,1.9928217
6214,2026-08-03,0.03942406,0.052254066,0.019787747,0.024498297,1.9922464
2444,2026-08-03,0.031636376,-0.042502563,0.015960878,0.018308891,1.9819958
1726,2026-08-03,0.025579965,0.01528616,0.01291633,0.01758061,1.9802825
4534,2026-08-03,0.037174392,0.0028747274,0.018771324,0.022007506,1.9802765
6285,2026-08-03,0.045306437,0.012227716,0.023128707,0.022516456,1.9587985
6284,2026-08-03,0.043167934,-0.0550445,0.022165308,0.020766914,1.9474571
2412,2026-08-03,0.036599837,0.09275188,0.01906325,0.018184753,1.9198153
1609,2026-08-03,0.027561331,0.009076401,0.014359305,0.015451675,1.919272
3537,2026-08-03,0.035227608,-0.041244652,0.018356973,0.020647569,1.9189268
6206,2026-08-03,0.035671506,0.005178073,0.018638458,0.021640893,1.913763
8435,2026-08-03,0.043219883,-0.0038967505,0.02286104,0.024984077,1.8904649
4956,2026-08-03,0.04132642,-0.07125964,0.022093447,0.020987384,1.8704437
1590,2026-08-03,0.024804154,0.034218296,0.013396587,0.01680246,1.8513896
1503,2026-08-03,0.030155463,0.00047279827,0.016303657,0.013812375,1.8495001
2536,2026-08-03,0.02341689,0.010318712,0.012897883,0.012995962,1.81542
6125,2026-08-03,0.04547002,-0.058769204,0.025151374,0.022625487,1.8077825
1229,2026-08-03,0.03162378,0.09036096,0.017616965,0.018111525,1.7949735
3026,2026-08-03,0.0391981,-0.067348436,0.021850683,0.01885381,1.7938253
6124,2026-08-03,0.018211095,-0.026010882,0.010168193,0.013098062,1.7908102
5302,2026-08-03,0.026298996,-0.022050237,0.014718334,0.022185257,1.7866974
2436,2026-08-03,0.034680557,-0.13108367,0.019414647,0.027216585,1.7862169
3653,2026-08-03,0.019640064,0.0072849086,0.011026964,0.012871435,1.7809329
3189,2026-08-03,0.048175745,-0.01713416,0.027130336,0.031193802,1.7756495
2464,2026-08-03,0.046572108,0.015008571,0.026566882,0.03358753,1.7529477
1808,2026-08-03,0.06218079,0.08343846,0.03556872,0.04086768,1.7481383
3673,2026-08-03,0.028512908,-0.03097882,0.016382454,0.014992255,1.7403477
8481,2026-08-03,0.028889567,0.0021297813,0.017064208,0.017834194,1.6928927
2457,2026-08-03,0.03546476,-0.0652593,0.02095919,0.02515215,1.6920058
6213,2026-08-03,0.03497148,-0.056761526,0.020676397,0.021189813,1.6912903
2388,2026-08-03,0.06511382,-0.025402399,0.03919027,0.039740883,1.6614369
1817,2026-08-03,0.02928394,0.030494612,0.018113054,0.018299898,1.616642
5511,2026-08-03,0.031968687,0.050868846,0.019803422,0.019561786,1.6142197
4305,2026-08-03,0.025517626,0.013907792,0.015811278,0.018552955,1.6137856
6605,2026-08-03,0.021016257,0.014857699,0.013036084,0.0139703,1.6120366
3499,2026-08-03,0.029931825,-0.033254247,0.018639818,0.02236981,1.6057141
2462,2026-08-03,0.023655731,-0.025018496,0.014806528,0.01599477,1.5975477
6146,2026-08-03,0.027485272,-0.023497084,0.017298471,0.01856876,1.5887926
1815,2026-08-03,0.041113596,-0.09480766,0.02602463,0.02505855,1.5797349
2404,2026-08-03,0.019612055,0.04133012,0.012552119,0.015821686,1.5623252
6425,2026-08-03,0.024090776,-0.07691933,0.015458682,0.021117423,1.558297
6770,2026-08-03,0.024622153,-0.06606638,0.01580454,0.01732271,1.5578178
6224,2026-08-03,0.03718245,-0.044004526,0.023879135,0.020322178,1.5570452
4764,2026-08-03,0.049149457,0.020055147,0.031587183,0.03500833,1.5559444
1515,2026-08-03,0.055490278,-0.061632555,0.035722144,0.038497742,1.5533426
2423,2026-08-03,0.027395435,0.018922184,0.01779083,0.013654564,1.5397761
5529,2026-08-03,0.03708098,0.030045891,0.024249269,0.025603881,1.5290956
8059,2026-08-03,0.032507174,-0.01632813,0.021334125,0.028909333,1.5236458
3587,2026-08-03,0.024165511,-0.08731495,0.015864924,0.016481562,1.5231078
1456,2026-08-03,0.02397619,-0.029661631,0.015759246,0.015653132,1.5213081
2491,2026-08-03,0.03516167,-0.024471061,0.02312832,0.027676072,1.5202206
6613,2026-08-03,0.024865963,-0.009026827,0.016480552,0.013881381,1.5087148
6472,2026-08-03,0.029551681,0.020502515,0.01990835,0.016911741,1.4843117
2912,2026-08-03,0.04871834,0.10781261,0.033661813,0.044233166,1.4472451
5403,2026-08-03,0.023794468,-0.025558587,0.016734418,0.015372851,1.4218031
8422,2026-08-03,0.030039124,-0.021159964,0.021207238,0.020661613,1.4163895
6174,2026-08-03,0.04724408,-0.1002682,0.03356078,0.032401193,1.4076751
3360,2026-08-03,0.0458354,-0.081631996,0.03270052,0.033405058,1.4016291
8070,2026-08-03,0.033572316,0.049965817,0.02406191,0.0293712,1.3951893
5525,2026-08-03,0.033198737,0.07272761,0.02383447,0.022831855,1.3928291
7751,2026-08-03,0.022618648,-0.021308152,0.016265344,0.016597115,1.3905182
2724,2026-08-03,0.035699375,-0.024722854,0.025688358,0.0271381,1.3896562
5328,2026-08-03,0.054646935,-0.059670404,0.040484976,0.035648353,1.3497745
3617,2026-08-03,0.02407519,-0.037782617,0.017972471,0.015238581,1.3394847
3437,2026-08-03,0.031926177,-0.07382865,0.023873582,0.02333196,1.3372455
3354,2026-08-03,0.020129615,-0.11558035,0.015299482,0.02101263,1.3156197
2368,2026-08-03,0.015670352,-0.03222726,0.01195071,0.013415492,1.3111389
7556,2026-08-03,0.019478137,-0.099241786,0.014980558,0.019643165,1.3001409
5457,2026-08-03,0.027884642,-0.0081309555,0.021475298,0.020098526,1.2983915
6279,2026-08-03,0.017708477,-0.058557935,0.013738783,0.016013915,1.2888469
8163,2026-08-03,0.019365637,0.011764422,0.015481544,0.01365498,1.2508045
3494,2026-08-03,0.019966315,-0.030076325,0.01609463,0.018039659,1.2404804
3432,2026-08-03,0.021385062,-0.033381477,0.017457262,0.012834843,1.224925
5386,2026-08-03,0.021159124,-0.11428212,0.017571371,0.019119693,1.2041131
6189,2026-08-03,0.015938384,-0.0104571665,0.0135693345,0.015303257,1.1745019
4133,2026-08-03,0.019937402,-0.015781334,0.016991,0.016514147,1.1733404
3518,2026-08-03,0.026544062,-0.06838465,0.022828871,0.023484116,1.1626899
8155,2026-08-03,0.016204484,-0.10837699,0.014049215,0.020851731,1.1533264
3045,2026-08-03,0.024089266,0.071450956,0.020996885,0.018932836,1.1472234
6151,2026-08-03,0.018918365,-0.07210542,0.0166284,0.021404965,1.1376457
6909,2026-08-03,0.017394347,-0.06735044,0.015301841,0.014713542,1.1366743
5284,2026-08-03,0.037097692,-0.041384477,0.033084262,0.032775186,1.1212755
2855,2026-08-03,0.020434298,0.056701057,0.018552342,0.021134375,1.101381
2328,2026-08-03,0.019238167,-0.042416062,0.017649714,0.020306207,1.089937
1777,2026-08-03,0.01681611,-0.00077988644,0.015427865,0.013314557,1.0899123
3374,2026-08-03,0.024087945,-0.06382757,0.022253055,0.019671202,1.082407
6834,2026-08-03,0.03314493,-0.06833515,0.030823393,0.03174753,1.0752825
3228,2026-08-03,0.018719466,-0.026169451,0.017664865,0.021537088,1.0596405
5347,2026-08-03,0.024170374,-0.04442852,0.023979204,0.0277212,1.0079303
5432,2026-08-03,0.016646719,-0.07714272,0.016736764,0.014206605,0.9945604
3289,2026-08-03,0.021377146,-0.14951022,0.021509424,0.02760556,0.99380404
6830,2026-08-03,0.01878604,-0.10970878,0.018983223,0.021860568,0.9895606
6263,2026-08-03,0.017845718,-0.022016998,0.01808679,0.019479515,0.98661685
5452,2026-08-03,0.018668719,-0.07005234,0.019011036,0.022000406,0.9819421
4768,2026-08-03,0.024668466,-0.0497138,0.025236547,0.026270228,0.977451
3704,2026-08-03,0.015686627,-0.04340209,0.016144045,0.015344319,0.9716063
3550,2026-08-03,0.017598687,-0.1099365,0.018143767,0.020227496,0.96990424
2911,2026-08-03,0.014259075,-0.04910366,0.014811456,0.01960751,0.9626408
2606,2026-08-03,0.0100258235,0.052097414,0.010514049,0.012989714,0.95347375
0061,2026-08-03,0.020300388,0.009344795,0.021491352,0.018252335,0.9445401
8358,2026-08-03,0.027799547,-0.09659324,0.029474033,0.02751074,0.94315577
6104,2026-08-03,0.01663257,-0.08895651,0.017661106,0.022782238,0.94170934
6988,2026-08-03,0.016542232,0.001618354,0.017569335,0.018521147,0.9414864
5488,2026-08-03,0.02230725,-0.01911863,0.02384425,0.02759256,0.9355008
6170,2026-08-03,0.01636048,-0.0009818324,0.017515866,0.024118822,0.9339844
5878,2026-08-03,0.012152205,0.006907712,0.013062551,0.016609754,0.93023753
2395,2026-08-03,0.018408986,0.044656992,0.01996982,0.024548776,0.92179424
6944,2026-08-03,0.018020792,-0.06460437,0.019576088,0.015158876,0.9205042
4989,2026-08-03,0.029457748,-0.14481466,0.032677386,0.039408915,0.90144444
6782,2026-08-03,0.01231652,-0.07149272,0.013672133,0.016534979,0.9007826
2314,2026-08-03,0.016454108,-0.030000655,0.018287413,0.017489271,0.89970124
6240,2026-08-03,0.022980995,0.00027037133,0.025732929,0.029502137,0.8930232
2442,2026-08-03,0.01353628,-0.011626871,0.015312549,0.0140711665,0.8839414
6643,2026-08-03,0.024401521,0.013598,0.027868913,0.03165843,0.8755507
6799,2026-08-03,0.014573758,-0.12568648,0.016844112,0.020126902,0.8651624
1582,2026-08-03,0.012439773,-0.05297224,0.014414589,0.016600365,0.86293894
4533,2026-08-03,0.015921133,-0.09086634,0.018518012,0.018811475,0.85971826
4527,2026-08-03,0.011550393,-0.024754738,0.013764804,0.014862289,0.8390641
4807,2026-08-03,0.0153594,-0.0022163517,0.018312557,0.017261976,0.83869016
7610,2026-08-03,0.013516691,-0.06879463,0.016380908,0.015394317,0.8250987
9945,2026-08-03,0.023002118,0.044001546,0.028132537,0.026888968,0.8176049
5301,2026-08-03,0.01507796,-0.066930085,0.019217277,0.023604766,0.78456354
2850,2026-08-03,0.012255629,0.070837125,0.015657537,0.015013471,0.78268033
7547,2026-08-03,0.012672508,-0.11957578,0.016637936,0.014838477,0.76161766
6855,2026-08-03,0.011805323,-0.071433656,0.0160528,0.013330006,0.7353601
4919,2026-08-03,0.023902237,-0.1260381,0.03361138,0.041703075,0.71111417
3652,2026-08-03,0.008883097,-0.009811685,0.012623376,0.01958353,0.7036464
2354,2026-08-03,0.007928929,0.0093520405,0.011354407,0.014553024,0.6982514
8114,2026-08-03,0.02084905,-0.07459135,0.030275578,0.03701301,0.68861973
7750,2026-08-03,0.008727163,-0.025899041,0.01274836,0.010499998,0.68451774
3357,2026-08-03,0.01184476,-0.07991299,0.01733604,0.015627004,0.68320537
3122,2026-08-03,0.00852984,-0.08124889,0.012553342,0.015902659,0.67943347
8938,2026-08-03,0.011383834,-0.009306113,0.016778365,0.016445456,0.6784425
6462,2026-08-03,0.012400457,-0.037904553,0.019238774,0.020042328,0.64452195
3305,2026-08-03,0.010000191,-0.051909033,0.015902663,0.01863499,0.62879795
8048,2026-08-03,0.016971689,-0.098253,0.026996596,0.02789103,0.628637
5483,2026-08-03,0.014982434,-0.11753545,0.023848988,0.029042067,0.62819463
4995,2026-08-03,0.012311346,0.0056686103,0.01969529,0.019034494,0.6250591
6449,2026-08-03,0.01032296,-0.058585208,0.01654756,0.015398967,0.6237981
5498,2026-08-03,0.013300377,-0.10671444,0.021740336,0.023035891,0.61175525
4416,2026-08-03,0.012872743,-0.03544168,0.021383507,0.02876411,0.60196584
2380,2026-08-03,0.009633371,-0.075232744,0.016651101,0.018946944,0.5785078
4552,2026-08-03,0.008579316,-0.018775098,0.014920918,0.012964905,0.57494724
3042,2026-08-03,0.01537747,-0.09404462,0.027445756,0.030493222,0.5602655
3390,2026-08-03,0.0064570466,-0.07233151,0.011921406,0.015050132,0.5415892
6435,2026-08-03,0.012369368,-0.055588398,0.022845784,0.024122367,0.5414052
3294,2026-08-03,0.014873802,-0.063463524,0.02805105,0.027809156,0.5302215
5289,2026-08-03,0.009772072,-0.10249037,0.018472522,0.022611087,0.52897716
2433,2026-08-03,0.008392085,-0.0066040265,0.016588224,0.017987994,0.5058757
1305,2026-08-03,0.009804712,-0.071337715,0.019957246,0.020237094,0.49126118
6277,2026-08-03,0.0056001493,-0.025068777,0.01160055,0.015261596,0.48270696
6274,2026-08-03,0.0093344,-0.055853345,0.019607753,0.019684069,0.47603232
1735,2026-08-03,0.0072455313,-0.05971636,0.015237762,0.013408482,0.4754672
1528,2026-08-03,0.008221931,-0.09351284,0.018099066,0.022957511,0.45424867
3548,2026-08-03,0.008159082,-0.11636114,0.018114783,0.019386249,0.4503853
5285,2026-08-03,0.008469806,-0.06824591,0.020338792,0.024547603,0.41641554
3567,2026-08-03,0.0067035905,-0.102833755,0.01627671,0.022082658,0.4118264
1611,2026-08-03,0.007689128,0.038509592,0.018968405,0.021471169,0.40534365
2537,2026-08-03,0.011641267,0.026503308,0.029193582,0.033420954,0.3987475
4949,2026-08-03,0.00933,-0.09112784,0.024517016,0.02618436,0.38053647
6264,2026-08-03,0.008387673,0.009161234,0.022286287,0.024071103,0.37634337
6703,2026-08-03,0.005663173,-0.042662535,0.015465502,0.014845438,0.36615732
6412,2026-08-03,0.0053039663,-0.008030599,0.014931437,0.014073844,0.35519764
3090,2026-08-03,0.007650288,-0.13103512,0.022849625,0.02142106,0.33479556
1802,2026-08-03,0.008263634,-0.044912234,0.025325663,0.0286311,0.32628196
5471,2026-08-03,0.0052868533,-0.08393343,0.016433185,0.02072531,0.32169855
2908,2026-08-03,0.0050248527,0.028531395,0.015643327,0.015241764,0.32119328
8038,2026-08-03,0.005134429,-0.1457508,0.015996795,0.017947424,0.32094604
3221,2026-08-03,0.009544977,-0.08848628,0.03016034,0.03304222,0.31646395
2429,2026-08-03,0.006864702,-0.026260253,0.021910956,0.026116546,0.31328568
4755,2026-08-03,0.005878942,-0.08160312,0.020500183,0.019876443,0.2867611
3152,2026-08-03,0.0049355403,-0.13692829,0.020665225,0.02068566,0.23882157
3563,2026-08-03,0.0047266316,-0.07204477,0.019813644,0.01713444,0.23854235
2838,2026-08-03,0.0029776979,0.06132487,0.012619724,0.013244882,0.23593718
7712,2026-08-03,0.0049519003,-0.10689252,0.021322336,0.023263205,0.23222916
3057,2026-08-03,0.0047118296,-0.09909948,0.020425104,0.022444218,0.23067686
8028,2026-08-03,0.0035382423,-0.028400207,0.017755669,0.020857396,0.19926272
6753,2026-08-03,0.0030743077,-0.12149408,0.017394744,0.022029255,0.17672758
6290,2026-08-03,0.0026859855,-0.086862676,0.015619233,0.014686902,0.17195553
6114,2026-08-03,0.0024062463,-0.103819914,0.014643749,0.018499577,0.16430777
6020,2026-08-03,0.003358911,0.037951596,0.020851497,0.020589286,0.16107956
5269,2026-08-03,0.002490216,-0.036664505,0.015764097,0.013290589,0.15795754
2337,2026-08-03,0.002112934,-0.05556606,0.016416382,0.01971708,0.12870102
2347,2026-08-03,0.0021343974,-0.0002645327,0.017894402,0.0156096425,0.11927071
1570,2026-08-03,0.002180949,-0.06201924,0.018828738,0.017003326,0.115824714
0053,2026-08-03,0.0014589578,-0.06347178,0.013787788,0.013067244,0.10580754
4304,2026-08-03,0.0012916018,-0.094245054,0.017241625,0.018964846,0.07490749
8032,2026-08-03,0.0021406184,-0.018752242,0.028827377,0.034246825,0.074253865
3714,2026-08-03,0.0014066265,-0.03675472,0.019693566,0.018646484,0.07142206
3531,2026-08-03,0.0007430352,-0.011559422,0.015856486,0.018523837,0.046857063
1309,2026-08-03,0.0012353676,-0.10640614,0.027676784,0.031911794,0.044633906
6147,2026-08-03,0.0010514793,-0.12951282,0.027971908,0.02863384,0.0375892
6829,2026-08-03,0.0007964859,-0.1005664,0.022812027,0.021025427,0.034913644
3349,2026-08-03,0.0005019546,-0.043854132,0.017650345,0.019147668,0.028437184
3059,2026-08-03,0.00010961319,-0.027559884,0.013588966,0.014776318,0.008065744
8932,2026-08-03,4.647697e-05,-0.06650498,0.031588692,0.03651319,0.0014712701
8183,2026-08-03,-0.000116108604,-0.114936434,0.015858307,0.016366743,-0.0073211645
3312,2026-08-03,-0.00015691736,-0.046009015,0.020762451,0.024148878,-0.0075573833
8033,2026-08-03,-0.00031506605,-0.09168553,0.028841047,0.024990836,-0.010923845
2301,2026-08-03,-0.00043748616,0.04386418,0.018132687,0.025010098,-0.024125604
6768,2026-08-03,-0.0015258647,-0.022607354,0.025264211,0.02103644,-0.060393903
5353,2026-08-03,-0.0009769204,-0.04365425,0.015802952,0.022902671,-0.06181494
2102,2026-08-03,-0.0010752126,-0.022008006,0.017153142,0.0175911,-0.06267948
4973,2026-08-03,-0.0015065898,-0.091785386,0.01957886,0.025411312,-0.07694589
4904,2026-08-03,-0.0017205485,0.05927278,0.020027477,0.022348803,-0.085905105
4966,2026-08-03,-0.0016743916,-0.09220494,0.012503329,0.02100321,-0.13390495
2884,2026-08-03,-0.0017130609,0.077350475,0.01258953,0.016074268,-0.13605948
6732,2026-08-03,-0.00499326,-0.16146365,0.026131803,0.025655024,-0.1910725
1597,2026-08-03,-0.0044958345,-0.06532683,0.02260089,0.020467592,-0.1989141
6661,2026-08-03,-0.0036054964,0.01311546,0.015814358,0.020130206,-0.22797437
2415,2026-08-03,-0.0037803277,-0.053767964,0.015226401,0.014826409,-0.24825823
7402,2026-08-03,-0.0074880538,-0.10713622,0.029284934,0.034756638,-0.2556877
4772,2026-08-03,-0.005306087,-0.08768163,0.0196256,0.022673842,-0.2703518
3050,2026-08-03,-0.004487387,-0.044788115,0.016562967,0.02085458,-0.2709126
1737,2026-08-03,-0.0048918105,0.0041292612,0.018025309,0.018877346,-0.27137062
3402,2026-08-03,-0.004425227,-0.099927016,0.015919711,0.020695126,-0.2779541
3419,2026-08-03,-0.0048342226,-0.055065617,0.016973078,0.016131923,-0.2848003
6192,2026-08-03,-0.0036321967,-0.06648528,0.012478278,0.016797595,-0.29105824
2535,2026-08-03,-0.0041916473,0.02472637,0.01414276,0.01370135,-0.29636016
4749,2026-08-03,-0.0057498077,-0.05640798,0.019392377,0.018126074,-0.29648307
8042,2026-08-03,-0.0066762,-0.18298405,0.022334058,0.026872002,-0.29891124
6176,2026-08-03,-0.004987049,0.009794802,0.015332897,0.01651958,-0.32523036
2834,2026-08-03,-0.0051099677,0.019384693,0.015579812,0.017541302,-0.3279654
6120,2026-08-03,-0.005592279,-0.06147072,0.016814724,0.01931919,-0.3325625
3019,2026-08-03,-0.004842532,-0.06693014,0.014392832,0.015292698,-0.33643103
2332,2026-08-03,-0.009924733,-0.11964639,0.029046476,0.024854606,-0.3416728
4529,2026-08-03,-0.006658849,-0.013406006,0.019086732,0.018225875,-0.3488549
2419,2026-08-03,-0.0050123674,-0.08278155,0.014198617,0.014197571,-0.35299313
6204,2026-08-03,-0.003885664,-0.11567998,0.010844537,0.015814079,-0.3582731
8499,2026-08-03,-0.008685272,-0.074327216,0.022828408,0.021009285,-0.3804423
1906,2026-08-03,-0.00823988,0.0048290715,0.021492645,0.024930215,-0.38336354
3167,2026-08-03,-0.0068832166,-0.08339277,0.017433612,0.019544864,-0.39480183
6177,2026-08-03,-0.008211316,-0.022366744,0.02052368,0.02077618,-0.4000703
2727,2026-08-03,-0.0062726405,-0.023327028,0.015394899,0.014563006,-0.4074228
8176,2026-08-03,-0.0065914304,-0.091441445,0.01612334,0.017096812,-0.4087876
9910,2026-08-03,-0.007391272,0.011971144,0.01800264,0.02191752,-0.4105432
5871,2026-08-03,-0.008124454,0.052369826,0.019126888,0.021613492,-0.4247439
3015,2026-08-03,-0.009126794,-0.032324657,0.021086464,0.020159822,-0.4328066
4933,2026-08-03,-0.008310217,-0.077782884,0.017978903,0.018655004,-0.46219477
3556,2026-08-03,-0.011619286,-0.045217313,0.024744285,0.025584137,-0.46955553
9802,2026-08-03,-0.013718515,-0.0026431615,0.029137842,0.028552998,-0.4707982
2420,2026-08-03,-0.0065276977,-0.054728523,0.013754286,0.015300959,-0.47455922
5609,2026-08-03,-0.0058740685,0.019421365,0.012349425,0.013539233,-0.4756167
6266,2026-08-03,-0.0077307415,-0.09594771,0.016172895,0.022147723,-0.47797647
6210,2026-08-03,-0.00755763,-0.06365143,0.015643777,0.021781487,-0.48307687
6265,2026-08-03,-0.021211285,-0.09517611,0.042766634,0.05909558,-0.49596584
1608,2026-08-03,-0.007366742,-0.0065414333,0.014700696,0.017350007,-0.5010811
5426,2026-08-03,-0.010156637,-0.07768805,0.020128537,0.022359625,-0.50456387
3588,2026-08-03,-0.013237639,-0.12380541,0.026001774,0.023020037,-0.50908566
2812,2026-08-03,-0.0064171776,0.0320574,0.012545814,0.012588259,-0.51145875
2353,2026-08-03,-0.007530318,0.010627253,0.014484342,0.015290792,-0.51985776
5345,2026-08-03,-0.013965415,-0.095533915,0.025888458,0.036308844,-0.5394248
3078,2026-08-03,-0.0068435734,-0.053346943,0.01193473,0.017040057,-0.5733686
3686,2026-08-03,-0.008916348,-0.12939711,0.015138653,0.017401017,-0.58894
1477,2026-08-03,-0.0069069555,0.003565916,0.011308068,0.013865455,-0.61074483
6115,2026-08-03,-0.010791288,-0.0050515165,0.017561242,0.018206116,-0.6144596
7743,2026-08-03,-0.008506694,-0.049525816,0.013434365,0.015576068,-0.63315684
1722,2026-08-03,-0.010876866,0.02723167,0.016140819,0.01714192,-0.6738315
9921,2026-08-03,-0.023558242,-0.03784031,0.034741636,0.033983767,-0.6780788
3094,2026-08-03,-0.014865367,-0.114163734,0.021857174,0.03128437,-0.68008274
2882,2026-08-03,-0.010935976,0.049325254,0.016049484,0.018073563,-0.6813487
1310,2026-08-03,-0.022679532,-0.1638986,0.032478046,0.0373681,-0.698282
3324,2026-08-03,-0.011840267,-0.08903567,0.015941054,0.017684987,-0.7427065
3372,2026-08-03,-0.011941971,-0.08521732,0.016047632,0.013802616,-0.7441115
8424,2026-08-03,-0.015249581,-0.048547793,0.02026209,0.022617495,-0.7525792
4609,2026-08-03,-0.012150323,-0.0697952,0.016077805,0.022301998,-0.7556732
4906,2026-08-03,-0.011631964,-0.15010808,0.01536797,0.01996756,-0.7568473
3672,2026-08-03,-0.013313,-0.041471478,0.017443383,0.020937717,-0.7631683
6951,2026-08-03,-0.011788444,-0.022948427,0.015254653,0.020063156,-0.77272624
6168,2026-08-03,-0.0183023,-0.14611712,0.023463456,0.027366716,-0.780001
6651,2026-08-03,-0.0127196275,-0.05133466,0.015790347,0.012334344,-0.80548084
6727,2026-08-03,-0.015858466,-0.07154108,0.019197088,0.020004597,-0.826044
5011,2026-08-03,-0.016119339,-0.067106105,0.019510796,0.019510986,-0.82613295
4532,2026-08-03,-0.012453405,-0.028168427,0.015007097,0.015683677,-0.8297791
6844,2026-08-03,-0.01750214,-0.010755506,0.021055812,0.023206543,-0.8311866
6179,2026-08-03,-0.018638361,-0.04213396,0.022269286,0.023512736,-0.8369161
2363,2026-08-03,-0.018937452,-0.097592324,0.02235558,0.027845781,-0.84706384
6869,2026-08-03,-0.018971859,-0.0168537,0.022043994,0.024241863,-0.86059713
3693,2026-08-03,-0.015889939,-0.08172291,0.018228197,0.02749271,-0.8716752
3388,2026-08-03,-0.012542716,-0.111969694,0.014185171,0.017218534,-0.8841509
0055,2026-08-03,-0.019351203,-0.009978066,0.021385867,0.025691347,-0.9048171
8109,2026-08-03,-0.010717476,-0.08360246,0.0117926635,0.0151383635,-0.9087486
2816,2026-08-03,-0.010058631,0.010357483,0.011057943,0.014613707,-0.9095472
4558,2026-08-03,-0.0116878925,-0.0459062,0.012643812,0.014637235,-0.92432314
9912,2026-08-03,-0.013562915,-0.05755462,0.014638288,0.016150383,-0.9264737
8466,2026-08-03,-0.028529055,-0.052501462,0.03067634,0.029320832,-0.9299716
8416,2026-08-03,-0.013563442,-0.06228078,0.014576445,0.013495276,-0.93044025
5209,2026-08-03,-0.012612634,-0.05532013,0.013522692,0.015924951,-0.93263245
3048,2026-08-03,-0.017028699,-0.04456927,0.01790998,0.0213124,-0.95074075
1805,2026-08-03,-0.021357434,-0.022993004,0.022383898,0.035527978,-0.9541001
6205,2026-08-03,-0.016503926,-0.10164391,0.017267829,0.021043705,-0.9557062
3663,2026-08-03,-0.020965377,-0.17312479,0.020796807,0.018188193,-1.0080571
4744,2026-08-03,-0.015509788,-0.059562262,0.01508326,0.016593533,-1.02821
5493,2026-08-03,-0.017772194,-0.13689874,0.01728123,0.020513922,-1.0283507
4564,2026-08-03,-0.019135544,-0.12653156,0.018467996,0.021755287,-1.0360901
4183,2026-08-03,-0.01892811,-0.10734718,0.018091364,0.026204128,-1.0461934
4721,2026-08-03,-0.022384422,-0.10773623,0.02125935,0.024984881,-1.0528717
6642,2026-08-03,-0.013910672,-0.06017655,0.013094481,0.015070778,-1.0622498
2115,2026-08-03,-0.019261125,-0.020976821,0.017772662,0.018293362,-1.0836892
2718,2026-08-03,-0.020664424,-0.0521893,0.018961787,0.019856427,-1.0897355
1216,2026-08-03,-0.019073213,0.05787085,0.017034687,0.017381588,-1.1196034
6140,2026-08-03,-0.017280495,-0.096586846,0.0154068405,0.017467208,-1.121539
2610,2026-08-03,-0.019066337,0.04790839,0.016687462,0.02033667,-1.1424862
6606,2026-08-03,-0.01684833,-0.025764894,0.014637512,0.019116864,-1.1509591
2440,2026-08-03,-0.017707827,-0.055187758,0.015343479,0.017310843,-1.1540194
4550,2026-08-03,-0.015753979,-0.02340232,0.013214924,0.014510665,-1.1920451
6885,2026-08-03,-0.03415925,-0.048876915,0.028393479,0.030479252,-1.2030244
2890,2026-08-03,-0.020362914,0.027989212,0.01676995,0.017141411,-1.2141777
5355,2026-08-03,-0.021565128,-0.08418215,0.017672189,0.018117396,-1.2202171
6658,2026-08-03,-0.023112504,-0.088277705,0.018874247,0.016772931,-1.2244875
6873,2026-08-03,-0.02184928,-0.105065264,0.017768944,0.01767267,-1.2295638
2506,2026-08-03,-0.021683415,0.04521129,0.017558211,0.018907696,-1.2348741
4577,2026-08-03,-0.01992563,-0.17672364,0.01609448,0.016558168,-1.2379643
4536,2026-08-03,-0.025127001,-0.01639883,0.020268044,0.023111781,-1.2396737
2067,2026-08-03,-0.01565785,-0.04872151,0.01262153,0.015069011,-1.2404684
2615,2026-08-03,-0.021311285,0.0155732315,0.017014068,0.019169768,-1.2524948
4541,2026-08-03,-0.025140654,-0.075415306,0.019506624,0.021461206,-1.2887604
9941,2026-08-03,-0.026491847,0.013813027,0.02041029,0.018062709,-1.2979016
8201,2026-08-03,-0.016092248,-0.07432049,0.01212164,0.011295891,-1.3274541
5534,2026-08-03,-0.03637398,0.012852516,0.02722216,0.023942938,-1.336141
2431,2026-08-03,-0.025430797,-0.06696892,0.01878299,0.018568804,-1.3538549
6494,2026-08-03,-0.019038955,-0.11890369,0.014025344,0.0241907,-1.3573712
6556,2026-08-03,-0.01829985,-0.054408565,0.013462228,0.014809388,-1.3592469
2027,2026-08-03,-0.021836955,0.047577698,0.015964441,0.024478514,-1.367764
4722,2026-08-03,-0.033870023,-0.1452489,0.024069028,0.022976192,-1.4071451
1717,2026-08-03,-0.030706802,-0.11833735,0.021721307,0.02330646,-1.4136069
6225,2026-08-03,-0.028795563,-0.083630905,0.020111555,0.02213605,-1.4317207
6491,2026-08-03,-0.015526722,-0.031519078,0.010820895,0.01693399,-1.4347507
3006,2026-08-03,-0.023463674,-0.112780616,0.016291449,0.017920896,-1.4401563
3379,2026-08-03,-0.023894163,-0.14948486,0.016569886,0.020453237,-1.4419363
1527,2026-08-03,-0.021139793,-0.03907271,0.014567035,0.01830815,-1.451108
1336,2026-08-03,-0.023005191,-0.061396316,0.015815506,0.018015604,-1.4545052
3551,2026-08-03,-0.026380612,-0.15987624,0.018122148,0.016801737,-1.4556308
1537,2026-08-03,-0.02539072,-0.028352086,0.017428968,0.017555816,-1.4567279
2548,2026-08-03,-0.040155526,-0.0698927,0.02751468,0.029444357,-1.4593688
3036,2026-08-03,-0.03088745,-0.056976974,0.021094747,0.023421781,-1.4641553
8928,2026-08-03,-0.01977069,-0.05927806,0.013471463,0.018100718,-1.4674889
4207,2026-08-03,-0.023196999,-0.028953414,0.015733339,0.014861615,-1.4742913
9905,2026-08-03,-0.020833854,-0.010737224,0.014119521,0.018694911,-1.475431
6533,2026-08-03,-0.031901892,-0.104290836,0.021614717,0.024062872,-1.4758655
2459,2026-08-03,-0.026545903,-0.051418282,0.017954733,0.01878576,-1.4784081
8111,2026-08-03,-0.050249644,-0.22841176,0.03396486,0.031355966,-1.4794163
2466,2026-08-03,-0.028246049,-0.07859295,0.018710228,0.022125056,-1.5095775
9906,2026-08-03,-0.032952085,-0.08366081,0.021798963,0.021147106,-1.5115662
6282,2026-08-03,-0.024741761,-0.1360325,0.016250005,0.020282533,-1.5224757
3149,2026-08-03,-0.032633044,-0.0892241,0.021420477,0.025912447,-1.5233797
4535,2026-08-03,-0.021598743,-0.055881467,0.014073852,0.01640198,-1.5345627
3272,2026-08-03,-0.029508846,-0.12141827,0.019103186,0.02052094,-1.5446272
9944,2026-08-03,-0.023317056,-0.0056834435,0.01503445,0.0150101,-1.5508052
3576,2026-08-03,-0.026372783,-0.047429282,0.016984092,0.016753182,-1.5527017
1452,2026-08-03,-0.024919381,-0.02555904,0.016007284,0.017812762,-1.5566554
3287,2026-08-03,-0.02436591,-0.099863224,0.015424319,0.019552711,-1.5796049
1319,2026-08-03,-0.01512527,-0.032793306,0.009529087,0.01174272,-1.5871072
6226,2026-08-03,-0.0443542,-0.15670007,0.027865624,0.03357758,-1.5916604
4540,2026-08-03,-0.030859312,-0.13268402,0.019320408,0.01376672,-1.5971565
4588,2026-08-03,-0.031886216,-0.070667416,0.019855158,0.020434469,-1.6058602
2527,2026-08-03,-0.08574014,-0.069536164,0.053296156,0.05495736,-1.6087189
6488,2026-08-03,-0.027823232,-0.10280713,0.017066669,0.015481367,-1.6301718
2851,2026-08-03,-0.03074333,0.044952627,0.018712115,0.020703621,-1.6428761
0056,2026-08-03,-0.02939616,-0.036860485,0.017809346,0.020218803,-1.6505102
2417,2026-08-03,-0.026586672,-0.10329676,0.01607558,0.022011694,-1.6537517
6173,2026-08-03,-0.038316507,-0.2004632,0.023051107,0.028309248,-1.6621693
2248,2026-08-03,-0.019299574,-0.040859174,0.011609841,0.014751764,-1.662203
2546,2026-08-03,-0.021740217,-0.0135017345,0.013071018,0.015380034,-1.663111
2302,2026-08-03,-0.04890965,-0.15286036,0.029258408,0.032072242,-1.6715871
5543,2026-08-03,-0.03322178,-0.037370518,0.01973429,0.023713492,-1.6833693
2539,2026-08-03,-0.037858926,0.0042810654,0.022465313,0.020079609,-1.6851419
6574,2026-08-03,-0.021306792,-0.090280436,0.012637041,0.018950481,-1.6859252
9958,2026-08-03,-0.027407838,-0.037343845,0.016216293,0.017919615,-1.6900377
5546,2026-08-03,-0.035440963,-0.046277042,0.020857781,0.02426833,-1.6990907
6215,2026-08-03,-0.035490885,-0.15948525,0.020837368,0.024995001,-1.7031509
6512,2026-08-03,-0.026969146,-0.10625855,0.015597243,0.017694687,-1.7289861
5009,2026-08-03,-0.0309189,-0.03641262,0.017871557,0.017691677,-1.7299651
4503,2026-08-03,-0.021507213,-0.13001555,0.0123760365,0.01300513,-1.7376707
1730,2026-08-03,-0.02702104,-0.045395907,0.015477622,0.01612848,-1.7457006
4909,2026-08-03,-0.04013368,-0.19969524,0.022754338,0.025526755,-1.7637041
8433,2026-08-03,-0.018210752,-0.043494307,0.010236347,0.013690983,-1.7788546
5522,2026-08-03,-0.043962844,-0.05342608,0.024647402,0.026698042,-1.7835982
3516,2026-08-03,-0.027593536,-0.05949878,0.015213226,0.017800404,-1.8136667
2243,2026-08-03,-0.050744463,-0.05992392,0.027812395,0.02927563,-1.8244612
9904,2026-08-03,-0.025216341,0.0384573,0.013819626,0.0145105235,-1.8245441
6161,2026-08-03,-0.031184835,-0.15555875,0.016672827,0.019605128,-1.8702866
1907,2026-08-03,-0.0397991,-0.032586962,0.021247517,0.01689492,-1.8730296
4942,2026-08-03,-0.02954989,-0.04156971,0.015773416,0.015094542,-1.8732795
2373,2026-08-03,-0.02522642,-0.044177353,0.013421623,0.015708724,-1.8793956
1514,2026-08-03,-0.034536257,-0.06821613,0.018243719,0.022514075,-1.8929454
8926,2026-08-03,-0.04497493,-0.021801861,0.023341209,0.024828894,-1.9267641
6552,2026-08-03,-0.044535972,-0.13573088,0.023055684,0.022747118,-1.9315861
7705,2026-08-03,-0.044688154,-0.12685482,0.022932371,0.022592336,-1.9486082
7703,2026-08-03,-0.03605176,-0.19857636,0.018377839,0.018582664,-1.9615908
4711,2026-08-03,-0.0438305,-0.0791351,0.022318844,0.022293685,-1.9637457
5533,2026-08-03,-0.034760527,-0.01414085,0.017670808,0.017444305,-1.9670045
4167,2026-08-03,-0.03537431,-0.058729842,0.017961323,0.017545626,-1.9693615
1434,2026-08-03,-0.032652862,-0.0032272253,0.016305108,0.017308518,-2.0024927
3081,2026-08-03,-0.03553865,-0.065665334,0.017719954,0.0257682,-2.0054593
3591,2026-08-03,-0.0341736,-0.16603272,0.016997654,0.022175087,-2.010371
4770,2026-08-03,-0.04369649,-0.11610492,0.021531705,0.024572788,-2.0293078
4433,2026-08-03,-0.03066543,-0.090502605,0.01490377,0.017938823,-2.0574238
3466,2026-08-03,-0.057310812,-0.23593228,0.027213598,0.032813698,-2.105885
4939,2026-08-03,-0.06896976,-0.21586873,0.03253802,0.030351378,-2.1196017
5299,2026-08-03,-0.05560683,-0.09169826,0.026181033,0.031863216,-2.1238546
8255,2026-08-03,-0.04231784,-0.124563485,0.019669691,0.018269192,-2.1513145
3257,2026-08-03,-0.044593196,-0.12546708,0.020366386,0.023083664,-2.1894414
6438,2026-08-03,-0.0464813,-0.21011648,0.02118508,0.026328856,-2.1939547
9951,2026-08-03,-0.03214209,-0.056567088,0.014646012,0.017883996,-2.1944468
3483,2026-08-03,-0.036939614,-0.12510797,0.016804919,0.017312983,-2.198012
2892,2026-08-03,-0.032697223,-0.0057301233,0.014832643,0.01616669,-2.204261
8121,2026-08-03,-0.049715612,-0.11888351,0.02245088,0.021261647,-2.2143185
4120,2026-08-03,-0.046127163,-0.021154651,0.020756701,0.022313017,-2.222171
3339,2026-08-03,-0.046330962,-0.18097761,0.020809984,0.027346997,-2.2262745
6887,2026-08-03,-0.04217779,-0.08070285,0.01892143,0.020572808,-2.2289839
2049,2026-08-03,-0.04373556,-0.0493624,0.019606102,0.018715754,-2.2305977
3051,2026-08-03,-0.03726255,-0.12570946,0.016553806,0.015521016,-2.25086
6558,2026-08-03,-0.040936057,-0.1467482,0.018171115,0.022413537,-2.2526853
4741,2026-08-03,-0.047725193,-0.14665602,0.021147018,0.023126971,-2.2567217
2634,2026-08-03,-0.044656016,-0.09826496,0.019710416,0.019571371,-2.26549
6191,2026-08-03,-0.03715084,-0.11755113,0.016361939,0.017566748,-2.270426
1593,2026-08-03,-0.032633062,-0.045125,0.0143054,0.019008432,-2.2810116
2377,2026-08-03,-0.046730112,-0.033125963,0.02038795,0.022349548,-2.2919333
3338,2026-08-03,-0.04720559,-0.13992946,0.020490488,0.02078455,-2.3036683
6505,2026-08-03,-0.045941256,-0.04576533,0.01976857,0.021516457,-2.3238368
6276,2026-08-03,-0.052715253,-0.17955469,0.022648398,0.020359857,-2.327446
3306,2026-08-03,-0.046043336,-0.14803743,0.019730667,0.0288311,-2.3334742
4923,2026-08-03,-0.041541677,-0.11333488,0.017788509,0.023025975,-2.3351784
2371,2026-08-03,-0.042290974,-0.08927447,0.01806618,0.01992522,-2.3407621
6875,2026-08-03,-0.0647128,-0.13829063,0.027628005,0.029754853,-2.3422053
8438,2026-08-03,-0.046108905,-0.16964845,0.019665837,0.022391014,-2.3445003
3691,2026-08-03,-0.039989375,-0.13971117,0.017000105,0.025409479,-2.3521633
2348,2026-08-03,-0.030564105,-0.04922132,0.012870533,0.014879948,-2.3745503
2726,2026-08-03,-0.036399566,-0.07576928,0.015316617,0.019237356,-2.3763204
4972,2026-08-03,-0.055214677,-0.103040114,0.023208056,0.022765791,-2.3790143
2618,2026-08-03,-0.038437422,0.042828996,0.0160219,0.014323906,-2.3989055
2528,2026-08-03,-0.05393857,-0.043394256,0.022436993,0.023974042,-2.4038947
6417,2026-08-03,-0.02924902,-0.12622716,0.012143305,0.018307637,-2.4084556
2488,2026-08-03,-0.036440305,-0.027641041,0.015004542,0.0134059,-2.4284565
3311,2026-08-03,-0.038312934,-0.13504024,0.015702398,0.016401768,-2.4397862
6235,2026-08-03,-0.046865627,-0.1479516,0.01914873,0.025534792,-2.4473257
5478,2026-08-03,-0.03358213,-0.051120926,0.013691692,0.0127917,-2.4525585
3447,2026-08-03,-0.055995535,-0.14187492,0.02275653,0.027740689,-2.4605277
8040,2026-08-03,-0.04510785,-0.14544179,0.01831842,0.02350008,-2.4622967
3702,2026-08-03,-0.05145385,-0.035876114,0.020783858,0.026283924,-2.475545
5213,2026-08-03,-0.03360734,-0.008170422,0.013489239,0.0148991095,-2.4912338
8210,2026-08-03,-0.03394345,-0.091478094,0.013581912,0.012742527,-2.4989817
1568,2026-08-03,-0.039106153,-0.076604225,0.015643515,0.015746817,-2.4996717
2542,2026-08-03,-0.06626364,0.008462657,0.02649793,0.033925753,-2.5006156
2645,2026-08-03,-0.032560498,-0.023443254,0.012967676,0.0146164615,-2.5107033
9960,2026-08-03,-0.04214323,-0.05227642,0.016759088,0.019736033,-2.5144992
4554,2026-08-03,-0.038443282,-0.097943276,0.0151813,0.012130069,-2.532112
6534,2026-08-03,-0.03765236,-0.016807703,0.014696789,0.01790717,-2.5617702
6517,2026-08-03,-0.09176842,-0.17583977,0.035748243,0.040135574,-2.5670033
4953,2026-08-03,-0.032604758,-0.09681419,0.01265031,0.015275487,-2.5771842
5880,2026-08-03,-0.03836957,0.0042745266,0.014881242,0.012711522,-2.5782115
3046,2026-08-03,-0.050749984,-0.11338531,0.01966638,0.018538203,-2.580414
2409,2026-08-03,-0.037931908,-0.09936121,0.014629893,0.022575354,-2.59259
8067,2026-08-03,-0.04263838,-0.06315331,0.016263034,0.021479473,-2.6216362
5344,2026-08-03,-0.059676405,-0.13765152,0.022711454,0.02276221,-2.627475
3230,2026-08-03,-0.062778614,-0.14298725,0.023828782,0.025559304,-2.6344602
5309,2026-08-03,-0.045818463,-0.12883295,0.017264301,0.015365871,-2.6537888
2465,2026-08-03,-0.07289787,-0.16336237,0.02745296,0.029465323,-2.6552768
8272,2026-08-03,-0.041815832,-0.106298715,0.015728561,0.01642814,-2.6584232
4126,2026-08-03,-0.035967834,-0.074648134,0.013454508,0.016669894,-2.6730938
5258,2026-08-03,-0.046520628,-0.12591997,0.017287567,0.018842049,-2.690832
6220,2026-08-03,-0.051846046,-0.121269576,0.019219844,0.022194223,-2.6973865
2597,2026-08-03,-0.044085853,-0.048358686,0.016338369,0.017687736,-2.6981368
8227,2026-08-03,-0.043906815,-0.19365571,0.016264891,0.020479402,-2.6993182
6957,2026-08-03,-0.0500559,-0.057039794,0.018525606,0.01645341,-2.7018385
6228,2026-08-03,-0.0529984,-0.13302536,0.019598378,0.020794183,-2.7040858
3630,2026-08-03,-0.05127637,-0.114642605,0.018947229,0.02012001,-2.70613
4924,2026-08-03,-0.042371277,-0.09537937,0.015642308,0.018149545,-2.7085881
6142,2026-08-03,-0.049957234,-0.10381091,0.018408949,0.019684158,-2.7136
8097,2026-08-03,-0.045962755,-0.08267887,0.016861178,0.018099481,-2.7257898
3276,2026-08-03,-0.039784554,-0.050827112,0.014553147,0.01791873,-2.7335544
3362,2026-08-03,-0.044835363,-0.07586158,0.016325474,0.018557318,-2.7461755
3479,2026-08-03,-0.064225145,-0.15923792,0.023317033,0.030004125,-2.7543123
4720,2026-08-03,-0.039092932,-0.11236159,0.014096818,0.023763653,-2.7729774
2885,2026-08-03,-0.040974323,-0.008936381,0.014762701,0.018329285,-2.7753422
3705,2026-08-03,-0.044603158,-0.03431105,0.016011706,0.01334972,-2.7854853
1721,2026-08-03,-0.062793374,-0.101393156,0.022481099,0.019882977,-2.7930388
3284,2026-08-03,-0.040782787,-0.06007928,0.01457884,0.015924413,-2.797204
5223,2026-08-03,-0.049651936,-0.08196097,0.017724428,0.017317604,-2.8011699
4938,2026-08-03,-0.048956584,-0.036712304,0.01746401,0.012085285,-2.8031237
2753,2026-08-03,-0.036330037,-0.06829716,0.012952788,0.013976253,-2.8045878
1402,2026-08-03,-0.04174537,-0.0071347426,0.014874288,0.015452565,-2.806357
4999,2026-08-03,-0.037178174,-0.108855344,0.01324595,0.016660457,-2.8065457
4543,2026-08-03,-0.05430924,-0.12836546,0.019336121,0.024267832,-2.8085485
6188,2026-08-03,-0.050544303,-0.12882291,0.01791743,0.021355517,-2.8207998
7734,2026-08-03,-0.05221254,-0.105624676,0.018486753,0.014967875,-2.824169
5230,2026-08-03,-0.043465376,-0.118979245,0.015271703,0.02065814,-2.8459518
4440,2026-08-03,-0.049583808,-0.08310532,0.017419513,0.019269533,-2.8462884
6470,2026-08-03,-0.05011131,-0.110110566,0.017565956,0.02028548,-2.8525891
1580,2026-08-03,-0.04078024,-0.05496196,0.014275925,0.015965514,-2.856374
4763,2026-08-03,-0.0685078,-0.10217819,0.023951558,0.02978026,-2.8601453
4581,2026-08-03,-0.045653366,-0.066592015,0.015909703,0.0155219175,-2.8693492
2066,2026-08-03,-0.044254184,-0.0570138,0.015417013,0.017527545,-2.870291
6550,2026-08-03,-0.0528116,-0.12456458,0.018276073,0.015553748,-2.8895
3178,2026-08-03,-0.05029336,-0.15216972,0.017392596,0.020861132,-2.8914871
6477,2026-08-03,-0.063806295,-0.12945487,0.02203676,0.02354136,-2.8953168
2204,2026-08-03,-0.042607583,-0.009166756,0.014676695,0.013290396,-2.9028797
7753,2026-08-03,-0.039719667,-0.11548577,0.013614062,0.019259503,-2.9173326
1264,2026-08-03,-0.04032935,-0.08400747,0.0138174705,0.017375112,-2.9185102
4306,2026-08-03,-0.046002142,0.0012315742,0.01573268,0.018921057,-2.9238007
3323,2026-08-03,-0.06570086,-0.17682622,0.022344362,0.019820113,-2.9402459
2392,2026-08-03,-0.04265433,-0.051657714,0.014435077,0.014647683,-2.9547038
4576,2026-08-03,-0.061624847,-0.09798754,0.020729301,0.02131868,-2.9726942
2201,2026-08-03,-0.049320396,-0.024210684,0.016588168,0.015347016,-2.9730482
8410,2026-08-03,-0.0390678,-0.086499214,0.013138888,0.014753691,-2.9732215
9939,2026-08-03,-0.060096398,-0.05526413,0.020115003,0.02067365,-2.9874918
6209,2026-08-03,-0.057297252,-0.15331618,0.019167462,0.021786662,-2.9891417
6692,2026-08-03,-0.052508228,-0.14257796,0.017483195,0.026291093,-3.0031824
1444,2026-08-03,-0.050548516,-0.050616138,0.016825384,0.01982052,-3.0041225
5508,2026-08-03,-0.06477454,-0.0870657,0.021491915,0.02512043,-3.0137625
2489,2026-08-03,-0.06685598,-0.11919456,0.02191251,0.030388659,-3.0509026
6863,2026-08-03,-0.053301204,-0.09301531,0.017436434,0.02128372,-3.0567114
5356,2026-08-03,-0.04277625,-0.06556252,0.013989535,0.017222242,-3.0575135
3346,2026-08-03,-0.043684695,-0.06113698,0.014280018,0.01325739,-3.0589342
1440,2026-08-03,-0.04124807,-0.027694274,0.013474943,0.015099916,-3.0608668
3321,2026-08-03,-0.05842988,-0.04088384,0.019044263,0.016452221,-3.067948
1736,2026-08-03,-0.04987298,-0.087801814,0.016211687,0.015142959,-3.07617
6113,2026-08-03,-0.04462104,-0.10773387,0.014347713,0.01651871,-3.1097589
6116,2026-08-03,-0.06282123,-0.19576173,0.02018468,0.023096204,-3.112168
1569,2026-08-03,-0.056394152,-0.18913673,0.01808659,0.024901494,-3.1178367
3218,2026-08-03,-0.048994344,-0.12609811,0.015622902,0.01998025,-3.1358583
6535,2026-08-03,-0.051325504,-0.08836989,0.016325807,0.017997347,-3.1436338
3577,2026-08-03,-0.09431829,-0.17583302,0.02999885,0.034501392,-3.1439588
2006,2026-08-03,-0.04903013,0.021950936,0.015526568,0.015739925,-3.157618
1809,2026-08-03,-0.058329884,-0.14385644,0.018466217,0.021127516,-3.1585636
9927,2026-08-03,-0.052781478,-0.08884902,0.016533453,0.01754978,-3.1922119
2482,2026-08-03,-0.038016915,-0.08245201,0.011868156,0.01335093,-3.2030008
2801,2026-08-03,-0.059469055,-0.02920984,0.018547682,0.021348855,-3.2061067
5903,2026-08-03,-0.053306516,-0.0059692236,0.016611317,0.015301633,-3.208855
6894,2026-08-03,-0.043065175,-0.14225943,0.013406703,0.018463857,-3.2119725
3373,2026-08-03,-0.067825176,-0.14200583,0.021074224,0.02066645,-3.2182422
4111,2026-08-03,-0.05274705,-0.09767047,0.016386181,0.02461515,-3.2187994
6216,2026-08-03,-0.07007905,-0.075787954,0.021762248,0.02797015,-3.220064
3049,2026-08-03,-0.06410816,-0.13220999,0.0198545,0.01983794,-3.2287357
6716,2026-08-03,-0.046746764,-0.13190971,0.014449954,0.019741802,-3.2348566
6242,2026-08-03,-0.061936054,-0.12690428,0.01911718,0.022065649,-3.2396417
3118,2026-08-03,-0.054705597,-0.09436269,0.016862934,0.017626679,-3.2439404
3706,2026-08-03,-0.05474995,-0.06455967,0.01685605,0.018721234,-3.2478962
8234,2026-08-03,-0.07948886,-0.2048857,0.024407117,0.026629604,-3.2566566
3332,2026-08-03,-0.053292014,-0.106791236,0.016257025,0.01845461,-3.2778897
5515,2026-08-03,-0.056023262,-0.04337077,0.017065682,0.015252101,-3.2826102
6527,2026-08-03,-0.04884201,-0.06414073,0.014870526,0.020515407,-3.2842634
5460,2026-08-03,-0.036897417,-0.10844313,0.011211074,0.016027065,-3.2908645
5516,2026-08-03,-0.06660466,-0.094649605,0.020187125,0.022987638,-3.2991998
5244,2026-08-03,-0.06349492,-0.14905526,0.019195138,0.022063615,-3.3076925
2390,2026-08-03,-0.06165324,-0.1226771,0.018637817,0.016277794,-3.3077872
6994,2026-08-03,-0.052544244,-0.13443375,0.015790299,0.019663626,-3.3274174
6197,2026-08-03,-0.060797118,-0.052038025,0.018222917,0.022048814,-3.3361168
2107,2026-08-03,-0.07498118,-0.061548747,0.022422077,0.019932047,-3.3439293
3025,2026-08-03,-0.061948452,-0.16085185,0.018467294,0.019148799,-3.3543136
4735,2026-08-03,-0.06871934,-0.080012485,0.020471066,0.023351878,-3.356737
1438,2026-08-03,-0.10392119,-0.11500176,0.030898673,0.02929987,-3.3631809
6233,2026-08-03,-0.08888731,-0.20762905,0.02634482,0.021815792,-3.3738675
7709,2026-08-03,-0.0533229,-0.08118621,0.015731165,0.01696931,-3.389419
2504,2026-08-03,-0.071858294,-0.027539087,0.021199284,0.020169152,-3.3894968
1734,2026-08-03,-0.057156913,-0.06698198,0.016819103,0.01674593,-3.398131
8083,2026-08-03,-0.041137774,-0.0659095,0.0121035855,0.01515846,-3.398528
6861,2026-08-03,-0.046869747,-0.16833073,0.01375206,0.018328113,-3.4079504
6895,2026-08-03,-0.06300377,-0.19477831,0.018464642,0.019931773,-3.4119458
4771,2026-08-03,-0.059406996,-0.12636587,0.017346567,0.020042164,-3.4245145
3150,2026-08-03,-0.058506694,-0.11829408,0.017040918,0.015091467,-3.433105
8487,2026-08-03,-0.06278072,-0.09899486,0.018268606,0.018150575,-3.436348
3441,2026-08-03,-0.091505796,-0.23754475,0.02655054,0.024851577,-3.446346
6423,2026-08-03,-0.056924812,-0.17212233,0.016514918,0.019048654,-3.4466636
1595,2026-08-03,-0.07795801,-0.14500818,0.022600507,0.024933554,-3.4492395
2702,2026-08-03,-0.065603055,-0.10352864,0.018974598,0.019345453,-3.4572325
5438,2026-08-03,-0.08905684,-0.17010924,0.025755214,0.028378246,-3.4576838
3135,2026-08-03,-0.0768201,-0.13479705,0.022192482,0.019477274,-3.461381
1314,2026-08-03,-0.07118967,-0.10279684,0.020511786,0.021711452,-3.4705024
8930,2026-08-03,-0.056116413,-0.048803315,0.016166696,0.015431713,-3.4708972
2061,2026-08-03,-0.08470311,-0.17878726,0.024368174,0.02841423,-3.47583
2365,2026-08-03,-0.059430346,-0.16450572,0.017069308,0.018496664,-3.481504
5348,2026-08-03,-0.064629965,-0.13994774,0.018511971,0.024547879,-3.4910638
3268,2026-08-03,-0.07991625,-0.15605798,0.022863748,0.02609835,-3.4951732
2603,2026-08-03,-0.046998,0.013540712,0.013438471,0.018244542,-3.4970129
2511,2026-08-03,-0.0571489,0.005348915,0.016274173,0.018244578,-3.5114157
2427,2026-08-03,-0.066066705,-0.1238276,0.018801412,0.020993792,-3.5137355
4585,2026-08-03,-0.06149338,-0.0882586,0.017494699,0.019831933,-3.5147712
2206,2026-08-03,-0.055316277,-0.01145356,0.015731638,0.016494265,-3.5160203
8215,2026-08-03,-0.08355637,-0.1281792,0.023757176,0.024504254,-3.516952
6906,2026-08-03,-0.060575567,-0.09665834,0.01720762,0.017325537,-3.520071
4556,2026-08-03,-0.07877612,-0.13549706,0.022224871,0.023261547,-3.5443435
7704,2026-08-03,-0.060052935,-0.11673066,0.016913109,0.022083541,-3.5504642
3303,2026-08-03,-0.06412261,-0.09333604,0.018057752,0.019703684,-3.5507774
2362,2026-08-03,-0.064465605,-0.020072723,0.018125799,0.017747791,-3.55637
1210,2026-08-03,-0.05496696,-4.272138e-05,0.015401154,0.0177743,-3.568784
8107,2026-08-03,-0.06527842,-0.13632724,0.018289188,0.02072525,-3.5690403
6222,2026-08-03,-0.06391154,-0.09643671,0.017902477,0.020417284,-3.569784
4706,2026-08-03,-0.050926846,-0.08269139,0.014263105,0.016343145,-3.5702798
2450,2026-08-03,-0.05155507,-0.078486554,0.014409169,0.016441261,-3.5776868
8222,2026-08-03,-0.08644538,-0.19680561,0.024105756,0.027130252,-3.58594
3013,2026-08-03,-0.07140172,-0.1607186,0.019887978,0.02072816,-3.5900147
5015,2026-08-03,-0.06253895,-0.013629922,0.017379755,0.015571464,-3.5981722
3041,2026-08-03,-0.08358897,-0.20336828,0.023207046,0.027892584,-3.601724
4967,2026-08-03,-0.07226739,-0.15562461,0.020035356,0.022584006,-3.606813
8068,2026-08-03,-0.0776073,-0.16797061,0.021340575,0.024809333,-3.6364372
1459,2026-08-03,-0.08329348,-0.0908904,0.022749985,0.025694326,-3.6610935
5392,2026-08-03,-0.10111652,-0.21474165,0.02752445,0.026237203,-3.6735647
2312,2026-08-03,-0.07775925,-0.21193549,0.021036321,0.025525557,-3.6962523
6128,2026-08-03,-0.060016442,-0.096333824,0.016227746,0.017967694,-3.6981564
2359,2026-08-03,-0.0896299,-0.09799118,0.02418781,0.017394513,-3.7054284
8091,2026-08-03,-0.06672695,-0.13647391,0.017996293,0.015639177,-3.7076106
5212,2026-08-03,-0.06497977,-0.121824026,0.01744071,0.019142525,-3.7255387
5215,2026-08-03,-0.07200823,-0.105894975,0.019304497,0.021930184,-3.729934
8084,2026-08-03,-0.114572085,-0.14561106,0.03066654,0.034510225,-3.73594
9943,2026-08-03,-0.048930384,-0.07852237,0.013047871,0.01400128,-3.749779
3141,2026-08-03,-0.07968814,-0.19491081,0.021236176,0.025342504,-3.7522945
2762,2026-08-03,-0.062144157,-0.055234272,0.016529122,0.017060714,-3.7594492
6180,2026-08-03,-0.07387443,-0.094559126,0.019628774,0.021834161,-3.7633865
1540,2026-08-03,-0.06065593,-0.13119668,0.016103813,0.017042726,-3.7663229
6690,2026-08-03,-0.059281755,-0.13256508,0.015661255,0.01598694,-3.7850077
7721,2026-08-03,-0.0880812,-0.24152388,0.023194218,0.028430698,-3.7973862
2349,2026-08-03,-0.060496695,-0.12456535,0.015929984,0.020390917,-3.7974236
6803,2026-08-03,-0.06927201,-0.098781005,0.018221332,0.020719396,-3.8014898
3224,2026-08-03,-0.13109872,-0.17863207,0.03448408,0.033731848,-3.801607
6411,2026-08-03,-0.04968249,-0.13008864,0.013056964,0.019910416,-3.8047655
6890,2026-08-03,-0.075808875,-0.093700044,0.01988823,0.020368164,-3.811554
2480,2026-08-03,-0.06418189,-0.054093175,0.01682202,0.015576468,-3.8151228
2915,2026-08-03,-0.06051649,-0.028379798,0.015810039,0.015099084,-3.8274834
3024,2026-08-03,-0.053127456,-0.08200745,0.013852673,0.014700057,-3.8349004
8147,2026-08-03,-0.07127318,-0.20140937,0.018546589,0.03201196,-3.8427193
3675,2026-08-03,-0.068965875,-0.20134497,0.017757734,0.02343299,-3.8834903
2227,2026-08-03,-0.059323985,-0.010374413,0.015235616,0.017229443,-3.8935144
1451,2026-08-03,-0.089694254,-0.09434013,0.022990294,0.024109498,-3.9012268
3527,2026-08-03,-0.070989385,-0.12943812,0.018173719,0.014491816,-3.9059412
4107,2026-08-03,-0.060243256,-0.0880644,0.015401815,0.017324347,-3.9111848
2221,2026-08-03,-0.09762122,-0.13223588,0.024926621,0.026389461,-3.9161866
5227,2026-08-03,-0.07636345,-0.16660976,0.019482683,0.022943996,-3.919354
4905,2026-08-03,-0.081776604,-0.16619529,0.02085443,0.02630087,-3.921118
8437,2026-08-03,-0.0611017,-0.07813153,0.0155414315,0.01649353,-3.9312832
6579,2026-08-03,-0.058072533,-0.14435925,0.014754405,0.015974527,-3.9356785
4542,2026-08-03,-0.08645258,-0.21341985,0.021871762,0.029254476,-3.9525223
6881,2026-08-03,-0.04446218,-0.07835986,0.011198904,0.012706067,-3.9698715
6129,2026-08-03,-0.07781216,-0.1430316,0.019561527,0.024076246,-3.9776127
6859,2026-08-03,-0.047591176,-0.14272717,0.011953614,0.020936424,-3.980988
6757,2026-08-03,-0.06151592,-0.044376675,0.015357565,0.016971214,-4.0053167
7713,2026-08-03,-0.06679699,-0.10827634,0.016630445,0.021356313,-4.016307
2547,2026-08-03,-0.06822186,0.0018209202,0.016979668,0.020186171,-4.017619
6166,2026-08-03,-0.074511684,-0.11425491,0.018525861,0.023378279,-4.021819
1560,2026-08-03,-0.056725215,-0.029739173,0.014087897,0.013961717,-4.026235
2945,2026-08-03,-0.06798992,-0.07947073,0.01686255,0.019601466,-4.031768
1788,2026-08-03,-0.043628883,-0.084448926,0.010798191,0.015128689,-4.040014
7715,2026-08-03,-0.07878208,-0.13750991,0.019472562,0.02389502,-4.045592
1783,2026-08-03,-0.06580005,-0.098460004,0.016178794,0.017395014,-4.066804
8050,2026-08-03,-0.102610335,-0.11782384,0.025194004,0.027748687,-4.072646
8477,2026-08-03,-0.058295544,-0.082988895,0.014298897,0.019134896,-4.0766406
3011,2026-08-03,-0.06659089,-0.12308788,0.016291652,0.016316932,-4.087173
6590,2026-08-03,-0.065852195,-0.1412351,0.016098177,0.019835014,-4.0904074
1531,2026-08-03,-0.05887485,-0.08809025,0.0143914735,0.015099727,-4.090669
1409,2026-08-03,-0.10678652,-0.2243557,0.026006028,0.026394049,-4.106064
2630,2026-08-03,-0.07986269,-0.09625836,0.019428244,0.023779696,-4.1104374
3060,2026-08-03,-0.084425546,-0.2239135,0.020471292,0.025033712,-4.1238933
3484,2026-08-03,-0.061305333,-0.113308035,0.014861326,0.0156618,-4.1248813
4974,2026-08-03,-0.07925625,-0.14744525,0.019174071,0.025393717,-4.1332965
2432,2026-08-03,-0.060665775,-0.12247961,0.014474453,0.014156445,-4.1909413
5291,2026-08-03,-0.06923624,-0.20599096,0.016414126,0.025327267,-4.2178316
6498,2026-08-03,-0.058583617,-0.18681042,0.013874921,0.019143451,-4.2219625
4951,2026-08-03,-0.08174202,-0.2087703,0.019308306,0.026650364,-4.2332964
8409,2026-08-03,-0.077630125,-0.11285701,0.01828446,0.017479911,-4.245456
6441,2026-08-03,-0.061084993,-0.19480124,0.014365458,0.019641537,-4.2519174
4154,2026-08-03,-0.0612244,-0.09131504,0.01439173,0.018773712,-4.2538424
6771,2026-08-03,-0.078690596,-0.1270611,0.018488465,0.021290826,-4.2559695
9105,2026-08-03,-0.08804911,-0.16188659,0.020667562,0.024585895,-4.26005
1707,2026-08-03,-0.07782947,-0.11540294,0.018170133,0.019046716,-4.283138
2387,2026-08-03,-0.08340144,-0.10972578,0.019379437,0.016777769,-4.303383
1713,2026-08-03,-0.065792255,-0.08552963,0.015285412,0.018298078,-4.30397
1626,2026-08-03,-0.060268585,-0.0661601,0.014000997,0.01794874,-4.304285
6936,2026-08-03,-0.088881776,-0.10893505,0.020613072,0.02299435,-4.3117037
3296,2026-08-03,-0.065305136,-0.12087461,0.015143086,0.019396087,-4.3122535
8071,2026-08-03,-0.09950061,-0.1688372,0.023066364,0.025862684,-4.31348
1806,2026-08-03,-0.07413888,-0.05734114,0.01712617,0.017140098,-4.3287287
6674,2026-08-03,-0.074399084,-0.12482624,0.017184462,0.021818932,-4.329187
2886,2026-08-03,-0.050976235,-0.0021956866,0.011773111,0.014481749,-4.329519
2103,2026-08-03,-0.08357295,-0.10688741,0.019133879,0.016684161,-4.3675714
3058,2026-08-03,-0.071005754,-0.09163789,0.016234221,0.0140323555,-4.3735623
1512,2026-08-03,-0.061632283,-0.104033574,0.014065295,0.016290592,-4.3815575
4114,2026-08-03,-0.06740497,-0.06266679,0.015367104,0.01440687,-4.38603
6241,2026-08-03,-0.08734198,-0.09846342,0.019907335,0.021367505,-4.3872066
2889,2026-08-03,-0.07579605,0.015179296,0.017184747,0.01766941,-4.410402
2881,2026-08-03,-0.07790976,-0.02554601,0.017630892,0.015875697,-4.418684
6203,2026-08-03,-0.062072225,-0.13277753,0.014019577,0.01903399,-4.427223
6967,2026-08-03,-0.06291395,-0.18053792,0.014194356,0.028051665,-4.4320087
6196,2026-08-03,-0.062294018,-0.02856716,0.01401232,0.012311006,-4.445343
4557,2026-08-03,-0.08535561,-0.1329984,0.019180082,0.019105501,-4.4499893
4754,2026-08-03,-0.11180556,-0.1930848,0.025114348,0.024189075,-4.4516826
1102,2026-08-03,-0.0964663,-0.013352637,0.021657478,0.016959136,-4.4539742
3540,2026-08-03,-0.08944983,-0.1893187,0.019994894,0.020086383,-4.4734097
2471,2026-08-03,-0.06810438,-0.12922217,0.015155182,0.016114179,-4.493505
6916,2026-08-03,-0.056068745,-0.10357577,0.012445411,0.017187122,-4.5048122
5548,2026-08-03,-0.092194885,-0.0921593,0.020283129,0.019282127,-4.545173
8935,2026-08-03,-0.057058692,-0.0864178,0.012500589,0.016263016,-4.564115
6585,2026-08-03,-0.076805286,-0.079667136,0.01678727,0.016331399,-4.5749373
2883,2026-08-03,-0.06631854,-0.037920438,0.014494665,0.017747639,-4.5750604
2374,2026-08-03,-0.0637496,-0.12868972,0.013911093,0.020752791,-4.5823154
8478,2026-08-03,-0.10655461,-0.1337828,0.0231909,0.023933334,-4.5944753
4153,2026-08-03,-0.06934559,-0.08691589,0.0150881335,0.0167787,-4.595731
5876,2026-08-03,-0.08725645,-0.00535979,0.018974539,0.016686494,-4.5983644
3622,2026-08-03,-0.07993503,-0.13917187,0.017343309,0.022158531,-4.608718
8450,2026-08-03,-0.084401,-0.15570952,0.018312288,0.024430918,-4.60873
3508,2026-08-03,-0.10750254,-0.17414372,0.023219839,0.025017051,-4.629572
6719,2026-08-03,-0.09696945,-0.18613027,0.020941554,0.017894503,-4.630259
3018,2026-08-03,-0.085265316,-0.14310387,0.018410826,0.023275461,-4.631008
6122,2026-08-03,-0.08992807,-0.16804805,0.019367173,0.019587545,-4.6430845
1455,2026-08-03,-0.088353075,-0.10567052,0.018918632,0.022142606,-4.669915
6785,2026-08-03,-0.11676219,-0.25893316,0.024902975,0.02476709,-4.688496
5276,2026-08-03,-0.07677349,-0.06819514,0.016192224,0.018191231,-4.741087
2453,2026-08-03,-0.08259042,-0.14655992,0.01732558,0.020651901,-4.7666893
8112,2026-08-03,-0.10189644,-0.11966809,0.021355238,0.019221326,-4.771273
3570,2026-08-03,-0.122149035,-0.17029224,0.025589954,0.023372067,-4.7731333
3541,2026-08-03,-0.082383625,-0.14319517,0.01725277,0.019738656,-4.774819
5222,2026-08-03,-0.09276411,-0.2265752,0.019392157,0.026650943,-4.7833424
5324,2026-08-03,-0.086584374,-0.07739926,0.018094562,0.02070465,-4.78484
1810,2026-08-03,-0.11910416,-0.20325002,0.024837773,0.0271165,-4.79509
8271,2026-08-03,-0.077787355,-0.18432401,0.016219122,0.015111298,-4.7957315
6796,2026-08-03,-0.09308277,-0.12088415,0.019367069,0.019200485,-4.805991
6499,2026-08-03,-0.07716183,-0.2062464,0.016030882,0.01883753,-4.813024
1447,2026-08-03,-0.09209595,-0.10677524,0.019107984,0.024682049,-4.8195105
4432,2026-08-03,-0.052727573,-0.06792509,0.010914639,0.016710602,-4.8304615
6465,2026-08-03,-0.07059069,-0.14648755,0.014611086,0.018955465,-4.83098
9950,2026-08-03,-0.054617655,-0.062138136,0.011293975,0.014761111,-4.8355713
4739,2026-08-03,-0.08808184,-0.17986593,0.018153667,0.022916168,-4.851746
3528,2026-08-03,-0.067954205,-0.12764846,0.013999916,0.0136184925,-4.8535542
1565,2026-08-03,-0.07271945,-0.15805994,0.014975132,0.020413881,-4.8556895
5292,2026-08-03,-0.07506707,-0.1667079,0.015445371,0.025250552,-4.859852
3092,2026-08-03,-0.10824016,-0.23270628,0.022173893,0.022563688,-4.881203
1324,2026-08-03,-0.09672761,-0.12500817,0.019800587,0.020026324,-4.8848414
4736,2026-08-03,-0.06542342,-0.09154711,0.01338543,0.016120953,-4.8872943
6754,2026-08-03,-0.11957801,-0.13552092,0.024462625,0.020968586,-4.8879924
2540,2026-08-03,-0.10544547,-0.052085947,0.021562794,0.022302307,-4.889931
6165,2026-08-03,-0.08806885,-0.08778854,0.017938629,0.019532505,-4.909179
4163,2026-08-03,-0.14242324,-0.14649129,0.029000152,0.029045751,-4.910951
1712,2026-08-03,-0.10058212,-0.09076176,0.020471768,0.021298798,-4.912971
1453,2026-08-03,-0.12097929,-0.15734822,0.024594044,0.02835632,-4.918848
9949,2026-08-03,-0.10654246,-0.19473997,0.021654852,0.02197155,-4.9198
4952,2026-08-03,-0.069794275,-0.120355144,0.014162534,0.015488975,-4.9277444
1437,2026-08-03,-0.07516597,-0.110400245,0.01524768,0.016298631,-4.9293427
3130,2026-08-03,-0.08833675,-0.11921786,0.017865594,0.019752668,-4.944241
5465,2026-08-03,-0.09497742,-0.14890112,0.01920307,0.020675577,-4.945692
1472,2026-08-03,-0.088593006,-0.11336724,0.017877605,0.020869456,-4.9552526
8933,2026-08-03,-0.118460305,-0.1954721,0.02387806,0.021801503,-4.9608445
2538,2026-08-03,-0.106024474,-0.09884845,0.021350263,0.01905024,-4.965724
8936,2026-08-03,-0.08549658,-0.12462417,0.017157588,0.01749131,-4.982728
2852,2026-08-03,-0.07829442,-0.03753141,0.0157093,0.017549101,-4.9836364
8446,2026-08-03,-0.07430151,-0.10265031,0.014860961,0.017681457,-4.999442
1268,2026-08-03,-0.053890947,-0.070124835,0.010755304,0.0126776155,-5.0101733
6117,2026-08-03,-0.07749418,-0.19833164,0.015440635,0.022616472,-5.018522
3416,2026-08-03,-0.09210567,-0.14852653,0.01833056,0.020723993,-5.0244317
2891,2026-08-03,-0.05934186,-0.03404436,0.011808365,0.01408215,-5.024983
6835,2026-08-03,-0.09744163,-0.16880436,0.01936416,0.024115218,-5.0318007
2476,2026-08-03,-0.109796524,-0.29990208,0.021709327,0.025225786,-5.057341
4560,2026-08-03,-0.10199829,-0.10856692,0.020155573,0.024993606,-5.060299
7708,2026-08-03,-0.10361845,-0.13569514,0.020474212,0.02443373,-5.0606775
3325,2026-08-03,-0.08739404,-0.14842653,0.01722162,0.019545278,-5.074375
6416,2026-08-03,-0.07956038,-0.13611174,0.015677435,0.021618858,-5.07451
5371,2026-08-03,-0.11278556,-0.19851957,0.022206932,0.02425908,-5.078616
4168,2026-08-03,-0.086756036,-0.120979354,0.017044628,0.017483776,-5.0896354
2231,2026-08-03,-0.123699926,-0.15888187,0.02413089,0.027282909,-5.125994
2438,2026-08-03,-0.07232846,-0.1553207,0.014070811,0.018224292,-5.139954
1315,2026-08-03,-0.07232777,-0.07668224,0.0140626645,0.017922316,-5.1428823
2105,2026-08-03,-0.093964376,-0.04591679,0.01821459,0.01878347,-5.1584587
2845,2026-08-03,-0.096230716,-0.017389175,0.01853881,0.01684049,-5.1904907
8076,2026-08-03,-0.07314146,-0.1303686,0.014087541,0.016873918,-5.191557
9942,2026-08-03,-0.07487621,-0.09637122,0.014386221,0.0134241115,-5.2043552
2636,2026-08-03,-0.09667214,-0.100051545,0.018513007,0.018399436,-5.2215676
6925,2026-08-03,-0.07692893,-0.23357344,0.01471846,0.019959392,-5.2263417
6144,2026-08-03,-0.082909554,-0.09912426,0.01583712,0.021523098,-5.2348104
9103,2026-08-03,-0.10929977,-0.16620064,0.02086835,0.02225748,-5.2373347
1220,2026-08-03,-0.10007631,-0.04906011,0.019092798,0.02150818,-5.241299
1337,2026-08-03,-0.1188271,-0.16479315,0.022666663,0.025435591,-5.2421412
6219,2026-08-03,-0.13036673,-0.14155345,0.024833994,0.025522254,-5.2493157
4568,2026-08-03,-0.098323226,-0.12608807,0.018710768,0.01885795,-5.2546196
6546,2026-08-03,-0.0936714,-0.23937829,0.01782473,0.022243874,-5.2548423
1312,2026-08-03,-0.12913969,-0.17921585,0.024541937,0.02558645,-5.2617865
6645,2026-08-03,-0.07152292,-0.08263268,0.013590091,0.017022658,-5.2624855
3504,2026-08-03,-0.13541374,-0.22804676,0.025708178,0.030507253,-5.267136
4106,2026-08-03,-0.099624954,-0.15642357,0.01891231,0.023675255,-5.2674522
6158,2026-08-03,-0.112577245,-0.17111358,0.021361055,0.022576878,-5.2699633
6112,2026-08-03,-0.0949863,-0.17828315,0.01798154,0.018782038,-5.28214
6751,2026-08-03,-0.10407904,-0.15214653,0.01969881,0.022669736,-5.283251
1615,2026-08-03,-0.08152645,-0.07441254,0.015378251,0.016037453,-5.301068
2247,2026-08-03,-0.07857923,-0.10722481,0.014800945,0.015917014,-5.3087096
5512,2026-08-03,-0.07827166,-0.04715884,0.014735722,0.0215143,-5.311334
4104,2026-08-03,-0.100770585,-0.102368206,0.018971283,0.017492047,-5.3114634
3259,2026-08-03,-0.10082752,-0.18221596,0.018868018,0.024643376,-5.343549
6790,2026-08-03,-0.1100842,-0.07064738,0.020599373,0.01638019,-5.3437963
4714,2026-08-03,-0.12026321,-0.23094718,0.02244825,0.029736916,-5.3571153
5210,2026-08-03,-0.068575874,-0.10157133,0.0127816545,0.016615352,-5.36476
3188,2026-08-03,-0.1092855,-0.12931925,0.02034733,0.026863772,-5.3707356
8390,2026-08-03,-0.06883281,-0.09947171,0.012786052,0.013735374,-5.383008
6588,2026-08-03,-0.17036407,-0.3339907,0.031642873,0.030486556,-5.3837934
1465,2026-08-03,-0.08058826,-0.11467431,0.014936101,0.0160175,-5.395174
3558,2026-08-03,-0.13629504,-0.19935805,0.025227448,0.029626762,-5.4024343
2114,2026-08-03,-0.07563214,-0.081877485,0.013961376,0.015355243,-5.416853
4950,2026-08-03,-0.094556205,-0.11804804,0.017382195,0.015587405,-5.439518
6482,2026-08-03,-0.109659486,-0.18682726,0.020116208,0.021527547,-5.451029
3164,2026-08-03,-0.106419004,-0.12656942,0.019506752,0.019683097,-5.455216
6126,2026-08-03,-0.10195993,-0.16193005,0.018622052,0.021106748,-5.4749312
4510,2026-08-03,-0.083122686,-0.23722497,0.015134599,0.017486507,-5.491866
2832,2026-08-03,-0.07032025,-0.022152616,0.012798101,0.01592283,-5.4941554
2543,2026-08-03,-0.09092113,-0.15342292,0.016545737,0.02575689,-5.494807
4584,2026-08-03,-0.08737128,-0.13126089,0.015898695,0.016777756,-5.4951544
6136,2026-08-03,-0.10915645,-0.13330497,0.019851707,0.020793116,-5.498316
9929,2026-08-03,-0.10325506,-0.13960001,0.01877357,0.025209542,-5.4997296
3717,2026-08-03,-0.123091,-0.19729869,0.022379385,0.024251217,-5.49995
2509,2026-08-03,-0.096648805,-0.13879582,0.017568538,0.01901696,-5.5009303
1341,2026-08-03,-0.096646614,-0.10312834,0.017548734,0.018285757,-5.507013
4116,2026-08-03,-0.09567425,-0.12194947,0.017327785,0.018980179,-5.5211167
2211,2026-08-03,-0.09427266,-0.051257376,0.017031983,0.013094937,-5.5347123
6281,2026-08-03,-0.07443094,-0.10300406,0.013430974,0.013723284,-5.5413256
5287,2026-08-03,-0.08686104,-0.16406499,0.01564974,0.019848246,-5.5499635
8045,2026-08-03,-0.09679163,-0.17807451,0.017405134,0.021161476,-5.560777
1563,2026-08-03,-0.12515385,-0.18448713,0.022495057,0.025428299,-5.5633683
1340,2026-08-03,-0.0968263,-0.11895417,0.017394569,0.015641114,-5.5661473
6152,2026-08-03,-0.07523424,-0.16018492,0.0134474505,0.017164715,-5.5942683
3085,2026-08-03,-0.08596196,-0.15848051,0.015340558,0.019981299,-5.603209
6183,2026-08-03,-0.07554294,-0.085009046,0.013451676,0.01343773,-5.6154585
3607,2026-08-03,-0.08770334,-0.16783683,0.01558306,0.022598771,-5.6277595
4192,2026-08-03,-0.08726027,-0.21113777,0.015498375,0.014738471,-5.629922
1467,2026-08-03,-0.09269253,-0.12448219,0.016454821,0.01877899,-5.632811
6965,2026-08-03,-0.1287506,-0.123911746,0.022820953,0.021543993,-5.6415243
6997,2026-08-03,-0.120274276,-0.209187,0.02125571,0.02274228,-5.6581793
1731,2026-08-03,-0.093851134,-0.13008308,0.016575722,0.018401848,-5.661622
8092,2026-08-03,-0.09701959,-0.17908363,0.01710993,0.018231863,-5.670036
6742,2026-08-03,-0.14044616,-0.18749969,0.024765184,0.025321573,-5.670884
3703,2026-08-03,-0.09780375,-0.047230545,0.01716523,0.015491372,-5.6974506
1231,2026-08-03,-0.073943615,-0.08721517,0.012969648,0.012611589,-5.700842
1215,2026-08-03,-0.11215898,-0.103520915,0.019672472,0.018143017,-5.701026
3038,2026-08-03,-0.120011166,-0.14538714,0.02103418,0.026786523,-5.70526
4743,2026-08-03,-0.09844742,-0.18930492,0.017243046,0.018714583,-5.7090673
6698,2026-08-03,-0.102439836,-0.16106643,0.017925892,0.019936565,-5.714311
2867,2026-08-03,-0.08953743,0.008955838,0.015605165,0.020986313,-5.7373114
4968,2026-08-03,-0.09374952,-0.24119915,0.016305164,0.022980709,-5.7493305
1218,2026-08-03,-0.09332792,-0.089735985,0.016225658,0.016809488,-5.751518
2516,2026-08-03,-0.11328219,-0.12191341,0.019693105,0.02094668,-5.752086
1413,2026-08-03,-0.10331615,-0.09547159,0.017960433,0.020085668,-5.7521105
5245,2026-08-03,-0.09598948,-0.14256641,0.016669258,0.01721713,-5.7581277
1256,2026-08-03,-0.11981149,-0.1679492,0.020774482,0.021526346,-5.7669654
1457,2026-08-03,-0.08512928,-0.090774946,0.014717796,0.018184666,-5.7837124
6506,2026-08-03,-0.0868965,-0.124580264,0.014999062,0.013932319,-5.793076
3684,2026-08-03,-0.11045828,-0.23985751,0.019065622,0.02497564,-5.7932796
6872,2026-08-03,-0.10016532,-0.10647263,0.017247645,0.018720811,-5.8071413
5450,2026-08-03,-0.13583973,-0.16485108,0.023314029,0.023048943,-5.8262734
3219,2026-08-03,-0.10163822,-0.18675475,0.017391779,0.019631526,-5.8437023
5206,2026-08-03,-0.12331058,-0.16656017,0.021091428,0.021281585,-5.8462014
2608,2026-08-03,-0.06930652,-0.027524753,0.011851407,0.013534453,-5.847464
4545,2026-08-03,-0.08289636,-0.10533952,0.01416921,0.01563194,-5.8500447
8249,2026-08-03,-0.096004896,-0.19330603,0.016374279,0.015398181,-5.8627944
5519,2026-08-03,-0.10506982,-0.08056896,0.017829953,0.022343408,-5.8925524
1720,2026-08-03,-0.11992247,-0.11816713,0.02033416,0.020923844,-5.8972964
8034,2026-08-03,-0.094163775,-0.19105509,0.015955236,0.020120928,-5.9013777
2545,2026-08-03,-0.07654038,-0.054279067,0.012957122,0.0138323605,-5.9067492
4561,2026-08-03,-0.093602166,-0.1774004,0.015793959,0.020986369,-5.9260783
3002,2026-08-03,-0.09225373,-0.16698147,0.0155629935,0.01933965,-5.9273815
6577,2026-08-03,-0.10683449,-0.18509674,0.017903129,0.022494009,-5.967031
5701,2026-08-03,-0.0776523,-0.11535416,0.013001195,0.01482764,-5.972245
9917,2026-08-03,-0.09267973,-0.07313266,0.015509577,0.013005859,-5.9752603
2755,2026-08-03,-0.08363997,-0.132439,0.01393968,0.015746465,-5.9997053
7714,2026-08-03,-0.16155624,-0.26267135,0.02688584,0.022377562,-6.008748
6811,2026-08-03,-0.10162714,-0.15468828,0.016896078,0.016042352,-6.01448
5203,2026-08-03,-0.11205496,-0.19471845,0.01861254,0.02012995,-6.0200777
3232,2026-08-03,-0.116230756,-0.19014098,0.019292088,0.0183426,-6.0244765
3027,2026-08-03,-0.12675932,-0.18645702,0.02100924,0.020659145,-6.033216
4528,2026-08-03,-0.1078283,-0.1765054,0.017857559,0.015057075,-6.0379057
3168,2026-08-03,-0.13177396,-0.20563467,0.021819506,0.016002215,-6.0389967
2609,2026-08-03,-0.08323748,-0.009949938,0.013763984,0.014414804,-6.0470448
4105,2026-08-03,-0.1013463,-0.105916254,0.016724514,0.020486062,-6.0593834
6598,2026-08-03,-0.09347046,-0.10777717,0.015418246,0.01466501,-6.0619345
6846,2026-08-03,-0.10811706,-0.15250632,0.017751558,0.021810409,-6.0902243
6592,2026-08-03,-0.08132403,-0.037343368,0.013344425,0.018499484,-6.093776
3713,2026-08-03,-0.13242073,-0.18051276,0.021676451,0.023806931,-6.1086855
3288,2026-08-03,-0.11829438,-0.1434288,0.019341262,0.02676967,-6.1158504
4402,2026-08-03,-0.14001174,-0.17638369,0.022856945,0.022986181,-6.1252985
3438,2026-08-03,-0.17990424,-0.23325592,0.029341247,0.027589954,-6.1312356
6163,2026-08-03,-0.096314654,-0.3334903,0.015705315,0.027483856,-6.1322246
4102,2026-08-03,-0.07874442,-0.09071526,0.012831594,0.014205695,-6.1362824
5312,2026-08-03,-0.108823776,-0.1463981,0.017730748,0.021334454,-6.1372275
2596,2026-08-03,-0.0991705,-0.097066335,0.016143365,0.01329722,-6.142731
6937,2026-08-03,-0.11636933,-0.21916522,0.01890642,0.01845737,-6.1546907
8080,2026-08-03,-0.114116944,-0.09643148,0.018528754,0.01957416,-6.1585784
4563,2026-08-03,-0.12530228,-0.21274586,0.020262633,0.025029967,-6.1836042
2397,2026-08-03,-0.12051646,-0.16012686,0.019466225,0.022540111,-6.1907363
1752,2026-08-03,-0.10541732,-0.13470083,0.01691687,0.021804065,-6.2311225
6414,2026-08-03,-0.11058624,-0.18432833,0.017715918,0.01895026,-6.241844
6597,2026-08-03,-0.13969223,-0.16726358,0.02236297,0.02499859,-6.2463074
6194,2026-08-03,-0.10664846,-0.19195446,0.017046694,0.019847652,-6.255888
2740,2026-08-03,-0.13129702,-0.20886786,0.020971475,0.019309068,-6.2604446
2413,2026-08-03,-0.09977558,-0.16460618,0.015933827,0.01876271,-6.261479
6275,2026-08-03,-0.12421224,-0.2646729,0.019820482,0.023920907,-6.2665467
7747,2026-08-03,-0.09227584,-0.16098756,0.014717859,0.013791156,-6.269225
4943,2026-08-03,-0.12181374,-0.16911682,0.019411853,0.018286223,-6.2749014
6617,2026-08-03,-0.11189966,-0.14826721,0.017824922,0.019586762,-6.277356
5315,2026-08-03,-0.13059673,-0.16066876,0.02078117,0.023996143,-6.2840753
5220,2026-08-03,-0.08776024,-0.13673043,0.013931119,0.019259898,-6.299131
2405,2026-08-03,-0.10318981,-0.13169758,0.016322974,0.014911035,-6.321366
4806,2026-08-03,-0.14248663,-0.16981123,0.022523047,0.025868846,-6.3259783
5521,2026-08-03,-0.15907812,-0.21951635,0.02513679,0.027856454,-6.328246
2926,2026-08-03,-0.119860776,-0.16414072,0.018932303,0.019374052,-6.3306847
2208,2026-08-03,-0.11109212,-0.11203996,0.017508058,0.01959389,-6.344837
1905,2026-08-03,-0.09357057,-0.16033728,0.014744104,0.018220592,-6.345874
2461,2026-08-03,-0.09258603,-0.13587886,0.014546798,0.018057393,-6.3642645
2468,2026-08-03,-0.121926166,-0.24195172,0.019144101,0.023104358,-6.3685308
4417,2026-08-03,-0.08752182,-0.10930562,0.013696015,0.01812523,-6.3898463
1308,2026-08-03,-0.0903338,-0.1423516,0.014125889,0.014062034,-6.394458
5398,2026-08-03,-0.11630195,-0.19098501,0.018180452,0.022450814,-6.3967357
3297,2026-08-03,-0.152757,-0.28784955,0.023871215,0.026778052,-6.3989453
1466,2026-08-03,-0.13856037,-0.20927335,0.021641133,0.02850253,-6.4023433
2617,2026-08-03,-0.07329044,-0.038170937,0.011429682,0.014569989,-6.411729
3492,2026-08-03,-0.11789799,-0.1788531,0.018382689,0.022112954,-6.413184
3545,2026-08-03,-0.13613917,-0.16061491,0.021209473,0.025697745,-6.418488
3597,2026-08-03,-0.10176978,-0.13596754,0.015844088,0.01693588,-6.4227967
6199,2026-08-03,-0.1791356,-0.20166633,0.027867675,0.025088415,-6.427848
6283,2026-08-03,-0.1130431,-0.14674851,0.01757478,0.019019201,-6.4317546
4413,2026-08-03,-0.14547881,-0.21241254,0.02260757,0.020005887,-6.434675
2739,2026-08-03,-0.094866775,-0.13103703,0.01471503,0.0146600185,-6.446492
6195,2026-08-03,-0.103336304,-0.15702066,0.01602353,0.018582521,-6.4486327
1904,2026-08-03,-0.11634673,-0.06637261,0.018030178,0.015624852,-6.452531
4129,2026-08-03,-0.12123023,-0.15279518,0.018770242,0.01741433,-6.4582953
4139,2026-08-03,-0.12070938,-0.13327405,0.018686544,0.01925255,-6.4593496
1240,2026-08-03,-0.11734655,-0.129893,0.018079976,0.018397076,-6.490056
2731,2026-08-03,-0.077711694,-0.08671359,0.011971161,0.013885172,-6.491033
4502,2026-08-03,-0.08951071,-0.12618181,0.013768501,0.01540142,-6.5006504
3322,2026-08-03,-0.15083273,-0.29412773,0.023182504,0.026096774,-6.5060368
8924,2026-08-03,-0.07117131,-0.085991845,0.010933801,0.013158262,-6.5086975
6185,2026-08-03,-0.105509296,-0.17525215,0.01620581,0.018631866,-6.510183
3594,2026-08-03,-0.14331077,-0.23242784,0.022009313,0.023693224,-6.5110736
1323,2026-08-03,-0.13437374,-0.15174128,0.020604946,0.021160973,-6.521115
6169,2026-08-03,-0.092905365,-0.18283787,0.014242795,0.022487491,-6.522515
6969,2026-08-03,-0.15346009,-0.18115473,0.023507727,0.025533104,-6.527792
1533,2026-08-03,-0.089962415,-0.09567861,0.013772011,0.014430505,-6.53179
3623,2026-08-03,-0.096311375,-0.24523205,0.014722767,0.022931483,-6.5412183
6464,2026-08-03,-0.09008325,-0.1193404,0.013766646,0.015859028,-6.543112
1535,2026-08-03,-0.11404962,-0.13366419,0.0174272,0.02024728,-6.54397
3434,2026-08-03,-0.1591362,-0.22676308,0.02429714,0.03427685,-6.549316
6218,2026-08-03,-0.15026096,-0.27088025,0.022911312,0.028388577,-6.558088
6838,2026-08-03,-0.10879717,-0.14428568,0.016581446,0.023101795,-6.5609846
2607,2026-08-03,-0.14369956,-0.11610316,0.0218674,0.017254906,-6.571105
2451,2026-08-03,-0.16171545,-0.26161093,0.024538359,0.02320137,-6.5900435
1468,2026-08-03,-0.09162618,-0.0686362,0.013881973,0.017774984,-6.5998964
6446,2026-08-03,-0.11097407,-0.087719135,0.016798517,0.01656166,-6.6057897
6111,2026-08-03,-0.099364,-0.14087757,0.015025492,0.018129274,-6.612588
5905,2026-08-03,-0.10901977,-0.10123035,0.016463742,0.016600331,-6.621408
6581,2026-08-03,-0.115079306,-0.12732007,0.017343324,0.018525342,-6.6349835
3625,2026-08-03,-0.15199038,-0.18296404,0.02290236,0.022903176,-6.636161
8047,2026-08-03,-0.11481679,-0.20423914,0.01725623,0.02018206,-6.6532574
2707,2026-08-03,-0.09540517,-0.14145567,0.014275769,0.01734874,-6.682546
6108,2026-08-03,-0.09604904,-0.17840399,0.014355459,0.015475657,-6.6903014
1605,2026-08-03,-0.11364274,-0.18701285,0.016933272,0.020915588,-6.7108135
3564,2026-08-03,-0.12173652,-0.20318253,0.018109782,0.02212923,-6.7217703
1506,2026-08-03,-0.113310985,-0.11685763,0.016828889,0.0174546,-6.732723
2520,2026-08-03,-0.08194592,-0.024597364,0.012167826,0.01519129,-6.7340856
8443,2026-08-03,-0.13061129,-0.18096691,0.019391406,0.022205085,-6.7351766
8367,2026-08-03,-0.08626833,-0.08194968,0.012803588,0.013339806,-6.737298
1103,2026-08-03,-0.119754784,-0.07176617,0.017748168,0.016933277,-6.7470646
8432,2026-08-03,-0.091931246,-0.14277324,0.013604208,0.017099835,-6.757063
5514,2026-08-03,-0.17024921,-0.19992085,0.025131177,0.029499847,-6.7741528
8110,2026-08-03,-0.16314138,-0.27455026,0.024069069,0.02990848,-6.7777696
3523,2026-08-03,-0.13655968,-0.14405397,0.02012517,0.026428929,-6.7851796
5523,2026-08-03,-0.16688542,-0.14133692,0.024586078,0.023825578,-6.7875257
6689,2026-08-03,-0.12752566,-0.21682492,0.018744534,0.02104761,-6.8029885
4580,2026-08-03,-0.11273872,-0.18729912,0.016494451,0.023096416,-6.8345337
9925,2026-08-03,-0.09265624,-0.06407278,0.013534291,0.014647299,-6.84553
4767,2026-08-03,-0.13450626,-0.16379379,0.019645464,0.018520748,-6.846334
6532,2026-08-03,-0.14274175,-0.21981399,0.020797173,0.025674514,-6.8631873
2904,2026-08-03,-0.14044575,-0.17851762,0.020457039,0.022918252,-6.865064
2916,2026-08-03,-0.14987692,-0.14635473,0.021828722,0.022857899,-6.8657274
2906,2026-08-03,-0.10327872,-0.14272267,0.015037418,0.015597729,-6.867658
2015,2026-08-03,-0.12813266,-0.05231265,0.01861916,0.015289474,-6.881394
6593,2026-08-03,-0.10870652,-0.19851786,0.0157728,0.019584905,-6.891587
1460,2026-08-03,-0.08992351,-0.08218732,0.013046981,0.015494644,-6.8917565
5202,2026-08-03,-0.13516395,-0.2525987,0.019509476,0.017628819,-6.9277625
8072,2026-08-03,-0.13002834,-0.22723338,0.01874159,0.018709108,-6.937586
2430,2026-08-03,-0.10698262,-0.16594152,0.015386926,0.02041741,-6.952374
3147,2026-08-03,-0.1272245,-0.23281448,0.01829153,0.02348761,-6.954998
9928,2026-08-03,-0.11234859,-0.13293877,0.016152045,0.016462883,-6.9552574
1781,2026-08-03,-0.10274065,-0.11494266,0.014738603,0.015732238,-6.9703813
8093,2026-08-03,-0.11417846,-0.16466688,0.016368074,0.023237953,-6.975254
2633,2026-08-03,-0.09990903,-0.019979302,0.014311319,0.015931731,-6.980632
3066,2026-08-03,-0.13891149,-0.22289638,0.019897273,0.020352136,-6.9810824
3071,2026-08-03,-0.10931259,-0.18841007,0.01564629,0.016893072,-6.9860396
1104,2026-08-03,-0.13202347,-0.06588473,0.018831726,0.016910454,-7.0103216
8454,2026-08-03,-0.12345489,-0.13386557,0.017603582,0.021872453,-7.0126567
3308,2026-08-03,-0.16416807,-0.24197099,0.023364717,0.022111608,-7.0260234
1583,2026-08-03,-0.1343458,-0.17465964,0.019110681,0.018635817,-7.0295124
5607,2026-08-03,-0.08448679,-0.05495871,0.011987281,0.017764416,-7.047448
6958,2026-08-03,-0.074077375,-0.05705555,0.010508132,0.0146798575,-7.048857
6776,2026-08-03,-0.14373739,-0.16990906,0.02028196,0.02132749,-7.0866084
2836,2026-08-03,-0.109929785,-0.03414801,0.01550252,0.018517887,-7.090634
9911,2026-08-03,-0.14299835,-0.11967543,0.020146409,0.018478941,-7.0976048
3310,2026-08-03,-0.15775745,-0.20445225,0.022190243,0.018021496,-7.1089954
5007,2026-08-03,-0.13300417,-0.096896276,0.01868894,0.016953066,-7.116351
1441,2026-08-03,-0.1270879,-0.18137556,0.017850034,0.01758712,-7.119358
3047,2026-08-03,-0.16562611,-0.25431308,0.023223815,0.025282742,-7.1314282
3252,2026-08-03,-0.1144125,-0.116111614,0.016015558,0.016475547,-7.1433887
6922,2026-08-03,-0.14923778,-0.23259519,0.020872919,0.025589632,-7.1494856
2923,2026-08-03,-0.1276664,-0.072270855,0.0178494,0.021416306,-7.1520185
3313,2026-08-03,-0.122646935,-0.18831226,0.01712945,0.02742557,-7.1595864
6953,2026-08-03,-0.11685123,-0.24658385,0.016300641,0.0227089,-7.1680655
6578,2026-08-03,-0.13167946,-0.15721829,0.018333953,0.019096155,-7.1818814
6123,2026-08-03,-0.1255482,-0.18294652,0.017440366,0.020122483,-7.198301
9938,2026-08-03,-0.108803906,-0.09434919,0.015110066,0.019305987,-7.2002797
4903,2026-08-03,-0.23315112,-0.3533398,0.032333,0.038100924,-7.210711
2705,2026-08-03,-0.10932912,-0.16342251,0.015150705,0.014301871,-7.215631
1587,2026-08-03,-0.18144591,-0.25409904,0.025122937,0.019844672,-7.2220335
2029,2026-08-03,-0.09569077,-0.081632026,0.013214762,0.014156287,-7.2406545
1785,2026-08-03,-0.15574248,-0.27986786,0.021503774,0.026452849,-7.242228
6641,2026-08-03,-0.12055259,-0.13657983,0.016639972,0.01487775,-7.2443237
5381,2026-08-03,-0.18165928,-0.27480665,0.025064968,0.029247392,-7.2472477
1436,2026-08-03,-0.14734125,-0.12530588,0.02031973,0.02125554,-7.2507854
8442,2026-08-03,-0.13955383,-0.13369173,0.019220965,0.015882976,-7.260123
2745,2026-08-03,-0.12323422,-0.18059762,0.016957693,0.018104525,-7.2667284
3522,2026-08-03,-0.114343554,-0.12800081,0.01571118,0.017280918,-7.277383
2611,2026-08-03,-0.09631292,-0.030786676,0.013152976,0.015345996,-7.3219624
4934,2026-08-03,-0.10563431,-0.15628935,0.014347689,0.019440977,-7.3619485
2331,2026-08-03,-0.14161702,-0.1961529,0.01922646,0.019932736,-7.365352
2241,2026-08-03,-0.09470967,-0.15992598,0.012843115,0.013680469,-7.3737793
4571,2026-08-03,-0.12034276,-0.17366703,0.016303979,0.018799031,-7.380737
6523,2026-08-03,-0.12908296,-0.20223688,0.01747067,0.022341225,-7.388129
2723,2026-08-03,-0.14457451,-0.14352544,0.019514915,0.019725803,-7.4080315
2719,2026-08-03,-0.13874626,-0.23499127,0.018727716,0.025412496,-7.40821
6840,2026-08-03,-0.14150426,-0.23038816,0.019098984,0.02334851,-7.408606
6591,2026-08-03,-0.13372447,-0.20465925,0.01802556,0.023601826,-7.418191
2612,2026-08-03,-0.08991773,-0.12114735,0.012106441,0.01317328,-7.42665
6561,2026-08-03,-0.12798296,-0.1883658,0.017227193,0.017297192,-7.428693
3206,2026-08-03,-0.1259114,-0.19867139,0.016890967,0.014715336,-7.4539213
2109,2026-08-03,-0.14597352,-0.14465526,0.019540474,0.01991189,-7.469934
8440,2026-08-03,-0.14009677,-0.22655804,0.018742304,0.021638593,-7.474497
3552,2026-08-03,-0.17146018,-0.24192904,0.02289788,0.026103675,-7.48771
6208,2026-08-03,-0.13180618,-0.17839721,0.017598817,0.019889787,-7.489065
6201,2026-08-03,-0.11650696,-0.16173045,0.01554711,0.017845979,-7.4933195
2897,2026-08-03,-0.121918716,-0.013380183,0.016253244,0.01930987,-7.500731
7631,2026-08-03,-0.092642546,-0.15486574,0.012313299,0.015865974,-7.5231686
4188,2026-08-03,-0.10291419,-0.12983097,0.013671849,0.021344356,-7.5269017
3043,2026-08-03,-0.14272667,-0.25162017,0.018941922,0.02198198,-7.5345645
9908,2026-08-03,-0.11769784,-0.10616067,0.015599133,0.016758492,-7.5446687
9924,2026-08-03,-0.12630321,-0.15191081,0.016726095,0.020408206,-7.5508156
6541,2026-08-03,-0.20999166,-0.259152,0.027794898,0.024696361,-7.554772
6933,2026-08-03,-0.15152027,-0.25631276,0.020044135,0.021127768,-7.5589547
2034,2026-08-03,-0.11257426,-0.061930194,0.01489046,0.012487499,-7.559652
1475,2026-08-03,-0.11023579,-0.14754279,0.014578891,0.016607419,-7.56081
2101,2026-08-03,-0.24898188,-0.31360817,0.0329254,0.031887516,-7.5617704
4173,2026-08-03,-0.10543648,-0.13977903,0.013917142,0.021473683,-7.575471
3687,2026-08-03,-0.11444347,-0.18596499,0.015103929,0.01869371,-7.576565
1439,2026-08-03,-0.12322917,-0.13028847,0.016238492,0.020908015,-7.58824
1702,2026-08-03,-0.15556969,-0.13753119,0.02049847,0.018184844,-7.5889616
1474,2026-08-03,-0.10313439,-0.1176263,0.013580111,0.019626785,-7.5939584
6684,2026-08-03,-0.118457176,-0.16779368,0.015588423,0.020033231,-7.5985603
2063,2026-08-03,-0.12242599,-0.12659658,0.016105484,0.017702937,-7.601037
4162,2026-08-03,-0.10285487,-0.09392481,0.013525655,0.018983962,-7.603866
6968,2026-08-03,-0.19039206,-0.19999282,0.025035752,0.031508766,-7.604503
5306,2026-08-03,-0.13281448,-0.1002717,0.01743891,0.015512129,-7.615548
6615,2026-08-03,-0.10788299,-0.18060066,0.014165008,0.016072799,-7.6156235
2706,2026-08-03,-0.09252512,-0.10306768,0.012122658,0.016955798,-7.631782
6186,2026-08-03,-0.16539249,-0.17272553,0.021669505,0.020714238,-7.6321473
2023,2026-08-03,-0.113246754,-0.073128544,0.014832685,0.015243437,-7.634432
1445,2026-08-03,-0.15071008,-0.22083476,0.019711364,0.024400601,-7.645459
1604,2026-08-03,-0.13428953,-0.1529477,0.01754772,0.020387674,-7.652384
8431,2026-08-03,-0.19127204,-0.33966973,0.02499397,0.030794693,-7.6524215
3205,2026-08-03,-0.15918283,-0.21109743,0.020769639,0.021028869,-7.663839
6024,2026-08-03,-0.16496877,-0.104541235,0.02151767,0.014527534,-7.666309
6570,2026-08-03,-0.12941024,-0.18881899,0.01687755,0.022997083,-7.6671414
4538,2026-08-03,-0.13871431,-0.19425628,0.018080603,0.024871968,-7.6715713
5704,2026-08-03,-0.11087758,-0.13088591,0.014448255,0.01190291,-7.6735845
4523,2026-08-03,-0.2190416,-0.26125208,0.028529625,0.032313596,-7.67742
6221,2026-08-03,-0.12478356,-0.1575601,0.016236247,0.017784711,-7.685019
6697,2026-08-03,-0.1556404,-0.20259953,0.020216797,0.025098829,-7.698188
8049,2026-08-03,-0.088252656,-0.1238682,0.011456103,0.015925165,-7.702877
4401,2026-08-03,-0.08162627,-0.12516545,0.010583419,0.018526869,-7.7119274
1307,2026-08-03,-0.11044936,-0.09166587,0.014272249,0.01848629,-7.738207
7740,2026-08-03,-0.16965131,-0.30158073,0.02189478,0.027254293,-7.748128
2010,2026-08-03,-0.1318333,-0.093714125,0.01696639,0.015912216,-7.7698045
8444,2026-08-03,-0.11991762,-0.08175735,0.015411633,0.016400484,-7.780476
8423,2026-08-03,-0.121556014,-0.13210055,0.015585159,0.014851811,-7.7989717
6807,2026-08-03,-0.17563191,-0.16844949,0.022488587,0.021589328,-7.809477
6576,2026-08-03,-0.1262312,-0.13327114,0.016162189,0.018058227,-7.809795
6913,2026-08-03,-0.16130756,-0.27837023,0.020638863,0.025286939,-7.8153405
6538,2026-08-03,-0.20906678,-0.29376188,0.02673089,0.031084575,-7.820875
1416,2026-08-03,-0.122974746,-0.14500166,0.015719341,0.022096878,-7.822651
2008,2026-08-03,-0.17364761,-0.14811592,0.022180289,0.01979868,-7.8285627
1101,2026-08-03,-0.10175847,-0.038987942,0.012964242,0.014023145,-7.8485594
1521,2026-08-03,-0.14595325,-0.15079686,0.018588796,0.019460103,-7.851256
5603,2026-08-03,-0.14556684,-0.16883375,0.01851179,0.01742169,-7.863041
2496,2026-08-03,-0.17532822,-0.16762082,0.022227518,0.022666257,-7.887535
6662,2026-08-03,-0.11170376,-0.17698932,0.01415361,0.022651536,-7.8916874
2752,2026-08-03,-0.09423305,-0.12282569,0.011935512,0.013733882,-7.8945217
1446,2026-08-03,-0.13391395,-0.14855176,0.01692417,0.02139764,-7.912118
8349,2026-08-03,-0.17815186,-0.16118027,0.02250273,0.024681045,-7.9165483
8421,2026-08-03,-0.15119444,-0.1773457,0.01906497,0.027350929,-7.9300675
8085,2026-08-03,-0.12139937,-0.18810418,0.015307636,0.017801026,-7.9301233
4566,2026-08-03,-0.17102426,-0.23645715,0.021563217,0.021433387,-7.930928
1612,2026-08-03,-0.11412646,-0.12920791,0.014374472,0.015927574,-7.938971
8101,2026-08-03,-0.13191245,-0.18898773,0.01658775,0.023909574,-7.951923
3169,2026-08-03,-0.14583851,-0.24276282,0.018302793,0.020100452,-7.967666
6508,2026-08-03,-0.16246872,-0.18321021,0.020374186,0.017367044,-7.9738517
4157,2026-08-03,-0.13610524,-0.21388635,0.017060198,0.021157473,-7.9774723
6101,2026-08-03,-0.17538609,-0.28913885,0.021982616,0.025066596,-7.9780364
3234,2026-08-03,-0.18606196,-0.24103251,0.023302536,0.022073936,-7.98428
6516,2026-08-03,-0.15769039,-0.22609158,0.019739982,0.023538863,-7.987971
6666,2026-08-03,-0.11741647,-0.1247008,0.014659906,0.01909038,-8.008814
5201,2026-08-03,-0.1720645,-0.23346466,0.021482002,0.020961087,-8.009332
1504,2026-08-03,-0.10660685,-0.17654823,0.013296456,0.014809101,-8.017086
6914,2026-08-03,-0.096191056,-0.108751535,0.01195489,0.013840495,-8.045495
6141,2026-08-03,-0.17713362,-0.19016744,0.021977022,0.023385592,-8.05958
8341,2026-08-03,-0.15304025,-0.1456974,0.018946102,0.01979873,-8.077237
2734,2026-08-03,-0.12851791,-0.17248888,0.015903035,0.026180785,-8.080836
3628,2026-08-03,-0.14233048,-0.2632972,0.017596114,0.017438868,-8.088285
3546,2026-08-03,-0.14056411,-0.1795024,0.017375302,0.018498698,-8.089415
9935,2026-08-03,-0.16608593,-0.16191874,0.020488478,0.02644417,-8.105913
2751,2026-08-03,-0.20128623,-0.2488369,0.024794465,0.028962001,-8.117865
2425,2026-08-03,-0.14773957,-0.2082353,0.018180845,0.01820878,-8.125665
4198,2026-08-03,-0.1490085,-0.23139563,0.01833248,0.023724385,-8.127671
2905,2026-08-03,-0.13452837,-0.1177821,0.016519224,0.018644702,-8.143253
5283,2026-08-03,-0.13826814,-0.19721337,0.016965223,0.017575586,-8.149612
4160,2026-08-03,-0.20077564,-0.3038763,0.024632981,0.027682168,-8.1503525
8099,2026-08-03,-0.1280573,-0.2143135,0.015697552,0.020134961,-8.157269
1618,2026-08-03,-0.112647645,-0.11942899,0.013802739,0.013101301,-8.160662
3032,2026-08-03,-0.18638621,-0.22685836,0.022788998,0.026875664,-8.178422
1109,2026-08-03,-0.13965255,-0.09466313,0.017074225,0.02003226,-8.178665
3521,2026-08-03,-0.14031865,-0.20849736,0.017152041,0.02138523,-8.180394
1339,2026-08-03,-0.123360395,-0.17308883,0.015034398,0.017343104,-8.204664
3128,2026-08-03,-0.1350492,-0.2245937,0.016447565,0.018742379,-8.210394
2065,2026-08-03,-0.14368513,-0.14061709,0.0174949,0.018166028,-8.2125025
2106,2026-08-03,-0.16757438,-0.10541766,0.020401005,0.023215303,-8.213623
7722,2026-08-03,-0.12389273,-0.16909958,0.0150731485,0.023187747,-8.218887
1217,2026-08-03,-0.1234239,-0.13255844,0.01497738,0.017420145,-8.240136
7736,2026-08-03,-0.1666646,-0.20582627,0.020211224,0.020119576,-8.245733
8462,2026-08-03,-0.10889871,-0.10169041,0.013195571,0.014271623,-8.252046
8403,2026-08-03,-0.13990496,-0.20298566,0.016951477,0.020944802,-8.252774
3666,2026-08-03,-0.1816165,-0.26064888,0.021993708,0.024479363,-8.257281
8426,2026-08-03,-0.15991563,-0.17848036,0.019287147,0.021599043,-8.290875
5225,2026-08-03,-0.17711577,-0.19182801,0.02129171,0.023600334,-8.318141
6680,2026-08-03,-0.109836064,-0.21628876,0.013198471,0.021236232,-8.321247
1321,2026-08-03,-0.16092809,-0.18564275,0.019334566,0.018770851,-8.322906
2640,2026-08-03,-0.12793648,-0.18067187,0.015343739,0.015359834,-8.3374815
5013,2026-08-03,-0.13238299,-0.1398503,0.015871681,0.019059233,-8.340304
4420,2026-08-03,-0.16367742,-0.23019424,0.01962263,0.022401012,-8.340834
6901,2026-08-03,-0.15935764,-0.15643749,0.019079905,0.017413318,-8.351681
8929,2026-08-03,-0.13864718,-0.21960478,0.01659864,0.020558963,-8.352421
4406,2026-08-03,-0.1281637,-0.15519023,0.015338779,0.018151935,-8.354989
9962,2026-08-03,-0.1197382,-0.12904787,0.014293474,0.015845703,-8.376537
3501,2026-08-03,-0.15764621,-0.22230272,0.018787572,0.020193513,-8.390537
6843,2026-08-03,-0.15426776,-0.23317303,0.018332984,0.025396293,-8.414306
5310,2026-08-03,-0.17223145,-0.23212913,0.0204648,0.02651701,-8.415574
4747,2026-08-03,-0.21471125,-0.23527904,0.025438882,0.027641824,-8.439946
4746,2026-08-03,-0.15183471,-0.1890174,0.017970188,0.015315049,-8.448786
2002,2026-08-03,-0.09841183,-0.03574538,0.011624766,0.014577544,-8.464976
6874,2026-08-03,-0.1696403,-0.2699912,0.020034093,0.023304252,-8.467158
3266,2026-08-03,-0.14291401,-0.14882962,0.016871838,0.021086019,-8.470063
4190,2026-08-03,-0.1328683,-0.16931173,0.015674468,0.013223953,-8.476193
1760,2026-08-03,-0.1407597,-0.21529259,0.016605288,0.01843575,-8.47629
6230,2026-08-03,-0.12826334,-0.19164781,0.015123672,0.015055864,-8.480405
6720,2026-08-03,-0.1661379,-0.29360718,0.019575903,0.026752906,-8.486424
6767,2026-08-03,-0.099546656,-0.15583959,0.011686057,0.019632915,-8.517684
1463,2026-08-03,-0.17984587,-0.17967294,0.021105297,0.024871562,-8.520958
6923,2026-08-03,-0.16123451,-0.2335431,0.018917013,0.018229777,-8.522803
1524,2026-08-03,-0.16732468,-0.2320601,0.019622494,0.021170719,-8.526752
7718,2026-08-03,-0.11021764,-0.12803625,0.01291605,0.018193247,-8.532725
4121,2026-08-03,-0.15537971,-0.19046822,0.018198658,0.023377169,-8.537507
2820,2026-08-03,-0.116786,-0.018455045,0.013665614,0.014186339,-8.54535
2031,2026-08-03,-0.1599069,-0.13122125,0.018630026,0.0200481,-8.5828285
6655,2026-08-03,-0.19624385,-0.23266125,0.022782749,0.02391032,-8.613326
4994,2026-08-03,-0.1400372,-0.19001086,0.016234137,0.016392324,-8.625563
2743,2026-08-03,-0.19490688,-0.300028,0.02257818,0.019569205,-8.632151
4155,2026-08-03,-0.11086597,-0.12925206,0.012804553,0.015245265,-8.657648
4976,2026-08-03,-0.21682262,-0.31334463,0.025019921,0.027454562,-8.665653
9931,2026-08-03,-0.14069922,-0.17161328,0.016224213,0.014586241,-8.671641
6292,2026-08-03,-0.16747382,-0.19874541,0.019292869,0.023118323,-8.680158
2646,2026-08-03,-0.14551558,-0.08968882,0.016756838,0.017377112,-8.683434
2903,2026-08-03,-0.13944331,-0.07833118,0.016053302,0.022545757,-8.685728
4138,2026-08-03,-0.13445145,-0.16478284,0.015473109,0.017921662,-8.688801
2929,2026-08-03,-0.1724127,-0.16099408,0.019839063,0.017646916,-8.690128
1464,2026-08-03,-0.16047958,-0.17067571,0.018459907,0.015248759,-8.692941
4205,2026-08-03,-0.12035511,-0.15320526,0.013837723,0.014392017,-8.69698
1558,2026-08-03,-0.110480174,-0.1280808,0.01268449,0.016011484,-8.709177
6167,2026-08-03,-0.19869402,-0.29591432,0.022807144,0.021169214,-8.711538
9907,2026-08-03,-0.1375465,-0.09174751,0.015783934,0.020243505,-8.713783
6865,2026-08-03,-0.1770182,-0.30165264,0.020306844,0.02570651,-8.71674
1723,2026-08-03,-0.1452053,-0.14554755,0.016656734,0.017833052,-8.71699
4128,2026-08-03,-0.1378642,-0.19893228,0.01580551,0.018300233,-8.721988
4935,2026-08-03,-0.1355715,-0.18175086,0.015527911,0.02074248,-8.730265
4175,2026-08-03,-0.117190704,-0.21705233,0.013419659,0.013689634,-8.732112
2849,2026-08-03,-0.12933442,-0.058475442,0.014798634,0.018225977,-8.739028
1316,2026-08-03,-0.19698343,-0.27878338,0.022507487,0.026032934,-8.751518
4164,2026-08-03,-0.124157995,-0.11269642,0.014137973,0.014402252,-8.78126
1584,2026-08-03,-0.15785836,-0.22683062,0.01797276,0.021198703,-8.782712
3056,2026-08-03,-0.14586551,-0.16708721,0.01657355,0.02183214,-8.800571
2364,2026-08-03,-0.15558417,-0.23698021,0.017672762,0.018187629,-8.803116
1417,2026-08-03,-0.16209799,-0.22394876,0.01839371,0.023551226,-8.812206
6823,2026-08-03,-0.18387534,-0.2794718,0.020807736,0.025805779,-8.83645
9940,2026-08-03,-0.15856962,-0.1264792,0.017933197,0.019259423,-8.841746
4142,2026-08-03,-0.16440217,-0.24892193,0.018523388,0.023575598,-8.874905
6743,2026-08-03,-0.1709685,-0.17027396,0.019181784,0.019647693,-8.9126005
1232,2026-08-03,-0.11591093,-0.07798134,0.012995983,0.016361015,-8.918296
6629,2026-08-03,-0.17897902,-0.17099673,0.020056594,0.019159256,-8.923255
2064,2026-08-03,-0.106031455,-0.105605856,0.011869758,0.014552278,-8.932155
2108,2026-08-03,-0.13215342,-0.107795045,0.014785175,0.015792785,-8.9376335
1541,2026-08-03,-0.14797544,-0.20364907,0.016528912,0.017365124,-8.951981
3191,2026-08-03,-0.12793915,-0.13780095,0.014280692,0.018207964,-8.958262
1530,2026-08-03,-0.121783875,-0.17163938,0.013592687,0.014420266,-8.958855
4569,2026-08-03,-0.12621385,-0.1618618,0.014077577,0.018836768,-8.964958
3029,2026-08-03,-0.17230712,-0.18986465,0.019178092,0.018503962,-8.984112
4513,2026-08-03,-0.1721049,-0.2411929,0.019132761,0.022723919,-8.994828
5211,2026-08-03,-0.14093415,-0.25623628,0.015662666,0.021102007,-8.99752
8401,2026-08-03,-0.15230389,-0.17474867,0.016917728,0.021036811,-9.002089
2704,2026-08-03,-0.14431807,-0.15556888,0.016028952,0.018820103,-9.003026
7780,2026-08-03,-0.16669078,-0.16808054,0.018477816,0.017341487,-9.020641
5014,2026-08-03,-0.15450549,-0.16591397,0.017115403,0.023348864,-9.02675
6752,2026-08-03,-0.12443022,-0.21306248,0.013766562,0.018998686,-9.037927
8489,2026-08-03,-0.17938532,-0.25504884,0.019778147,0.02219845,-9.069416
2736,2026-08-03,-0.12242211,-0.13037358,0.013490773,0.018996097,-9.073833
2013,2026-08-03,-0.13788588,-0.15489317,0.015172774,0.021109937,-9.087118
3631,2026-08-03,-0.1463693,-0.20550385,0.016093126,0.017708277,-9.094579
5484,2026-08-03,-0.13196847,-0.15330775,0.014500545,0.022351334,-9.100304
4729,2026-08-03,-0.14679034,-0.19829759,0.016118309,0.016750311,-9.106491
6841,2026-08-03,-0.19672345,-0.24017318,0.021600071,0.02242706,-9.107115
9937,2026-08-03,-0.14790176,-0.1322159,0.016234929,0.017213428,-9.109534
2880,2026-08-03,-0.14119421,-0.097858615,0.015482322,0.020197362,-9.119116
5364,2026-08-03,-0.15497239,-0.21154761,0.016990455,0.027287189,-9.120607
1532,2026-08-03,-0.14467172,-0.13353272,0.01581649,0.01928512,-9.146314
6899,2026-08-03,-0.12783934,-0.20251018,0.013968365,0.019699762,-9.151406
3052,2026-08-03,-0.14450704,-0.13881476,0.015771795,0.020024633,-9.16179
6637,2026-08-03,-0.16709219,-0.2403148,0.018227305,0.023386648,-9.166634
4414,2026-08-03,-0.16037183,-0.21947953,0.017485503,0.018783022,-9.171178
1909,2026-08-03,-0.17761177,-0.17692076,0.019345153,0.018687546,-9.180728
7584,2026-08-03,-0.15375872,-0.21734008,0.016739279,0.019768097,-9.184956
2748,2026-08-03,-0.12269481,-0.146903,0.0133542335,0.017891444,-9.187021
4174,2026-08-03,-0.2245542,-0.32936862,0.024424028,0.031088252,-9.19361
7765,2026-08-03,-0.15458237,-0.19429389,0.01680296,0.021537317,-9.199163
1732,2026-08-03,-0.16387145,-0.19922942,0.017782833,0.015787616,-9.21463
4137,2026-08-03,-0.14105634,-0.13425979,0.015266194,0.019769853,-9.23918
6461,2026-08-03,-0.14223166,-0.17810939,0.015369782,0.01691623,-9.253378
6791,2026-08-03,-0.21411768,-0.3248033,0.023125421,0.01889825,-9.258574
2939,2026-08-03,-0.1682762,-0.2228867,0.018171009,0.023434358,-9.260187
2239,2026-08-03,-0.22873741,-0.2587545,0.02469715,0.026331624,-9.261318
9930,2026-08-03,-0.16277574,-0.14955807,0.017569624,0.018164074,-9.264084
1786,2026-08-03,-0.20226854,-0.28811762,0.021822795,0.022739872,-9.268257
6792,2026-08-03,-0.18810701,-0.24092497,0.020294059,0.022195725,-9.268611
2514,2026-08-03,-0.15737946,-0.20254074,0.016967192,0.01606375,-9.274969
6918,2026-08-03,-0.1699571,-0.19495033,0.018312015,0.020828206,-9.280673
9934,2026-08-03,-0.12311015,-0.11780481,0.013263834,0.0143609755,-9.280942
8941,2026-08-03,-0.14171925,-0.15310234,0.015268024,0.022750216,-9.281487
2104,2026-08-03,-0.14047223,-0.1746603,0.0151307015,0.018362211,-9.283307
6929,2026-08-03,-0.1828628,-0.22494335,0.019695144,0.026081817,-9.284193
2712,2026-08-03,-0.16344906,-0.1916744,0.017594326,0.019571312,-9.289346
6671,2026-08-03,-0.21279351,-0.2206205,0.022882685,0.022994777,-9.298918
1784,2026-08-03,-0.2094896,-0.32317308,0.022521479,0.027156383,-9.301356
6431,2026-08-03,-0.13410857,-0.15040006,0.014416432,0.018440664,-9.301835
6902,2026-08-03,-0.14310655,-0.18452637,0.015354984,0.017644208,-9.319269
2530,2026-08-03,-0.39403352,-0.41342562,0.042033967,0.047361493,-9.373947
6432,2026-08-03,-0.3313588,-0.37388614,0.035285246,0.030610388,-9.390594
1442,2026-08-03,-0.20893787,-0.19356655,0.022243248,0.025051126,-9.392894
2228,2026-08-03,-0.16998771,-0.20540485,0.018076936,0.022921734,-9.4030485
6657,2026-08-03,-0.18816309,-0.26059863,0.019986302,0.023825705,-9.414131
6243,2026-08-03,-0.24482654,-0.28437844,0.025980167,0.026991542,-9.423231
8411,2026-08-03,-0.12679307,-0.158251,0.013426545,0.016637435,-9.442759
2020,2026-08-03,-0.15963179,-0.12736742,0.016856458,0.01883306,-9.469505
8463,2026-08-03,-0.17321523,-0.19425379,0.018279187,0.019638538,-9.475572
3685,2026-08-03,-0.14162464,-0.18130636,0.014919084,0.01736745,-9.492215
3609,2026-08-03,-0.20467833,-0.261214,0.021536235,0.028704371,-9.503464
1219,2026-08-03,-0.21382149,-0.21159124,0.022476291,0.023116548,-9.512778
2732,2026-08-03,-0.16113093,-0.19813268,0.016893608,0.019203281,-9.537417
4161,2026-08-03,-0.19964284,-0.22281517,0.020915948,0.023033345,-9.544549
8374,2026-08-03,-0.1832107,-0.2611323,0.019186838,0.025065346,-9.548272
6596,2026-08-03,-0.15681404,-0.21371,0.016415728,0.016784146,-9.552088
4702,2026-08-03,-0.18014887,-0.20584087,0.018785818,0.027373992,-9.58911
2025,2026-08-03,-0.15910439,-0.15457998,0.016545467,0.019277066,-9.615611
2601,2026-08-03,-0.1926556,-0.20245625,0.020013668,0.024327181,-9.62572
6931,2026-08-03,-0.17140414,-0.21365775,0.017794413,0.016453069,-9.6319275
1813,2026-08-03,-0.15563889,-0.22207426,0.016130673,0.017170332,-9.648031
6741,2026-08-03,-0.13740787,-0.16316494,0.014235886,0.02126596,-9.65154
6721,2026-08-03,-0.15459092,-0.1619677,0.01600076,0.017156139,-9.66087
6804,2026-08-03,-0.20079805,-0.18930449,0.02075488,0.024545394,-9.6742735
6625,2026-08-03,-0.13384707,-0.104618944,0.013823486,0.017142035,-9.681884
1733,2026-08-03,-0.12442433,-0.14534496,0.012836619,0.013811711,-9.692165
6130,2026-08-03,-0.17342217,-0.22920002,0.017888397,0.022274528,-9.694132
7732,2026-08-03,-0.17266026,-0.20267098,0.017793393,0.019813204,-9.703072
1233,2026-08-03,-0.1485992,-0.17170121,0.015296056,0.020499788,-9.714235
8354,2026-08-03,-0.14799334,-0.18364042,0.015181786,0.016563922,-9.747442
9914,2026-08-03,-0.21777643,-0.1903983,0.02233777,0.0244627,-9.74881
2477,2026-08-03,-0.18313646,-0.21342376,0.018761095,0.024573263,-9.760982
5538,2026-08-03,-0.11859191,-0.09636251,0.012131647,0.016131204,-9.774611
3669,2026-08-03,-0.15827456,-0.22043082,0.01616625,0.01968279,-9.789826
1762,2026-08-03,-0.1562329,-0.18427947,0.015953375,0.018819384,-9.7924795
6695,2026-08-03,-0.15614605,-0.25830442,0.015941357,0.027670171,-9.794414
8473,2026-08-03,-0.13848093,-0.11313677,0.014136681,0.01508927,-9.795166
5706,2026-08-03,-0.15525523,-0.19055523,0.01584584,0.017162194,-9.7972355
3520,2026-08-03,-0.15279683,-0.23281485,0.015590637,0.021757051,-9.799922
4441,2026-08-03,-0.18248637,-0.23979226,0.018618254,0.02060653,-9.800949
8089,2026-08-03,-0.2395382,-0.30049276,0.024424097,0.03741149,-9.807052
6005,2026-08-03,-0.15889822,-0.14200689,0.016195312,0.018020455,-9.810765
2250,2026-08-03,-0.17453247,-0.27398187,0.017756324,0.025456348,-9.828759
6248,2026-08-03,-0.18759303,-0.17005548,0.018962651,0.021643376,-9.8922415
8472,2026-08-03,-0.19407567,-0.23658368,0.01961662,0.017320082,-9.892926
1616,2026-08-03,-0.24008526,-0.29616386,0.024260592,0.031050961,-9.895693
4171,2026-08-03,-0.15851001,-0.20134808,0.016011672,0.01877004,-9.899035
4562,2026-08-03,-0.20540866,-0.30800363,0.020729639,0.022522822,-9.908458
2069,2026-08-03,-0.18139593,-0.16068442,0.01829158,0.022016536,-9.916367
4726,2026-08-03,-0.18399082,-0.23703352,0.018537808,0.020879416,-9.92463
2754,2026-08-03,-0.18882765,-0.19801512,0.019024115,0.016476333,-9.925178
5474,2026-08-03,-0.14204651,-0.27137563,0.014249631,0.019020278,-9.967734
8066,2026-08-03,-0.14294967,-0.20598656,0.014316162,0.016893141,-9.984497
2701,2026-08-03,-0.14460729,-0.16343181,0.014481873,0.015413004,-9.98471
8011,2026-08-03,-0.2351969,-0.29213467,0.02352763,0.024450071,-9.996201
8931,2026-08-03,-0.19238287,-0.21137005,0.019229952,0.024184503,-10.003814
1418,2026-08-03,-0.12666732,-0.18364102,0.012656496,0.019010292,-10.007297
8404,2026-08-03,-0.19509523,-0.19551915,0.019474192,0.021365784,-10.017628
5016,2026-08-03,-0.15444821,-0.1312573,0.0153645715,0.016295725,-10.051576
4439,2026-08-03,-0.13177626,-0.12331111,0.013086214,0.016996253,-10.069084
6184,2026-08-03,-0.15416518,-0.1642098,0.01529495,0.02077484,-10.078823
1603,2026-08-03,-0.18018207,-0.16100346,0.017822746,0.018253785,-10.109102
6569,2026-08-03,-0.20739263,-0.28300107,0.020437198,0.021532597,-10.1473055
1295,2026-08-03,-0.18694085,-0.26634848,0.018390598,0.02134258,-10.16447
1522,2026-08-03,-0.19209328,-0.21206614,0.018889856,0.02073001,-10.168586
6728,2026-08-03,-0.18007292,-0.2037682,0.017665673,0.023542613,-10.192802
1536,2026-08-03,-0.17600438,-0.2614185,0.017256567,0.020208443,-10.198678
8415,2026-08-03,-0.11649694,-0.047077257,0.011418446,0.014311852,-10.201628
8940,2026-08-03,-0.13821751,-0.18704478,0.0134915225,0.018083142,-10.244008
1234,2026-08-03,-0.15951961,-0.13955453,0.015548478,0.017440373,-10.258841
4930,2026-08-03,-0.16606888,-0.2228934,0.016168041,0.019410023,-10.270793
5490,2026-08-03,-0.29070935,-0.30673712,0.02829836,0.030885162,-10.272648
6150,2026-08-03,-0.20973276,-0.30057555,0.020388477,0.022860188,-10.286324
8279,2026-08-03,-0.18342607,-0.21043171,0.017821467,0.020606669,-10.291845
2258,2026-08-03,-0.15477033,-0.1529562,0.015031022,0.014390695,-10.2960415
8436,2026-08-03,-0.1454567,-0.19283421,0.014124995,0.01964969,-10.297094
6756,2026-08-03,-0.12442322,-0.15836984,0.012069136,0.017342709,-10.308352
2014,2026-08-03,-0.18195133,-0.14808907,0.017646654,0.017070347,-10.310227
1614,2026-08-03,-0.18188566,-0.20172971,0.017603975,0.018089065,-10.331492
4131,2026-08-03,-0.18278188,-0.27093157,0.017656406,0.028763236,-10.35157
9926,2026-08-03,-0.12828764,-0.12869816,0.012353375,0.015455137,-10.383985
6148,2026-08-03,-0.20388977,-0.35782182,0.019604903,0.024592636,-10.399407
8482,2026-08-03,-0.16731702,-0.13132642,0.016086638,0.02039949,-10.400347
5604,2026-08-03,-0.17095725,-0.18012601,0.016412491,0.023643129,-10.415654
1423,2026-08-03,-0.14926349,-0.21929665,0.0143180415,0.02113401,-10.424126
6928,2026-08-03,-0.20681044,-0.25370514,0.0197269,0.020203155,-10.483145
1473,2026-08-03,-0.20544742,-0.22148113,0.01953636,0.020212915,-10.515618
1598,2026-08-03,-0.1904556,-0.19684286,0.01803312,0.016611831,-10.560847
3511,2026-08-03,-0.113934234,-0.1728931,0.010775096,0.016128587,-10.572867
6763,2026-08-03,-0.18693565,-0.22481588,0.01766005,0.020685114,-10.584628
1796,2026-08-03,-0.20149098,-0.30938822,0.018994749,0.02531335,-10.6071615
2028,2026-08-03,-0.20051312,-0.19594389,0.018893348,0.016442047,-10.612333
1203,2026-08-03,-0.17149217,-0.18382311,0.016132984,0.02082743,-10.6292515
6794,2026-08-03,-0.22838427,-0.28117517,0.021484269,0.020142946,-10.629807
5531,2026-08-03,-0.19637997,-0.18199699,0.01845506,0.019929824,-10.640406
5608,2026-08-03,-0.17525569,-0.20907518,0.0164663,0.020517174,-10.642649
3646,2026-08-03,-0.19516125,-0.23684737,0.018301832,0.02336013,-10.662899
4109,2026-08-03,-0.1844513,-0.23492485,0.01728689,0.022968747,-10.669394
8937,2026-08-03,-0.33504656,-0.4774059,0.031246504,0.03763015,-10.722346
1799,2026-08-03,-0.23422168,-0.2553364,0.021830132,0.02336243,-10.728792
8488,2026-08-03,-0.17151785,-0.18772776,0.015983226,0.018150235,-10.730444
2460,2026-08-03,-0.1456463,-0.17507127,0.013563413,0.013654184,-10.737383
3083,2026-08-03,-0.1710791,-0.19443579,0.015922217,0.018359575,-10.744003
3489,2026-08-03,-0.185504,-0.16548274,0.017258193,0.024653388,-10.748127
3004,2026-08-03,-0.20417356,-0.23993497,0.018990483,0.019370407,-10.750796
2913,2026-08-03,-0.1925622,-0.22012286,0.01790878,0.018759273,-10.75179
2038,2026-08-03,-0.19288127,-0.23323956,0.017902246,0.018612176,-10.773537
2030,2026-08-03,-0.16435112,-0.16818221,0.015230741,0.016048174,-10.790041
6712,2026-08-03,-0.2071345,-0.22076295,0.019169275,0.015712114,-10.804983
3040,2026-08-03,-0.16641855,-0.2262265,0.01535316,0.019038314,-10.838662
1410,2026-08-03,-0.31555882,-0.35339293,0.029059658,0.02449647,-10.858626
3632,2026-08-03,-0.15367283,-0.2538582,0.014109708,0.021368995,-10.8905115
6418,2026-08-03,-0.22126512,-0.31378952,0.020310462,0.02576576,-10.893609
2910,2026-08-03,-0.31947955,-0.34574625,0.02926675,0.041823797,-10.915753
5487,2026-08-03,-0.19877417,-0.26851842,0.018170131,0.019827437,-10.939009
6616,2026-08-03,-0.18039973,-0.19212933,0.016437862,0.01742858,-10.973979
8467,2026-08-03,-0.18057169,-0.2418924,0.01645258,0.021003077,-10.974613
1338,2026-08-03,-0.11729395,-0.1383256,0.010677888,0.014415929,-10.983723
1599,2026-08-03,-0.19420005,-0.25889012,0.017679034,0.023909427,-10.984145
1294,2026-08-03,-0.2115955,-0.24800192,0.019247308,0.022750946,-10.99294
8429,2026-08-03,-0.17136167,-0.1866254,0.015572679,0.020901278,-11.003287
3073,2026-08-03,-0.15564598,-0.19015647,0.014130236,0.020300262,-11.014322
5263,2026-08-03,-0.25237286,-0.26678663,0.022900052,0.02313802,-11.020143
3176,2026-08-03,-0.21155104,-0.23238535,0.019184096,0.018736236,-11.026843
6919,2026-08-03,-0.24999212,-0.2863277,0.022667715,0.02694209,-11.028068
2643,2026-08-03,-0.18333606,-0.16268533,0.016617004,0.01823892,-11.032375
3712,2026-08-03,-0.27883226,-0.28715426,0.025246385,0.021635855,-11.044005
1259,2026-08-03,-0.17133671,-0.21349128,0.01540098,0.017479777,-11.1243305
2613,2026-08-03,-0.21766104,-0.24901554,0.019510053,0.022254955,-11.155781
1449,2026-08-03,-0.16500798,-0.20620565,0.014697226,0.017300844,-11.226387
1903,2026-08-03,-0.23391946,-0.2318541,0.020832965,0.017161885,-11.227794
9902,2026-08-03,-0.19375744,-0.24621287,0.017225828,0.017438982,-11.247424
2254,2026-08-03,-0.26471376,-0.2738727,0.023532491,0.020131411,-11.248384
2007,2026-08-03,-0.17117557,-0.1916852,0.015178138,0.017815577,-11.277028
8942,2026-08-03,-0.13088842,-0.12656784,0.011557331,0.015618315,-11.324162
1108,2026-08-03,-0.2111121,-0.18175952,0.018641122,0.020458879,-11.324467
6668,2026-08-03,-0.17705415,-0.23445813,0.015629234,0.016823646,-11.327671
4737,2026-08-03,-0.24474612,-0.23849581,0.021588001,0.024417903,-11.336611
1227,2026-08-03,-0.16019596,-0.09964575,0.01410473,0.017862484,-11.3568
1325,2026-08-03,-0.15984538,-0.20968159,0.014046629,0.015732648,-11.378816
4108,2026-08-03,-0.15226908,-0.1773377,0.013377911,0.017108144,-11.381275
8908,2026-08-03,-0.2019782,-0.22990388,0.017735204,0.0145107275,-11.387905
6118,2026-08-03,-0.20004533,-0.27669755,0.017532453,0.023248907,-11.409351
7799,2026-08-03,-0.27755433,-0.3907768,0.024272082,0.028557174,-11.434655
2009,2026-08-03,-0.17597757,-0.19057097,0.01538813,0.016637063,-11.435186
2524,2026-08-03,-0.22642972,-0.24069944,0.019722741,0.022609549,-11.480059
6133,2026-08-03,-0.20251718,-0.29489994,0.017603775,0.02169156,-11.503536
7642,2026-08-03,-0.24103115,-0.29179114,0.020838162,0.02371067,-11.566259
3716,2026-08-03,-0.15678635,-0.20416021,0.013509439,0.017904958,-11.60483
4426,2026-08-03,-0.18371996,-0.2343745,0.01581828,0.015861362,-11.613674
2642,2026-08-03,-0.19373512,-0.24704075,0.016613686,0.02011251,-11.660474
1725,2026-08-03,-0.17348361,-0.19763456,0.014844439,0.017245322,-11.685987
4148,2026-08-03,-0.13916259,-0.14698723,0.011904494,0.017771127,-11.688938
1742,2026-08-03,-0.22895594,-0.2862569,0.019561943,0.025528712,-11.703553
8916,2026-08-03,-0.22286281,-0.22143275,0.019016186,0.020408504,-11.719022
2062,2026-08-03,-0.17399003,-0.16023788,0.014831187,0.016824655,-11.730571
6649,2026-08-03,-0.26822138,-0.32931316,0.022816878,0.027511792,-11.754878
8906,2026-08-03,-0.16845872,-0.19782178,0.014244368,0.016846877,-11.825508
1419,2026-08-03,-0.21933693,-0.22917353,0.018479751,0.019182585,-11.868399
2024,2026-08-03,-0.16711496,-0.14701891,0.0140633015,0.01791421,-11.882208
2032,2026-08-03,-0.2073366,-0.22920474,0.017441137,0.018401014,-11.88711
5481,2026-08-03,-0.19539343,-0.2712271,0.016394109,0.020799937,-11.917788
1201,2026-08-03,-0.2338486,-0.24758819,0.019601358,0.020505719,-11.929616
5530,2026-08-03,-0.18546893,-0.1479954,0.015483549,0.015314463,-11.977677
9955,2026-08-03,-0.149332,-0.25311953,0.012414509,0.021760188,-12.027859
6496,2026-08-03,-0.21857175,-0.27982038,0.018170692,0.025763294,-12.028145
4119,2026-08-03,-0.25171033,-0.2507639,0.0209073,0.021569984,-12.038775
4442,2026-08-03,-0.20173106,-0.21406546,0.016745307,0.019880664,-12.046301
3226,2026-08-03,-0.17389861,-0.18644333,0.014431796,0.01958289,-12.048851
1526,2026-08-03,-0.26262915,-0.3238215,0.021743525,0.03013361,-12.077944
4912,2026-08-03,-0.22209263,-0.27613875,0.018373895,0.018278435,-12.086742
6469,2026-08-03,-0.22084334,-0.26237285,0.018143997,0.020646969,-12.171033
1789,2026-08-03,-0.16486052,-0.14373909,0.013539769,0.0110853,-12.175122
1414,2026-08-03,-0.29657832,-0.28378946,0.024283731,0.024949867,-12.212543
1529,2026-08-03,-0.24841423,-0.34914336,0.020256499,0.02174539,-12.262828
6733,2026-08-03,-0.21341796,-0.25920013,0.017374596,0.017896364,-12.282627
5907,2026-08-03,-0.25662097,-0.27558842,0.020820696,0.020779962,-12.324691
8905,2026-08-03,-0.29956374,-0.27205628,0.024067828,0.0250509,-12.446129
6589,2026-08-03,-0.2609639,-0.28610414,0.020960256,0.029518249,-12.4498205
2901,2026-08-03,-0.23273936,-0.28103364,0.018662415,0.019924307,-12.470352
6294,2026-08-03,-0.22879042,-0.33178356,0.018339206,0.026017549,-12.474801
5278,2026-08-03,-0.21648534,-0.22898872,0.017270206,0.020357769,-12.534466
8917,2026-08-03,-0.23526233,-0.2474605,0.018761562,0.019209765,-12.538923
1517,2026-08-03,-0.17857306,-0.19668457,0.014233428,0.022816788,-12.545152
3171,2026-08-03,-0.15420431,-0.19855198,0.012279764,0.019901,-12.556573
8171,2026-08-03,-0.24207442,-0.3087639,0.0192712,0.019075675,-12.560808
2012,2026-08-03,-0.23390564,-0.22679295,0.018602863,0.023439167,-12.572961
4549,2026-08-03,-0.1956344,-0.2955641,0.015558629,0.019727115,-12.573204
4907,2026-08-03,-0.2347041,-0.23237608,0.01858333,0.01824469,-12.62914
1110,2026-08-03,-0.25347957,-0.21703157,0.02005134,0.018747725,-12.640898
4147,2026-08-03,-0.20331345,-0.29209372,0.016066566,0.019119391,-12.653656
9919,2026-08-03,-0.24060291,-0.27505076,0.018988533,0.022422696,-12.670291
6603,2026-08-03,-0.2255381,-0.31773695,0.017792502,0.019139843,-12.675306
4572,2026-08-03,-0.16763894,-0.20200135,0.013183437,0.017102426,-12.7149105
2035,2026-08-03,-0.19570908,-0.20092899,0.015322729,0.017508948,-12.771635
4430,2026-08-03,-0.25766048,-0.2889805,0.020066023,0.019871179,-12.839995
4166,2026-08-03,-0.20087902,-0.21925493,0.015542645,0.020966008,-12.923547
6582,2026-08-03,-0.19929877,-0.1847002,0.01536949,0.01669418,-12.966325
4438,2026-08-03,-0.26837745,-0.2781084,0.020689914,0.022602005,-12.970788
1235,2026-08-03,-0.23738271,-0.26353374,0.018267538,0.021630432,-12.994072
9918,2026-08-03,-0.20965381,-0.21200003,0.016073683,0.016765857,-13.042484
4113,2026-08-03,-0.26061958,-0.29976553,0.01994456,0.023778081,-13.066546
1443,2026-08-03,-0.21022663,-0.23150097,0.01596104,0.018764624,-13.170411
4911,2026-08-03,-0.21423845,-0.27449977,0.016260039,0.020405764,-13.174954
2017,2026-08-03,-0.28765634,-0.32646987,0.021755649,0.021773824,-13.221537
6492,2026-08-03,-0.14731227,-0.18153858,0.01111256,0.014314124,-13.255183
1225,2026-08-03,-0.17720361,-0.2206056,0.013366009,0.018312335,-13.256788
2756,2026-08-03,-0.22184715,-0.2829401,0.01658607,0.021823779,-13.374702
4127,2026-08-03,-0.25958803,-0.25416204,0.019399144,0.020578695,-13.380727
9136,2026-08-03,-0.23243448,-0.30159542,0.017266741,0.025920091,-13.460619
1454,2026-08-03,-0.23213437,-0.28353882,0.017241145,0.019423056,-13.463196
2022,2026-08-03,-0.24016882,-0.2972276,0.017797234,0.016798194,-13.49397
2230,2026-08-03,-0.25957328,-0.29576916,0.019226937,0.02377163,-13.499799
5321,2026-08-03,-0.3181571,-0.362407,0.023388827,0.030923503,-13.602371
1525,2026-08-03,-0.1720822,-0.19511665,0.012470546,0.013796279,-13.797984
1236,2026-08-03,-0.2502148,-0.2815866,0.01804319,0.025131814,-13.866778
2641,2026-08-03,-0.1459964,-0.15278284,0.010523636,0.014250399,-13.871872
2614,2026-08-03,-0.26843306,-0.31934693,0.019238375,0.017842848,-13.952275
2722,2026-08-03,-0.2182546,-0.25763977,0.0155569995,0.018393204,-14.028448
2033,2026-08-03,-0.20807822,-0.23100135,0.014796193,0.016971936,-14.062006
2616,2026-08-03,-0.20593245,-0.24000254,0.014514212,0.017784242,-14.187354
6952,2026-08-03,-0.25699842,-0.25672752,0.017645365,0.023588529,-14.563816
6870,2026-08-03,-0.2816305,-0.31724918,0.01919733,0.020318344,-14.66953
8044,2026-08-03,-0.26451457,-0.26897457,0.016722707,0.017287433,-15.816742
3543,2026-08-03,-0.28810495,-0.336851,0.018005269,0.0310376,-16.000257
6504,2026-08-03,-0.30190927,-0.3126093,0.018859586,0.02618674,-16.007418
8927,2026-08-03,-0.24697427,-0.25767514,0.015095657,0.023497734,-16.359533
5902,2026-08-03,-0.19740063,-0.199481,0.011973852,0.015853057,-16.484598
4419,2026-08-03,-0.24775648,-0.2552044,0.014994075,0.01668562,-16.522524
2729,2026-08-03,-0.26768202,-0.3007827,0.015070906,0.018984541,-17.76033
