stock_id,Date,Score_20d,Score_60d,Unc_20d,Unc_60d,SQ_20d
2486,2026-07-30,0.5000898,0.34795666,0.037475765,0.027619353,13.343997
3661,2026-07-30,0.17607173,0.18703951,0.0134425685,0.022804948,13.097097
6234,2026-07-30,0.24607134,0.15640312,0.019112155,0.02014568,12.874449
6962,2026-07-30,0.17911653,0.14058426,0.014079452,0.015058979,12.720937
3044,2026-07-30,0.24268802,0.2675682,0.019413818,0.022265533,12.500144
3264,2026-07-30,0.21946214,0.11185382,0.017806284,0.02512632,12.32429
3016,2026-07-30,0.41272074,0.25305206,0.033787478,0.035473082,12.214837
6443,2026-07-30,0.22775838,0.19477043,0.018900463,0.023877762,12.049775
3708,2026-07-30,0.33024165,0.36576575,0.027752848,0.030786606,11.89895
6269,2026-07-30,0.2537286,0.1941526,0.021584658,0.01934197,11.754499
8289,2026-07-30,0.17688757,0.034803715,0.015200382,0.018216228,11.636282
4961,2026-07-30,0.18140517,0.12828074,0.015834892,0.01968265,11.4553175
3236,2026-07-30,0.30868804,0.13769121,0.02728016,0.026023595,11.315063
5464,2026-07-30,0.4129334,0.36692083,0.03658369,0.04160486,11.287055
5475,2026-07-30,0.35974586,0.24367318,0.03191827,0.03170681,11.270493
3227,2026-07-30,0.22354372,0.14960155,0.019916274,0.017974826,11.22361
6271,2026-07-30,0.24907319,0.18451402,0.022532696,0.021735761,11.053366
2455,2026-07-30,0.33949426,0.30106708,0.030747408,0.031880252,11.041036
2357,2026-07-30,0.22960147,0.25513247,0.020925798,0.026279194,10.971648
2375,2026-07-30,0.239437,0.0986772,0.021940539,0.019235158,10.9124975
4971,2026-07-30,0.32492924,0.28799647,0.030955564,0.039404508,10.496295
2478,2026-07-30,0.28397313,0.12364771,0.027354725,0.025451904,10.380756
6525,2026-07-30,0.27408016,0.14610232,0.026414756,0.022239547,10.375631
4526,2026-07-30,0.20532328,0.16798227,0.019874584,0.027175829,10.330427
3711,2026-07-30,0.2168371,0.27425155,0.021016076,0.025878299,10.317186
6121,2026-07-30,0.162029,0.17118622,0.015761826,0.017921751,10.279184
8103,2026-07-30,0.20320986,0.11952958,0.019803498,0.019966023,10.260794
8383,2026-07-30,0.18384379,0.101161234,0.017993234,0.024210814,10.216817
6155,2026-07-30,0.23333944,0.088147596,0.022970015,0.019120386,10.157994
3030,2026-07-30,0.17605492,0.117185116,0.01744026,0.021220569,10.094163
6691,2026-07-30,0.14289536,0.17438939,0.014342209,0.015582614,9.962579
6532,2026-07-30,0.1206506,-0.0007094213,0.012125491,0.016657915,9.949341
2369,2026-07-30,0.30885792,0.2280996,0.031183945,0.03163307,9.904071
3163,2026-07-30,0.2459995,0.18323898,0.024853975,0.031428993,9.897395
3028,2026-07-30,0.23218893,0.17570299,0.02349958,0.022861244,9.880136
2342,2026-07-30,0.21958597,0.050984796,0.022454116,0.030008629,9.778884
6015,2026-07-30,0.23219706,0.28571892,0.023775527,0.029823713,9.76581
4960,2026-07-30,0.20175053,0.10635385,0.020763302,0.021620339,9.71622
3581,2026-07-30,0.17541814,0.065481365,0.018057372,0.015883323,9.71395
6584,2026-07-30,0.1600296,0.13151456,0.01655553,0.016084619,9.665649
6573,2026-07-30,0.16664082,0.18609796,0.017256103,0.019614363,9.656361
2355,2026-07-30,0.182171,0.12838863,0.018898195,0.019599056,9.639088
4908,2026-07-30,0.16882141,0.055000354,0.01767841,0.019348549,9.549041
2340,2026-07-30,0.19463037,0.10825539,0.02044681,0.023092264,9.518396
3017,2026-07-30,0.11147502,0.13192476,0.01173044,0.014264352,9.502245
3010,2026-07-30,0.14853348,0.1381585,0.015660489,0.017370138,9.4839945
3086,2026-07-30,0.18100949,0.19050314,0.019101411,0.02276318,9.47574
6510,2026-07-30,0.1288216,0.072976485,0.013642887,0.014899681,9.441708
4991,2026-07-30,0.47220725,0.3286231,0.05029623,0.06346738,9.388335
3211,2026-07-30,0.22625276,0.15969925,0.024258014,0.025677474,9.326544
5351,2026-07-30,0.21613087,0.14001407,0.023198592,0.022070054,9.31615
3229,2026-07-30,0.17285548,0.14643857,0.01859762,0.027426433,9.293995
3645,2026-07-30,0.15340957,0.06716766,0.016537517,0.015840726,9.275896
6175,2026-07-30,0.21911868,0.08765667,0.023713933,0.016794048,9.239692
2383,2026-07-30,0.12928727,0.10427837,0.01399998,0.012559038,9.2341585
6456,2026-07-30,0.26175863,0.18425302,0.028688645,0.025251841,9.123801
2421,2026-07-30,0.170657,0.1262559,0.01877261,0.018238338,9.09026
6026,2026-07-30,0.19836232,0.21395038,0.021861294,0.025887394,9.073262
3689,2026-07-30,0.1663869,0.047299992,0.018344993,0.0155403735,9.0693865
2402,2026-07-30,0.15108594,0.064075835,0.016714033,0.016768577,9.038926
6244,2026-07-30,0.22991341,0.09375059,0.025478791,0.024476942,9.023363
6669,2026-07-30,0.09973749,0.08667951,0.0111096725,0.013603944,8.976728
8299,2026-07-30,0.12883987,0.053325284,0.014371376,0.017662918,8.96441
2338,2026-07-30,0.22415158,0.15296094,0.025213776,0.023481809,8.889691
2426,2026-07-30,0.2723708,0.16097651,0.030671282,0.030837743,8.88003
8021,2026-07-30,0.15711819,0.05784726,0.017875982,0.019822735,8.788854
3014,2026-07-30,0.14988479,0.12531005,0.017176483,0.021230705,8.725655
3265,2026-07-30,0.15700923,0.061736442,0.018073218,0.019693647,8.686916
1714,2026-07-30,0.30633706,0.23939003,0.03543303,0.04576576,8.645279
4760,2026-07-30,0.10504746,0.0003390945,0.012257108,0.011443675,8.56963
6982,2026-07-30,0.18582103,0.19953363,0.021802427,0.024393227,8.52256
6021,2026-07-30,0.24659698,0.27551556,0.029020436,0.03756672,8.497063
2428,2026-07-30,0.16339865,0.12505671,0.019295309,0.020857725,8.467871
6257,2026-07-30,0.19547515,0.14352797,0.023117762,0.02463527,8.45526
6229,2026-07-30,0.16736631,0.1529248,0.019907441,0.022515,8.406801
6862,2026-07-30,0.18210529,0.06114311,0.02169414,0.020359954,8.393828
6735,2026-07-30,0.1822804,0.06285706,0.021795264,0.019848187,8.36292
6134,2026-07-30,0.17290491,0.03204672,0.020699477,0.019163866,8.352701
6789,2026-07-30,0.16123343,0.17498626,0.019488571,0.016923018,8.272805
1519,2026-07-30,0.13290712,0.14980616,0.016100755,0.021597125,8.254201
3498,2026-07-30,0.15849015,-0.00047914436,0.019218141,0.026015919,8.246474
5274,2026-07-30,0.13808416,0.11947759,0.016896995,0.015995815,8.17163
2393,2026-07-30,0.15955238,0.1621054,0.019534277,0.020578047,8.1673975
3093,2026-07-30,0.15405183,0.05726336,0.018884506,0.018833669,8.1571455
8105,2026-07-30,0.23383953,0.1459171,0.028672356,0.030003592,8.15529
8039,2026-07-30,0.183659,0.08012028,0.022654418,0.021354299,8.106626
4927,2026-07-30,0.2404493,0.030014504,0.029863367,0.030238377,8.051377
6781,2026-07-30,0.115712136,0.11842705,0.014393182,0.017834924,8.038813
6451,2026-07-30,0.27035418,0.23635253,0.033726327,0.04741909,8.01588
4979,2026-07-30,0.32696825,0.20519972,0.0408552,0.03341452,8.002905
3290,2026-07-30,0.15248118,0.0739489,0.019096226,0.0182474,7.984468
2305,2026-07-30,0.24565549,0.17110442,0.030812763,0.03750721,7.9722652
2329,2026-07-30,0.16832158,0.049873054,0.021218505,0.015148434,7.932399
8088,2026-07-30,0.1532239,0.07126482,0.019335996,0.023813384,7.923873
3535,2026-07-30,0.15044552,0.007236571,0.019016504,0.020706963,7.9108973
3709,2026-07-30,0.17369972,0.09865118,0.022052506,0.024849571,7.876286
2360,2026-07-30,0.111943536,0.10853902,0.014228069,0.02022014,7.8672423
5439,2026-07-30,0.16000639,0.053986892,0.020369744,0.02024741,7.854715
2458,2026-07-30,0.12904565,0.10233175,0.016428195,0.017498348,7.8546543
3707,2026-07-30,0.19595045,0.040178504,0.025014848,0.030379113,7.8330526
3406,2026-07-30,0.10246103,0.07852602,0.013127112,0.014580113,7.804704
2376,2026-07-30,0.1623557,0.1929287,0.020829882,0.029902168,7.7939906
3533,2026-07-30,0.12865084,0.13024344,0.016508438,0.01691891,7.7925634
5288,2026-07-30,0.21339425,0.18887888,0.02739944,0.024856891,7.7879868
2382,2026-07-30,0.15609646,0.094117135,0.020245621,0.020399665,7.7097535
3088,2026-07-30,0.19003484,0.10426067,0.024691714,0.034431778,7.695988
2495,2026-07-30,0.13724588,0.07944917,0.017930841,0.018287074,7.653753
0050,2026-07-30,0.15205593,0.10311973,0.019957937,0.020642865,7.6184382
2483,2026-07-30,0.24315523,0.09915589,0.03194439,0.031615045,7.611591
1304,2026-07-30,0.16388845,0.12970196,0.021539459,0.01887837,7.6084013
2399,2026-07-30,0.21751595,0.088817544,0.028633187,0.028653951,7.596372
3557,2026-07-30,0.23330717,0.24108833,0.03073148,0.03178814,7.59155
6190,2026-07-30,0.15703465,0.07379993,0.020745298,0.021401376,7.5692854
1727,2026-07-30,0.16547714,0.054886088,0.021967862,0.018395172,7.532349
2207,2026-07-30,0.14591296,0.16591667,0.019401545,0.024769116,7.5203
7749,2026-07-30,0.09483466,0.016909642,0.012630053,0.012587074,7.5080566
3596,2026-07-30,0.17820057,0.15099376,0.023829596,0.022685306,7.4778056
3491,2026-07-30,0.1432435,0.13182756,0.019180974,0.021214707,7.4676104
3162,2026-07-30,0.14077105,0.049599417,0.018972836,0.021268943,7.419219
6127,2026-07-30,0.21162075,0.061483346,0.028564358,0.015819142,7.4083
3680,2026-07-30,0.18756995,0.14525321,0.025545152,0.023968834,7.3423953
8046,2026-07-30,0.11445587,0.032448508,0.015668137,0.016682705,7.304542
2344,2026-07-30,0.13208713,0.039621923,0.018112699,0.017160188,7.2921124
6515,2026-07-30,0.10638172,0.044071432,0.014693135,0.012407414,7.23974
8069,2026-07-30,0.17767201,0.15757161,0.024554364,0.0302879,7.235568
2308,2026-07-30,0.09364147,0.10106238,0.012958219,0.015415176,7.2258573
1617,2026-07-30,0.19480753,0.1546586,0.027089057,0.027140006,7.1911077
3293,2026-07-30,0.14708726,0.19259767,0.02045337,0.023439774,7.1909947
2472,2026-07-30,0.14900443,0.045267392,0.020736482,0.02417814,7.185271
6568,2026-07-30,0.18393005,0.03524246,0.025598511,0.02597333,7.184905
5443,2026-07-30,0.19660603,0.05382311,0.027439699,0.027643131,7.16476
2457,2026-07-30,0.11089186,0.0031291966,0.015523681,0.01870099,7.1429396
6683,2026-07-30,0.16275549,0.1120838,0.022788178,0.02283747,7.1417885
2424,2026-07-30,0.17260136,0.091497086,0.024180314,0.021819357,7.137799
3624,2026-07-30,0.25796136,0.12493575,0.036190093,0.030004244,7.1277585
3530,2026-07-30,0.10696482,0.02447964,0.015010967,0.013948348,7.1253033
6679,2026-07-30,0.12289904,0.006808912,0.017302131,0.0131903775,7.102705
3034,2026-07-30,0.13070728,0.14571668,0.01840193,0.02142534,7.102525
2454,2026-07-30,0.1128187,0.08728779,0.0159992,0.020561092,7.0510807
6426,2026-07-30,0.15703008,0.033997234,0.022269933,0.02051347,7.050898
3490,2026-07-30,0.13989668,0.08763026,0.019863028,0.023991387,7.042714
2493,2026-07-30,0.20653264,0.15366615,0.02948606,0.02250049,7.004179
3380,2026-07-30,0.14183064,0.06556031,0.02028334,0.020466,6.992125
6202,2026-07-30,0.16538088,0.052595668,0.023654206,0.022255657,6.99131
2330,2026-07-30,0.13630709,0.113884196,0.019566158,0.02774348,6.966116
6259,2026-07-30,0.16739115,0.09582906,0.024206577,0.024958156,6.9148245
5228,2026-07-30,0.13819624,0.043405414,0.01998775,0.01728501,6.913701
3338,2026-07-30,0.11074248,-0.0019443149,0.016030276,0.016609995,6.907902
6672,2026-07-30,0.14588286,0.05102429,0.021172503,0.017185118,6.8898783
2474,2026-07-30,0.09219775,0.059670884,0.01344344,0.014415627,6.857686
6156,2026-07-30,0.17602561,0.04874009,0.025674745,0.02488069,6.8557158
3593,2026-07-30,0.10159697,0.03439826,0.014846017,0.019979302,6.8429213
2449,2026-07-30,0.11779642,0.060714625,0.01726224,0.016444277,6.82354
6693,2026-07-30,0.10951505,-0.033066776,0.0160678,0.018789887,6.815385
6854,2026-07-30,0.09156488,-0.02662454,0.0135159,0.015347027,6.774103
6246,2026-07-30,0.11574653,0.016917149,0.017106231,0.015037513,6.7659416
3592,2026-07-30,0.076979615,0.0434563,0.011516756,0.013154609,6.68356
5864,2026-07-30,0.12467491,0.10860984,0.018668648,0.019252094,6.6779466
5340,2026-07-30,0.15453124,0.051256284,0.023140742,0.02442523,6.6775975
3413,2026-07-30,0.10252724,0.052083682,0.015365611,0.013074115,6.6720786
3356,2026-07-30,0.075782545,0.012519165,0.01136267,0.015193882,6.668844
6706,2026-07-30,0.10709976,-0.0110584255,0.016130608,0.018729668,6.639125
2467,2026-07-30,0.10220981,0.100237876,0.0154027045,0.018096076,6.635404
6761,2026-07-30,0.12116539,0.024752839,0.018386763,0.016531134,6.589458
5234,2026-07-30,0.12031196,0.09188921,0.018408474,0.015728915,6.5353284
6217,2026-07-30,0.21674553,0.06712902,0.033299495,0.029957855,6.508778
6278,2026-07-30,0.1888087,0.15399697,0.02901149,0.03157646,6.5078416
5243,2026-07-30,0.12311125,0.028933918,0.019007027,0.01919053,6.476803
3376,2026-07-30,0.14094308,0.040700674,0.02192366,0.024206873,6.4285183
3114,2026-07-30,0.108310066,0.016697682,0.01689462,0.020987445,6.410541
3673,2026-07-30,0.11994426,0.02302217,0.018741976,0.017343914,6.399424
8240,2026-07-30,0.10501172,0.0056915605,0.016432682,0.01864705,6.3900294
6996,2026-07-30,0.12154897,0.07885727,0.01910139,0.018907236,6.363024
2481,2026-07-30,0.17390886,0.03407118,0.027389098,0.02710582,6.3493333
3031,2026-07-30,0.1505048,0.07250705,0.023731165,0.018694097,6.3418064
5425,2026-07-30,0.1817717,0.037749257,0.028678197,0.030636277,6.3381023
3694,2026-07-30,0.16649313,0.029938933,0.026292715,0.031282987,6.3320503
6509,2026-07-30,0.11015746,0.06123375,0.017417876,0.018452583,6.324028
3615,2026-07-30,0.11670752,-0.0053994996,0.018491996,0.024208296,6.3109035
6664,2026-07-30,0.08487783,-0.00410135,0.01350455,0.015447998,6.284663
8074,2026-07-30,0.14291438,0.047986805,0.02274182,0.019085944,6.283934
3317,2026-07-30,0.17465086,0.02371942,0.027955836,0.02781332,6.2471614
1303,2026-07-30,0.13716242,0.113433115,0.021960933,0.024180071,6.245462
8213,2026-07-30,0.080270424,0.040070724,0.012880001,0.014204149,6.2316914
5471,2026-07-30,0.097992405,-0.0005293971,0.015813231,0.019788094,6.19647
2485,2026-07-30,0.21077554,0.025628394,0.034046825,0.039495826,6.190573
6237,2026-07-30,0.1329794,0.0497322,0.02148895,0.025107525,6.1879807
1516,2026-07-30,0.13531223,0.17322223,0.021906283,0.019275831,6.1765866
2484,2026-07-30,0.17835721,0.027225312,0.028889216,0.02587231,6.1736197
2401,2026-07-30,0.117925234,0.04141105,0.019142326,0.025960324,6.1601224
4977,2026-07-30,0.124642864,0.023245005,0.020325357,0.021000741,6.1320806
3550,2026-07-30,0.13265349,-0.03206157,0.021709388,0.022050517,6.110139
8024,2026-07-30,0.12636738,0.09189231,0.02070747,0.02114115,6.102207
8104,2026-07-30,0.113705605,0.045127902,0.018639155,0.019551186,6.100035
3450,2026-07-30,0.19940965,0.19312719,0.03274307,0.044974286,6.089947
2317,2026-07-30,0.07309297,0.07310936,0.012016742,0.013849564,6.0820885
8081,2026-07-30,0.09165692,0.05323999,0.015073742,0.016291535,6.0801654
2498,2026-07-30,0.114801295,0.029765101,0.018969618,0.025822155,6.051532
8054,2026-07-30,0.13826065,-0.010865436,0.022875054,0.023403855,6.043903
6834,2026-07-30,0.14648117,0.050264817,0.02424507,0.021946933,6.0414395
6542,2026-07-30,0.08873812,0.053542726,0.014714196,0.015268149,6.0303726
3023,2026-07-30,0.08608014,0.09875056,0.014312192,0.015169809,6.0140424
9946,2026-07-30,0.1741394,0.20950808,0.029016603,0.03749829,6.001164
3444,2026-07-30,0.13102731,0.046544272,0.02184746,0.023652937,5.9970956
8261,2026-07-30,0.19044739,0.041095365,0.0318178,0.023546373,5.985373
8131,2026-07-30,0.14313221,0.020208877,0.023929264,0.028076192,5.981221
6877,2026-07-30,0.16553682,0.123375244,0.027750375,0.029609486,5.9649954
3665,2026-07-30,0.07951752,0.09388529,0.013349113,0.015170884,5.956318
3062,2026-07-30,0.12242118,0.053544916,0.02059045,0.020659545,5.9452434
6182,2026-07-30,0.17190118,0.060609516,0.029035106,0.027886221,5.920256
3588,2026-07-30,0.07699375,-0.030557338,0.013102904,0.015376889,5.875634
8086,2026-07-30,0.09570983,-0.012512738,0.01635165,0.019516226,5.852864
6409,2026-07-30,0.08743129,0.14674215,0.014948995,0.016827844,5.8482485
3131,2026-07-30,0.077604085,0.01669492,0.013293024,0.01179273,5.8375163
6104,2026-07-30,0.12473561,-0.009159706,0.021422843,0.022305716,5.82228
3518,2026-07-30,0.101551615,0.0054711225,0.017471908,0.019026216,5.811947
2492,2026-07-30,0.14454213,-0.04703103,0.024892867,0.03194123,5.806335
3022,2026-07-30,0.16393274,0.10756176,0.028318116,0.03373379,5.788766
3465,2026-07-30,0.1177298,0.06989954,0.020363094,0.020651901,5.781244
2070,2026-07-30,0.08797229,0.0023344425,0.015324952,0.013149859,5.7400866
4707,2026-07-30,0.17756473,0.0021246683,0.031030936,0.033455342,5.7219996
6419,2026-07-30,0.105515085,-0.051356938,0.018486667,0.014057353,5.7073226
6023,2026-07-30,0.093466364,0.13173275,0.016401665,0.020266969,5.698242
6640,2026-07-30,0.11717,0.06236239,0.020620622,0.023539731,5.6819
3209,2026-07-30,0.13473825,0.10697608,0.023816254,0.020548822,5.65717
8150,2026-07-30,0.14675729,0.06238806,0.025982574,0.024559824,5.6480794
6788,2026-07-30,0.07780638,-0.016489685,0.013779637,0.015962798,5.6460657
6415,2026-07-30,0.11358205,0.06518246,0.020145535,0.018234389,5.637796
6223,2026-07-30,0.09421604,0.034494735,0.016794287,0.014546605,5.6096716
6291,2026-07-30,0.093300596,0.009021902,0.016674802,0.019558387,5.5949693
6207,2026-07-30,0.21429376,0.028073598,0.03834661,0.04870341,5.588191
6485,2026-07-30,0.09092012,-0.021785794,0.016303638,0.02410502,5.576335
4583,2026-07-30,0.07338676,0.01663246,0.013201739,0.014260608,5.5584497
8476,2026-07-30,0.17834295,0.12871237,0.03233652,0.030111073,5.515048
2408,2026-07-30,0.08255482,-0.06437727,0.01500997,0.0189902,5.4996324
4989,2026-07-30,0.17741393,-0.015505712,0.03231367,0.024579443,5.4901977
3537,2026-07-30,0.11541406,0.029544625,0.021020848,0.019394329,5.4901958
0052,2026-07-30,0.11819314,0.0850435,0.021587946,0.024486648,5.4747066
4946,2026-07-30,0.10285827,0.022173565,0.01884592,0.019241573,5.457564
5469,2026-07-30,0.07899872,0.012348417,0.014555008,0.02030126,5.427224
3587,2026-07-30,0.06278725,-0.05411906,0.011629612,0.015750594,5.3984475
6168,2026-07-30,0.12550475,-0.044775955,0.023269204,0.02560738,5.393367
6548,2026-07-30,0.14759135,0.076052144,0.02742676,0.03198127,5.381094
5452,2026-07-30,0.10084605,-0.0055330684,0.018788503,0.018827252,5.3671484
5284,2026-07-30,0.12752444,0.050094854,0.023870122,0.024644228,5.3422055
6903,2026-07-30,0.104756676,-0.03871172,0.019874591,0.019699324,5.2706194
1313,2026-07-30,0.07770045,0.032947816,0.014843025,0.020627603,5.2344594
3701,2026-07-30,0.11073515,0.014171159,0.021175697,0.023171313,5.2291036
1326,2026-07-30,0.107286565,0.10248883,0.020568999,0.033278946,5.2156816
3715,2026-07-30,0.114075154,-0.050540026,0.021892255,0.028014168,5.210516
3033,2026-07-30,0.09433985,0.10692634,0.018154882,0.023245806,5.1961036
5536,2026-07-30,0.08416288,0.08662823,0.01628871,0.01725329,5.1666284
6138,2026-07-30,0.12313662,0.09314235,0.02389888,0.019264396,5.1521854
6187,2026-07-30,0.08552725,0.05224166,0.016599976,0.017642936,5.151941
2303,2026-07-30,0.09535783,-0.0022520158,0.018636743,0.022613648,5.116383
5314,2026-07-30,0.17527288,0.11046174,0.03458885,0.031283613,5.067177
3037,2026-07-30,0.13775158,0.05552572,0.027261367,0.02826544,5.0528107
6261,2026-07-30,0.07576457,-0.028627753,0.015006658,0.016318168,5.0483937
6270,2026-07-30,0.115716554,0.008655042,0.022969272,0.025092922,5.037666
6654,2026-07-30,0.14057647,0.09783944,0.02800843,0.028075732,5.018898
6231,2026-07-30,0.08308112,0.002101768,0.016748266,0.015024066,4.960284
8358,2026-07-30,0.114351586,-0.0355673,0.02309812,0.031593468,4.9504733
4123,2026-07-30,0.13530782,0.096058704,0.027402112,0.01813359,4.9376807
2345,2026-07-30,0.08013919,0.09296946,0.016514126,0.01456274,4.8524723
4551,2026-07-30,0.09255592,0.023464864,0.0190912,0.021175869,4.8478394
4956,2026-07-30,0.09326426,-0.02126584,0.019325932,0.021791462,4.825611
2367,2026-07-30,0.1165926,-0.05234811,0.024163958,0.028025713,4.8248625
2352,2026-07-30,0.093199775,0.07864582,0.019332478,0.020374147,4.820642
1608,2026-07-30,0.064757414,0.041733034,0.013440662,0.016444663,4.817664
8059,2026-07-30,0.08385568,0.02545448,0.017424546,0.023918932,4.812227
8464,2026-07-30,0.08460816,0.14572497,0.017619979,0.022467948,4.8015585
6530,2026-07-30,0.09980655,-0.035767045,0.020797774,0.023396071,4.7986746
2436,2026-07-30,0.1269982,-0.04073558,0.026474405,0.026487604,4.796837
3189,2026-07-30,0.085856356,-0.020436412,0.017925354,0.02471881,4.789393
2351,2026-07-30,0.07813552,0.024019713,0.016322048,0.019530881,4.7868214
3003,2026-07-30,0.06511697,0.05767862,0.01362584,0.01234801,4.778582
6224,2026-07-30,0.0881067,0.0044263178,0.018478995,0.019187175,4.7676797
8996,2026-07-30,0.090677515,0.056180157,0.01913554,0.021175306,4.7384486
8182,2026-07-30,0.13325362,0.026718665,0.028141031,0.031916223,4.735039
6770,2026-07-30,0.053965885,-0.045141928,0.011433764,0.019250982,4.7194576
2406,2026-07-30,0.12966491,0.13449247,0.027547644,0.030260976,4.706762
2515,2026-07-30,0.098272465,0.14206958,0.020932749,0.024515199,4.6944513
7723,2026-07-30,0.15850575,0.086269505,0.033814054,0.041579682,4.687432
1513,2026-07-30,0.075353846,0.03802939,0.016144093,0.017624933,4.6672907
3105,2026-07-30,0.1054835,0.0045398423,0.02264294,0.029622093,4.6583543
4958,2026-07-30,0.10290282,0.013818077,0.022134155,0.022082489,4.6488414
6405,2026-07-30,0.10663646,-0.07071408,0.023005147,0.030127255,4.635129
3363,2026-07-30,0.14535414,0.057220418,0.031529382,0.03803097,4.609971
5498,2026-07-30,0.13038164,-0.008808557,0.02828803,0.031786278,4.608912
6805,2026-07-30,0.07121061,0.0065547274,0.015449768,0.01427631,4.6088715
5529,2026-07-30,0.118290216,0.09022301,0.025683274,0.029854653,4.6055503
6284,2026-07-30,0.13587835,0.02601936,0.02957974,0.024411082,4.593474
6670,2026-07-30,0.063832216,0.06266041,0.013974856,0.013231827,4.567321
3008,2026-07-30,0.059498794,0.05594396,0.013028944,0.015436607,4.5663123
5328,2026-07-30,0.14535187,0.030346064,0.032085024,0.03221325,4.5300684
8064,2026-07-30,0.15143085,0.03502584,0.03348623,0.032897722,4.522048
4716,2026-07-30,0.11375876,0.05493392,0.025188442,0.029156998,4.5161285
2316,2026-07-30,0.098604664,0.0106306095,0.021836156,0.0172875,4.5154533
1476,2026-07-30,0.06599714,0.09807229,0.01466008,0.018978437,4.5015197
3653,2026-07-30,0.044412915,0.022949707,0.009876398,0.009647601,4.496418
8043,2026-07-30,0.09379157,-0.0018299447,0.020921314,0.023688866,4.4828486
6213,2026-07-30,0.09899601,-0.0009715437,0.022170866,0.019296177,4.464938
6821,2026-07-30,0.09907835,0.0012151782,0.022220189,0.019301126,4.458733
3090,2026-07-30,0.10359125,-0.052967068,0.02323599,0.025194172,4.458032
3580,2026-07-30,0.073391065,-0.046592467,0.016553165,0.021364743,4.4333897
6715,2026-07-30,0.101993605,0.07624783,0.023042422,0.01992791,4.4261484
8162,2026-07-30,0.08825982,-0.0005142544,0.019942073,0.014425754,4.4255877
6442,2026-07-30,0.067319244,-0.003935962,0.015239935,0.017042886,4.417002
6739,2026-07-30,0.07242441,0.008705035,0.016486004,0.0132117905,4.392818
4931,2026-07-30,0.082688205,0.015505507,0.018833898,0.01744878,4.390159
4540,2026-07-30,0.056888405,-0.061474696,0.013017377,0.014568642,4.369854
3430,2026-07-30,0.08784513,0.016232112,0.020200016,0.019845167,4.3485503
3529,2026-07-30,0.08462945,0.04437701,0.019509232,0.016939932,4.337696
8163,2026-07-30,0.07988171,0.056814242,0.018441467,0.017511861,4.331401
1582,2026-07-30,0.07288582,0.0039042316,0.016856406,0.016721236,4.3236675
1597,2026-07-30,0.07987443,0.0098745525,0.018645426,0.020481678,4.2836323
1595,2026-07-30,0.06978683,-0.01642743,0.016552798,0.02196902,4.2157593
2233,2026-07-30,0.10897837,-0.009280024,0.025914058,0.024053562,4.205214
7712,2026-07-30,0.072139405,-0.038565826,0.01721812,0.020075468,4.189494
2327,2026-07-30,0.10455524,-0.02902329,0.025081363,0.030640466,4.1684766
5434,2026-07-30,0.08043,0.07623682,0.019309394,0.020925362,4.1651144
2236,2026-07-30,0.09846123,0.06144689,0.023647463,0.023785338,4.163536
5410,2026-07-30,0.07025699,0.044658963,0.01689981,0.016934723,4.1570196
1711,2026-07-30,0.108570665,-0.035085022,0.026185608,0.030930461,4.1460376
2605,2026-07-30,0.07150862,0.108220086,0.017305244,0.020346938,4.131955
3294,2026-07-30,0.0865544,-0.01747303,0.020972218,0.024337111,4.126901
6924,2026-07-30,0.07202228,0.05054057,0.017636986,0.02278662,4.0833616
6609,2026-07-30,0.066832684,0.05651261,0.016511098,0.019772146,4.047498
5388,2026-07-30,0.06292359,0.013019649,0.015578267,0.021155184,4.038931
2505,2026-07-30,0.09273076,0.11318217,0.023010239,0.024845941,4.029803
6227,2026-07-30,0.09142384,0.08288072,0.022982115,0.03378642,3.9778697
8155,2026-07-30,0.05739628,-0.08273436,0.014440017,0.018743545,3.974532
3455,2026-07-30,0.08366146,-0.028585497,0.021065582,0.0223393,3.9712877
6830,2026-07-30,0.051559288,-0.06891357,0.013019359,0.018296143,3.9598975
8027,2026-07-30,0.08638296,-0.02515627,0.021825476,0.0231223,3.9577146
4745,2026-07-30,0.08640885,0.012740472,0.021832883,0.027590945,3.9575577
3054,2026-07-30,0.09847177,0.042235084,0.024906637,0.028888766,3.953477
8455,2026-07-30,0.0866003,0.012193696,0.02192371,0.027126469,3.9498951
3555,2026-07-30,0.14830573,0.14920376,0.038044207,0.040745564,3.898145
2059,2026-07-30,0.04190086,0.028625716,0.01080061,0.013342297,3.8791306
3207,2026-07-30,0.07105326,-0.024338115,0.018422766,0.020714113,3.8566089
3055,2026-07-30,0.111768894,-0.005728743,0.028982114,0.028003048,3.8563452
4303,2026-07-30,0.08335649,0.006437984,0.02163271,0.017330647,3.8530834
5285,2026-07-30,0.078957185,-0.019507566,0.020519815,0.019083627,3.8476632
8016,2026-07-30,0.06965436,0.073030874,0.01810366,0.017761901,3.8473167
2414,2026-07-30,0.07546194,0.11262693,0.019623186,0.024142893,3.8453536
3467,2026-07-30,0.06717633,-0.059935305,0.017549247,0.015733792,3.8276572
3437,2026-07-30,0.08132456,-0.018570548,0.021247096,0.020575307,3.8273811
3360,2026-07-30,0.113626905,-0.0629011,0.029706566,0.030677538,3.8248475
3583,2026-07-30,0.048065457,0.02248214,0.012706089,0.012288198,3.7825704
3005,2026-07-30,0.05568881,0.09112956,0.014725666,0.01461024,3.7814949
2313,2026-07-30,0.07383903,-0.012963418,0.019545019,0.015399461,3.7777019
3138,2026-07-30,0.08270243,-0.065199174,0.02192879,0.024669375,3.771237
5457,2026-07-30,0.07506891,-0.0048539964,0.01996968,0.018931849,3.7589564
3305,2026-07-30,0.06010237,-0.016688125,0.016098896,0.020587677,3.7330904
1213,2026-07-30,0.07471239,-0.045407135,0.020016924,0.026972635,3.7322745
5251,2026-07-30,0.08884556,0.011716281,0.023913074,0.02286587,3.7151995
2323,2026-07-30,0.06346558,0.016028075,0.017154358,0.01714597,3.699461
8422,2026-07-30,0.084991895,0.05135132,0.022995038,0.02585085,3.6959364
5489,2026-07-30,0.063565426,0.0021252953,0.017316287,0.019420644,3.670634
3532,2026-07-30,0.07110297,-0.0065229037,0.019408789,0.020063102,3.663253
8042,2026-07-30,0.110166356,-0.089871615,0.030124849,0.032375462,3.6568713
6425,2026-07-30,0.05795579,-0.03198615,0.015852502,0.013048722,3.655709
6124,2026-07-30,0.042676985,-0.0032824317,0.011693294,0.015361539,3.6493852
8070,2026-07-30,0.07552473,0.090935566,0.020836538,0.019780809,3.6244557
6613,2026-07-30,0.061642542,0.022595646,0.017035972,0.017522953,3.6181629
4506,2026-07-30,0.047780856,0.054912694,0.0132302735,0.0137145445,3.611206
6560,2026-07-30,0.057550825,-0.044844758,0.01595382,0.016684532,3.6071122
3260,2026-07-30,0.06281437,-0.08149834,0.017424066,0.02133244,3.6048284
3021,2026-07-30,0.0629454,0.015825203,0.017553514,0.019801112,3.5857103
8096,2026-07-30,0.108629,-0.09508889,0.030374845,0.026643086,3.576164
6449,2026-07-30,0.08043197,-0.0032747441,0.02257485,0.019530527,3.5627437
1795,2026-07-30,0.07409517,0.05240178,0.020817643,0.022105185,3.5590775
1709,2026-07-30,0.103329115,0.099453256,0.029318452,0.027154796,3.5242512
4755,2026-07-30,0.05933683,-0.037298184,0.01684969,0.020118723,3.5213294
2534,2026-07-30,0.085791305,0.12995604,0.024429742,0.022116743,3.5116127
6153,2026-07-30,0.06942991,0.027100606,0.019799095,0.019947866,3.5065444
6139,2026-07-30,0.08436879,0.06700683,0.024232246,0.022881612,3.4815307
3374,2026-07-30,0.07354067,-0.038658507,0.02125355,0.018998142,3.4599967
2337,2026-07-30,0.055325486,-0.03230321,0.016020253,0.016928894,3.4532557
2328,2026-07-30,0.069793426,-0.0142697105,0.020353086,0.022540716,3.4289637
3289,2026-07-30,0.08206525,-0.08445638,0.023958806,0.029028328,3.4251215
1718,2026-07-30,0.081583835,-0.03840377,0.023874132,0.027257845,3.417105
6547,2026-07-30,0.08502598,0.11391895,0.02493654,0.021980792,3.4095576
6016,2026-07-30,0.08826588,0.14871731,0.026118131,0.033125307,3.3793573
2441,2026-07-30,0.11955703,-0.0044514136,0.035451833,0.026264913,3.3722844
1808,2026-07-30,0.12155013,0.12856816,0.03624722,0.04014883,3.3532717
2434,2026-07-30,0.09909708,0.07117653,0.029715542,0.027102701,3.3347447
3357,2026-07-30,0.05965474,-0.020053482,0.017908884,0.016226439,3.3308277
8114,2026-07-30,0.1197221,0.034514125,0.03605,0.03901139,3.3209095
1503,2026-07-30,0.050812878,0.0063007367,0.015492912,0.017710611,3.2795382
3312,2026-07-30,0.075713545,0.029304015,0.023232289,0.025859775,3.258839
3217,2026-07-30,0.044678584,-0.031118793,0.013732934,0.012391092,3.2531526
4764,2026-07-30,0.107867286,0.047385145,0.033313103,0.032889474,3.2378867
5272,2026-07-30,0.071427025,-0.010711086,0.022114983,0.021648418,3.2296562
2368,2026-07-30,0.053901855,0.012585142,0.016727915,0.013020302,3.2220771
4721,2026-07-30,0.06618327,-0.03150917,0.020746158,0.019880231,3.189992
6285,2026-07-30,0.0708653,0.0094084265,0.022906719,0.019871434,3.093512
6909,2026-07-30,0.049233563,-0.050406154,0.015942544,0.017727181,3.0879936
6206,2026-07-30,0.09900333,0.06096696,0.032140993,0.03802747,3.0801866
3094,2026-07-30,0.09253945,-0.046013415,0.03008409,0.032712646,3.075924
3548,2026-07-30,0.058069143,-0.06718553,0.01894405,0.020620443,3.0651355
3443,2026-07-30,0.044908088,-0.008640775,0.014715315,0.011952944,3.0515852
3354,2026-07-30,0.047452353,-0.07304991,0.015767084,0.016476206,3.0093923
4577,2026-07-30,0.05178765,-0.091857426,0.017211631,0.028074915,3.0087004
7750,2026-07-30,0.030441185,-0.010101479,0.010216742,0.01192031,2.9792478
5511,2026-07-30,0.059424978,0.09323015,0.01996146,0.02118273,2.9768364
7728,2026-07-30,0.043761306,0.009676274,0.01476502,0.01628563,2.9636493
6125,2026-07-30,0.09488713,-0.065039575,0.03238234,0.029069727,2.930122
1609,2026-07-30,0.039701335,0.020790236,0.013739685,0.014860955,2.8893273
3402,2026-07-30,0.083978556,-0.046251316,0.029182838,0.033521257,2.8775706
3526,2026-07-30,0.04457992,0.015023116,0.015498968,0.018706843,2.8761299
6240,2026-07-30,0.095276766,0.060559113,0.03334436,0.03593858,2.8572724
6205,2026-07-30,0.045600794,-0.045233414,0.016083641,0.019194268,2.835052
6531,2026-07-30,0.041771013,-0.026486604,0.014749768,0.018743083,2.8317857
6164,2026-07-30,0.068169765,0.013631368,0.024107007,0.02564854,2.8276815
3679,2026-07-30,0.052449886,0.03608965,0.018565549,0.019295191,2.824967
4915,2026-07-30,0.054921195,0.08008713,0.019551229,0.015041495,2.808948
6239,2026-07-30,0.069722384,-0.0051762178,0.0248879,0.028211258,2.8013444
7556,2026-07-30,0.042340446,-0.06427411,0.015129223,0.013862455,2.798402
4919,2026-07-30,0.07325133,-0.08826682,0.026202997,0.028002065,2.7954257
8033,2026-07-30,0.070682555,0.025337629,0.025366202,0.029933996,2.7863758
2537,2026-07-30,0.08360408,0.10624965,0.030094087,0.037992377,2.7779977
4534,2026-07-30,0.07349393,0.03374223,0.026635915,0.031699013,2.7591004
2379,2026-07-30,0.055984538,0.061155267,0.020468771,0.02267565,2.734986
3048,2026-07-30,0.043673437,0.019323802,0.016026173,0.022813665,2.724962
5468,2026-07-30,0.051786486,-0.011655225,0.019091783,0.025824996,2.7123592
3481,2026-07-30,0.071388915,-0.055050127,0.0264282,0.015114805,2.7011378
6215,2026-07-30,0.048264984,-0.09270675,0.017971987,0.019465616,2.6854181
6290,2026-07-30,0.044166073,-0.049468935,0.016450232,0.016191527,2.6846666
5355,2026-07-30,0.039245453,-0.06777022,0.014657616,0.021970473,2.677296
6642,2026-07-30,0.041042626,0.0019010894,0.015342135,0.014352238,2.674983
2388,2026-07-30,0.094061896,0.034711685,0.035277247,0.032595392,2.666286
4973,2026-07-30,0.048212394,-0.02511347,0.018307844,0.022863034,2.6332843
3704,2026-07-30,0.047492307,-0.023891063,0.018128121,0.017584197,2.6196694
9933,2026-07-30,0.0436831,0.08094258,0.016720219,0.018479872,2.612435
8277,2026-07-30,0.052037224,0.031366654,0.019919058,0.019661572,2.6123028
9921,2026-07-30,0.086880684,0.06156957,0.033348814,0.028487843,2.6051326
3617,2026-07-30,0.04464773,-0.014227095,0.0172265,0.021476306,2.5916545
2395,2026-07-30,0.0471757,0.08261218,0.01844135,0.019873444,2.5580094
6173,2026-07-30,0.05927698,-0.13674168,0.023264749,0.021713981,2.5478218
2464,2026-07-30,0.06789332,0.014272895,0.0268803,0.0225978,2.525671
5309,2026-07-30,0.03525125,-0.07154103,0.014101332,0.015480634,2.499675
0051,2026-07-30,0.03095718,-0.0042224946,0.012440104,0.015066982,2.4882984
4766,2026-07-30,0.03776447,0.0029432944,0.015246103,0.016631888,2.4768293
3432,2026-07-30,0.042311303,-0.046690848,0.017264755,0.017426187,2.4505908
1773,2026-07-30,0.04040264,-0.016348757,0.016538508,0.019046776,2.4427958
1528,2026-07-30,0.034850247,-0.068947695,0.014325777,0.016899168,2.4325252
6435,2026-07-30,0.046361517,-0.051163673,0.019067628,0.021646367,2.431298
4916,2026-07-30,0.041469026,-0.01984069,0.017192746,0.02026057,2.411867
8028,2026-07-30,0.041229032,0.021861298,0.017189948,0.020643141,2.398299
6174,2026-07-30,0.060261,-0.076653905,0.025518203,0.03046247,2.3613982
3605,2026-07-30,0.035496943,-0.04032527,0.01516252,0.014207647,2.3409433
3006,2026-07-30,0.044155072,-0.04375263,0.01892503,0.017745,2.333034
1586,2026-07-30,0.050295133,-0.004981305,0.021615233,0.027813757,2.3267298
2404,2026-07-30,0.033887092,0.063049525,0.014579947,0.013769261,2.3240666
6486,2026-07-30,0.026651887,-0.011857572,0.01153647,0.013963566,2.3100288
2385,2026-07-30,0.037660256,0.004653741,0.016342927,0.015472584,2.3042355
6462,2026-07-30,0.05086724,0.0007503251,0.02219433,0.027510395,2.2917993
7402,2026-07-30,0.05547472,-0.057880208,0.024360778,0.027536297,2.277121
1432,2026-07-30,0.022336988,0.018003296,0.009954699,0.010749032,2.2436383
2439,2026-07-30,0.031967867,0.01921473,0.014548264,0.013113994,2.1972153
9945,2026-07-30,0.08389211,0.08274582,0.038770653,0.035452116,2.1637485
6494,2026-07-30,0.030891092,-0.086566925,0.014336895,0.019361086,2.1545067
6799,2026-07-30,0.037617046,-0.09802817,0.017479375,0.013535233,2.1519587
6526,2026-07-30,0.0365459,0.021342896,0.017020278,0.017754292,2.1470714
5426,2026-07-30,0.037277326,-0.041031353,0.017427715,0.018207503,2.1388454
2423,2026-07-30,0.0391864,0.037785765,0.018365761,0.020239564,2.1335497
3015,2026-07-30,0.041199546,-0.016874684,0.019328766,0.024030296,2.1314044
1590,2026-07-30,0.027250743,0.044993952,0.012895001,0.011643894,2.1131158
6204,2026-07-30,0.033478603,-0.08730544,0.015880564,0.0150595885,2.1080167
3231,2026-07-30,0.032993633,0.058224242,0.015764998,0.018305816,2.092708
1809,2026-07-30,0.05402179,-0.064664595,0.026026646,0.02577028,2.0755541
3019,2026-07-30,0.044651445,-0.030380778,0.021804582,0.017582305,2.047707
6274,2026-07-30,0.03299817,-0.045455575,0.01618498,0.017799985,2.0386884
1726,2026-07-30,0.02722559,0.030992275,0.0135030355,0.017290914,2.0161076
6245,2026-07-30,0.051889364,0.018130137,0.025787387,0.0383961,2.0121212
3149,2026-07-30,0.06651524,-0.021601344,0.033119064,0.03359677,2.0083065
6949,2026-07-30,0.023524236,0.019825399,0.011751129,0.01214861,2.0017
3057,2026-07-30,0.027478138,-0.07474231,0.01382562,0.021034129,1.9873359
1515,2026-07-30,0.051258586,-0.05176211,0.026335774,0.029066015,1.9462743
2724,2026-07-30,0.064696215,0.0028502664,0.033631783,0.039899804,1.9236058
5522,2026-07-30,0.047883324,-0.014793317,0.025289122,0.030022778,1.8933607
2501,2026-07-30,0.041482735,0.042023458,0.021934167,0.023494588,1.891152
0057,2026-07-30,0.030443544,-0.07423282,0.016253687,0.017833298,1.8729086
6279,2026-07-30,0.025935475,-0.044031713,0.013856689,0.014136475,1.8715583
6214,2026-07-30,0.040287837,0.04498024,0.021545842,0.01837913,1.8697792
7610,2026-07-30,0.024123704,-0.068186186,0.013273571,0.012171098,1.817287
2884,2026-07-30,0.024948837,0.08305962,0.013762755,0.014275821,1.8126475
5347,2026-07-30,0.038849838,-0.0342062,0.02145137,0.0264929,1.810981
8499,2026-07-30,0.04987084,-0.010676832,0.02777502,0.028009543,1.7954639
6143,2026-07-30,0.032191124,-0.07814265,0.017964652,0.01901148,1.7918149
1471,2026-07-30,0.027856203,0.04150926,0.015610353,0.022597395,1.7843554
1301,2026-07-30,0.0274871,-0.011040049,0.015590511,0.018234223,1.7629528
3045,2026-07-30,0.03500386,0.074298814,0.019985985,0.01687296,1.7513326
6154,2026-07-30,0.028049322,-0.025949288,0.01602583,0.017817331,1.7501478
3710,2026-07-30,0.036484055,-0.053318992,0.02088471,0.023559712,1.746843
1708,2026-07-30,0.04282485,0.0060368553,0.024853133,0.020437708,1.7230474
4923,2026-07-30,0.042798985,-0.043905005,0.025075665,0.02310267,1.7067256
6643,2026-07-30,0.030289443,-0.009864778,0.018002605,0.019980203,1.6824099
4949,2026-07-30,0.03721035,-0.05027879,0.02228407,0.02245079,1.6697434
3167,2026-07-30,0.02861942,-0.062287655,0.017141437,0.014500806,1.669507
8032,2026-07-30,0.044354122,0.008828193,0.026656553,0.02980336,1.6638482
3563,2026-07-30,0.03013926,-0.058999278,0.018137567,0.016924556,1.6616119
8435,2026-07-30,0.053069822,0.018614734,0.032120507,0.0358044,1.6521586
3691,2026-07-30,0.03362606,-0.058551125,0.020363387,0.027093567,1.6512189
3213,2026-07-30,0.031312548,-0.036992922,0.019253565,0.020904781,1.6262401
8040,2026-07-30,0.03047547,-0.08313346,0.019170336,0.016477153,1.5896372
1229,2026-07-30,0.031140717,0.07540618,0.019639442,0.022192253,1.5855405
3059,2026-07-30,0.027810076,-0.013615384,0.017545458,0.019793462,1.5849396
1456,2026-07-30,0.018573157,-0.052504513,0.011762996,0.015071919,1.5788136
4722,2026-07-30,0.036757633,-0.06350241,0.023437925,0.020221917,1.5682304
3512,2026-07-30,0.03833886,0.050703023,0.02454125,0.022903293,1.5621575
1591,2026-07-30,0.060390126,0.119192235,0.038969353,0.055378996,1.5496428
7751,2026-07-30,0.022382,-0.03890628,0.014453411,0.021019895,1.5484546
4533,2026-07-30,0.0278191,-0.09762533,0.018031491,0.021583276,1.5427209
1735,2026-07-30,0.02997646,-0.038267277,0.01966088,0.020129293,1.5245978
2413,2026-07-30,0.017962778,-0.082551956,0.011992452,0.0144954445,1.4977155
6188,2026-07-30,0.025640888,-0.06093412,0.017138494,0.020227578,1.496012
2415,2026-07-30,0.020979254,-0.029299855,0.014027337,0.016257297,1.4954911
2324,2026-07-30,0.022396298,0.039595585,0.015152893,0.016826345,1.4779238
3339,2026-07-30,0.029560138,-0.11842321,0.020190597,0.021170793,1.4639821
1815,2026-07-30,0.030781817,-0.12718116,0.02117689,0.023320364,1.4534883
5525,2026-07-30,0.03912429,0.068024665,0.027451541,0.028913692,1.425161
2491,2026-07-30,0.03242253,-0.023178976,0.023530133,0.023283754,1.3778567
2637,2026-07-30,0.025118787,0.07894196,0.0183627,0.022672998,1.3678501
6189,2026-07-30,0.017193578,-0.025014754,0.0126126995,0.014234741,1.3630877
3152,2026-07-30,0.024031218,-0.10456537,0.017998217,0.019722095,1.3351258
5289,2026-07-30,0.025400154,-0.1124721,0.019285902,0.019618206,1.3169639
2314,2026-07-30,0.02522316,-0.0141985295,0.019421345,0.019361408,1.2986671
1802,2026-07-30,0.03664269,-0.075911745,0.028233767,0.021537118,1.2977861
6146,2026-07-30,0.02139596,-0.022079695,0.01676336,0.017650655,1.2762767
2412,2026-07-30,0.018962039,0.09088615,0.014907613,0.0165156,1.2718848
2887,2026-07-30,0.020078925,0.09008112,0.015899247,0.017411906,1.2628059
4906,2026-07-30,0.017814765,-0.13643566,0.014269503,0.018656151,1.2483628
3714,2026-07-30,0.027538167,-0.054715753,0.02207598,0.028784523,1.2473701
3675,2026-07-30,0.023780072,-0.11300759,0.019091642,0.022651497,1.2455097
2855,2026-07-30,0.019894285,0.047444306,0.016058061,0.016370745,1.23882
3663,2026-07-30,0.02428255,-0.12066922,0.020307183,0.023449697,1.1957027
4741,2026-07-30,0.016076783,-0.10651542,0.01400125,0.022471491,1.148157
8438,2026-07-30,0.023489593,-0.10246951,0.020690124,0.025776038,1.1352496
4807,2026-07-30,0.028498722,0.0167158,0.02547169,0.026759613,1.1187952
2419,2026-07-30,0.018272072,-0.07346323,0.016342869,0.0152608985,1.1179771
1710,2026-07-30,0.023372313,-0.05586869,0.02124488,0.018303834,1.1000868
6829,2026-07-30,0.01863422,-0.04014,0.0169398,0.018310912,1.099961
3390,2026-07-30,0.015479555,-0.0712853,0.01447672,0.016827699,1.0691984
6412,2026-07-30,0.016896002,0.0036891343,0.015802877,0.017569153,1.0691049
3528,2026-07-30,0.013302142,-0.040818695,0.01259865,0.011616329,1.0557549
1539,2026-07-30,0.014313533,0.01040093,0.013727053,0.015590267,1.0426484
2301,2026-07-30,0.017221343,0.0440873,0.016758345,0.017691217,1.0275666
3257,2026-07-30,0.022524707,-0.06964841,0.022076566,0.021067748,1.0202532
5392,2026-07-30,0.024874782,-0.11136575,0.024476254,0.03000265,1.0162407
6944,2026-07-30,0.019900901,-0.05115343,0.019608252,0.01944343,1.014873
4939,2026-07-30,0.032605246,-0.14756441,0.032145333,0.039615855,1.0142758
2444,2026-07-30,0.0124485195,-0.073513985,0.012553644,0.015892358,0.9915469
5302,2026-07-30,0.021170473,-0.035164256,0.021437243,0.027268045,0.98750967
8048,2026-07-30,0.016163494,-0.09674541,0.016618093,0.0216287,0.9725858
2908,2026-07-30,0.013967367,0.03664183,0.014756308,0.017642193,0.94647115
3026,2026-07-30,0.016330387,-0.07378898,0.017333664,0.012168556,0.9420654
2363,2026-07-30,0.024117174,-0.07252193,0.02576155,0.03049794,0.93613297
1776,2026-07-30,0.016627043,-0.01685298,0.017975757,0.018376421,0.92491895
6179,2026-07-30,0.02017401,-0.010116976,0.022115478,0.02058711,0.91217095
4555,2026-07-30,0.012455086,-0.036170606,0.013742171,0.016790656,0.9062745
3438,2026-07-30,0.017421525,-0.08174526,0.019428788,0.023134533,0.89664
6147,2026-07-30,0.016789965,-0.11001667,0.019408315,0.029009411,0.86504674
2912,2026-07-30,0.030572116,0.11177295,0.035662785,0.03526787,0.85723144
3276,2026-07-30,0.01189659,0.023831796,0.014004303,0.01765555,0.8494346
3551,2026-07-30,0.01506566,-0.12955883,0.01780288,0.01648848,0.84620094
6727,2026-07-30,0.017308779,-0.07924442,0.020831084,0.017348247,0.8308712
2356,2026-07-30,0.013778152,0.021327127,0.016764563,0.020211184,0.8218127
6120,2026-07-30,0.013785877,-0.07764184,0.017186888,0.020309264,0.8020693
6020,2026-07-30,0.019879539,0.055418,0.025468351,0.02921032,0.7805279
4749,2026-07-30,0.009275204,-0.039808083,0.012045974,0.013062265,0.76991975
2606,2026-07-30,0.012084661,0.044598747,0.016750716,0.019255113,0.7213984
6263,2026-07-30,0.014339195,-0.037264545,0.020069012,0.019020163,0.71445864
6282,2026-07-30,0.011044749,-0.1325326,0.015495906,0.020562464,0.71270674
2442,2026-07-30,0.009975829,-0.0163618,0.014192167,0.017683106,0.70286137
8109,2026-07-30,0.010936365,-0.054706145,0.015697412,0.01744418,0.69665426
4952,2026-07-30,0.012898252,-0.064239286,0.01871944,0.020193486,0.688993
3228,2026-07-30,0.0126095535,-0.019670947,0.018558254,0.01946754,0.6794213
7715,2026-07-30,0.012202893,-0.073879175,0.018056685,0.021932391,0.67577285
3531,2026-07-30,0.012963001,-0.014814929,0.019446537,0.021102149,0.6665626
3095,2026-07-30,0.010834151,-0.10029758,0.01745706,0.017986655,0.62058157
6753,2026-07-30,0.017338939,-0.10549421,0.028162371,0.026385862,0.61565566
2497,2026-07-30,0.015657753,-0.060130652,0.025755828,0.02674895,0.6079069
3556,2026-07-30,0.010167835,-0.043857224,0.016826747,0.018389938,0.60423034
5432,2026-07-30,0.006677829,-0.08443551,0.011456883,0.011524023,0.5828153
1906,2026-07-30,0.013317172,0.029004503,0.023853661,0.020827591,0.5582629
3122,2026-07-30,0.008915991,-0.073530756,0.016085396,0.017986802,0.55425656
6160,2026-07-30,0.010843007,-0.043666307,0.019876776,0.0141643165,0.5454839
6768,2026-07-30,0.020239929,0.012722435,0.03725744,0.030744512,0.5432307
2417,2026-07-30,0.008043183,-0.08025152,0.0152661335,0.012696242,0.52682996
4133,2026-07-30,0.010418475,-0.0076545277,0.020332463,0.019773224,0.5123807
2466,2026-07-30,0.008887595,-0.016943661,0.017783541,0.021085324,0.49973705
2354,2026-07-30,0.0066326866,0.005482436,0.013403325,0.018686462,0.49481687
6277,2026-07-30,0.007008563,-0.011496379,0.014640441,0.014637569,0.47867984
2347,2026-07-30,0.007921602,-0.0080790855,0.016880745,0.020328483,0.46924067
5483,2026-07-30,0.0058523836,-0.109572604,0.015193829,0.018821716,0.38515624
5878,2026-07-30,0.007969186,0.0054446557,0.02120282,0.023979459,0.37583727
4933,2026-07-30,0.0041274866,-0.08486689,0.011093082,0.016460432,0.372044
3221,2026-07-30,0.013612789,-0.108867645,0.036929645,0.040467203,0.36860418
6605,2026-07-30,0.0043075015,-0.0045813546,0.01170067,0.013177048,0.36810997
6667,2026-07-30,0.0031863363,-0.08199655,0.009863786,0.012056794,0.32300103
3567,2026-07-30,0.0050288234,-0.102193356,0.015576288,0.021774122,0.32283047
9802,2026-07-30,0.014135176,0.025507502,0.044406187,0.041951388,0.31830832
4416,2026-07-30,0.00729696,-0.06221837,0.023221502,0.02815798,0.31421936
8183,2026-07-30,0.0038518915,-0.121888146,0.012987235,0.01585199,0.29656774
5353,2026-07-30,0.0041638664,-0.057744514,0.0141601395,0.01797168,0.2940347
3372,2026-07-30,0.0042289547,-0.09740305,0.015044766,0.017485943,0.28107274
3388,2026-07-30,0.0042945016,-0.08848796,0.01862815,0.019512124,0.2305259
5488,2026-07-30,0.0049188007,-0.009209237,0.022704497,0.023713531,0.2166348
8121,2026-07-30,0.0034618515,-0.070459485,0.01675205,0.017833816,0.20664008
6264,2026-07-30,0.0048412294,0.0065785944,0.031530358,0.032429595,0.15353699
6235,2026-07-30,0.0026234998,-0.1212477,0.017444095,0.02106902,0.15038611
1305,2026-07-30,0.002495132,-0.06923757,0.01736416,0.019823382,0.14368609
3230,2026-07-30,0.002894738,-0.09934675,0.021784687,0.02478938,0.13287339
6191,2026-07-30,0.002805488,-0.09471014,0.021815015,0.023112282,0.12859763
8466,2026-07-30,0.004806618,-0.017746767,0.037899446,0.037270106,0.12682222
6151,2026-07-30,0.0016974591,-0.093259126,0.0142617505,0.015320402,0.11901345
4995,2026-07-30,0.0021083353,-0.008463979,0.018469648,0.01829269,0.11414517
1342,2026-07-30,0.0010321081,0.025952587,0.01914433,0.021469964,0.05390913
2440,2026-07-30,0.00069213135,-0.07694634,0.014788728,0.01807399,0.04679811
3483,2026-07-30,0.0007153203,-0.09507821,0.016107066,0.018038977,0.044407584
2027,2026-07-30,0.0005641024,0.08709908,0.014574117,0.014048802,0.03870311
1611,2026-07-30,0.0004725059,0.028622067,0.022405697,0.022199938,0.021087708
2420,2026-07-30,-0.0003467363,-0.048876468,0.016140524,0.020752095,-0.021481015
3042,2026-07-30,-0.000647263,-0.08167987,0.023957489,0.023261929,-0.02701602
2535,2026-07-30,-0.0009421853,0.04250293,0.02171246,0.019082664,-0.04339176
3499,2026-07-30,-0.00065870903,-0.08203081,0.014567447,0.019598188,-0.045214772
6171,2026-07-30,-0.0010394654,0.05497135,0.022934815,0.02829249,-0.045320623
0053,2026-07-30,-0.0009313511,-0.07573798,0.01585592,0.016202014,-0.058734678
2615,2026-07-30,-0.0017678615,0.03954826,0.020217525,0.016963853,-0.08743771
3630,2026-07-30,-0.0016763478,-0.08302655,0.016240263,0.0211249,-0.10321536
4772,2026-07-30,-0.0023009921,-0.089691326,0.021446966,0.025535308,-0.107282534
2850,2026-07-30,-0.0014958761,0.06097704,0.0123837,0.014953095,-0.1207842
3591,2026-07-30,-0.0032797127,-0.13838866,0.0202045,0.026430516,-0.16231783
0056,2026-07-30,-0.0027836745,-0.026133144,0.014899575,0.017421747,-0.18681657
3611,2026-07-30,-0.0027606774,-0.06715252,0.014168654,0.018833945,-0.19483025
6438,2026-07-30,-0.0038129163,-0.17487048,0.017316762,0.016195267,-0.22017373
5533,2026-07-30,-0.004992734,0.026135076,0.020721601,0.02186879,-0.24093182
2718,2026-07-30,-0.004090748,-0.053821392,0.016631857,0.01689976,-0.24594378
4720,2026-07-30,-0.0055778595,-0.10323969,0.02266844,0.02032473,-0.24605192
2429,2026-07-30,-0.0058488413,-0.04699796,0.023333209,0.023279615,-0.25065523
2302,2026-07-30,-0.008473447,-0.083748326,0.032727525,0.031344526,-0.25890097
6109,2026-07-30,-0.004323319,-0.08165026,0.014717278,0.01795631,-0.2937381
3494,2026-07-30,-0.005352625,-0.046076957,0.01739627,0.018171048,-0.3076704
9904,2026-07-30,-0.0031269018,0.045017622,0.009962884,0.0141509995,-0.31382358
8255,2026-07-30,-0.007307437,-0.09982014,0.022574276,0.022187028,-0.32369202
4739,2026-07-30,-0.006925809,-0.12600641,0.021117488,0.022039078,-0.32795006
2937,2026-07-30,-0.006275319,-0.049071915,0.018955972,0.019652683,-0.3310296
2506,2026-07-30,-0.007251487,0.07015028,0.021720387,0.024831168,-0.33384088
6512,2026-07-30,-0.005573812,-0.08479228,0.016018122,0.013878903,-0.3479474
8424,2026-07-30,-0.00774848,-0.026379006,0.02072593,0.024261745,-0.37383634
2462,2026-07-30,-0.0045946767,-0.05221026,0.011949927,0.011128003,-0.38446194
4768,2026-07-30,-0.013473134,-0.11140741,0.0334917,0.032421116,-0.40227076
3577,2026-07-30,-0.016758477,-0.12573303,0.041430544,0.04381145,-0.40448597
5386,2026-07-30,-0.009815456,-0.12790453,0.024033608,0.023966545,-0.40838844
8926,2026-07-30,-0.008752415,0.008482593,0.021030849,0.024901198,-0.4161505
2536,2026-07-30,-0.006097604,0.0048303124,0.014395746,0.017978879,-0.4235404
5301,2026-07-30,-0.007864763,-0.093422435,0.018257335,0.01657221,-0.43074918
6651,2026-07-30,-0.0056407074,-0.055260777,0.011847837,0.016847966,-0.47605577
9105,2026-07-30,-0.0098263705,-0.093055174,0.020479502,0.019726988,-0.4797915
3515,2026-07-30,-0.0064684604,-0.07006781,0.012902538,0.0116297975,-0.50129354
6220,2026-07-30,-0.008658596,-0.09726725,0.01621194,0.01871488,-0.53405464
1310,2026-07-30,-0.018281333,-0.14811447,0.03335735,0.031233888,-0.54802877
4552,2026-07-30,-0.007946539,-0.027038164,0.013868526,0.018278273,-0.5729496
5269,2026-07-30,-0.008701823,-0.034623843,0.014415986,0.017558683,-0.60358125
7709,2026-07-30,-0.009367306,-0.052551817,0.015393852,0.014576761,-0.60846996
6869,2026-07-30,-0.0152505655,-0.014756472,0.02453469,0.020018335,-0.6215666
4909,2026-07-30,-0.009727101,-0.16546847,0.015618542,0.023390748,-0.62275195
7704,2026-07-30,-0.011378566,-0.08582786,0.0181439,0.018879205,-0.62709445
6265,2026-07-30,-0.03484222,-0.15262556,0.049598128,0.05426946,-0.7024765
2353,2026-07-30,-0.010093093,-0.0076848865,0.013990643,0.016721182,-0.72136575
6411,2026-07-30,-0.009454274,-0.09910893,0.012656534,0.01494632,-0.7469285
2645,2026-07-30,-0.012747947,0.0060520014,0.016897628,0.019144284,-0.7543776
6861,2026-07-30,-0.011976635,-0.12025232,0.015480523,0.019868067,-0.7736083
8091,2026-07-30,-0.014247482,-0.10295763,0.01830192,0.01679126,-0.7784267
2409,2026-07-30,-0.011600673,-0.1341827,0.014769811,0.017487494,-0.7853782
6163,2026-07-30,-0.026919674,-0.28165573,0.034214135,0.037868116,-0.78677684
0061,2026-07-30,-0.01587789,-0.021647912,0.019713826,0.022323368,-0.8053781
6885,2026-07-30,-0.018936962,-0.05219971,0.023464821,0.027993571,-0.8070019
6782,2026-07-30,-0.011611334,-0.09873675,0.0142806545,0.017240983,-0.8130244
6855,2026-07-30,-0.011757776,-0.09427536,0.014437999,0.013759553,-0.81430686
2365,2026-07-30,-0.011792636,-0.13374785,0.014460232,0.015564699,-0.81546545
6228,2026-07-30,-0.016680218,-0.11362202,0.02018823,0.020008242,-0.8261939
8038,2026-07-30,-0.017576,-0.17467934,0.020488953,0.025451116,-0.85778624
3324,2026-07-30,-0.016741386,-0.10429796,0.018844867,0.02303703,-0.88833195
6472,2026-07-30,-0.015928261,-0.018485332,0.017915206,0.018901242,-0.8890421
2911,2026-07-30,-0.010702859,-0.07448025,0.0119775655,0.016068429,-0.89350086
1717,2026-07-30,-0.016000997,-0.1214414,0.017815003,0.02100046,-0.89812493
5534,2026-07-30,-0.026070822,0.037256107,0.028821168,0.030696843,-0.9045406
3081,2026-07-30,-0.0141571285,-0.06924733,0.015628474,0.021435313,-0.9057969
1817,2026-07-30,-0.017272204,-0.0072649056,0.018979207,0.02325891,-0.91001135
2618,2026-07-30,-0.015538102,0.042583432,0.016987275,0.014603885,-0.9146368
2885,2026-07-30,-0.021418313,-0.013068982,0.023165274,0.021072043,-0.92454714
4744,2026-07-30,-0.01860893,-0.074417084,0.019596122,0.019428983,-0.9495746
6192,2026-07-30,-0.014823919,-0.052303243,0.015469977,0.017361037,-0.958176
2465,2026-07-30,-0.026255075,-0.109491825,0.026993046,0.035664774,-0.97262466
3321,2026-07-30,-0.019615527,-0.041733526,0.020046685,0.020426685,-0.9784435
3141,2026-07-30,-0.014625255,-0.12411454,0.014880615,0.022158435,-0.98277336
8227,2026-07-30,-0.018551052,-0.15626077,0.018869117,0.017103298,-0.9830915
8111,2026-07-30,-0.033499166,-0.25108767,0.033394676,0.0404903,-1.003099
2548,2026-07-30,-0.026821977,-0.058498375,0.02593164,0.026181528,-1.0342941
1805,2026-07-30,-0.031015586,-0.029396815,0.029672656,0.035958927,-1.0452229
8210,2026-07-30,-0.0160528,-0.08402347,0.015281709,0.01009297,-1.0503896
2542,2026-07-30,-0.02812525,0.03770883,0.026756022,0.03813657,-1.0511353
3013,2026-07-30,-0.022051454,-0.14566752,0.020744357,0.019938579,-1.0629585
1309,2026-07-30,-0.025276637,-0.14580044,0.023758985,0.028202815,-1.0638322
2102,2026-07-30,-0.017277492,-0.05054184,0.016113643,0.019333823,-1.0721611
6716,2026-07-30,-0.015343219,-0.1127995,0.013956336,0.018180592,-1.0992942
4968,2026-07-30,-0.016797494,-0.15926649,0.015186715,0.019373788,-1.1059922
3521,2026-07-30,-0.031671062,-0.040430967,0.027978359,0.026905226,-1.1319438
2377,2026-07-30,-0.021860695,-0.014681833,0.019223137,0.025156125,-1.1371483
9906,2026-07-30,-0.018130623,-0.067522995,0.015900197,0.021267435,-1.1402049
9944,2026-07-30,-0.020040967,0.010238105,0.017562414,0.015050164,-1.1410633
6209,2026-07-30,-0.02270794,-0.12727636,0.01967309,0.024651637,-1.1542053
0055,2026-07-30,-0.022992458,0.006058715,0.019878512,0.020434802,-1.1565907
5543,2026-07-30,-0.022878373,-0.027178109,0.019685844,0.02507591,-1.1621149
5244,2026-07-30,-0.016043758,-0.11856356,0.013771502,0.018826723,-1.1649123
8234,2026-07-30,-0.02391154,-0.16528532,0.020376727,0.02689699,-1.1734154
2539,2026-07-30,-0.026424905,0.007638313,0.022173135,0.03198158,-1.1916995
2610,2026-07-30,-0.016210089,0.05235577,0.0135013,0.016655598,-1.2005428
6477,2026-07-30,-0.03300291,-0.09550131,0.02733129,0.030651718,-1.2074696
3284,2026-07-30,-0.025823986,-0.061887328,0.021103282,0.021835139,-1.2236373
3135,2026-07-30,-0.020684483,-0.077084176,0.016509498,0.01261497,-1.252808
3035,2026-07-30,-0.02793705,-0.044705067,0.0221618,0.025723739,-1.260538
2546,2026-07-30,-0.02166852,-0.008165826,0.017107485,0.01850897,-1.2665365
9910,2026-07-30,-0.024070857,-0.01209244,0.018801583,0.020013375,-1.2801888
3686,2026-07-30,-0.023477662,-0.13676791,0.018314427,0.021121798,-1.2818518
4588,2026-07-30,-0.02539796,-0.09111676,0.019746443,0.020400768,-1.2861391
2380,2026-07-30,-0.021172594,-0.08453774,0.016306411,0.018779663,-1.2983418
6957,2026-07-30,-0.03362222,-0.054323576,0.025030127,0.021762744,-1.3432164
6552,2026-07-30,-0.02656138,-0.10063629,0.019643836,0.02855665,-1.3520795
2547,2026-07-30,-0.029858354,0.04078154,0.022025809,0.020865776,-1.3555461
5403,2026-07-30,-0.021819038,-0.055067126,0.015965272,0.018738903,-1.3665706
2459,2026-07-30,-0.029654797,-0.03312318,0.021442441,0.02128966,-1.3829309
3050,2026-07-30,-0.02282187,-0.06867782,0.016413784,0.016956907,-1.3903241
4924,2026-07-30,-0.02329671,-0.10489764,0.016605567,0.016804932,-1.4028612
6114,2026-07-30,-0.025434716,-0.1443024,0.018028075,0.017601151,-1.410761
4503,2026-07-30,-0.01779632,-0.14415576,0.0125529375,0.016649665,-1.4175887
3419,2026-07-30,-0.021414587,-0.096318215,0.015102404,0.018689223,-1.4178649
3060,2026-07-30,-0.022476852,-0.17969306,0.01556455,0.022331757,-1.4440128
4967,2026-07-30,-0.024594774,-0.12485555,0.016959563,0.023006298,-1.4501154
2890,2026-07-30,-0.02125185,0.019060433,0.014533442,0.017159507,-1.4621717
4305,2026-07-30,-0.023256361,-0.043137066,0.015878558,0.017745921,-1.4645472
3362,2026-07-30,-0.030008642,-0.07012451,0.020136345,0.017873606,-1.4901985
2392,2026-07-30,-0.01970355,-0.03961406,0.013213408,0.014123235,-1.4910656
3049,2026-07-30,-0.027871946,-0.11044644,0.018686097,0.02531403,-1.4915075
3349,2026-07-30,-0.033160865,-0.09473387,0.022210967,0.02341471,-1.4929279
6988,2026-07-30,-0.022154814,-0.052868232,0.014771409,0.016587522,-1.4997427
7547,2026-07-30,-0.020080034,-0.14859739,0.013270041,0.014404009,-1.5130714
3576,2026-07-30,-0.024311487,-0.057992164,0.01600416,0.015793111,-1.518978
8071,2026-07-30,-0.03677414,-0.13330786,0.024181638,0.022636414,-1.5206835
8215,2026-07-30,-0.027108546,-0.103238486,0.017736303,0.019321514,-1.5283353
8284,2026-07-30,-0.019748032,-0.0741643,0.012800166,0.019216914,-1.5426744
2727,2026-07-30,-0.030745354,-0.024776522,0.019698841,0.016913915,-1.5606904
4558,2026-07-30,-0.023322066,-0.08323158,0.014917508,0.015985895,-1.5632975
3652,2026-07-30,-0.02243315,-0.06198241,0.014182587,0.017889958,-1.5816274
4951,2026-07-30,-0.028728513,-0.17263557,0.01813557,0.02388556,-1.5840102
5291,2026-07-30,-0.029576467,-0.18962492,0.018424833,0.018026369,-1.6051631
2527,2026-07-30,-0.07050889,-0.106613636,0.04383414,0.06614513,-1.6085017
4904,2026-07-30,-0.02364681,0.058895383,0.014672808,0.016218726,-1.6114978
6498,2026-07-30,-0.027739445,-0.1478859,0.017016916,0.015805934,-1.6300142
4550,2026-07-30,-0.029211191,-0.037106145,0.017914912,0.018608047,-1.6304607
6170,2026-07-30,-0.026636204,-0.03976902,0.016033897,0.019054666,-1.6611396
6844,2026-07-30,-0.039030664,-0.022202397,0.023343379,0.024866365,-1.6719513
5871,2026-07-30,-0.035457037,0.043753687,0.021102443,0.026151804,-1.6801541
3025,2026-07-30,-0.029332062,-0.13320853,0.017190233,0.018742053,-1.7062222
1777,2026-07-30,-0.020141888,-0.027835505,0.011753568,0.01229444,-1.713537
6488,2026-07-30,-0.029642772,-0.1211809,0.017199133,0.014558307,-1.7234037
7734,2026-07-30,-0.027962944,-0.096608885,0.016194284,0.016009072,-1.7266102
6176,2026-07-30,-0.026454039,-0.023176374,0.015167621,0.015571072,-1.7439976
6894,2026-07-30,-0.03236975,-0.15394147,0.018134281,0.019511104,-1.7849048
3332,2026-07-30,-0.030500945,-0.09603785,0.016925855,0.018634245,-1.8019263
3285,2026-07-30,-0.02988404,-0.07727081,0.016528895,0.019239169,-1.8078784
1514,2026-07-30,-0.032945633,-0.053641398,0.018009705,0.022060407,-1.829225
6732,2026-07-30,-0.03678276,-0.16841072,0.020106757,0.02516943,-1.829282
4542,2026-07-30,-0.05567696,-0.19183467,0.030290741,0.031345736,-1.8380244
2312,2026-07-30,-0.04320213,-0.18655796,0.023451105,0.019350287,-1.8421429
3051,2026-07-30,-0.027272543,-0.12342274,0.0147542395,0.021125462,-1.8483294
2243,2026-07-30,-0.039640673,-0.059893873,0.021340435,0.022907209,-1.8574511
6113,2026-07-30,-0.030755913,-0.11939078,0.016523521,0.02335803,-1.8612286
6177,2026-07-30,-0.039511703,-0.07298778,0.021055149,0.02304085,-1.8764924
2882,2026-07-30,-0.025598736,0.017698653,0.013625926,0.012811579,-1.8785408
3303,2026-07-30,-0.031745065,-0.07003435,0.016886272,0.020650078,-1.879822
8932,2026-07-30,-0.07155791,-0.13074473,0.038050346,0.03370485,-1.880562
6266,2026-07-30,-0.034599144,-0.10823072,0.018305868,0.021331795,-1.8899543
3516,2026-07-30,-0.025020126,-0.07769459,0.013158215,0.014830209,-1.9013387
4576,2026-07-30,-0.026067693,-0.07258108,0.013572174,0.015606499,-1.9205303
3272,2026-07-30,-0.036721382,-0.14337829,0.018960323,0.023446705,-1.9366466
9110,2026-07-30,-0.04466878,-0.101692915,0.022998825,0.025095377,-1.9421356
3078,2026-07-30,-0.027929744,-0.07493235,0.01427835,0.01590357,-1.9559534
5299,2026-07-30,-0.04887564,-0.08765037,0.024757242,0.019382264,-1.974116
3693,2026-07-30,-0.042884752,-0.11392772,0.02133924,0.021745719,-2.0095723
3545,2026-07-30,-0.04185675,-0.07176064,0.020780273,0.019357305,-2.0141573
1409,2026-07-30,-0.0588866,-0.2169167,0.029177709,0.027562514,-2.0181358
4167,2026-07-30,-0.03775483,-0.0584381,0.018679855,0.01810226,-2.021044
2892,2026-07-30,-0.03444103,0.0058608963,0.016828083,0.015429884,-2.0465186
6588,2026-07-30,-0.05383345,-0.24727486,0.026183957,0.03449988,-2.0558922
1722,2026-07-30,-0.030489933,0.010447667,0.014816994,0.013023379,-2.0576289
6116,2026-07-30,-0.052227084,-0.18989049,0.02521818,0.027575243,-2.0709271
3702,2026-07-30,-0.049890447,-0.011758672,0.024067925,0.021584827,-2.0728157
1737,2026-07-30,-0.03554624,-0.013385195,0.0170915,0.018335259,-2.0796397
6658,2026-07-30,-0.036862087,-0.09179088,0.017647775,0.019689701,-2.0886483
2812,2026-07-30,-0.034176446,0.067262694,0.016315725,0.01975316,-2.0945654
1477,2026-07-30,-0.034176305,-0.03095297,0.01603697,0.018003361,-2.130962
1570,2026-07-30,-0.035970945,-0.111493915,0.0167766,0.02082482,-2.1439862
1569,2026-07-30,-0.04608555,-0.1863493,0.02145707,0.02673639,-2.1477025
2433,2026-07-30,-0.0412273,-0.04911869,0.019123957,0.020003764,-2.1556807
4966,2026-07-30,-0.021096962,-0.099205635,0.009763659,0.01318866,-2.1605425
4529,2026-07-30,-0.043470573,-0.06334732,0.020028625,0.018242994,-2.1703138
6875,2026-07-30,-0.08210602,-0.14715518,0.037761074,0.036175776,-2.1742985
2006,2026-07-30,-0.038215455,0.035982296,0.017518027,0.01720861,-2.1813686
1319,2026-07-30,-0.030154081,-0.0417778,0.013805652,0.015981976,-2.1840255
3036,2026-07-30,-0.040206153,-0.07924811,0.018362463,0.023253635,-2.1894646
3268,2026-07-30,-0.038235776,-0.110422134,0.017358467,0.018829137,-2.2025893
6558,2026-07-30,-0.04601534,-0.15728101,0.020817991,0.022802958,-2.210258
3323,2026-07-30,-0.043385163,-0.15639551,0.019338138,0.02051193,-2.2433865
2438,2026-07-30,-0.038592856,-0.13721114,0.017124046,0.020664366,-2.2535913
2067,2026-07-30,-0.0396056,-0.08754215,0.017491234,0.0196482,-2.2641819
4564,2026-07-30,-0.041517336,-0.13769232,0.018289695,0.02091375,-2.269861
8067,2026-07-30,-0.03961647,-0.09837498,0.01744893,0.020902745,-2.270294
5903,2026-07-30,-0.03828958,-0.0017923177,0.016844768,0.02358751,-2.2729495
2762,2026-07-30,-0.04755985,-0.04329771,0.020755948,0.017526627,-2.2912736
4543,2026-07-30,-0.04141979,-0.13116257,0.017781302,0.017153421,-2.3292704
3178,2026-07-30,-0.04153103,-0.15403824,0.017806694,0.021801922,-2.3321958
6863,2026-07-30,-0.04434131,-0.071317956,0.018963339,0.021452492,-2.3381417
6161,2026-07-30,-0.044563606,-0.1626188,0.018970467,0.021183614,-2.3489804
1336,2026-07-30,-0.042165376,-0.089532994,0.01785399,0.018412428,-2.3615458
1434,2026-07-30,-0.045454808,-0.0023510843,0.019225433,0.018014899,-2.364183
6661,2026-07-30,-0.037492085,-0.03383719,0.015698954,0.021058291,-2.3880377
3441,2026-07-30,-0.05266098,-0.18440132,0.021808386,0.030593118,-2.4146016
9960,2026-07-30,-0.033329044,-0.068952434,0.013729619,0.016815232,-2.427352
1568,2026-07-30,-0.050044645,-0.09862949,0.020581465,0.019923925,-2.4314213
5230,2026-07-30,-0.038895417,-0.13848637,0.015971519,0.019734647,-2.435146
6556,2026-07-30,-0.04398582,-0.09944693,0.017990641,0.01977691,-2.444792
4510,2026-07-30,-0.053451374,-0.20902218,0.02174057,0.028264005,-2.4584873
4942,2026-07-30,-0.0395094,-0.052729487,0.01606062,0.015606906,-2.459864
4541,2026-07-30,-0.049977813,-0.0947855,0.020287804,0.024825158,-2.4633198
2838,2026-07-30,-0.034898605,0.028221158,0.014142939,0.010875248,-2.4673893
1713,2026-07-30,-0.05396885,-0.071475655,0.021848252,0.02299987,-2.4700549
7721,2026-07-30,-0.07006295,-0.25151405,0.028124368,0.031580593,-2.4910946
2726,2026-07-30,-0.054683506,-0.09974052,0.02184818,0.024109919,-2.5027716
6533,2026-07-30,-0.051486317,-0.13938859,0.020541232,0.021718392,-2.5063643
3147,2026-07-30,-0.048804425,-0.13964996,0.01937497,0.022284811,-2.518812
7705,2026-07-30,-0.066881806,-0.14535859,0.026443684,0.027933212,-2.529121
5223,2026-07-30,-0.04724164,-0.0881927,0.018344112,0.018107751,-2.5751622
9958,2026-07-30,-0.031894512,-0.044638906,0.012288548,0.013663508,-2.5952551
8110,2026-07-30,-0.08034479,-0.2493404,0.03084307,0.032078844,-2.6048698
1402,2026-07-30,-0.03840232,0.0027413652,0.014723958,0.012612468,-2.6079745
2115,2026-07-30,-0.04847042,-0.03220989,0.018400118,0.016815785,-2.6341019
8147,2026-07-30,-0.044847567,-0.16953637,0.017014058,0.022009833,-2.6357574
7703,2026-07-30,-0.04063542,-0.18262707,0.015247231,0.017970841,-2.6649265
4527,2026-07-30,-0.02551494,-0.057259407,0.009541973,0.01356185,-2.673689
5009,2026-07-30,-0.05831774,-0.069086805,0.021789383,0.023688117,-2.6763062
3188,2026-07-30,-0.059285913,-0.07604885,0.02209465,0.033469595,-2.6831486
6196,2026-07-30,-0.037300866,-0.018211102,0.0139005,0.011140214,-2.6832259
4953,2026-07-30,-0.036601286,-0.102561556,0.013570956,0.015579131,-2.696832
4532,2026-07-30,-0.037998095,-0.04330636,0.0138543425,0.01801562,-2.742487
1730,2026-07-30,-0.05385413,-0.06788154,0.01941156,0.01782013,-2.77419
2480,2026-07-30,-0.05191744,-0.04268237,0.018685741,0.017188355,-2.7783036
5516,2026-07-30,-0.06939039,-0.10659567,0.024868721,0.026363093,-2.7901554
8084,2026-07-30,-0.09033277,-0.113684274,0.03229987,0.03757469,-2.796605
2103,2026-07-30,-0.0670909,-0.07694707,0.023980895,0.02721858,-2.7975645
6692,2026-07-30,-0.052979097,-0.17444962,0.018927079,0.01811901,-2.7989686
5880,2026-07-30,-0.049824256,0.011914144,0.017728023,0.01907654,-2.8103216
5438,2026-07-30,-0.048636477,-0.14056064,0.017260065,0.018900469,-2.8176985
6140,2026-07-30,-0.033278067,-0.11604862,0.011648217,0.012671632,-2.8566782
6233,2026-07-30,-0.058675073,-0.18706413,0.02038675,0.022651017,-2.8779573
6180,2026-07-30,-0.052664433,-0.07593374,0.018286042,0.019910242,-2.879877
4306,2026-07-30,-0.057258356,-0.007991557,0.019879675,0.015252617,-2.8801012
1314,2026-07-30,-0.049765848,-0.09312207,0.017266847,0.02539928,-2.881995
8935,2026-07-30,-0.055278547,-0.09062935,0.019166876,0.019754464,-2.8839161
9912,2026-07-30,-0.049470257,-0.08239815,0.01706439,0.015710995,-2.8988645
2206,2026-07-30,-0.051612154,-0.022754211,0.017772878,0.01676903,-2.9038208
5520,2026-07-30,-0.04598008,-0.057744566,0.015797785,0.018848956,-2.9103556
3150,2026-07-30,-0.04676568,-0.11708661,0.016050154,0.018258033,-2.9135401
5011,2026-07-30,-0.041173466,-0.10385648,0.014035378,0.01636794,-2.9333398
1560,2026-07-30,-0.032912742,-0.014573304,0.0112053165,0.012490674,-2.9369812
4711,2026-07-30,-0.06480763,-0.09695419,0.02200943,0.022901202,-2.9444053
3508,2026-07-30,-0.05673332,-0.14873022,0.019220198,0.02004885,-2.9516017
4556,2026-07-30,-0.07731746,-0.1367062,0.026189506,0.033021264,-2.952118
6606,2026-07-30,-0.052773617,-0.051610064,0.017822525,0.017182603,-2.9608967
9941,2026-07-30,-0.052300684,0.006237884,0.017654598,0.016306818,-2.962272
6276,2026-07-30,-0.05538265,-0.19348855,0.018679248,0.021501346,-2.9647706
2371,2026-07-30,-0.055325698,-0.11923146,0.018640626,0.025859924,-2.9678578
6423,2026-07-30,-0.05191748,-0.1814365,0.017280648,0.022887478,-3.0041971
4120,2026-07-30,-0.06279502,-0.03202352,0.020803038,0.01842207,-3.0184054
2332,2026-07-30,-0.051030204,-0.13512023,0.016853005,0.020374162,-3.027779
6417,2026-07-30,-0.04617745,-0.15592226,0.015224815,0.017190073,-3.0328393
2201,2026-07-30,-0.045510795,-0.021906467,0.015002175,0.012924154,-3.0334108
3672,2026-07-30,-0.057701502,-0.10855906,0.018940065,0.022387113,-3.0463705
7743,2026-07-30,-0.053177867,-0.10513712,0.017307201,0.018383365,-3.0724087
3379,2026-07-30,-0.0585065,-0.20157544,0.018981878,0.021394113,-3.082067
7753,2026-07-30,-0.047800947,-0.16064708,0.0155003695,0.018479763,-3.0836596
6951,2026-07-30,-0.04861261,-0.056609806,0.015714368,0.01580121,-3.0933166
6115,2026-07-30,-0.05184134,-0.026414828,0.016749805,0.020824164,-3.0948567
2374,2026-07-30,-0.049085442,-0.13516612,0.015827524,0.020859675,-3.1010752
1721,2026-07-30,-0.07606213,-0.11840642,0.024514332,0.027903184,-3.102635
8271,2026-07-30,-0.047344625,-0.1673047,0.015209326,0.019156562,-3.1126635
5493,2026-07-30,-0.04533505,-0.1681578,0.014548225,0.020360937,-3.1159768
2066,2026-07-30,-0.05373881,-0.08034075,0.017171916,0.017943153,-3.129277
1437,2026-07-30,-0.07460507,-0.101987265,0.023827637,0.02150399,-3.1308997
8481,2026-07-30,-0.050844945,-0.062073216,0.016211158,0.018190918,-3.136223
6491,2026-07-30,-0.023595823,-0.035281062,0.0074583357,0.010542624,-3.1632607
3287,2026-07-30,-0.042588618,-0.13174988,0.013296101,0.017314367,-3.2028496
3717,2026-07-30,-0.0635266,-0.14895888,0.01982082,0.024965558,-3.2048821
9927,2026-07-30,-0.063976176,-0.09302063,0.019950563,0.016176686,-3.2065747
1527,2026-07-30,-0.05706687,-0.05689109,0.017781796,0.017258668,-3.2091055
5356,2026-07-30,-0.06030925,-0.06535639,0.01879021,0.02356262,-3.2094395
2248,2026-07-30,-0.042993147,-0.055984594,0.013365638,0.019941662,-3.2164516
6703,2026-07-30,-0.05285181,-0.10096852,0.016430676,0.017753832,-3.2164588
2349,2026-07-30,-0.04673348,-0.100568965,0.0144686755,0.018643,-3.229753
4304,2026-07-30,-0.04734028,-0.12172357,0.014641811,0.0184851,-3.2330048
6527,2026-07-30,-0.06267908,-0.10306355,0.019381305,0.023872975,-3.23383
3041,2026-07-30,-0.06649798,-0.1601452,0.020557052,0.020113911,-3.2346442
3219,2026-07-30,-0.06296731,-0.16664125,0.019442232,0.025368636,-3.2385206
2603,2026-07-30,-0.051162757,0.022609223,0.015795771,0.018392064,-3.238811
6416,2026-07-30,-0.0771273,-0.14626433,0.023677057,0.020898577,-3.2573323
2431,2026-07-30,-0.05156805,-0.115571804,0.015828487,0.018867038,-3.257721
6719,2026-07-30,-0.05211388,-0.14655276,0.015958296,0.01736161,-3.2654247
1580,2026-07-30,-0.066835366,-0.06256924,0.020410554,0.017276267,-3.2743888
2511,2026-07-30,-0.05908565,-0.004084406,0.01800557,0.018035047,-3.2813382
6890,2026-07-30,-0.06715683,-0.07897129,0.020463986,0.022226658,-3.2815478
2597,2026-07-30,-0.048405766,-0.04539592,0.014639325,0.016742146,-3.3063312
6165,2026-07-30,-0.07324057,-0.08203435,0.022134092,0.02247196,-3.308799
6698,2026-07-30,-0.05751777,-0.13013706,0.017306019,0.017904414,-3.3233783
2231,2026-07-30,-0.07067815,-0.123497166,0.021261707,0.030023493,-3.324043
9943,2026-07-30,-0.061449267,-0.08143123,0.01844049,0.016062997,-3.3321204
1216,2026-07-30,-0.06138315,0.02348545,0.018322727,0.021646155,-3.3499272
2528,2026-07-30,-0.08083768,-0.06999522,0.023831643,0.025364421,-3.391889
3373,2026-07-30,-0.064876534,-0.1445257,0.019124234,0.023431847,-3.3921955
3306,2026-07-30,-0.06347575,-0.15056077,0.018573526,0.02263249,-3.417355
3046,2026-07-30,-0.072246544,-0.12921722,0.021029836,0.0225201,-3.4352674
3479,2026-07-30,-0.0867082,-0.18279696,0.025156388,0.026350386,-3.4466298
6742,2026-07-30,-0.06218558,-0.1424779,0.01796408,0.021211565,-3.4614697
5292,2026-07-30,-0.061605766,-0.1279301,0.017714413,0.020130971,-3.4775236
8201,2026-07-30,-0.055749085,-0.11014765,0.016028464,0.016221585,-3.4779131
8112,2026-07-30,-0.07337005,-0.11490571,0.021082208,0.013885885,-3.480023
5609,2026-07-30,-0.051079728,-0.0017543115,0.014638483,0.017805327,-3.4891758
2886,2026-07-30,-0.059606392,0.0029693595,0.017014917,0.016687773,-3.5029786
1537,2026-07-30,-0.054132815,-0.036676172,0.015434856,0.015724853,-3.5069528
1264,2026-07-30,-0.06898424,-0.100158386,0.01959347,0.01832503,-3.5205975
6199,2026-07-30,-0.124844804,-0.20171036,0.03525523,0.045158394,-3.5410707
4735,2026-07-30,-0.0824485,-0.09986081,0.02327179,0.02362472,-3.5426993
6585,2026-07-30,-0.060976133,-0.08045564,0.017190263,0.021467414,-3.5469258
6535,2026-07-30,-0.070195295,-0.12045146,0.019733703,0.020693675,-3.5569472
2851,2026-07-30,-0.04964363,0.025063632,0.013907446,0.019047761,-3.5693152
2049,2026-07-30,-0.07697575,-0.059765153,0.02134264,0.020848047,-3.6064956
6226,2026-07-30,-0.0815729,-0.17265545,0.022598883,0.027888544,-3.609439
5371,2026-07-30,-0.08608494,-0.19956811,0.023765959,0.027765417,-3.6220427
2488,2026-07-30,-0.06345028,-0.06181973,0.017510671,0.021575194,-3.6233137
2881,2026-07-30,-0.08242795,-0.044128403,0.022746941,0.020961631,-3.6235344
3346,2026-07-30,-0.05664076,-0.08420358,0.015522984,0.017136022,-3.6485968
5345,2026-07-30,-0.12554799,-0.24535783,0.034391724,0.037393987,-3.6504233
5508,2026-07-30,-0.082238115,-0.10141197,0.02252726,0.022423608,-3.6504421
3527,2026-07-30,-0.053252157,-0.1248121,0.014577017,0.015103933,-3.652908
8433,2026-07-30,-0.045159567,-0.05664672,0.0122972345,0.013804474,-3.6720364
2476,2026-07-30,-0.08109763,-0.28469405,0.022070136,0.034791566,-3.674375
8416,2026-07-30,-0.05174509,-0.10911999,0.013966936,0.017950539,-3.7045624
8410,2026-07-30,-0.06395878,-0.11249736,0.017163416,0.021773074,-3.7262425
6210,2026-07-30,-0.058921274,-0.13296093,0.01574682,0.018306335,-3.741551
2504,2026-07-30,-0.07589702,-0.03636942,0.020272624,0.02074531,-3.7436337
6994,2026-07-30,-0.06713056,-0.1534551,0.017912814,0.018781744,-3.7474184
6550,2026-07-30,-0.06794018,-0.11748668,0.018077489,0.017373772,-3.7580676
8068,2026-07-30,-0.07299692,-0.20693077,0.019410092,0.027433868,-3.7605777
1538,2026-07-30,-0.068012826,-0.15582089,0.018073473,0.025893668,-3.7629216
4535,2026-07-30,-0.069279514,-0.1171663,0.018380845,0.015305785,-3.7689097
9939,2026-07-30,-0.065453075,-0.061843764,0.017361058,0.017731043,-3.7698915
3466,2026-07-30,-0.09588547,-0.2900634,0.025311954,0.03768336,-3.7879999
6695,2026-07-30,-0.07765219,-0.21300875,0.020482125,0.022289537,-3.7910326
1734,2026-07-30,-0.05749383,-0.061673447,0.0151360845,0.016997399,-3.7982101
2107,2026-07-30,-0.08786645,-0.06277798,0.023083579,0.027053894,-3.8062832
4938,2026-07-30,-0.05308873,-0.023724588,0.013935261,0.015242232,-3.8093953
6414,2026-07-30,-0.09189994,-0.12614916,0.024081774,0.023026995,-3.816003
1540,2026-07-30,-0.073274,-0.15338609,0.019175678,0.018961735,-3.8209953
8477,2026-07-30,-0.060494184,-0.11858342,0.015782585,0.020110095,-3.8327277
6859,2026-07-30,-0.055199776,-0.15178226,0.014374223,0.019795591,-3.8399248
2362,2026-07-30,-0.054237835,-0.014600532,0.014050737,0.013619588,-3.8598669
1907,2026-07-30,-0.06296326,-0.064696066,0.016206902,0.016034737,-3.8847263
2883,2026-07-30,-0.092415184,-0.060230546,0.02376704,0.018500526,-3.8882124
4763,2026-07-30,-0.10955075,-0.1520142,0.028052311,0.022563817,-3.9050915
8034,2026-07-30,-0.079052664,-0.18754795,0.020216387,0.021250572,-3.9101326
5215,2026-07-30,-0.068789005,-0.095160455,0.017564416,0.017620584,-3.9161615
1440,2026-07-30,-0.056476783,-0.055653907,0.014372579,0.016141297,-3.929208
2630,2026-07-30,-0.09887946,-0.105842985,0.02511443,0.027354922,-3.9370003
5344,2026-07-30,-0.06745035,-0.17481922,0.01711538,0.022016034,-3.94069
6152,2026-07-30,-0.06493298,-0.1802177,0.016475443,0.020754736,-3.9409585
4433,2026-07-30,-0.06104999,-0.11302611,0.015446173,0.017495219,-3.9521787
8938,2026-07-30,-0.048455056,-0.048087753,0.012258223,0.0127704805,-3.9525387
5227,2026-07-30,-0.06642426,-0.15498139,0.016761662,0.019396676,-3.9626317
3540,2026-07-30,-0.092037834,-0.20800596,0.023218703,0.029344192,-3.9637818
2634,2026-07-30,-0.063995965,-0.11783579,0.016130576,0.017257877,-3.9671242
6881,2026-07-30,-0.056148387,-0.089989945,0.014143466,0.014016195,-3.9696364
2471,2026-07-30,-0.070148095,-0.12797566,0.017607221,0.019819833,-3.9838262
6197,2026-07-30,-0.06260534,-0.027129773,0.015650822,0.017448716,-3.9998753
5546,2026-07-30,-0.08028302,-0.07843367,0.020016091,0.020208389,-4.0107236
6887,2026-07-30,-0.08267139,-0.103307836,0.020568458,0.021969,-4.019133
3297,2026-07-30,-0.08263059,-0.2122168,0.02052838,0.027710099,-4.024992
3024,2026-07-30,-0.077799864,-0.098654434,0.019315219,0.016245766,-4.027696
2489,2026-07-30,-0.08916016,-0.1646499,0.021904176,0.025984189,-4.070278
4585,2026-07-30,-0.076215774,-0.085090384,0.018712899,0.017779492,-4.072683
8049,2026-07-30,-0.08842698,-0.13351113,0.02170748,0.020453218,-4.073384
5460,2026-07-30,-0.08008267,-0.18900147,0.01956898,0.026082367,-4.0921183
6505,2026-07-30,-0.06858476,-0.0653967,0.016754113,0.018476048,-4.0933633
5220,2026-07-30,-0.07426586,-0.13249119,0.018057264,0.01648607,-4.112569
2061,2026-07-30,-0.09574125,-0.18704101,0.023221912,0.028781483,-4.1227064
7708,2026-07-30,-0.10236435,-0.14786336,0.024827989,0.030598003,-4.1227756
8390,2026-07-30,-0.053919453,-0.0885257,0.013074408,0.015634343,-4.1237297
4154,2026-07-30,-0.060512505,-0.11529478,0.014648615,0.016117495,-4.130655
5478,2026-07-30,-0.050987568,-0.07392893,0.012300087,0.015476706,-4.144964
6617,2026-07-30,-0.07747359,-0.104834124,0.018583626,0.019650618,-4.1686926
4770,2026-07-30,-0.07943957,-0.13992073,0.019014526,0.024786886,-4.177616
1444,2026-07-30,-0.06382607,-0.08080545,0.015256871,0.016723344,-4.183157
3224,2026-07-30,-0.13349943,-0.18509497,0.031865023,0.035254274,-4.1893973
5015,2026-07-30,-0.08461596,-0.037969567,0.020173071,0.018776877,-4.1942925
2852,2026-07-30,-0.09703245,-0.044469323,0.022976346,0.016211819,-4.2229614
6577,2026-07-30,-0.10042923,-0.16002478,0.02374098,0.02728615,-4.230027
2702,2026-07-30,-0.07831934,-0.122073084,0.018429073,0.021065691,-4.2495403
2801,2026-07-30,-0.083388284,-0.036529534,0.019490844,0.021260751,-4.2781115
3071,2026-07-30,-0.07627065,-0.16996826,0.017759442,0.021529526,-4.294411
3296,2026-07-30,-0.061470684,-0.124536045,0.0143093085,0.019216353,-4.2955527
4702,2026-07-30,-0.1335421,-0.1517909,0.031052401,0.027551686,-4.3004017
8928,2026-07-30,-0.067049436,-0.110758305,0.015584949,0.017898345,-4.301915
2482,2026-07-30,-0.06191052,-0.1014503,0.01437289,0.016097562,-4.3071513
4905,2026-07-30,-0.07205817,-0.14810224,0.016708827,0.021841282,-4.312323
1438,2026-07-30,-0.095183484,-0.09224907,0.02200784,0.027565971,-4.3247843
2427,2026-07-30,-0.07193327,-0.13994367,0.01660592,0.016558984,-4.331524
4207,2026-07-30,-0.07069486,-0.07657502,0.016295452,0.013973487,-4.338052
4183,2026-07-30,-0.069073275,-0.19307505,0.015920183,0.017533574,-4.3384514
6222,2026-07-30,-0.09756683,-0.12681204,0.02248733,0.02585056,-4.338554
6183,2026-07-30,-0.08991329,-0.09451242,0.020676313,0.019856974,-4.348403
3484,2026-07-30,-0.063470446,-0.1262095,0.01458434,0.016973771,-4.3516603
8083,2026-07-30,-0.067577995,-0.08958619,0.015467276,0.019891517,-4.3688126
5222,2026-07-30,-0.08701154,-0.19414803,0.019848088,0.016883355,-4.383654
2867,2026-07-30,-0.085993305,0.014183912,0.019614669,0.01842155,-4.3839087
6117,2026-07-30,-0.07388088,-0.1926041,0.01683597,0.020224798,-4.388015
6441,2026-07-30,-0.082788564,-0.21859455,0.018849095,0.022778032,-4.391944
2227,2026-07-30,-0.07626371,-0.032241516,0.01734407,0.021039238,-4.396852
6895,2026-07-30,-0.06943253,-0.1927769,0.015782261,0.023526845,-4.399124
4581,2026-07-30,-0.07014502,-0.07791419,0.01592704,0.015687032,-4.40387
4554,2026-07-30,-0.059710708,-0.12354081,0.013557024,0.014931235,-4.404086
2543,2026-07-30,-0.09586926,-0.17729245,0.021717645,0.024186082,-4.4141455
4153,2026-07-30,-0.08656068,-0.09997424,0.01959997,0.017290186,-4.4161425
5209,2026-07-30,-0.058660675,-0.11061273,0.013242669,0.015539441,-4.429337
5258,2026-07-30,-0.05831473,-0.14689979,0.013149787,0.013948919,-4.4343147
6499,2026-07-30,-0.09031539,-0.19066407,0.020260978,0.022837093,-4.457382
1439,2026-07-30,-0.12162331,-0.12727973,0.027278557,0.02915091,-4.4584045
4974,2026-07-30,-0.07375726,-0.15459484,0.016494887,0.021405816,-4.4712515
1452,2026-07-30,-0.07883498,-0.07913351,0.017624727,0.015449658,-4.472722
2453,2026-07-30,-0.079311274,-0.14648832,0.017636249,0.017715175,-4.496805
4440,2026-07-30,-0.07261102,-0.11907993,0.016086627,0.018042725,-4.5134697
4754,2026-07-30,-0.105572686,-0.17705485,0.02334716,0.024030494,-4.5216703
6283,2026-07-30,-0.08404452,-0.13407825,0.018560208,0.016288629,-4.527966
8087,2026-07-30,-0.066605054,-0.18884815,0.014705629,0.024894418,-4.5289135
8222,2026-07-30,-0.11358868,-0.23039545,0.02501977,0.029766483,-4.5397754
2241,2026-07-30,-0.07012615,-0.16544701,0.015374709,0.016246581,-4.56084
6225,2026-07-30,-0.08822941,-0.13754064,0.019285314,0.017656097,-4.574716
3705,2026-07-30,-0.07850064,-0.04793384,0.017057454,0.013649774,-4.6018615
4563,2026-07-30,-0.10153484,-0.22061555,0.021918835,0.026041027,-4.6320987
7714,2026-07-30,-0.11471176,-0.24033086,0.024642043,0.023802703,-4.654935
6292,2026-07-30,-0.08083315,-0.13985749,0.017322281,0.01882202,-4.6661572
5876,2026-07-30,-0.07439906,0.0010958787,0.015917439,0.017732905,-4.673766
3118,2026-07-30,-0.100261725,-0.13823114,0.021441543,0.02274406,-4.675832
2832,2026-07-30,-0.07708614,-0.009108827,0.016458763,0.01629651,-4.683308
8176,2026-07-30,-0.080899,-0.18195479,0.017265033,0.01944349,-4.685442
2816,2026-07-30,-0.05626808,-0.033714972,0.012004437,0.013249156,-4.686883
3313,2026-07-30,-0.08524369,-0.15596804,0.01817741,0.0201528,-4.6892815
8107,2026-07-30,-0.07977621,-0.16447662,0.01699765,0.018340385,-4.693091
1736,2026-07-30,-0.074704014,-0.10645526,0.015899025,0.015470371,-4.698358
4743,2026-07-30,-0.064678706,-0.1762125,0.013718299,0.017997054,-4.7144322
3607,2026-07-30,-0.095159136,-0.19599041,0.020124016,0.02315928,-4.7284
5213,2026-07-30,-0.077850394,-0.03609716,0.01644785,0.017430313,-4.7328777
6873,2026-07-30,-0.059673823,-0.1311446,0.012591511,0.014237628,-4.7388344
3311,2026-07-30,-0.06906776,-0.13421148,0.014458423,0.018121261,-4.776661
1626,2026-07-30,-0.080076285,-0.08517267,0.016754037,0.019006656,-4.7792363
1593,2026-07-30,-0.064826444,-0.0841692,0.013476575,0.014685319,-4.8099484
8450,2026-07-30,-0.08698217,-0.15307547,0.018044507,0.024757609,-4.8201566
5348,2026-07-30,-0.08240212,-0.1962985,0.017092146,0.02457442,-4.8207693
6933,2026-07-30,-0.118537776,-0.22924505,0.024556337,0.02741618,-4.82698
4536,2026-07-30,-0.06912282,-0.05489846,0.01430873,0.018542038,-4.8304768
6785,2026-07-30,-0.13316812,-0.28330955,0.027509373,0.028915232,-4.840651
3447,2026-07-30,-0.08290323,-0.18688253,0.017076094,0.016092077,-4.854645
6216,2026-07-30,-0.09222059,-0.085443005,0.018894752,0.021896504,-4.880493
6112,2026-07-30,-0.090677306,-0.16964513,0.018519407,0.020508964,-4.8960752
6872,2026-07-30,-0.11033448,-0.12922852,0.022472193,0.02483763,-4.909604
2845,2026-07-30,-0.10965065,-0.032981135,0.022308774,0.021727432,-4.914915
6186,2026-07-30,-0.16808894,-0.17143294,0.034179736,0.032178633,-4.9176517
6579,2026-07-30,-0.104653515,-0.18379946,0.021259809,0.022170734,-4.9223676
4102,2026-07-30,-0.073720336,-0.08559697,0.014962512,0.015988462,-4.9266734
9950,2026-07-30,-0.06430978,-0.09750155,0.013012335,0.011548247,-4.9418373
6126,2026-07-30,-0.06800904,-0.1422021,0.0137547655,0.017624648,-4.944039
6129,2026-07-30,-0.07482891,-0.14626652,0.015103986,0.020568931,-4.9539213
5324,2026-07-30,-0.095390275,-0.078112,0.019225014,0.01678641,-4.961521
3706,2026-07-30,-0.09209347,-0.10445819,0.018453302,0.018540155,-4.990352
3038,2026-07-30,-0.09070316,-0.12771317,0.018118544,0.022696136,-5.0058193
6108,2026-07-30,-0.103425905,-0.17055044,0.020637963,0.023853825,-5.0111966
6757,2026-07-30,-0.06341413,-0.045756396,0.012601974,0.016346518,-5.031679
6203,2026-07-30,-0.08033636,-0.14855735,0.015953025,0.015461166,-5.035492
2891,2026-07-30,-0.07336482,-0.04916872,0.014526379,0.016258512,-5.0501065
3522,2026-07-30,-0.09938758,-0.17773478,0.019594502,0.019907663,-5.071959
2608,2026-07-30,-0.08609152,-0.023882078,0.016972672,0.017612463,-5.072062
8249,2026-07-30,-0.08218172,-0.17801824,0.016188193,0.019695312,-5.076332
8080,2026-07-30,-0.094243094,-0.093513854,0.018559916,0.023228893,-5.0775023
3259,2026-07-30,-0.0887721,-0.17194252,0.017451659,0.023202764,-5.0864515
4432,2026-07-30,-0.08276763,-0.11250878,0.016260546,0.023092853,-5.089776
4999,2026-07-30,-0.06458821,-0.12897761,0.01267994,0.01601378,-5.09333
6241,2026-07-30,-0.08018721,-0.11502158,0.015684284,0.022770517,-5.112257
2538,2026-07-30,-0.12898254,-0.0883209,0.025043486,0.020172728,-5.1501374
4903,2026-07-30,-0.1341788,-0.27302316,0.026002511,0.034163456,-5.160026
6465,2026-07-30,-0.0891967,-0.16120754,0.017270382,0.020853935,-5.164421
2834,2026-07-30,-0.068752445,-0.001447215,0.013308035,0.01608069,-5.1658473
2545,2026-07-30,-0.07333493,-0.026233582,0.014130232,0.011627955,-5.1895638
4736,2026-07-30,-0.07996501,-0.097698435,0.015316629,0.015233326,-5.220456
1905,2026-07-30,-0.09767779,-0.15158167,0.018692417,0.020161292,-5.2252507
1605,2026-07-30,-0.09253621,-0.18010005,0.017691104,0.02424873,-5.2303677
3128,2026-07-30,-0.12505075,-0.24874443,0.023840595,0.021328859,-5.2450666
2945,2026-07-30,-0.09094397,-0.105707,0.017313,0.01978113,-5.252626
6574,2026-07-30,-0.09035053,-0.16277507,0.017190613,0.017115908,-5.2555003
4561,2026-07-30,-0.0751032,-0.16990986,0.014245024,0.016604397,-5.271871
6916,2026-07-30,-0.06574946,-0.13087681,0.012428364,0.015527949,-5.289849
6142,2026-07-30,-0.09966955,-0.17991734,0.018834567,0.023309603,-5.291561
6967,2026-07-30,-0.08841359,-0.20757748,0.01670043,0.018804686,-5.2937737
6690,2026-07-30,-0.07330424,-0.14584626,0.013814926,0.017419841,-5.3057785
4972,2026-07-30,-0.09676259,-0.12533237,0.018218933,0.02186292,-5.310809
1783,2026-07-30,-0.09132441,-0.116938226,0.017167484,0.018957064,-5.3193054
2405,2026-07-30,-0.088684514,-0.1357892,0.01664206,0.01743648,-5.328618
1453,2026-07-30,-0.12205162,-0.14779831,0.022745915,0.026192522,-5.365634
6111,2026-07-30,-0.09912683,-0.14654718,0.018472763,0.020412983,-5.365817
6517,2026-07-30,-0.13925488,-0.20234245,0.025908502,0.025842875,-5.374665
2204,2026-07-30,-0.07111868,-0.02737354,0.013214738,0.014562123,-5.381363
1512,2026-07-30,-0.08240697,-0.13117267,0.0152729275,0.01557447,-5.3952703
6219,2026-07-30,-0.1417075,-0.16589718,0.026174013,0.029542448,-5.413846
6470,2026-07-30,-0.07824715,-0.1303732,0.014436585,0.0152049335,-5.4196844
2889,2026-07-30,-0.09707494,-0.041083045,0.017812997,0.017604804,-5.449363
3511,2026-07-30,-0.10014744,-0.1819759,0.018375354,0.023094136,-5.449799
6169,2026-07-30,-0.093920566,-0.17606398,0.017225932,0.020789571,-5.451961
3416,2026-07-30,-0.08821964,-0.14526059,0.016151857,0.0202016,-5.46155
1712,2026-07-30,-0.13102743,-0.1016991,0.023853347,0.02200703,-5.4928117
8936,2026-07-30,-0.09931693,-0.13029236,0.018012282,0.019332446,-5.513539
3623,2026-07-30,-0.10790159,-0.25933355,0.019564107,0.022987362,-5.5150013
6546,2026-07-30,-0.09556697,-0.247895,0.017327463,0.016165607,-5.5150285
6674,2026-07-30,-0.08207558,-0.14073162,0.014880861,0.022045659,-5.515142
4163,2026-07-30,-0.14277633,-0.16537412,0.02587565,0.024450293,-5.517574
2450,2026-07-30,-0.084504984,-0.09760211,0.015308829,0.01991715,-5.5196557
3520,2026-07-30,-0.10713648,-0.19867007,0.019390136,0.02566549,-5.5250235
3622,2026-07-30,-0.082113534,-0.15046689,0.014858611,0.018487703,-5.5259542
6835,2026-07-30,-0.10263085,-0.17700693,0.01847256,0.018965732,-5.5555534
5381,2026-07-30,-0.115214415,-0.22726656,0.020735798,0.022381825,-5.556037
4771,2026-07-30,-0.08716145,-0.14904743,0.015605429,0.019477058,-5.584971
1102,2026-07-30,-0.104653865,-0.026176263,0.01873241,0.02143528,-5.5864825
9951,2026-07-30,-0.083410576,-0.10607014,0.014894868,0.017123606,-5.599578
2373,2026-07-30,-0.07629476,-0.076382585,0.013572355,0.020084044,-5.620921
2509,2026-07-30,-0.11510786,-0.16080548,0.020411959,0.016948098,-5.63896
6144,2026-07-30,-0.08397575,-0.11448299,0.014883867,0.019443268,-5.641686
8272,2026-07-30,-0.08491572,-0.15421121,0.015024764,0.019747322,-5.651341
6937,2026-07-30,-0.1101654,-0.1998025,0.019490914,0.02318256,-5.651851
4545,2026-07-30,-0.07534011,-0.11680932,0.013324222,0.0126899425,-5.653948
5548,2026-07-30,-0.103456855,-0.08373729,0.01828663,0.022551388,-5.6572037
2105,2026-07-30,-0.09891559,-0.053885978,0.017483028,0.017168881,-5.657483
3056,2026-07-30,-0.15568438,-0.18380934,0.027505236,0.020974226,-5.659967
4502,2026-07-30,-0.11758717,-0.16104993,0.020688202,0.025671463,-5.683504
1806,2026-07-30,-0.11236089,-0.09580377,0.019658035,0.021005115,-5.715483
6590,2026-07-30,-0.10602537,-0.17693342,0.018546421,0.019864572,-5.716448
4806,2026-07-30,-0.12920286,-0.1418257,0.022547493,0.028333357,-5.7299995
9103,2026-07-30,-0.14465758,-0.21028899,0.025221368,0.027442614,-5.7352896
9905,2026-07-30,-0.074959725,-0.05584459,0.013057116,0.01423942,-5.74047
4571,2026-07-30,-0.110099345,-0.16886824,0.019166391,0.0214494,-5.7440963
3594,2026-07-30,-0.1287659,-0.24068373,0.0223256,0.02569583,-5.767376
2915,2026-07-30,-0.078291826,-0.053738367,0.01356238,0.015127519,-5.7722945
1785,2026-07-30,-0.13082485,-0.2680331,0.022636367,0.027419066,-5.779155
6790,2026-07-30,-0.118764006,-0.0719608,0.02054579,0.021441417,-5.7801733
8487,2026-07-30,-0.096671864,-0.13779743,0.016717684,0.02127271,-5.782265
2451,2026-07-30,-0.10934402,-0.21522328,0.018882407,0.023348277,-5.7904816
2114,2026-07-30,-0.10755135,-0.11197094,0.018554784,0.019018471,-5.796109
4111,2026-07-30,-0.08516261,-0.1281938,0.014665679,0.021216203,-5.8065367
2707,2026-07-30,-0.099635966,-0.15941022,0.017132852,0.017355628,-5.8151526
2540,2026-07-30,-0.108658314,-0.073716424,0.01866789,0.022082936,-5.8202877
3489,2026-07-30,-0.14270714,-0.124674894,0.024465233,0.024612114,-5.83282
3322,2026-07-30,-0.122991435,-0.3006861,0.021074243,0.029139703,-5.8358254
1788,2026-07-30,-0.09212433,-0.12172125,0.015783709,0.014228861,-5.836302
6592,2026-07-30,-0.101489715,-0.0425641,0.017377237,0.017834622,-5.840047
6680,2026-07-30,-0.10161902,-0.21114756,0.017377606,0.020843375,-5.847363
2739,2026-07-30,-0.12979811,-0.16653201,0.022122052,0.020977577,-5.867098
1563,2026-07-30,-0.11633528,-0.19146483,0.019719474,0.026265258,-5.8992133
9942,2026-07-30,-0.0936911,-0.08612737,0.015869675,0.01949478,-5.90341
6803,2026-07-30,-0.08805151,-0.10919822,0.0148981195,0.013732839,-5.909847
4192,2026-07-30,-0.0992113,-0.22385804,0.016772531,0.019233994,-5.9147534
2348,2026-07-30,-0.08661424,-0.09278063,0.014627101,0.01348461,-5.921086
8444,2026-07-30,-0.12072565,-0.10574176,0.020379454,0.024912722,-5.9235992
4126,2026-07-30,-0.085203424,-0.11109293,0.014381036,0.016031776,-5.924295
2903,2026-07-30,-0.11711426,-0.069064856,0.01974235,0.020056436,-5.9318333
8097,2026-07-30,-0.087196976,-0.13081685,0.014690067,0.01829225,-5.935374
1565,2026-07-30,-0.10041458,-0.1699957,0.016851947,0.01732552,-5.95828
4714,2026-07-30,-0.11060087,-0.23325174,0.018513042,0.026474182,-5.973891
6958,2026-07-30,-0.08531542,-0.06885746,0.014252661,0.015303837,-5.9855094
2926,2026-07-30,-0.1412947,-0.20656954,0.02360132,0.028894287,-5.986475
3011,2026-07-30,-0.088654034,-0.14846721,0.014807056,0.016847836,-5.986879
8367,2026-07-30,-0.1314699,-0.12611537,0.021956477,0.020483233,-5.987478
6128,2026-07-30,-0.08056826,-0.13348852,0.013430949,0.016829047,-5.9982553
4584,2026-07-30,-0.12340487,-0.15647914,0.020566365,0.021603575,-6.000033
6796,2026-07-30,-0.12028816,-0.14764938,0.020044623,0.01973781,-6.0007195
3628,2026-07-30,-0.1367127,-0.27025482,0.022715164,0.02100842,-6.0183005
2520,2026-07-30,-0.07635658,-0.013510116,0.012668805,0.01677451,-6.026658
6823,2026-07-30,-0.1456696,-0.22514416,0.024120733,0.028966798,-6.0389357
4934,2026-07-30,-0.10145018,-0.17292008,0.016742596,0.020373093,-6.0590434
1308,2026-07-30,-0.09997104,-0.1651438,0.016498165,0.016570153,-6.0591574
6136,2026-07-30,-0.13850239,-0.14986594,0.022850856,0.030149298,-6.060881
6684,2026-07-30,-0.1291397,-0.19686812,0.021292623,0.028244618,-6.0647125
2609,2026-07-30,-0.085077524,-0.014222119,0.0140119055,0.013865302,-6.071369
8093,2026-07-30,-0.10803485,-0.19722112,0.017788682,0.016908338,-6.0728936
1210,2026-07-30,-0.102696165,-0.05889794,0.016871795,0.018760173,-6.086494
1307,2026-07-30,-0.13067009,-0.12035561,0.021453023,0.01934426,-6.090703
3564,2026-07-30,-0.10272918,-0.23350354,0.016840216,0.019760942,-6.099867
6506,2026-07-30,-0.11531499,-0.16328293,0.018902909,0.01722005,-6.1000605
8462,2026-07-30,-0.106996216,-0.110814095,0.017534913,0.019515503,-6.1015477
3027,2026-07-30,-0.14068381,-0.22753923,0.023038803,0.022708204,-6.1061206
8446,2026-07-30,-0.090209894,-0.12011058,0.0147683285,0.01826193,-6.107921
3130,2026-07-30,-0.11433136,-0.12656571,0.01871221,0.019017173,-6.1096606
3288,2026-07-30,-0.09893771,-0.14873669,0.016162816,0.027155954,-6.1209373
3325,2026-07-30,-0.11812197,-0.204297,0.019242253,0.027940594,-6.138357
4107,2026-07-30,-0.090110146,-0.10464951,0.014672155,0.016495544,-6.1411567
2461,2026-07-30,-0.09666867,-0.15250507,0.01573769,0.01720485,-6.1421037
6431,2026-07-30,-0.11645934,-0.14110585,0.01895371,0.020536026,-6.144084
9929,2026-07-30,-0.1345974,-0.1842204,0.021881273,0.022602782,-6.150979
3092,2026-07-30,-0.13154545,-0.26279548,0.021373875,0.027438566,-6.154209
5206,2026-07-30,-0.12886052,-0.17208424,0.02091974,0.02126709,-6.1594625
4168,2026-07-30,-0.09251919,-0.14788552,0.014990335,0.018020254,-6.1715107
6751,2026-07-30,-0.095630474,-0.15270714,0.015472889,0.015265984,-6.180119
3504,2026-07-30,-0.12366567,-0.22947225,0.020007111,0.02266888,-6.1807766
1220,2026-07-30,-0.11167952,-0.048166227,0.018052286,0.023653248,-6.186105
6275,2026-07-30,-0.13694763,-0.266407,0.02207972,0.023545982,-6.2021365
6593,2026-07-30,-0.11728508,-0.20609017,0.018903026,0.02043112,-6.204238
2646,2026-07-30,-0.14890416,-0.112714194,0.023993054,0.025205288,-6.2058773
6953,2026-07-30,-0.08936062,-0.23462321,0.014361448,0.01968905,-6.2218237
2612,2026-07-30,-0.120083235,-0.13540407,0.01928717,0.023344783,-6.225745
6541,2026-07-30,-0.16203044,-0.21518786,0.025980972,0.029761588,-6.236264
4175,2026-07-30,-0.115543574,-0.20530435,0.018480811,0.023259407,-6.251745
3625,2026-07-30,-0.0856403,-0.16276509,0.0136959795,0.019493783,-6.252495
6194,2026-07-30,-0.12726593,-0.21633317,0.020330088,0.02908662,-6.259671
6598,2026-07-30,-0.11516603,-0.115636654,0.018375913,0.02042788,-6.2668867
6689,2026-07-30,-0.10575171,-0.20421864,0.016865194,0.01844129,-6.27004
4580,2026-07-30,-0.13097702,-0.19273402,0.020855999,0.02223297,-6.2797637
2359,2026-07-30,-0.11729023,-0.13942859,0.018643744,0.019415597,-6.290793
3164,2026-07-30,-0.13695201,-0.14298223,0.021768203,0.020254027,-6.29109
4729,2026-07-30,-0.09041818,-0.17404833,0.014366242,0.019938443,-6.293357
6212,2026-07-30,-0.119033545,-0.14793327,0.018891118,0.027482288,-6.3006988
6754,2026-07-30,-0.15762952,-0.1531952,0.024996158,0.022605788,-6.3058977
2432,2026-07-30,-0.093361594,-0.1643594,0.014794019,0.023976732,-6.3103395
3018,2026-07-30,-0.14146532,-0.18650427,0.022392752,0.02225372,-6.3171782
4114,2026-07-30,-0.0956219,-0.07572872,0.015076156,0.01364235,-6.3421707
8092,2026-07-30,-0.09611033,-0.19852975,0.015134776,0.018218877,-6.349878
2029,2026-07-30,-0.09670709,-0.084390156,0.0152264,0.01573408,-6.35086
6771,2026-07-30,-0.09559853,-0.12952508,0.015035271,0.015602732,-6.3578615
2596,2026-07-30,-0.12917256,-0.13509947,0.02022386,0.020308051,-6.3868213
9925,2026-07-30,-0.10787807,-0.080251776,0.016848683,0.015803117,-6.4023795
1810,2026-07-30,-0.17404203,-0.24114434,0.027168967,0.03440817,-6.405677
2010,2026-07-30,-0.15206012,-0.09914284,0.023631101,0.022192305,-6.434473
5905,2026-07-30,-0.11838723,-0.11551286,0.01837473,0.017829703,-6.4425864
5519,2026-07-30,-0.13312148,-0.10288278,0.020628907,0.019020377,-6.4528394
7631,2026-07-30,-0.086435206,-0.16974673,0.013385164,0.01324678,-6.4570556
4104,2026-07-30,-0.1380158,-0.12004823,0.021364283,0.018630605,-6.4598165
2002,2026-07-30,-0.10012581,-0.034515087,0.01549676,0.013033988,-6.4606633
5276,2026-07-30,-0.09333789,-0.0825666,0.0144455945,0.014625901,-6.460892
1341,2026-07-30,-0.10657026,-0.12716784,0.016486617,0.02054754,-6.4636545
3066,2026-07-30,-0.14423603,-0.2604353,0.022273308,0.030414568,-6.475444
8047,2026-07-30,-0.10966204,-0.2017685,0.016872754,0.020220878,-6.498971
1436,2026-07-30,-0.13803656,-0.12350319,0.021108134,0.02564838,-6.5391865
5287,2026-07-30,-0.11660036,-0.17177153,0.017805794,0.01607973,-6.5480824
2731,2026-07-30,-0.10237098,-0.11402475,0.015599423,0.011474583,-6.562064
6158,2026-07-30,-0.13744077,-0.20331623,0.020942748,0.026903505,-6.562377
5523,2026-07-30,-0.1763551,-0.13453105,0.02686895,0.023212908,-6.563283
6281,2026-07-30,-0.11146606,-0.14334844,0.016974373,0.018347574,-6.566339
8050,2026-07-30,-0.11363287,-0.09400258,0.017290028,0.019353833,-6.571782
2753,2026-07-30,-0.067074105,-0.10075443,0.010186687,0.012592244,-6.5838404
1101,2026-07-30,-0.1203151,-0.043153804,0.018253116,0.019981787,-6.5911217
4105,2026-07-30,-0.13389753,-0.11596119,0.020312907,0.023966901,-6.5914216
7747,2026-07-30,-0.116924606,-0.1822836,0.017725468,0.020716565,-6.5960464
4560,2026-07-30,-0.13092646,-0.12467028,0.01984651,0.024150038,-6.5966187
2736,2026-07-30,-0.12907822,-0.15890414,0.019558562,0.021167492,-6.599239
6913,2026-07-30,-0.14677185,-0.26656073,0.022239648,0.028999588,-6.5992613
3191,2026-07-30,-0.11992003,-0.13869233,0.018052517,0.017775068,-6.6424747
3308,2026-07-30,-0.15495592,-0.23815125,0.023310842,0.02671846,-6.6470904
8454,2026-07-30,-0.114262916,-0.11932384,0.01716929,0.016242389,-6.654688
1312,2026-07-30,-0.11077014,-0.15901954,0.016634358,0.021796742,-6.658717
2905,2026-07-30,-0.095886804,-0.08090948,0.014371947,0.014953666,-6.671339
2211,2026-07-30,-0.11430452,-0.06496713,0.017055131,0.016169962,-6.7016673
1340,2026-07-30,-0.12982698,-0.16463134,0.019344242,0.020924455,-6.7110543
6906,2026-07-30,-0.080229014,-0.124776796,0.011941832,0.01645077,-6.717755
2425,2026-07-30,-0.12841702,-0.18246056,0.019094164,0.018280098,-6.7251067
8076,2026-07-30,-0.08364205,-0.14872344,0.012422665,0.01550159,-6.7324777
3597,2026-07-30,-0.10553374,-0.16910018,0.015651206,0.019371826,-6.7424197
8437,2026-07-30,-0.11182593,-0.12600826,0.016575886,0.019035542,-6.7458944
2607,2026-07-30,-0.15865129,-0.11491499,0.023515962,0.021904072,-6.746249
1441,2026-07-30,-0.15453887,-0.2183335,0.022890868,0.021834351,-6.7508197
2633,2026-07-30,-0.10411973,-0.028569786,0.015421176,0.020551398,-6.7512994
7713,2026-07-30,-0.111361,-0.14562584,0.016487312,0.022323564,-6.753936
3002,2026-07-30,-0.09112333,-0.18535973,0.013484543,0.016624652,-6.757112
3558,2026-07-30,-0.12436832,-0.18654034,0.01840269,0.020884223,-6.7577925
1315,2026-07-30,-0.098319866,-0.1025949,0.014547136,0.015135045,-6.758245
3073,2026-07-30,-0.1735251,-0.22333702,0.02567402,0.025761006,-6.758518
6166,2026-07-30,-0.12578867,-0.1470049,0.018537017,0.025429634,-6.785444
2390,2026-07-30,-0.097703785,-0.14837831,0.014384208,0.016423164,-6.7919617
4173,2026-07-30,-0.13863826,-0.15551455,0.02040088,0.019843604,-6.795367
6901,2026-07-30,-0.11886328,-0.14724047,0.017490366,0.019767854,-6.79554
9949,2026-07-30,-0.14554091,-0.22233652,0.02140735,0.02764647,-6.798324
4994,2026-07-30,-0.14093857,-0.16749564,0.020724596,0.020743255,-6.8002176
5601,2026-07-30,-0.13441652,-0.1675539,0.01976042,0.021012582,-6.801966
5245,2026-07-30,-0.118568756,-0.17751373,0.017421143,0.021742346,-6.8056355
9938,2026-07-30,-0.16480398,-0.13496593,0.024212195,0.023807326,-6.8063707
6597,2026-07-30,-0.11276562,-0.18017343,0.016538696,0.020405825,-6.817877
2208,2026-07-30,-0.12731001,-0.11765083,0.018611297,0.017889109,-6.8401017
8924,2026-07-30,-0.09261475,-0.10034121,0.013527967,0.012144843,-6.8456626
1904,2026-07-30,-0.12318578,-0.08333301,0.017990028,0.019129964,-6.8470674
3632,2026-07-30,-0.14458494,-0.2405759,0.02108149,0.026761344,-6.858058
5211,2026-07-30,-0.15755911,-0.2648837,0.022906305,0.025624331,-6.878116
2460,2026-07-30,-0.11087736,-0.17557074,0.016100774,0.01932064,-6.8860335
6925,2026-07-30,-0.100587144,-0.2598029,0.014594671,0.01821955,-6.8915734
8478,2026-07-30,-0.1176862,-0.14884633,0.017036658,0.016942978,-6.9074163
4116,2026-07-30,-0.12186917,-0.13227233,0.017625337,0.023801656,-6.914038
2106,2026-07-30,-0.17630097,-0.116034366,0.02548152,0.023376146,-6.918506
6666,2026-07-30,-0.11866794,-0.122042194,0.017081741,0.02024179,-6.9466567
6218,2026-07-30,-0.15322413,-0.2782632,0.022054886,0.02288463,-6.9470854
3266,2026-07-30,-0.112361364,-0.09408879,0.016167358,0.01839415,-6.9494605
1268,2026-07-30,-0.08386184,-0.11402002,0.012056464,0.014548358,-6.9551806
6756,2026-07-30,-0.07563928,-0.12251679,0.010848243,0.013917568,-6.9718485
6968,2026-07-30,-0.23971084,-0.27052322,0.034350272,0.03700117,-6.9782233
6955,2026-07-30,-0.12022951,-0.19502312,0.017228039,0.01763069,-6.9783063
1447,2026-07-30,-0.099476814,-0.13246612,0.014251649,0.022007437,-6.9795313
2617,2026-07-30,-0.10684454,-0.051307954,0.015300972,0.018677287,-6.982403
1612,2026-07-30,-0.12343116,-0.13980174,0.017674208,0.01632986,-6.9832935
5465,2026-07-30,-0.1292996,-0.18194176,0.018510226,0.021827374,-6.9849286
1231,2026-07-30,-0.1108338,-0.10527539,0.015782632,0.014983766,-7.022072
2331,2026-07-30,-0.110245146,-0.19313774,0.015695922,0.020956246,-7.0233607
2387,2026-07-30,-0.11385155,-0.12814383,0.016153703,0.01626351,-7.0475793
8906,2026-07-30,-0.16639781,-0.22727446,0.023585351,0.02480058,-7.054835
1707,2026-07-30,-0.11226486,-0.1455044,0.015910821,0.016637376,-7.055437
1457,2026-07-30,-0.14365587,-0.15070187,0.02031223,0.017491601,-7.072035
8431,2026-07-30,-0.16739964,-0.3299991,0.023660695,0.029532703,-7.0747104
6446,2026-07-30,-0.105441205,-0.08033201,0.014897773,0.011972478,-7.0771737
1227,2026-07-30,-0.16851111,-0.117562294,0.023805587,0.020464856,-7.0783396
5315,2026-07-30,-0.11558059,-0.15621343,0.01632053,0.020070123,-7.0814795
8099,2026-07-30,-0.14624071,-0.24117774,0.020636149,0.021212256,-7.0862846
3492,2026-07-30,-0.14643358,-0.22029273,0.02062497,0.023264434,-7.0994763
2516,2026-07-30,-0.13133024,-0.14164117,0.0184246,0.02346692,-7.127596
1339,2026-07-30,-0.1274007,-0.16221969,0.017866531,0.020608855,-7.130291
1531,2026-07-30,-0.10932552,-0.12769355,0.015256658,0.019933138,-7.1652884
1618,2026-07-30,-0.11615704,-0.14564255,0.01617375,0.018629529,-7.1813807
1451,2026-07-30,-0.13944696,-0.13970353,0.019416843,0.018448137,-7.1813827
4976,2026-07-30,-0.17904843,-0.28274614,0.024911338,0.026573386,-7.1871386
1584,2026-07-30,-0.16719681,-0.24785595,0.023222465,0.025680147,-7.199477
8942,2026-07-30,-0.13987812,-0.12960416,0.019403832,0.01936074,-7.208417
8085,2026-07-30,-0.15474194,-0.25283694,0.021453004,0.029729143,-7.21273
2611,2026-07-30,-0.1326991,-0.0673332,0.018389937,0.01798336,-7.2154617
6101,2026-07-30,-0.17894806,-0.30203393,0.024795303,0.032846626,-7.2167234
3058,2026-07-30,-0.08458293,-0.1307278,0.011714193,0.017797008,-7.219935
1465,2026-07-30,-0.11351005,-0.14185381,0.015709762,0.018876176,-7.224987
4148,2026-07-30,-0.16276376,-0.16608073,0.022485271,0.021752004,-7.2383614
3703,2026-07-30,-0.13245454,-0.07290586,0.018292176,0.013707844,-7.2406535
6645,2026-07-30,-0.100092486,-0.12691729,0.013803274,0.016685104,-7.2508326
1467,2026-07-30,-0.12768556,-0.17408666,0.01760586,0.015272972,-7.2520347
5512,2026-07-30,-0.10382007,-0.0875145,0.014267584,0.01750874,-7.2761297
6776,2026-07-30,-0.13757849,-0.17840558,0.018892525,0.022986146,-7.28178
4188,2026-07-30,-0.10177801,-0.16504599,0.0139705865,0.016524043,-7.284642
5515,2026-07-30,-0.13279027,-0.10498048,0.01821523,0.019909782,-7.289668
8045,2026-07-30,-0.1390879,-0.23248668,0.01900579,0.021966493,-7.3178005
6846,2026-07-30,-0.10278518,-0.13736415,0.014043465,0.014858327,-7.318554
1218,2026-07-30,-0.12480958,-0.09508354,0.017014334,0.016575998,-7.3351235
6936,2026-07-30,-0.116271086,-0.13312677,0.015841054,0.014989574,-7.3393946
6591,2026-07-30,-0.13701916,-0.20188315,0.018642234,0.020448398,-7.349538
6230,2026-07-30,-0.11455432,-0.19268847,0.015583485,0.02005978,-7.350536
3168,2026-07-30,-0.17022991,-0.24554211,0.023137279,0.02175687,-7.357069
5203,2026-07-30,-0.15434016,-0.2311583,0.020874346,0.022622606,-7.3934183
2015,2026-07-30,-0.13449496,-0.06213883,0.018177098,0.020729898,-7.3987365
3032,2026-07-30,-0.11906263,-0.17983761,0.01602417,0.020394104,-7.429726
1720,2026-07-30,-0.13139743,-0.13422076,0.01768377,0.014459168,-7.429976
1215,2026-07-30,-0.14787896,-0.11931753,0.019854318,0.017577246,-7.447826
3685,2026-07-30,-0.16419119,-0.20860976,0.022000171,0.018770576,-7.462838
1533,2026-07-30,-0.12793511,-0.14791514,0.017137514,0.017458247,-7.464772
8443,2026-07-30,-0.13542025,-0.18117379,0.01813147,0.016654426,-7.468384
3218,2026-07-30,-0.099362575,-0.15474686,0.013285331,0.018201867,-7.478556
4139,2026-07-30,-0.12895721,-0.14485897,0.017231379,0.021961935,-7.4834247
2836,2026-07-30,-0.1029497,-0.03634996,0.013748606,0.015906522,-7.4874654
5484,2026-07-30,-0.11451377,-0.14454693,0.015273363,0.021324957,-7.4971223
4950,2026-07-30,-0.10403614,-0.14587946,0.013871908,0.015419316,-7.4992304
1752,2026-07-30,-0.14280897,-0.16531366,0.019028917,0.017426787,-7.5044456
1316,2026-07-30,-0.185812,-0.28599587,0.024754185,0.02632471,-7.505983
5521,2026-07-30,-0.16637631,-0.22731902,0.022164306,0.028280618,-7.506159
2364,2026-07-30,-0.16359632,-0.23134916,0.021763016,0.022750266,-7.5168257
6838,2026-07-30,-0.17698592,-0.22623372,0.02352778,0.02980817,-7.5221033
1103,2026-07-30,-0.17630187,-0.109290056,0.023335533,0.01943836,-7.554758
5212,2026-07-30,-0.10534695,-0.15493733,0.01393458,0.019547058,-7.559567
4569,2026-07-30,-0.11455561,-0.15833478,0.015058025,0.015456356,-7.6071067
1474,2026-07-30,-0.13346002,-0.1662323,0.017522251,0.018217871,-7.6161675
3543,2026-07-30,-0.23091538,-0.29719946,0.030314833,0.023543572,-7.6169896
1324,2026-07-30,-0.11058981,-0.14609848,0.0145163955,0.017126294,-7.6177444
3712,2026-07-30,-0.16686235,-0.24120411,0.021872839,0.027647067,-7.628398
4566,2026-07-30,-0.18773086,-0.26818103,0.024586745,0.022060549,-7.6351395
3684,2026-07-30,-0.12345324,-0.2553515,0.016163131,0.022932207,-7.6374803
4129,2026-07-30,-0.14049937,-0.16304938,0.018382056,0.01806359,-7.6428733
8933,2026-07-30,-0.15950046,-0.24393216,0.020850077,0.024697697,-7.649507
4943,2026-07-30,-0.14023048,-0.18909778,0.018327542,0.025096113,-7.6509347
2719,2026-07-30,-0.18518223,-0.31222388,0.024194648,0.029452678,-7.6535344
2897,2026-07-30,-0.13660571,-0.036856133,0.017828371,0.018737484,-7.661835
6697,2026-07-30,-0.17707856,-0.23403549,0.023085028,0.027205406,-7.6703777
6792,2026-07-30,-0.1302927,-0.19676517,0.016968692,0.01475057,-7.6779647
6570,2026-07-30,-0.12487138,-0.1867704,0.016209684,0.019426145,-7.7030296
6141,2026-07-30,-0.18803425,-0.21723747,0.02440864,0.027723724,-7.703278
4162,2026-07-30,-0.1269421,-0.11028207,0.016466636,0.019381024,-7.7085805
8415,2026-07-30,-0.13853571,-0.079454884,0.017918134,0.015557862,-7.7311606
4562,2026-07-30,-0.20117892,-0.31575376,0.026006248,0.030633837,-7.7354946
2636,2026-07-30,-0.13623643,-0.11945677,0.017602166,0.02004286,-7.7393136
2923,2026-07-30,-0.13107312,-0.06738587,0.01692432,0.016358031,-7.744203
1416,2026-07-30,-0.14832573,-0.15197979,0.01913453,0.017244922,-7.751325
2947,2026-07-30,-0.12858662,-0.17001396,0.016571173,0.019301815,-7.7591887
6576,2026-07-30,-0.12509917,-0.06201472,0.016086187,0.018950874,-7.7763233
5014,2026-07-30,-0.1696226,-0.16098407,0.021772416,0.018804012,-7.790353
5538,2026-07-30,-0.12921444,-0.10897349,0.016585093,0.020252567,-7.790529
2221,2026-07-30,-0.14283718,-0.17098755,0.018329434,0.019045351,-7.7923512
9934,2026-07-30,-0.1451341,-0.13331608,0.018622732,0.014494304,-7.792966
4417,2026-07-30,-0.11884114,-0.1422431,0.015229824,0.01566467,-7.802673
4155,2026-07-30,-0.1328167,-0.14327526,0.0170109,0.01772069,-7.8072824
1731,2026-07-30,-0.12437638,-0.14848067,0.015921528,0.020980123,-7.8113465
3043,2026-07-30,-0.1481816,-0.25296697,0.018965151,0.020692855,-7.8129506
4109,2026-07-30,-0.1750125,-0.2387446,0.022385163,0.023990689,-7.8178873
6969,2026-07-30,-0.16130261,-0.23483393,0.02062284,0.022983778,-7.821172
7722,2026-07-30,-0.12743646,-0.1763242,0.01628767,0.016609805,-7.823626
3310,2026-07-30,-0.19278751,-0.2451987,0.02458343,0.02575702,-7.841854
1615,2026-07-30,-0.11441113,-0.10928313,0.014569274,0.018003156,-7.8523664
8374,2026-07-30,-0.14138642,-0.21377544,0.018002516,0.019833062,-7.853267
4767,2026-07-30,-0.15592654,-0.19711795,0.019828748,0.024883678,-7.8632636
8101,2026-07-30,-0.15156217,-0.24461572,0.019266777,0.023917021,-7.866095
1256,2026-07-30,-0.13512497,-0.17958012,0.017135365,0.023244169,-7.885276
9907,2026-07-30,-0.10925182,-0.07282048,0.013834005,0.014827181,-7.896767
2109,2026-07-30,-0.17381586,-0.16222665,0.02193579,0.021121336,-7.923486
6167,2026-07-30,-0.16536096,-0.2679594,0.020863742,0.036086157,-7.9253774
3541,2026-07-30,-0.104321055,-0.17370678,0.01314839,0.020195143,-7.933528
4413,2026-07-30,-0.16095425,-0.25090802,0.020258935,0.022729414,-7.9444604
6534,2026-07-30,-0.16489725,-0.15176797,0.020740565,0.01984127,-7.950087
9917,2026-07-30,-0.098513104,-0.08691333,0.012356216,0.015799798,-7.972111
3609,2026-07-30,-0.1714827,-0.24564657,0.021462511,0.021945188,-7.9894986
6899,2026-07-30,-0.14572284,-0.21872479,0.018225092,0.018298922,-7.9952865
2034,2026-07-30,-0.1474266,-0.07552156,0.018429678,0.020599015,-7.998979
6561,2026-07-30,-0.13911152,-0.20256343,0.017357837,0.021997416,-8.013873
4401,2026-07-30,-0.0957963,-0.14051865,0.01187403,0.019302474,-8.067037
5603,2026-07-30,-0.17639263,-0.17949551,0.021838965,0.01877499,-8.076598
3234,2026-07-30,-0.1526572,-0.19964546,0.01884668,0.027568629,-8.099522
1445,2026-07-30,-0.16998237,-0.26568237,0.020979535,0.024906509,-8.101909
4442,2026-07-30,-0.14136931,-0.16922589,0.01743963,0.022661582,-8.105745
1521,2026-07-30,-0.17413102,-0.16787386,0.021451583,0.020148888,-8.117019
1723,2026-07-30,-0.16120209,-0.15394077,0.019858675,0.017388785,-8.117056
5202,2026-07-30,-0.14784306,-0.27490938,0.01818587,0.027537556,-8.129109
5007,2026-07-30,-0.15582086,-0.11660277,0.019144997,0.02020785,-8.13856
5474,2026-07-30,-0.09772086,-0.20256287,0.011980305,0.015465076,-8.156111
1598,2026-07-30,-0.18752305,-0.20235287,0.02298944,0.023964457,-8.156566
2101,2026-07-30,-0.3111247,-0.36729127,0.038086884,0.038143575,-8.168601
4198,2026-07-30,-0.17813803,-0.2718013,0.02179249,0.027048098,-8.17391
1733,2026-07-30,-0.12961006,-0.14624201,0.015821528,0.018177375,-8.191489
1558,2026-07-30,-0.14046115,-0.15565468,0.017114999,0.018045016,-8.206424
6150,2026-07-30,-0.14466117,-0.24062958,0.017620314,0.024147088,-8.209443
1232,2026-07-30,-0.14117117,-0.102193005,0.017180827,0.021670464,-8.216308
3716,2026-07-30,-0.18291457,-0.20356296,0.022213068,0.01939497,-8.234177
2904,2026-07-30,-0.17472842,-0.19761857,0.021153647,0.021993011,-8.259576
6811,2026-07-30,-0.11119388,-0.14481647,0.013459571,0.016244331,-8.260711
4568,2026-07-30,-0.15288042,-0.18566974,0.01849274,0.018717058,-8.266603
2468,2026-07-30,-0.14420086,-0.27182093,0.017440384,0.02281986,-8.267741
3687,2026-07-30,-0.13114859,-0.20606081,0.015857976,0.019976689,-8.269676
6221,2026-07-30,-0.14112972,-0.18249126,0.017053345,0.023724364,-8.275293
2704,2026-07-30,-0.15204474,-0.16225223,0.018372007,0.020784447,-8.275441
4406,2026-07-30,-0.14496775,-0.18944928,0.017514793,0.024462879,-8.276402
1234,2026-07-30,-0.17458881,-0.14619477,0.021081002,0.021778781,-8.281415
5310,2026-07-30,-0.17215653,-0.253898,0.020776281,0.022954047,-8.285807
3631,2026-07-30,-0.13501717,-0.18818046,0.016292753,0.02007363,-8.286438
4538,2026-07-30,-0.14258534,-0.18976928,0.01718892,0.018180931,-8.294706
2734,2026-07-30,-0.15396987,-0.21337944,0.018539082,0.019509306,-8.304703
2477,2026-07-30,-0.19203638,-0.21302249,0.023119083,0.024560241,-8.306042
2752,2026-07-30,-0.12307111,-0.15537363,0.014813603,0.016663823,-8.307419
2228,2026-07-30,-0.19928098,-0.239028,0.023982087,0.023563638,-8.30923
7740,2026-07-30,-0.1690897,-0.27972957,0.02032206,0.02588457,-8.32009
6741,2026-07-30,-0.16116625,-0.18112269,0.019366208,0.01944802,-8.321605
9911,2026-07-30,-0.16545929,-0.13322315,0.019828964,0.02138586,-8.343903
4106,2026-07-30,-0.14218062,-0.17417818,0.01703402,0.02023377,-8.346373
2706,2026-07-30,-0.11904264,-0.12467752,0.01426169,0.015335838,-8.3464365
4157,2026-07-30,-0.1531493,-0.22917853,0.018347083,0.017890442,-8.346884
2755,2026-07-30,-0.120081015,-0.17153989,0.014371542,0.020408062,-8.35489
5210,2026-07-30,-0.117068306,-0.1544634,0.013993784,0.016085435,-8.365138
2023,2026-07-30,-0.12104546,-0.09056825,0.014461592,0.014773969,-8.369555
9962,2026-07-30,-0.1503465,-0.16678143,0.01794416,0.020312764,-8.378108
4131,2026-07-30,-0.18439938,-0.27173355,0.022003826,0.030162834,-8.3799515
3040,2026-07-30,-0.2005929,-0.24933161,0.02390401,0.0247842,-8.39125
1504,2026-07-30,-0.12438194,-0.18486266,0.014819477,0.016890751,-8.392573
6615,2026-07-30,-0.13119797,-0.20188615,0.015620988,0.02113361,-8.39829
6612,2026-07-30,-0.1721664,-0.18494876,0.020469338,0.016969882,-8.410531
6195,2026-07-30,-0.11472191,-0.15909506,0.013634275,0.016452117,-8.413611
8432,2026-07-30,-0.13344282,-0.1855244,0.015840089,0.01993178,-8.423841
6464,2026-07-30,-0.112587966,-0.13167953,0.013345445,0.01566155,-8.435802
6201,2026-07-30,-0.1691756,-0.20163374,0.020029185,0.020493006,-8.446033
2247,2026-07-30,-0.10209351,-0.1278093,0.01208428,0.013876723,-8.447757
1466,2026-07-30,-0.17439063,-0.2335728,0.020632567,0.028054882,-8.451793
2108,2026-07-30,-0.14648463,-0.12985197,0.017329335,0.020139346,-8.452498
8423,2026-07-30,-0.14011785,-0.14560804,0.016553814,0.017936524,-8.463874
1337,2026-07-30,-0.1491058,-0.21689367,0.017590143,0.027158376,-8.476186
9930,2026-07-30,-0.19218285,-0.17673005,0.022654273,0.019282348,-8.48292
1464,2026-07-30,-0.1893614,-0.21005513,0.022305453,0.019231077,-8.489085
2230,2026-07-30,-0.25384,-0.3105876,0.029889416,0.029901678,-8.492354
3029,2026-07-30,-0.12759481,-0.15308088,0.015022623,0.01719887,-8.492946
4205,2026-07-30,-0.13870074,-0.16996336,0.016321179,0.020120904,-8.497685
2397,2026-07-30,-0.13896717,-0.18330307,0.016346222,0.023563951,-8.500965
4746,2026-07-30,-0.14749281,-0.18788531,0.01734795,0.021820433,-8.501541
9136,2026-07-30,-0.17416264,-0.25956795,0.020469567,0.02273555,-8.507954
3169,2026-07-30,-0.13963334,-0.23472708,0.01641021,0.02082765,-8.508412
1536,2026-07-30,-0.17633648,-0.2866433,0.020678,0.022541052,-8.527321
8011,2026-07-30,-0.15420526,-0.22774214,0.018066332,0.02164547,-8.535032
2104,2026-07-30,-0.15645543,-0.18703084,0.018321218,0.018988758,-8.539109
6922,2026-07-30,-0.13931075,-0.19695936,0.016295513,0.021744506,-8.5485
1109,2026-07-30,-0.1972093,-0.12742987,0.022976505,0.021827016,-8.582711
4128,2026-07-30,-0.121533364,-0.20703436,0.014101983,0.019426528,-8.617564
1240,2026-07-30,-0.17285976,-0.18475358,0.020057902,0.018472878,-8.617608
8930,2026-07-30,-0.105168186,-0.09574144,0.012183475,0.010987615,-8.631327
1455,2026-07-30,-0.11137201,-0.14355293,0.012857832,0.016552627,-8.661129
1541,2026-07-30,-0.15146789,-0.22416054,0.017464543,0.0168235,-8.672383
3713,2026-07-30,-0.15228799,-0.21457785,0.017552346,0.018153159,-8.675724
6418,2026-07-30,-0.23326162,-0.38262233,0.026882362,0.031560402,-8.676803
4108,2026-07-30,-0.17657016,-0.21976909,0.0203405,0.023352027,-8.680292
8066,2026-07-30,-0.15817867,-0.2213583,0.018147986,0.02671896,-8.715565
8436,2026-07-30,-0.17457992,-0.21490207,0.020024924,0.02500473,-8.717696
2062,2026-07-30,-0.19841157,-0.19118519,0.022703715,0.022123031,-8.738783
1468,2026-07-30,-0.11648531,-0.10147325,0.013310916,0.015231145,-8.750454
6538,2026-07-30,-0.22679786,-0.318789,0.025875816,0.02649827,-8.76452
3546,2026-07-30,-0.1553077,-0.19163279,0.017698087,0.020052226,-8.774899
1506,2026-07-30,-0.15950723,-0.1701027,0.01815124,0.019002704,-8.787192
9924,2026-07-30,-0.17261513,-0.17335214,0.019639513,0.021839788,-8.788728
1742,2026-07-30,-0.20218116,-0.2612227,0.02291091,0.02634196,-8.824283
4137,2026-07-30,-0.15673551,-0.16624862,0.017743161,0.019280618,-8.833076
4528,2026-07-30,-0.14533679,-0.20391795,0.016444553,0.022913901,-8.837453
1525,2026-07-30,-0.19602472,-0.20722277,0.02217788,0.020538596,-8.83835
5607,2026-07-30,-0.11381202,-0.067253366,0.012850472,0.012284102,-8.855952
2063,2026-07-30,-0.14996764,-0.16901131,0.016920574,0.01993867,-8.862512
3206,2026-07-30,-0.11959565,-0.21084926,0.013490679,0.017816506,-8.864401
4190,2026-07-30,-0.13966216,-0.16819742,0.015728805,0.016905949,-8.878823
4142,2026-07-30,-0.16523471,-0.25019822,0.018546375,0.023737395,-8.9087925
5701,2026-07-30,-0.10390822,-0.1500879,0.011660764,0.009279976,-8.910163
1338,2026-07-30,-0.14149825,-0.18226156,0.015856491,0.016764315,-8.923117
1460,2026-07-30,-0.11038678,-0.13375613,0.012355375,0.017878277,-8.933589
6902,2026-07-30,-0.14554249,-0.19583647,0.016281275,0.01677079,-8.938707
5364,2026-07-30,-0.1623251,-0.231762,0.018097099,0.021022355,-8.969179
6133,2026-07-30,-0.18054505,-0.28070337,0.020126246,0.023061054,-8.970181
6596,2026-07-30,-0.16508588,-0.22554241,0.018387819,0.018875513,-8.977514
8421,2026-07-30,-0.15518446,-0.1867153,0.017276825,0.021763502,-8.981712
5312,2026-07-30,-0.16600746,-0.18423027,0.018479062,0.021046532,-8.983057
2901,2026-07-30,-0.21234833,-0.25098464,0.023620246,0.024752067,-8.9897175
6965,2026-07-30,-0.1341848,-0.13960631,0.014911216,0.017344858,-8.998313
6603,2026-07-30,-0.2342418,-0.3393584,0.02602078,0.027632372,-9.00176
9908,2026-07-30,-0.13338993,-0.115391515,0.0147921285,0.015483318,-9.01702
8442,2026-07-30,-0.19897868,-0.17572719,0.022016237,0.024151383,-9.037405
6914,2026-07-30,-0.12433599,-0.14269239,0.013755769,0.012760961,-9.038168
6720,2026-07-30,-0.2006517,-0.31910732,0.022180375,0.026743295,-9.045955
1321,2026-07-30,-0.16364375,-0.18914427,0.018063804,0.02069556,-9.058705
5201,2026-07-30,-0.18392058,-0.26387414,0.020290026,0.02444949,-9.064134
1530,2026-07-30,-0.12861069,-0.16838646,0.014177299,0.019135848,-9.070953
9928,2026-07-30,-0.13114306,-0.16214305,0.014455436,0.014967793,-9.071604
6929,2026-07-30,-0.19604772,-0.2715856,0.021608535,0.024493996,-9.072278
1583,2026-07-30,-0.15163368,-0.19172567,0.016693316,0.018412748,-9.0829525
9955,2026-07-30,-0.14180772,-0.24714522,0.01559389,0.018427184,-9.093217
6482,2026-07-30,-0.14172022,-0.22277492,0.015576075,0.021648347,-9.098
1473,2026-07-30,-0.22493106,-0.23120208,0.02469166,0.029157294,-9.109227
2013,2026-07-30,-0.17047288,-0.16827561,0.018705115,0.0194114,-9.113216
8072,2026-07-30,-0.12894014,-0.2164076,0.014132307,0.021136725,-9.123139
1217,2026-07-30,-0.14480156,-0.1508076,0.015865102,0.020622572,-9.126473
5398,2026-07-30,-0.14614707,-0.24236189,0.016007125,0.025338406,-9.129556
6641,2026-07-30,-0.13450433,-0.15132256,0.0147245405,0.01934314,-9.134085
6118,2026-07-30,-0.1819039,-0.28306684,0.019905489,0.02497799,-9.137919
7732,2026-07-30,-0.20373395,-0.2309195,0.022273878,0.020632433,-9.146356
5450,2026-07-30,-0.20829913,-0.2608063,0.022749461,0.023640096,-9.15582
1604,2026-07-30,-0.12851723,-0.14797114,0.014027473,0.015582535,-9.16117
8941,2026-07-30,-0.1624116,-0.17354411,0.017714493,0.019145185,-9.167772
8937,2026-07-30,-0.3911222,-0.560213,0.042648792,0.05281715,-9.170553
5306,2026-07-30,-0.16186373,-0.1377334,0.017599892,0.014871419,-9.196337
3232,2026-07-30,-0.1343029,-0.20944685,0.014600962,0.01963206,-9.197593
5514,2026-07-30,-0.21827747,-0.24561243,0.023729818,0.027582947,-9.198059
1702,2026-07-30,-0.18207306,-0.15270999,0.019773431,0.018413054,-9.207499
2430,2026-07-30,-0.14154267,-0.19276044,0.0153634725,0.016504858,-9.212336
1517,2026-07-30,-0.19471286,-0.20663399,0.021101793,0.023383405,-9.226876
6130,2026-07-30,-0.21869741,-0.29494718,0.023676524,0.020805907,-9.236499
9926,2026-07-30,-0.14058748,-0.12890604,0.015214514,0.01729734,-9.239745
8411,2026-07-30,-0.13241073,-0.15075153,0.014327624,0.014816421,-9.240994
1418,2026-07-30,-0.14279121,-0.19988036,0.01545041,0.015353339,-9.241306
6928,2026-07-30,-0.19843626,-0.28132242,0.021440728,0.02571198,-9.254677
8341,2026-07-30,-0.19692999,-0.17348449,0.021277225,0.02307102,-9.255001
8463,2026-07-30,-0.21911554,-0.2270057,0.02365057,0.024107007,-9.264313
2524,2026-07-30,-0.23042685,-0.25627568,0.024833491,0.017912,-9.278501
6005,2026-07-30,-0.19590603,-0.18819067,0.021103099,0.023555825,-9.282843
8403,2026-07-30,-0.17898868,-0.21778676,0.019222323,0.022643125,-9.311017
1104,2026-07-30,-0.16391216,-0.08098338,0.0175846,0.015199377,-9.320817
6185,2026-07-30,-0.121003576,-0.18594469,0.0129781775,0.020982811,-9.3229
7718,2026-07-30,-0.14956184,-0.1696745,0.016029164,0.021368057,-9.330025
1413,2026-07-30,-0.14574617,-0.15939601,0.015595552,0.016703134,-9.344769
1813,2026-07-30,-0.1831099,-0.23721765,0.019514378,0.021449927,-9.382852
6122,2026-07-30,-0.15043166,-0.20119628,0.016015531,0.016165389,-9.392275
2705,2026-07-30,-0.11932549,-0.1762605,0.012696595,0.015406887,-9.397488
2496,2026-07-30,-0.17105295,-0.1693209,0.018197669,0.02242241,-9.399201
1446,2026-07-30,-0.14843503,-0.16484682,0.015789721,0.016023992,-9.400142
5490,2026-07-30,-0.26981404,-0.30361766,0.02861163,0.02190632,-9.4298935
6581,2026-07-30,-0.13546158,-0.14044315,0.014332485,0.013394161,-9.450707
6655,2026-07-30,-0.21502475,-0.24944185,0.022748426,0.024236416,-9.451876
5531,2026-07-30,-0.19595306,-0.17515047,0.020717142,0.020467617,-9.458042
2820,2026-07-30,-0.15051061,-0.046582602,0.0158521,0.015026424,-9.494081
1423,2026-07-30,-0.16753355,-0.22303514,0.017642243,0.022095429,-9.495621
8488,2026-07-30,-0.19317232,-0.19895394,0.020336425,0.023817787,-9.498366
2640,2026-07-30,-0.1709713,-0.2113828,0.01798764,0.024930838,-9.504404
2880,2026-07-30,-0.16825704,-0.11256529,0.017690117,0.018775119,-9.510821
7736,2026-07-30,-0.16876888,-0.21632054,0.017729696,0.019058838,-9.518457
3171,2026-07-30,-0.20510378,-0.23713043,0.02154108,0.02573207,-9.521076
8349,2026-07-30,-0.2253681,-0.20119728,0.023634328,0.021101335,-9.535222
8354,2026-07-30,-0.15122013,-0.18666576,0.015835369,0.022991765,-9.548914
1789,2026-07-30,-0.19748971,-0.17438537,0.020642305,0.02143447,-9.566768
1475,2026-07-30,-0.15700363,-0.20078936,0.01639393,0.0188268,-9.576352
5704,2026-07-30,-0.15204105,-0.17303988,0.01580144,0.014797783,-9.621365
6743,2026-07-30,-0.2087397,-0.21713547,0.021613238,0.024845267,-9.657509
2031,2026-07-30,-0.19837713,-0.1461282,0.020539492,0.023518767,-9.657857
3052,2026-07-30,-0.14621164,-0.13375528,0.015123402,0.020863675,-9.667268
1524,2026-07-30,-0.14898358,-0.2107885,0.015395267,0.017869197,-9.676604
3083,2026-07-30,-0.17231503,-0.22245903,0.01775844,0.019597135,-9.702728
1616,2026-07-30,-0.22717999,-0.30238977,0.02339149,0.026308043,-9.711663
1417,2026-07-30,-0.1607438,-0.21538366,0.016550262,0.019044988,-9.711876
2740,2026-07-30,-0.16213825,-0.24915369,0.016651101,0.02341194,-9.736804
6637,2026-07-30,-0.16361952,-0.23739852,0.016799876,0.020334927,-9.738749
3501,2026-07-30,-0.19604509,-0.23471498,0.020108921,0.020705335,-9.748674
4513,2026-07-30,-0.18958925,-0.25922742,0.01944102,0.027285727,-9.75152
6840,2026-07-30,-0.15722522,-0.26419201,0.016117271,0.02720519,-9.754472
4420,2026-07-30,-0.18437144,-0.24228884,0.018838901,0.021985635,-9.7862215
2009,2026-07-30,-0.16847338,-0.1908442,0.017181488,0.017519051,-9.804947
6752,2026-07-30,-0.15450564,-0.24380223,0.015749883,0.023464203,-9.809332
2008,2026-07-30,-0.19990811,-0.17059992,0.020366928,0.024129763,-9.814848
4557,2026-07-30,-0.13566674,-0.15093891,0.013772105,0.014932041,-9.850121
4439,2026-07-30,-0.13324693,-0.12967534,0.013523204,0.019749112,-9.852478
6243,2026-07-30,-0.24042527,-0.27764085,0.024380863,0.028729845,-9.860825
3664,2026-07-30,-0.22057317,-0.26196852,0.022335589,0.024610076,-9.874971
4147,2026-07-30,-0.20584379,-0.3103222,0.020820027,0.021097833,-9.886342
1784,2026-07-30,-0.24122974,-0.34554783,0.024396403,0.029813942,-9.887517
2069,2026-07-30,-0.19462301,-0.16873288,0.0196348,0.02364561,-9.911641
6208,2026-07-30,-0.14218412,-0.18663688,0.014327898,0.013928419,-9.922894
3666,2026-07-30,-0.1609498,-0.26003197,0.016205538,0.0228357,-9.931165
1454,2026-07-30,-0.23875318,-0.29476458,0.024005365,0.028214118,-9.945412
2849,2026-07-30,-0.14160238,-0.07390833,0.01423076,0.012981438,-9.949745
1909,2026-07-30,-0.18056494,-0.17819105,0.01814358,0.023655882,-9.951453
1535,2026-07-30,-0.13219503,-0.13900286,0.013277411,0.013314224,-9.955635
6123,2026-07-30,-0.1422973,-0.19961399,0.014248242,0.017142426,-9.986306
1259,2026-07-30,-0.18831477,-0.23547195,0.018839624,0.01820663,-9.995145
8472,2026-07-30,-0.22176379,-0.2788796,0.022152163,0.022886699,-10.01048
2906,2026-07-30,-0.15024185,-0.18001264,0.014975587,0.017713064,-10.031781
2250,2026-07-30,-0.20750862,-0.29933867,0.020577734,0.017441,-10.083644
6918,2026-07-30,-0.1798181,-0.21651597,0.017796772,0.022069806,-10.103405
1760,2026-07-30,-0.17617066,-0.23733772,0.017417664,0.024793655,-10.113902
8089,2026-07-30,-0.29447562,-0.3667855,0.02904543,0.03770394,-10.138101
9940,2026-07-30,-0.15427977,-0.107686505,0.015182043,0.015865615,-10.161321
8429,2026-07-30,-0.18135186,-0.21253107,0.017833434,0.021234311,-10.168635
6184,2026-07-30,-0.19315451,-0.20900513,0.018988516,0.021289319,-10.171639
8482,2026-07-30,-0.16232386,-0.14047529,0.015954735,0.01676747,-10.173387
3226,2026-07-30,-0.20131175,-0.23672037,0.0197832,0.020622863,-10.17538
1599,2026-07-30,-0.20021404,-0.25592956,0.019650405,0.023424996,-10.188281
1325,2026-07-30,-0.18543154,-0.24078536,0.01817173,0.026209893,-10.2038355
8171,2026-07-30,-0.2477012,-0.33515152,0.024259822,0.023906022,-10.209926
4121,2026-07-30,-0.19503012,-0.2451767,0.019032806,0.02269034,-10.246511
2601,2026-07-30,-0.19721457,-0.2137696,0.019233912,0.020754987,-10.252949
6763,2026-07-30,-0.20398337,-0.24002473,0.019870345,0.02568903,-10.265202
8940,2026-07-30,-0.15995318,-0.2025569,0.015573476,0.016225632,-10.270212
2065,2026-07-30,-0.1640854,-0.1732362,0.01597137,0.01752594,-10.273078
6629,2026-07-30,-0.20363575,-0.19807252,0.01980109,0.0251226,-10.283548
4174,2026-07-30,-0.21750833,-0.31353596,0.021120414,0.027873226,-10.298
2939,2026-07-30,-0.19539656,-0.24746396,0.018953823,0.026347335,-10.30854
9914,2026-07-30,-0.17966433,-0.1414978,0.017419081,0.025420615,-10.313633
6791,2026-07-30,-0.22675599,-0.35231298,0.021975217,0.027766617,-10.318245
6578,2026-07-30,-0.18208976,-0.21329512,0.017643007,0.01695524,-10.320205
1786,2026-07-30,-0.210103,-0.2857285,0.02033709,0.02118558,-10.330518
6919,2026-07-30,-0.22946687,-0.29345205,0.022195572,0.028480787,-10.337942
1463,2026-07-30,-0.19447388,-0.18446358,0.018802889,0.019005101,-10.342216
8440,2026-07-30,-0.16912836,-0.2599367,0.016350554,0.019212121,-10.343259
6952,2026-07-30,-0.2619199,-0.26288202,0.025321703,0.029252285,-10.343283
1762,2026-07-30,-0.18350372,-0.20640764,0.017731955,0.019487448,-10.348174
5225,2026-07-30,-0.1963108,-0.21036355,0.018966332,0.01765756,-10.349943
3047,2026-07-30,-0.15556583,-0.2628621,0.015007852,0.0236426,-10.364939
8426,2026-07-30,-0.20551841,-0.2236908,0.01976788,0.020562641,-10.396057
6024,2026-07-30,-0.19498786,-0.106076494,0.018750126,0.018693816,-10.398728
3434,2026-07-30,-0.1858312,-0.2720455,0.017866313,0.018832128,-10.400623
6807,2026-07-30,-0.1856053,-0.16920331,0.0178441,0.018481998,-10.400911
2745,2026-07-30,-0.13541836,-0.19352677,0.013009409,0.019043496,-10.408463
1732,2026-07-30,-0.17205912,-0.21414505,0.016510721,0.01911729,-10.420423
5016,2026-07-30,-0.20659567,-0.18861303,0.019805389,0.019532878,-10.430759
1233,2026-07-30,-0.17961706,-0.19409898,0.017165782,0.01752707,-10.463059
6616,2026-07-30,-0.1913306,-0.21113011,0.01823515,0.021469051,-10.49183
2732,2026-07-30,-0.1832842,-0.22902553,0.017462214,0.02157239,-10.495444
3176,2026-07-30,-0.2360247,-0.25949466,0.022403633,0.022164203,-10.534637
2751,2026-07-30,-0.2266958,-0.29419068,0.021476494,0.022124711,-10.555039
1603,2026-07-30,-0.20457515,-0.19532715,0.019352105,0.019021755,-10.570663
6625,2026-07-30,-0.15567912,-0.13368915,0.01472022,0.017627392,-10.5751505
6843,2026-07-30,-0.16789429,-0.26453397,0.015856795,0.019602677,-10.587493
9931,2026-07-30,-0.18109833,-0.20214324,0.017008673,0.015101873,-10.646785
4161,2026-07-30,-0.23513927,-0.26521263,0.022074534,0.022098921,-10.651578
9937,2026-07-30,-0.17152652,-0.15334302,0.016076894,0.019147068,-10.668469
6461,2026-07-30,-0.20257868,-0.24562581,0.018986821,0.025670065,-10.668874
8908,2026-07-30,-0.21690995,-0.2459957,0.020298278,0.022238765,-10.685599
6248,2026-07-30,-0.2000154,-0.18153061,0.018646711,0.018103974,-10.726002
6728,2026-07-30,-0.20624064,-0.23010488,0.019211387,0.021061484,-10.734774
5013,2026-07-30,-0.16967754,-0.18409008,0.015771942,0.01907389,-10.757507
5487,2026-07-30,-0.20298465,-0.287573,0.018859893,0.0218704,-10.762197
6516,2026-07-30,-0.17161658,-0.25410792,0.015919296,0.023171062,-10.779736
1108,2026-07-30,-0.22869548,-0.19182183,0.021188155,0.017098138,-10.793044
4127,2026-07-30,-0.24589883,-0.2601282,0.02277453,0.022159101,-10.796623
6432,2026-07-30,-0.24029122,-0.34849566,0.022250928,0.026274014,-10.79867
5706,2026-07-30,-0.16116342,-0.19241777,0.01487267,0.017207159,-10.8354845
3252,2026-07-30,-0.13741882,-0.14997014,0.012672681,0.014005711,-10.84285
7765,2026-07-30,-0.1754056,-0.21632761,0.01617135,0.019245319,-10.846019
3570,2026-07-30,-0.14826861,-0.18825775,0.013667633,0.018952755,-10.847362
6496,2026-07-30,-0.2547574,-0.31458518,0.023449123,0.026410993,-10.863798
4138,2026-07-30,-0.18962176,-0.22028099,0.017403344,0.017219437,-10.895082
4930,2026-07-30,-0.18481122,-0.23963837,0.01693795,0.02009226,-10.910429
3004,2026-07-30,-0.22310336,-0.25746238,0.020431776,0.026025632,-10.918897
4523,2026-07-30,-0.22325338,-0.27321795,0.020384457,0.020736799,-10.9516
4402,2026-07-30,-0.13602053,-0.18612775,0.012371729,0.019429924,-10.993575
2007,2026-07-30,-0.2031051,-0.23810588,0.018401338,0.01845213,-11.036919
2014,2026-07-30,-0.20925069,-0.18394849,0.018954491,0.017339097,-11.039054
1323,2026-07-30,-0.15353489,-0.17082576,0.0138794435,0.022206318,-11.061237
4907,2026-07-30,-0.23346713,-0.23425569,0.021087168,0.021985566,-11.071001
2613,2026-07-30,-0.2376105,-0.25367174,0.021442987,0.021899488,-11.080519
2929,2026-07-30,-0.17726971,-0.1748101,0.015972102,0.019534387,-11.098014
4549,2026-07-30,-0.19280915,-0.2899722,0.017368168,0.024433915,-11.100656
2530,2026-07-30,-0.37837467,-0.42566058,0.034019776,0.04034668,-11.121871
6148,2026-07-30,-0.22009328,-0.39359844,0.01978214,0.030899014,-11.125295
2748,2026-07-30,-0.16113475,-0.18118335,0.014478058,0.018046007,-11.128815
4572,2026-07-30,-0.19391318,-0.22158167,0.017390778,0.018899027,-11.149704
9902,2026-07-30,-0.21908817,-0.28165096,0.01964165,0.021057757,-11.153696
2910,2026-07-30,-0.33086503,-0.34046605,0.029649602,0.03417224,-11.158796
4737,2026-07-30,-0.29766777,-0.29129538,0.02663531,0.030944325,-11.175263
4911,2026-07-30,-0.23405752,-0.2818122,0.020899957,0.023023546,-11.198411
4171,2026-07-30,-0.18577304,-0.22974075,0.016552767,0.017074822,-11.222403
8473,2026-07-30,-0.15089731,-0.1368687,0.013439132,0.015864667,-11.227368
5321,2026-07-30,-0.32227123,-0.3681623,0.028691791,0.021658987,-11.231784
8929,2026-07-30,-0.16433421,-0.22133334,0.0146250725,0.017176718,-11.2357025
2020,2026-07-30,-0.19068842,-0.1456728,0.016909111,0.01632074,-11.276591
4935,2026-07-30,-0.1480259,-0.20410512,0.01311716,0.016743885,-11.284044
8404,2026-07-30,-0.17396228,-0.17425476,0.015363169,0.015319669,-11.322596
8489,2026-07-30,-0.1920534,-0.2681252,0.016960802,0.01882008,-11.3227005
2643,2026-07-30,-0.20549059,-0.18472113,0.018131575,0.019071925,-11.332676
3646,2026-07-30,-0.23081213,-0.2663091,0.020305412,0.029366143,-11.366466
5902,2026-07-30,-0.23514865,-0.24226812,0.020681573,0.023201922,-11.36941
1235,2026-07-30,-0.257643,-0.27689898,0.022647562,0.021781674,-11.3756895
1443,2026-07-30,-0.23471919,-0.24442877,0.02060913,0.019440608,-11.3885355
4438,2026-07-30,-0.29450187,-0.29293168,0.025744393,0.024520509,-11.439013
8917,2026-07-30,-0.23289579,-0.24534711,0.02035401,0.021205533,-11.441693
1587,2026-07-30,-0.18831937,-0.2748407,0.016447484,0.019306453,-11.44904
2032,2026-07-30,-0.25035363,-0.26196322,0.021860791,0.020131445,-11.451653
2722,2026-07-30,-0.22331187,-0.27317178,0.019478317,0.023138043,-11.46405
2916,2026-07-30,-0.17587467,-0.17893171,0.015320285,0.017783077,-11.479106
4747,2026-07-30,-0.21108519,-0.2418826,0.018328866,0.018493824,-11.515915
6294,2026-07-30,-0.2587944,-0.36153078,0.02236896,0.026879907,-11.568836
2033,2026-07-30,-0.20600824,-0.25158346,0.017761381,0.022421332,-11.598008
8916,2026-07-30,-0.24540444,-0.22039291,0.021095248,0.015688136,-11.63261
1526,2026-07-30,-0.23139626,-0.29604757,0.019868804,0.025132384,-11.645623
1219,2026-07-30,-0.21102291,-0.2042936,0.018034289,0.020302942,-11.700557
2024,2026-07-30,-0.21803421,-0.19460188,0.018612882,0.019198911,-11.713527
1203,2026-07-30,-0.19479045,-0.19835933,0.016595494,0.020873928,-11.736843
2756,2026-07-30,-0.24806839,-0.32084477,0.021106273,0.019966407,-11.752745
6841,2026-07-30,-0.20466855,-0.20610203,0.017407894,0.020586757,-11.756551
4426,2026-07-30,-0.19945964,-0.26729202,0.016944965,0.02598784,-11.770332
2254,2026-07-30,-0.27415687,-0.2780065,0.023256911,0.023872862,-11.787683
3552,2026-07-30,-0.16720703,-0.23963805,0.01417091,0.022336544,-11.798482
2514,2026-07-30,-0.17383966,-0.23878305,0.014717401,0.019334521,-11.811042
2258,2026-07-30,-0.17995605,-0.17452674,0.015227244,0.014678649,-11.817255
8401,2026-07-30,-0.18118045,-0.192357,0.015330824,0.018304458,-11.817279
1799,2026-07-30,-0.2500267,-0.27679107,0.02114918,0.025654413,-11.821492
7780,2026-07-30,-0.16633439,-0.17520477,0.014068087,0.0167553,-11.822685
6874,2026-07-30,-0.19867423,-0.2906466,0.016706418,0.021444883,-11.891378
1614,2026-07-30,-0.20663467,-0.22010422,0.017302183,0.018490177,-11.942003
5283,2026-07-30,-0.15840337,-0.21727696,0.013235212,0.016252793,-11.967424
6931,2026-07-30,-0.19894928,-0.24853325,0.016581398,0.017629974,-11.997619
6504,2026-07-30,-0.30662015,-0.30438122,0.02549853,0.026067354,-12.024541
1796,2026-07-30,-0.26127785,-0.364535,0.021701265,0.0233652,-12.039197
4166,2026-07-30,-0.21609198,-0.23352037,0.017934928,0.019774893,-12.047996
2754,2026-07-30,-0.18664573,-0.21392559,0.015432928,0.019652639,-12.09321
2723,2026-07-30,-0.15249676,-0.16519086,0.012585671,0.014795583,-12.115734
3205,2026-07-30,-0.1998239,-0.25791344,0.016452953,0.020306654,-12.144431
6923,2026-07-30,-0.18430884,-0.24536568,0.015174342,0.021112781,-12.145284
6794,2026-07-30,-0.24800651,-0.30700186,0.020404423,0.020995209,-12.153951
8467,2026-07-30,-0.20795454,-0.26947844,0.017079797,0.022243096,-12.174756
2712,2026-07-30,-0.18490852,-0.23393027,0.015182083,0.02140847,-12.178589
3669,2026-07-30,-0.19785339,-0.2797825,0.016196273,0.021192497,-12.215228
6657,2026-07-30,-0.19761309,-0.2791052,0.016095858,0.023036709,-12.276501
2239,2026-07-30,-0.22717133,-0.24976295,0.018437883,0.017801926,-12.320232
1201,2026-07-30,-0.23907919,-0.24684699,0.019388009,0.021763371,-12.330655
4912,2026-07-30,-0.18514252,-0.2362179,0.0149985375,0.018252552,-12.343215
7642,2026-07-30,-0.27175578,-0.31561163,0.021972708,0.024226073,-12.367315
1225,2026-07-30,-0.20793843,-0.25059962,0.01678931,0.02110075,-12.384431
4728,2026-07-30,-0.1691073,-0.16582212,0.013625471,0.01574479,-12.410205
1532,2026-07-30,-0.18490343,-0.17341986,0.014874221,0.01840092,-12.430298
4414,2026-07-30,-0.18149808,-0.23796369,0.014593388,0.017674576,-12.436155
6582,2026-07-30,-0.19598635,-0.1841569,0.015731934,0.014423541,-12.457075
6804,2026-07-30,-0.20167701,-0.20989622,0.016157243,0.024459846,-12.48137
9935,2026-07-30,-0.18132639,-0.17131239,0.014454701,0.018251574,-12.54359
2025,2026-07-30,-0.21742369,-0.2135841,0.017272834,0.021270335,-12.586881
1236,2026-07-30,-0.23345804,-0.27409506,0.018492347,0.019748595,-12.623894
4164,2026-07-30,-0.15818246,-0.14153065,0.012524433,0.014456386,-12.628901
3523,2026-07-30,-0.17162131,-0.23433489,0.013585993,0.020920534,-12.631294
7584,2026-07-30,-0.1922217,-0.2827667,0.015181217,0.02335344,-12.660976
4160,2026-07-30,-0.20102589,-0.29941627,0.015826639,0.019543285,-12.70094
9919,2026-07-30,-0.2609968,-0.31008992,0.020520465,0.022926059,-12.718233
5481,2026-07-30,-0.16112192,-0.24341577,0.012650819,0.018277293,-12.73508
5530,2026-07-30,-0.2138868,-0.1798396,0.016791018,0.020791542,-12.737409
2743,2026-07-30,-0.22087118,-0.32161266,0.017336724,0.031269483,-12.739341
2028,2026-07-30,-0.21859401,-0.21944717,0.017128725,0.014633254,-12.761093
2064,2026-07-30,-0.14158365,-0.1667417,0.011087855,0.012557053,-12.768103
2701,2026-07-30,-0.17342415,-0.18412809,0.013577336,0.017640522,-12.77212
5608,2026-07-30,-0.19087033,-0.23156947,0.014834411,0.016244074,-12.86586
8279,2026-07-30,-0.22595641,-0.25450933,0.017499344,0.021750223,-12.911541
5278,2026-07-30,-0.23137808,-0.25404403,0.017890058,0.017677601,-12.93261
6733,2026-07-30,-0.2690914,-0.3198261,0.020794732,0.022622503,-12.939741
6492,2026-07-30,-0.16821848,-0.2026308,0.012989593,0.018086478,-12.949253
6671,2026-07-30,-0.21027616,-0.21224193,0.016220693,0.017058153,-12.962652
2729,2026-07-30,-0.27718872,-0.31099835,0.02137655,0.025263365,-12.966346
2616,2026-07-30,-0.22560327,-0.24291748,0.017343761,0.023658095,-13.006997
6870,2026-07-30,-0.2854988,-0.34440345,0.021934671,0.027995802,-13.015275
6721,2026-07-30,-0.17515093,-0.18799455,0.013415273,0.015173882,-13.05511
2642,2026-07-30,-0.21869895,-0.25790274,0.016732601,0.022492822,-13.069448
6589,2026-07-30,-0.2551379,-0.30904892,0.019519415,0.023649005,-13.070311
1414,2026-07-30,-0.26928726,-0.265191,0.020554928,0.019269317,-13.100224
1449,2026-07-30,-0.18460509,-0.23594475,0.0140882125,0.01741367,-13.102584
1294,2026-07-30,-0.22852558,-0.26939836,0.01737278,0.018986879,-13.153475
6469,2026-07-30,-0.24770425,-0.27230066,0.018775396,0.020015452,-13.192321
5604,2026-07-30,-0.20432408,-0.20574585,0.015445562,0.016176539,-13.227803
1410,2026-07-30,-0.30814973,-0.34253448,0.02321368,0.025153548,-13.273916
5263,2026-07-30,-0.24545291,-0.2805843,0.018488294,0.01811321,-13.275408
4419,2026-07-30,-0.2687748,-0.27762312,0.020241689,0.021571165,-13.277623
6649,2026-07-30,-0.2933543,-0.3558794,0.022058183,0.024229055,-13.2985115
4441,2026-07-30,-0.19470601,-0.25576958,0.01455764,0.020310378,-13.373915
6712,2026-07-30,-0.2359695,-0.23468198,0.017564313,0.02764281,-13.433833
4726,2026-07-30,-0.18787546,-0.22943261,0.013902255,0.020425469,-13.513056
2641,2026-07-30,-0.16946548,-0.18832417,0.012529924,0.0141602205,-13.523782
6523,2026-07-30,-0.18946873,-0.25570017,0.014002939,0.01742655,-13.529674
8927,2026-07-30,-0.26255906,-0.28778782,0.019266928,0.02145493,-13.62674
1442,2026-07-30,-0.23885387,-0.21452834,0.017504564,0.025651798,-13.644455
7799,2026-07-30,-0.26197222,-0.35808924,0.018965825,0.021958906,-13.812128
2614,2026-07-30,-0.26553214,-0.31046945,0.019115042,0.019445138,-13.890539
1529,2026-07-30,-0.30663547,-0.40748402,0.022050677,0.024006944,-13.905313
1725,2026-07-30,-0.17048518,-0.20486061,0.012232688,0.0191979,-13.935714
2012,2026-07-30,-0.25158182,-0.23605947,0.017874202,0.021311948,-14.074348
4430,2026-07-30,-0.27842516,-0.31042728,0.019560426,0.02445133,-14.2333765
2022,2026-07-30,-0.25704548,-0.3010912,0.01802943,0.026232371,-14.256203
6508,2026-07-30,-0.20970748,-0.21766996,0.014541683,0.017479666,-14.420137
6668,2026-07-30,-0.18700735,-0.24013548,0.012862117,0.016373057,-14.53826
1419,2026-07-30,-0.22094277,-0.2448815,0.0151299285,0.021795638,-14.602062
4119,2026-07-30,-0.26518905,-0.26192755,0.018002106,0.020852419,-14.730184
1903,2026-07-30,-0.24742265,-0.23444578,0.016715733,0.018547606,-14.800897
2017,2026-07-30,-0.29512367,-0.34415108,0.019904593,0.021163967,-14.826168
5907,2026-07-30,-0.23917589,-0.2602956,0.016090922,0.019529248,-14.863102
2913,2026-07-30,-0.19559583,-0.24556062,0.0131585095,0.017264491,-14.863459
4113,2026-07-30,-0.26298603,-0.30465204,0.017689284,0.020647835,-14.866128
6569,2026-07-30,-0.22881149,-0.29668286,0.015298504,0.020347696,-14.955483
2030,2026-07-30,-0.18878762,-0.19438642,0.012389555,0.01564736,-15.236414
2038,2026-07-30,-0.21833128,-0.26143342,0.014164001,0.018979076,-15.413432
9918,2026-07-30,-0.23655686,-0.23236313,0.01517078,0.017678872,-15.591899
1295,2026-07-30,-0.21600586,-0.27522823,0.01342666,0.021714695,-16.086636
1110,2026-07-30,-0.2710125,-0.22261663,0.016828666,0.018955516,-16.103262
8905,2026-07-30,-0.29202545,-0.30818748,0.01796613,0.02582587,-16.253315
8044,2026-07-30,-0.26423922,-0.2799093,0.015978241,0.018091744,-16.536406
1522,2026-07-30,-0.21196352,-0.22391084,0.012703249,0.0134572,-16.684458
8931,2026-07-30,-0.22995886,-0.25669092,0.013759794,0.022498038,-16.711163
