stock_id,Date,Score_20d,Score_60d,Unc_20d,Unc_60d,SQ_20d
3596,2026-08-17,0.18711515,0.16396418,0.01330024,0.0147670405,14.067496
3293,2026-08-17,0.27446494,0.27925387,0.019652523,0.017350217,13.965178
3014,2026-08-17,0.1926416,0.15936305,0.013971465,0.014429785,13.7872305
1268,2026-08-17,0.16310377,0.10313336,0.012638072,0.012252676,12.904727
2486,2026-08-17,0.35665482,0.26556674,0.028024856,0.030874392,12.725921
1516,2026-08-17,0.18208691,0.19450335,0.015558628,0.019783316,11.702523
3592,2026-08-17,0.18923284,0.11567413,0.016235432,0.014264045,11.654829
6951,2026-08-17,0.14382143,0.11415143,0.012388953,0.014370417,11.607907
6229,2026-08-17,0.14306037,0.13020435,0.012446396,0.016047072,11.4931965
8024,2026-08-17,0.16369836,0.17044519,0.014758138,0.018276628,11.091322
1342,2026-08-17,0.16594785,0.16929834,0.015171209,0.015319624,10.937619
3010,2026-08-17,0.10002337,0.082737684,0.00934531,0.01445676,10.70191
3044,2026-08-17,0.20436762,0.14976044,0.019688755,0.021208754,10.379389
3227,2026-08-17,0.16214523,0.08279788,0.015881991,0.017095162,10.208734
2816,2026-08-17,0.13375293,0.14043663,0.013108728,0.015275818,10.20257
4126,2026-08-17,0.1469452,0.09081187,0.014439296,0.015120478,10.176051
2414,2026-08-17,0.13850412,0.13032332,0.013612429,0.013747086,10.17408
3030,2026-08-17,0.20745419,0.12387743,0.020433439,0.022033744,10.1521845
3611,2026-08-17,0.1259543,0.062337916,0.012490506,0.012810144,10.083196
3593,2026-08-17,0.22687274,0.09848777,0.022499898,0.018500937,10.08283
6227,2026-08-17,0.16090801,0.094068006,0.01611266,0.01628639,9.985814
3557,2026-08-17,0.16204984,0.15145937,0.01636483,0.019373674,9.901719
7708,2026-08-17,0.1626567,0.100947715,0.016842147,0.022061756,9.657144
3086,2026-08-17,0.18058522,0.1779129,0.018818283,0.020328024,9.595755
6023,2026-08-17,0.15105869,0.15709607,0.015857406,0.013602891,9.525465
2459,2026-08-17,0.13211615,0.107070334,0.014024055,0.015399238,9.42001
6789,2026-08-17,0.16928127,0.19234887,0.018068869,0.018988265,9.368152
1788,2026-08-17,0.1126515,0.044970147,0.012062688,0.012661681,9.338064
1264,2026-08-17,0.1048719,0.02136242,0.011425124,0.01497266,9.178257
4432,2026-08-17,0.1264533,0.09956315,0.014037782,0.017920222,9.007426
5609,2026-08-17,0.12202638,0.1221488,0.013565777,0.014434499,8.9945
5904,2026-08-17,0.22510986,0.1802997,0.025430981,0.026854284,8.851448
4506,2026-08-17,0.11619083,0.11280909,0.013136049,0.012644065,8.844515
2433,2026-08-17,0.09620094,0.058666777,0.011008924,0.011653203,8.737658
6691,2026-08-17,0.13507509,0.13631712,0.015609868,0.013933886,8.652632
4961,2026-08-17,0.15376745,0.112515956,0.017881496,0.018624095,8.598769
2752,2026-08-17,0.096096486,0.033769574,0.011207407,0.013883254,8.573607
8277,2026-08-17,0.09262567,0.09216906,0.010875434,0.01284052,8.51618
6661,2026-08-17,0.13583735,0.16562025,0.016039807,0.017513942,8.468236
1593,2026-08-17,0.120140344,0.08112558,0.014210077,0.016225277,8.453993
3465,2026-08-17,0.14107516,0.089211255,0.016688647,0.019567354,8.452855
1777,2026-08-17,0.1394888,0.10457835,0.01677403,0.017388193,8.315264
3709,2026-08-17,0.13915965,0.02751735,0.016865868,0.020585092,8.250473
0061,2026-08-17,0.13643788,0.1517479,0.016565949,0.015658345,8.235546
1726,2026-08-17,0.09856897,0.08085064,0.01209417,0.015736913,8.149448
5234,2026-08-17,0.11932421,0.06801283,0.014646962,0.015469619,8.14613
6542,2026-08-17,0.12797973,0.099351004,0.01574556,0.019383099,8.127472
2832,2026-08-17,0.12167616,0.13681987,0.015141845,0.019508159,8.035225
2207,2026-08-17,0.13048261,0.13750464,0.016282564,0.019674156,8.013148
6573,2026-08-17,0.17919967,0.24397893,0.022372343,0.025623055,8.009517
5536,2026-08-17,0.10168673,0.05951162,0.012795572,0.011051505,7.946404
5478,2026-08-17,0.081032425,0.07811085,0.010242071,0.01148623,7.91095
0055,2026-08-17,0.11960517,0.14885153,0.015124939,0.016495964,7.9072886
3115,2026-08-17,0.12418486,0.08702939,0.015891075,0.021752475,7.8142633
8069,2026-08-17,0.16892399,0.15256186,0.021647867,0.02763951,7.802902
2850,2026-08-17,0.106662594,0.15554838,0.01369123,0.01736397,7.790009
2727,2026-08-17,0.10365098,0.035709515,0.013314533,0.017145345,7.7842155
3533,2026-08-17,0.12951045,0.0840182,0.016753152,0.014864767,7.7300506
6515,2026-08-17,0.10234373,0.04181734,0.013383889,0.010823334,7.6462145
4305,2026-08-17,0.14296645,0.10635756,0.018701147,0.019239087,7.644387
1476,2026-08-17,0.16445549,0.1457572,0.021654744,0.017227417,7.594082
1537,2026-08-17,0.11476754,0.08259679,0.015124675,0.017192878,7.587598
1539,2026-08-17,0.115617864,0.11626206,0.015259164,0.018636772,7.5764494
1519,2026-08-17,0.1328849,0.16397437,0.017569857,0.019344639,7.5628014
5274,2026-08-17,0.11643208,0.1231214,0.015562782,0.015493416,7.4809628
6982,2026-08-17,0.13147227,0.1168622,0.01764115,0.015590154,7.4521685
6877,2026-08-17,0.114796594,0.0848965,0.015483158,0.017038267,7.4138093
4966,2026-08-17,0.12241805,0.013503983,0.016629389,0.018655531,7.361106
3211,2026-08-17,0.15204242,0.13608776,0.020736944,0.028488895,7.331605
6996,2026-08-17,0.1558389,0.058459777,0.021288104,0.020725029,7.320125
4535,2026-08-17,0.09232765,0.05819299,0.012715419,0.015651206,7.2605066
1471,2026-08-17,0.08475375,0.097656235,0.011704392,0.013560877,7.2405734
2726,2026-08-17,0.08808201,0.064548515,0.012217713,0.016429346,7.20878
7749,2026-08-17,0.09480478,-0.032002073,0.013168327,0.012783809,7.1989083
7743,2026-08-17,0.098093554,0.05853488,0.013837579,0.015509355,7.0884123
6739,2026-08-17,0.13127051,0.058515053,0.018564431,0.014805168,7.0706954
4123,2026-08-17,0.19787666,0.12641342,0.028085304,0.026830873,7.0453076
9905,2026-08-17,0.10817043,0.10839788,0.015368093,0.01692507,7.038179
6988,2026-08-17,0.09650524,0.079456225,0.013734799,0.016177207,7.0258193
8081,2026-08-17,0.07700731,0.00887222,0.010976878,0.012117717,7.0147715
3217,2026-08-17,0.113294534,0.043827124,0.016269566,0.016272463,6.9631586
6121,2026-08-17,0.11454503,0.12556985,0.016459526,0.021418333,6.9587708
8941,2026-08-17,0.08491395,0.041388027,0.012362628,0.016605215,6.8680444
3526,2026-08-17,0.12546907,0.03492687,0.018536916,0.02189957,6.7682405
1817,2026-08-17,0.12704125,0.116353415,0.01887916,0.019224044,6.7288227
5272,2026-08-17,0.11524067,0.048625104,0.017453525,0.02319769,6.602338
2474,2026-08-17,0.103240885,0.10589176,0.015642803,0.018116418,6.599475
6781,2026-08-17,0.11983239,0.10824259,0.018157141,0.018752513,6.5993752
2852,2026-08-17,0.107719526,0.10827225,0.016372425,0.020032708,6.578924
6264,2026-08-17,0.10655074,0.11590708,0.01619603,0.020511188,6.5784125
8435,2026-08-17,0.1329342,0.07162612,0.02024955,0.022890454,6.5644736
2488,2026-08-17,0.08447026,0.07761952,0.012888662,0.013580227,6.5533338
1213,2026-08-17,0.10933193,0.06556564,0.016718594,0.017124837,6.5391493
2369,2026-08-17,0.14673519,0.054212198,0.022648837,0.03342499,6.478421
3529,2026-08-17,0.095581576,0.10632631,0.01478836,0.016561966,6.4628606
5876,2026-08-17,0.115297586,0.118222445,0.017907659,0.021577468,6.4380918
6177,2026-08-17,0.11020293,0.0951339,0.017144982,0.020758735,6.427333
9944,2026-08-17,0.09795611,0.11442434,0.015306371,0.01407883,6.399277
4107,2026-08-17,0.08569112,0.04013041,0.0134365335,0.0131557565,6.3769975
8930,2026-08-17,0.09814777,0.03976059,0.015406969,0.016125504,6.3699355
4766,2026-08-17,0.11358987,0.001282307,0.0178353,0.015019966,6.3684654
5464,2026-08-17,0.17721473,0.065711856,0.027835786,0.021571875,6.366206
6664,2026-08-17,0.11007891,-0.010047157,0.017292306,0.01710973,6.3654056
0051,2026-08-17,0.16147763,0.13326006,0.025435125,0.03134535,6.3483577
1773,2026-08-17,0.07545021,0.0152961025,0.011905897,0.015617945,6.336681
3209,2026-08-17,0.113529705,0.035538834,0.017990062,0.016581759,6.310339
3711,2026-08-17,0.12318889,0.12406949,0.019534916,0.025460681,6.3057647
2753,2026-08-17,0.06821688,-0.00017806987,0.010819411,0.010325669,6.304463
3264,2026-08-17,0.13087389,0.06899146,0.020829637,0.026867418,6.2827597
2421,2026-08-17,0.096843086,0.058949493,0.015428064,0.0138027165,6.276666
5288,2026-08-17,0.11139744,0.10580511,0.017773176,0.0226156,6.2673755
8464,2026-08-17,0.103227474,0.13034686,0.016640887,0.018968118,6.202871
3130,2026-08-17,0.084527515,0.039725807,0.013679552,0.016223663,6.1786623
3661,2026-08-17,0.08917378,0.071867675,0.014473224,0.017125156,6.1608677
4807,2026-08-17,0.121764384,0.1352044,0.019891057,0.017676761,6.1212564
8481,2026-08-17,0.16465203,0.112030506,0.026933514,0.027145388,6.11305
6015,2026-08-17,0.1282504,0.1510418,0.02099905,0.028200136,6.1071477
6474,2026-08-17,0.104468696,0.0565411,0.017146215,0.017029071,6.0924582
4111,2026-08-17,0.06774414,0.033415716,0.011130887,0.013377866,6.0855937
2444,2026-08-17,0.083620615,0.028509974,0.013843489,0.017866464,6.039993
7767,2026-08-17,0.1082328,0.08228534,0.017948367,0.018012082,6.0298953
1808,2026-08-17,0.24487947,0.31716803,0.040771473,0.048348792,6.006
6160,2026-08-17,0.086456746,0.066866316,0.01444924,0.017857824,5.9830666
1722,2026-08-17,0.07081849,0.07435291,0.011903942,0.011680173,5.948663
8299,2026-08-17,0.08894431,0.015844189,0.015066681,0.014652368,5.9029856
6679,2026-08-17,0.08244812,-0.056629483,0.014160754,0.011627893,5.821886
6605,2026-08-17,0.06663564,0.047716103,0.011450206,0.0147269275,5.819093
6667,2026-08-17,0.086661495,-0.021386098,0.014899116,0.013396258,5.8161626
5356,2026-08-17,0.07304848,0.04797608,0.0125918435,0.017670127,5.800793
9912,2026-08-17,0.064439274,0.029465096,0.011191611,0.01397133,5.7573047
5355,2026-08-17,0.10608069,0.08457748,0.018437218,0.02172847,5.753305
2605,2026-08-17,0.12091672,0.1163302,0.021037923,0.021463934,5.7472863
6670,2026-08-17,0.09002263,0.06312153,0.015722498,0.014517952,5.725356
4609,2026-08-17,0.0696778,0.056573324,0.012252967,0.016180059,5.6861424
6192,2026-08-17,0.057260226,0.0003110356,0.010080383,0.013677166,5.6797986
5520,2026-08-17,0.07978225,0.061362125,0.014052786,0.0151866805,5.676922
3494,2026-08-17,0.09150251,0.04704586,0.016179433,0.020969378,5.6551332
6803,2026-08-17,0.076847725,0.024411334,0.013642805,0.014199951,5.6324263
2527,2026-08-17,0.14999609,0.06384124,0.026636207,0.025382135,5.631074
5209,2026-08-17,0.09951718,0.027451077,0.017735757,0.015061828,5.610788
2535,2026-08-17,0.0845927,0.12265469,0.015089559,0.01765683,5.60567
8284,2026-08-17,0.06360148,-0.0042231325,0.011346268,0.009862668,5.605004
4915,2026-08-17,0.08048065,0.095279135,0.014470703,0.012175402,5.5612426
7728,2026-08-17,0.09337209,0.050312143,0.016855001,0.01660494,5.5393972
6735,2026-08-17,0.10659235,0.015370172,0.01942583,0.02641129,5.4868627
3005,2026-08-17,0.0765721,0.07425073,0.013964937,0.01783363,5.482775
5871,2026-08-17,0.10757418,0.09738246,0.019690247,0.02054306,5.4630456
5547,2026-08-17,0.07750012,0.06063354,0.014302186,0.01788238,5.4183817
8059,2026-08-17,0.0990709,0.007449858,0.018359872,0.019113986,5.3957624
3285,2026-08-17,0.07556287,0.07960617,0.014003223,0.012579534,5.3957205
6114,2026-08-17,0.052855596,-0.013219551,0.009928536,0.012491643,5.323068
4933,2026-08-17,0.04674892,-0.016222425,0.008829312,0.013392007,5.2941413
4973,2026-08-17,0.082605585,-0.049174014,0.015626144,0.019777602,5.286032
6170,2026-08-17,0.08829013,0.060821675,0.016739015,0.020465974,5.2741966
4904,2026-08-17,0.112028696,0.121649295,0.021256184,0.025580212,5.270157
1477,2026-08-17,0.07313438,0.04595201,0.013888445,0.014733402,5.2654643
2912,2026-08-17,0.113007784,0.1497063,0.021507608,0.027095389,5.254072
6234,2026-08-17,0.08969673,0.023494227,0.01709276,0.018615615,5.2473373
5403,2026-08-17,0.074011154,0.024821965,0.014162852,0.013467774,5.2253547
5516,2026-08-17,0.09444882,0.07426614,0.018086318,0.019632148,5.2218256
1737,2026-08-17,0.06493938,0.058280133,0.012529755,0.013489714,5.1823993
6509,2026-08-17,0.08082986,0.0004712542,0.015658604,0.021947071,5.1616797
3680,2026-08-17,0.074907385,0.010286962,0.0146275,0.016619582,5.120647
6903,2026-08-17,0.08279326,-0.109711476,0.01621415,0.019471921,5.1059203
6568,2026-08-17,0.06861863,-0.09048974,0.013469363,0.015879015,5.0940447
9927,2026-08-17,0.06735363,0.0067114145,0.013262473,0.017232882,5.078129
8021,2026-08-17,0.22965455,0.19496864,0.04523271,0.04372259,5.077067
6026,2026-08-17,0.10359041,0.103686586,0.020430522,0.020467138,5.0701265
6947,2026-08-17,0.081817985,0.09362869,0.016154632,0.015420141,5.064363
6510,2026-08-17,0.07763984,0.030280747,0.015329749,0.016605014,5.064321
6223,2026-08-17,0.07064179,0.032247316,0.0140650505,0.011665674,5.022148
5410,2026-08-17,0.08135457,0.0071554766,0.01629444,0.018596983,4.9924746
1339,2026-08-17,0.059660446,0.008962801,0.011971787,0.013409163,4.983004
2423,2026-08-17,0.06987857,0.046649456,0.01404694,0.015858656,4.9742928
4946,2026-08-17,0.06850742,-0.04037502,0.013773186,0.018348718,4.973609
6983,2026-08-17,0.10020549,-0.025262,0.020164747,0.02240101,4.969094
1512,2026-08-17,0.04333299,0.025929527,0.008722294,0.013068172,4.967503
3131,2026-08-17,0.06552723,-0.011116093,0.01324537,0.013225834,4.9468064
3450,2026-08-17,0.11092282,0.010994952,0.022457132,0.034069005,4.9390936
4924,2026-08-17,0.06626288,0.020133551,0.013524342,0.014048558,4.8991647
5878,2026-08-17,0.06167019,0.02346537,0.012605177,0.015321895,4.892061
3499,2026-08-17,0.077302836,0.043086488,0.015844172,0.014817913,4.8786364
3213,2026-08-17,0.09133063,0.04342827,0.018757086,0.018248368,4.8688674
6894,2026-08-17,0.054812767,-0.08845129,0.011261121,0.012170508,4.867002
8390,2026-08-17,0.08230077,-0.007721882,0.016916431,0.016229358,4.86485
3490,2026-08-17,0.101462364,0.05049723,0.020862652,0.02234031,4.8631163
3023,2026-08-17,0.06666425,0.073303066,0.013713598,0.014410831,4.860824
5388,2026-08-17,0.082813054,0.07063014,0.017068028,0.015982447,4.851656
1731,2026-08-17,0.07427903,0.013708618,0.0153528275,0.014989196,4.8378186
5533,2026-08-17,0.07172872,0.081596255,0.014826677,0.018508112,4.8374887
2908,2026-08-17,0.07032079,0.06872042,0.014555109,0.015448682,4.8310156
1712,2026-08-17,0.06300299,0.024185268,0.01311014,0.01717546,4.8053017
3088,2026-08-17,0.09671457,0.026124835,0.02022665,0.016060824,4.7813053
2537,2026-08-17,0.08175736,0.12447217,0.017175587,0.019945491,4.759814
3512,2026-08-17,0.096978664,0.08766444,0.020374615,0.02173781,4.7595453
6216,2026-08-17,0.078236096,0.052221775,0.01651118,0.017655138,4.738084
4770,2026-08-17,0.0497358,-0.01926649,0.010514071,0.012250022,4.729954
1468,2026-08-17,0.05880994,0.08484214,0.012438113,0.013334758,4.727824
6263,2026-08-17,0.054355577,-0.03917676,0.011581,0.016971875,4.693108
2424,2026-08-17,0.06841992,0.02802637,0.014582827,0.01728227,4.6914926
1472,2026-08-17,0.069773704,0.0103089055,0.014977786,0.020639725,4.6581683
1216,2026-08-17,0.06993761,0.0638925,0.015219974,0.0164916,4.594818
2731,2026-08-17,0.0619724,0.0025580716,0.013491488,0.014123239,4.593104
4583,2026-08-17,0.06999154,-0.009212421,0.015280261,0.015157141,4.5802197
7716,2026-08-17,0.06888505,0.021517133,0.015042868,0.016181251,4.578945
1586,2026-08-17,0.07211919,0.03017155,0.015757676,0.015940975,4.576475
1591,2026-08-17,0.1048882,0.022578657,0.022932079,0.023354571,4.573664
5525,2026-08-17,0.12565358,0.17617193,0.027491804,0.025966799,4.570417
4527,2026-08-17,0.082539946,0.041979417,0.018142497,0.016486648,4.5492854
4529,2026-08-17,0.10269319,0.1073669,0.022576805,0.025583362,4.5484133
1730,2026-08-17,0.065450445,0.04123001,0.014407914,0.01705209,4.542358
6146,2026-08-17,0.06911955,0.015390692,0.01521941,0.016341912,4.541241
2385,2026-08-17,0.04343256,0.029096268,0.009566056,0.012471008,4.539804
6190,2026-08-17,0.0691475,-0.010362981,0.015262911,0.015076409,4.5301294
5543,2026-08-17,0.097746655,0.07117433,0.021579958,0.024933571,4.5293007
3679,2026-08-17,0.06637226,0.014315591,0.014678281,0.019308265,4.5214925
6183,2026-08-17,0.05789822,0.032633167,0.012836623,0.013777102,4.510042
5529,2026-08-17,0.091088645,0.088085845,0.020229295,0.021811262,4.502586
6962,2026-08-17,0.070716225,0.058843452,0.015823126,0.017722694,4.4688864
4104,2026-08-17,0.056320444,0.033911135,0.012627204,0.013554042,4.459893
8446,2026-08-17,0.053561207,0.00946039,0.012029706,0.014006675,4.452042
6412,2026-08-17,0.06296333,0.026124507,0.014272277,0.015237077,4.4112735
2439,2026-08-17,0.048471127,0.03017859,0.011012786,0.012083438,4.4009504
3705,2026-08-17,0.046777844,0.05154802,0.010692851,0.012845392,4.3742747
3218,2026-08-17,0.06152125,-0.0150753055,0.014066368,0.014106085,4.3733306
4207,2026-08-17,0.057028547,0.030376311,0.013045611,0.012551602,4.3711386
6154,2026-08-17,0.06837578,0.02291582,0.015726812,0.020017534,4.347444
3413,2026-08-17,0.06125899,-0.005826314,0.014182494,0.012547034,4.3190336
4749,2026-08-17,0.059302542,0.008496708,0.013857515,0.015923033,4.2791414
3491,2026-08-17,0.10068568,0.02767265,0.023558604,0.025753245,4.2736573
8087,2026-08-17,0.08678188,0.0155548,0.020401875,0.02160026,4.2534146
6788,2026-08-17,0.0705278,-0.0933034,0.016586995,0.022662131,4.2517376
3702,2026-08-17,0.07283989,0.05530929,0.01721947,0.017629268,4.229843
4105,2026-08-17,0.04832194,0.051020134,0.011524853,0.012343538,4.1924825
5015,2026-08-17,0.057425126,0.085637234,0.0139547475,0.016613975,4.114801
9951,2026-08-17,0.052601583,0.018608335,0.012925795,0.012095311,4.0691895
8176,2026-08-17,0.065961346,-0.009128822,0.016285693,0.015245376,4.0500145
2838,2026-08-17,0.06341757,0.14023215,0.015662005,0.018563226,4.0488763
3376,2026-08-17,0.07432981,-0.0008137397,0.018361466,0.016128166,4.0479207
2493,2026-08-17,0.16376266,0.31917322,0.040493235,0.055369344,4.0440984
3349,2026-08-17,0.052227005,0.05691015,0.012931362,0.01739571,4.0384736
1102,2026-08-17,0.06474583,0.11089252,0.016041188,0.022080991,4.0359726
2404,2026-08-17,0.057540726,0.04579128,0.014292795,0.017000727,4.0255737
2885,2026-08-17,0.07962213,0.07567608,0.020005383,0.022292737,3.9798362
6115,2026-08-17,0.06195487,0.050736595,0.015571037,0.01652728,3.9785976
4536,2026-08-17,0.071732365,0.068421036,0.018070303,0.016276246,3.9694073
6949,2026-08-17,0.050744567,0.037672814,0.012790599,0.016164947,3.967023
6165,2026-08-17,0.06409509,0.020263202,0.016156262,0.012866661,3.9669523
2383,2026-08-17,0.04716593,0.033914473,0.011943427,0.01351286,3.9487813
2702,2026-08-17,0.047529086,0.009477174,0.012130253,0.010935089,3.9179041
4931,2026-08-17,0.088332914,0.020857692,0.022630345,0.025746817,3.9031224
2393,2026-08-17,0.062694676,0.044395998,0.016212558,0.015142731,3.8668053
2067,2026-08-17,0.057912763,0.04272968,0.01510052,0.016019868,3.8348963
8455,2026-08-17,0.060996708,0.013359207,0.015920827,0.019676264,3.8310118
4979,2026-08-17,0.11322335,0.036551837,0.029662637,0.03562878,3.8169072
3570,2026-08-17,0.052598793,-0.02149116,0.013800391,0.018443976,3.8111224
3290,2026-08-17,0.05824222,-0.0059425803,0.015502918,0.01595753,3.756613
3259,2026-08-17,0.043215435,-0.03840464,0.01153011,0.013084972,3.7477255
8034,2026-08-17,0.0670112,-0.027610438,0.017980952,0.021432031,3.7265809
8424,2026-08-17,0.06113697,0.0031626609,0.016489666,0.018972104,3.7073681
3402,2026-08-17,0.055500668,-0.021979133,0.015010065,0.018374128,3.697317
9925,2026-08-17,0.050260305,0.07276259,0.013618174,0.012859767,3.6904078
8476,2026-08-17,0.08253611,-0.013918948,0.022433942,0.024786862,3.6789088
4764,2026-08-17,0.070852265,-0.0050526443,0.019281996,0.022703804,3.6743388
6844,2026-08-17,0.07209018,0.06668463,0.019664073,0.025384132,3.6658993
4995,2026-08-17,0.06389204,0.035945673,0.017499555,0.018020097,3.6508577
2506,2026-08-17,0.05631211,0.083511926,0.015443246,0.017788306,3.6461546
3163,2026-08-17,0.11604681,0.06678339,0.03186273,0.024231778,3.6419723
1734,2026-08-17,0.057085983,0.05042476,0.015679795,0.015652273,3.640503
3419,2026-08-17,0.054848447,0.04207464,0.015084278,0.017077267,3.6358924
6556,2026-08-17,0.047156487,0.014214206,0.012978411,0.017231708,3.633176
2534,2026-08-17,0.06302946,0.11386456,0.017378096,0.020598775,3.62674
9958,2026-08-17,0.056498863,0.023310391,0.015587995,0.01467882,3.6242788
8487,2026-08-17,0.04263271,0.02377768,0.011867517,0.015992792,3.592084
2458,2026-08-17,0.06722457,0.028849002,0.018738374,0.01681281,3.5873432
8383,2026-08-17,0.07044001,0.006414947,0.019643743,0.026297774,3.5856926
5016,2026-08-17,0.04996757,0.032573212,0.013993035,0.019124666,3.5706332
6104,2026-08-17,0.047203317,-0.060672354,0.013239097,0.02155725,3.565179
8341,2026-08-17,0.040050022,0.03498863,0.011275197,0.013738119,3.551731
5475,2026-08-17,0.07276214,-0.01709279,0.02066351,0.023996871,3.5211163
6189,2026-08-17,0.056451846,0.021092836,0.016102377,0.01675415,3.5055904
5434,2026-08-17,0.05609579,0.077838115,0.016007135,0.0152319735,3.5042052
5703,2026-08-17,0.03919619,0.005340363,0.011192948,0.016239883,3.5015519
1256,2026-08-17,0.051908094,-0.04079352,0.014838548,0.012458138,3.4979565
2066,2026-08-17,0.04002271,0.015313306,0.011506472,0.012006434,3.4779758
6625,2026-08-17,0.057045627,0.021292802,0.016418528,0.0203292,3.474255
3303,2026-08-17,0.07284116,0.026371455,0.020977547,0.018793022,3.4721737
4953,2026-08-17,0.044789486,-0.008854911,0.012909679,0.012327692,3.4691813
4582,2026-08-17,0.09250462,-0.0062379315,0.026750978,0.02429145,3.457861
2426,2026-08-17,0.08209806,0.08161842,0.023747437,0.02492378,3.4569879
6140,2026-08-17,0.04889028,-0.03999215,0.014194285,0.018424178,3.4441211
6535,2026-08-17,0.047362253,0.0029385088,0.013755233,0.0129185915,3.4429667
2329,2026-08-17,0.04246373,-0.049759593,0.012386662,0.016313953,3.427905
3710,2026-08-17,0.04323578,0.007678674,0.012654516,0.015868528,3.4163585
6863,2026-08-17,0.049699537,0.0074674827,0.014580045,0.01600471,3.408503
6109,2026-08-17,0.047209222,0.02299238,0.013858973,0.015790103,3.4061553
6231,2026-08-17,0.04974575,-0.061075278,0.014631557,0.017432276,3.399662
3467,2026-08-17,0.05763521,-0.061543714,0.016962258,0.015157778,3.3976498
0057,2026-08-17,0.07892338,-0.07145383,0.023275603,0.025324143,3.3906744
6128,2026-08-17,0.035202518,0.023232425,0.010385483,0.015394744,3.3892627
1760,2026-08-17,0.038221717,0.020026395,0.011330534,0.013569667,3.37304
3016,2026-08-17,0.06822495,0.080774374,0.020281289,0.03026439,3.3637698
6609,2026-08-17,0.06210989,0.068945184,0.018499624,0.019891761,3.3571782
6417,2026-08-17,0.052413967,-0.05301152,0.015625957,0.01967339,3.3540735
5301,2026-08-17,0.050441306,-0.04479273,0.015065969,0.015216534,3.3478072
1240,2026-08-17,0.047178987,0.011861015,0.014252305,0.0195628,3.3100383
8016,2026-08-17,0.05577701,0.01223708,0.01694685,0.01590319,3.2910964
3715,2026-08-17,0.08628897,0.12794344,0.026224988,0.033448435,3.2902088
2352,2026-08-17,0.038881373,0.04648384,0.011830598,0.013401284,3.2862315
3380,2026-08-17,0.04963151,0.034621082,0.015125937,0.013224058,3.281002
6210,2026-08-17,0.05175649,0.013797868,0.015788091,0.020492153,3.2779903
3058,2026-08-17,0.034800787,0.017809065,0.010636671,0.015096272,3.2714665
3228,2026-08-17,0.03793877,-0.0062594195,0.011604482,0.014648683,3.2690384
5484,2026-08-17,0.052154284,0.032296136,0.015991803,0.016590578,3.2611096
6936,2026-08-17,0.051410593,-0.0009590219,0.015864056,0.015556268,3.2404923
6491,2026-08-17,0.033073843,0.0016494676,0.0102434205,0.010427271,3.2284737
2353,2026-08-17,0.06595938,0.12750186,0.020478172,0.025458675,3.220803
8105,2026-08-17,0.079343624,0.02801654,0.024661306,0.030394228,3.2172022
6561,2026-08-17,0.03306706,-0.00043329273,0.010280963,0.012591316,3.2160258
1419,2026-08-17,0.044513922,-0.04097918,0.013846417,0.015015908,3.214601
8926,2026-08-17,0.10359515,0.20534106,0.032332413,0.03073299,3.2039661
3432,2026-08-17,0.05534203,0.0020908327,0.01737212,0.019810874,3.1854973
7715,2026-08-17,0.051700164,-0.02248889,0.016294634,0.01813175,3.172639
6217,2026-08-17,0.13409668,-0.038066227,0.042574935,0.04253553,3.1495888
1783,2026-08-17,0.03943316,-0.0014806389,0.0125533175,0.015473675,3.1410038
2105,2026-08-17,0.03659598,0.0663255,0.011655265,0.015189523,3.1395974
2412,2026-08-17,0.052219916,0.06380085,0.016645385,0.020191653,3.1370122
4205,2026-08-17,0.0403774,-0.012178169,0.012871728,0.013859535,3.1366622
7768,2026-08-17,0.03474525,-0.0721279,0.01114852,0.01674939,3.1163
6187,2026-08-17,0.06060664,0.039909903,0.019512555,0.018540526,3.1058738
2887,2026-08-17,0.04839956,0.105635196,0.01565137,0.016310042,3.0921555
4417,2026-08-17,0.03878516,0.019318687,0.012551567,0.013611294,3.089819
8416,2026-08-17,0.041160617,-0.013352136,0.013320577,0.014818095,3.0897706
1418,2026-08-17,0.06535174,0.11286964,0.021272892,0.023995198,3.071922
2305,2026-08-17,0.0787916,0.06146952,0.025674053,0.027270578,3.0688
4153,2026-08-17,0.042412642,0.027904931,0.013869682,0.013683333,3.0577185
2388,2026-08-17,0.076584704,0.046310563,0.025084907,0.028262334,3.0528975
1402,2026-08-17,0.040426817,0.025892204,0.013280278,0.016594546,3.043895
3118,2026-08-17,0.044619013,-0.032991868,0.014729987,0.018050626,3.028922
6547,2026-08-17,0.05283402,0.05330254,0.01746706,0.022117844,3.0246072
3531,2026-08-17,0.04756572,0.030468892,0.015756357,0.019477725,3.0186355
5439,2026-08-17,0.05765868,-0.08595589,0.019368269,0.01643455,2.9768124
5534,2026-08-17,0.05786765,0.10209481,0.01944716,0.022386145,2.9754817
5353,2026-08-17,0.050716225,-0.008309459,0.017171085,0.014977912,2.953411
5251,2026-08-17,0.053547747,-0.056823794,0.018209005,0.02011908,2.9405675
3694,2026-08-17,0.053408466,-0.04292247,0.0182317,0.016762218,2.9292681
6885,2026-08-17,0.042031594,0.04299126,0.0143557675,0.018084453,2.9276502
7713,2026-08-17,0.04749041,-0.010930678,0.016331429,0.014726246,2.9077373
4440,2026-08-17,0.04117625,-0.024431948,0.014182279,0.012758294,2.9031544
2501,2026-08-17,0.0400306,0.06556622,0.013796873,0.01562709,2.901215
2440,2026-08-17,0.047785114,-0.046988424,0.01659139,0.020036045,2.8799415
6143,2026-08-17,0.042068265,-0.07110521,0.014659592,0.015519232,2.8694792
3686,2026-08-17,0.047968213,-0.011961727,0.016835231,0.02009616,2.8491063
2718,2026-08-17,0.03892082,0.025968341,0.0136600565,0.016066268,2.8490343
2406,2026-08-17,0.07513023,0.01528808,0.026410423,0.032699686,2.8446112
4971,2026-08-17,0.065744855,-0.07444822,0.02311521,0.02812135,2.8441017
3555,2026-08-17,0.06936229,-0.008600319,0.024521481,0.020473411,2.8285184
4554,2026-08-17,0.027905274,-0.045715977,0.009868014,0.009590846,2.8275645
3689,2026-08-17,0.027258094,-0.0766977,0.009652508,0.011582147,2.8236463
2115,2026-08-17,0.035755303,0.031962372,0.012764491,0.014098144,2.8009343
6805,2026-08-17,0.040793546,0.016067078,0.014582613,0.013937062,2.797218
2889,2026-08-17,0.047810018,0.090931155,0.017100202,0.020874184,2.795711
6281,2026-08-17,0.041480504,-0.0012819429,0.01484986,0.010429082,2.793138
0052,2026-08-17,0.056680538,0.11989851,0.02029955,0.02610308,2.792069
8432,2026-08-17,0.04357288,0.001194009,0.01576909,0.016781388,2.7630076
2755,2026-08-17,0.035841838,-0.025248842,0.012980412,0.015355166,2.7610123
2617,2026-08-17,0.035731032,0.05409233,0.012995488,0.0135903,2.7492836
5511,2026-08-17,0.04396607,0.056335926,0.01607425,0.015029161,2.7350163
6266,2026-08-17,0.05123306,-0.026403267,0.01890807,0.021018539,2.7094436
2338,2026-08-17,0.041077215,-0.04737239,0.015167416,0.0181531,2.7080755
9904,2026-08-17,0.04616546,0.103486665,0.017087419,0.020781087,2.701564
5880,2026-08-17,0.03246235,0.044269525,0.0120359585,0.01622313,2.6968899
2478,2026-08-17,0.071156226,0.017766003,0.026442537,0.036184803,2.6908739
1580,2026-08-17,0.038597193,-0.009401989,0.014501266,0.014808153,2.6614594
2732,2026-08-17,0.021516573,-0.029144278,0.008181821,0.012119022,2.629481
3164,2026-08-17,0.046198122,-0.03601427,0.017637353,0.019669814,2.6191857
5345,2026-08-17,0.117581494,0.2378266,0.045001462,0.04938765,2.6127791
6213,2026-08-17,0.047337648,-0.012279872,0.018161438,0.016987072,2.6063488
8049,2026-08-17,0.046152838,-0.004212891,0.017740723,0.018725717,2.601373
3135,2026-08-17,0.046002008,-0.124855965,0.017700564,0.022395503,2.598754
4771,2026-08-17,0.03585531,-0.026893973,0.01390084,0.011862835,2.5791771
6968,2026-08-17,0.049325187,-0.0018068908,0.01914868,0.017601091,2.5757709
1451,2026-08-17,0.03282041,-0.0031047252,0.012756405,0.015388835,2.5726557
8210,2026-08-17,0.03955625,-0.0266094,0.015430845,0.011941469,2.563287
4502,2026-08-17,0.028774504,0.01663458,0.011331463,0.018123223,2.5391216
4580,2026-08-17,0.033184193,-0.017543707,0.013160412,0.015293362,2.5213246
8433,2026-08-17,0.04055904,-1.1208902e-05,0.016091164,0.018407943,2.5204215
2355,2026-08-17,0.030595422,-0.020370869,0.012147403,0.015193496,2.5184727
2373,2026-08-17,0.037529834,0.0015089377,0.01493935,0.014575036,2.5119781
6674,2026-08-17,0.032574143,-0.0051677297,0.013069735,0.019036049,2.4921432
5386,2026-08-17,0.07854691,-0.14090006,0.031530485,0.025050972,2.491063
2327,2026-08-17,0.056364376,-0.0650666,0.022628611,0.023037432,2.4907355
4958,2026-08-17,0.043171328,-0.06984468,0.017391898,0.022841545,2.4821239
6581,2026-08-17,0.03137977,-0.01317764,0.012671587,0.015723892,2.476193
6138,2026-08-17,0.047283426,-0.013723513,0.019101845,0.019617757,2.4752033
9945,2026-08-17,0.057562094,0.074809775,0.023367062,0.02232562,2.4632807
8064,2026-08-17,0.04601789,-0.08220644,0.018757671,0.023250293,2.453153
1781,2026-08-17,0.026264075,0.027672922,0.010713008,0.011794517,2.4513772
3332,2026-08-17,0.028348269,0.0067854663,0.011602317,0.018938646,2.4431176
6276,2026-08-17,0.0343078,-0.09890394,0.014043986,0.020467566,2.442708
8942,2026-08-17,0.0358423,0.047820408,0.014771344,0.018106498,2.4263108
2480,2026-08-17,0.037126053,0.03768662,0.015311235,0.012737001,2.4246006
2481,2026-08-17,0.044440083,-0.0335318,0.01845997,0.027308544,2.4072452
2633,2026-08-17,0.04122383,0.07351616,0.017210785,0.02027391,2.3950932
2345,2026-08-17,0.03177664,-0.014954599,0.013270883,0.013044287,2.3942828
6606,2026-08-17,0.03912719,0.01459697,0.016436208,0.014684382,2.3804035
4133,2026-08-17,0.035672173,0.016688662,0.015056378,0.0138709275,2.3690827
7718,2026-08-17,0.027237156,-0.02037503,0.01149709,0.01312945,2.368842
8444,2026-08-17,0.046157647,0.07579923,0.019531777,0.024597522,2.3630867
4534,2026-08-17,0.05426336,0.0038324825,0.02298884,0.027325641,2.3603194
6464,2026-08-17,0.028694944,0.0020526503,0.0122785205,0.0109314695,2.336813
9941,2026-08-17,0.03611777,0.06478966,0.015477696,0.02035385,2.3333857
6214,2026-08-17,0.039449405,0.05841195,0.017067866,0.019505082,2.3111906
6908,2026-08-17,0.028749147,0.009306024,0.012443902,0.015018924,2.3101144
2431,2026-08-17,0.033261124,0.017186193,0.014443304,0.016808297,2.3027155
4558,2026-08-17,0.02748447,-0.013417206,0.011934817,0.015936628,2.3026886
2707,2026-08-17,0.023021659,-0.036963113,0.01005248,0.010320336,2.2899194
3546,2026-08-17,0.029639028,-0.049194608,0.0129610635,0.014399341,2.286598
2484,2026-08-17,0.04585469,0.020625455,0.020308167,0.02651896,2.2578323
7610,2026-08-17,0.044827856,-0.05489498,0.019903164,0.019116595,2.2521849
2886,2026-08-17,0.03559547,0.043603294,0.015902175,0.01694585,2.238262
2462,2026-08-17,0.031520784,0.001812776,0.014102051,0.016941205,2.235033
6560,2026-08-17,0.040104978,-0.025096528,0.01795269,0.020794556,2.2338014
2441,2026-08-17,0.04547371,-0.034605257,0.020660978,0.02073944,2.20084
3095,2026-08-17,0.05061095,-0.07500064,0.023051012,0.025143027,2.195511
9943,2026-08-17,0.023980042,-0.021157974,0.011007935,0.013570598,2.1782346
6654,2026-08-17,0.050752006,0.049843214,0.023385206,0.030426016,2.1701684
7556,2026-08-17,0.027630126,-0.08621685,0.0127704,0.012558861,2.1634374
2063,2026-08-17,0.03476545,0.010093541,0.016127879,0.015260933,2.1554782
4116,2026-08-17,0.03452573,-0.013925382,0.01605082,0.012078958,2.150892
3033,2026-08-17,0.04299192,0.0485525,0.02009781,0.019923361,2.139028
8114,2026-08-17,0.04117682,-0.069324,0.019266386,0.019788746,2.1371253
4114,2026-08-17,0.020750372,0.02592616,0.009750453,0.01317226,2.127926
5548,2026-08-17,0.032308046,0.007058636,0.015222695,0.018614812,2.122221
6246,2026-08-17,0.056633074,0.020577637,0.026827043,0.025962114,2.1109655
7760,2026-08-17,0.030749818,-0.0018663413,0.014591343,0.014064863,2.1072571
6134,2026-08-17,0.044539034,-0.04273069,0.021181628,0.018294616,2.1026208
2390,2026-08-17,0.035492625,-0.01888389,0.016925959,0.014925132,2.0968106
4588,2026-08-17,0.027978936,-0.016001856,0.013561489,0.018363884,2.0629647
8050,2026-08-17,0.05153848,0.025521807,0.025203818,0.025650239,2.0447867
4167,2026-08-17,0.027527744,-0.014852259,0.013476457,0.014928167,2.0425026
8083,2026-08-17,0.031613965,-0.017128212,0.015557887,0.016705802,2.031891
2880,2026-08-17,0.041105557,0.07084643,0.020424515,0.01857735,2.0124612
9950,2026-08-17,0.03490416,0.0117615955,0.017399527,0.01513147,2.0059254
5546,2026-08-17,0.03765513,0.01876799,0.018771587,0.018216925,2.0058572
8928,2026-08-17,0.02760957,-0.0042194943,0.013764023,0.016586818,2.0057771
6874,2026-08-17,0.0261818,-0.07096922,0.013052355,0.014456136,2.0057526
8155,2026-08-17,0.03441084,-0.06580337,0.017217873,0.023607897,1.9984375
1611,2026-08-17,0.03860805,0.0685294,0.019323258,0.021071404,1.9979061
2402,2026-08-17,0.034177914,-0.01385791,0.017259872,0.020641593,1.9800804
6613,2026-08-17,0.026221246,-0.017465714,0.013295436,0.014356831,1.9720505
3665,2026-08-17,0.021385388,0.055447157,0.010888255,0.0142762195,1.9638982
2114,2026-08-17,0.032732498,0.013227289,0.016674628,0.014645407,1.9628943
7723,2026-08-17,0.046798285,-0.09622808,0.023982158,0.024746308,1.9512979
2937,2026-08-17,0.026697634,0.014519785,0.013714517,0.015542219,1.9465277
4552,2026-08-17,0.027810076,0.007999791,0.014311837,0.01454072,1.9430163
2547,2026-08-17,0.033757713,0.07067182,0.017556632,0.021604368,1.9226803
8032,2026-08-17,0.032350898,-0.00657502,0.016850704,0.018988816,1.9197404
2025,2026-08-17,0.026503416,0.03318474,0.013857729,0.012529538,1.9123987
3105,2026-08-17,0.037469435,-0.04612521,0.019622263,0.02330931,1.9094396
3045,2026-08-17,0.03701559,0.028345935,0.01939668,0.019633463,1.9082484
6261,2026-08-17,0.028447473,-0.07337971,0.015314348,0.012721,1.8574487
2330,2026-08-17,0.025631372,0.04065677,0.013832193,0.014304856,1.8528891
6123,2026-08-17,0.023503842,-0.030677201,0.012798657,0.01269554,1.8362869
5289,2026-08-17,0.028672095,-0.09087164,0.015725195,0.015929759,1.8232061
8201,2026-08-17,0.02830617,-0.020498442,0.015558896,0.015599824,1.8191748
2317,2026-08-17,0.018761147,-0.0044217994,0.010322535,0.016548654,1.817318
6291,2026-08-17,0.027883055,-0.05154098,0.015351835,0.017057423,1.8161502
9911,2026-08-17,0.029140322,0.03885944,0.01620049,0.015471414,1.7986197
9960,2026-08-17,0.025969546,-0.03982053,0.014440222,0.015921598,1.7982929
1608,2026-08-17,0.03744926,0.049249396,0.02116555,0.020103905,1.7692661
8423,2026-08-17,0.024367912,-0.033099845,0.013938793,0.016248021,1.7480828
3122,2026-08-17,0.020795068,-0.04668606,0.011907499,0.01829142,1.7462374
6161,2026-08-17,0.024631368,-0.06280818,0.014280697,0.015077175,1.7246807
2449,2026-08-17,0.02945265,-0.0697131,0.017205236,0.020361247,1.7117426
1229,2026-08-17,0.024618631,0.07447796,0.014412389,0.016940353,1.708039
2069,2026-08-17,0.019127654,-0.013427577,0.011341794,0.015466398,1.6863264
4768,2026-08-17,0.045980103,-0.03795541,0.027576528,0.030730542,1.6673032
3406,2026-08-17,0.024203118,-0.07316354,0.014521524,0.01788041,1.6665916
7794,2026-08-17,0.024411676,-0.050092872,0.014759856,0.01601524,1.6538117
3034,2026-08-17,0.030229528,0.020763854,0.01851918,0.018784497,1.632248
2248,2026-08-17,0.022585105,0.0072015235,0.013927262,0.015085998,1.6215307
6771,2026-08-17,0.022943696,-0.022542126,0.014237495,0.016232682,1.6113849
4543,2026-08-17,0.01630792,-0.034330804,0.010224687,0.014245822,1.5947994
5704,2026-08-17,0.018677536,0.010571899,0.011745804,0.010163032,1.59001
2340,2026-08-17,0.019335717,-0.059487365,0.012218351,0.019209754,1.582385
6021,2026-08-17,0.025837468,0.055205446,0.016408917,0.020568803,1.5745033
6409,2026-08-17,0.021232607,0.06829472,0.013495818,0.014267664,1.5731565
5276,2026-08-17,0.023976091,0.002258426,0.015258881,0.018561477,1.5711846
3036,2026-08-17,0.026158312,-0.0019212916,0.016991457,0.0131547935,1.5394073
6028,2026-08-17,0.021784723,0.013469314,0.014216024,0.012724504,1.5322983
3483,2026-08-17,0.032425847,-0.032943156,0.02136469,0.019593215,1.5176597
3028,2026-08-17,0.020881832,-0.07651362,0.013944469,0.013426814,1.4973918
6924,2026-08-17,0.03506923,-0.013839366,0.023427486,0.024862861,1.4968629
6277,2026-08-17,0.018907372,0.021426296,0.012643961,0.013140735,1.4952495
3171,2026-08-17,0.015556273,-0.040000048,0.010406492,0.013406464,1.4947187
1103,2026-08-17,0.021793425,0.044140298,0.014727609,0.0161301,1.4796661
5299,2026-08-17,0.028418718,-0.03509505,0.019315472,0.02222039,1.4712168
2314,2026-08-17,0.026576374,-0.052997667,0.018092608,0.019417778,1.4688267
6690,2026-08-17,0.015796622,-0.06777679,0.010757003,0.012573278,1.4683601
6456,2026-08-17,0.034028437,-0.015322387,0.023431577,0.024352847,1.452185
2313,2026-08-17,0.028853511,-0.01703715,0.019919205,0.016601322,1.4484545
2926,2026-08-17,0.01789269,-0.043708332,0.012360955,0.0150427725,1.4473997
4581,2026-08-17,0.020419108,-0.031557634,0.0141139645,0.015116909,1.4466283
6527,2026-08-17,0.02039302,-0.01535459,0.014125123,0.0133828875,1.4436388
1503,2026-08-17,0.019652419,0.017466744,0.013718388,0.0134171145,1.4324559
2820,2026-08-17,0.019182555,0.055911575,0.013392823,0.012401404,1.4321942
6782,2026-08-17,0.017640825,-0.042051695,0.012381024,0.0135846315,1.4247125
9942,2026-08-17,0.02276998,-0.003700287,0.016202033,0.013437653,1.4052912
6584,2026-08-17,0.021365043,-0.06257107,0.0152564095,0.017439168,1.400306
2059,2026-08-17,0.013868749,-0.020656351,0.009924164,0.013086408,1.397332
3535,2026-08-17,0.04162732,-0.12533373,0.029930094,0.033234105,1.3907717
3581,2026-08-17,0.025256822,-0.072231054,0.018233413,0.015633434,1.3851185
1303,2026-08-17,0.023979397,-0.033995852,0.01751687,0.023262313,1.3688534
8039,2026-08-17,0.019609448,-0.022174386,0.014423773,0.017926285,1.3594285
2107,2026-08-17,0.020535711,0.05088634,0.015319431,0.016432192,1.3404133
3563,2026-08-17,0.019375997,-0.036923185,0.014620879,0.011124258,1.3251373
6525,2026-08-17,0.02760353,-0.09435101,0.020949353,0.01748885,1.3175687
4772,2026-08-17,0.022996103,-0.10557273,0.017490223,0.021732198,1.3147224
4550,2026-08-17,0.016290871,-0.017797198,0.0124767395,0.013815148,1.3055948
5220,2026-08-17,0.020556442,-0.015516711,0.01605446,0.01698677,1.2803396
2482,2026-08-17,0.015223827,-0.019151373,0.011904919,0.012935054,1.2786772
7734,2026-08-17,0.015965316,-0.050610762,0.012585373,0.013872107,1.2684605
2603,2026-08-17,0.015671762,0.047998372,0.012372434,0.014315236,1.2665652
2496,2026-08-17,0.026712768,0.016489081,0.021227187,0.021207178,1.2583631
2745,2026-08-17,0.018004386,-0.042533495,0.014387394,0.015407439,1.2513131
9939,2026-08-17,0.019706331,0.033928793,0.016076533,0.01647603,1.2257061
6684,2026-08-17,0.01767129,-0.06788279,0.014533483,0.023009455,1.2158183
1615,2026-08-17,0.014428471,-0.005800022,0.011902974,0.011129935,1.2120718
3567,2026-08-17,0.016571723,-0.091188766,0.01378554,0.020769313,1.2020218
2504,2026-08-17,0.017196158,0.014177484,0.014437742,0.018272843,1.1909734
6435,2026-08-17,0.020523299,-0.08209104,0.017268987,0.021599455,1.1883794
6226,2026-08-17,0.04393236,-0.05731086,0.037113458,0.0383634,1.1836994
6136,2026-08-17,0.016092058,-0.0042049387,0.013636424,0.015189147,1.1799924
6242,2026-08-17,0.01677097,-0.047447715,0.014244773,0.017356738,1.1772593
3191,2026-08-17,0.020969374,0.023126315,0.017852528,0.02084806,1.1745226
4102,2026-08-17,0.012448206,0.025542654,0.010614688,0.013134325,1.1726235
2610,2026-08-17,0.010138079,0.007334762,0.008666378,0.0128444275,1.1696821
7757,2026-08-17,0.021676809,-0.05458351,0.018597227,0.025413718,1.1655309
8111,2026-08-17,0.039297797,-0.053558752,0.034032848,0.032181606,1.1546681
5469,2026-08-17,0.015658984,-0.046294983,0.013565108,0.018324383,1.1542723
7827,2026-08-17,0.012741891,-0.009010228,0.011053334,0.014928914,1.1526601
2520,2026-08-17,0.014894368,0.06083109,0.013102532,0.013246579,1.1366682
6171,2026-08-17,0.019515196,0.046278555,0.017260239,0.021250758,1.1305791
6442,2026-08-17,0.016751843,0.0053696414,0.014876899,0.019391507,1.1259549
2308,2026-08-17,0.018640848,0.022110522,0.016602375,0.0145427175,1.1227144
3551,2026-08-17,0.014499654,-0.10924854,0.012919598,0.015664304,1.1222123
2637,2026-08-17,0.015219713,0.036764268,0.013579188,0.019287044,1.1207291
6219,2026-08-17,0.020871002,0.050546892,0.018773073,0.02154086,1.1116928
4744,2026-08-17,0.01872822,-0.039371144,0.017156266,0.017131645,1.091562
2498,2026-08-17,0.017986918,-0.10250284,0.01663292,0.019054929,1.0813397
7782,2026-08-17,0.017115299,-0.09860256,0.015942259,0.01189266,1.0735132
4974,2026-08-17,0.013918817,-0.029101077,0.013010407,0.013578581,1.0697396
4720,2026-08-17,0.020778906,-0.071874954,0.019461391,0.021838035,1.067644
2013,2026-08-17,0.014655024,-0.033423886,0.013865721,0.014805995,1.0568485
5206,2026-08-17,0.017931703,-0.030472942,0.01703102,0.014865536,1.0528231
6534,2026-08-17,0.015458896,-0.013635547,0.0147607485,0.014203567,1.0472265
3150,2026-08-17,0.016098775,-0.012436654,0.015638793,0.01749069,1.0293471
2464,2026-08-17,0.028239727,-0.020677863,0.027625792,0.031376723,1.0221863
9946,2026-08-17,0.019896178,0.014275705,0.019757172,0.021708123,1.0069847
6531,2026-08-17,0.017203905,-0.00416593,0.017096601,0.01693465,1.0062175
2712,2026-08-17,0.009353872,-0.012950713,0.009620776,0.01107499,0.97215647
4745,2026-08-17,0.021692153,-0.029580534,0.02232445,0.022418208,0.9716334
6574,2026-08-17,0.012051256,-0.08926495,0.012408711,0.011849823,0.971115
6683,2026-08-17,0.016797584,-0.04095,0.017372292,0.020229507,0.96686244
4439,2026-08-17,0.012302011,0.009265141,0.012733706,0.014442507,0.9660224
6887,2026-08-17,0.016833173,0.006001973,0.01759941,0.020930968,0.956408
8109,2026-08-17,0.00912161,-0.04172538,0.009536686,0.0139802545,0.9563755
6579,2026-08-17,0.013359112,-0.07584221,0.013992906,0.014781625,0.9546378
2211,2026-08-17,0.011297481,0.014476122,0.011881677,0.012080748,0.95075214
6768,2026-08-17,0.019610142,-0.03371913,0.021178901,0.022413725,0.9258845
8101,2026-08-17,0.015641691,-0.07641117,0.016950674,0.013327367,0.92272246
4138,2026-08-17,0.013690737,-0.039195515,0.0148705905,0.017866632,0.92059666
3532,2026-08-17,0.020199208,0.04503671,0.022088919,0.030672217,0.9144084
8367,2026-08-17,0.0110515235,-0.02332286,0.012262675,0.013345735,0.90115917
2618,2026-08-17,0.011290173,0.017207135,0.012570314,0.009902971,0.8980901
6548,2026-08-17,0.016301638,-0.034755003,0.018253945,0.021179402,0.89299846
2845,2026-08-17,0.012527867,0.03591234,0.01413797,0.01782942,0.8860523
2420,2026-08-17,0.014725332,-0.019324867,0.016846448,0.022275103,0.8740393
2548,2026-08-17,0.0151784755,0.0005646761,0.017383397,0.018004794,0.8731091
1533,2026-08-17,0.010335728,-0.006823163,0.011889424,0.014288878,0.869248
1452,2026-08-17,0.011581638,0.007892731,0.013548582,0.011378859,0.8547598
6526,2026-08-17,0.014200484,-0.038262233,0.016617388,0.015714364,0.85450435
3356,2026-08-17,0.015847389,-0.03782779,0.018555852,0.020558052,0.8539912
1340,2026-08-17,0.0132425865,-0.028239759,0.015599458,0.017947754,0.84885883
2945,2026-08-17,0.010877941,-0.010255053,0.012876042,0.015114959,0.8447546
2303,2026-08-17,0.015819553,-0.03231762,0.01901925,0.01822894,0.8317216
3372,2026-08-17,0.013710587,-0.029119086,0.016590955,0.015596712,0.8263395
8086,2026-08-17,0.012176915,-0.09463232,0.014905715,0.020790774,0.81687444
0056,2026-08-17,0.008232042,-0.0031013088,0.010130869,0.01114672,0.81249
6290,2026-08-17,0.013415406,-0.050538674,0.01651895,0.016507693,0.81207305
3703,2026-08-17,0.010500098,0.032355677,0.012937972,0.015547679,0.8115094
6486,2026-08-17,0.010284443,-0.0008841367,0.012697245,0.013384388,0.8099106
5905,2026-08-17,0.015573175,0.0201356,0.019277046,0.019344632,0.8078192
3541,2026-08-17,0.010284783,-0.048491057,0.012850556,0.012255322,0.8002753
6669,2026-08-17,0.0119785825,-0.0024301924,0.014974714,0.013567345,0.79986715
3597,2026-08-17,0.009871672,-0.023467042,0.012357094,0.017046291,0.7988021
6164,2026-08-17,0.012456321,-0.04762335,0.015669582,0.01630004,0.79488564
6451,2026-08-17,0.04573412,0.045928217,0.05789643,0.071499735,0.7899162
4120,2026-08-17,0.013731209,-0.027428258,0.017393405,0.020973204,0.78940374
7705,2026-08-17,0.011387599,-0.059345722,0.014427234,0.012981703,0.78925794
1220,2026-08-17,0.010466184,0.015152784,0.013287926,0.012194038,0.78758687
8038,2026-08-17,0.009003999,-0.087750055,0.011541958,0.0152949095,0.7800426
6862,2026-08-17,0.013596135,-0.056107506,0.017482048,0.018349942,0.77767533
5452,2026-08-17,0.014614552,-0.053192098,0.01884212,0.02242932,0.7755909
3169,2026-08-17,0.01163312,-0.086203195,0.015047321,0.016482439,0.77305096
4754,2026-08-17,0.012175898,-0.08018468,0.015865413,0.010069516,0.76740074
5348,2026-08-17,0.011464643,-0.047555003,0.014950013,0.015615282,0.7668138
1513,2026-08-17,0.011212703,-0.016811196,0.014840466,0.014483703,0.75549835
3324,2026-08-17,0.00993566,-0.05200027,0.013226719,0.012099853,0.75112426
9929,2026-08-17,0.010939068,0.0043303506,0.01461601,0.015636021,0.74837935
4532,2026-08-17,0.010458759,-0.010277258,0.014023517,0.014608249,0.7457482
2884,2026-08-17,0.011479422,-8.766924e-05,0.015417255,0.016192758,0.74453443
1438,2026-08-17,0.017837286,0.07834693,0.023990797,0.026886001,0.74347436
4551,2026-08-17,0.009990636,-0.05156468,0.013455081,0.01766415,0.7424626
2204,2026-08-17,0.008079062,0.02482504,0.010937665,0.012119463,0.73857844
1558,2026-08-17,0.007453446,-0.028577019,0.010481633,0.015974004,0.711028
3527,2026-08-17,0.01046167,-0.050042473,0.015087273,0.01417594,0.6933643
3390,2026-08-17,0.009147054,-0.078243904,0.013247535,0.013684492,0.69042003
6730,2026-08-17,0.010885237,-0.036180746,0.015852746,0.014828102,0.6866035
0053,2026-08-17,0.010969836,-0.10514431,0.016151046,0.017528983,0.6791608
8410,2026-08-17,0.0120040625,-0.0454408,0.017750477,0.016600223,0.67622894
2882,2026-08-17,0.012516048,0.01753378,0.018743677,0.021429418,0.6677121
2434,2026-08-17,0.015564599,-0.043500576,0.023349538,0.023711076,0.66656274
5203,2026-08-17,0.009218381,-0.099605896,0.013918288,0.01931183,0.6622739
3236,2026-08-17,0.012117026,-0.102701545,0.01837702,0.02368915,0.65932167
3017,2026-08-17,0.012994213,0.048358005,0.019765986,0.019449832,0.65736943
2948,2026-08-17,0.011271908,-0.022275189,0.017465642,0.02015697,0.64533913
2606,2026-08-17,0.008959544,0.036151726,0.01392883,0.017305978,0.6431912
7805,2026-08-17,0.008009793,-0.11437436,0.012759909,0.014639232,0.62768203
2890,2026-08-17,0.011845634,-0.011259793,0.018978754,0.020746881,0.62411946
8067,2026-08-17,0.009724635,-0.0191303,0.015584179,0.016285872,0.6239668
6725,2026-08-17,0.0088338135,-0.11935724,0.014192736,0.016861679,0.62237406
7753,2026-08-17,0.008845725,-0.0899376,0.01425674,0.014731857,0.6204156
7822,2026-08-17,0.009119601,-0.10334145,0.014875531,0.01866566,0.6130193
2596,2026-08-17,0.00934592,-0.005111346,0.015412908,0.018294198,0.60633034
1795,2026-08-17,0.011959208,-0.02054741,0.01982285,0.018570485,0.6032737
2701,2026-08-17,0.007767476,0.00021654529,0.012897901,0.015210506,0.6021812
2428,2026-08-17,0.007777259,-0.03787965,0.012944593,0.01251213,0.600765
0050,2026-08-17,0.014000322,0.13202491,0.023347406,0.033567827,0.5996264
1776,2026-08-17,0.01008231,-0.023580384,0.017212953,0.018560879,0.58570564
2367,2026-08-17,0.012927705,-0.048538957,0.022121763,0.022533674,0.58436215
3189,2026-08-17,0.010494835,-0.045040525,0.018343054,0.022364043,0.572111
4939,2026-08-17,0.015942426,0.0094997715,0.02789605,0.03233668,0.57147354
2706,2026-08-17,0.0041099335,0.0030535827,0.007420739,0.012159243,0.5537696
2851,2026-08-17,0.011436168,0.02602588,0.020747138,0.024484966,0.5511901
4960,2026-08-17,0.010277228,-0.11172063,0.018708546,0.025261637,0.549304
2897,2026-08-17,0.0060196696,0.059673827,0.011639838,0.016358353,0.5171165
4729,2026-08-17,0.008577715,-0.06329678,0.016904794,0.015061608,0.5073831
2736,2026-08-17,0.0074255806,-0.01871566,0.014687832,0.015931083,0.5055256
6202,2026-08-17,0.00910637,-0.0688711,0.018396677,0.02390991,0.49497387
3522,2026-08-17,0.00700116,-0.032176074,0.014210559,0.020991594,0.4926384
4755,2026-08-17,0.0064401696,-0.042869244,0.013170353,0.015238851,0.48895276
6722,2026-08-17,0.005956058,-0.029939063,0.012493755,0.01813404,0.47668466
6910,2026-08-17,0.008036883,-0.08046663,0.016869696,0.016463738,0.4763812
3518,2026-08-17,0.0084545165,-0.10090501,0.017806359,0.023764716,0.47477657
7747,2026-08-17,0.0057543456,-0.050566632,0.012206149,0.014811286,0.4713914
3158,2026-08-17,0.0057180617,-0.05866003,0.012426495,0.015208285,0.4601138
6175,2026-08-17,0.005098155,-0.055117786,0.011368676,0.011804037,0.44839928
4942,2026-08-17,0.006546808,-0.016767478,0.014879705,0.017620394,0.4399528
3317,2026-08-17,0.00683763,-0.08222024,0.0156033775,0.021940924,0.43818668
2362,2026-08-17,0.00718445,0.07900352,0.01682127,0.017792469,0.42707968
2408,2026-08-17,0.00954605,-0.08545374,0.022426702,0.021582706,0.42563656
3305,2026-08-17,0.0082974145,-0.106734745,0.019564565,0.022236483,0.42408252
3528,2026-08-17,0.005811137,-0.06347855,0.013841713,0.015299528,0.41979757
2034,2026-08-17,0.0077338465,0.020728327,0.018492628,0.02231723,0.4181898
9962,2026-08-17,0.005844004,-0.010650332,0.01403019,0.015492755,0.41650093
5522,2026-08-17,0.0073215836,0.011186358,0.017588373,0.017735858,0.41625038
6821,2026-08-17,0.0066698235,-0.08767042,0.016036374,0.017014552,0.41589248
2536,2026-08-17,0.012881319,0.041646607,0.031774346,0.03185438,0.40538725
1531,2026-08-17,0.006353386,-0.03817618,0.015892308,0.01428864,0.3997523
6552,2026-08-17,0.006748271,-0.07892216,0.016924698,0.016711501,0.39869973
5284,2026-08-17,0.0079817055,-0.096858785,0.020302985,0.022852624,0.3931103
1540,2026-08-17,0.005272539,-0.052677847,0.013583067,0.01505482,0.3881414
2415,2026-08-17,0.0061865244,0.022578292,0.016027067,0.017365614,0.3859807
5344,2026-08-17,0.006921107,-0.06593328,0.017937033,0.02146829,0.38583422
3556,2026-08-17,0.005926625,-0.035601836,0.015639668,0.019313758,0.378924
2356,2026-08-17,0.0057465504,0.017896175,0.015243424,0.016339792,0.3769608
1707,2026-08-17,0.006437327,-0.058096953,0.017156288,0.017718658,0.37519488
2101,2026-08-17,0.006501918,-0.024133904,0.017740382,0.018994153,0.36648318
3374,2026-08-17,0.0073943944,-0.07551929,0.021019185,0.023486156,0.35177588
6703,2026-08-17,0.005681701,-0.0794561,0.016631272,0.021691082,0.34160703
4528,2026-08-17,0.005016839,-0.07886731,0.015356098,0.01623554,0.32667884
6838,2026-08-17,0.0062623257,0.004649559,0.019313434,0.019081427,0.32423034
1307,2026-08-17,0.004742079,-0.02705578,0.014766005,0.016199263,0.32112664
6672,2026-08-17,0.0042145224,-0.038916875,0.0131911,0.016970564,0.31947318
7821,2026-08-17,0.0049619316,-0.057237975,0.016005833,0.015401442,0.30998835
9908,2026-08-17,0.0065315343,0.034800883,0.021446921,0.019282795,0.30452994
2455,2026-08-17,0.007926572,-0.06748672,0.026199644,0.025925245,0.30253348
8027,2026-08-17,0.006267189,-0.13250507,0.020856515,0.030401299,0.3004763
2739,2026-08-17,0.0038517863,-0.04129255,0.013007809,0.016848104,0.2960906
8437,2026-08-17,0.004572465,-0.038670294,0.015723083,0.013938143,0.29079375
3360,2026-08-17,0.0052697123,-0.06902277,0.020899815,0.02246562,0.2521295
1315,2026-08-17,0.0033044228,0.015464423,0.013685284,0.014413561,0.24144046
5009,2026-08-17,0.0033213987,-0.03996185,0.014037639,0.019916533,0.23658979
3617,2026-08-17,0.0037361959,-0.031706728,0.015872344,0.013975143,0.23537546
2379,2026-08-17,0.004444164,0.0060280263,0.019078463,0.021013146,0.2329292
4568,2026-08-17,0.0034148234,-0.049124952,0.014880057,0.016853178,0.22947451
4999,2026-08-17,0.004105047,-0.08162293,0.017898453,0.02343738,0.22933923
8131,2026-08-17,0.0035874313,-0.06327296,0.01707931,0.021012729,0.21003313
6139,2026-08-17,0.0034189944,-0.08570497,0.016290564,0.014781591,0.20986286
3178,2026-08-17,0.002366086,-0.07974792,0.011707673,0.013355375,0.20207977
6222,2026-08-17,0.005139939,-0.023101699,0.026021395,0.02725105,0.19751982
8091,2026-08-17,0.0030280952,-0.053843167,0.016659228,0.016240489,0.18175593
8936,2026-08-17,0.0030131305,-0.042965945,0.016711168,0.019864507,0.1802956
2354,2026-08-17,0.0024693096,0.01405038,0.013940638,0.013800609,0.1771176
3672,2026-08-17,0.003473559,0.03096496,0.020352893,0.020144528,0.17065822
3624,2026-08-17,0.0050545754,-0.070793726,0.03285431,0.02762865,0.15384349
4991,2026-08-17,0.0078717675,-0.16587538,0.056553997,0.06117343,0.13918784
2344,2026-08-17,0.0024783523,-0.085079946,0.018566227,0.01748849,0.13347994
4108,2026-08-17,0.0017378303,-0.040483397,0.015367035,0.015352774,0.113080844
4972,2026-08-17,0.0018510811,-0.07479952,0.016900443,0.020501245,0.10952208
6194,2026-08-17,0.0010529787,-0.08826316,0.012965459,0.01781254,0.08120788
6411,2026-08-17,0.001247147,-0.04513305,0.016712053,0.017570442,0.07462113
6506,2026-08-17,0.0012500121,-0.02471577,0.016795933,0.017702965,0.07441907
4173,2026-08-17,0.00071306765,-0.054297447,0.011548233,0.0144096,0.061741557
2247,2026-08-17,0.00065616914,0.004053339,0.011661141,0.010921104,0.056264892
1459,2026-08-17,0.00076815987,-0.056411672,0.015383101,0.020534957,0.04993206
2485,2026-08-17,0.0012923045,-0.14936565,0.030475222,0.031787902,0.042403698
2316,2026-08-17,0.0006936601,-0.0982567,0.020564305,0.02288376,0.033729628
6124,2026-08-17,0.00044970054,0.01237284,0.014451362,0.013374091,0.031116057
2006,2026-08-17,0.00041897557,0.02241963,0.020319473,0.0167318,0.020618396
6914,2026-08-17,0.0002037098,-0.03261493,0.011386004,0.015873592,0.017889675
4977,2026-08-17,0.00032994425,-0.08058158,0.028365131,0.03770133,0.011631627
2206,2026-08-17,5.778e-05,0.028648581,0.011021626,0.012266114,0.005241945
6151,2026-08-17,2.9982626e-05,-0.06628462,0.014939802,0.017019676,0.0020067615
2243,2026-08-17,-7.287264e-05,0.07379551,0.020959057,0.018265096,-0.0034767385
2442,2026-08-17,-0.00018740054,0.008418371,0.017698755,0.022595013,-0.010587747
8415,2026-08-17,-0.00016578673,0.034245115,0.013017053,0.011573552,-0.01273514
3276,2026-08-17,-0.00025399966,0.017125523,0.016270604,0.019292196,-0.015609995
2432,2026-08-17,-0.0003448653,-0.04890909,0.015817974,0.020353284,-0.021800736
6721,2026-08-17,-0.00050198525,-0.04618484,0.012548242,0.015832173,-0.04000124
8421,2026-08-17,-0.0009345365,-0.020355638,0.020685505,0.018066745,-0.04517614
9910,2026-08-17,-0.00077632425,0.024777886,0.01628341,0.017817538,-0.04767285
1609,2026-08-17,-0.0008203007,0.006153261,0.015329147,0.018185314,-0.053508993
2542,2026-08-17,-0.0015806813,-0.013777875,0.026402812,0.024842143,-0.059865646
3083,2026-08-17,-0.0009818389,-0.052593324,0.012369079,0.01505192,-0.07937208
5312,2026-08-17,-0.0011823269,-0.07208988,0.0120007675,0.015490454,-0.09851273
2515,2026-08-17,-0.0017828468,-0.026109405,0.017214604,0.01894469,-0.10355993
5706,2026-08-17,-0.0019904824,-0.05390199,0.017292738,0.018715639,-0.11509845
4401,2026-08-17,-0.0016749874,-0.04258623,0.013870886,0.019631373,-0.12074691
6269,2026-08-17,-0.0023736735,0.057001296,0.018797135,0.023116712,-0.12627175
6831,2026-08-17,-0.0022204334,-0.013215504,0.017389119,0.018288387,-0.12768362
3530,2026-08-17,-0.0018621817,-0.06270581,0.0133947525,0.016514976,-0.13901284
5269,2026-08-17,-0.0021540953,-0.07544509,0.014171081,0.01670466,-0.1519957
7704,2026-08-17,-0.00217257,-0.06460257,0.01312253,0.01859759,-0.16554768
3516,2026-08-17,-0.003124626,-0.020865085,0.017195927,0.017905993,-0.18169676
4711,2026-08-17,-0.0038025388,-0.039755568,0.020527571,0.019686293,-0.18523154
4760,2026-08-17,-0.0033467344,-0.112339586,0.016998656,0.022901531,-0.19687071
6257,2026-08-17,-0.0036464022,-0.07605543,0.01819025,0.021682376,-0.20044814
1617,2026-08-17,-0.0033068052,0.020691045,0.01560385,0.022228105,-0.2119088
3545,2026-08-17,-0.0046017724,-0.025655845,0.020978697,0.01930374,-0.21934408
8150,2026-08-17,-0.0030523113,-0.101800404,0.013604133,0.016642828,-0.22434996
3577,2026-08-17,-0.0052348245,-0.03777546,0.022450043,0.022812176,-0.2331662
2834,2026-08-17,-0.003959171,-0.012844448,0.0168311,0.019084642,-0.23521551
9933,2026-08-17,-0.0039042602,0.046813067,0.01657447,0.018937796,-0.23554446
2915,2026-08-17,-0.003415218,0.03100874,0.013892741,0.016417826,-0.24580982
6472,2026-08-17,-0.0049768537,-0.06699739,0.019606128,0.024852714,-0.2538288
5489,2026-08-17,-0.0033465251,-0.028328232,0.013053516,0.01599993,-0.25634998
6643,2026-08-17,-0.0065289736,-0.11948894,0.02536395,0.027445426,-0.2574014
8466,2026-08-17,-0.006152228,0.011337238,0.023448601,0.022666216,-0.2623596
7803,2026-08-17,-0.003997559,-0.06625006,0.014883303,0.018964957,-0.2685755
7791,2026-08-17,-0.0026906023,-0.05104707,0.009909665,0.012756551,-0.27148554
5347,2026-08-17,-0.0044322927,-0.08327045,0.016288754,0.017882243,-0.27209082
1590,2026-08-17,-0.0037051856,-0.00852478,0.013557094,0.011139616,-0.27328217
2916,2026-08-17,-0.004791576,-0.051933996,0.016653515,0.017859649,-0.28770432
5212,2026-08-17,-0.0040094354,-0.074846044,0.013786796,0.015047642,-0.29079598
4161,2026-08-17,-0.004476023,-0.052279446,0.014649192,0.014138655,-0.30552655
2233,2026-08-17,-0.004733039,-0.11115869,0.015488645,0.016047198,-0.30556148
6020,2026-08-17,-0.006326931,0.02208132,0.019915467,0.022692505,-0.31767336
5493,2026-08-17,-0.004655848,-0.092155725,0.0140261715,0.015017585,-0.33191636
8477,2026-08-17,-0.0042422544,-0.0243379,0.011672255,0.013655035,-0.36341658
8401,2026-08-17,-0.0044475705,-0.060961425,0.012136274,0.014155636,-0.36643898
5007,2026-08-17,-0.0049772877,-0.004225419,0.0134127,0.010740358,-0.37106
8996,2026-08-17,-0.006364103,-0.01835638,0.016888019,0.014338574,-0.37681898
6715,2026-08-17,-0.0072224885,-0.046787824,0.01870281,0.015815433,-0.38615063
5460,2026-08-17,-0.0048905592,-0.09261427,0.01260993,0.012337997,-0.38780323
2360,2026-08-17,-0.0052021774,-0.00607644,0.013289715,0.014971003,-0.3914144
6494,2026-08-17,-0.007676776,-0.07343759,0.019240322,0.022745108,-0.39897344
6856,2026-08-17,-0.006508013,-0.05520421,0.016002815,0.01848389,-0.40665382
1906,2026-08-17,-0.00859655,0.03288785,0.021065842,0.020159122,-0.40806067
5701,2026-08-17,-0.0046988665,-0.03323207,0.011387177,0.01276158,-0.4126092
1215,2026-08-17,-0.0064657745,-0.030134367,0.014709272,0.014597995,-0.43954146
1714,2026-08-17,-0.010185129,-0.052293826,0.022858536,0.028400984,-0.44555274
5314,2026-08-17,-0.017380394,-0.17320165,0.038055196,0.035145044,-0.45670342
3162,2026-08-17,-0.0068216366,-0.076124236,0.0149177695,0.016189877,-0.45725197
6811,2026-08-17,-0.006582086,-0.025365187,0.014243862,0.013946439,-0.46206737
8450,2026-08-17,-0.008248841,-0.08513662,0.017650642,0.015852852,-0.467313
4747,2026-08-17,-0.006888366,-0.06566376,0.014327221,0.014178071,-0.48075515
3306,2026-08-17,-0.008014876,-0.08888292,0.016336357,0.016961524,-0.49058586
2401,2026-08-17,-0.0063878614,-0.0694971,0.012515418,0.016014893,-0.5103586
4162,2026-08-17,-0.0091134,0.02169168,0.017620118,0.016798781,-0.5171862
2467,2026-08-17,-0.0078294575,-0.040249936,0.015055696,0.023625514,-0.5199984
1762,2026-08-17,-0.0075567863,-0.075572856,0.0143339615,0.017949035,-0.5271578
3038,2026-08-17,-0.008133703,-0.03287195,0.015166491,0.015382151,-0.53625894
4585,2026-08-17,-0.006543238,-0.035100307,0.012176253,0.015158797,-0.53733283
6443,2026-08-17,-0.0091935685,-0.12176096,0.017095525,0.020379657,-0.5377449
8403,2026-08-17,-0.007889277,-0.063759916,0.014487912,0.018183446,-0.54450446
9949,2026-08-17,-0.00833802,-0.08935544,0.015106095,0.015733361,-0.55192745
4169,2026-08-17,-0.013116329,-0.021002866,0.023750687,0.02417427,-0.55222726
8048,2026-08-17,-0.011827818,-0.14246994,0.021252684,0.019286634,-0.5565067
2734,2026-08-17,-0.0075886766,-0.0427884,0.013122193,0.0142703075,-0.57826453
3363,2026-08-17,-0.019902868,-0.1408733,0.03387284,0.042794492,-0.5875587
3022,2026-08-17,-0.011126713,-0.051175468,0.018880837,0.021654043,-0.58928126
3588,2026-08-17,-0.009478744,-0.09740409,0.015943492,0.021737805,-0.5944839
8107,2026-08-17,-0.00788512,-0.0707998,0.013204264,0.014268698,-0.5971194
1341,2026-08-17,-0.0070380517,-0.018623944,0.011648783,0.0129086515,-0.6041358
1709,2026-08-17,-0.0122277625,-0.038211234,0.020231208,0.02249084,-0.60437113
1104,2026-08-17,-0.008364309,0.012497702,0.013738644,0.014726172,-0.60877186
1535,2026-08-17,-0.0074783317,-0.043168876,0.012159149,0.016452223,-0.61498684
6751,2026-08-17,-0.013733762,-0.07176102,0.02221719,0.021292163,-0.61813146
6199,2026-08-17,-0.019523986,-0.017520364,0.030230166,0.025734924,-0.6458231
3232,2026-08-17,-0.00904122,-0.07302488,0.013938385,0.014547289,-0.64860964
6944,2026-08-17,-0.011360495,-0.08380483,0.017313251,0.021787643,-0.6561355
6240,2026-08-17,-0.0128844185,-0.020908808,0.01945481,0.02314038,-0.6622401
3645,2026-08-17,-0.009757555,-0.105208024,0.014416513,0.01795506,-0.6767849
4503,2026-08-17,-0.012036266,-0.109191015,0.01764078,0.017735811,-0.68225914
4706,2026-08-17,-0.009214186,-0.01534993,0.0134000145,0.011824305,-0.6875738
1218,2026-08-17,-0.012477035,-0.04590531,0.017662212,0.017883644,-0.7063854
5223,2026-08-17,-0.0104199825,-0.036309734,0.014349789,0.017635189,-0.7260912
5902,2026-08-17,-0.010292446,-0.058045276,0.014049545,0.017920632,-0.73253
6592,2026-08-17,-0.009188288,0.020895327,0.012489327,0.015871283,-0.73563224
5398,2026-08-17,-0.011079183,-0.08418044,0.014669471,0.017624037,-0.7552029
1527,2026-08-17,-0.010415718,-0.019086694,0.013779419,0.014553251,-0.75583464
2906,2026-08-17,-0.011522881,-0.038650382,0.014972512,0.015005126,-0.769551
2351,2026-08-17,-0.014320744,-0.12342907,0.018526923,0.020098314,-0.77292764
5210,2026-08-17,-0.008129599,-0.011990007,0.010381923,0.012943531,-0.7829778
1514,2026-08-17,-0.009758489,-0.05192543,0.012281122,0.01279596,-0.79452795
5310,2026-08-17,-0.017455224,-0.021006783,0.021872815,0.027298816,-0.79799634
1733,2026-08-17,-0.011757584,-0.040766645,0.014728058,0.014655495,-0.7982577
2855,2026-08-17,-0.031290025,-0.07364826,0.038979214,0.04869014,-0.8027156
3481,2026-08-17,-0.016051877,-0.08607141,0.019987345,0.021553913,-0.80306184
3311,2026-08-17,-0.007955172,-0.07718729,0.009681696,0.014699312,-0.82158643
7765,2026-08-17,-0.015280887,-0.09549241,0.018236825,0.019612486,-0.8378678
4416,2026-08-17,-0.017021587,-0.023622643,0.02025676,0.021014662,-0.8402502
8422,2026-08-17,-0.021032,-0.06824579,0.02468872,0.026850155,-0.8518525
2109,2026-08-17,-0.011507857,-0.0041904803,0.013482021,0.019597352,-0.8535073
3479,2026-08-17,-0.015255016,-0.073172435,0.01777649,0.020175435,-0.8581086
2368,2026-08-17,-0.014745512,-0.054817367,0.01700194,0.015554782,-0.8672331
4178,2026-08-17,-0.013136297,0.0011626602,0.014988933,0.015219883,-0.8763413
4154,2026-08-17,-0.010339695,-0.026074529,0.011672585,0.012660079,-0.8857343
1907,2026-08-17,-0.018406905,0.008986266,0.020198535,0.018976094,-0.91125387
2608,2026-08-17,-0.014730561,-0.006712545,0.01614459,0.01782953,-0.9123581
3321,2026-08-17,-0.01259915,0.010394648,0.013699465,0.014897112,-0.91961473
1506,2026-08-17,-0.010908941,0.013949003,0.011712334,0.015564881,-0.9313267
6895,2026-08-17,-0.014422571,-0.12211149,0.015395705,0.02175795,-0.93673104
2867,2026-08-17,-0.013401043,-0.0010956379,0.014203189,0.017799065,-0.94345707
1708,2026-08-17,-0.011196303,-0.017389053,0.011758816,0.01445108,-0.95208144
8938,2026-08-17,-0.016414283,-0.059796624,0.017196907,0.017629365,-0.95443493
2395,2026-08-17,-0.011801244,-0.014534237,0.0122659365,0.01343213,-0.9620367
3054,2026-08-17,-0.023128927,-0.073549554,0.023818616,0.028357793,-0.97100335
3515,2026-08-17,-0.011505185,-0.055901613,0.011735934,0.014738518,-0.9802547
3021,2026-08-17,-0.013717385,-0.008439356,0.013934935,0.011890012,-0.9843175
2640,2026-08-17,-0.01235746,-0.073189706,0.012533925,0.01642659,-0.9858424
6184,2026-08-17,-0.014398259,-0.027653504,0.014540709,0.016660953,-0.9901353
6155,2026-08-17,-0.028129438,-0.10085944,0.028158255,0.025840703,-0.9989411
1437,2026-08-17,-0.012984103,0.0040009622,0.012895091,0.014552646,-1.0068246
8093,2026-08-17,-0.023685787,-0.0062669273,0.023406725,0.023177026,-1.0118791
6757,2026-08-17,-0.013749341,-0.023122044,0.013460495,0.0119373305,-1.0213829
2836,2026-08-17,-0.014871937,0.02816441,0.014484947,0.01089264,-1.0266459
5903,2026-08-17,-0.015530884,0.009921804,0.014988981,0.014110494,-1.0360843
2357,2026-08-17,-0.016154028,-0.037735987,0.015331657,0.013187981,-1.05357
6925,2026-08-17,-0.014325844,-0.15030327,0.013492404,0.015196259,-1.0616924
1232,2026-08-17,-0.016725434,-0.0037752264,0.015726235,0.0150637375,-1.0634694
7738,2026-08-17,-0.012096474,-0.087519534,0.01135453,0.016270444,-1.0652496
1210,2026-08-17,-0.013885814,0.0023352248,0.01296968,0.012423671,-1.070554
3583,2026-08-17,-0.012917469,-0.0499809,0.011941121,0.009729865,-1.0816729
2430,2026-08-17,-0.016372418,-0.07555199,0.015044981,0.016109722,-1.0881588
1604,2026-08-17,-0.013474202,-0.0563378,0.012362615,0.014018756,-1.089827
6212,2026-08-17,-0.020795412,-0.024855763,0.019040056,0.022861386,-1.0921354
8104,2026-08-17,-0.018185204,-0.065632984,0.016648851,0.018303994,-1.0922142
2729,2026-08-17,-0.015633982,-0.08271211,0.014304987,0.0142403,-1.0928279
4188,2026-08-17,-0.014803966,-0.03337834,0.013522262,0.013965442,-1.0947038
3443,2026-08-17,-0.016511844,-0.02489427,0.014924486,0.0136469295,-1.1062852
3257,2026-08-17,-0.019736264,-0.11821608,0.017723719,0.021090299,-1.1134881
4306,2026-08-17,-0.0182164,0.0050192964,0.016312076,0.018050736,-1.1166747
2904,2026-08-17,-0.018523907,-0.092693925,0.016542295,0.01754193,-1.119723
4951,2026-08-17,-0.018947728,-0.13395382,0.016877545,0.017496785,-1.1225924
6596,2026-08-17,-0.018070513,-0.06257623,0.015978215,0.015015257,-1.1308762
1626,2026-08-17,-0.015372781,-0.029730292,0.0135891875,0.014323273,-1.1311677
2347,2026-08-17,-0.015526264,-0.04168179,0.013534094,0.017113036,-1.1471117
4168,2026-08-17,-0.0181849,-0.018109757,0.015752094,0.018721038,-1.1543701
9926,2026-08-17,-0.022399236,-0.013489151,0.019240377,0.01919779,-1.164118
1413,2026-08-17,-0.0122163715,-0.01199153,0.010492778,0.012972018,-1.1641537
3605,2026-08-17,-0.013449331,-0.030709226,0.011494889,0.017037386,-1.1699252
6776,2026-08-17,-0.016541352,-0.047823872,0.01406962,0.017204406,-1.1755952
3167,2026-08-17,-0.021452928,-0.04956282,0.018043796,0.023589574,-1.1888707
1805,2026-08-17,-0.014366528,-0.029681562,0.012060919,0.013492898,-1.1910648
6125,2026-08-17,-0.025075478,-0.09455041,0.0210104,0.017612433,-1.1934224
6278,2026-08-17,-0.023523742,-0.050842635,0.019682918,0.021021752,-1.1950742
3704,2026-08-17,-0.028945258,-0.0538982,0.024217913,0.025370492,-1.195151
7750,2026-08-17,-0.0135789355,-0.07332792,0.011295409,0.0109020565,-1.2020577
9924,2026-08-17,-0.02075046,-0.07473118,0.017161854,0.016460186,-1.2090331
6180,2026-08-17,-0.016288562,-0.023742318,0.013420608,0.016285924,-1.2136073
1324,2026-08-17,-0.017259337,-0.07562944,0.014197877,0.019994257,-1.2155424
6285,2026-08-17,-0.016008569,-0.058176212,0.013158324,0.014427599,-1.216519
1565,2026-08-17,-0.013311724,-0.12367368,0.010871954,0.013850886,-1.2242969
2027,2026-08-17,-0.017353052,-0.00010036417,0.014169281,0.022758849,-1.2246089
6642,2026-08-17,-0.017468175,-0.073731095,0.014181671,0.016449085,-1.2316562
5340,2026-08-17,-0.030966867,-0.1618413,0.025133653,0.028970657,-1.2320387
2010,2026-08-17,-0.025477108,-0.030306984,0.02061031,0.02263899,-1.2360741
3653,2026-08-17,-0.015791772,-0.0043335366,0.012733104,0.016232021,-1.2401165
3492,2026-08-17,-0.013736076,-0.050960604,0.010969058,0.01511906,-1.2521425
2891,2026-08-17,-0.015370556,0.014241612,0.012226823,0.0157829,-1.257015
3078,2026-08-17,-0.022646634,-0.09888784,0.01794553,0.022419015,-1.2618948
3691,2026-08-17,-0.027976016,-0.20371516,0.02206484,0.029670393,-1.2678428
6208,2026-08-17,-0.014949709,-0.10980662,0.011764808,0.014633484,-1.2706063
5604,2026-08-17,-0.015339017,-0.018136863,0.012064073,0.015446537,-1.271357
7744,2026-08-17,-0.021988511,-0.12105379,0.01721766,0.01855164,-1.2770164
1453,2026-08-17,-0.023046143,-0.055340584,0.01799716,0.0210203,-1.2804722
8442,2026-08-17,-0.021074444,-0.042075865,0.01627948,0.017064717,-1.2944609
6706,2026-08-17,-0.024747835,-0.1734923,0.019098384,0.026730927,-1.2957399
7769,2026-08-17,-0.015066553,-0.050006725,0.0114853,0.011261812,-1.3116976
6207,2026-08-17,-0.04056636,-0.13825528,0.030828288,0.037387487,-1.3158383
9110,2026-08-17,-0.018030073,-0.014490175,0.0135833435,0.011503011,-1.3272686
8092,2026-08-17,-0.02013748,-0.088411555,0.015170848,0.019820627,-1.3272924
3615,2026-08-17,-0.025505116,-0.066682175,0.019091394,0.023166118,-1.3358784
4555,2026-08-17,-0.019695573,-0.046214383,0.014725349,0.02041949,-1.3374375
6512,2026-08-17,-0.016022418,-0.07325617,0.011969999,0.015505636,-1.3384361
2425,2026-08-17,-0.026576797,-0.01282257,0.019837618,0.025366396,-1.3396496
3664,2026-08-17,-0.025869004,-0.016322399,0.019223921,0.026371248,-1.3455974
6186,2026-08-17,-0.0270753,-0.1164581,0.02010891,0.0207779,-1.346366
6169,2026-08-17,-0.021138113,-0.12766932,0.015542227,0.019525811,-1.3599565
4433,2026-08-17,-0.016465131,-0.09374425,0.012052745,0.01243588,-1.3659765
2002,2026-08-17,-0.02002992,-0.030917402,0.014657592,0.013924467,-1.3664285
6873,2026-08-17,-0.029888567,-0.120894246,0.02183817,0.016019711,-1.3685762
6585,2026-08-17,-0.024977418,0.03407022,0.0181095,0.01801382,-1.3791677
6206,2026-08-17,-0.021482443,-0.039663237,0.015536211,0.015451796,-1.3826447
6129,2026-08-17,-0.019349469,-0.02565261,0.013917545,0.0142704155,-1.3901933
2324,2026-08-17,-0.020455394,-0.02121002,0.014689341,0.021223133,-1.3924383
9931,2026-08-17,-0.028533913,-0.04163597,0.020439465,0.018906245,-1.3959522
4545,2026-08-17,-0.01822668,-0.00026230066,0.013005749,0.014769085,-1.4013247
8289,2026-08-17,-0.019284325,-0.11772554,0.013701138,0.01966122,-1.4073952
1752,2026-08-17,-0.019759016,-0.043470707,0.013920931,0.01523887,-1.4192727
1326,2026-08-17,-0.026539866,-0.068933986,0.018532306,0.021095285,-1.4320092
2762,2026-08-17,-0.018404467,-0.007501207,0.012569269,0.016113823,-1.4641267
3357,2026-08-17,-0.028723506,-0.09210679,0.019394495,0.022146398,-1.480937
3540,2026-08-17,-0.02371167,-0.08553557,0.015701702,0.016539687,-1.5100375
6830,2026-08-17,-0.046540793,-0.12765826,0.030646183,0.03359557,-1.5185994
1446,2026-08-17,-0.026558543,-0.045328315,0.017473977,0.018372504,-1.5198041
8085,2026-08-17,-0.023268819,-0.048530634,0.015288349,0.013700976,-1.5218972
5508,2026-08-17,-0.02833504,-0.0424479,0.018606642,0.017610604,-1.5227636
9917,2026-08-17,-0.01923885,0.0030480942,0.012589143,0.014922894,-1.5280883
8163,2026-08-17,-0.01818928,-0.018885532,0.0118904095,0.015356469,-1.529615
2453,2026-08-17,-0.022653067,-0.08834575,0.014792526,0.0149274925,-1.5312824
2539,2026-08-17,-0.023863772,-0.037289523,0.015576229,0.020074163,-1.5319651
6550,2026-08-17,-0.022377245,-0.079477355,0.014522811,0.016010322,-1.5407281
3587,2026-08-17,-0.018020296,-0.144694,0.011658019,0.018889729,-1.54561
1323,2026-08-17,-0.021165712,-0.047780402,0.013562555,0.014756254,-1.560484
6127,2026-08-17,-0.028646462,-0.12091533,0.01834297,0.020485936,-1.5616282
2505,2026-08-17,-0.033622626,-0.021562407,0.021421507,0.022672264,-1.5695001
9906,2026-08-17,-0.026982691,-0.051086426,0.017129198,0.021183293,-1.5751535
2382,2026-08-17,-0.030912947,-0.10618868,0.019602407,0.022017056,-1.576917
3188,2026-08-17,-0.022454998,-0.037283454,0.014226147,0.018126527,-1.5783205
6248,2026-08-17,-0.021669805,-0.029511055,0.013652717,0.0149238845,-1.5870993
7631,2026-08-17,-0.023898387,-0.08971962,0.015015586,0.018299602,-1.5914661
8076,2026-08-17,-0.026281703,-0.08451373,0.01648719,0.017623091,-1.5939714
1612,2026-08-17,-0.027070291,-0.053357054,0.01696921,0.02031283,-1.5951654
2015,2026-08-17,-0.017194172,0.024666797,0.0107553955,0.010515334,-1.5985068
8940,2026-08-17,-0.018873047,-0.090238445,0.011757079,0.017212871,-1.6051131
2748,2026-08-17,-0.019688083,-0.0605386,0.012255405,0.01349081,-1.6063505
2509,2026-08-17,-0.020651003,-0.04417313,0.012853203,0.011376356,-1.6065564
6955,2026-08-17,-0.01847492,-0.10796746,0.011488027,0.013851904,-1.608049
1720,2026-08-17,-0.01950653,-0.019228034,0.012020546,0.014678158,-1.6226307
3484,2026-08-17,-0.023817988,-0.037540372,0.014632477,0.02145482,-1.6276369
8046,2026-08-17,-0.025505846,-0.073134914,0.015663896,0.028908202,-1.6282167
6692,2026-08-17,-0.033694457,-0.09051584,0.020690633,0.019860487,-1.6284097
3052,2026-08-17,-0.030179977,-0.054676827,0.018488172,0.01763491,-1.6323055
3693,2026-08-17,-0.03277127,-0.107098535,0.019798249,0.023870625,-1.6551775
2740,2026-08-17,-0.019765623,-0.10023231,0.011745803,0.015332848,-1.6826384
6697,2026-08-17,-0.028050687,-0.10212263,0.016505651,0.023043673,-1.6993566
6732,2026-08-17,-0.031277306,-0.16030185,0.018377554,0.019732395,-1.7018372
6570,2026-08-17,-0.029761868,-0.062180467,0.017477473,0.016662655,-1.7027727
3035,2026-08-17,-0.035398755,-0.075394645,0.020742174,0.028842857,-1.7065254
4406,2026-08-17,-0.023635304,-0.058541812,0.013833657,0.013065052,-1.7084126
6144,2026-08-17,-0.019591056,-0.02485189,0.011380211,0.016375294,-1.7213507
4767,2026-08-17,-0.025122559,-0.07189086,0.014570174,0.017094344,-1.7241273
6188,2026-08-17,-0.027630454,-0.076017454,0.016014831,0.019806758,-1.7251964
4721,2026-08-17,-0.035312977,-0.17254435,0.020455586,0.020480894,-1.72624
2007,2026-08-17,-0.027920812,-0.0351428,0.016172737,0.019929022,-1.7263056
8103,2026-08-17,-0.035171833,-0.12579533,0.020253971,0.02410881,-1.7364544
6241,2026-08-17,-0.018942276,0.008169248,0.010859597,0.013818037,-1.7441285
6416,2026-08-17,-0.029264668,-0.06721708,0.016775988,0.018160354,-1.7443339
1713,2026-08-17,-0.027109345,-0.083263874,0.015526055,0.01906348,-1.7459425
6790,2026-08-17,-0.019576935,-0.007942841,0.011200713,0.011487826,-1.7476733
3003,2026-08-17,-0.028940942,-0.024955928,0.016558062,0.014342201,-1.7477404
6612,2026-08-17,-0.020137882,-0.03715934,0.0114909895,0.014421875,-1.7523408
6614,2026-08-17,-0.02535632,-0.09504031,0.0143821575,0.014308984,-1.7629175
5438,2026-08-17,-0.027542623,-0.034945,0.015608482,0.018697152,-1.7644802
5523,2026-08-17,-0.03932164,-0.04834257,0.022187697,0.024117518,-1.7721473
5205,2026-08-17,-0.022390705,-0.06355267,0.012606756,0.016848376,-1.7759469
2941,2026-08-17,-0.03455605,-0.12187476,0.01944659,0.022501234,-1.7768807
2419,2026-08-17,-0.021761365,-0.07765719,0.012219386,0.013097868,-1.7807428
1538,2026-08-17,-0.040365923,-0.111170806,0.022368671,0.025685698,-1.8044933
3081,2026-08-17,-0.041623496,-0.13945606,0.023036115,0.025363578,-1.8068016
3289,2026-08-17,-0.034252692,-0.16250111,0.018938025,0.020645082,-1.8085773
8080,2026-08-17,-0.02391978,0.016404415,0.013215219,0.015752653,-1.8098807
8279,2026-08-17,-0.023643553,-0.080434866,0.01306007,0.014859405,-1.810231
1432,2026-08-17,-0.028664295,-0.09946,0.015768783,0.01788969,-1.817672
3048,2026-08-17,-0.027806642,-0.06136627,0.015280222,0.014780976,-1.8196609
6185,2026-08-17,-0.021412088,-0.07502654,0.011744942,0.012815211,-1.822935
2643,2026-08-17,-0.029036013,-0.064205155,0.015917692,0.015882859,-1.82402
9934,2026-08-17,-0.039614923,-0.031658564,0.021714704,0.017840173,-1.8242522
5488,2026-08-17,-0.034485005,-0.06282609,0.018854478,0.018015873,-1.8289117
4195,2026-08-17,-0.028280875,-0.10642064,0.015408557,0.016457247,-1.8352815
8240,2026-08-17,-0.030922592,-0.104843706,0.016739333,0.01943537,-1.847191
1445,2026-08-17,-0.025143083,-0.075045325,0.013568787,0.015993396,-1.8528724
5864,2026-08-17,-0.040164135,-0.08517379,0.021602362,0.023832038,-1.8591613
6916,2026-08-17,-0.024202906,-0.007182178,0.012992281,0.015102172,-1.8627248
6168,2026-08-17,-0.026019422,-0.1051291,0.013954111,0.016437534,-1.8645084
2332,2026-08-17,-0.034640465,-0.1051611,0.01855388,0.019589622,-1.8669194
2387,2026-08-17,-0.027976291,-0.068065405,0.014956066,0.017191367,-1.8704396
2450,2026-08-17,-0.024158793,-0.05455091,0.012842775,0.011155939,-1.8809729
4513,2026-08-17,-0.048203908,-0.09015921,0.025613543,0.026774457,-1.8818961
1570,2026-08-17,-0.021537876,-0.08584171,0.011373119,0.01583094,-1.8935862
6279,2026-08-17,-0.0253045,-0.07769021,0.013338128,0.014729229,-1.8970131
8358,2026-08-17,-0.062381513,-0.130807,0.032839943,0.036503397,-1.8995044
3268,2026-08-17,-0.02773415,-0.08006942,0.014580343,0.0175108,-1.9020298
5457,2026-08-17,-0.044358093,-0.06989265,0.02331605,0.025998041,-1.9023887
6470,2026-08-17,-0.026789572,-0.08712925,0.013948044,0.017222514,-1.920531
9935,2026-08-17,-0.029390147,-0.033942096,0.015250676,0.020493336,-1.9270109
3455,2026-08-17,-0.051958665,-0.15906994,0.026944192,0.023700003,-1.9283093
1109,2026-08-17,-0.032464545,-0.042690538,0.016769579,0.0147276325,-1.9358035
4989,2026-08-17,-0.04613575,-0.13162759,0.02381134,0.026236618,-1.9374722
4728,2026-08-17,-0.02261945,-0.025029164,0.011638355,0.01268865,-1.9433594
1460,2026-08-17,-0.023349099,-0.014203708,0.012007318,0.013381417,-1.9444103
5514,2026-08-17,-0.03145746,-0.034294434,0.01603519,0.018519903,-1.9616543
8213,2026-08-17,-0.034624323,-0.063407905,0.017585965,0.017376056,-1.9687492
6016,2026-08-17,-0.03935199,-0.043616418,0.019980282,0.022880329,-1.9694426
6640,2026-08-17,-0.040648006,-0.07730578,0.020553986,0.023238344,-1.9775254
5324,2026-08-17,-0.023280324,0.017014762,0.011705297,0.011931401,-1.988701
4572,2026-08-17,-0.021858266,-0.061528396,0.010945707,0.01430341,-1.9967892
2812,2026-08-17,-0.025319474,-0.00399136,0.01267383,0.01529763,-1.9976184
3011,2026-08-17,-0.02864069,-0.091756485,0.014317489,0.015940014,-2.0002592
4908,2026-08-17,-0.044908103,-0.15322393,0.02237418,0.02016363,-2.00705
8182,2026-08-17,-0.030970745,-0.098819874,0.01542069,0.02041531,-2.0082588
1439,2026-08-17,-0.028475605,-0.021853814,0.014004192,0.017651731,-2.0332177
3152,2026-08-17,-0.03359948,-0.21520339,0.016459383,0.016497282,-2.0412333
9802,2026-08-17,-0.05613534,-0.05626965,0.027381223,0.026844375,-2.0500653
8097,2026-08-17,-0.030879997,-0.07016527,0.015025548,0.01946554,-2.0550294
6158,2026-08-17,-0.032271117,-0.06662847,0.015658515,0.015422123,-2.0607994
9914,2026-08-17,-0.0453107,-0.03431708,0.021849267,0.025771692,-2.073691
6727,2026-08-17,-0.050151832,-0.08574522,0.024155026,0.026989779,-2.0761623
6239,2026-08-17,-0.03653651,-0.13867833,0.01754675,0.019523509,-2.0821192
6645,2026-08-17,-0.022326637,-0.00018929194,0.010684983,0.013162217,-2.0893385
2301,2026-08-17,-0.023826871,-0.07238396,0.011395908,0.016561646,-2.0906434
4938,2026-08-17,-0.03513873,-0.04228866,0.016785098,0.022528041,-2.0933232
4106,2026-08-17,-0.025998423,-0.060598675,0.012417615,0.014775175,-2.0935042
3015,2026-08-17,-0.030037897,-0.041009355,0.014285859,0.013799447,-2.1024842
2892,2026-08-17,-0.03216204,-0.017635886,0.01525346,0.018514238,-2.1083696
6918,2026-08-17,-0.025709335,-0.0716201,0.01213859,0.015593402,-2.117809
8088,2026-08-17,-0.04147722,-0.14987278,0.019537525,0.021643225,-2.1228428
2020,2026-08-17,-0.03560342,-0.054737028,0.016696498,0.016461927,-2.1322608
1467,2026-08-17,-0.034815315,-0.045864623,0.016182316,0.018029539,-2.151309
6142,2026-08-17,-0.031470638,-0.0070248297,0.014617513,0.012731259,-2.1527934
5228,2026-08-17,-0.035479907,-0.09738385,0.016479203,0.018949516,-2.1528804
6767,2026-08-17,-0.037382167,-0.052166715,0.01734205,0.018655106,-2.155455
6182,2026-08-17,-0.054302637,-0.20546715,0.02495282,0.038869314,-2.1761253
2615,2026-08-17,-0.034654442,-0.043350216,0.015806995,0.017416378,-2.1922097
6641,2026-08-17,-0.03415322,-0.066968046,0.015556095,0.015200865,-2.1953468
7740,2026-08-17,-0.06764552,-0.076996416,0.030801358,0.027792947,-2.196115
6117,2026-08-17,-0.031801604,-0.15285991,0.014442187,0.016731972,-2.201841
3632,2026-08-17,-0.036997277,-0.128469,0.016785432,0.016695337,-2.2039988
4420,2026-08-17,-0.042357065,-0.11299244,0.01919404,0.01953277,-2.2066672
7828,2026-08-17,-0.039731685,-0.0956247,0.017952159,0.02323108,-2.213075
8147,2026-08-17,-0.04332602,-0.15722308,0.01953894,0.020654166,-2.2173057
1457,2026-08-17,-0.03365366,-0.052236985,0.015154741,0.018377366,-2.2205224
6283,2026-08-17,-0.03038996,-0.08186238,0.013678646,0.015757186,-2.221546
5443,2026-08-17,-0.04382811,-0.12770046,0.019649204,0.016169213,-2.230415
6861,2026-08-17,-0.03538855,-0.20097166,0.015813472,0.022020368,-2.2377322
2023,2026-08-17,-0.029128037,-0.0356426,0.012975077,0.013107537,-2.244749
2751,2026-08-17,-0.027401173,-0.095067255,0.012197683,0.018627865,-2.2462404
5215,2026-08-17,-0.036917463,-0.0687276,0.016417554,0.020852432,-2.248521
3031,2026-08-17,-0.049091768,-0.10220042,0.021706365,0.022106428,-2.2615259
6482,2026-08-17,-0.046364006,-0.12984747,0.020429233,0.014778059,-2.269382
3231,2026-08-17,-0.035920713,-0.03920022,0.015796404,0.016833963,-2.2738364
2471,2026-08-17,-0.031866018,-0.110206984,0.01396602,0.018194847,-2.2815187
3252,2026-08-17,-0.027014775,-0.043289423,0.011775036,0.012359422,-2.2940464
6259,2026-08-17,-0.055387106,-0.053774737,0.024134994,0.025905147,-2.294793
8042,2026-08-17,-0.059256196,-0.15206644,0.025373293,0.031054746,-2.3352845
7786,2026-08-17,-0.0429738,-0.06689893,0.018345723,0.021594575,-2.3423147
7711,2026-08-17,-0.037234616,-0.1265755,0.01589126,0.018917741,-2.3429403
5201,2026-08-17,-0.037027456,-0.11724137,0.01569777,0.017224412,-2.3586214
5245,2026-08-17,-0.034127407,-0.06891289,0.014466444,0.018655445,-2.3589106
6899,2026-08-17,-0.038567867,-0.113305025,0.016331712,0.019450815,-2.3613877
5328,2026-08-17,-0.044004932,-0.067508265,0.018549182,0.024945818,-2.3722103
6225,2026-08-17,-0.05838036,-0.0830116,0.024604062,0.03527029,-2.372697
8342,2026-08-17,-0.04135092,-0.07535378,0.017415063,0.016565202,-2.3742976
3229,2026-08-17,-0.04658599,-0.038104925,0.01957154,0.02344353,-2.3801706
7547,2026-08-17,-0.044099916,-0.13667268,0.01826676,0.020115795,-2.4140844
8261,2026-08-17,-0.055801127,-0.12170758,0.023107802,0.026956977,-2.4147131
5315,2026-08-17,-0.040257502,-0.094577715,0.016602295,0.019571627,-2.4246695
3260,2026-08-17,-0.05924945,-0.20599708,0.024400935,0.029158156,-2.4280636
6195,2026-08-17,-0.03343076,-0.07616134,0.013726788,0.012769816,-2.435262
6799,2026-08-17,-0.037903365,-0.12770595,0.015457016,0.01640309,-2.45202
1217,2026-08-17,-0.032912776,-0.019180592,0.0133901555,0.014488354,-2.4577994
7811,2026-08-17,-0.043815795,-0.08997982,0.01777567,0.01925129,-2.464792
3071,2026-08-17,-0.047114678,-0.112814106,0.01910661,0.014649622,-2.4657545
2705,2026-08-17,-0.033368807,-0.066425465,0.01341865,0.015866451,-2.486563
2597,2026-08-17,-0.039135475,-0.039849497,0.015712393,0.017071884,-2.4905808
1521,2026-08-17,-0.043627977,-0.041629616,0.017437661,0.017544022,-2.5017962
2377,2026-08-17,-0.040052794,-0.08917255,0.015950885,0.017758897,-2.5108502
2704,2026-08-17,-0.0296664,0.016019022,0.011773888,0.013418187,-2.5194633
4702,2026-08-17,-0.040966798,-0.08513974,0.01621248,0.014993401,-2.5267122
1802,2026-08-17,-0.045416236,-0.06264419,0.017964795,0.021089101,-2.5279279
4707,2026-08-17,-0.053539515,-0.20339431,0.021057675,0.03216986,-2.542397
3622,2026-08-17,-0.036206022,-0.08864258,0.014210672,0.020037314,-2.5476258
6698,2026-08-17,-0.04311285,-0.1001231,0.016920278,0.01820503,-2.5478485
4155,2026-08-17,-0.028465,-0.04191516,0.011162833,0.013709918,-2.5497515
3354,2026-08-17,-0.062574536,-0.15811758,0.024191182,0.024757251,-2.5865602
6449,2026-08-17,-0.041625045,-0.102102324,0.016013307,0.018909767,-2.599241
6461,2026-08-17,-0.039491516,-0.06465968,0.015191408,0.0153252175,-2.5994244
3019,2026-08-17,-0.039686244,-0.1246268,0.01525985,0.017387409,-2.6005263
1101,2026-08-17,-0.034380857,-0.006547052,0.0131982,0.014847832,-2.6047683
6245,2026-08-17,-0.031347882,-0.09178462,0.011991656,0.020121962,-2.613923
8096,2026-08-17,-0.05493645,-0.09527495,0.020933757,0.02058864,-2.6241744
3325,2026-08-17,-0.047551658,-0.07801213,0.01806238,0.018698042,-2.6324897
1423,2026-08-17,-0.044105396,-0.093469076,0.01674222,0.0177315,-2.6342242
5302,2026-08-17,-0.044767026,-0.06459964,0.016861977,0.020646863,-2.6547523
9921,2026-08-17,-0.10016248,-0.08009177,0.037644785,0.031405497,-2.660656
6024,2026-08-17,-0.044718996,-0.018290281,0.016765175,0.019188143,-2.667215
6785,2026-08-17,-0.056236345,-0.132883,0.021019809,0.021306563,-2.6752703
2949,2026-08-17,-0.03557853,-0.04889881,0.013290259,0.015832115,-2.6768367
6807,2026-08-17,-0.04567849,-0.058361348,0.017037962,0.015817532,-2.6808257
2062,2026-08-17,-0.04788053,-0.064592555,0.017825596,0.023583682,-2.6859043
5309,2026-08-17,-0.04542018,-0.13232715,0.016887449,0.02136211,-2.6894228
8499,2026-08-17,-0.042911965,-0.10946543,0.015941003,0.01843698,-2.6917548
1442,2026-08-17,-0.050195012,-0.012631307,0.01862834,0.018437698,-2.6944063
1294,2026-08-17,-0.047787238,-0.10095367,0.017705154,0.01676912,-2.6989057
8043,2026-08-17,-0.10496133,-0.15555167,0.038574938,0.03990601,-2.7209017
8272,2026-08-17,-0.028459642,-0.115967624,0.010435497,0.014407604,-2.7269342
1304,2026-08-17,-0.040704794,-0.07789428,0.014915075,0.014828768,-2.7289212
3625,2026-08-17,-0.043648783,-0.07380317,0.015975527,0.01607581,-2.7320569
3288,2026-08-17,-0.049719945,-0.11406315,0.018188845,0.019033479,-2.73339
6754,2026-08-17,-0.027910583,-0.054732505,0.010200767,0.0122773545,-2.7358577
3062,2026-08-17,-0.037777383,-0.12428298,0.013803043,0.017622733,-2.7366896
2609,2026-08-17,-0.037270986,-0.008402919,0.01360865,0.01491317,-2.7385705
6523,2026-08-17,-0.042069744,-0.1113648,0.015350171,0.018234508,-2.7404907
6126,2026-08-17,-0.03411234,-0.116765685,0.0123906275,0.015884172,-2.7528539
4129,2026-08-17,-0.04095118,-0.07998911,0.014844685,0.015361545,-2.7584567
6666,2026-08-17,-0.055200864,-0.05361106,0.019961726,0.017418882,-2.7651966
5225,2026-08-17,-0.05247098,-0.121214375,0.01891625,0.021600747,-2.7737107
1735,2026-08-17,-0.04948863,-0.13154759,0.017835103,0.01893345,-2.7746325
3037,2026-08-17,-0.042685088,-0.07302041,0.01534392,0.021836061,-2.781708
4967,2026-08-17,-0.038987182,-0.13276772,0.01400497,0.016996585,-2.7836118
6244,2026-08-17,-0.053875368,-0.135253,0.01934766,0.02339816,-2.7844496
5538,2026-08-17,-0.036222823,-0.022743909,0.013005987,0.014616228,-2.7848742
6881,2026-08-17,-0.03669819,-0.10191579,0.013133025,0.014980719,-2.7941313
6901,2026-08-17,-0.0581864,-0.14251575,0.020814907,0.026935231,-2.7952855
6693,2026-08-17,-0.05217312,-0.12939367,0.018605623,0.023000732,-2.8040078
1436,2026-08-17,-0.049415343,-0.042774867,0.017570307,0.019555843,-2.8122747
5607,2026-08-17,-0.03802009,-0.026308186,0.013480841,0.012757895,-2.8200963
5287,2026-08-17,-0.028021479,-0.0701011,0.009926982,0.014580133,-2.8224747
6593,2026-08-17,-0.037180163,-0.1477038,0.013116564,0.017300544,-2.8343801
4950,2026-08-17,-0.03804209,-0.051765025,0.01337698,0.0151750455,-2.8436348
8935,2026-08-17,-0.036173742,-0.050323024,0.0125811985,0.013757407,-2.8749938
5285,2026-08-17,-0.044636402,-0.10539222,0.01551693,0.017478066,-2.8764403
5014,2026-08-17,-0.042592715,-0.07633467,0.014801691,0.018345952,-2.877363
6872,2026-08-17,-0.03975865,-0.08039598,0.013774973,0.016801821,-2.8860862
1234,2026-08-17,-0.04410511,-0.038802154,0.015227555,0.015369352,-2.896211
4735,2026-08-17,-0.03479173,-0.050694935,0.012008283,0.01425053,-2.8970697
7751,2026-08-17,-0.042443324,-0.08090513,0.014568117,0.013877314,-2.9132392
8443,2026-08-17,-0.040555608,-0.11400817,0.013903039,0.015202191,-2.9168222
6835,2026-08-17,-0.044264603,-0.10169439,0.015145761,0.020891827,-2.9223807
3059,2026-08-17,-0.054427527,-0.059748564,0.018615823,0.019686857,-2.9235668
6419,2026-08-17,-0.045922637,-0.19092506,0.015666073,0.020944668,-2.9311562
2495,2026-08-17,-0.04777735,-0.11511181,0.01627336,0.019349791,-2.9357436
3430,2026-08-17,-0.051225543,-0.14657512,0.017405877,0.022181034,-2.9428337
6272,2026-08-17,-0.06379073,-0.11239351,0.02165853,0.017816067,-2.9451575
4139,2026-08-17,-0.040562194,-0.036612757,0.013702288,0.013757439,-2.9600337
3008,2026-08-17,-0.048526358,-0.057569988,0.016378285,0.017992472,-2.9626663
1618,2026-08-17,-0.044146698,-0.0783151,0.014863948,0.02041467,-2.969852
3607,2026-08-17,-0.04307189,-0.10907657,0.014450856,0.014027531,-2.9803708
4905,2026-08-17,-0.057967782,-0.14906122,0.019415785,0.022295777,-2.985447
8349,2026-08-17,-0.043267787,-0.048648596,0.014481695,0.015665846,-2.9875507
2380,2026-08-17,-0.05029458,-0.16313203,0.016801978,0.02218453,-2.9931946
6615,2026-08-17,-0.043364603,-0.1104795,0.014440725,0.018968463,-3.0027301
5243,2026-08-17,-0.03699682,-0.11159458,0.012282956,0.014999752,-3.0117998
2028,2026-08-17,-0.03801124,-0.036666267,0.012579562,0.012313185,-3.0214262
3630,2026-08-17,-0.043822877,-0.067094065,0.014498345,0.010396052,-3.022404
3221,2026-08-17,-0.05968585,-0.1667862,0.019709144,0.026947562,-3.0281792
2072,2026-08-17,-0.04629119,-0.15620394,0.015284051,0.015455398,-3.028527
5519,2026-08-17,-0.051018357,-0.08377456,0.016833095,0.0186302,-3.0306563
2397,2026-08-17,-0.052212562,-0.081136614,0.017225254,0.019795606,-3.0309875
6929,2026-08-17,-0.033258434,-0.048860732,0.010940157,0.01290313,-3.0397549
6111,2026-08-17,-0.04648975,-0.13810502,0.015286667,0.018848054,-3.0409968
2911,2026-08-17,-0.040048227,-0.07785912,0.013113755,0.015826097,-3.053677
6465,2026-08-17,-0.045812964,-0.06335617,0.014995333,0.015971696,-3.0549445
3310,2026-08-17,-0.03858726,-0.070054665,0.012568644,0.012810371,-3.069877
1313,2026-08-17,-0.05056675,-0.08633205,0.016470108,0.020247536,-3.0700274
7772,2026-08-17,-0.06096443,-0.20881449,0.01978195,0.025636394,-3.0816653
8070,2026-08-17,-0.0546429,-0.046646766,0.017723784,0.017709145,-3.0828528
2923,2026-08-17,-0.07097277,-0.059641555,0.023020124,0.01938122,-3.082941
8068,2026-08-17,-0.052284047,-0.1284059,0.01693648,0.020084264,-3.0868847
9937,2026-08-17,-0.05857802,-0.028444739,0.018961001,0.018477451,-3.089232
3707,2026-08-17,-0.053128578,-0.13093716,0.017195586,0.022549331,-3.089484
4763,2026-08-17,-0.0712749,-0.11823499,0.023063162,0.025216095,-3.0902877
2719,2026-08-17,-0.034004513,-0.13051344,0.011001484,0.012875322,-3.0906215
6763,2026-08-17,-0.04341186,-0.09765663,0.014002197,0.013857236,-3.100139
2724,2026-08-17,-0.059362333,-0.101075076,0.019145925,0.015978241,-3.1003587
3666,2026-08-17,-0.062312387,-0.10096157,0.019971628,0.0237334,-3.1198893
3168,2026-08-17,-0.058219973,-0.122231945,0.018642716,0.020715063,-3.1227665
5211,2026-08-17,-0.053537708,-0.16481431,0.017132433,0.020045564,-3.1247506
3149,2026-08-17,-0.10415991,-0.12683311,0.033296756,0.039392523,-3.128136
2636,2026-08-17,-0.04862661,-0.03917993,0.015540798,0.01899428,-3.1287634
3272,2026-08-17,-0.051651813,-0.14143798,0.016482241,0.015560718,-3.1335955
2883,2026-08-17,-0.049073413,-0.017438166,0.015598115,0.015704624,-3.14591
8066,2026-08-17,-0.045249816,-0.1270803,0.014340391,0.012079038,-3.15519
1718,2026-08-17,-0.10642997,-0.22886209,0.03359996,0.038472395,-3.1674683
3313,2026-08-17,-0.060112692,-0.080943294,0.018976243,0.020757899,-3.1676197
8183,2026-08-17,-0.044111054,-0.098297015,0.013921466,0.017190343,-3.1683364
6902,2026-08-17,-0.053481188,-0.11382233,0.01686736,0.01836108,-3.1705031
5512,2026-08-17,-0.035124432,0.0011258383,0.011065587,0.013123985,-3.173917
1711,2026-08-17,-0.05123578,-0.115913324,0.01612155,0.02518385,-3.1778955
3051,2026-08-17,-0.049716067,-0.13712777,0.01561288,0.022500355,-3.1840944
6271,2026-08-17,-0.058404278,-0.14105064,0.01834016,0.020070467,-3.1843286
6517,2026-08-17,-0.07941232,-0.122771166,0.024882277,0.025938366,-3.1913931
2491,2026-08-17,-0.08159033,-0.11667709,0.025546785,0.02243983,-3.1936362
3026,2026-08-17,-0.07685479,-0.05792902,0.023980845,0.027259877,-3.2047071
2328,2026-08-17,-0.038333543,-0.088188134,0.011958062,0.014576479,-3.2053971
8234,2026-08-17,-0.060487397,-0.11492457,0.018865796,0.02086466,-3.2060237
2634,2026-08-17,-0.058723506,-0.09337752,0.018282836,0.020965591,-3.2117715
4542,2026-08-17,-0.07021353,-0.12172897,0.021824935,0.023786783,-3.2169766
5351,2026-08-17,-0.07384518,-0.10385158,0.022939345,0.032497548,-3.219009
6120,2026-08-17,-0.05405986,-0.076400325,0.016792879,0.020140395,-3.2190216
1806,2026-08-17,-0.055317607,-0.04560756,0.017178379,0.015732782,-3.2200003
4943,2026-08-17,-0.04245293,-0.10597734,0.0131776985,0.014632024,-3.2213295
3708,2026-08-17,-0.07725116,-0.095404655,0.023976391,0.03046119,-3.2218332
6752,2026-08-17,-0.041058555,-0.15883933,0.012740326,0.01625139,-3.222471
4538,2026-08-17,-0.050607037,-0.11346385,0.015597468,0.021035776,-3.2443593
3094,2026-08-17,-0.057303905,-0.13154526,0.017632024,0.021467768,-3.2498057
3716,2026-08-17,-0.036296535,-0.08637871,0.011154427,0.013198169,-3.2537107
5906,2026-08-17,-0.045194063,-0.12213027,0.013860106,0.018263247,-3.2604947
6728,2026-08-17,-0.048014745,-0.107336745,0.014717088,0.01835084,-3.262295
2375,2026-08-17,-0.06897848,-0.14980689,0.021128584,0.028164083,-3.2645452
2460,2026-08-17,-0.049433015,-0.09692536,0.01501966,0.017670812,-3.2910016
4584,2026-08-17,-0.04031293,-0.07116007,0.012184386,0.014988628,-3.3083014
2483,2026-08-17,-0.07576964,-0.12403503,0.022832781,0.027219713,-3.3183134
6156,2026-08-17,-0.05546879,-0.04292772,0.016701106,0.019424193,-3.3210657
6719,2026-08-17,-0.03366944,-0.13019104,0.010134623,0.015986733,-3.321891
5364,2026-08-17,-0.03968222,-0.10508043,0.011930359,0.016264345,-3.325876
1813,2026-08-17,-0.05536352,-0.13814005,0.016635155,0.014339785,-3.3279035
1597,2026-08-17,-0.07238413,-0.11732418,0.021724124,0.024653573,-3.3318164
5483,2026-08-17,-0.07982708,-0.2085874,0.023892015,0.027171398,-3.3410215
2607,2026-08-17,-0.038124926,-0.021042159,0.011370168,0.014066728,-3.3527713
5498,2026-08-17,-0.09916663,-0.25483993,0.029546611,0.031828158,-3.356164
3558,2026-08-17,-0.0581046,-0.086108305,0.01722116,0.018521544,-3.3738277
4736,2026-08-17,-0.030884942,-0.041687727,0.009115397,0.011417197,-3.387845
6577,2026-08-17,-0.06645999,-0.15066056,0.019615388,0.021165736,-3.387983
4526,2026-08-17,-0.099831484,-0.16911599,0.029462539,0.029027708,-3.388306
2321,2026-08-17,-0.06872023,-0.132667,0.02019274,0.018621787,-3.4030461
2024,2026-08-17,-0.043761957,-0.038013317,0.01285417,0.012762199,-3.40423
7810,2026-08-17,-0.049533892,-0.19435726,0.014537849,0.018094068,-3.4070022
2612,2026-08-17,-0.033250246,-0.051469915,0.009748988,0.013231832,-3.4102857
6284,2026-08-17,-0.053208943,-0.11922918,0.015588963,0.018579448,-3.4130256
4741,2026-08-17,-0.0676758,-0.1783934,0.019822331,0.024078963,-3.4139469
2903,2026-08-17,-0.03485243,0.008106169,0.010165084,0.010815904,-3.4283042
4806,2026-08-17,-0.05598254,-0.041211247,0.016203698,0.021681014,-3.4547105
1541,2026-08-17,-0.039381623,-0.056471832,0.011371105,0.012469457,-3.463002
5013,2026-08-17,-0.055004884,-0.067983285,0.015877977,0.017370025,-3.4640067
2472,2026-08-17,-0.03878277,-0.09984072,0.011170454,0.019623654,-3.4715955
2645,2026-08-17,-0.07092712,-0.081253886,0.020270811,0.019219149,-3.4988053
1434,2026-08-17,-0.02997333,0.0033414876,0.008508639,0.011238705,-3.5222795
3717,2026-08-17,-0.06169516,-0.18156102,0.017512409,0.024107477,-3.5227385
1723,2026-08-17,-0.06174386,-0.051303413,0.017478604,0.018780995,-3.5323374
9103,2026-08-17,-0.048776194,-0.076813176,0.013707034,0.014782217,-3.5582194
6834,2026-08-17,-0.07742556,-0.103377804,0.02173869,0.02390826,-3.5614843
5603,2026-08-17,-0.049768344,-0.09639943,0.013969,0.015534298,-3.5625155
6237,2026-08-17,-0.071921445,-0.1707577,0.020134598,0.023128588,-3.5718553
8440,2026-08-17,-0.059884947,-0.15142043,0.016726166,0.022076707,-3.580101
6958,2026-08-17,-0.053946782,-0.038833022,0.015064178,0.011748419,-3.5808923
4192,2026-08-17,-0.06070505,-0.15449508,0.016885765,0.022985736,-3.59483
9930,2026-08-17,-0.053372655,-0.086115435,0.014806577,0.017527862,-3.6044152
2466,2026-08-17,-0.06379159,-0.14082757,0.017551212,0.02409567,-3.6343904
2337,2026-08-17,-0.05207864,-0.1191185,0.014304525,0.023231702,-3.6404562
6770,2026-08-17,-0.08179886,-0.13441958,0.022139562,0.024608158,-3.6945248
2754,2026-08-17,-0.05094524,-0.073633336,0.01370443,0.01348563,-3.7171574
3027,2026-08-17,-0.05036045,-0.07761491,0.013502127,0.014786247,-3.7295399
4906,2026-08-17,-0.07720046,-0.16148438,0.020612963,0.022003002,-3.7450566
8028,2026-08-17,-0.06808362,-0.11690005,0.018170377,0.020152621,-3.7467508
6292,2026-08-17,-0.06761682,-0.09891274,0.017989045,0.021787483,-3.7585688
6508,2026-08-17,-0.054660503,-0.07164955,0.01454106,0.017634775,-3.7587867
2801,2026-08-17,-0.051834885,-0.0737066,0.013777741,0.012862053,-3.7619462
3373,2026-08-17,-0.038329124,-0.09117835,0.010187099,0.011670481,-3.762147
2065,2026-08-17,-0.0329681,-0.05396837,0.008707524,0.01452765,-3.7857275
3673,2026-08-17,-0.056204773,-0.109256506,0.014814631,0.020400986,-3.7936132
6961,2026-08-17,-0.043635312,-0.094564535,0.011442156,0.016914273,-3.8132236
9940,2026-08-17,-0.0456313,-0.016296199,0.011948499,0.016520869,-3.8186789
6485,2026-08-17,-0.07558525,-0.19813403,0.019781534,0.019703897,-3.8208075
8033,2026-08-17,-0.13889675,-0.20197344,0.036277805,0.041902363,-3.8285923
4131,2026-08-17,-0.06689824,-0.1507073,0.01742487,0.020566497,-3.8390186
3508,2026-08-17,-0.06050957,-0.10612022,0.01575856,0.014394728,-3.8395472
2349,2026-08-17,-0.07332484,-0.18044668,0.019092089,0.021277338,-3.8403864
9918,2026-08-17,-0.05637946,-0.056500066,0.014674628,0.021444371,-3.8417068
6741,2026-08-17,-0.047328245,-0.07146263,0.012295255,0.012224445,-3.8489964
1732,2026-08-17,-0.054500785,-0.1175748,0.014150277,0.016399557,-3.851298
4121,2026-08-17,-0.048057072,-0.08995279,0.012472729,0.016366752,-3.8526626
2008,2026-08-17,-0.04846138,-0.029232277,0.012571504,0.012378128,-3.8545527
3265,2026-08-17,-0.054049805,-0.1156454,0.013988742,0.018039804,-3.863531
5230,2026-08-17,-0.065841466,-0.11058701,0.017038947,0.021726297,-3.8639479
3219,2026-08-17,-0.0692771,-0.17891607,0.017890638,0.021089002,-3.872038
1614,2026-08-17,-0.048765484,-0.064773075,0.0125691425,0.015190458,-3.8794694
3050,2026-08-17,-0.0483622,-0.08186089,0.012464999,0.020898867,-3.8795285
6651,2026-08-17,-0.06172038,-0.12658854,0.015807714,0.019430093,-3.9041996
8489,2026-08-17,-0.06029494,-0.16642395,0.015417707,0.021158127,-3.9105055
9928,2026-08-17,-0.051831715,-0.051702183,0.013236019,0.01396992,-3.9156637
2849,2026-08-17,-0.04481526,0.027331892,0.011420268,0.0130092725,-3.923843
1475,2026-08-17,-0.046207324,-0.06380083,0.011737444,0.0154197,-3.9364095
3646,2026-08-17,-0.06207881,-0.11004913,0.015755432,0.017729685,-3.9399028
2492,2026-08-17,-0.10813749,-0.19170815,0.02740704,0.02826258,-3.9454658
3623,2026-08-17,-0.06055589,-0.1848381,0.015346485,0.016137252,-3.9456556
5432,2026-08-17,-0.07265022,-0.23967403,0.018375041,0.026824558,-3.9535294
7721,2026-08-17,-0.05510672,-0.14250559,0.013933969,0.019660316,-3.9545636
4560,2026-08-17,-0.061732046,-0.072696306,0.015595579,0.0146773225,-3.9580505
5306,2026-08-17,-0.057264633,-0.045384638,0.014425685,0.012555284,-3.9693549
6423,2026-08-17,-0.091468684,-0.2194081,0.023040323,0.020798916,-3.969767
4569,2026-08-17,-0.05787151,-0.10358343,0.014530152,0.017447261,-3.9825823
6971,2026-08-17,-0.048844304,-0.12824138,0.012238066,0.015125294,-3.9908524
1319,2026-08-17,-0.061688613,-0.06541211,0.0154191675,0.012449728,-4.000515
3437,2026-08-17,-0.07542162,-0.17655931,0.0188404,0.017903855,-4.002973
5011,2026-08-17,-0.059995346,-0.058545485,0.014980361,0.0131695345,-4.004666
2029,2026-08-17,-0.044082683,-0.040767133,0.010973328,0.012690143,-4.0168915
4175,2026-08-17,-0.052575428,-0.16714402,0.013085703,0.01681843,-4.017469
1227,2026-08-17,-0.052245133,-0.020008521,0.013000523,0.014682823,-4.0183854
1474,2026-08-17,-0.042724285,-0.09576872,0.010613234,0.012553464,-4.025188
3114,2026-08-17,-0.08266174,-0.13156389,0.020462506,0.0229173,-4.039471
8271,2026-08-17,-0.057101987,-0.22801632,0.014131413,0.019650955,-4.0404983
2545,2026-08-17,-0.04992247,-0.07738285,0.012343987,0.014507678,-4.0439467
1470,2026-08-17,-0.054676674,-0.08033688,0.013482729,0.017886555,-4.0550113
1301,2026-08-17,-0.06833258,-0.12625203,0.016840227,0.020970473,-4.0574584
5425,2026-08-17,-0.08036046,-0.09572271,0.019668203,0.024276664,-4.085598
6235,2026-08-17,-0.078042775,-0.1428228,0.018967308,0.023328466,-4.114377
4930,2026-08-17,-0.0576561,-0.12691304,0.013979663,0.015000807,-4.1239886
8478,2026-08-17,-0.072451144,-0.09677351,0.017550742,0.019236881,-4.1278605
4952,2026-08-17,-0.0624245,-0.11400444,0.01510962,0.02156148,-4.1311674
1727,2026-08-17,-0.07217223,-0.20340052,0.017441526,0.019430518,-4.137717
6796,2026-08-17,-0.06878079,-0.114379436,0.016563894,0.017734569,-4.152202
1444,2026-08-17,-0.06194759,-0.0031404004,0.014876457,0.012597211,-4.163856
8121,2026-08-17,-0.06219767,-0.14077002,0.014927364,0.014859522,-4.166409
6265,2026-08-17,-0.11277686,-0.13891011,0.027006987,0.03269696,-4.1756854
5490,2026-08-17,-0.09145372,-0.13366704,0.021890013,0.024784198,-4.1776834
1464,2026-08-17,-0.047223806,-0.06415374,0.011266012,0.012119533,-4.191334
5244,2026-08-17,-0.08457704,-0.14349982,0.020176241,0.020630078,-4.1917048
6994,2026-08-17,-0.082545295,-0.13717127,0.019673284,0.02121635,-4.1955934
8255,2026-08-17,-0.062427685,-0.11971966,0.014837774,0.016176356,-4.2070646
2436,2026-08-17,-0.1128674,-0.19237834,0.026789103,0.031013649,-4.213026
6414,2026-08-17,-0.07609909,-0.124694265,0.018057825,0.017818563,-4.213956
9907,2026-08-17,-0.05920547,-0.049655642,0.014038958,0.013622957,-4.2169266
1582,2026-08-17,-0.08387343,-0.1660917,0.019778803,0.021654027,-4.240357
2497,2026-08-17,-0.062118426,-0.11302893,0.014621354,0.017509725,-4.2481823
6198,2026-08-17,-0.08909562,-0.082875125,0.020939112,0.02144244,-4.2547827
4164,2026-08-17,-0.068452105,-0.089192145,0.016076274,0.023390897,-4.2576933
8215,2026-08-17,-0.081663705,-0.1256982,0.01914583,0.016561894,-4.265129
1473,2026-08-17,-0.048733633,-0.072622366,0.011384862,0.013309265,-4.2801886
9902,2026-08-17,-0.07927815,-0.10546896,0.018473905,0.015688755,-4.2911263
1465,2026-08-17,-0.056574035,-0.12215317,0.013100625,0.014653622,-4.318093
2438,2026-08-17,-0.04825651,-0.12734619,0.011131351,0.017281469,-4.3347993
2642,2026-08-17,-0.07803925,-0.13584284,0.01798314,0.020914027,-4.3393373
2227,2026-08-17,-0.052521255,-0.032979492,0.012084826,0.0088507375,-4.3456903
2546,2026-08-17,-0.059958305,-0.047147907,0.013779487,0.014161367,-4.350957
3294,2026-08-17,-0.07985611,-0.15206698,0.018318467,0.017110687,-4.359085
6516,2026-08-17,-0.07060711,-0.14666325,0.01619041,0.017735116,-4.360776
3006,2026-08-17,-0.0967059,-0.21123976,0.022155993,0.018438157,-4.364577
3055,2026-08-17,-0.0845295,-0.15882042,0.019281888,0.019598367,-4.383653
1309,2026-08-17,-0.07943987,-0.20869684,0.018060518,0.021074062,-4.398294
3687,2026-08-17,-0.05221239,-0.10586824,0.0118275015,0.013170232,-4.414117
2641,2026-08-17,-0.078138284,-0.10283945,0.017593997,0.015369965,-4.4409375
2392,2026-08-17,-0.07258162,-0.070734255,0.016309282,0.022387968,-4.4500527
8429,2026-08-17,-0.07060497,-0.09161305,0.015827425,0.014284408,-4.4606442
2070,2026-08-17,-0.060428597,-0.12773877,0.013533802,0.0177097,-4.4646826
1231,2026-08-17,-0.05316391,-0.115850225,0.011844171,0.014885638,-4.4882345
5515,2026-08-17,-0.06590775,-0.04368015,0.0146631645,0.015016488,-4.494477
7770,2026-08-17,-0.07791503,-0.15497561,0.017325692,0.02094874,-4.496821
6843,2026-08-17,-0.07920578,-0.1686559,0.017599314,0.019209368,-4.500248
2511,2026-08-17,-0.058310248,-0.013417479,0.0129523575,0.01141456,-4.5015545
6756,2026-08-17,-0.04620575,-0.09954049,0.010261127,0.013408345,-4.502551
6282,2026-08-17,-0.06457156,-0.11297731,0.014321859,0.016462399,-4.508287
8409,2026-08-17,-0.0715259,-0.073349155,0.015859997,0.018469486,-4.5095463
8426,2026-08-17,-0.08495156,-0.1371688,0.01880473,0.022588875,-4.5173225
8908,2026-08-17,-0.09658394,-0.099810734,0.021378847,0.021489339,-4.5175223
5213,2026-08-17,-0.05124333,-0.08030382,0.0113355415,0.016134406,-4.5201907
3338,2026-08-17,-0.070896894,-0.16642424,0.015650207,0.015439624,-4.5298033
2064,2026-08-17,-0.081129976,-0.09385611,0.017884767,0.015315132,-4.536008
8054,2026-08-17,-0.07736551,-0.23779145,0.017052917,0.023943858,-4.5365243
4541,2026-08-17,-0.08635887,-0.15512498,0.018995583,0.024452941,-4.546021
4916,2026-08-17,-0.090840325,-0.14602776,0.019949097,0.021617634,-4.5533776
3438,2026-08-17,-0.08399722,-0.197678,0.018425113,0.021456836,-4.5585966
6662,2026-08-17,-0.07779412,-0.15750211,0.017047338,0.021634916,-4.5631495
3090,2026-08-17,-0.11771943,-0.16588254,0.025768,0.027344074,-4.5682573
3498,2026-08-17,-0.1404171,-0.21394208,0.030617848,0.04000215,-4.5859694
1417,2026-08-17,-0.06098699,-0.1259345,0.013266454,0.015489976,-4.596736
3046,2026-08-17,-0.08239732,-0.12220073,0.017891608,0.021015162,-4.605104
3489,2026-08-17,-0.082393214,-0.10431873,0.017872846,0.022030693,-4.6097083
3287,2026-08-17,-0.069548436,-0.11239112,0.015085545,0.017784156,-4.6099644
6854,2026-08-17,-0.069760926,-0.16091686,0.015127244,0.019540712,-4.6113033
6598,2026-08-17,-0.06488851,-0.06538047,0.014054635,0.011743055,-4.6165476
3713,2026-08-17,-0.060199723,-0.059891567,0.01302628,0.018084448,-4.621051
6270,2026-08-17,-0.0863112,-0.09210717,0.018672112,0.018722322,-4.622218
6969,2026-08-17,-0.06979658,-0.11585944,0.015050266,0.01674416,-4.637256
2323,2026-08-17,-0.09342178,-0.118940204,0.02010818,0.023229068,-4.6457276
6655,2026-08-17,-0.052041315,-0.12098952,0.011199017,0.013418339,-4.6465387
6637,2026-08-17,-0.074104,-0.1016136,0.0159372,0.015440743,-4.649459
3041,2026-08-17,-0.06814337,-0.14121176,0.014654833,0.018186688,-4.6495733
8916,2026-08-17,-0.06444998,-0.10095368,0.0138585605,0.016343553,-4.650218
2528,2026-08-17,-0.07825988,-0.072528586,0.016818255,0.016577205,-4.652993
1815,2026-08-17,-0.10844162,-0.23861223,0.023139652,0.0243837,-4.6861954
6147,2026-08-17,-0.09907303,-0.19020978,0.021091688,0.027562013,-4.697032
6179,2026-08-17,-0.08054846,-0.14475355,0.017135372,0.018209344,-4.700438
4907,2026-08-17,-0.061706137,-0.09615068,0.013057994,0.014164984,-4.725183
1416,2026-08-17,-0.07540909,-0.08802843,0.015932506,0.01514968,-4.732737
6720,2026-08-17,-0.06690473,-0.19068073,0.014096658,0.020105315,-4.745805
8463,2026-08-17,-0.09585751,-0.11764784,0.020178365,0.021164974,-4.7502737
2061,2026-08-17,-0.12133269,-0.21689339,0.025521632,0.029183662,-4.7539253
7709,2026-08-17,-0.08692313,-0.17228815,0.018281681,0.020810742,-4.7543974
1463,2026-08-17,-0.06371753,-0.05843948,0.0133956885,0.016380781,-4.7562146
8933,2026-08-17,-0.08949103,-0.11634669,0.018814588,0.015065318,-4.7562175
2374,2026-08-17,-0.071827926,-0.1017817,0.0150471525,0.014307475,-4.7732053
2342,2026-08-17,-0.10161085,-0.19521561,0.021282041,0.027590571,-4.7742634
6658,2026-08-17,-0.087819144,-0.20575254,0.018332627,0.018992234,-4.7900586
6791,2026-08-17,-0.058668368,-0.19789603,0.0122297825,0.017476609,-4.7967796
6869,2026-08-17,-0.05866536,-0.09611893,0.012194069,0.014176519,-4.8105803
7795,2026-08-17,-0.09803245,-0.18308799,0.020304747,0.022520464,-4.827818
1587,2026-08-17,-0.06720161,-0.1150348,0.013908334,0.013395037,-4.8314037
6191,2026-08-17,-0.07492236,-0.14116111,0.015475164,0.01854916,-4.8411455
1528,2026-08-17,-0.09252175,-0.19819161,0.019110424,0.01968004,-4.841175
6112,2026-08-17,-0.06470319,-0.1137757,0.013313473,0.017523186,-4.859613
3362,2026-08-17,-0.09835203,-0.16806577,0.020229219,0.026458064,-4.8616395
3296,2026-08-17,-0.062633164,-0.044775415,0.012877811,0.015453162,-4.863272
8482,2026-08-17,-0.07645359,-0.03304468,0.01567018,0.015881756,-4.8786106
6708,2026-08-17,-0.07064282,-0.08643643,0.014476345,0.016080407,-4.8795424
1338,2026-08-17,-0.058194708,-0.098023675,0.011921275,0.014024132,-4.8811746
2031,2026-08-17,-0.06288264,-0.065748446,0.012866211,0.020129666,-4.887045
2236,2026-08-17,-0.06858702,-0.13245018,0.013973177,0.0129012875,-4.908126
3706,2026-08-17,-0.07991779,-0.08971639,0.016268387,0.015901996,-4.912157
8102,2026-08-17,-0.054688677,-0.056879368,0.0111190695,0.015130635,-4.9180155
6173,2026-08-17,-0.1353175,-0.14390892,0.027424973,0.030731488,-4.933918
8924,2026-08-17,-0.07564338,-0.13154152,0.015327673,0.021068066,-4.934764
2743,2026-08-17,-0.069044545,-0.1846691,0.01397866,0.021209693,-4.9389286
3207,2026-08-17,-0.084429346,-0.22068517,0.017075071,0.020434255,-4.9443073
3093,2026-08-17,-0.085337065,-0.16516492,0.017256036,0.018945372,-4.945059
4934,2026-08-17,-0.072241,-0.09364832,0.014588368,0.01505777,-4.9516196
9938,2026-08-17,-0.076662794,-0.12479092,0.015400026,0.017673282,-4.9777718
2405,2026-08-17,-0.07163469,-0.091009535,0.0143879,0.02056735,-4.9784684
1108,2026-08-17,-0.087754674,-0.09747193,0.017621955,0.019264784,-4.9795666
6153,2026-08-17,-0.06498767,-0.12782145,0.013047704,0.021724932,-4.9803925
2409,2026-08-17,-0.08614011,-0.16191769,0.017265769,0.0267176,-4.98878
2365,2026-08-17,-0.11399843,-0.21661453,0.022816088,0.023557492,-4.9961863
5601,2026-08-17,-0.070203274,-0.085358255,0.014035762,0.017697163,-5.0013866
8473,2026-08-17,-0.100177296,-0.06331137,0.019972997,0.02317137,-5.0153856
3523,2026-08-17,-0.1143177,-0.09318722,0.02275208,0.025037669,-5.0242734
6197,2026-08-17,-0.07555473,-0.08526899,0.015024829,0.014186028,-5.0283237
2722,2026-08-17,-0.06653485,-0.10973956,0.013197893,0.013219391,-5.040941
6922,2026-08-17,-0.084157564,-0.16071303,0.016685449,0.017863758,-5.0434675
8249,2026-08-17,-0.081884734,-0.15804714,0.016234118,0.014573635,-5.043679
6578,2026-08-17,-0.07908905,-0.122731574,0.01566816,0.016247293,-5.0474343
6205,2026-08-17,-0.09312446,-0.18732338,0.018427491,0.02292591,-5.053287
4523,2026-08-17,-0.082197525,-0.13922419,0.016251808,0.02420792,-5.057435
3029,2026-08-17,-0.08285192,-0.1184152,0.016372835,0.01932635,-5.060019
6174,2026-08-17,-0.092807345,-0.15509565,0.018243356,0.024292944,-5.0869074
2881,2026-08-17,-0.0680169,-0.053741567,0.013354492,0.014315201,-5.0928035
6742,2026-08-17,-0.07443471,-0.10560474,0.01458674,0.021370694,-5.1025524
6616,2026-08-17,-0.08459303,-0.09048379,0.016570447,0.017122136,-5.104746
3128,2026-08-17,-0.078304835,-0.14742447,0.015327544,0.01917111,-5.108433
2108,2026-08-17,-0.075975426,-0.06023,0.01483264,0.01321411,-5.121833
4304,2026-08-17,-0.08787552,-0.17632252,0.01714695,0.017318679,-5.1245494
1314,2026-08-17,-0.104719855,-0.12680712,0.020327333,0.020504156,-5.1514235
8462,2026-08-17,-0.06872017,-0.06696467,0.013331397,0.01606838,-5.1543746
4909,2026-08-17,-0.11181614,-0.24289718,0.02152666,0.027898299,-5.194068
2106,2026-08-17,-0.06543822,-0.011142428,0.012582988,0.013461683,-5.2001176
3297,2026-08-17,-0.097233534,-0.25554153,0.018686308,0.028766025,-5.2031856
3206,2026-08-17,-0.12143151,-0.19981493,0.023328245,0.023690375,-5.2051196
6629,2026-08-17,-0.10538305,-0.12283469,0.02018718,0.023774948,-5.220037
4912,2026-08-17,-0.082145765,-0.14726204,0.015718222,0.018982805,-5.2258162
6804,2026-08-17,-0.08230594,-0.07925264,0.015747804,0.012206012,-5.2261705
6909,2026-08-17,-0.09279906,-0.20051861,0.017700931,0.021991678,-5.242313
2399,2026-08-17,-0.08225901,-0.08818831,0.0156644,0.015367314,-5.250999
6438,2026-08-17,-0.061040625,-0.18377458,0.011599018,0.018619271,-5.2621145
6196,2026-08-17,-0.07200667,-0.07459364,0.013667676,0.015246573,-5.2680063
4919,2026-08-17,-0.11746083,-0.23871326,0.022280816,0.026970198,-5.2716002
6492,2026-08-17,-0.06898437,-0.116760716,0.01308446,0.016024018,-5.2718334
2302,2026-08-17,-0.1183767,-0.14679089,0.022448728,0.028101241,-5.2729683
7712,2026-08-17,-0.082440615,-0.1688591,0.01562885,0.018801803,-5.274562
2348,2026-08-17,-0.089155324,-0.07143143,0.016869353,0.01651454,-5.284734
6415,2026-08-17,-0.08257508,-0.09802826,0.015588366,0.020251656,-5.296885
7703,2026-08-17,-0.086215734,-0.22187525,0.016260061,0.02007939,-5.3019743
3266,2026-08-17,-0.06346657,-0.065893345,0.011935135,0.018933397,-5.317179
6166,2026-08-17,-0.09244955,-0.1271967,0.01730836,0.017218258,-5.341015
1809,2026-08-17,-0.14089206,-0.2042524,0.026375348,0.02792407,-5.341606
1441,2026-08-17,-0.06423207,-0.15814243,0.012016534,0.016740989,-5.344863
6620,2026-08-17,-0.07790251,-0.10019842,0.01456301,0.014788716,-5.3489738
6582,2026-08-17,-0.0709739,-0.011505073,0.013236161,0.011939851,-5.3617163
6204,2026-08-17,-0.10113026,-0.16365471,0.018852666,0.022910485,-5.3639574
3511,2026-08-17,-0.078150414,-0.11010376,0.014558689,0.015846144,-5.367588
6538,2026-08-17,-0.15731573,-0.20355177,0.029289933,0.03059188,-5.3707995
8932,2026-08-17,-0.17965314,-0.33706743,0.033391535,0.035466485,-5.380039
7642,2026-08-17,-0.07007082,-0.08205383,0.012998698,0.013927398,-5.3901877
8931,2026-08-17,-0.104963,-0.13381879,0.019458538,0.024359219,-5.39391
4402,2026-08-17,-0.07540449,-0.073734775,0.013952067,0.018439114,-5.4041514
3284,2026-08-17,-0.080022626,-0.05221162,0.014798958,0.017372716,-5.4069495
6558,2026-08-17,-0.0847896,-0.15217122,0.015632614,0.01928169,-5.423544
6431,2026-08-17,-0.0680516,-0.0703616,0.012529819,0.012552902,-5.430738
6671,2026-08-17,-0.059299335,-0.11012835,0.010885741,0.01720443,-5.446932
4113,2026-08-17,-0.10313948,-0.11322288,0.018847898,0.018103851,-5.4719105
6426,2026-08-17,-0.2057798,-0.36087087,0.037506416,0.032546733,-5.486377
8454,2026-08-17,-0.115106516,-0.111599065,0.0209746,0.020770187,-5.4876385
8929,2026-08-17,-0.069542736,-0.17000842,0.01266933,0.01690217,-5.4886284
8072,2026-08-17,-0.104157925,-0.20598277,0.018943505,0.023675242,-5.4980545
3550,2026-08-17,-0.10363398,-0.20044525,0.018834759,0.022171326,-5.5019803
2939,2026-08-17,-0.097706035,-0.14960562,0.017731648,0.01334743,-5.5099516
6923,2026-08-17,-0.06319811,-0.15161638,0.011431265,0.015730778,-5.528048
2616,2026-08-17,-0.112043336,-0.14124735,0.020250281,0.020220486,-5.5326543
6953,2026-08-17,-0.07968359,-0.19831495,0.014394272,0.017359272,-5.5354
8906,2026-08-17,-0.0814624,-0.10431647,0.014706397,0.018339444,-5.5388722
4935,2026-08-17,-0.07194066,-0.09515022,0.012980955,0.014746173,-5.5415893
6967,2026-08-17,-0.14604284,-0.21840975,0.026316432,0.02638415,-5.5492816
8411,2026-08-17,-0.06949174,-0.0640914,0.012521408,0.016455578,-5.549391
5371,2026-08-17,-0.11982165,-0.122676775,0.021583239,0.03006229,-5.5513496
2103,2026-08-17,-0.10848468,-0.0977328,0.01949735,0.022520613,-5.5637875
4430,2026-08-17,-0.10688548,-0.17713524,0.019202964,0.016737945,-5.5658026
4956,2026-08-17,-0.11463361,-0.23632033,0.02056437,0.022931105,-5.574109
3501,2026-08-17,-0.08184298,-0.123636864,0.01465596,0.01785503,-5.5838985
3042,2026-08-17,-0.11003011,-0.13034861,0.019662233,0.02308475,-5.595728
7820,2026-08-17,-0.09162218,-0.17345157,0.01636417,0.022615401,-5.5986085
1233,2026-08-17,-0.066913895,-0.07716518,0.0119416965,0.012730969,-5.6029134
6233,2026-08-17,-0.107091315,-0.18280713,0.019108849,0.022997338,-5.6039853
4576,2026-08-17,-0.08636169,-0.108587936,0.015409227,0.017255418,-5.60418
4968,2026-08-17,-0.09778596,-0.23871492,0.017386109,0.02140492,-5.624049
3141,2026-08-17,-0.0995441,-0.17656825,0.017663674,0.018445337,-5.635207
2910,2026-08-17,-0.07966647,-0.114467844,0.014121834,0.017666867,-5.6409693
1721,2026-08-17,-0.08445563,-0.12252752,0.014952489,0.02134098,-5.6478877
8917,2026-08-17,-0.109351985,-0.115032755,0.019352283,0.019470746,-5.6503067
1599,2026-08-17,-0.07393838,-0.1625548,0.013040636,0.010518323,-5.6694098
3485,2026-08-17,-0.103944905,-0.21452564,0.018329272,0.021718161,-5.670669
2454,2026-08-17,-0.07238105,-0.077247284,0.012718831,0.013892582,-5.6904097
6152,2026-08-17,-0.09302758,-0.15018974,0.016329136,0.019300409,-5.696681
6209,2026-08-17,-0.083153136,-0.13238145,0.014520087,0.01570717,-5.7263713
1702,2026-08-17,-0.07383498,-0.06591654,0.012890486,0.011086732,-5.7274218
7842,2026-08-17,-0.13666436,-0.2017265,0.023759587,0.026353192,-5.7517247
2371,2026-08-17,-0.09871896,-0.170291,0.017128678,0.024811381,-5.7630367
7792,2026-08-17,-0.14360662,-0.26981768,0.02489909,0.026722843,-5.767313
7732,2026-08-17,-0.07016899,-0.1074344,0.012148308,0.013298552,-5.775554
8074,2026-08-17,-0.12645243,-0.25929445,0.021880401,0.0284168,-5.778991
9955,2026-08-17,-0.13029498,-0.23475517,0.022518719,0.025739742,-5.785817
1201,2026-08-17,-0.06917841,-0.046249297,0.011910935,0.011472722,-5.807487
6122,2026-08-17,-0.09103803,-0.13961487,0.015665388,0.018235398,-5.811042
3685,2026-08-17,-0.10662905,-0.12540735,0.018347615,0.01752368,-5.811286
2646,2026-08-17,-0.088075414,-0.027403204,0.015149205,0.017443806,-5.81348
3663,2026-08-17,-0.09895801,-0.19307913,0.017016726,0.021725455,-5.8149962
3576,2026-08-17,-0.087880515,-0.11657931,0.015051562,0.019638821,-5.8382425
4590,2026-08-17,-0.07673545,-0.08699572,0.013099074,0.01517988,-5.8576345
5471,2026-08-17,-0.07921836,-0.1504879,0.013467506,0.020018056,-5.881748
6418,2026-08-17,-0.14773557,-0.21403399,0.024976479,0.024146428,-5.914751
6890,2026-08-17,-0.08629287,-0.0966442,0.014569276,0.013632923,-5.9225283
3684,2026-08-17,-0.09401989,-0.2033461,0.01584614,0.02406189,-5.9329243
6952,2026-08-17,-0.08789716,-0.12254464,0.014797887,0.019314101,-5.939444
7736,2026-08-17,-0.07335441,-0.103576295,0.012299869,0.0126343435,-5.9633517
4137,2026-08-17,-0.07295043,-0.0670805,0.01222217,0.013761513,-5.968209
1447,2026-08-17,-0.099783674,-0.053556155,0.016650748,0.016927434,-5.9923844
2363,2026-08-17,-0.106050245,-0.12895821,0.01767396,0.024774615,-6.000027
6792,2026-08-17,-0.09294924,-0.14888296,0.015448764,0.016892707,-6.016224
1598,2026-08-17,-0.06991772,-0.11758291,0.011592196,0.011457734,-6.030927
8436,2026-08-17,-0.101976305,-0.11193522,0.016838025,0.013523044,-6.0559506
6221,2026-08-17,-0.086583756,-0.12201405,0.01420552,0.019286992,-6.0946493
3591,2026-08-17,-0.10261256,-0.23971897,0.016817434,0.022100158,-6.101196
7730,2026-08-17,-0.10738683,-0.16311696,0.017599097,0.021471081,-6.101491
1515,2026-08-17,-0.15946834,-0.17450078,0.026055915,0.030035794,-6.1200004
3040,2026-08-17,-0.10900702,-0.18229574,0.017761193,0.02041784,-6.137025
6913,2026-08-17,-0.09948583,-0.16878824,0.016204031,0.019392354,-6.139194
4442,2026-08-17,-0.10334281,-0.1668175,0.016692927,0.022070605,-6.190443
4722,2026-08-17,-0.10646052,-0.17366639,0.017164905,0.022974657,-6.201859
6841,2026-08-17,-0.07220388,-0.124780655,0.01160434,0.014838574,-6.2216086
3205,2026-08-17,-0.086083144,-0.1380389,0.013834823,0.019648243,-6.221758
8089,2026-08-17,-0.10197355,-0.15879136,0.016379012,0.022567159,-6.2254868
6498,2026-08-17,-0.11658751,-0.23169988,0.018711777,0.022500355,-6.230369
3504,2026-08-17,-0.10653113,-0.18833812,0.01706884,0.020069476,-6.2408977
3548,2026-08-17,-0.1558384,-0.25368127,0.024870565,0.029105434,-6.2657256
6597,2026-08-17,-0.08876774,-0.112297155,0.014118384,0.019485027,-6.286941
6405,2026-08-17,-0.104391195,-0.24636358,0.01660161,0.02718144,-6.287637
8937,2026-08-17,-0.23121406,-0.32534632,0.036757637,0.042342797,-6.290061
2201,2026-08-17,-0.06625271,-0.03591733,0.01051857,0.013922247,-6.298043
4994,2026-08-17,-0.08017251,-0.14155258,0.012724773,0.014405197,-6.3000107
3379,2026-08-17,-0.17299753,-0.28031546,0.027417459,0.025502082,-6.309528
6113,2026-08-17,-0.07490957,-0.1409194,0.011865287,0.013219419,-6.3128057
3056,2026-08-17,-0.09080849,-0.092889,0.01437902,0.011559697,-6.314907
1530,2026-08-17,-0.10212001,-0.10902144,0.016143017,0.014680703,-6.325564
3147,2026-08-17,-0.1599156,-0.2569254,0.025260212,0.027320758,-6.33048
2901,2026-08-17,-0.09879007,-0.13656835,0.015598044,0.018423937,-6.333085
2014,2026-08-17,-0.09682854,-0.07904043,0.015270205,0.015212732,-6.3405957
8011,2026-08-17,-0.10037275,-0.17592457,0.015813017,0.018120244,-6.3470745
8110,2026-08-17,-0.14084168,-0.25850105,0.022145098,0.030041004,-6.359661
3049,2026-08-17,-0.09568154,-0.15306234,0.015039285,0.017170357,-6.361684
1560,2026-08-17,-0.13280353,-0.116374604,0.020870933,0.01932347,-6.3627806
4903,2026-08-17,-0.111558564,-0.19072011,0.01751502,0.022386845,-6.3689446
1623,2026-08-17,-0.07693848,-0.15881976,0.012065388,0.017312637,-6.376264
6425,2026-08-17,-0.14091669,-0.25962037,0.022057071,0.022983897,-6.388441
2221,2026-08-17,-0.1269278,-0.14381078,0.019821135,0.018770952,-6.403336
2476,2026-08-17,-0.25862238,-0.4716042,0.04032436,0.045259725,-6.413393
1454,2026-08-17,-0.091980726,-0.14771856,0.014340109,0.013391531,-6.41378
5468,2026-08-17,-0.11711213,-0.122091435,0.01823856,0.02129755,-6.4207764
4148,2026-08-17,-0.11138091,-0.11964046,0.01733434,0.021074582,-6.425078
6505,2026-08-17,-0.09546299,-0.114885025,0.014829969,0.016355198,-6.4367332
4171,2026-08-17,-0.080750436,-0.12490446,0.012539373,0.018259268,-6.439237
3675,2026-08-17,-0.10736413,-0.25963694,0.016670534,0.026736187,-6.439967
3447,2026-08-17,-0.11025489,-0.17172359,0.017102351,0.019386614,-6.446391
2049,2026-08-17,-0.102942735,-0.08857299,0.015930088,0.01889593,-6.4617515
1616,2026-08-17,-0.120059684,-0.16684987,0.018570472,0.018954782,-6.464737
1305,2026-08-17,-0.111738175,-0.19300658,0.017274993,0.020569686,-6.467829
3580,2026-08-17,-0.1339459,-0.23547728,0.020698816,0.022270232,-6.470874
7818,2026-08-17,-0.082053445,-0.11989388,0.012674347,0.017490339,-6.4734674
3024,2026-08-17,-0.06186259,-0.086972035,0.009551696,0.014791382,-6.47593
6569,2026-08-17,-0.10082976,-0.15244642,0.015557969,0.0151411155,-6.4804907
2516,2026-08-17,-0.083079055,-0.06836514,0.012816246,0.015052026,-6.481818
6167,2026-08-17,-0.12421667,-0.19989707,0.019074744,0.024794407,-6.51176
8227,2026-08-17,-0.11525185,-0.2771455,0.017648468,0.029615998,-6.5300465
3032,2026-08-17,-0.096612215,-0.17624785,0.014792084,0.019877918,-6.5309043
6762,2026-08-17,-0.1066837,-0.08854054,0.01629826,0.022250647,-6.545309
6005,2026-08-17,-0.07857463,-0.05598809,0.011973402,0.013524728,-6.561883
3669,2026-08-17,-0.10790982,-0.16329585,0.01639877,0.018072987,-6.579959
4109,2026-08-17,-0.09013804,-0.1471186,0.013691539,0.015987817,-6.583004
6446,2026-08-17,-0.13107723,-0.15023033,0.019886274,0.021242078,-6.5910106
3537,2026-08-17,-0.116783045,-0.16107944,0.017693112,0.02341027,-6.6001077
2929,2026-08-17,-0.09158325,-0.08588004,0.013843677,0.017517125,-6.6150513
3521,2026-08-17,-0.13532592,-0.18056895,0.02032474,0.020511152,-6.6578593
4927,2026-08-17,-0.13566738,-0.34011027,0.020292858,0.030455837,-6.685145
6116,2026-08-17,-0.1548673,-0.2601505,0.023155766,0.027162556,-6.687778
5292,2026-08-17,-0.13020995,-0.22124116,0.01943522,0.01981305,-6.6993456
1717,2026-08-17,-0.14365993,-0.1607116,0.02141087,0.023816792,-6.7093596
3631,2026-08-17,-0.11415981,-0.15698619,0.016969228,0.022277184,-6.7270637
4556,2026-08-17,-0.16389482,-0.19188912,0.024333103,0.030057043,-6.7351904
6441,2026-08-17,-0.13869731,-0.23351806,0.02054071,0.023604942,-6.7519846
6591,2026-08-17,-0.11934211,-0.20771691,0.017669804,0.020049492,-6.753632
8488,2026-08-17,-0.11347639,-0.108784914,0.01678176,0.016589638,-6.761485
6118,2026-08-17,-0.10923242,-0.16882268,0.016153747,0.020784494,-6.7616296
6215,2026-08-17,-0.11713346,-0.2195847,0.01731065,0.020502375,-6.7661643
6859,2026-08-17,-0.1035329,-0.15530688,0.015259645,0.01907617,-6.784307
3312,2026-08-17,-0.16267954,-0.21153837,0.023863226,0.026915612,-6.816879
2905,2026-08-17,-0.09129294,-0.08114188,0.013382191,0.015266041,-6.8214626
4563,2026-08-17,-0.11206684,-0.18762821,0.016397858,0.022441033,-6.83382
5481,2026-08-17,-0.12392688,-0.15904348,0.018127214,0.019681219,-6.8361325
5450,2026-08-17,-0.14471216,-0.1648297,0.02116385,0.025153738,-6.8373823
2427,2026-08-17,-0.08206272,-0.099742174,0.011989437,0.014298305,-6.844014
7819,2026-08-17,-0.114982076,-0.21340589,0.016755989,0.015958022,-6.861738
6203,2026-08-17,-0.0770566,-0.15901269,0.011195872,0.018624932,-6.8819757
6689,2026-08-17,-0.105136916,-0.19332777,0.015265765,0.016939776,-6.8866534
2461,2026-08-17,-0.09625893,-0.13932507,0.013969198,0.01384966,-6.8903055
6965,2026-08-17,-0.12696871,-0.12294157,0.018420946,0.021229265,-6.892253
7722,2026-08-17,-0.10051879,-0.14465405,0.014577267,0.018370863,-6.8951125
1336,2026-08-17,-0.109626256,-0.12194136,0.015891511,0.020879896,-6.897982
3388,2026-08-17,-0.19219856,-0.26140422,0.02774113,0.028770652,-6.928039
3434,2026-08-17,-0.11043142,-0.14730906,0.01592693,0.017311445,-6.9331937
6220,2026-08-17,-0.10918983,-0.16589215,0.015726091,0.018640667,-6.9427857
1603,2026-08-17,-0.08721328,-0.097205624,0.012555454,0.01670481,-6.945693
6934,2026-08-17,-0.14189352,-0.16275908,0.020415463,0.02228004,-6.949956
6680,2026-08-17,-0.07734227,-0.14692454,0.011126765,0.014610298,-6.9503865
4911,2026-08-17,-0.10536363,-0.17050505,0.015132324,0.01789817,-6.9623585
3013,2026-08-17,-0.11001708,-0.2388301,0.015787916,0.02398446,-6.9679947
1203,2026-08-17,-0.10688666,-0.08585667,0.015300462,0.0147469975,-6.9853888
3441,2026-08-17,-0.20360737,-0.32468605,0.029139668,0.033565212,-6.987052
2913,2026-08-17,-0.08609797,-0.12388405,0.012313913,0.014717644,-6.9913583
1584,2026-08-17,-0.113972194,-0.15166627,0.016299378,0.02267272,-6.991997
4557,2026-08-17,-0.096281305,-0.10527851,0.0137558775,0.014950867,-6.998776
7402,2026-08-17,-0.16284564,-0.2114358,0.02326626,0.02868658,-6.998918
2457,2026-08-17,-0.11994798,-0.19034234,0.017098643,0.020005245,-7.014648
1312,2026-08-17,-0.12528698,-0.22538306,0.017843585,0.020124096,-7.021008
3712,2026-08-17,-0.2043883,-0.22321011,0.029104581,0.031522352,-7.0223064
5531,2026-08-17,-0.10121409,-0.124009475,0.014411927,0.015676957,-7.022452
2465,2026-08-17,-0.20446028,-0.17566153,0.029099409,0.0313846,-7.0260277
4419,2026-08-17,-0.09701855,-0.13312986,0.013804972,0.01723884,-7.0272884
2312,2026-08-17,-0.14786816,-0.22419898,0.020918388,0.026513867,-7.0684743
8084,2026-08-17,-0.18073852,-0.20784006,0.025550934,0.023209115,-7.0733795
6274,2026-08-17,-0.06843829,-0.13818146,0.009674202,0.013949746,-7.0735774
9105,2026-08-17,-0.16110153,-0.22044045,0.0227653,0.022773266,-7.0763164
5291,2026-08-17,-0.1748891,-0.3445489,0.024674233,0.031939596,-7.0876374
4441,2026-08-17,-0.061946068,-0.10923697,0.008729292,0.010637056,-7.095532
8099,2026-08-17,-0.10069224,-0.17972746,0.014182105,0.016519725,-7.0994496
1337,2026-08-17,-0.11345577,-0.14829963,0.015967403,0.020008821,-7.1050167
1569,2026-08-17,-0.17237426,-0.2898491,0.024199335,0.024236444,-7.1228046
9919,2026-08-17,-0.13551776,-0.17761752,0.019005204,0.019364411,-7.1301856
6649,2026-08-17,-0.13266417,-0.17593104,0.01852555,0.020162696,-7.1607594
3416,2026-08-17,-0.091088645,-0.109677985,0.012716789,0.014500589,-7.162302
5278,2026-08-17,-0.10192892,-0.11453203,0.014213466,0.01649626,-7.170788
1295,2026-08-17,-0.122500725,-0.1970739,0.01707357,0.015026468,-7.174454
1796,2026-08-17,-0.12566726,-0.1821687,0.017504213,0.024019402,-7.1788473
3520,2026-08-17,-0.11037789,-0.14490943,0.015344819,0.01887554,-7.1927013
3466,2026-08-17,-0.1425897,-0.2711719,0.019815948,0.025506625,-7.195341
1325,2026-08-17,-0.09489133,-0.17017183,0.013163126,0.017101228,-7.2083273
6432,2026-08-17,-0.19082274,-0.19855003,0.026464889,0.027064135,-7.210139
6588,2026-08-17,-0.1856591,-0.3136338,0.025729159,0.02659677,-7.215622
3224,2026-08-17,-0.11990959,-0.22727938,0.016571956,0.021250177,-7.2352567
5227,2026-08-17,-0.15659934,-0.21320492,0.021539077,0.019452516,-7.2701383
6230,2026-08-17,-0.13505507,-0.1657614,0.018526668,0.015694184,-7.289372
2543,2026-08-17,-0.086154826,-0.1517226,0.011808374,0.015958,-7.2954607
6712,2026-08-17,-0.12317322,-0.12631266,0.016848387,0.015227123,-7.3102493
6617,2026-08-17,-0.13634065,-0.16592161,0.018611189,0.019087734,-7.3253417
2477,2026-08-17,-0.101395175,-0.13305523,0.013828437,0.017430557,-7.3318367
2038,2026-08-17,-0.08797121,-0.1379851,0.011963288,0.012579157,-7.3528156
5426,2026-08-17,-0.17354056,-0.1724849,0.023594515,0.023836069,-7.354811
4571,2026-08-17,-0.1222791,-0.15264629,0.01653198,0.018742716,-7.3960714
1742,2026-08-17,-0.12558995,-0.17986307,0.01696496,0.022609537,-7.4024663
5263,2026-08-17,-0.14861406,-0.2065502,0.020041538,0.020335909,-7.4149323
1785,2026-08-17,-0.18216835,-0.2692171,0.024518372,0.029548308,-7.4295683
6488,2026-08-17,-0.14799684,-0.21085969,0.0198858,0.024370797,-7.441963
3043,2026-08-17,-0.11341106,-0.20973594,0.015209453,0.019555701,-7.456126
8927,2026-08-17,-0.13856307,-0.09406832,0.018575901,0.017195623,-7.45889
6224,2026-08-17,-0.14732078,-0.22803356,0.019749789,0.025492763,-7.458982
2359,2026-08-17,-0.12240953,-0.10969084,0.016387705,0.02288367,-7.46914
5392,2026-08-17,-0.17595667,-0.22341976,0.023492536,0.026740726,-7.489578
6761,2026-08-17,-0.121579126,-0.19230586,0.01621197,0.01596879,-7.4988804
6462,2026-08-17,-0.14749943,-0.26743174,0.019630462,0.022468593,-7.51342
8047,2026-08-17,-0.11398449,-0.1638565,0.01515684,0.019865865,-7.519837
1736,2026-08-17,-0.15758047,-0.20155253,0.020935701,0.021290192,-7.5265183
1449,2026-08-17,-0.09359468,-0.11684863,0.012419119,0.016090902,-7.5357313
6201,2026-08-17,-0.088698864,-0.14714171,0.011756813,0.014748575,-7.5438232
1259,2026-08-17,-0.09173252,-0.13617015,0.012130959,0.01574051,-7.5612288
6101,2026-08-17,-0.15563029,-0.27365172,0.020575061,0.02617068,-7.5636578
3230,2026-08-17,-0.18580548,-0.18968573,0.024467869,0.026294729,-7.593546
6243,2026-08-17,-0.20545101,-0.303734,0.02704838,0.03973143,-7.5954056
6906,2026-08-17,-0.11476957,-0.15302077,0.0151064675,0.015937561,-7.5968766
8171,2026-08-17,-0.16134173,-0.2428703,0.021212805,0.022117997,-7.605506
1517,2026-08-17,-0.13112737,-0.15389219,0.01723586,0.01916561,-7.6073813
2413,2026-08-17,-0.13019718,-0.21002562,0.01710261,0.0219256,-7.612263
3552,2026-08-17,-0.103989586,-0.15666768,0.013649341,0.017937291,-7.6180944
3057,2026-08-17,-0.10499104,-0.21104473,0.013769289,0.017264154,-7.6244617
1583,2026-08-17,-0.11971604,-0.10990793,0.015680825,0.016552944,-7.634063
6218,2026-08-17,-0.17640474,-0.28249034,0.023039266,0.027509348,-7.6563673
2538,2026-08-17,-0.109530404,-0.15120816,0.014291529,0.017536977,-7.6634727
4739,2026-08-17,-0.1594128,-0.33099067,0.020783963,0.03230492,-7.6696215
8162,2026-08-17,-0.17610365,-0.24896128,0.022955474,0.024066936,-7.671198
1725,2026-08-17,-0.12117888,-0.1486605,0.015789885,0.017264532,-7.6739764
3594,2026-08-17,-0.15484177,-0.2265344,0.020171318,0.022251656,-7.675953
6469,2026-08-17,-0.10583506,-0.17406502,0.013750667,0.01547424,-7.696162
8404,2026-08-17,-0.12893163,-0.12639555,0.016706806,0.013630024,-7.71685
4166,2026-08-17,-0.13756564,-0.114023276,0.017821062,0.014059827,-7.7188396
4157,2026-08-17,-0.088478595,-0.15233926,0.011435491,0.014665556,-7.736516
2429,2026-08-17,-0.13171214,-0.16772495,0.017003844,0.02233642,-7.745566
3025,2026-08-17,-0.1685221,-0.2607746,0.021721939,0.02521273,-7.757795
2489,2026-08-17,-0.14089468,-0.17000669,0.018157832,0.021399517,-7.7590165
8040,2026-08-17,-0.11023353,-0.23589425,0.014135628,0.019379219,-7.7977242
8112,2026-08-17,-0.19337724,-0.18721065,0.02471282,0.02883839,-7.8246603
5465,2026-08-17,-0.12984708,-0.16292493,0.016574992,0.022648737,-7.833442
2208,2026-08-17,-0.13677815,-0.16782194,0.017415771,0.01729901,-7.8532434
3047,2026-08-17,-0.13512304,-0.17188753,0.01719095,0.022218581,-7.859669
1466,2026-08-17,-0.15567979,-0.20238231,0.01977148,0.021994965,-7.8735595
4426,2026-08-17,-0.081173085,-0.1069397,0.010307565,0.010398662,-7.874334
1524,2026-08-17,-0.11786475,-0.18570167,0.014966361,0.019766267,-7.874785
7780,2026-08-17,-0.09529408,-0.09107632,0.012097405,0.012053683,-7.8765817
6275,2026-08-17,-0.11606555,-0.23097394,0.014724317,0.020846704,-7.8820405
5222,2026-08-17,-0.1592167,-0.23767987,0.020197118,0.023677101,-7.8827496
4716,2026-08-17,-0.111578554,-0.16643867,0.014148503,0.019425225,-7.8856874
3234,2026-08-17,-0.1871549,-0.27896118,0.023700325,0.022591822,-7.89639
1504,2026-08-17,-0.13341166,-0.17788056,0.016844597,0.01746658,-7.9196754
1409,2026-08-17,-0.23039001,-0.2296668,0.029068556,0.03079705,-7.925474
2451,2026-08-17,-0.21309322,-0.33773014,0.026833901,0.028367493,-7.9408984
3652,2026-08-17,-0.14021234,-0.17931876,0.017618708,0.023568485,-7.9576993
1532,2026-08-17,-0.108917885,-0.08758672,0.013654812,0.02002527,-7.975936
1784,2026-08-17,-0.15789922,-0.2662268,0.019783515,0.023403198,-7.9809494
2228,2026-08-17,-0.12947272,-0.17508619,0.016131936,0.018950772,-8.025366
6533,2026-08-17,-0.12245072,-0.21624658,0.015223986,0.021261277,-8.0427475
3308,2026-08-17,-0.1462856,-0.19696498,0.018174898,0.025453772,-8.048328
3339,2026-08-17,-0.19617936,-0.29228532,0.024269521,0.02972927,-8.083031
4198,2026-08-17,-0.13542074,-0.13453706,0.016722256,0.01978586,-8.09775
2723,2026-08-17,-0.082438625,-0.07347946,0.010170459,0.011467003,-8.104897
4726,2026-08-17,-0.1326144,-0.14355546,0.016347358,0.01911711,-8.111787
3092,2026-08-17,-0.17087474,-0.25107113,0.02101164,0.026281789,-8.131998
2035,2026-08-17,-0.11583989,-0.13983528,0.014242743,0.019800179,-8.132686
4564,2026-08-17,-0.13873997,-0.21106389,0.017039308,0.018436797,-8.14187
2540,2026-08-17,-0.1270032,-0.106685184,0.015597463,0.017588792,-8.142033
3444,2026-08-17,-0.18386135,-0.2973444,0.022558771,0.027510889,-8.149965
3714,2026-08-17,-0.12597643,-0.15304919,0.015391003,0.020560862,-8.184537
2417,2026-08-17,-0.16399641,-0.20799996,0.020029329,0.022980532,-8.187405
2376,2026-08-17,-0.12773141,-0.13133495,0.015496554,0.016529167,-8.242037
4577,2026-08-17,-0.14829777,-0.26805738,0.017982865,0.02493316,-8.246157
2230,2026-08-17,-0.18654366,-0.27293292,0.022619434,0.030321093,-8.246688
3066,2026-08-17,-0.14926505,-0.1826347,0.018069414,0.020297684,-8.26019
6716,2026-08-17,-0.1338439,-0.2215648,0.016191365,0.02240299,-8.265864
1443,2026-08-17,-0.09076493,-0.116925366,0.01093071,0.011717688,-8.302903
1525,2026-08-17,-0.10402559,-0.123464026,0.012508916,0.014255207,-8.315451
3004,2026-08-17,-0.09403965,-0.14250107,0.011307606,0.01312455,-8.31576
2756,2026-08-17,-0.12600647,-0.19295213,0.015146433,0.022388533,-8.318667
6477,2026-08-17,-0.15744968,-0.1885217,0.018855086,0.020114427,-8.350072
4160,2026-08-17,-0.14443022,-0.25670964,0.017282825,0.01970704,-8.35638
1810,2026-08-17,-0.18768826,-0.3390706,0.02243822,0.025843617,-8.364295
6733,2026-08-17,-0.09723552,-0.14357583,0.011612837,0.015717072,-8.372385
6794,2026-08-17,-0.124797314,-0.17375307,0.014868617,0.018064106,-8.392773
1219,2026-08-17,-0.1254669,-0.15362045,0.014941547,0.018034592,-8.396621
2530,2026-08-17,-0.14488418,-0.17218283,0.017224606,0.017963853,-8.410977
1235,2026-08-17,-0.174538,-0.20279282,0.020712297,0.02202991,-8.426374
6530,2026-08-17,-0.23577634,-0.35965416,0.027934976,0.036671504,-8.439881
2524,2026-08-17,-0.104242064,-0.08642716,0.012241794,0.017356707,-8.5145645
1321,2026-08-17,-0.10950311,-0.1256712,0.012854211,0.015436637,-8.518188
8905,2026-08-17,-0.1284003,-0.13896106,0.015069416,0.018815227,-8.520023
3323,2026-08-17,-0.16436043,-0.25551584,0.019255603,0.024548028,-8.535276
8045,2026-08-17,-0.15932648,-0.24757464,0.018665377,0.022181654,-8.53548
6931,2026-08-17,-0.10718503,-0.15091263,0.012530003,0.015702087,-8.553587
2231,2026-08-17,-0.17577359,-0.25165996,0.020537503,0.022448033,-8.558248
1710,2026-08-17,-0.17280899,-0.22133827,0.020077493,0.02803816,-8.606671
3701,2026-08-17,-0.11434506,-0.20796227,0.013281195,0.016121212,-8.608897
6108,2026-08-17,-0.16844732,-0.20043805,0.019535527,0.020591838,-8.622173
4976,2026-08-17,-0.18899971,-0.2700598,0.021893194,0.024952529,-8.632412
3073,2026-08-17,-0.11946514,-0.18730961,0.013823407,0.019355448,-8.641611
2364,2026-08-17,-0.13826187,-0.18497975,0.015991734,0.017873008,-8.645292
8044,2026-08-17,-0.15259336,-0.14973335,0.017580269,0.01797291,-8.679315
5258,2026-08-17,-0.13559563,-0.19977981,0.015620395,0.019869663,-8.680123
1595,2026-08-17,-0.18072754,-0.30741102,0.020805383,0.030962424,-8.686158
5381,2026-08-17,-0.15334497,-0.27484792,0.017648533,0.02542623,-8.688331
2601,2026-08-17,-0.09871092,-0.036539778,0.011310003,0.017111858,-8.726982
4714,2026-08-17,-0.1417648,-0.22772704,0.016199205,0.024147023,-8.750803
7788,2026-08-17,-0.14061025,-0.15547109,0.01606362,0.01977107,-8.75279
1605,2026-08-17,-0.17328596,-0.2029323,0.019730521,0.021941315,-8.782189
6546,2026-08-17,-0.17260832,-0.2818224,0.019635525,0.025972394,-8.790166
1440,2026-08-17,-0.09775966,-0.0925099,0.011115837,0.012875341,-8.793838
6496,2026-08-17,-0.14276747,-0.23729986,0.016100572,0.017324796,-8.866679
5283,2026-08-17,-0.12876986,-0.15811841,0.014397598,0.014435814,-8.943222
1455,2026-08-17,-0.13640381,-0.1522482,0.015198296,0.014072174,-8.974351
4923,2026-08-17,-0.14393476,-0.15412855,0.016033465,0.021125365,-8.976586
5608,2026-08-17,-0.20705742,-0.240161,0.023038935,0.02217619,-8.986893
6133,2026-08-17,-0.2260216,-0.2981169,0.025105063,0.026243709,-9.00267
5321,2026-08-17,-0.25240925,-0.25076592,0.028006919,0.033374313,-9.012067
1522,2026-08-17,-0.17585427,-0.18076243,0.019469947,0.017928278,-9.031624
3346,2026-08-17,-0.1052496,-0.09464919,0.011636808,0.014173942,-9.043765
3138,2026-08-17,-0.21637723,-0.39060828,0.023825563,0.032852907,-9.081345
6576,2026-08-17,-0.12034666,-0.10988708,0.0132478485,0.013558667,-9.083556
6541,2026-08-17,-0.15306063,-0.14291832,0.016807968,0.018089075,-9.105891
3322,2026-08-17,-0.15144253,-0.2133823,0.016601996,0.01641998,-9.121397
3018,2026-08-17,-0.15460135,-0.17089817,0.016883217,0.022076229,-9.15656
2468,2026-08-17,-0.15676978,-0.22359528,0.017084653,0.017990971,-9.175522
4746,2026-08-17,-0.1365755,-0.18221566,0.014775556,0.018897662,-9.242716
8374,2026-08-17,-0.18916605,-0.26409915,0.020453243,0.019960253,-9.248255
2032,2026-08-17,-0.0989857,-0.16370004,0.010687131,0.015585133,-9.261272
3060,2026-08-17,-0.1349423,-0.21753779,0.014519969,0.019105457,-9.292926
2514,2026-08-17,-0.11713714,-0.15316433,0.012593894,0.017328434,-9.300367
2009,2026-08-17,-0.16802849,-0.17357536,0.018046685,0.015401306,-9.310252
4438,2026-08-17,-0.11398379,-0.12756683,0.012178249,0.014014463,-9.358852
1308,2026-08-17,-0.12550978,-0.15932569,0.0133302985,0.0148275485,-9.41467
4190,2026-08-17,-0.11555794,-0.14054881,0.012272079,0.015230912,-9.415563
8431,2026-08-17,-0.17573938,-0.3089409,0.018641902,0.021646693,-9.42661
6624,2026-08-17,-0.16736028,-0.2727509,0.01771116,0.021420946,-9.448891
6823,2026-08-17,-0.16920444,-0.30814692,0.017876554,0.023750456,-9.46463
6753,2026-08-17,-0.15176699,-0.23553827,0.016026255,0.024481738,-9.469306
5487,2026-08-17,-0.16575381,-0.24455605,0.017492324,0.02321483,-9.475261
4540,2026-08-17,-0.1293467,-0.1851222,0.013595349,0.017788446,-9.51334
3564,2026-08-17,-0.1368742,-0.14982162,0.0143412715,0.017912759,-9.543411
1799,2026-08-17,-0.1690814,-0.24868424,0.01767154,0.019020513,-9.567465
1435,2026-08-17,-0.21575992,-0.1326965,0.022546105,0.02205814,-9.569296
6875,2026-08-17,-0.10886528,-0.11787475,0.011357326,0.014793476,-9.584623
4533,2026-08-17,-0.13100448,-0.21770188,0.013615645,0.017443744,-9.620908
1786,2026-08-17,-0.166043,-0.25756395,0.017206648,0.023180986,-9.649372
3226,2026-08-17,-0.12753215,-0.15423594,0.013196638,0.016861027,-9.663256
6657,2026-08-17,-0.14126772,-0.20771486,0.014603413,0.019497486,-9.672947
2254,2026-08-17,-0.16887665,-0.176791,0.01745478,0.017005019,-9.67454
3628,2026-08-17,-0.18191805,-0.2559177,0.018769778,0.024412496,-9.691556
4949,2026-08-17,-0.21009389,-0.31403282,0.021538345,0.025849642,-9.753959
7714,2026-08-17,-0.26392728,-0.298666,0.026991133,0.025849527,-9.777933
6130,2026-08-17,-0.18821554,-0.2416442,0.019137548,0.020454697,-9.834369
5530,2026-08-17,-0.11199902,-0.07492614,0.01130488,0.01527556,-9.906263
2614,2026-08-17,-0.14089695,-0.21642618,0.014199235,0.01789038,-9.922156
8222,2026-08-17,-0.20927934,-0.28277466,0.021025386,0.02159695,-9.953177
1456,2026-08-17,-0.17245668,-0.1969636,0.017322438,0.015382435,-9.955107
1904,2026-08-17,-0.17624407,-0.08341139,0.017664164,0.016883506,-9.976928
5521,2026-08-17,-0.21339759,-0.2678344,0.021388054,0.024247907,-9.9769535
2030,2026-08-17,-0.16045205,-0.15846701,0.016051095,0.016047891,-9.9957075
7584,2026-08-17,-0.13516395,-0.20720963,0.013462027,0.019421354,-10.03964
1236,2026-08-17,-0.1422589,-0.19657438,0.01416723,0.015432883,-10.040696
4743,2026-08-17,-0.13742861,-0.2107756,0.013625756,0.017446538,-10.085204
2239,2026-08-17,-0.163738,-0.18573672,0.016214252,0.016504826,-10.097777
4174,2026-08-17,-0.1935701,-0.23098803,0.019122913,0.025488647,-10.121888
2241,2026-08-17,-0.15127158,-0.18871905,0.014939199,0.017383795,-10.125138
6840,2026-08-17,-0.17390515,-0.21930686,0.0171731,0.017657982,-10.126012
4413,2026-08-17,-0.19846635,-0.22476439,0.019552724,0.023301098,-10.149797
2017,2026-08-17,-0.17472622,-0.19293985,0.017183024,0.017096585,-10.167945
1568,2026-08-17,-0.15307578,-0.2002992,0.01502767,0.01819521,-10.185584
9136,2026-08-17,-0.18820366,-0.20387611,0.018447725,0.018052042,-10.201446
1903,2026-08-17,-0.15611862,-0.11795166,0.015287875,0.017155305,-10.211256
6695,2026-08-17,-0.12892118,-0.18446209,0.012609549,0.018083425,-10.223281
3609,2026-08-17,-0.14001544,-0.1606505,0.013693052,0.019458057,-10.224544
1225,2026-08-17,-0.1513135,-0.20885935,0.014759935,0.01902918,-10.250942
4510,2026-08-17,-0.21817493,-0.3356186,0.021281186,0.02465823,-10.251528
7799,2026-08-17,-0.20551209,-0.25884897,0.020040603,0.02695031,-10.254273
6141,2026-08-17,-0.24769722,-0.26118118,0.024118375,0.028109776,-10.269636
6937,2026-08-17,-0.15733415,-0.21445392,0.015261352,0.019706162,-10.308643
6148,2026-08-17,-0.20604783,-0.30418223,0.019935211,0.01892295,-10.335356
8354,2026-08-17,-0.1637536,-0.19751558,0.015822588,0.018556103,-10.348702
5202,2026-08-17,-0.13796161,-0.19637801,0.013328938,0.018825566,-10.349756
6928,2026-08-17,-0.17622097,-0.17917792,0.017011462,0.018974667,-10.358346
1789,2026-08-17,-0.13221844,-0.101579145,0.012759103,0.012182913,-10.361862
6532,2026-08-17,-0.23058748,-0.3268588,0.022092562,0.023212034,-10.436863
8467,2026-08-17,-0.13510771,-0.20177552,0.012936765,0.017871547,-10.442894
4163,2026-08-17,-0.19504634,-0.18358806,0.018640071,0.019544933,-10.463258
4128,2026-08-17,-0.16935736,-0.1949117,0.016157104,0.016786175,-10.481264
8472,2026-08-17,-0.15162627,-0.1581084,0.014436747,0.015386729,-10.502073
5474,2026-08-17,-0.13880825,-0.24042208,0.013153948,0.016774835,-10.55179
4303,2026-08-17,-0.18755245,-0.2668571,0.017745633,0.020307468,-10.56834
6919,2026-08-17,-0.1832977,-0.18060252,0.017341757,0.019269744,-10.56912
1110,2026-08-17,-0.14104365,-0.11884842,0.013275141,0.01474783,-10.623844
4566,2026-08-17,-0.19142863,-0.21603294,0.017953368,0.017689077,-10.661953
4561,2026-08-17,-0.21772744,-0.28080913,0.020417258,0.025277568,-10.66337
3002,2026-08-17,-0.17036304,-0.21697146,0.015940918,0.01921026,-10.686483
1536,2026-08-17,-0.21200445,-0.29170772,0.019746087,0.016591357,-10.735986
6294,2026-08-17,-0.18021004,-0.27025455,0.016760249,0.02159344,-10.751588
6743,2026-08-17,-0.24511299,-0.25243932,0.022706818,0.020572005,-10.794211
2611,2026-08-17,-0.14983867,-0.14420931,0.013865551,0.015161501,-10.805763
4142,2026-08-17,-0.17798497,-0.20030417,0.016442887,0.018564016,-10.823776
6504,2026-08-17,-0.17278633,-0.2191079,0.015949048,0.019484896,-10.832966
1909,2026-08-17,-0.14897381,-0.11204746,0.013582678,0.015502071,-10.967119
8071,2026-08-17,-0.20414527,-0.19517127,0.018604485,0.01719333,-10.972316
4562,2026-08-17,-0.22915147,-0.3524116,0.020819673,0.027725004,-11.005959
2250,2026-08-17,-0.20130466,-0.26981673,0.018274749,0.022405066,-11.014852
3543,2026-08-17,-0.23750757,-0.28765145,0.021400684,0.025782946,-11.09761
6957,2026-08-17,-0.16429037,-0.12042055,0.014771347,0.012941494,-11.12148
1316,2026-08-17,-0.3440329,-0.34983477,0.030672576,0.030296922,-11.215938
1526,2026-08-17,-0.16522117,-0.19059226,0.014697363,0.019921105,-11.2407875
6163,2026-08-17,-0.22311598,-0.36411998,0.019722903,0.020848675,-11.311958
4737,2026-08-17,-0.18024187,-0.17094326,0.015925558,0.017229404,-11.317063
3176,2026-08-17,-0.16242568,-0.1862688,0.014228801,0.013680568,-11.414473
1529,2026-08-17,-0.18431613,-0.2607295,0.016098686,0.016582258,-11.44843
2331,2026-08-17,-0.20350711,-0.23232712,0.017744394,0.024684357,-11.468165
2258,2026-08-17,-0.13167392,-0.11607375,0.011437868,0.01187103,-11.511097
2012,2026-08-17,-0.1406856,-0.11719618,0.012023656,0.015008969,-11.699761
2613,2026-08-17,-0.21121159,-0.2333917,0.017936224,0.016859932,-11.7750435
5907,2026-08-17,-0.19465283,-0.21269336,0.016411515,0.022070477,-11.860024
1414,2026-08-17,-0.22890772,-0.2367986,0.019126123,0.018723156,-11.967703
6829,2026-08-17,-0.18816067,-0.26487672,0.015657948,0.01996362,-12.016175
8438,2026-08-17,-0.18336782,-0.27943945,0.0149512,0.020669583,-12.263601
1563,2026-08-17,-0.22861877,-0.2310215,0.018578256,0.020755619,-12.305056
6933,2026-08-17,-0.22895592,-0.3404569,0.018506702,0.02253619,-12.370846
1905,2026-08-17,-0.18617071,-0.1795419,0.014999259,0.014206287,-12.411166
2022,2026-08-17,-0.16391763,-0.22938207,0.013132212,0.020652441,-12.4811535
2104,2026-08-17,-0.19934396,-0.2290772,0.015643595,0.018635891,-12.742034
6589,2026-08-17,-0.2379558,-0.25599968,0.018672356,0.022483809,-12.743065
4414,2026-08-17,-0.17219873,-0.14731875,0.01348251,0.012917292,-12.771061
2630,2026-08-17,-0.15913257,-0.19113019,0.01241508,0.01566445,-12.816651
6870,2026-08-17,-0.26219052,-0.23575129,0.020406844,0.020002084,-12.847536
2102,2026-08-17,-0.15154715,-0.1210643,0.011772899,0.014437923,-12.871449
4549,2026-08-17,-0.21812023,-0.29612774,0.016870188,0.022285255,-12.928564
6499,2026-08-17,-0.20811394,-0.31938794,0.016068028,0.021451386,-12.951246
6150,2026-08-17,-0.12132952,-0.20551533,0.009326311,0.015278862,-13.007985
4119,2026-08-17,-0.24709606,-0.20286907,0.018728344,0.019110626,-13.19299
2033,2026-08-17,-0.27060512,-0.27806523,0.020430874,0.020263374,-13.244263
6668,2026-08-17,-0.15693611,-0.18966922,0.011685165,0.015969558,-13.429222
6603,2026-08-17,-0.23989105,-0.28616402,0.017421586,0.020742323,-13.768969
4127,2026-08-17,-0.24981305,-0.23754098,0.01770961,0.01928267,-14.105277
1310,2026-08-17,-0.2045331,-0.27688807,0.014486169,0.02314815,-14.118223
1410,2026-08-17,-0.22823979,-0.3156176,0.015988996,0.019486703,-14.273911
7777,2026-08-17,-0.3376288,-0.33530018,0.023278903,0.02632542,-14.5030155
4147,2026-08-17,-0.24661344,-0.29050428,0.014947077,0.022872534,-16.498005
