stock_id,Date,Score_20d,Score_60d,Unc_20d,Unc_60d,SQ_20d
3028,2026-07-29,0.24397878,0.17916311,0.019043572,0.019316267,12.810935
6271,2026-07-29,0.30893955,0.18337597,0.02413023,0.0208807,12.802478
6269,2026-07-29,0.27142128,0.26582938,0.02126284,0.027635694,12.764453
6121,2026-07-29,0.15125802,0.16365893,0.012015682,0.017139114,12.587337
3236,2026-07-29,0.30044603,0.18274795,0.024005944,0.023055555,12.514964
6175,2026-07-29,0.22061028,0.090952784,0.017772477,0.024501076,12.412331
3044,2026-07-29,0.25339976,0.28349113,0.021277979,0.023868421,11.908455
3708,2026-07-29,0.3256342,0.37197387,0.027484957,0.03088915,11.847294
2355,2026-07-29,0.18912634,0.14450778,0.016030036,0.018253166,11.797512
6525,2026-07-29,0.21814626,0.13696358,0.018676097,0.020371947,11.679881
6962,2026-07-29,0.19530922,0.16653325,0.016803255,0.018961402,11.622604
2458,2026-07-29,0.14894558,0.16267017,0.012837411,0.016423384,11.601559
6443,2026-07-29,0.25643626,0.23961063,0.022371707,0.024796342,11.462012
6155,2026-07-29,0.19639172,0.07444773,0.01737679,0.02175753,11.301306
6244,2026-07-29,0.248178,0.13916844,0.022124339,0.020669784,11.216913
3711,2026-07-29,0.25239947,0.3070879,0.02255131,0.02904026,11.191735
2393,2026-07-29,0.17929927,0.19465609,0.016026162,0.018821381,11.187213
5475,2026-07-29,0.3358745,0.23357911,0.030415643,0.028721808,11.042458
3034,2026-07-29,0.1457483,0.17723395,0.013222009,0.017431956,11.022325
5464,2026-07-29,0.42358777,0.36281338,0.038523838,0.04863997,10.995187
3596,2026-07-29,0.20224896,0.18862063,0.018408826,0.020723231,10.985925
2486,2026-07-29,0.48125568,0.38299736,0.044119682,0.03788528,10.907712
6015,2026-07-29,0.2762452,0.26152223,0.026252447,0.03008702,10.522245
6234,2026-07-29,0.23017193,0.1303216,0.021928743,0.02886323,10.495879
6257,2026-07-29,0.21043915,0.18585522,0.020252015,0.02131793,10.39051
2402,2026-07-29,0.16876218,0.10157669,0.016292544,0.024384577,10.35761
6026,2026-07-29,0.20929804,0.19063592,0.020208435,0.02360532,10.356452
2421,2026-07-29,0.17821026,0.16645794,0.017273968,0.023769736,10.316097
6202,2026-07-29,0.25271335,0.125761,0.025133755,0.024298204,10.054339
6021,2026-07-29,0.25384977,0.2349069,0.025491565,0.03426089,9.957796
2357,2026-07-29,0.19439173,0.22244956,0.019605754,0.024039257,9.914529
3211,2026-07-29,0.18566486,0.1462726,0.0188244,0.022060066,9.862466
2495,2026-07-29,0.14955662,0.082962066,0.015178334,0.017833522,9.852647
6584,2026-07-29,0.16046557,0.13604139,0.016434895,0.02218518,9.763117
6278,2026-07-29,0.19228649,0.18445155,0.019864136,0.021036131,9.679596
4971,2026-07-29,0.28010216,0.22071156,0.028951459,0.030786075,9.674555
6862,2026-07-29,0.19180399,0.093278125,0.01988559,0.021134378,9.644891
6456,2026-07-29,0.25928345,0.2222561,0.027302375,0.028117,9.496388
3293,2026-07-29,0.15561289,0.20229335,0.016396249,0.022381872,9.490183
3093,2026-07-29,0.15650915,0.08725138,0.016514026,0.018494427,9.476772
3227,2026-07-29,0.18556693,0.16083527,0.019626359,0.020947885,9.454503
5274,2026-07-29,0.12161099,0.10313708,0.012915735,0.015568378,9.414994
6735,2026-07-29,0.19879927,0.072027355,0.02145573,0.02650697,9.265124
4960,2026-07-29,0.20373735,0.12553264,0.022187505,0.023849586,9.182113
2399,2026-07-29,0.1633715,0.08209269,0.017863367,0.01701854,9.145104
2340,2026-07-29,0.19069038,0.11250779,0.021074357,0.026640635,9.048026
2426,2026-07-29,0.22124758,0.14426652,0.024548877,0.028335106,9.012167
3661,2026-07-29,0.14435972,0.15473677,0.016198684,0.016417347,8.911268
3010,2026-07-29,0.15041383,0.16607246,0.016920205,0.02128452,8.889072
2481,2026-07-29,0.24787878,0.07066832,0.027901657,0.029148553,8.8836975
6982,2026-07-29,0.1851244,0.20200768,0.020978132,0.023582475,8.824216
3086,2026-07-29,0.18213187,0.18535663,0.020659262,0.028714966,8.815564
3290,2026-07-29,0.16875423,0.07885187,0.019228986,0.020950556,8.775578
4760,2026-07-29,0.109207086,0.0070561427,0.012492154,0.018997308,8.741354
5288,2026-07-29,0.26828644,0.2745578,0.031003026,0.03378919,8.653277
4927,2026-07-29,0.22574927,0.04340981,0.026111122,0.022396974,8.645382
3014,2026-07-29,0.15183745,0.12971862,0.017580375,0.01983788,8.636267
2455,2026-07-29,0.31571224,0.2649681,0.036595356,0.039445687,8.626877
3624,2026-07-29,0.28358313,0.13114706,0.033081543,0.026142284,8.571988
3031,2026-07-29,0.19516478,0.109643236,0.022792533,0.022660492,8.562287
2360,2026-07-29,0.11534309,0.10989614,0.013523642,0.01494898,8.528365
2305,2026-07-29,0.21801963,0.083631754,0.025652837,0.04525403,8.49852
6229,2026-07-29,0.16595094,0.15105543,0.019619457,0.022991113,8.458056
6789,2026-07-29,0.16382794,0.161564,0.0193822,0.023177741,8.452059
6127,2026-07-29,0.22473907,0.07317253,0.026616305,0.024696652,8.443344
2369,2026-07-29,0.2980787,0.22473983,0.035652254,0.031518858,8.360491
6548,2026-07-29,0.20515531,0.13678373,0.024806257,0.027353758,8.269972
6683,2026-07-29,0.13750497,0.0870379,0.016905256,0.024749488,8.133378
3530,2026-07-29,0.11330546,0.028475026,0.013967509,0.016350158,8.111492
3380,2026-07-29,0.1305748,0.06701491,0.01614592,0.021682773,8.086668
6568,2026-07-29,0.15286827,0.04246625,0.018935522,0.023545004,8.072669
3016,2026-07-29,0.35484836,0.20461278,0.043998644,0.043517772,8.064801
4526,2026-07-29,0.18060234,0.12729041,0.022421215,0.030419704,8.054617
2424,2026-07-29,0.17392585,0.06542542,0.02159642,0.022656731,8.053084
3037,2026-07-29,0.16517207,0.08408947,0.02052417,0.032259677,8.047294
1617,2026-07-29,0.16892555,0.12869766,0.021018844,0.020149458,8.03648
3645,2026-07-29,0.16968635,0.10175468,0.021130815,0.016025012,8.0299
3533,2026-07-29,0.122985505,0.13328151,0.015329988,0.015469042,8.02202
3537,2026-07-29,0.11296536,0.024501892,0.014191061,0.020011902,7.959757
3030,2026-07-29,0.16918306,0.16202883,0.021294847,0.02432371,7.9444156
6510,2026-07-29,0.09803046,0.062195018,0.01235367,0.014044783,7.934689
3023,2026-07-29,0.10218696,0.13847223,0.013015211,0.015664786,7.8507457
8103,2026-07-29,0.1856361,0.09887896,0.023648562,0.020955008,7.849452
3581,2026-07-29,0.14981891,0.055176474,0.019100845,0.019834975,7.8431644
6509,2026-07-29,0.13907763,0.07899359,0.018089898,0.01452558,7.687713
6679,2026-07-29,0.1377433,0.038869202,0.01793112,0.0157674,7.681372
5234,2026-07-29,0.12073193,0.102515146,0.015775938,0.018198907,7.652431
2493,2026-07-29,0.21594325,0.11722604,0.028241774,0.03219637,7.6459646
6691,2026-07-29,0.12746023,0.14705938,0.016672773,0.018740939,7.644354
6156,2026-07-29,0.18542387,0.0444466,0.024413481,0.022900542,7.594831
3114,2026-07-29,0.12495343,0.014209398,0.016517067,0.016230015,7.5646515
2375,2026-07-29,0.27133763,0.08094117,0.035923824,0.035304908,7.552929
8289,2026-07-29,0.15976878,0.018513246,0.021192301,0.021063386,7.538645
2383,2026-07-29,0.110848345,0.08412016,0.014757372,0.01515428,7.5108786
4908,2026-07-29,0.16163842,0.083184525,0.021525422,0.0269085,7.508838
2207,2026-07-29,0.12740575,0.1650148,0.017003972,0.02079294,7.4922643
2406,2026-07-29,0.16693582,0.12652937,0.022337789,0.02066404,7.472913
1714,2026-07-29,0.34424645,0.2882266,0.04608158,0.052473772,7.470208
3715,2026-07-29,0.120138,-0.03256714,0.016081331,0.021025663,7.4701853
3465,2026-07-29,0.1310102,0.10537067,0.017584944,0.017147552,7.449711
6573,2026-07-29,0.18046741,0.17092845,0.024327235,0.02643112,7.418023
6134,2026-07-29,0.15144691,0.014784399,0.020442085,0.021610087,7.4082217
3490,2026-07-29,0.17595632,0.1096792,0.023799164,0.024240112,7.3930717
5434,2026-07-29,0.11720705,0.10462642,0.015969196,0.0152060455,7.3391113
8088,2026-07-29,0.12482536,0.047143333,0.017072894,0.0245628,7.3108897
6190,2026-07-29,0.14898796,0.09313362,0.020406887,0.017348142,7.300509
6515,2026-07-29,0.09044727,0.046198454,0.012468892,0.01347914,7.253252
8086,2026-07-29,0.09904022,0.041030668,0.013772608,0.018407844,7.190579
6237,2026-07-29,0.15251367,0.049394265,0.021211684,0.027594985,7.189739
3062,2026-07-29,0.15308791,0.09611445,0.021341981,0.020229781,7.172752
3689,2026-07-29,0.12795497,0.05350547,0.01787453,0.017524479,7.158108
2382,2026-07-29,0.14245586,0.09561704,0.020117985,0.021013336,7.0806684
2303,2026-07-29,0.13134906,0.047629405,0.01856573,0.01723189,7.0744314
3376,2026-07-29,0.17886348,0.11608421,0.02554901,0.021871828,7.000525
3673,2026-07-29,0.15184148,0.064370476,0.021705866,0.023240611,6.9950895
2385,2026-07-29,0.09121613,0.076632194,0.013075443,0.015332819,6.9756074
6761,2026-07-29,0.11687724,0.023982953,0.016794791,0.02123678,6.9587216
2472,2026-07-29,0.15411678,0.061051793,0.022209385,0.018962154,6.938951
6532,2026-07-29,0.113871895,-0.005066246,0.016449999,0.01884467,6.921883
8150,2026-07-29,0.16398853,0.08752792,0.02372529,0.027785031,6.91168
2330,2026-07-29,0.13878895,0.12776811,0.020144539,0.023988921,6.889314
3163,2026-07-29,0.18719926,0.11717727,0.027408062,0.0327179,6.829831
3413,2026-07-29,0.09887002,0.08725602,0.014484855,0.017487925,6.8252797
3317,2026-07-29,0.16857138,0.035094008,0.024776801,0.026456436,6.803323
2308,2026-07-29,0.09493656,0.106763095,0.013961437,0.016048653,6.7994256
8039,2026-07-29,0.13840243,0.04967517,0.020378632,0.022156246,6.7912135
6672,2026-07-29,0.15541907,0.038212355,0.02296802,0.019895788,6.7664647
6217,2026-07-29,0.2446475,0.12629706,0.0362332,0.028511303,6.7518396
3209,2026-07-29,0.15912333,0.119358204,0.023568118,0.030358063,6.7513485
5439,2026-07-29,0.15456457,0.053633783,0.023126274,0.030237965,6.683216
3592,2026-07-29,0.07416774,0.041895393,0.011131881,0.01285486,6.662044
4989,2026-07-29,0.22555023,0.012331945,0.033857368,0.02850299,6.6615806
3709,2026-07-29,0.15105537,0.100941025,0.022746585,0.0261172,6.640501
7749,2026-07-29,0.09282781,0.018391507,0.013986788,0.015176275,6.636347
2478,2026-07-29,0.2934306,0.12497797,0.044366587,0.031702887,6.6136255
1304,2026-07-29,0.16805515,0.13433072,0.025433825,0.025113711,6.607285
4961,2026-07-29,0.1796464,0.15589374,0.027298884,0.023835743,6.580482
6821,2026-07-29,0.102814056,-0.004808084,0.015641797,0.019858092,6.5726132
2342,2026-07-29,0.23038936,0.06308688,0.03507471,0.027671749,6.568345
2338,2026-07-29,0.18346506,0.12732124,0.027965894,0.03387156,6.56008
8069,2026-07-29,0.18547773,0.19328143,0.028359007,0.030165225,6.540116
3017,2026-07-29,0.11591451,0.14193329,0.01779785,0.015970292,6.5124717
6654,2026-07-29,0.17112206,0.13387077,0.026314812,0.028816659,6.5026326
4956,2026-07-29,0.08394375,-0.01262046,0.013024422,0.019695584,6.444608
3615,2026-07-29,0.15196879,0.015185724,0.023589088,0.026126606,6.4420614
6996,2026-07-29,0.14644112,0.08796059,0.022735925,0.025282705,6.440674
2329,2026-07-29,0.14441209,0.055811185,0.02249612,0.028278422,6.4191365
8105,2026-07-29,0.244251,0.20937844,0.038105886,0.043142512,6.409629
2317,2026-07-29,0.07776181,0.07655868,0.012210074,0.010595334,6.3681383
6415,2026-07-29,0.13229063,0.09657588,0.02079035,0.015898943,6.3627725
2428,2026-07-29,0.1728851,0.14031893,0.027341958,0.02284163,6.3228383
6781,2026-07-29,0.10832198,0.11678326,0.017167997,0.023748307,6.3091617
4979,2026-07-29,0.2169304,0.08989242,0.034486067,0.032569468,6.2901964
3229,2026-07-29,0.17243604,0.15960117,0.027474677,0.035005014,6.2759523
8074,2026-07-29,0.16326301,0.06629276,0.026207203,0.019428998,6.229462
6023,2026-07-29,0.08601313,0.11375675,0.013818453,0.016292712,6.224062
5864,2026-07-29,0.10785817,0.06672656,0.017377472,0.024283286,6.2064247
3094,2026-07-29,0.1771156,0.062498786,0.028564679,0.032960262,6.200294
0050,2026-07-29,0.17628857,0.11775303,0.028473007,0.028808385,6.1912107
5243,2026-07-29,0.115826644,0.057060767,0.019043427,0.01697526,6.081918
2474,2026-07-29,0.101139896,0.090037905,0.01669679,0.021455437,6.0570827
8163,2026-07-29,0.1136009,0.08061207,0.018807879,0.017997472,6.0397487
3680,2026-07-29,0.15186791,0.13502297,0.02520531,0.024436845,6.024996
8261,2026-07-29,0.14852495,0.015590135,0.024741078,0.022884266,6.0029297
3701,2026-07-29,0.10809138,0.037936393,0.018073043,0.02210286,5.980476
8213,2026-07-29,0.09564875,0.054856826,0.016058128,0.017940518,5.956036
3162,2026-07-29,0.1561876,0.090794854,0.026418695,0.023411622,5.911786
4958,2026-07-29,0.14782588,0.051168986,0.025079776,0.024000319,5.8939915
4123,2026-07-29,0.13102974,0.09539957,0.022289412,0.022386102,5.8783
4915,2026-07-29,0.094870836,0.13213687,0.01615037,0.016708672,5.8738565
8016,2026-07-29,0.069373436,0.09638756,0.011818049,0.015894445,5.8696294
1727,2026-07-29,0.14536722,0.05635876,0.02480152,0.026775785,5.8609858
8104,2026-07-29,0.1120849,0.025698276,0.019149434,0.020164814,5.8528647
8064,2026-07-29,0.1552187,0.060485635,0.026563704,0.022674648,5.843043
2344,2026-07-29,0.1143374,0.03312518,0.019638514,0.018962119,5.8218036
1519,2026-07-29,0.12532873,0.118027486,0.021544093,0.02407686,5.817043
8021,2026-07-29,0.14513367,0.021010406,0.024953948,0.030761912,5.8158274
4716,2026-07-29,0.18448223,0.1343121,0.031786747,0.024934422,5.8035645
5443,2026-07-29,0.15378489,0.028443435,0.026558202,0.022944186,5.7902675
3088,2026-07-29,0.172393,0.12655726,0.029771963,0.030175028,5.790253
2485,2026-07-29,0.19905838,0.049449783,0.03451838,0.03295968,5.766569
5425,2026-07-29,0.20299448,0.08821416,0.035420127,0.02914241,5.7308874
2498,2026-07-29,0.16297834,0.06798999,0.028438434,0.03262932,5.7307167
2401,2026-07-29,0.101159096,0.071656995,0.01765844,0.028237667,5.7283297
1516,2026-07-29,0.11717948,0.15837559,0.02048199,0.02395934,5.720819
3557,2026-07-29,0.20725867,0.22621223,0.036287148,0.030112794,5.7114706
5340,2026-07-29,0.16200624,0.08430853,0.02839798,0.027740533,5.7046504
8081,2026-07-29,0.0886456,0.061845228,0.015630865,0.012763234,5.6708264
6706,2026-07-29,0.09703716,0.0049926587,0.017124481,0.02428824,5.666244
2236,2026-07-29,0.1540858,0.13890292,0.02725507,0.034643337,5.6532655
2505,2026-07-29,0.12737425,0.11854124,0.022584146,0.026707312,5.639735
8046,2026-07-29,0.098987915,0.003025054,0.017691288,0.02047042,5.594975
3360,2026-07-29,0.18482967,-0.011901221,0.03317876,0.034925815,5.5705547
3535,2026-07-29,0.1334907,-0.0029343516,0.024087176,0.019072074,5.541752
8054,2026-07-29,0.126476,0.001612515,0.022831945,0.030249637,5.5391893
8240,2026-07-29,0.112552084,-0.005265418,0.02038775,0.02208596,5.5203032
3265,2026-07-29,0.11890383,0.07381873,0.02155578,0.026159465,5.515844
3444,2026-07-29,0.1435025,0.029715443,0.02607867,0.033535406,5.502466
6213,2026-07-29,0.107884325,0.028303662,0.019608824,0.01921891,5.501545
2483,2026-07-29,0.21587911,0.06323661,0.039247055,0.03465205,5.5003777
3550,2026-07-29,0.13362078,-0.014846593,0.024368647,0.019674318,5.4830823
2376,2026-07-29,0.16423343,0.2033857,0.030059721,0.028142208,5.4633894
0052,2026-07-29,0.11222147,0.11258898,0.020555556,0.022733035,5.4591575
3694,2026-07-29,0.12537202,0.001128339,0.02302498,0.023231758,5.444807
6669,2026-07-29,0.083255194,0.085704334,0.015300564,0.014165177,5.44096
4977,2026-07-29,0.09911195,0.033632293,0.018306185,0.021266842,5.413828
2441,2026-07-29,0.13435967,0.042631015,0.024828838,0.025966242,5.411218
2351,2026-07-29,0.12597138,0.071807735,0.023465946,0.022906695,5.3680344
8422,2026-07-29,0.111288264,0.046355832,0.020743815,0.025194408,5.36463
3491,2026-07-29,0.11251329,0.10221557,0.021008678,0.02150282,5.3553076
8299,2026-07-29,0.08046115,0.03507335,0.015069605,0.018084623,5.3389463
3289,2026-07-29,0.07053254,-0.046960272,0.013210969,0.015831182,5.3385334
3518,2026-07-29,0.09738787,0.008532033,0.01827224,0.02160059,5.329535
5534,2026-07-29,0.1133245,0.06901571,0.021456575,0.028571138,5.281328
2515,2026-07-29,0.11247576,0.17990892,0.02136066,0.024492089,5.26531
3294,2026-07-29,0.115672715,0.0018623841,0.02203164,0.023578256,5.2500615
5351,2026-07-29,0.13984822,0.09304066,0.02668709,0.031375743,5.2400985
1582,2026-07-29,0.08020973,0.008687412,0.015373916,0.014864986,5.2169213
5228,2026-07-29,0.12920156,0.026679467,0.024784371,0.026004104,5.2128153
1609,2026-07-29,0.06993183,0.050771993,0.013417366,0.015889585,5.21165
2328,2026-07-29,0.06996859,0.0041315765,0.013440883,0.017687203,5.205267
6223,2026-07-29,0.06213265,0.022844441,0.011945447,0.015087522,5.200931
3356,2026-07-29,0.072506465,0.013312312,0.013970561,0.01626705,5.1895747
6715,2026-07-29,0.1008972,0.04131968,0.019443257,0.018541554,5.189049
6426,2026-07-29,0.11351755,0.023750138,0.021902818,0.019829493,5.182546
6664,2026-07-29,0.07249605,0.010968911,0.014035699,0.0154602025,5.1647506
2449,2026-07-29,0.10299279,0.050329033,0.019981729,0.02677795,5.1540904
4991,2026-07-29,0.32099,0.21465185,0.06250763,0.055740956,5.135131
3707,2026-07-29,0.18588172,0.009658968,0.036308154,0.025943244,5.1194177
1303,2026-07-29,0.15466061,0.09748377,0.03025748,0.026214734,5.111315
6259,2026-07-29,0.20261718,0.10981293,0.039718427,0.036227446,5.1012115
3481,2026-07-29,0.114170454,-0.018719552,0.022404851,0.023392947,5.0955644
6246,2026-07-29,0.10554698,-0.018859597,0.020714883,0.019716686,5.094979
3003,2026-07-29,0.069960155,0.06740033,0.013734822,0.01385492,5.0932627
4946,2026-07-29,0.120797716,0.040587045,0.023754293,0.022526162,5.0850863
5471,2026-07-29,0.11484948,0.02409341,0.022644639,0.023557322,5.0715938
3430,2026-07-29,0.11073888,0.03368176,0.021877117,0.02033207,5.0616274
6231,2026-07-29,0.10576154,0.025990983,0.020957908,0.02022325,5.0461383
8131,2026-07-29,0.111441456,-0.0019423201,0.02209911,0.02435331,5.042575
6854,2026-07-29,0.09708228,-0.006700952,0.019255515,0.016464071,5.0415287
6168,2026-07-29,0.13564974,-0.021371655,0.026961809,0.02422454,5.0309944
2457,2026-07-29,0.09453817,0.010994021,0.018897332,0.01938148,5.002461
6016,2026-07-29,0.10361567,0.12873523,0.020744896,0.025897237,4.994514
2467,2026-07-29,0.11283865,0.09618029,0.022615569,0.020170616,4.989203
5529,2026-07-29,0.11434808,0.07736634,0.023004482,0.026533995,4.970471
1711,2026-07-29,0.08279362,-0.04804643,0.016675612,0.022148484,4.964655
6693,2026-07-29,0.11857863,-0.02662096,0.023883594,0.0170792,4.964649
1476,2026-07-29,0.08236362,0.14212559,0.016591297,0.023494404,4.9639673
5536,2026-07-29,0.078631625,0.06740029,0.015841652,0.012816727,4.963287
6207,2026-07-29,0.19434728,0.027271032,0.039463107,0.03724839,4.9246593
6104,2026-07-29,0.12147077,0.023487559,0.024688834,0.01893201,4.91987
1513,2026-07-29,0.10016842,0.08610306,0.020370431,0.02042152,4.917103
6284,2026-07-29,0.107896365,0.014058915,0.021982733,0.019042403,4.908009
2352,2026-07-29,0.10017945,0.11532377,0.020437056,0.025872922,4.901613
6270,2026-07-29,0.13617627,0.0049227024,0.027885774,0.023581656,4.883185
1326,2026-07-29,0.124163896,0.12721774,0.02559589,0.026927551,4.8507414
6419,2026-07-29,0.07673953,-0.07237687,0.015850639,0.01754424,4.8411098
4551,2026-07-29,0.09631788,0.05236349,0.019928541,0.019952662,4.83292
3138,2026-07-29,0.09399063,-0.072030336,0.019532364,0.023285402,4.8117995
2497,2026-07-29,0.10601333,0.006316619,0.02206483,0.018857319,4.8044114
6139,2026-07-29,0.08346522,0.09346666,0.01740333,0.028220797,4.795658
8024,2026-07-29,0.10330283,0.033897195,0.02157828,0.02633212,4.7871304
8043,2026-07-29,0.09880729,0.027485402,0.020706788,0.02364529,4.771504
5452,2026-07-29,0.08324127,-0.029602021,0.01753294,0.01932414,4.747437
2316,2026-07-29,0.08028998,0.025228577,0.01695652,0.01993471,4.7347717
8162,2026-07-29,0.098620996,-0.008376924,0.02084941,0.018612793,4.7299304
3090,2026-07-29,0.11900404,-0.051179696,0.025187636,0.026912449,4.724513
5469,2026-07-29,0.08248413,0.029874738,0.017502835,0.018965218,4.712346
3455,2026-07-29,0.09127787,-0.000906686,0.019405259,0.02735218,4.703527
3529,2026-07-29,0.06279843,0.061028916,0.013354833,0.014930677,4.7019477
6542,2026-07-29,0.10398927,0.07188849,0.022116639,0.021545261,4.7016444
6124,2026-07-29,0.0667593,0.009242701,0.014215363,0.013394594,4.695948
1808,2026-07-29,0.16978064,0.15354602,0.036156423,0.054986894,4.6955957
3207,2026-07-29,0.081463255,-0.009289642,0.017452875,0.017749134,4.667345
2070,2026-07-29,0.07542648,-0.026345849,0.016161455,0.014956688,4.6667714
5522,2026-07-29,0.11925718,0.056362614,0.025732523,0.025723599,4.634312
3406,2026-07-29,0.0774275,0.05269111,0.016746016,0.017047843,4.6233606
3264,2026-07-29,0.15359463,0.116581075,0.033225127,0.035089444,4.6227064
8383,2026-07-29,0.119124524,0.0755465,0.025879256,0.02387718,4.6029115
1608,2026-07-29,0.06266356,0.019228527,0.013615529,0.015255732,4.6020217
6224,2026-07-29,0.09906861,0.015167369,0.021669094,0.021897506,4.5716743
6409,2026-07-29,0.0778011,0.11176173,0.017043108,0.018588953,4.5646915
6485,2026-07-29,0.08667018,-0.036098823,0.019165466,0.022407798,4.52197
5314,2026-07-29,0.1262207,0.052320924,0.027955463,0.033220313,4.5149026
3357,2026-07-29,0.06577159,0.005634424,0.014573627,0.016267,4.512746
8476,2026-07-29,0.17559732,0.1393419,0.03905,0.04146693,4.4966154
3338,2026-07-29,0.08627217,-0.01412314,0.01919723,0.021394266,4.493757
3059,2026-07-29,0.061602168,0.022994395,0.013758478,0.013663719,4.477072
5272,2026-07-29,0.083444595,-0.015932757,0.018638516,0.020704333,4.4767575
2484,2026-07-29,0.16423057,0.005434387,0.03677407,0.036447357,4.4658127
8182,2026-07-29,0.11403767,0.025356065,0.025535164,0.027508296,4.465732
6903,2026-07-29,0.07558249,-0.036321912,0.0169928,0.017561898,4.447651
3131,2026-07-29,0.05485446,-0.0001900868,0.012382529,0.016346466,4.4296308
6182,2026-07-29,0.12817322,0.01872125,0.02952468,0.032096114,4.341076
6291,2026-07-29,0.09303703,0.0005390398,0.021676162,0.014753433,4.291938
6494,2026-07-29,0.08949857,-0.03963075,0.020856773,0.01685639,4.290898
3498,2026-07-29,0.10862991,-0.0077377288,0.02550019,0.022055713,4.2597976
6924,2026-07-29,0.07546701,0.054794107,0.01775785,0.022550972,4.249544
6547,2026-07-29,0.08907625,0.11183534,0.0209754,0.027760873,4.2464986
9946,2026-07-29,0.18204375,0.18025123,0.04304838,0.042751186,4.228719
2537,2026-07-29,0.14734074,0.1405739,0.03503428,0.030434152,4.205497
6174,2026-07-29,0.15959848,0.010936139,0.038403325,0.0362279,4.1557426
3005,2026-07-29,0.06867556,0.11833428,0.016572293,0.020758836,4.1437488
6120,2026-07-29,0.07982564,-0.007499598,0.019437417,0.016681891,4.106591
6877,2026-07-29,0.12037084,0.08440409,0.029615732,0.02999756,4.0642853
2492,2026-07-29,0.09298849,-0.06563648,0.022947665,0.021821832,4.0520215
1590,2026-07-29,0.04836194,0.059234127,0.011960602,0.015249666,4.0430984
4707,2026-07-29,0.13922206,-0.02563533,0.034435533,0.03075468,4.0428596
6834,2026-07-29,0.14878534,0.0519768,0.036844093,0.030749887,4.0381317
2501,2026-07-29,0.078873366,0.085070826,0.019627202,0.02656072,4.018369
6153,2026-07-29,0.08661194,0.060255058,0.021686563,0.024518777,3.9936225
3665,2026-07-29,0.06511488,0.08833265,0.016316006,0.017441021,3.9906142
5285,2026-07-29,0.108866006,0.014150484,0.027338374,0.028035691,3.9820225
2367,2026-07-29,0.09429244,-0.055956848,0.02371015,0.024622887,3.976713
8464,2026-07-29,0.0692647,0.12851396,0.017427886,0.0192128,3.9741325
2414,2026-07-29,0.09153377,0.09678151,0.02303967,0.021393286,3.9727044
3588,2026-07-29,0.1123494,-0.0045289895,0.028822659,0.025204146,3.8978188
5498,2026-07-29,0.09632436,-0.0010456012,0.024886843,0.02545075,3.870338
2404,2026-07-29,0.050485324,0.06925467,0.01305723,0.018626705,3.866169
3555,2026-07-29,0.13703226,0.10630156,0.03568369,0.034161787,3.8400853
8277,2026-07-29,0.061793964,0.005596445,0.01610186,0.019358883,3.837453
2327,2026-07-29,0.1307878,-0.02315501,0.034082055,0.03298872,3.8373265
6405,2026-07-29,0.11850459,-0.058299575,0.031054001,0.023035882,3.8159583
2059,2026-07-29,0.031575907,0.03342526,0.0082774665,0.010930412,3.8142216
2605,2026-07-29,0.06401935,0.112550244,0.016913356,0.025588453,3.784912
3217,2026-07-29,0.047788605,-0.022023287,0.012632766,0.014826364,3.7826097
3105,2026-07-29,0.07525783,-0.047419954,0.019939233,0.01748999,3.7741702
3467,2026-07-29,0.057049196,-0.058439676,0.015201673,0.015409929,3.7525766
2379,2026-07-29,0.06193812,0.07587795,0.0165732,0.016246032,3.73702
8070,2026-07-29,0.09376261,0.08010624,0.02509804,0.024968736,3.7357047
2454,2026-07-29,0.08577717,0.08575246,0.023074614,0.023090491,3.7172215
6830,2026-07-29,0.06666023,-0.025443135,0.017947653,0.017124936,3.7139406
1503,2026-07-29,0.06741824,0.05293881,0.018273601,0.018441211,3.689177
6640,2026-07-29,0.07644979,0.022971297,0.02073015,0.02715404,3.687677
2345,2026-07-29,0.06761375,0.080368124,0.018434454,0.017163534,3.6675935
6261,2026-07-29,0.05967776,-0.02541658,0.016334467,0.019853067,3.6532633
3354,2026-07-29,0.063204534,-0.056915917,0.017316097,0.018345745,3.6498342
3593,2026-07-29,0.068091854,-0.006367226,0.01869003,0.022808943,3.6430233
3580,2026-07-29,0.07743088,-0.038877886,0.02140152,0.021794112,3.6178393
3437,2026-07-29,0.091682576,-0.01628572,0.0254079,0.021406835,3.608286
6788,2026-07-29,0.05162219,-0.016522499,0.014341805,0.014800037,3.5991697
6531,2026-07-29,0.057848267,-0.026417295,0.016244188,0.012278711,3.560948
1313,2026-07-29,0.0751084,0.040194433,0.02131683,0.02466744,3.5232668
3149,2026-07-29,0.09539922,-0.052918267,0.027237002,0.033774406,3.502431
5410,2026-07-29,0.042851545,0.0018792719,0.012260243,0.016316457,3.4948776
6805,2026-07-29,0.05745511,0.012129958,0.01646951,0.01837572,3.4883626
5489,2026-07-29,0.06966654,-0.026457243,0.020004297,0.0156298,3.4824047
6613,2026-07-29,0.058327477,0.002670996,0.016766816,0.018199023,3.4785373
8059,2026-07-29,0.082312204,0.011133552,0.023764256,0.03175308,3.463552
9945,2026-07-29,0.090850085,0.09627669,0.02627666,0.027413378,3.4573126
6530,2026-07-29,0.04681355,-0.06375428,0.013601404,0.015882848,3.4415646
1795,2026-07-29,0.072509505,0.09761746,0.021143988,0.025005735,3.429158
3057,2026-07-29,0.062140353,-0.06444078,0.01828337,0.019681238,3.3985503
8438,2026-07-29,0.077426024,-0.05771029,0.022927681,0.028707325,3.3768198
1595,2026-07-29,0.07283106,-0.029030088,0.021573171,0.022868672,3.375845
2884,2026-07-29,0.049561568,0.091113456,0.0147105325,0.016938252,3.3688922
6263,2026-07-29,0.047011126,0.0032988642,0.01397867,0.018395372,3.3628206
2423,2026-07-29,0.06824098,0.07722875,0.020371689,0.017110212,3.3496304
2436,2026-07-29,0.10149629,-0.046033856,0.0307884,0.03021466,3.2964685
1301,2026-07-29,0.052247286,0.02656647,0.015875094,0.019404775,3.2909408
4952,2026-07-29,0.049676213,-0.04159325,0.01516722,0.01806378,3.2750194
6609,2026-07-29,0.06588787,0.043123856,0.020238906,0.02371676,3.2553446
3022,2026-07-29,0.09425716,0.07630436,0.029083142,0.03122054,3.2408438
2395,2026-07-29,0.06925903,0.12155003,0.021412615,0.025028512,3.2343457
6560,2026-07-29,0.05196965,-0.071501374,0.016117208,0.019504372,3.2242823
6451,2026-07-29,0.17833093,0.20393391,0.055507865,0.043620605,3.2126567
6949,2026-07-29,0.04803323,0.04012201,0.014951018,0.021007866,3.2124915
4755,2026-07-29,0.07618298,-0.012735803,0.023762513,0.0231954,3.2058802
8996,2026-07-29,0.07390969,0.018845856,0.023054432,0.023411095,3.2057388
4583,2026-07-29,0.048951413,-0.012189716,0.015348772,0.017683202,3.1890645
6125,2026-07-29,0.09963473,-0.05491112,0.031349882,0.03234358,3.178052
6285,2026-07-29,0.06398322,0.037380885,0.020231513,0.01905805,3.162396
3714,2026-07-29,0.04723398,-0.027688874,0.0150155015,0.025986383,3.1454716
3532,2026-07-29,0.070275694,-0.008956882,0.02236089,0.022926986,3.1426547
6739,2026-07-29,0.048146177,-0.026185023,0.015488139,0.016726134,3.108383
6770,2026-07-29,0.06235071,-0.04376926,0.020076813,0.021555036,3.1054533
5511,2026-07-29,0.04571701,0.07815966,0.014755774,0.015257124,3.0980353
6449,2026-07-29,0.06947052,-0.028609572,0.022452354,0.016952628,3.0939927
3305,2026-07-29,0.051265776,-0.014830933,0.016637933,0.014415495,3.0810735
3055,2026-07-29,0.07556281,0.009430687,0.024575826,0.021733226,3.0745554
3048,2026-07-29,0.053323343,0.0076554613,0.017396774,0.021161221,3.064952
2363,2026-07-29,0.06473692,-0.050303992,0.021462794,0.023212912,3.0160985
2368,2026-07-29,0.052037355,-0.008915567,0.017477434,0.017391983,2.977232
2434,2026-07-29,0.07543019,0.06619204,0.025402052,0.031742156,2.9693358
1528,2026-07-29,0.058265448,-0.06316528,0.019629115,0.021552922,2.9681664
6282,2026-07-29,0.05275433,-0.059625037,0.017870309,0.017244592,2.9519007
4506,2026-07-29,0.038546022,0.06317603,0.013068425,0.011843711,2.9493282
1773,2026-07-29,0.04294354,0.010492633,0.014576786,0.014860876,2.9458203
2439,2026-07-29,0.047461208,0.03261688,0.016205804,0.016582422,2.9284742
2233,2026-07-29,0.07396973,0.01347502,0.02529784,0.027433312,2.9238389
6462,2026-07-29,0.053717222,0.008166694,0.018512998,0.02510017,2.9014382
4919,2026-07-29,0.10543963,-0.047689494,0.03638393,0.03081012,2.897893
3704,2026-07-29,0.0559367,0.007031859,0.019425431,0.020355677,2.8794122
4807,2026-07-29,0.05862473,0.03079345,0.02039539,0.023059841,2.8742697
7723,2026-07-29,0.14788114,0.061487235,0.051528912,0.053575303,2.8698115
1710,2026-07-29,0.093923636,0.0063888147,0.032742098,0.03281065,2.868502
3021,2026-07-29,0.052133754,-0.0047746757,0.01819954,0.017474156,2.8644068
2882,2026-07-29,0.030701287,0.04949174,0.0107944105,0.013529772,2.8439202
2887,2026-07-29,0.058790173,0.08185489,0.020863375,0.02104357,2.81773
1708,2026-07-29,0.051156368,0.015429924,0.01822543,0.020034509,2.8067136
1776,2026-07-29,0.043802913,0.0018462201,0.015632613,0.018390276,2.801842
8027,2026-07-29,0.08384423,-0.014532137,0.02995712,0.036257222,2.7987146
3402,2026-07-29,0.066626884,-0.020114515,0.023899656,0.02087907,2.7876592
6239,2026-07-29,0.06729377,0.012405122,0.024172349,0.029569995,2.7838001
4766,2026-07-29,0.0477793,0.031948622,0.017240329,0.019020267,2.7712076
6164,2026-07-29,0.066292934,0.017752763,0.024434432,0.027793454,2.7129838
2855,2026-07-29,0.033603787,0.05432214,0.012424283,0.015149147,2.7044685
3587,2026-07-29,0.04416944,-0.037507456,0.016343981,0.01983733,2.7023244
2534,2026-07-29,0.085863605,0.1232984,0.03178133,0.028930167,2.7016146
6799,2026-07-29,0.049957868,-0.06268851,0.018509319,0.017181367,2.6989198
2464,2026-07-29,0.076132104,-0.01711514,0.0283532,0.032699082,2.685038
5284,2026-07-29,0.10966026,0.06780238,0.04113029,0.04157225,2.6661034
2415,2026-07-29,0.042535458,-0.022410253,0.016003035,0.016061764,2.657796
3042,2026-07-29,0.06751873,-0.031002546,0.025682405,0.02002454,2.6288855
1611,2026-07-29,0.040711697,0.047810946,0.015566728,0.018760553,2.615134
3019,2026-07-29,0.039529968,0.008364286,0.015159817,0.013236327,2.607377
1735,2026-07-29,0.03774887,-0.065511465,0.014498831,0.021058073,2.6034007
2313,2026-07-29,0.039719634,-0.03850282,0.015376737,0.022493592,2.5829308
3363,2026-07-29,0.099683724,-0.008443868,0.038596436,0.04398103,2.5826516
7556,2026-07-29,0.036711317,-0.048802897,0.0142863365,0.01435389,2.5695004
1906,2026-07-29,0.047081754,0.061840422,0.018390475,0.01925529,2.559977
3443,2026-07-29,0.032727156,-0.0067268894,0.012820504,0.013802821,2.5525208
3691,2026-07-29,0.045597505,-0.040986616,0.01787455,0.02403465,2.5508308
6113,2026-07-29,0.041827712,-0.08443778,0.01641254,0.01544184,2.5483663
5347,2026-07-29,0.06585639,-0.014762295,0.026003117,0.026388843,2.532537
6227,2026-07-29,0.07576104,0.034947176,0.030051745,0.038288876,2.5209358
3653,2026-07-29,0.03249217,0.017604666,0.0129672745,0.013088624,2.505512
1586,2026-07-29,0.0646257,-0.018089535,0.025869465,0.035462845,2.4980495
6642,2026-07-29,0.042579167,-0.0025436843,0.017163506,0.018656565,2.480652
5328,2026-07-29,0.07701896,-0.011212907,0.03107217,0.03571378,2.4786322
4923,2026-07-29,0.06512275,-0.04893204,0.026507093,0.021565448,2.4567122
4540,2026-07-29,0.0452128,-0.06811599,0.01858085,0.020216731,2.43317
5468,2026-07-29,0.056105748,-0.042276073,0.02306196,0.020001518,2.4327211
3526,2026-07-29,0.03472507,0.027069489,0.014301519,0.016202116,2.427899
3189,2026-07-29,0.06485358,-0.032683443,0.026727004,0.02711254,2.426428
3284,2026-07-29,0.052995816,-0.0187858,0.021855174,0.022095257,2.4247527
6670,2026-07-29,0.038124036,0.036090992,0.015732225,0.0152203115,2.4231546
8114,2026-07-29,0.07741289,0.05559168,0.032210156,0.032091826,2.4032943
2347,2026-07-29,0.043386873,0.03507675,0.018357167,0.022974344,2.3633554
4745,2026-07-29,0.06958851,0.0014838901,0.029503413,0.026039926,2.3585799
3710,2026-07-29,0.04620172,-0.07043973,0.019817399,0.020745948,2.331254
6240,2026-07-29,0.06551062,-0.0033009727,0.028576797,0.025713192,2.2923608
2412,2026-07-29,0.031737093,0.08184665,0.014054563,0.017187165,2.2579737
3583,2026-07-29,0.03462877,-0.035127416,0.015421514,0.017955886,2.245339
7712,2026-07-29,0.037625264,-0.08234947,0.016887253,0.022249166,2.2278955
6526,2026-07-29,0.047063723,0.011608099,0.021174097,0.015727751,2.2225976
8032,2026-07-29,0.054436997,-0.018022323,0.024571322,0.03194934,2.2153785
1709,2026-07-29,0.04811282,0.06213451,0.021881375,0.021942273,2.1987019
3374,2026-07-29,0.04047454,-0.047024686,0.018469946,0.018000076,2.1912544
6442,2026-07-29,0.03779538,-0.028219279,0.017256618,0.013793476,2.1900694
3033,2026-07-29,0.062652506,0.051573977,0.028876988,0.031868547,2.1695592
9921,2026-07-29,0.0900995,0.073184855,0.041599724,0.03886849,2.1658156
5457,2026-07-29,0.031365655,-0.06304255,0.01460976,0.015309658,2.1467505
8096,2026-07-29,0.08299146,-0.06025591,0.0387852,0.037263677,2.1397161
5904,2026-07-29,0.045761086,0.074240066,0.02141658,0.02415027,2.1366131
7728,2026-07-29,0.040578105,-0.0061091105,0.019021949,0.022469219,2.1331131
1718,2026-07-29,0.062775545,-0.02054038,0.029506834,0.033073965,2.1274195
2324,2026-07-29,0.031823423,0.045026325,0.0150340125,0.01882922,2.116621
2718,2026-07-29,0.036555875,-0.03086892,0.017325252,0.022634365,2.1098547
3556,2026-07-29,0.039057445,-0.040252503,0.01859757,0.021253675,2.1000242
3008,2026-07-29,0.032044504,0.023422627,0.0156179145,0.014777912,2.0516472
1815,2026-07-29,0.0533764,-0.08448519,0.026119303,0.021605797,2.043483
2314,2026-07-29,0.04492975,0.014668288,0.022043819,0.021812601,2.0381093
5251,2026-07-29,0.061677527,-0.016433042,0.030369582,0.02860079,2.0308313
5302,2026-07-29,0.045330357,-0.048946578,0.022370793,0.022998802,2.0262282
8042,2026-07-29,0.054194734,-0.13365653,0.026750755,0.027997015,2.0258384
6206,2026-07-29,0.06493873,0.07254774,0.032121636,0.035498414,2.021588
4303,2026-07-29,0.053525012,-0.017822592,0.026517872,0.026185136,2.0183744
2419,2026-07-29,0.038432673,-0.07438138,0.019073633,0.021798594,2.0148578
4722,2026-07-29,0.03470551,-0.064200185,0.017409397,0.019802129,1.9933783
4973,2026-07-29,0.04904865,-0.0069630696,0.02460488,0.027113734,1.9933711
3054,2026-07-29,0.051950533,-0.029509416,0.026060944,0.024102757,1.9933482
6425,2026-07-29,0.030881507,-0.048508104,0.015736505,0.01785467,1.9622873
6187,2026-07-29,0.034902886,0.018649468,0.017791787,0.02281258,1.9616312
3231,2026-07-29,0.024679296,0.062202558,0.012595104,0.020660125,1.95928
6205,2026-07-29,0.036801614,-0.05939829,0.019206122,0.019034637,1.9160401
6279,2026-07-29,0.039250374,-0.030032706,0.020635674,0.020884803,1.9019719
3528,2026-07-29,0.023908934,-0.035288915,0.012624692,0.0118990615,1.8936731
4949,2026-07-29,0.032376427,-0.059066772,0.017313104,0.018615248,1.8699453
6214,2026-07-29,0.04533917,0.04502758,0.024348961,0.027361156,1.8619813
4906,2026-07-29,0.035689317,-0.091148615,0.019300727,0.021115696,1.8490219
6215,2026-07-29,0.035928063,-0.08383853,0.019611938,0.020888343,1.8318552
6154,2026-07-29,0.04352761,-0.017804818,0.024253543,0.021253549,1.7946167
8155,2026-07-29,0.022731887,-0.097092025,0.012692477,0.022762246,1.7908322
3152,2026-07-29,0.024804039,-0.08713325,0.014078813,0.0149997,1.7616739
5426,2026-07-29,0.03826599,-0.053659234,0.022016274,0.022398513,1.7379985
2466,2026-07-29,0.056476884,0.044857718,0.03265404,0.031908624,1.7294998
4534,2026-07-29,0.05126345,0.017668838,0.029876148,0.030058114,1.715808
3045,2026-07-29,0.03433516,0.08773036,0.020014912,0.020580962,1.7153932
3450,2026-07-29,0.10358446,0.040028833,0.06065115,0.06480912,1.7078449
8455,2026-07-29,0.042794153,-0.057889733,0.025509305,0.034846805,1.6775241
6290,2026-07-29,0.025774777,-0.02835708,0.015373405,0.01836526,1.6764731
4764,2026-07-29,0.045657523,0.06563584,0.02724614,0.033993363,1.6756812
1809,2026-07-29,0.038317338,-0.09380201,0.023051642,0.022293214,1.6621668
4721,2026-07-29,0.032880113,-0.09333311,0.01979219,0.025019748,1.6611831
6138,2026-07-29,0.042636167,0.03589243,0.025772095,0.030090433,1.6542897
4931,2026-07-29,0.040509153,-0.035637375,0.024614578,0.02774647,1.6456714
3548,2026-07-29,0.031490114,-0.08889439,0.019485725,0.022975631,1.6159776
6204,2026-07-29,0.03042219,-0.10478522,0.018947588,0.015973883,1.6055123
8033,2026-07-29,0.054274425,0.0030023484,0.033886004,0.03029652,1.6016295
4916,2026-07-29,0.036353134,0.014263088,0.022795713,0.015812136,1.5946656
3167,2026-07-29,0.031725984,-0.05077897,0.020196328,0.020002384,1.570801
0057,2026-07-29,0.028930068,-0.08479576,0.01844989,0.02255972,1.5679498
3663,2026-07-29,0.04250392,-0.10761257,0.0272305,0.02030008,1.5608366
4933,2026-07-29,0.01719595,-0.0802155,0.011238507,0.014273347,1.5299557
3260,2026-07-29,0.03423877,-0.10676668,0.022393694,0.023476912,1.5288787
7402,2026-07-29,0.04583905,-0.036469463,0.03002199,0.029856654,1.5267982
3312,2026-07-29,0.04314993,-0.018652325,0.028612765,0.033508416,1.508013
1229,2026-07-29,0.03418064,0.072707005,0.022973124,0.0257132,1.4877887
3026,2026-07-29,0.03342684,-0.08987572,0.022589423,0.016969068,1.4796908
2337,2026-07-29,0.027486814,-0.06523058,0.019144123,0.020475503,1.4357084
6020,2026-07-29,0.035609085,0.028362056,0.02490072,0.030835614,1.4299849
3432,2026-07-29,0.02759357,-0.06273204,0.019419992,0.019192308,1.4208115
6909,2026-07-29,0.027317828,-0.07041786,0.019308355,0.020266376,1.4147457
8435,2026-07-29,0.045108292,0.0014134062,0.031929564,0.030679759,1.4126996
1597,2026-07-29,0.03501354,-0.018647905,0.024858663,0.032298777,1.408448
3230,2026-07-29,0.039997265,-0.06789648,0.028440703,0.02550599,1.4062893
5309,2026-07-29,0.027091304,-0.0636658,0.019606262,0.021476751,1.3816974
5289,2026-07-29,0.023941513,-0.09104104,0.017801533,0.01943829,1.3448374
6768,2026-07-29,0.043317962,0.038009763,0.032726623,0.030647812,1.3235903
6151,2026-07-29,0.016356627,-0.08921822,0.012369961,0.016644184,1.3221792
1802,2026-07-29,0.022641957,-0.09021711,0.017637454,0.021555278,1.2836702
4968,2026-07-29,0.017363003,-0.10852501,0.0136736175,0.01453576,1.2697248
6605,2026-07-29,0.01812484,0.0061201323,0.014582871,0.018373394,1.2428002
2491,2026-07-29,0.032300282,-0.047600906,0.026277965,0.025322568,1.2291306
1342,2026-07-29,0.02617055,0.059100743,0.021489864,0.022553276,1.2177523
2444,2026-07-29,0.016806407,-0.09856084,0.013964823,0.019970544,1.2033954
9105,2026-07-29,0.027775075,-0.053070616,0.023233308,0.022026083,1.1954337
6435,2026-07-29,0.021555813,-0.05454088,0.018755767,0.021827573,1.1492286
3015,2026-07-29,0.023886478,-0.047998484,0.020933354,0.020750754,1.1410182
9904,2026-07-29,0.014042356,0.05481835,0.012324555,0.012353436,1.139288
6146,2026-07-29,0.0147664165,-0.018044103,0.013077429,0.01781733,1.1290666
2301,2026-07-29,0.018201958,0.0647585,0.016642794,0.016967662,1.0936183
3221,2026-07-29,0.032097753,-0.09881457,0.02950753,0.030111969,1.0877448
8028,2026-07-29,0.02509937,0.013047335,0.023354579,0.020097755,1.0746627
8121,2026-07-29,0.023680726,-0.07592894,0.022168094,0.025223585,1.0681864
2356,2026-07-29,0.01463784,0.043153748,0.013798216,0.014871699,1.0607733
1591,2026-07-29,0.03830254,0.10365423,0.036195863,0.04585085,1.058173
6191,2026-07-29,0.018373553,-0.04977165,0.01788137,0.016673895,1.0274675
7751,2026-07-29,0.015717743,-0.030359061,0.015660929,0.016405491,1.0035636
2912,2026-07-29,0.03406214,0.11394145,0.034283347,0.036155306,0.9935187
3512,2026-07-29,0.027887333,0.04315044,0.028382454,0.028691681,0.98252076
4741,2026-07-29,0.019998891,-0.09377066,0.021086833,0.020423518,0.94836164
6188,2026-07-29,0.015060111,-0.04637308,0.015917344,0.017403718,0.9460853
8071,2026-07-29,0.034662563,-0.11212659,0.036849275,0.03522158,0.94063246
4772,2026-07-29,0.014708891,-0.057327826,0.015685951,0.019175496,0.9376513
6472,2026-07-29,0.015587739,0.032219224,0.016646916,0.016101522,0.9363177
3563,2026-07-29,0.0117820585,-0.056844305,0.012741134,0.014123452,0.9246535
6189,2026-07-29,0.01549044,-0.021909665,0.016807904,0.021477757,0.92156154
8109,2026-07-29,0.0124996,-0.04468518,0.013735406,0.013546366,0.9099614
2536,2026-07-29,0.015895136,0.0200346,0.017496902,0.020236626,0.9084023
4552,2026-07-29,0.017701676,-0.027537288,0.019560782,0.017885916,0.9049112
7715,2026-07-29,0.02013334,-0.07389247,0.022451185,0.02664008,0.89672077
2535,2026-07-29,0.016594809,0.04894403,0.018654196,0.02072546,0.88955426
2302,2026-07-29,0.023592627,-0.058184218,0.026573563,0.026648128,0.88778985
8048,2026-07-29,0.016754838,-0.1050631,0.019240068,0.028085507,0.8707852
9933,2026-07-29,0.017969461,0.0555385,0.021868609,0.020335464,0.82166356
5432,2026-07-29,0.013915022,-0.09379797,0.017093113,0.01432042,0.8140242
6147,2026-07-29,0.022638528,-0.12755936,0.028179323,0.03219922,0.8033452
3675,2026-07-29,0.01837644,-0.111600704,0.023836145,0.02398707,0.7709161
2442,2026-07-29,0.010183201,-0.016094366,0.013485091,0.0152269425,0.75508916
6179,2026-07-29,0.016909642,-0.005640475,0.022519588,0.021047687,0.7508526
8358,2026-07-29,0.035580136,-0.1360586,0.049155645,0.0391837,0.7238113
6274,2026-07-29,0.011349309,-0.0722436,0.016022848,0.014875983,0.70827615
6411,2026-07-29,0.010220879,-0.10014046,0.0145023735,0.014501719,0.7047242
2420,2026-07-29,0.008571153,-0.06000974,0.012943337,0.017053274,0.6621546
7610,2026-07-29,0.010774797,-0.09043646,0.016818885,0.016069068,0.6405987
4133,2026-07-29,0.011159561,0.013906211,0.017509265,0.018362092,0.63731533
6944,2026-07-29,0.010085639,-0.06914285,0.015949333,0.021642013,0.6323152
3483,2026-07-29,0.010705954,-0.06316687,0.016935091,0.019248862,0.63213843
6486,2026-07-29,0.007816981,-0.02114209,0.012427756,0.013268028,0.62894315
2388,2026-07-29,0.021843037,0.003893222,0.034734808,0.040633745,0.6288334
6412,2026-07-29,0.009624318,-0.002598568,0.015567148,0.015979955,0.6182057
6829,2026-07-29,0.016998775,5.47866e-07,0.027634962,0.027328702,0.6150962
5483,2026-07-29,0.011939213,-0.06675159,0.019584175,0.02191168,0.6096046
6667,2026-07-29,0.009004553,-0.068044156,0.015148937,0.019688688,0.5943624
2539,2026-07-29,0.008128355,0.030784283,0.014217465,0.018324181,0.571676
6235,2026-07-29,0.012960958,-0.12188228,0.022717152,0.031427093,0.5705111
1805,2026-07-29,0.013643147,0.005149616,0.023971085,0.032333482,0.5691264
8110,2026-07-29,0.014005228,-0.1774608,0.025425462,0.033242345,0.5508131
6143,2026-07-29,0.0105215665,-0.10065379,0.019910188,0.022508169,0.52842486
3390,2026-07-29,0.0077241287,-0.09341136,0.014710278,0.01959744,0.5250481
7750,2026-07-29,0.0068867574,-0.024069134,0.013116872,0.014459826,0.52499044
2850,2026-07-29,0.007213612,0.058152154,0.014008722,0.01745736,0.51490045
2323,2026-07-29,0.010235208,-0.027408712,0.020230217,0.022044767,0.50591165
6170,2026-07-29,0.0070699556,-0.0045838347,0.014381526,0.018232562,0.49156561
3049,2026-07-29,0.009128634,-0.10278345,0.018778326,0.021109857,0.48610017
2241,2026-07-29,0.0097311,-0.09420869,0.020245165,0.018221747,0.48063916
2506,2026-07-29,0.010848347,0.0961019,0.022629857,0.027969407,0.47936085
1722,2026-07-29,0.007915679,0.048251446,0.017050382,0.015054839,0.46422508
2354,2026-07-29,0.0072886497,0.03244822,0.015748486,0.017794767,0.4627865
1432,2026-07-29,0.007322353,-0.00056371716,0.016255066,0.014392025,0.45043817
2724,2026-07-29,0.018130023,-0.07191909,0.04077442,0.04530506,0.4446312
2637,2026-07-29,0.009511934,0.05365356,0.021967823,0.025658881,0.43297422
3630,2026-07-29,0.0085371705,-0.08541326,0.020133331,0.019217014,0.42401063
3122,2026-07-29,0.007556193,-0.08598259,0.019500244,0.01754987,0.38747236
5525,2026-07-29,0.00902665,0.0430577,0.024064744,0.03353797,0.37508294
6176,2026-07-29,0.004919934,0.02810233,0.013149619,0.015557088,0.37412184
1515,2026-07-29,0.017319806,-0.056361176,0.046589904,0.051154338,0.37174222
3339,2026-07-29,0.008176933,-0.11413995,0.023637937,0.026089229,0.3459095
2606,2026-07-29,0.0048135146,0.047933098,0.014801766,0.02029396,0.32517672
2618,2026-07-29,0.004259122,0.053519234,0.013662076,0.015161896,0.311725
5392,2026-07-29,0.007220201,-0.1101757,0.024768298,0.022950321,0.291498
6171,2026-07-29,0.006285364,0.051903095,0.02175724,0.025711043,0.2888728
8215,2026-07-29,0.0048266943,-0.07664507,0.017312592,0.018542241,0.27878064
1305,2026-07-29,0.00449304,-0.090671495,0.017035997,0.022129586,0.26372254
8499,2026-07-29,0.008386701,-0.031279266,0.03251466,0.03223743,0.25792807
3050,2026-07-29,0.0045759594,-0.044380307,0.017824154,0.0222373,0.2567136
3591,2026-07-29,0.0040216083,-0.09427427,0.017726732,0.019204736,0.22685407
2377,2026-07-29,0.0048785615,0.009946819,0.0221792,0.02136824,0.2199512
2548,2026-07-29,0.006864759,-0.035337035,0.03155911,0.034724317,0.2175138
6220,2026-07-29,0.0052063596,-0.08719844,0.02503637,0.01987688,0.20794354
2408,2026-07-29,0.0041083563,-0.16078708,0.023056068,0.025468478,0.17818208
6869,2026-07-29,0.0037586729,0.0067212344,0.021233125,0.027536673,0.17701097
3702,2026-07-29,0.0038152917,0.037192084,0.022222647,0.025700498,0.17167711
6196,2026-07-29,0.0023134614,0.0050368863,0.013809397,0.016820496,0.16751592
2349,2026-07-29,0.0030493583,-0.08906601,0.019752417,0.018709416,0.15437117
8040,2026-07-29,0.0018571639,-0.09368002,0.012813159,0.01581197,0.1449306
3006,2026-07-29,0.0026748343,-0.06457944,0.022850461,0.026257468,0.1170531
6245,2026-07-29,0.0026924277,0.0031656048,0.029403776,0.03357692,0.0915643
0056,2026-07-29,0.0015897289,-0.027305143,0.0226677,0.023008011,0.070128806
3576,2026-07-29,0.0010866083,-0.037004568,0.025007447,0.026047906,0.043449648
3679,2026-07-29,0.00085103215,0.0023078886,0.019984085,0.019500691,0.042583365
1717,2026-07-29,0.0002291801,-0.070273004,0.022000011,0.023412185,0.010416798
2027,2026-07-29,5.368342e-05,0.07258386,0.016566992,0.017700054,0.0032401886
2937,2026-07-29,8.809691e-07,-0.03717983,0.015720524,0.016682008,5.6035857e-05
2908,2026-07-29,-5.8061505e-05,0.03718422,0.015171678,0.019202102,-0.0038267144
4720,2026-07-29,-0.0005224413,-0.112583175,0.026640242,0.029773654,-0.019610245
3372,2026-07-29,-0.00037559166,-0.12088151,0.017886002,0.019918956,-0.020998022
3617,2026-07-29,-0.0008412821,-0.02862617,0.02301792,0.023971023,-0.036547415
6643,2026-07-29,-0.0017124285,-0.06414268,0.024381183,0.039949913,-0.07023278
2812,2026-07-29,-0.001626434,0.06566048,0.019406347,0.02321198,-0.08380507
5388,2026-07-29,-0.0026739626,0.01174116,0.025051901,0.027674297,-0.10673265
3516,2026-07-29,-0.001269083,-0.07129647,0.011791762,0.015750878,-0.10761542
2527,2026-07-29,-0.00606076,-0.06419158,0.05265349,0.06984814,-0.11510433
8424,2026-07-29,-0.0023553618,-0.019469855,0.019544896,0.028258655,-0.12050416
3438,2026-07-29,-0.003044337,-0.12724994,0.022329194,0.019946154,-0.13633277
6173,2026-07-29,-0.0039893035,-0.13654086,0.025009282,0.02527175,-0.15950653
4577,2026-07-29,-0.0030525217,-0.10387523,0.017864767,0.026723718,-0.1708587
2353,2026-07-29,-0.0025289534,-0.010710737,0.014362943,0.018350588,-0.17606261
3276,2026-07-29,-0.0035863528,0.014208271,0.018193124,0.01800981,-0.19711599
4503,2026-07-29,-0.0044169445,-0.13007863,0.021243906,0.022123953,-0.20790605
9944,2026-07-29,-0.0037988531,0.038941503,0.01771464,0.02166375,-0.21443498
4533,2026-07-29,-0.0044271885,-0.11355453,0.020087421,0.022992156,-0.22038509
2392,2026-07-29,-0.003058569,-0.021076938,0.013737874,0.016429257,-0.22262152
1726,2026-07-29,-0.0034272128,0.012777364,0.015089308,0.018587537,-0.22711352
5403,2026-07-29,-0.0039380593,-0.045187652,0.017280854,0.017126255,-0.22787249
3257,2026-07-29,-0.004259459,-0.11201493,0.018229628,0.019726537,-0.23364303
4939,2026-07-29,-0.006887835,-0.1817777,0.028653683,0.033646256,-0.24037379
2231,2026-07-29,-0.0055916538,-0.06882715,0.023009384,0.02339537,-0.24300566
3323,2026-07-29,-0.0043783807,-0.113141485,0.017431939,0.025434792,-0.2511556
1471,2026-07-29,-0.005003639,0.02223733,0.019583441,0.025017861,-0.2554905
5903,2026-07-29,-0.004889566,0.039264984,0.016079761,0.0222536,-0.30406308
6885,2026-07-29,-0.009530077,-0.07099784,0.030641815,0.034021877,-0.31100526
3515,2026-07-29,-0.0045114285,-0.05310116,0.013363634,0.0149661405,-0.33756468
1314,2026-07-29,-0.00536764,-0.039518975,0.015799802,0.017133025,-0.3397068
6264,2026-07-29,-0.008658011,-0.019858854,0.0248859,0.029586688,-0.3478943
6140,2026-07-29,-0.0072942087,-0.12672184,0.020717453,0.021716138,-0.3520634
6716,2026-07-29,-0.0073632994,-0.10289903,0.019737447,0.020573363,-0.3730435
3499,2026-07-29,-0.005117724,-0.10731041,0.01319262,0.020007417,-0.38789386
2645,2026-07-29,-0.009034217,0.01867013,0.022253865,0.020742044,-0.40594348
2429,2026-07-29,-0.008931482,-0.07233353,0.021622712,0.02143872,-0.4130411
7704,2026-07-29,-0.007879,-0.09742277,0.0186052,0.017096275,-0.423461
3095,2026-07-29,-0.008076818,-0.13527252,0.0186095,0.023454376,-0.43399253
4924,2026-07-29,-0.008839796,-0.10464992,0.018529767,0.019637229,-0.47703347
9910,2026-07-29,-0.008835819,-0.0042316923,0.018457852,0.028363878,-0.4786765
3213,2026-07-29,-0.012291074,-0.042430643,0.025280718,0.023682287,-0.4861645
2890,2026-07-29,-0.008008344,0.022283792,0.015713958,0.015322193,-0.5096001
0051,2026-07-29,-0.009957697,-0.06046933,0.01855164,0.020950573,-0.5367267
6160,2026-07-29,-0.009216014,-0.09987925,0.017096298,0.020473218,-0.53903335
6844,2026-07-29,-0.01348185,-0.0072000413,0.024855126,0.023808356,-0.5423955
2413,2026-07-29,-0.009417038,-0.10780315,0.017319074,0.016848542,-0.5437066
4558,2026-07-29,-0.007979231,-0.09420487,0.0141989235,0.017673384,-0.5619207
6209,2026-07-29,-0.012368743,-0.062139247,0.02190745,0.020172223,-0.56456494
1539,2026-07-29,-0.011736065,0.019747408,0.0202864,0.018180095,-0.5784904
3228,2026-07-29,-0.010550737,-0.05114747,0.018071588,0.018384691,-0.5837978
2547,2026-07-29,-0.010913382,0.027047833,0.018661076,0.017144065,-0.5847893
0055,2026-07-29,-0.014425071,0.024031393,0.024635784,0.025741303,-0.5855095
4749,2026-07-29,-0.009527212,-0.03606173,0.016004618,0.022645615,-0.5952417
8091,2026-07-29,-0.011415932,-0.0856974,0.016901305,0.016945068,-0.6754068
5878,2026-07-29,-0.01210307,-0.02748346,0.017803794,0.019020252,-0.6797646
6265,2026-07-29,-0.028696664,-0.18376249,0.04175845,0.04355168,-0.6871897
5386,2026-07-29,-0.01689748,-0.1384559,0.023549715,0.019742982,-0.71749324
8183,2026-07-29,-0.011948103,-0.13031438,0.016633624,0.020359915,-0.7182671
2409,2026-07-29,-0.014628863,-0.11271334,0.020281648,0.024858031,-0.7212501
6199,2026-07-29,-0.041777022,-0.21585654,0.056503072,0.060011998,-0.7393631
0053,2026-07-29,-0.013134318,-0.095616914,0.017205585,0.01833334,-0.76333094
3605,2026-07-29,-0.0146995485,-0.050147176,0.018996727,0.017791301,-0.773753
6727,2026-07-29,-0.013258036,-0.10185437,0.017030574,0.021428317,-0.7784387
2885,2026-07-29,-0.015428219,-0.0054113716,0.01981452,0.018684754,-0.7785927
1560,2026-07-29,-0.014572366,-0.021926934,0.018546807,0.020155475,-0.7856652
3527,2026-07-29,-0.012191414,-0.10260827,0.015447385,0.016719615,-0.7891708
4532,2026-07-29,-0.012147576,-0.04234361,0.015107545,0.015386014,-0.8040202
3494,2026-07-29,-0.014818722,-0.079348646,0.018409997,0.016810853,-0.80488425
5543,2026-07-29,-0.017786311,-0.054916874,0.021789301,0.027058389,-0.81624895
3551,2026-07-29,-0.014504298,-0.14246763,0.01755923,0.016498633,-0.8259742
3388,2026-07-29,-0.0133991325,-0.10224126,0.016047144,0.018414522,-0.83493346
1216,2026-07-29,-0.014385442,0.050962076,0.016825702,0.023156563,-0.8549175
8926,2026-07-29,-0.014764716,-0.04602969,0.017252913,0.023686761,-0.8557314
8147,2026-07-29,-0.017195368,-0.117314115,0.020025508,0.02055034,-0.85863036
8466,2026-07-29,-0.029273009,-0.06734185,0.033864092,0.03673587,-0.86440074
5533,2026-07-29,-0.02102186,0.010667413,0.024304511,0.025268916,-0.86490095
6875,2026-07-29,-0.023564791,-0.10803783,0.027077328,0.03558697,-0.8702454
6226,2026-07-29,-0.02943554,-0.14448372,0.033548836,0.03712318,-0.8773677
3036,2026-07-29,-0.015729228,-0.01982333,0.017917594,0.018179195,-0.87781596
1817,2026-07-29,-0.014856424,-0.009917621,0.016847659,0.016990066,-0.8817571
4909,2026-07-29,-0.017106993,-0.15535493,0.01924682,0.024407115,-0.8887756
3362,2026-07-29,-0.015774814,-0.04830071,0.016927509,0.023935767,-0.931849
5353,2026-07-29,-0.018974693,-0.084021874,0.020279372,0.025904646,-0.9356186
3321,2026-07-29,-0.015905892,-0.09028883,0.016839191,0.018281478,-0.9445197
2438,2026-07-29,-0.011539636,-0.12740476,0.011793166,0.014253329,-0.97841895
1319,2026-07-29,-0.012205104,-0.03227041,0.01223932,0.014621316,-0.99712294
4588,2026-07-29,-0.02306043,-0.10195334,0.02234597,0.020758316,-1.0319265
6277,2026-07-29,-0.03024021,-0.044371005,0.02894974,0.027961463,-1.0445402
2480,2026-07-29,-0.018554516,-0.004418821,0.017682394,0.016712975,-1.0492622
4768,2026-07-29,-0.031795572,-0.12055682,0.029941749,0.037897952,-1.0618789
4527,2026-07-29,-0.017856838,-0.053769674,0.016703343,0.014127196,-1.0689937
1409,2026-07-29,-0.031261984,-0.17335497,0.029207062,0.028029997,-1.0703204
5269,2026-07-29,-0.012940416,-0.03699037,0.011872094,0.014685048,-1.0898942
1456,2026-07-29,-0.018641038,-0.11534934,0.0170752,0.020545887,-1.0916386
6192,2026-07-29,-0.017780459,-0.045242753,0.016059281,0.019181943,-1.1071075
5301,2026-07-29,-0.025774118,-0.15278473,0.023271916,0.02415723,-1.1074727
8255,2026-07-29,-0.021738438,-0.10238311,0.019584747,0.02082271,-1.1099111
2546,2026-07-29,-0.01685935,-0.0037484646,0.015118615,0.014385033,-1.1150649
4305,2026-07-29,-0.015190151,-0.013717617,0.013585646,0.01657429,-1.1180207
6661,2026-07-29,-0.023299925,-0.049662072,0.020599043,0.020983722,-1.1310619
9802,2026-07-29,-0.04532685,-0.0370424,0.039293475,0.03989748,-1.1535172
5244,2026-07-29,-0.01805247,-0.12063454,0.015548381,0.02242589,-1.1609768
6533,2026-07-29,-0.03454954,-0.11756284,0.029622888,0.027230738,-1.166273
8111,2026-07-29,-0.048026085,-0.24870361,0.04036141,0.05257216,-1.1898717
3531,2026-07-29,-0.018867588,-0.039338667,0.015849646,0.02186074,-1.1903355
3611,2026-07-29,-0.017931823,-0.09216771,0.014891885,0.018937914,-1.2040529
3545,2026-07-29,-0.02358799,-0.05364992,0.019495964,0.022260545,-1.2098289
6861,2026-07-29,-0.022339165,-0.12006631,0.018446287,0.018416602,-1.2109729
5223,2026-07-29,-0.022893917,-0.09819589,0.01882584,0.017638914,-1.2160255
4416,2026-07-29,-0.02573737,-0.11269531,0.021100119,0.027209925,-1.2197158
6198,2026-07-29,-0.025156217,-0.095377214,0.02048905,0.024698691,-1.2277284
2911,2026-07-29,-0.019825283,-0.106474034,0.015727852,0.0151590165,-1.2604406
4904,2026-07-29,-0.025309341,0.061230835,0.019750265,0.022571433,-1.2814035
2883,2026-07-29,-0.02756486,-0.031393833,0.021285519,0.024311187,-1.2949445
3141,2026-07-29,-0.024420163,-0.11635632,0.01884438,0.018741911,-1.295817
4555,2026-07-29,-0.020914558,-0.057119682,0.016111746,0.019800931,-1.2980132
4543,2026-07-29,-0.018126851,-0.13901526,0.013865209,0.016574718,-1.3072679
6180,2026-07-29,-0.022407684,-0.074113145,0.017021244,0.018960735,-1.3163766
2243,2026-07-29,-0.032927558,-0.06529735,0.024571644,0.022250075,-1.3400087
4304,2026-07-29,-0.025961662,-0.109030165,0.019038161,0.025631024,-1.3635927
5355,2026-07-29,-0.02095397,-0.1442785,0.015252375,0.018766927,-1.3737267
2462,2026-07-29,-0.01890199,-0.06408788,0.013596282,0.0148203345,-1.39013
6894,2026-07-29,-0.027455067,-0.14036593,0.01960141,0.020911831,-1.4005965
3521,2026-07-29,-0.027181149,-0.062025167,0.019069145,0.026040042,-1.4253247
4739,2026-07-29,-0.021749683,-0.13582359,0.015253649,0.018056475,-1.425774
2201,2026-07-29,-0.021010475,0.0062531503,0.014672848,0.017278433,-1.4318312
9906,2026-07-29,-0.02556731,-0.09407802,0.017825807,0.017773801,-1.4342058
2371,2026-07-29,-0.029441515,-0.07930164,0.020252485,0.026068097,-1.4536518
6552,2026-07-29,-0.026429946,-0.09578212,0.018040903,0.021414356,-1.46492
5609,2026-07-29,-0.02107716,0.022969699,0.014350268,0.01662551,-1.4686618
2459,2026-07-29,-0.029413966,-0.040159862,0.019650199,0.019520592,-1.4968027
6782,2026-07-29,-0.020191904,-0.115816765,0.013292181,0.018053288,-1.518967
1905,2026-07-29,-0.029492287,-0.13022853,0.019283172,0.024005739,-1.529352
2542,2026-07-29,-0.055719353,-0.0075192996,0.03630919,0.0361035,-1.5345377
3060,2026-07-29,-0.030764082,-0.16216424,0.019953292,0.027310647,-1.5417275
6585,2026-07-29,-0.026627012,-0.06433613,0.016827356,0.016470775,-1.5822705
3686,2026-07-29,-0.0289218,-0.14769807,0.01823094,0.019377846,-1.586326
2489,2026-07-29,-0.032375883,-0.12278704,0.020185951,0.023134036,-1.6038026
5871,2026-07-29,-0.044328228,0.050843112,0.027470175,0.025752543,-1.613627
2417,2026-07-29,-0.024954697,-0.11049895,0.0153023815,0.019456785,-1.6306655
4951,2026-07-29,-0.0311582,-0.14734158,0.019084737,0.02463536,-1.6325384
3078,2026-07-29,-0.036632873,-0.085018404,0.022414127,0.02042138,-1.6342924
2892,2026-07-29,-0.024969017,0.011086648,0.015100441,0.012923431,-1.6534195
2851,2026-07-29,-0.02437656,0.05241857,0.014694292,0.021283159,-1.6588006
3577,2026-07-29,-0.06603604,-0.16012517,0.039740328,0.03914358,-1.6616466
3051,2026-07-29,-0.020601043,-0.12579577,0.012378748,0.016202563,-1.6640923
6276,2026-07-29,-0.033215493,-0.18727191,0.019850675,0.03296029,-1.6731833
8227,2026-07-29,-0.032873884,-0.15180914,0.019552749,0.018294334,-1.6812062
5488,2026-07-29,-0.038084682,-0.07012881,0.022475144,0.021725819,-1.6944491
2365,2026-07-29,-0.033695094,-0.143216,0.019714577,0.023777919,-1.7090595
6698,2026-07-29,-0.031790685,-0.13536903,0.018537657,0.025325509,-1.7148321
3567,2026-07-29,-0.034714382,-0.1632589,0.019795408,0.022598697,-1.7535697
2374,2026-07-29,-0.032817613,-0.08899097,0.018364334,0.024283871,-1.7869325
6753,2026-07-29,-0.049225383,-0.11676804,0.027518611,0.028075952,-1.7887383
6116,2026-07-29,-0.032059245,-0.16287407,0.017817628,0.024305856,-1.7991983
4510,2026-07-29,-0.041367117,-0.16961457,0.022940008,0.02764052,-1.8031952
2102,2026-07-29,-0.03484525,-0.06951977,0.019317746,0.022153925,-1.8037015
6114,2026-07-29,-0.033690095,-0.17250751,0.018570965,0.022825291,-1.8140296
1737,2026-07-29,-0.027843889,-0.0012362612,0.015327216,0.016733296,-1.816512
2115,2026-07-29,-0.030846842,-0.02516922,0.016755389,0.01831053,-1.8409003
6512,2026-07-29,-0.019756231,-0.09929907,0.010622096,0.015769936,-1.8597432
3346,2026-07-29,-0.03765292,-0.080181815,0.020097515,0.021330712,-1.8734181
6855,2026-07-29,-0.024950214,-0.123304494,0.013299281,0.016959362,-1.8759162
6109,2026-07-29,-0.025165582,-0.11558663,0.013411391,0.020279473,-1.8762935
9958,2026-07-29,-0.03488991,-0.057357628,0.018464683,0.020082895,-1.889446
3025,2026-07-29,-0.03195663,-0.14324567,0.016902713,0.015390431,-1.8905096
6266,2026-07-29,-0.037568692,-0.11447037,0.019717308,0.020839717,-1.9052696
2380,2026-07-29,-0.043470193,-0.11802934,0.022814035,0.025817266,-1.9053309
4306,2026-07-29,-0.028159585,-0.0075270417,0.014563078,0.015471712,-1.9334959
4938,2026-07-29,-0.029028686,0.017387586,0.014924334,0.019481136,-1.944927
2727,2026-07-29,-0.038489066,-0.046438407,0.019672781,0.02556343,-1.9563634
6477,2026-07-29,-0.05528875,-0.114273265,0.028015455,0.030339148,-1.9734385
6491,2026-07-29,-0.03141452,-0.037271164,0.015890356,0.016367897,-1.9768306
1514,2026-07-29,-0.033148266,-0.012142793,0.016684402,0.016663248,-1.9866627
6651,2026-07-29,-0.031865075,-0.101508215,0.015882382,0.019500978,-2.0061896
6177,2026-07-29,-0.034440745,-0.06706479,0.017076256,0.019853948,-2.016761
1713,2026-07-29,-0.036976043,-0.055754,0.018213572,0.022222988,-2.0300252
1569,2026-07-29,-0.04144751,-0.15772991,0.0201602,0.03284121,-2.0558057
2762,2026-07-29,-0.03646811,-0.025985377,0.017667312,0.021365328,-2.0640404
1477,2026-07-29,-0.028563501,-0.024854423,0.013736166,0.016050167,-2.0792863
2390,2026-07-29,-0.038058408,-0.13343795,0.017879374,0.01915247,-2.1285017
3013,2026-07-29,-0.034100704,-0.13568322,0.015981924,0.024661625,-2.1335711
2362,2026-07-29,-0.04273084,-0.015244676,0.01992807,0.02236616,-2.1441462
3041,2026-07-29,-0.046307962,-0.1633987,0.021534814,0.024399687,-2.150277
3219,2026-07-29,-0.049160454,-0.15287174,0.022637563,0.02022149,-2.171536
6129,2026-07-29,-0.045667574,-0.15360074,0.02098492,0.017058672,-2.1761055
2440,2026-07-29,-0.03070875,-0.111045994,0.01398118,0.018911228,-2.1962776
6732,2026-07-29,-0.051014833,-0.14395624,0.023208631,0.025019918,-2.1980028
2603,2026-07-29,-0.03341312,0.041977398,0.015194762,0.014761058,-2.1988447
8481,2026-07-29,-0.048987508,-0.042971093,0.022171592,0.021705229,-2.209372
5215,2026-07-29,-0.045933507,-0.08126487,0.020710558,0.023678802,-2.2177718
5356,2026-07-29,-0.03774139,-0.04039251,0.016940143,0.020529771,-2.2277946
2433,2026-07-29,-0.039186858,-0.031002171,0.01755562,0.018903691,-2.2320273
4167,2026-07-29,-0.04381346,-0.09387524,0.019553721,0.020105334,-2.2405565
6558,2026-07-29,-0.05016845,-0.16701885,0.022383662,0.022235252,-2.2411976
5230,2026-07-29,-0.047732122,-0.14548492,0.021096068,0.01931299,-2.2625003
8084,2026-07-29,-0.09710501,-0.14929365,0.04281391,0.04703442,-2.2680187
5876,2026-07-29,-0.047895513,0.009038136,0.021068605,0.020228427,-2.273204
2103,2026-07-29,-0.047908988,-0.06770189,0.021045847,0.014860735,-2.2763023
3285,2026-07-29,-0.037392695,-0.09188772,0.01632546,0.020664763,-2.2903123
2504,2026-07-29,-0.048502926,-0.011501244,0.021144971,0.018913819,-2.2937195
5460,2026-07-29,-0.040823948,-0.16673931,0.017673919,0.019652411,-2.3097105
6592,2026-07-29,-0.035906542,0.024787057,0.015515284,0.01800438,-2.31412
2066,2026-07-29,-0.036273934,-0.073866576,0.015632011,0.018069055,-2.320342
4995,2026-07-29,-0.05758436,-0.057413466,0.024715366,0.022903519,-2.3298068
6465,2026-07-29,-0.036105,-0.12687007,0.015479392,0.018083667,-2.3323052
2597,2026-07-29,-0.05069403,-0.062055636,0.021705851,0.024646355,-2.335393
3081,2026-07-29,-0.053431973,-0.09054541,0.022876604,0.02384878,-2.3355582
4953,2026-07-29,-0.04057553,-0.10694316,0.017195834,0.02209048,-2.3594768
4934,2026-07-29,-0.047685012,-0.15217279,0.02012809,0.022871802,-2.3689601
5520,2026-07-29,-0.03570487,-0.052729573,0.014996419,0.013680312,-2.3807342
4711,2026-07-29,-0.058304403,-0.097503535,0.02447169,0.027720395,-2.3824272
3272,2026-07-29,-0.03827602,-0.13839783,0.01604109,0.018807141,-2.3859746
2520,2026-07-29,-0.04321921,0.0057487544,0.018101182,0.021404127,-2.3875136
1777,2026-07-29,-0.03977545,-0.040010624,0.01658583,0.015833898,-2.3980138
5478,2026-07-29,-0.038552325,-0.0663542,0.015966497,0.015274447,-2.414425
3303,2026-07-29,-0.051701743,-0.09115047,0.021395516,0.023624523,-2.4163628
3419,2026-07-29,-0.044862166,-0.12493417,0.018390106,0.019689787,-2.4393404
6423,2026-07-29,-0.046863727,-0.15695347,0.01907824,0.026278175,-2.456268
1444,2026-07-29,-0.046286296,-0.09379967,0.01875121,0.019391866,-2.4683115
1538,2026-07-29,-0.055659574,-0.1586215,0.022532139,0.024736539,-2.4701207
3717,2026-07-29,-0.0534583,-0.13143751,0.021497585,0.023476433,-2.486596
5011,2026-07-29,-0.043177556,-0.11182986,0.017340226,0.01805607,-2.4898791
2615,2026-07-29,-0.052330647,0.012621365,0.020811837,0.024958998,-2.5143447
8112,2026-07-29,-0.04647375,-0.093665235,0.018371815,0.027654218,-2.5294843
5438,2026-07-29,-0.053203937,-0.16639942,0.02101285,0.0268779,-2.531851
8284,2026-07-29,-0.043925762,-0.10070286,0.017300164,0.022458458,-2.5388906
5508,2026-07-29,-0.06977704,-0.09925491,0.027458292,0.025809279,-2.5411086
2891,2026-07-29,-0.034320343,-0.03290596,0.013445002,0.013108869,-2.552457
1309,2026-07-29,-0.069754235,-0.20804119,0.02724588,0.029417904,-2.5600817
1402,2026-07-29,-0.046887446,0.0069569354,0.018213617,0.017461445,-2.5741658
6115,2026-07-29,-0.05447069,-0.016833194,0.021078276,0.02178143,-2.5840874
8038,2026-07-29,-0.04096771,-0.20746058,0.015693886,0.026098683,-2.6102586
2465,2026-07-29,-0.080833115,-0.15318213,0.030924156,0.02820815,-2.6138303
5345,2026-07-29,-0.05144542,-0.22323054,0.019680098,0.030977275,-2.6139507
7547,2026-07-29,-0.044268187,-0.17443927,0.016756712,0.016201671,-2.6416607
8210,2026-07-29,-0.040732212,-0.10064502,0.015280205,0.015926436,-2.6655104
2834,2026-07-29,-0.04933158,-0.012753129,0.018360607,0.02136986,-2.68667
4576,2026-07-29,-0.042865373,-0.055046447,0.01591345,0.015751047,-2.6934876
1907,2026-07-29,-0.056699254,-0.04675544,0.020910332,0.019059235,-2.711413
1570,2026-07-29,-0.0376758,-0.12067339,0.013870823,0.014819216,-2.7159948
6197,2026-07-29,-0.063685894,-0.05065259,0.02339881,0.026982935,-2.7216415
7703,2026-07-29,-0.030101575,-0.15455131,0.011044368,0.015815048,-2.7252667
2881,2026-07-29,-0.041911952,-0.028114954,0.015377787,0.021349544,-2.7253094
6166,2026-07-29,-0.08121154,-0.115456745,0.029773891,0.040227417,-2.7275176
8935,2026-07-29,-0.04988807,-0.10699374,0.018286826,0.01583495,-2.727939
6498,2026-07-29,-0.04561997,-0.15973857,0.016695037,0.024997056,-2.732383
6951,2026-07-29,-0.045555398,-0.039257698,0.016630558,0.01733962,-2.7390938
4126,2026-07-29,-0.05479149,-0.08528801,0.01971297,0.018042933,-2.779323
9941,2026-07-29,-0.04653152,0.014099074,0.016706374,0.016597336,-2.7850888
6550,2026-07-29,-0.055558283,-0.10390969,0.019944398,0.02032243,-2.785519
1568,2026-07-29,-0.05497764,-0.131054,0.019710682,0.019200832,-2.7890892
8049,2026-07-29,-0.053183127,-0.113516144,0.019056624,0.017493332,-2.7906485
3035,2026-07-29,-0.054559212,-0.019601446,0.019541342,0.02215738,-2.791846
9939,2026-07-29,-0.057239067,-0.060669176,0.020424815,0.025317058,-2.8022904
6957,2026-07-29,-0.04820226,-0.073925644,0.017083254,0.018395856,-2.8214438
4542,2026-07-29,-0.09701465,-0.25689617,0.034316108,0.03160671,-2.8270056
6438,2026-07-29,-0.042338036,-0.19600421,0.014905548,0.020403296,-2.8402307
2838,2026-07-29,-0.03673708,0.007972842,0.012899017,0.014891049,-2.847832
4966,2026-07-29,-0.037280288,-0.10105998,0.013075721,0.01333158,-2.8508894
3135,2026-07-29,-0.039954007,-0.06142477,0.014011837,0.012768335,-2.8512433
1537,2026-07-29,-0.05190382,-0.024456048,0.018107228,0.019008089,-2.8663113
8068,2026-07-29,-0.065130666,-0.21499272,0.022698939,0.028854992,-2.8692
4754,2026-07-29,-0.069936365,-0.1402027,0.024350496,0.02324869,-2.8719535
6556,2026-07-29,-0.051400606,-0.096211284,0.017801031,0.018063882,-2.8873448
1310,2026-07-29,-0.05985073,-0.21337655,0.020670995,0.021469695,-2.8952565
1527,2026-07-29,-0.05476709,-0.046232503,0.018859716,0.014702198,-2.9037652
2206,2026-07-29,-0.055637304,-0.03151401,0.018991942,0.021705892,-2.9293673
7705,2026-07-29,-0.08865198,-0.17396459,0.030008322,0.03209546,-2.954148
5344,2026-07-29,-0.052162156,-0.19190335,0.017484572,0.026279539,-2.983154
6112,2026-07-29,-0.05837482,-0.15004183,0.019523347,0.021822775,-2.9898474
6863,2026-07-29,-0.059707362,-0.07709542,0.01994173,0.019504337,-2.993941
3693,2026-07-29,-0.04833356,-0.09709187,0.016055278,0.015599805,-3.0102592
3268,2026-07-29,-0.063156694,-0.11461668,0.020863919,0.01453527,-3.0269322
4207,2026-07-29,-0.05973866,-0.06257468,0.019712048,0.018692091,-3.030412
2405,2026-07-29,-0.05686239,-0.120126486,0.018751828,0.0180255,-3.0322034
4714,2026-07-29,-0.08725165,-0.20811015,0.028724212,0.026149213,-3.0374587
2006,2026-07-29,-0.04955542,0.021888912,0.016294096,0.014263277,-3.0411248
3178,2026-07-29,-0.048992682,-0.1573505,0.016061155,0.020305565,-3.0501935
1440,2026-07-29,-0.047610488,-0.058874007,0.015579159,0.019883519,-3.0558407
3147,2026-07-29,-0.06919167,-0.15796722,0.022546882,0.025191823,-3.068655
2427,2026-07-29,-0.078688994,-0.16716775,0.025632374,0.02546514,-3.0697868
4942,2026-07-29,-0.042609833,-0.05260435,0.013662226,0.016436158,-3.1185777
8201,2026-07-29,-0.048699673,-0.13135639,0.015588194,0.017889133,-3.1239378
2816,2026-07-29,-0.05576845,-0.041646425,0.01781531,0.01638681,-3.1301906
1721,2026-07-29,-0.07755936,-0.1628589,0.024693714,0.026803045,-3.140727
8390,2026-07-29,-0.036776923,-0.066320874,0.011702223,0.013200601,-3.142461
2511,2026-07-29,-0.06999516,-0.018937102,0.022249175,0.0236805,-3.145825
0061,2026-07-29,-0.061743356,-0.06949683,0.019596776,0.023254713,-3.1505287
3188,2026-07-29,-0.086956866,-0.11743091,0.027550155,0.031264227,-3.1561966
5546,2026-07-29,-0.065197416,-0.04825928,0.020655267,0.025558207,-3.156302
1438,2026-07-29,-0.06306999,-0.05442417,0.019953614,0.021149715,-3.160672
4770,2026-07-29,-0.09730916,-0.13768734,0.03072493,0.03736434,-3.1670046
2528,2026-07-29,-0.08042494,-0.060604963,0.025082918,0.029189428,-3.2062352
5371,2026-07-29,-0.093490094,-0.2261765,0.029129429,0.03325352,-3.209362
3224,2026-07-29,-0.10408522,-0.1912724,0.032170627,0.038742933,-3.2353113
5548,2026-07-29,-0.056829516,-0.058398534,0.017515523,0.020923335,-3.2443376
6757,2026-07-29,-0.059300177,-0.067012936,0.018030649,0.019857977,-3.2886717
5880,2026-07-29,-0.04261441,0.008706933,0.012900766,0.015206353,-3.3029904
8097,2026-07-29,-0.06037819,-0.12910922,0.018270511,0.017744912,-3.304499
1540,2026-07-29,-0.059363697,-0.1494733,0.017945677,0.019971276,-3.307782
4550,2026-07-29,-0.054327313,-0.057703916,0.016335212,0.017111793,-3.3255758
6792,2026-07-29,-0.05979887,-0.15469462,0.017941434,0.018301798,-3.332818
6417,2026-07-29,-0.0490194,-0.14378184,0.014658888,0.016235208,-3.3437772
6241,2026-07-29,-0.07427879,-0.10616498,0.022208674,0.029509775,-3.3444338
5213,2026-07-29,-0.055829573,-0.027491594,0.016655497,0.01730795,-3.3518195
2488,2026-07-29,-0.045840178,-0.04286562,0.013665759,0.018062133,-3.3541367
6617,2026-07-29,-0.0698258,-0.10757637,0.020816175,0.024482967,-3.3542397
5009,2026-07-29,-0.065914415,-0.09135657,0.019613886,0.017956095,-3.360428
3150,2026-07-29,-0.043785788,-0.14246686,0.013019768,0.017429791,-3.3627656
6163,2026-07-29,-0.076939985,-0.29589626,0.022664743,0.028216524,-3.3945494
3652,2026-07-29,-0.06064922,-0.10450374,0.01781631,0.024650354,-3.403949
4702,2026-07-29,-0.100925036,-0.13442093,0.029619865,0.030505989,-3.4072278
3324,2026-07-29,-0.059101947,-0.13205667,0.017307937,0.016857356,-3.4145336
5493,2026-07-29,-0.053998783,-0.15697058,0.01580489,0.01908588,-3.4163709
1580,2026-07-29,-0.062019985,-0.051824853,0.018145848,0.017559113,-3.4176726
4120,2026-07-29,-0.06589241,-0.012181757,0.019215664,0.024517337,-3.4289205
3332,2026-07-29,-0.059895236,-0.117729455,0.017340627,0.017218478,-3.453842
2545,2026-07-29,-0.047487177,-0.023797473,0.013724291,0.015697537,-3.4598303
4536,2026-07-29,-0.05839282,-0.03888982,0.016854176,0.018232636,-3.4643848
5299,2026-07-29,-0.08081223,-0.14782098,0.023259759,0.02962146,-3.4741871
6881,2026-07-29,-0.051431585,-0.084008716,0.014799073,0.014840195,-3.4750898
1785,2026-07-29,-0.074010104,-0.18960737,0.021287715,0.02322951,-3.4764946
5209,2026-07-29,-0.063264646,-0.111373104,0.018129796,0.015459833,-3.4893475
2105,2026-07-29,-0.05593578,-0.016172651,0.015994882,0.016237138,-3.4968863
9912,2026-07-29,-0.053057488,-0.10088828,0.015160552,0.018582908,-3.499476
3038,2026-07-29,-0.07858159,-0.1309031,0.022301653,0.025000177,-3.5234187
2540,2026-07-29,-0.081883684,-0.05041903,0.023181567,0.025538083,-3.5321233
4763,2026-07-29,-0.100281395,-0.1448532,0.028355878,0.025320321,-3.5364046
6165,2026-07-29,-0.063356474,-0.08676073,0.01788997,0.020339953,-3.541254
3484,2026-07-29,-0.057789724,-0.123392105,0.01630862,0.021481263,-3.5432904
6684,2026-07-29,-0.07434738,-0.15128313,0.0209238,0.02755962,-3.5530746
6890,2026-07-29,-0.067266606,-0.06336973,0.018919598,0.020359168,-3.5552049
6212,2026-07-29,-0.09399278,-0.14442556,0.026380105,0.028848229,-3.5628824
4554,2026-07-29,-0.05925239,-0.14167236,0.01662438,0.014662178,-3.563972
9960,2026-07-29,-0.05894973,-0.10803707,0.01638832,0.02459245,-3.5968382
4556,2026-07-29,-0.11892748,-0.18605663,0.03301526,0.02928501,-3.6020885
4972,2026-07-29,-0.081574075,-0.11235711,0.022627108,0.023319839,-3.6049888
8234,2026-07-29,-0.06944974,-0.19866441,0.019244218,0.024253577,-3.608675
4609,2026-07-29,-0.07709273,-0.15876587,0.021292152,0.027552571,-3.6205409
1264,2026-07-29,-0.076056674,-0.12268658,0.020985804,0.020597337,-3.6240234
6785,2026-07-29,-0.08655029,-0.18284559,0.023872528,0.026455976,-3.6253664
3466,2026-07-29,-0.10836952,-0.28357288,0.029865375,0.03219317,-3.6284792
1434,2026-07-29,-0.04874436,0.0074360925,0.013399805,0.018918728,-3.6374204
3379,2026-07-29,-0.0748723,-0.21923304,0.02053316,0.02405054,-3.6462314
2610,2026-07-29,-0.05126873,0.019859033,0.014033455,0.013538712,-3.6530616
1563,2026-07-29,-0.10127519,-0.19006468,0.027700115,0.024870075,-3.6559968
5292,2026-07-29,-0.081830725,-0.15242702,0.022378262,0.019829163,-3.6565425
3311,2026-07-29,-0.06559801,-0.13873015,0.01793113,0.020967498,-3.658127
6283,2026-07-29,-0.06178873,-0.13401045,0.016886614,0.014438533,-3.6588194
6988,2026-07-29,-0.08450093,-0.13029644,0.0230557,0.025755621,-3.6649187
2204,2026-07-29,-0.054424874,-0.016236214,0.014802537,0.019966079,-3.6764777
3349,2026-07-29,-0.07404264,-0.1260865,0.020106025,0.026762638,-3.6824265
3287,2026-07-29,-0.06678607,-0.16754246,0.018029584,0.022355903,-3.7040439
2832,2026-07-29,-0.07432888,-0.012082738,0.019906778,0.02144853,-3.7336602
7709,2026-07-29,-0.061953094,-0.10951173,0.016510028,0.019379897,-3.752225
4729,2026-07-29,-0.08846595,-0.19616887,0.023484401,0.025038749,-3.7668486
1626,2026-07-29,-0.06924399,-0.11495897,0.018367104,0.016842976,-3.7697952
6292,2026-07-29,-0.06289099,-0.14529157,0.016680326,0.021226984,-3.7701433
4744,2026-07-29,-0.067506246,-0.12426246,0.017885007,0.021889316,-3.774249
6488,2026-07-29,-0.062193945,-0.13081972,0.016432365,0.018763268,-3.7846138
3672,2026-07-29,-0.08330086,-0.14786959,0.021972075,0.029269218,-3.7910423
6906,2026-07-29,-0.059051704,-0.11886022,0.015572299,0.017060336,-3.7918556
6152,2026-07-29,-0.06878195,-0.1986134,0.01811021,0.02359301,-3.7977555
6588,2026-07-29,-0.087506704,-0.21348624,0.022929754,0.025548944,-3.8161285
4529,2026-07-29,-0.05283014,-0.102194004,0.013827644,0.02005729,-3.8203413
6216,2026-07-29,-0.07905556,-0.05730342,0.020588819,0.020212935,-3.8395462
6895,2026-07-29,-0.0677171,-0.17403264,0.017503353,0.021688282,-3.868586
2431,2026-07-29,-0.06576817,-0.15692393,0.016905777,0.017469374,-3.8900476
4564,2026-07-29,-0.06396034,-0.15229805,0.016430074,0.019657718,-3.8926451
8450,2026-07-29,-0.09432643,-0.1662315,0.024121555,0.027996676,-3.9103
8222,2026-07-29,-0.14749695,-0.25684303,0.03762894,0.04263872,-3.91967
3622,2026-07-29,-0.09152668,-0.139812,0.023298789,0.023907859,-3.9282193
6994,2026-07-29,-0.07727242,-0.15378857,0.019657563,0.019395314,-3.9307258
2373,2026-07-29,-0.07043867,-0.074872054,0.01781099,0.015951123,-3.9545648
7734,2026-07-29,-0.05736584,-0.11030883,0.014440647,0.017635694,-3.9722502
2049,2026-07-29,-0.074397914,-0.02152324,0.01866057,0.020347757,-3.986691
6210,2026-07-29,-0.112668954,-0.18924193,0.028163284,0.029724572,-4.0004196
5516,2026-07-29,-0.10572947,-0.15722062,0.026427789,0.025600476,-4.0005417
2248,2026-07-29,-0.06444445,-0.079328604,0.016072921,0.019963145,-4.009255
6128,2026-07-29,-0.07560206,-0.13353519,0.01882977,0.022162244,-4.014815
6144,2026-07-29,-0.09194444,-0.1466227,0.022841722,0.024315804,-4.025109
1593,2026-07-29,-0.07493518,-0.10720062,0.018582853,0.021185307,-4.032274
5291,2026-07-29,-0.08101508,-0.22144563,0.020084826,0.025851686,-4.0334454
4967,2026-07-29,-0.08334226,-0.17338692,0.02061084,0.024722144,-4.043417
6126,2026-07-29,-0.08255933,-0.15967846,0.020374645,0.025066527,-4.0518637
4743,2026-07-29,-0.0708351,-0.17809418,0.017434563,0.020803444,-4.062679
6872,2026-07-29,-0.10670868,-0.14270523,0.0262628,0.028566713,-4.062957
5484,2026-07-29,-0.08829596,-0.15867625,0.021489523,0.029111467,-4.1085997
5512,2026-07-29,-0.072663136,-0.064588994,0.017638478,0.0177928,-4.119347
5220,2026-07-29,-0.080280975,-0.16360512,0.019464575,0.02099155,-4.1242537
6597,2026-07-29,-0.076237574,-0.16000779,0.018483153,0.021601403,-4.124483
7721,2026-07-29,-0.10562761,-0.26890993,0.025527703,0.030568019,-4.137602
2634,2026-07-29,-0.059237145,-0.112576656,0.014294623,0.021076264,-4.143726
2061,2026-07-29,-0.0957866,-0.2216548,0.023062902,0.028178094,-4.153096
4905,2026-07-29,-0.09460116,-0.17462601,0.022699695,0.02269664,-4.1673245
6111,2026-07-29,-0.08521494,-0.14894626,0.02039377,0.025324995,-4.178274
2886,2026-07-29,-0.07376525,-0.025445422,0.017605355,0.02101716,-4.1896944
2702,2026-07-29,-0.06637533,-0.14964117,0.015812619,0.0187501,-4.1973524
9914,2026-07-29,-0.103854254,-0.121682905,0.024668947,0.03205071,-4.209748
3441,2026-07-29,-0.08436077,-0.17991047,0.01998821,0.024180967,-4.220315
3607,2026-07-29,-0.0817885,-0.18891402,0.01935464,0.030006105,-4.2255645
6742,2026-07-29,-0.08592227,-0.17154108,0.02030623,0.023427358,-4.2311172
6527,2026-07-29,-0.09497,-0.13320103,0.022411585,0.024054354,-4.2373514
8473,2026-07-29,-0.0852256,-0.092302404,0.02009808,0.024248883,-4.2402735
2450,2026-07-29,-0.07839917,-0.0769618,0.018438395,0.013904027,-4.251721
2476,2026-07-29,-0.08473636,-0.20885383,0.019887514,0.02972419,-4.2605677
3609,2026-07-29,-0.098612405,-0.20220235,0.023102924,0.020375833,-4.26821
8487,2026-07-29,-0.05638153,-0.068566136,0.013172026,0.014527093,-4.2800746
1102,2026-07-29,-0.07028818,-0.004344591,0.016395947,0.024595758,-4.2866626
5202,2026-07-29,-0.11781187,-0.25127947,0.027279345,0.029989762,-4.3185625
1730,2026-07-29,-0.064359576,-0.063898966,0.014828489,0.019948578,-4.3399725
4999,2026-07-29,-0.07478701,-0.15429711,0.017228035,0.02272497,-4.3407545
2067,2026-07-29,-0.08357871,-0.1634519,0.019193301,0.02121735,-4.3543506
6169,2026-07-29,-0.072707936,-0.18823436,0.016669638,0.017778916,-4.361437
6916,2026-07-29,-0.06925162,-0.15565343,0.015871717,0.021242784,-4.362934
8107,2026-07-29,-0.084180675,-0.19500497,0.019201005,0.020917905,-4.383952
6689,2026-07-29,-0.0955954,-0.19658563,0.021754809,0.026128782,-4.394017
2107,2026-07-29,-0.075927705,-0.031446848,0.017254915,0.019082764,-4.4000974
6499,2026-07-29,-0.088550165,-0.16653241,0.020084636,0.021278562,-4.4086313
8249,2026-07-29,-0.071895316,-0.17268153,0.016299294,0.021394325,-4.410676
5324,2026-07-29,-0.0998625,-0.10216954,0.022636695,0.017931798,-4.411337
5015,2026-07-29,-0.086612225,-0.03482612,0.019550586,0.018160816,-4.4299335
2471,2026-07-29,-0.08255148,-0.13319881,0.018629855,0.024425728,-4.4309015
6859,2026-07-29,-0.075013876,-0.15742747,0.016926102,0.017054414,-4.431584
1904,2026-07-29,-0.08446557,-0.07264635,0.01904152,0.020772377,-4.43563
2453,2026-07-29,-0.095851354,-0.1627727,0.021570206,0.026948133,-4.443486
9917,2026-07-29,-0.074076176,-0.064484455,0.01666771,0.019144626,-4.4440255
4433,2026-07-29,-0.07946124,-0.13283283,0.017866656,0.024090799,-4.4472113
8087,2026-07-29,-0.08526684,-0.20601901,0.019156247,0.022714833,-4.450892
3002,2026-07-29,-0.073333435,-0.1823636,0.016446894,0.020223564,-4.4585304
4102,2026-07-29,-0.102773674,-0.121933945,0.023033708,0.023813944,-4.4616876
5258,2026-07-29,-0.090913154,-0.17670813,0.020330956,0.02237184,-4.4714417
6506,2026-07-29,-0.11589112,-0.17022853,0.02591021,0.025969869,-4.472625
4735,2026-07-29,-0.086949505,-0.1345022,0.019421233,0.02371416,-4.476803
6606,2026-07-29,-0.0751133,-0.06652037,0.016722439,0.01725728,-4.491498
4561,2026-07-29,-0.08126137,-0.18710002,0.018052459,0.020262368,-4.501152
6505,2026-07-29,-0.07713933,-0.08230076,0.017058566,0.021078099,-4.521764
3540,2026-07-29,-0.10616288,-0.21385697,0.02344722,0.020839624,-4.5275455
8271,2026-07-29,-0.060098425,-0.16344267,0.013255256,0.018632216,-4.5335894
2227,2026-07-29,-0.07916505,-0.043029405,0.01745528,0.018196037,-4.535047
1447,2026-07-29,-0.10379208,-0.16014738,0.022883508,0.025148071,-4.5354733
3071,2026-07-29,-0.069802016,-0.14664303,0.015299458,0.015043661,-4.5620866
1734,2026-07-29,-0.0645658,-0.0457109,0.014147777,0.01272902,-4.5633483
8076,2026-07-29,-0.08333735,-0.13992238,0.018256031,0.018745761,-4.5646715
4111,2026-07-29,-0.098988295,-0.13882859,0.021659553,0.026106888,-4.56998
4545,2026-07-29,-0.069466084,-0.11763815,0.015164375,0.016817166,-4.580571
3058,2026-07-29,-0.0628969,-0.14882258,0.013730234,0.017509926,-4.5805717
2332,2026-07-29,-0.06375582,-0.15340792,0.013914601,0.021641815,-4.5816073
2432,2026-07-29,-0.10105341,-0.17845091,0.022033716,0.022412308,-4.5861
3046,2026-07-29,-0.10152876,-0.15115145,0.02207066,0.025761152,-4.5999603
2543,2026-07-29,-0.09931316,-0.18844089,0.021587387,0.02368939,-4.600305
9110,2026-07-29,-0.1202769,-0.19190569,0.025942283,0.029524935,-4.636148
2753,2026-07-29,-0.06553696,-0.11798154,0.014128015,0.016913705,-4.6384664
2482,2026-07-29,-0.07432988,-0.12475757,0.015966855,0.01872901,-4.6549697
5315,2026-07-29,-0.085149296,-0.14715706,0.01826524,0.018589862,-4.6615667
8416,2026-07-29,-0.061263856,-0.119113974,0.01313066,0.013925071,-4.6653547
3541,2026-07-29,-0.082529515,-0.17182115,0.017622404,0.017176189,-4.6829495
6219,2026-07-29,-0.15038036,-0.19795163,0.03207933,0.030237311,-4.6876187
2801,2026-07-29,-0.08000398,-0.04860812,0.017052522,0.017797431,-4.691346
2852,2026-07-29,-0.080230266,-0.025634553,0.01709439,0.019002857,-4.6930933
6233,2026-07-29,-0.07317986,-0.2084843,0.015565896,0.018548194,-4.7009926
8433,2026-07-29,-0.05371716,-0.08138504,0.0114152925,0.014034987,-4.7053065
4569,2026-07-29,-0.094564565,-0.14065433,0.02009467,0.02103222,-4.7057185
3447,2026-07-29,-0.08281378,-0.19847785,0.017593032,0.021226699,-4.7069244
8932,2026-07-29,-0.14004132,-0.17457908,0.029736929,0.031004528,-4.7091823
6225,2026-07-29,-0.100096576,-0.1466761,0.021239236,0.022811856,-4.7125926
6228,2026-07-29,-0.11243479,-0.22687276,0.023815913,0.028946837,-4.720796
4974,2026-07-29,-0.081720576,-0.1545786,0.017273169,0.016759463,-4.7307963
2451,2026-07-29,-0.07636752,-0.18470062,0.016078155,0.019116936,-4.749473
3297,2026-07-29,-0.112482294,-0.24058917,0.023674631,0.026611794,-4.750973
3705,2026-07-29,-0.08898156,-0.046248663,0.018699968,0.0185897,-4.758126
1453,2026-07-29,-0.13326232,-0.16641545,0.027955133,0.02170342,-4.7668366
3306,2026-07-29,-0.10152127,-0.19914246,0.021292359,0.025919376,-4.767743
1220,2026-07-29,-0.11994323,-0.033526845,0.025146727,0.016299319,-4.7695456
8936,2026-07-29,-0.06730134,-0.11072617,0.014085006,0.013310445,-4.7778864
9927,2026-07-29,-0.11021329,-0.12169127,0.02306484,0.024156246,-4.778204
2608,2026-07-29,-0.08603573,-0.013204245,0.017966468,0.015924983,-4.788417
1315,2026-07-29,-0.099627465,-0.104871675,0.020800918,0.019722842,-4.78934
3296,2026-07-29,-0.088028856,-0.17393813,0.018323096,0.02181066,-4.8039947
2889,2026-07-29,-0.103290446,-0.03376954,0.021495316,0.020310309,-4.80503
6431,2026-07-29,-0.10027798,-0.15712276,0.020715252,0.022209302,-4.8405466
8930,2026-07-29,-0.09164371,-0.079659924,0.018925091,0.019113956,-4.842189
6150,2026-07-29,-0.102557965,-0.21130727,0.021163557,0.02737359,-4.8457413
4563,2026-07-29,-0.13040264,-0.23714867,0.02674395,0.026360964,-4.8757854
4535,2026-07-29,-0.09928671,-0.13071284,0.020356959,0.020038927,-4.8770466
3558,2026-07-29,-0.11815695,-0.1874388,0.02421061,0.02678793,-4.880177
5523,2026-07-29,-0.16847788,-0.13444242,0.034419984,0.03486244,-4.894627
2425,2026-07-29,-0.10793403,-0.18568583,0.022049326,0.025651049,-4.8948946
2867,2026-07-29,-0.09321906,-0.0028528844,0.019042043,0.016724866,-4.8951764
3206,2026-07-29,-0.08862629,-0.19586751,0.018015336,0.017582746,-4.919218
3024,2026-07-29,-0.096722506,-0.123117276,0.019658452,0.016704809,-4.9198985
3664,2026-07-29,-0.14335996,-0.20605946,0.02909473,0.031347826,-4.927182
2509,2026-07-29,-0.097307034,-0.15119062,0.019692088,0.015576981,-4.941177
6695,2026-07-29,-0.099537894,-0.22967027,0.020135779,0.019439248,-4.943089
2923,2026-07-29,-0.09459094,-0.052222483,0.01911733,0.023541132,-4.947657
3052,2026-07-29,-0.10891524,-0.108940944,0.021948898,0.025109654,-4.9619927
6242,2026-07-29,-0.10412359,-0.17352638,0.020968601,0.018072562,-4.965454
6441,2026-07-29,-0.097386725,-0.23715696,0.019611498,0.018619806,-4.965544
1308,2026-07-29,-0.10396501,-0.17165855,0.02089821,0.026834575,-4.9745903
5212,2026-07-29,-0.10746274,-0.15737894,0.021543568,0.024460386,-4.9879274
6517,2026-07-29,-0.16231294,-0.25974655,0.032485317,0.038691264,-4.996348
5206,2026-07-29,-0.11154152,-0.16129227,0.02225067,0.022805069,-5.012726
5381,2026-07-29,-0.11437813,-0.22718519,0.022728886,0.02680861,-5.032059
7708,2026-07-29,-0.11153798,-0.12829468,0.022136258,0.025835862,-5.038473
8083,2026-07-29,-0.08380227,-0.099303626,0.016615333,0.01726099,-5.043367
6203,2026-07-29,-0.09874989,-0.15718521,0.019531464,0.020263508,-5.0556803
6416,2026-07-29,-0.1545403,-0.18004964,0.030533655,0.019135643,-5.0611444
1783,2026-07-29,-0.110782854,-0.12324398,0.021864269,0.01905743,-5.0666127
4128,2026-07-29,-0.10131292,-0.1934147,0.019986998,0.020522356,-5.0686874
6790,2026-07-29,-0.10725185,-0.041387495,0.02112997,0.016265126,-5.0755763
3489,2026-07-29,-0.15201801,-0.14323919,0.029943919,0.035661023,-5.0765877
5227,2026-07-29,-0.106826656,-0.17267707,0.02100074,0.022224814,-5.086562
3218,2026-07-29,-0.11027967,-0.16457476,0.021582995,0.022684725,-5.1093264
6446,2026-07-29,-0.09287205,-0.08668919,0.018148392,0.016748453,-5.117089
4806,2026-07-29,-0.10034407,-0.15051113,0.019604096,0.022624101,-5.1182647
6690,2026-07-29,-0.06713726,-0.14467964,0.0130763035,0.0166723,-5.133877
3706,2026-07-29,-0.08828993,-0.06338454,0.017141826,0.020224834,-5.150255
6591,2026-07-29,-0.1344461,-0.20512918,0.026056154,0.03132015,-5.159662
2029,2026-07-29,-0.08560275,-0.081826575,0.016565414,0.021769067,-5.167247
2633,2026-07-29,-0.080956414,-0.012531357,0.015593821,0.017245404,-5.191237
9943,2026-07-29,-0.0731065,-0.08420639,0.014071536,0.017282374,-5.194977
3479,2026-07-29,-0.11028219,-0.12659124,0.021212216,0.02312077,-5.198749
6658,2026-07-29,-0.09396934,-0.14386183,0.018016566,0.01795176,-5.2154293
4168,2026-07-29,-0.088527285,-0.16099963,0.016961716,0.020113071,-5.218933
8067,2026-07-29,-0.08209257,-0.14534535,0.015671834,0.02090009,-5.237889
6414,2026-07-29,-0.10249312,-0.13113472,0.01954472,0.018077726,-5.2437625
2114,2026-07-29,-0.08592224,-0.09733681,0.016363176,0.016311498,-5.2506304
1736,2026-07-29,-0.11059098,-0.15709537,0.021043155,0.025808876,-5.2551875
8928,2026-07-29,-0.09558282,-0.1388045,0.018177373,0.024074208,-5.2580514
1455,2026-07-29,-0.10635715,-0.14868136,0.02021555,0.020611681,-5.260895
7753,2026-07-29,-0.11258403,-0.21389277,0.021328537,0.025078606,-5.278316
3625,2026-07-29,-0.12329667,-0.1853969,0.02334738,0.025175635,-5.280738
1312,2026-07-29,-0.09723175,-0.1475358,0.01835451,0.026553871,-5.297142
2726,2026-07-29,-0.10192399,-0.16171268,0.019210352,0.023547282,-5.305404
8011,2026-07-29,-0.14435722,-0.23077777,0.027099237,0.03068824,-5.326788
2461,2026-07-29,-0.076621465,-0.14999942,0.014373047,0.019810176,-5.330542
6887,2026-07-29,-0.116741255,-0.09908195,0.021834983,0.017238958,-5.346279
6625,2026-07-29,-0.090805806,-0.113933906,0.016945384,0.017548516,-5.3584175
3011,2026-07-29,-0.10142562,-0.16677968,0.018898161,0.022218755,-5.366673
4581,2026-07-29,-0.07488166,-0.08078762,0.013939082,0.018570421,-5.37168
1439,2026-07-29,-0.13021256,-0.1500768,0.02423707,0.028320877,-5.372233
6546,2026-07-29,-0.08794279,-0.23253527,0.016341196,0.021341408,-5.381332
1472,2026-07-29,-0.1261994,-0.1313125,0.023257928,0.025026156,-5.4258475
1504,2026-07-29,-0.11375917,-0.14187044,0.020960106,0.023164397,-5.427155
8446,2026-07-29,-0.08644219,-0.12669435,0.01591488,0.020863907,-5.4311914
6574,2026-07-29,-0.11423864,-0.17682764,0.020929782,0.028282166,-5.4579253
2915,2026-07-29,-0.07634581,-0.0669445,0.013966223,0.011626739,-5.466069
6692,2026-07-29,-0.11235095,-0.23093857,0.020513196,0.019271228,-5.4767413
3259,2026-07-29,-0.09717731,-0.18668485,0.017710214,0.02174978,-5.4867673
4736,2026-07-29,-0.0848207,-0.105091125,0.015455131,0.016946249,-5.487835
9905,2026-07-29,-0.087560974,-0.06562412,0.015946427,0.01835838,-5.4906015
1460,2026-07-29,-0.1042312,-0.15084821,0.018953886,0.016898291,-5.4989095
1338,2026-07-29,-0.13064279,-0.20162322,0.02369045,0.023635896,-5.5143433
2034,2026-07-29,-0.09857729,-0.055155713,0.017858854,0.022826584,-5.5194902
2063,2026-07-29,-0.15980329,-0.20185734,0.028935513,0.026674444,-5.522548
3543,2026-07-29,-0.15736538,-0.24023466,0.02848274,0.03876399,-5.524744
6925,2026-07-29,-0.12500396,-0.28941855,0.022563584,0.021827321,-5.53983
1565,2026-07-29,-0.09650807,-0.1770104,0.017403843,0.018562365,-5.5448976
6535,2026-07-29,-0.0944365,-0.14579175,0.017022742,0.019910835,-5.5473404
8410,2026-07-29,-0.09695094,-0.15112717,0.017451765,0.019641446,-5.5550475
3546,2026-07-29,-0.13571882,-0.17809911,0.024397537,0.024876513,-5.56258
6771,2026-07-29,-0.09650359,-0.12859316,0.01733345,0.024266018,-5.5671563
6281,2026-07-29,-0.1282926,-0.15154384,0.023038393,0.025845326,-5.5684023
6183,2026-07-29,-0.09029921,-0.06696265,0.016202327,0.016085336,-5.5728807
9951,2026-07-29,-0.0776815,-0.100633495,0.013907792,0.017183777,-5.585064
8050,2026-07-29,-0.11439974,-0.096688844,0.02047011,0.025029937,-5.5883503
3511,2026-07-29,-0.10357897,-0.19492245,0.01849954,0.022254141,-5.5986996
4114,2026-07-29,-0.08649257,-0.05891169,0.0153992865,0.016983988,-5.616296
2736,2026-07-29,-0.14268023,-0.19941916,0.025277441,0.028261991,-5.6443443
6167,2026-07-29,-0.14864226,-0.24598101,0.02631718,0.025775474,-5.647893
2845,2026-07-29,-0.113504656,-0.046128042,0.020075098,0.021093652,-5.653721
2849,2026-07-29,-0.11912562,-0.070691235,0.020972047,0.018090865,-5.6799383
1788,2026-07-29,-0.09005901,-0.124408275,0.015850376,0.019416774,-5.6814632
4771,2026-07-29,-0.097362265,-0.16448352,0.017107405,0.018212914,-5.6909027
4413,2026-07-29,-0.17907006,-0.27398264,0.031318832,0.026788244,-5.717466
1452,2026-07-29,-0.09186466,-0.10474685,0.01603723,0.020033527,-5.727855
8034,2026-07-29,-0.10956213,-0.20984083,0.019117465,0.02533114,-5.7306967
6719,2026-07-29,-0.092186004,-0.14235358,0.016065372,0.016474772,-5.737823
6899,2026-07-29,-0.12040193,-0.1872576,0.02097615,0.022221982,-5.7396703
6901,2026-07-29,-0.14647645,-0.1639473,0.02551278,0.024665987,-5.741072
3029,2026-07-29,-0.10395082,-0.14950837,0.0180964,0.016374283,-5.743964
4417,2026-07-29,-0.10417552,-0.13654897,0.01813219,0.021942193,-5.7450194
2359,2026-07-29,-0.13021395,-0.110219605,0.022632698,0.025337461,-5.753101
4440,2026-07-29,-0.1137009,-0.15788512,0.019722031,0.026670009,-5.764879
1604,2026-07-29,-0.12168414,-0.13568059,0.02106087,0.020764155,-5.7774615
1210,2026-07-29,-0.10981547,-0.06752472,0.019004364,0.021252207,-5.7781305
4432,2026-07-29,-0.076642945,-0.12126091,0.013246171,0.01588609,-5.7856083
6936,2026-07-29,-0.13647786,-0.14173625,0.023584424,0.02581589,-5.786534
3234,2026-07-29,-0.15222782,-0.19074456,0.026291952,0.02722227,-5.7896814
5519,2026-07-29,-0.0965225,-0.112421915,0.016668906,0.018427007,-5.7902246
3032,2026-07-29,-0.13593937,-0.2001276,0.023446457,0.022756752,-5.797617
1810,2026-07-29,-0.15748006,-0.24591097,0.02712587,0.027909087,-5.805316
1605,2026-07-29,-0.08654037,-0.1675608,0.01482309,0.017745923,-5.83782
6598,2026-07-29,-0.09381599,-0.09610813,0.016068073,0.019486343,-5.838295
9949,2026-07-29,-0.1414002,-0.23787017,0.024157347,0.024128525,-5.853058
8066,2026-07-29,-0.14309922,-0.21512522,0.02439099,0.026708646,-5.8666477
2926,2026-07-29,-0.127292,-0.21142748,0.021669868,0.021123687,-5.8738766
8478,2026-07-29,-0.12122925,-0.15292917,0.020590575,0.027711906,-5.887323
3703,2026-07-29,-0.1097958,-0.046745326,0.018616857,0.02683579,-5.8973384
6674,2026-07-29,-0.11141917,-0.17413892,0.018889995,0.025468528,-5.898004
7631,2026-07-29,-0.08939598,-0.19433437,0.015149821,0.01761892,-5.900405
4163,2026-07-29,-0.12293959,-0.16769205,0.020714872,0.024260169,-5.9345603
3130,2026-07-29,-0.11711573,-0.1267934,0.019700967,0.024803108,-5.9443674
1436,2026-07-29,-0.10870087,-0.13136362,0.018245718,0.02116139,-5.9572835
1612,2026-07-29,-0.09190588,-0.14735056,0.015410181,0.020322707,-5.963584
9907,2026-07-29,-0.10362547,-0.06039374,0.017288512,0.017197518,-5.993545
3416,2026-07-29,-0.11547128,-0.15730639,0.01923662,0.025169594,-6.002368
1533,2026-07-29,-0.10576957,-0.1519194,0.017598188,0.018555285,-6.009912
6222,2026-07-29,-0.1117587,-0.13770668,0.01859348,0.02759774,-6.010316
1217,2026-07-29,-0.14577767,-0.13700484,0.024168506,0.0207115,-6.031471
2630,2026-07-29,-0.13320725,-0.13019098,0.022073658,0.019969104,-6.0343966
6593,2026-07-29,-0.1272505,-0.22226883,0.021052213,0.023476638,-6.0442314
3325,2026-07-29,-0.14708611,-0.23792158,0.024293188,0.026926953,-6.0543747
8938,2026-07-29,-0.07550001,-0.059843138,0.012374941,0.017592445,-6.100547
3232,2026-07-29,-0.11468215,-0.22587885,0.018755155,0.023888348,-6.114374
5222,2026-07-29,-0.08593272,-0.19702886,0.014007554,0.018655654,-6.134303
1437,2026-07-29,-0.13038094,-0.16193122,0.021221355,0.017965278,-6.143566
6161,2026-07-29,-0.10656015,-0.19685453,0.017342985,0.019771216,-6.143925
4580,2026-07-29,-0.1301451,-0.19458953,0.021056803,0.02038154,-6.180374
1712,2026-07-29,-0.111023106,-0.07639314,0.017928435,0.017745886,-6.1922255
4190,2026-07-29,-0.13477196,-0.18822835,0.021683255,0.020773444,-6.215199
8047,2026-07-29,-0.16820933,-0.23766786,0.027038801,0.026454313,-6.2208047
2903,2026-07-29,-0.10312877,-0.054389715,0.016553406,0.019914927,-6.229687
1467,2026-07-29,-0.14784797,-0.19529809,0.023671204,0.024368579,-6.2456355
1268,2026-07-29,-0.0807251,-0.11369839,0.012914088,0.019616418,-6.2504497
6470,2026-07-29,-0.08506716,-0.13654073,0.013602155,0.017563222,-6.253487
6516,2026-07-29,-0.16091856,-0.24021722,0.025666868,0.022144357,-6.269261
6873,2026-07-29,-0.07638958,-0.14355843,0.012180258,0.017539825,-6.271075
6108,2026-07-29,-0.121634625,-0.19084188,0.019373594,0.024258642,-6.2780476
4107,2026-07-29,-0.095326856,-0.11023194,0.015176006,0.019865079,-6.2810054
9950,2026-07-29,-0.09796161,-0.14691544,0.015578195,0.014902581,-6.2879763
5465,2026-07-29,-0.10401263,-0.15998627,0.016508538,0.016676677,-6.3001537
4560,2026-07-29,-0.11948729,-0.112161,0.018892325,0.01940635,-6.324312
8093,2026-07-29,-0.13337453,-0.23308726,0.021082861,0.028166605,-6.325906
6275,2026-07-29,-0.1188223,-0.26510864,0.018768178,0.025687251,-6.3307137
5905,2026-07-29,-0.12322307,-0.15266727,0.019450396,0.019216036,-6.3349214
6796,2026-07-29,-0.15419048,-0.16956279,0.02418051,0.024412775,-6.3763795
3520,2026-07-29,-0.16701911,-0.24998836,0.026179828,0.024966724,-6.3794436
6577,2026-07-29,-0.14327145,-0.19338824,0.022453224,0.022813361,-6.380601
1337,2026-07-29,-0.11628035,-0.2130126,0.018215442,0.025138333,-6.383263
2364,2026-07-29,-0.15940072,-0.21930368,0.024949947,0.024319582,-6.3885636
3191,2026-07-29,-0.15140766,-0.17208582,0.02364719,0.024748933,-6.4025054
7722,2026-07-29,-0.114894226,-0.14569087,0.01793558,0.02275598,-6.4055815
3322,2026-07-29,-0.10429411,-0.2627508,0.016266774,0.019932294,-6.411086
3118,2026-07-29,-0.11855071,-0.14748734,0.018486677,0.022909233,-6.412418
4528,2026-07-29,-0.12607746,-0.2002934,0.019652419,0.0203851,-6.4150395
9103,2026-07-29,-0.16592579,-0.2028043,0.025809264,0.030028066,-6.4286747
5515,2026-07-29,-0.15090014,-0.13524668,0.02346579,0.025554674,-6.43037
1806,2026-07-29,-0.1142968,-0.10300366,0.017683698,0.01736538,-6.4630337
8411,2026-07-29,-0.121862225,-0.14171953,0.018839087,0.022839876,-6.4682407
2312,2026-07-29,-0.0851892,-0.1934851,0.013151215,0.019621627,-6.4771748
8080,2026-07-29,-0.10638465,-0.08980079,0.016415585,0.019147916,-6.4803157
2109,2026-07-29,-0.14847177,-0.1454335,0.022863174,0.017607694,-6.4936423
3288,2026-07-29,-0.15547517,-0.19239134,0.023913784,0.026893212,-6.5012155
6965,2026-07-29,-0.12317039,-0.119221665,0.018902902,0.02138737,-6.515607
1307,2026-07-29,-0.10629142,-0.09681395,0.016303338,0.016509792,-6.519211
1336,2026-07-29,-0.09998684,-0.14082044,0.0153284455,0.017814947,-6.5225344
4205,2026-07-29,-0.13613772,-0.14745131,0.020814747,0.023817185,-6.5401316
2516,2026-07-29,-0.16792935,-0.1699684,0.025650071,0.022953885,-6.54668
6838,2026-07-29,-0.17097832,-0.2355983,0.02610338,0.032646757,-6.5497947
6756,2026-07-29,-0.10126106,-0.13986918,0.015457109,0.01642206,-6.5506754
1446,2026-07-29,-0.1425443,-0.17165908,0.021730147,0.020268884,-6.5594463
2916,2026-07-29,-0.15469828,-0.15715757,0.023483891,0.02642329,-6.5871406
2002,2026-07-29,-0.09289667,-0.036257688,0.014078892,0.014061274,-6.5978255
3313,2026-07-29,-0.100653656,-0.17353413,0.015254253,0.02029842,-6.597967
2945,2026-07-29,-0.12713139,-0.13115256,0.01926676,0.017544022,-6.5981402
3164,2026-07-29,-0.14779125,-0.13950244,0.022373341,0.024134,-6.60539
1531,2026-07-29,-0.12221791,-0.11765227,0.018494666,0.017862191,-6.6079216
2609,2026-07-29,-0.084699005,-0.015010465,0.0128068095,0.0149349375,-6.613075
4164,2026-07-29,-0.12711291,-0.13737355,0.019159475,0.018774807,-6.634121
6579,2026-07-29,-0.12796958,-0.20225446,0.01928219,0.020872243,-6.636328
6195,2026-07-29,-0.11536214,-0.15931639,0.017336646,0.024586631,-6.6538525
8101,2026-07-29,-0.14134839,-0.2508149,0.02116621,0.021538215,-6.677706
2906,2026-07-29,-0.14432578,-0.18529294,0.021607399,0.026206648,-6.6791515
6835,2026-07-29,-0.11130946,-0.1733897,0.016653787,0.022569427,-6.683331
5601,2026-07-29,-0.12865596,-0.1925462,0.019237611,0.021138815,-6.6873827
6221,2026-07-29,-0.112584986,-0.17892218,0.01678125,0.019762112,-6.7085752
6590,2026-07-29,-0.097848214,-0.18422869,0.014555752,0.019696724,-6.7218437
4976,2026-07-29,-0.18398489,-0.26108786,0.027364377,0.042284105,-6.723273
7718,2026-07-29,-0.15496619,-0.16794668,0.023045179,0.026253898,-6.7241597
6902,2026-07-29,-0.10283665,-0.12995324,0.015287866,0.01346487,-6.7262444
8477,2026-07-29,-0.09136315,-0.14312305,0.013559035,0.014532483,-6.7376776
4538,2026-07-29,-0.124592304,-0.18229093,0.018470446,0.02197772,-6.74513
6776,2026-07-29,-0.12952013,-0.18029149,0.019191109,0.023734948,-6.748614
6133,2026-07-29,-0.17014971,-0.27354285,0.025204727,0.02769059,-6.7504387
7713,2026-07-29,-0.11544628,-0.15355177,0.017080579,0.020125777,-6.758525
3373,2026-07-29,-0.120657824,-0.1931165,0.017844137,0.02681486,-6.761384
1341,2026-07-29,-0.11043107,-0.13712154,0.01633083,0.024396278,-6.761708
6752,2026-07-29,-0.13078403,-0.23536888,0.019288,0.025935784,-6.780239
5348,2026-07-29,-0.14785811,-0.24506107,0.021778088,0.026144773,-6.788995
3047,2026-07-29,-0.16591495,-0.27702162,0.024411933,0.028896365,-6.7961907
6432,2026-07-29,-0.18946521,-0.32360727,0.027871454,0.031246567,-6.797579
2397,2026-07-29,-0.17585818,-0.20382693,0.025858648,0.02491608,-6.800486
5287,2026-07-29,-0.13507298,-0.18341415,0.019832117,0.020107696,-6.8104763
3508,2026-07-29,-0.113708384,-0.19625641,0.016680336,0.018051077,-6.8165035
6570,2026-07-29,-0.16630909,-0.23623957,0.024384247,0.029587846,-6.82007
1339,2026-07-29,-0.122999884,-0.1547605,0.018002974,0.018618071,-6.8318186
2820,2026-07-29,-0.13303725,-0.043855034,0.019458266,0.015697988,-6.8367047
5474,2026-07-29,-0.095041245,-0.17589423,0.013893907,0.018820515,-6.840006
9925,2026-07-29,-0.123206936,-0.07562224,0.017887257,0.01851361,-6.8875875
3597,2026-07-29,-0.12159359,-0.18093038,0.017648421,0.022420758,-6.889381
8437,2026-07-29,-0.1352651,-0.18185687,0.019621033,0.02084529,-6.893531
2348,2026-07-29,-0.11021962,-0.12484182,0.015944611,0.014386434,-6.912223
4154,2026-07-29,-0.1154769,-0.1847524,0.016703129,0.020287365,-6.913075
2538,2026-07-29,-0.13969846,-0.090670474,0.020204328,0.018776197,-6.913942
6024,2026-07-29,-0.18608983,-0.100999214,0.026872069,0.021716366,-6.9247704
3056,2026-07-29,-0.15656355,-0.17567144,0.022586934,0.024492873,-6.931291
1752,2026-07-29,-0.14384747,-0.16703196,0.020748429,0.02457071,-6.9325986
6680,2026-07-29,-0.17152885,-0.26704982,0.02465805,0.024438733,-6.95602
6101,2026-07-29,-0.13793632,-0.24913019,0.019786488,0.025221806,-6.9708858
4541,2026-07-29,-0.15604936,-0.16122602,0.022383492,0.022830676,-6.9713154
1615,2026-07-29,-0.090103604,-0.10398412,0.012913675,0.0130505795,-6.9768386
3043,2026-07-29,-0.12469367,-0.2325696,0.017835874,0.02221114,-6.9907804
8462,2026-07-29,-0.12167958,-0.12490406,0.01740302,0.016837733,-6.991464
3684,2026-07-29,-0.1445586,-0.26722288,0.020639978,0.026394868,-7.0034757
1104,2026-07-29,-0.1452993,-0.07616463,0.020731378,0.016322238,-7.0083275
9929,2026-07-29,-0.19128063,-0.23291132,0.027259307,0.02476012,-7.0168185
4188,2026-07-29,-0.13036895,-0.22567956,0.018559981,0.021869523,-7.0238175
6538,2026-07-29,-0.2451674,-0.33034724,0.034900155,0.032624982,-7.024622
2897,2026-07-29,-0.11417636,-0.01937071,0.016204095,0.017283663,-7.0457077
3522,2026-07-29,-0.1182563,-0.21748215,0.016750036,0.023943305,-7.059641
4401,2026-07-29,-0.13909455,-0.18579775,0.019677795,0.027079437,-7.068245
6703,2026-07-29,-0.07503707,-0.11704595,0.0106135635,0.015383884,-7.0692563
8045,2026-07-29,-0.17880704,-0.2512266,0.025287852,0.026978796,-7.070587
6541,2026-07-29,-0.18849522,-0.26637605,0.026620146,0.031588394,-7.0806575
6117,2026-07-29,-0.09442795,-0.19554576,0.013327635,0.017523548,-7.084593
3434,2026-07-29,-0.22100502,-0.27657682,0.03116179,0.029223245,-7.0919523
6136,2026-07-29,-0.13076688,-0.13896456,0.01841991,0.01851696,-7.0988283
1324,2026-07-29,-0.1074582,-0.1867171,0.015087013,0.018103538,-7.1220903
2468,2026-07-29,-0.14386965,-0.26359513,0.020191537,0.024533566,-7.124892
2023,2026-07-29,-0.11253654,-0.09668157,0.015735669,0.020569932,-7.15123
3128,2026-07-29,-0.1376297,-0.28828394,0.019202454,0.02384067,-7.1669245
1521,2026-07-29,-0.13555123,-0.14855912,0.018882316,0.018827682,-7.1783595
4935,2026-07-29,-0.16024469,-0.2065964,0.022317491,0.024229953,-7.179907
3631,2026-07-29,-0.12301692,-0.18748108,0.017123038,0.017006306,-7.1838737
2387,2026-07-29,-0.1290087,-0.15055555,0.017926564,0.021408925,-7.1961083
6230,2026-07-29,-0.10993905,-0.18049218,0.015268467,0.018063676,-7.1999273
6218,2026-07-29,-0.15698154,-0.2930065,0.021753125,0.02752547,-7.2161736
4153,2026-07-29,-0.10551488,-0.115716726,0.014611361,0.016022222,-7.220933
1558,2026-07-29,-0.15980703,-0.15591885,0.022084178,0.019082354,-7.23594
2905,2026-07-29,-0.11448763,-0.091885306,0.015817631,0.019240873,-7.2375183
3092,2026-07-29,-0.15396865,-0.26014403,0.021272622,0.019483553,-7.237538
8421,2026-07-29,-0.13789135,-0.17616682,0.019050976,0.024778644,-7.2376404
6123,2026-07-29,-0.1425441,-0.21881625,0.01967958,0.020422118,-7.2428813
1231,2026-07-29,-0.12137445,-0.115761675,0.016704248,0.018384421,-7.265648
6937,2026-07-29,-0.1344457,-0.20876703,0.018499456,0.019072212,-7.2671556
1340,2026-07-29,-0.16894527,-0.2126682,0.02324038,0.023586942,-7.269158
1232,2026-07-29,-0.13503297,-0.107914686,0.018551078,0.01914779,-7.2785897
4104,2026-07-29,-0.14370503,-0.10922416,0.019690596,0.018694337,-7.297785
2331,2026-07-29,-0.098879166,-0.17325006,0.013538682,0.016996445,-7.3029165
1707,2026-07-29,-0.15132853,-0.1874363,0.020682264,0.016980838,-7.3164725
6576,2026-07-29,-0.14471073,-0.077556044,0.01976033,0.02003397,-7.322925
6953,2026-07-29,-0.099899665,-0.2254076,0.013630696,0.021785442,-7.328484
2707,2026-07-29,-0.107091635,-0.1671181,0.014601888,0.018836651,-7.333593
2015,2026-07-29,-0.15187769,-0.07839899,0.020694764,0.020929957,-7.3385878
2477,2026-07-29,-0.19282737,-0.20950876,0.02626266,0.02999351,-7.3419843
1796,2026-07-29,-0.22549118,-0.3612912,0.030663136,0.03338475,-7.35358
4148,2026-07-29,-0.15801957,-0.17438139,0.021454092,0.023547286,-7.3651314
6955,2026-07-29,-0.106642105,-0.1762773,0.0144669935,0.02071587,-7.370898
6919,2026-07-29,-0.21181795,-0.27767983,0.028721038,0.032759577,-7.3747535
4568,2026-07-29,-0.17760578,-0.21121071,0.02405878,0.02898606,-7.3818536
8099,2026-07-29,-0.13098185,-0.24139239,0.01771325,0.018673852,-7.394151
3169,2026-07-29,-0.16298465,-0.22759329,0.021983186,0.019323139,-7.4137225
6823,2026-07-29,-0.17249183,-0.2212877,0.02326089,0.026393114,-7.4152117
4502,2026-07-29,-0.14079008,-0.18831383,0.018983414,0.025729684,-7.416087
3628,2026-07-29,-0.19398269,-0.31364664,0.026142728,0.025625698,-7.4198556
4566,2026-07-29,-0.21041852,-0.28632468,0.028343327,0.035536796,-7.4236555
1256,2026-07-29,-0.12490819,-0.18319072,0.016813768,0.020647649,-7.428481
4105,2026-07-29,-0.12993331,-0.10967483,0.017485134,0.027004937,-7.4306483
6666,2026-07-29,-0.12611444,-0.13242136,0.016966332,0.019886404,-7.43278
1316,2026-07-29,-0.1815191,-0.2915539,0.024417864,0.02430992,-7.4335604
2065,2026-07-29,-0.14412095,-0.17501576,0.01937237,0.021106757,-7.439126
4175,2026-07-29,-0.13296624,-0.22083992,0.017857352,0.022288265,-7.445605
2607,2026-07-29,-0.19409367,-0.12405446,0.026054384,0.024420025,-7.449273
6743,2026-07-29,-0.20312561,-0.20722717,0.027088013,0.027315496,-7.4984503
1215,2026-07-29,-0.13801667,-0.10401679,0.018374253,0.016851641,-7.511008
8942,2026-07-29,-0.10720739,-0.109766945,0.014266767,0.016879546,-7.513957
8431,2026-07-29,-0.17076509,-0.30283335,0.02271108,0.022335356,-7.51869
1227,2026-07-29,-0.17520222,-0.11777408,0.02321795,0.020635128,-7.545656
6751,2026-07-29,-0.13732494,-0.18232463,0.018173316,0.020935252,-7.5559893
6846,2026-07-29,-0.114942074,-0.15505187,0.015198661,0.01954651,-7.562147
1587,2026-07-29,-0.17503916,-0.28022185,0.023060223,0.022659615,-7.5901937
6645,2026-07-29,-0.138543,-0.17971566,0.018248385,0.018846655,-7.591653
3523,2026-07-29,-0.15458444,-0.24436079,0.020326227,0.026971795,-7.604797
2460,2026-07-29,-0.117183365,-0.20625527,0.015371233,0.021710778,-7.623054
6968,2026-07-29,-0.28319767,-0.3234633,0.037132226,0.04287102,-7.6265306
4173,2026-07-29,-0.1222353,-0.14035925,0.016013635,0.017285466,-7.6327243
6741,2026-07-29,-0.14753841,-0.17544048,0.019295203,0.01873219,-7.6459813
1218,2026-07-29,-0.10265475,-0.094461285,0.013396131,0.015018131,-7.6624427
8454,2026-07-29,-0.10337799,-0.10979419,0.013490044,0.018649422,-7.6627126
4994,2026-07-29,-0.14163233,-0.15015358,0.018454118,0.02516904,-7.6744204
2062,2026-07-29,-0.19191583,-0.18831587,0.024949245,0.021857252,-7.6919413
8924,2026-07-29,-0.14000662,-0.15378666,0.018185936,0.018253287,-7.698197
8072,2026-07-29,-0.13487595,-0.22587706,0.017515048,0.022880234,-7.7001357
2636,2026-07-29,-0.16000192,-0.1358265,0.020758273,0.016199926,-7.7074914
8444,2026-07-29,-0.10021687,-0.09382202,0.0130000515,0.015328377,-7.7083664
1512,2026-07-29,-0.11752332,-0.17899269,0.015231142,0.018859984,-7.715482
2230,2026-07-29,-0.19298793,-0.29266927,0.02497911,0.032612503,-7.7256637
8272,2026-07-29,-0.13152127,-0.19837612,0.017006043,0.023874708,-7.733341
8176,2026-07-29,-0.10921588,-0.21399616,0.014109391,0.019325776,-7.740103
8423,2026-07-29,-0.124189295,-0.12969781,0.016038803,0.017714307,-7.7425694
4912,2026-07-29,-0.17408068,-0.23629452,0.022479448,0.024062786,-7.743648
1535,2026-07-29,-0.13639785,-0.1276605,0.017605575,0.019456437,-7.746984
2101,2026-07-29,-0.29887584,-0.3606109,0.038571775,0.035753127,-7.7483625
2947,2026-07-29,-0.10197504,-0.17282699,0.013158229,0.016552482,-7.7493167
9902,2026-07-29,-0.2225209,-0.29040045,0.028664172,0.02441968,-7.762762
3666,2026-07-29,-0.18306504,-0.2764171,0.023560654,0.024535466,-7.7696176
4183,2026-07-29,-0.15430656,-0.25256312,0.019853262,0.025876114,-7.771961
6913,2026-07-29,-0.16872174,-0.266079,0.021701137,0.023555692,-7.77443
4129,2026-07-29,-0.14915441,-0.17497955,0.019128945,0.017186683,-7.7969074
1760,2026-07-29,-0.1835266,-0.22167706,0.023525123,0.024258947,-7.800971
2612,2026-07-29,-0.1528108,-0.1667785,0.019585058,0.021468101,-7.802019
7714,2026-07-29,-0.18471059,-0.28426635,0.023653165,0.028476357,-7.808798
2617,2026-07-29,-0.12045539,-0.057640713,0.015407805,0.020177444,-7.817309
5398,2026-07-29,-0.17366096,-0.2771787,0.022204924,0.02473397,-7.820479
5210,2026-07-29,-0.10040798,-0.14527988,0.012835195,0.014652763,-7.8222537
8085,2026-07-29,-0.21101561,-0.30639765,0.026960935,0.027147166,-7.8264265
8929,2026-07-29,-0.1685989,-0.23479742,0.021537103,0.020997344,-7.8279366
8401,2026-07-29,-0.1764376,-0.20239833,0.022536756,0.019692961,-7.828534
3632,2026-07-29,-0.14733815,-0.2640344,0.018760491,0.01795987,-7.853222
3027,2026-07-29,-0.16504262,-0.2598638,0.020982556,0.022247462,-7.865331
1618,2026-07-29,-0.1046157,-0.16984116,0.013295362,0.016034668,-7.8679943
9934,2026-07-29,-0.16497149,-0.1686065,0.020947443,0.014810984,-7.875119
8092,2026-07-29,-0.13080111,-0.2389226,0.016606476,0.024382655,-7.8760376
5211,2026-07-29,-0.14417455,-0.2974577,0.018291956,0.026036778,-7.881424
2731,2026-07-29,-0.1164403,-0.12424386,0.014768196,0.01670773,-7.883997
6969,2026-07-29,-0.15177979,-0.2606565,0.019245787,0.028637884,-7.8859806
1234,2026-07-29,-0.19268973,-0.14632845,0.024422584,0.018766614,-7.8894944
6581,2026-07-29,-0.15629615,-0.1530049,0.019747598,0.024950044,-7.914291
4903,2026-07-29,-0.1708139,-0.32523194,0.021575434,0.027012376,-7.916688
4402,2026-07-29,-0.17265826,-0.23162492,0.021781256,0.021104816,-7.9265556
8367,2026-07-29,-0.1567277,-0.13171501,0.01975615,0.01995885,-7.9327083
4439,2026-07-29,-0.14155048,-0.13525838,0.017838135,0.018426063,-7.9348283
6803,2026-07-29,-0.09362049,-0.12400117,0.011793876,0.014867129,-7.937386
2836,2026-07-29,-0.13951203,-0.09105857,0.01756039,0.023012206,-7.9442472
1451,2026-07-29,-0.17406921,-0.15418553,0.021899763,0.024689429,-7.9480886
7765,2026-07-29,-0.16281083,-0.20088781,0.020460362,0.030067127,-7.9569893
3066,2026-07-29,-0.13828328,-0.2685829,0.017361397,0.02638173,-7.964527
2031,2026-07-29,-0.22539748,-0.16508667,0.028298642,0.023170196,-7.964676
8906,2026-07-29,-0.19212395,-0.27126232,0.02410538,0.026925562,-7.9698386
2514,2026-07-29,-0.16977237,-0.25917196,0.021291228,0.026201176,-7.973443
9942,2026-07-29,-0.12022338,-0.112339295,0.015070617,0.016111435,-7.9768066
8403,2026-07-29,-0.18016997,-0.22222744,0.022559406,0.027442744,-7.9861135
4943,2026-07-29,-0.15946385,-0.2037243,0.019938206,0.018583644,-7.9975023
1457,2026-07-29,-0.16158839,-0.15373062,0.02019946,0.01869663,-7.9992423
3564,2026-07-29,-0.16817752,-0.28820986,0.021018451,0.020062905,-8.001042
3646,2026-07-29,-0.2531653,-0.28885376,0.031590413,0.030630698,-8.013739
1813,2026-07-29,-0.15423314,-0.23952627,0.01924324,0.022033198,-8.014509
3712,2026-07-29,-0.18235508,-0.23918034,0.022740122,0.02644142,-8.018737
6464,2026-07-29,-0.1424327,-0.15571147,0.017703589,0.025238665,-8.044959
2596,2026-07-29,-0.16153196,-0.17918196,0.020074602,0.021343144,-8.046183
1465,2026-07-29,-0.13545278,-0.17878266,0.016830135,0.01928148,-8.04775
9911,2026-07-29,-0.18208282,-0.1349909,0.022618195,0.023041692,-8.049925
6933,2026-07-29,-0.1926952,-0.25976127,0.023874095,0.023196334,-8.0709715
2010,2026-07-29,-0.14204724,-0.10639785,0.017571175,0.019586788,-8.083646
3594,2026-07-29,-0.20354459,-0.28097534,0.025159495,0.03190156,-8.0898485
1416,2026-07-29,-0.14553455,-0.15005249,0.01798736,0.02018235,-8.090485
2611,2026-07-29,-0.11618263,-0.090523414,0.014322833,0.014505521,-8.111141
4442,2026-07-29,-0.1896999,-0.2007026,0.02337394,0.019497905,-8.115525
5521,2026-07-29,-0.18553069,-0.23591216,0.022854595,0.027819125,-8.117517
6843,2026-07-29,-0.22452672,-0.31613216,0.027631907,0.032679718,-8.125339
3266,2026-07-29,-0.15622975,-0.13462065,0.019199999,0.021909244,-8.136542
5701,2026-07-29,-0.13024583,-0.19409317,0.016004814,0.01623688,-8.137407
5481,2026-07-29,-0.16969551,-0.2758883,0.020806901,0.023699654,-8.15534
6958,2026-07-29,-0.100541994,-0.0852762,0.012281997,0.01951692,-8.185461
4746,2026-07-29,-0.15264346,-0.2035627,0.018581474,0.020759879,-8.214377
9955,2026-07-29,-0.14503077,-0.2603979,0.017653931,0.022462318,-8.2147455
5203,2026-07-29,-0.16744468,-0.24283823,0.020361435,0.024376875,-8.223215
6184,2026-07-29,-0.18996315,-0.20466588,0.023083221,0.022885973,-8.229134
3252,2026-07-29,-0.13379937,-0.1601788,0.016201014,0.017505473,-8.258194
6668,2026-07-29,-0.20275243,-0.24594308,0.024526922,0.020843636,-8.266189
4557,2026-07-29,-0.1579422,-0.1714495,0.019076344,0.021221157,-8.279046
2014,2026-07-29,-0.20452872,-0.182842,0.024702106,0.027464854,-8.279474
1445,2026-07-29,-0.19159092,-0.30583826,0.023106994,0.024314256,-8.29111
1909,2026-07-29,-0.1628787,-0.19437745,0.019631939,0.023233058,-8.296196
1323,2026-07-29,-0.17603761,-0.19134305,0.021170441,0.026836598,-8.314862
6005,2026-07-29,-0.18738738,-0.18097378,0.022529,0.022959674,-8.317238
6534,2026-07-29,-0.16201185,-0.1540885,0.019472126,0.024986193,-8.319766
1530,2026-07-29,-0.15128441,-0.18931672,0.018169275,0.016843189,-8.325929
8415,2026-07-29,-0.15057682,-0.08808497,0.018081497,0.022994876,-8.327213
9924,2026-07-29,-0.16146183,-0.1526977,0.019381478,0.019963281,-8.330298
8440,2026-07-29,-0.16207995,-0.26290432,0.019411355,0.025048882,-8.3493185
2704,2026-07-29,-0.17408384,-0.17053632,0.020812584,0.021372592,-8.363954
2108,2026-07-29,-0.14697975,-0.14003414,0.017531347,0.0199128,-8.3833475
1541,2026-07-29,-0.18441431,-0.2799257,0.021961782,0.022855004,-8.396673
1598,2026-07-29,-0.21029724,-0.19410433,0.025028244,0.030454729,-8.402061
6967,2026-07-29,-0.17816319,-0.25946677,0.021166824,0.02802212,-8.416698
4414,2026-07-29,-0.19839758,-0.27297717,0.023565557,0.018222447,-8.418607
6201,2026-07-29,-0.18140182,-0.19372177,0.021510044,0.02184372,-8.432962
2754,2026-07-29,-0.18125963,-0.22260247,0.021491846,0.02164841,-8.433487
5538,2026-07-29,-0.12015278,-0.11394969,0.014218418,0.020420298,-8.449908
6561,2026-07-29,-0.13551274,-0.18351491,0.016020527,0.015056233,-8.458166
6141,2026-07-29,-0.1922148,-0.23545322,0.022701485,0.03363018,-8.466685
6615,2026-07-29,-0.16427708,-0.25532225,0.019388568,0.020076592,-8.472446
8482,2026-07-29,-0.16718309,-0.15981661,0.019724129,0.015714068,-8.475639
1240,2026-07-29,-0.16264503,-0.17634195,0.019187788,0.018630277,-8.476045
1475,2026-07-29,-0.18880993,-0.24018423,0.022274278,0.021886285,-8.47621
1583,2026-07-29,-0.1709631,-0.21367308,0.020146254,0.016503613,-8.485677
3171,2026-07-29,-0.18407497,-0.21756645,0.02168878,0.024238488,-8.486714
1731,2026-07-29,-0.13571864,-0.15616734,0.015989127,0.019635273,-8.487653
2929,2026-07-29,-0.16543035,-0.19427726,0.01947536,0.022755133,-8.493905
4142,2026-07-29,-0.17741029,-0.2545893,0.02080078,0.020602666,-8.52861
3570,2026-07-29,-0.14390121,-0.18671876,0.016839432,0.019736515,-8.544984
5607,2026-07-29,-0.13748655,-0.10001853,0.016074128,0.016562803,-8.55275
8443,2026-07-29,-0.15529293,-0.21184315,0.018152274,0.018699797,-8.554541
8467,2026-07-29,-0.19698673,-0.27446494,0.02300473,0.024443012,-8.562508
8489,2026-07-29,-0.19583872,-0.28371826,0.022869987,0.03003788,-8.5627575
4155,2026-07-29,-0.11397244,-0.13152045,0.01328741,0.013656064,-8.57683
9136,2026-07-29,-0.17265065,-0.26035035,0.020077959,0.02933513,-8.598586
2880,2026-07-29,-0.16554695,-0.14594488,0.019242004,0.025103034,-8.602968
1781,2026-07-29,-0.14580627,-0.18226652,0.01694659,0.01985475,-8.603363
1536,2026-07-29,-0.1824721,-0.27326888,0.021179555,0.023714302,-8.615076
1723,2026-07-29,-0.14149202,-0.13303517,0.016419323,0.01791622,-8.616884
6641,2026-07-29,-0.121797964,-0.17227432,0.014128512,0.018252403,-8.620111
5704,2026-07-29,-0.15838668,-0.20040737,0.018344862,0.021063095,-8.633373
6612,2026-07-29,-0.18013167,-0.20623182,0.020854358,0.024791347,-8.637189
6811,2026-07-29,-0.13062574,-0.17362995,0.01509367,0.017963398,-8.653766
8941,2026-07-29,-0.17897303,-0.19761012,0.02067531,0.024101535,-8.655946
2208,2026-07-29,-0.13375345,-0.13191961,0.015449101,0.016362227,-8.6571245
2719,2026-07-29,-0.20484123,-0.33898392,0.023640858,0.030861806,-8.664346
4911,2026-07-29,-0.31099987,-0.33368218,0.03588533,0.030757593,-8.666249
6243,2026-07-29,-0.20687784,-0.28378907,0.023860069,0.026247676,-8.670099
4157,2026-07-29,-0.15181488,-0.21969928,0.01748909,0.019279214,-8.680051
5603,2026-07-29,-0.19145645,-0.19576928,0.022038542,0.022639146,-8.686953
8432,2026-07-29,-0.14194301,-0.19459671,0.016309774,0.021698639,-8.702408
3310,2026-07-29,-0.17846721,-0.22296782,0.020472428,0.027535882,-8.717016
6158,2026-07-29,-0.15223935,-0.21804199,0.017446758,0.015548813,-8.725439
2706,2026-07-29,-0.13257095,-0.12847558,0.015190296,0.018699601,-8.72677
6754,2026-07-29,-0.19332482,-0.18873596,0.022149503,0.021129616,-8.727784
8089,2026-07-29,-0.31526285,-0.37723133,0.036060605,0.035223305,-8.742341
8426,2026-07-29,-0.20409267,-0.2348647,0.023334086,0.024153113,-8.746172
7732,2026-07-29,-0.21813112,-0.2547824,0.024895875,0.022237211,-8.761386
4571,2026-07-29,-0.12983413,-0.15564066,0.014816001,0.014865921,-8.76251
2247,2026-07-29,-0.11258637,-0.15288942,0.012845496,0.014207577,-8.763975
2211,2026-07-29,-0.12620752,-0.08044294,0.014384808,0.018437171,-8.773057
2106,2026-07-29,-0.19436727,-0.12323079,0.022152437,0.027039528,-8.7736845
4728,2026-07-29,-0.16534385,-0.16114725,0.01880862,0.025693094,-8.790387
2064,2026-07-29,-0.13543126,-0.17744485,0.015400139,0.01679903,-8.793588
1109,2026-07-29,-0.19468021,-0.12996808,0.022106837,0.02691383,-8.805937
1466,2026-07-29,-0.20517956,-0.27399835,0.023236442,0.0250575,-8.829696
8409,2026-07-29,-0.13458675,-0.19056934,0.015221324,0.021937316,-8.841406
6929,2026-07-29,-0.28306827,-0.3399103,0.03199885,0.038822517,-8.845925
4116,2026-07-29,-0.15746021,-0.15779854,0.017790357,0.022372995,-8.850377
2939,2026-07-29,-0.22583294,-0.2836026,0.025500234,0.027556926,-8.855765
6142,2026-07-29,-0.18146414,-0.24510409,0.020474765,0.022643914,-8.862386
1720,2026-07-29,-0.1521232,-0.13675888,0.017161379,0.01918793,-8.863759
2705,2026-07-29,-0.14612144,-0.20854264,0.016451456,0.021118695,-8.881436
1522,2026-07-29,-0.17019333,-0.2056901,0.019145112,0.016069088,-8.889185
6248,2026-07-29,-0.20678702,-0.19709985,0.023259554,0.027528241,-8.89003
9937,2026-07-29,-0.19577713,-0.1692681,0.021995494,0.021009164,-8.900379
2013,2026-07-29,-0.1799634,-0.16944014,0.02016331,0.021912897,-8.924848
1468,2026-07-29,-0.16376142,-0.14444722,0.018312413,0.021660862,-8.942157
2104,2026-07-29,-0.17315444,-0.20275214,0.019362707,0.021719597,-8.942216
2646,2026-07-29,-0.14138903,-0.101463236,0.015785905,0.020980772,-8.956096
5310,2026-07-29,-0.20813982,-0.2794651,0.023236105,0.027866838,-8.957218
8940,2026-07-29,-0.15291142,-0.22993703,0.01706454,0.020177377,-8.960245
2748,2026-07-29,-0.18172382,-0.18650626,0.020249816,0.022990324,-8.973654
4549,2026-07-29,-0.18359333,-0.2834879,0.020440906,0.02192939,-8.981223
5201,2026-07-29,-0.21847387,-0.30863163,0.024293525,0.031731773,-8.99272
5706,2026-07-29,-0.15860383,-0.18686458,0.017616307,0.019773098,-9.002728
6582,2026-07-29,-0.20128886,-0.19522177,0.022336954,0.019356318,-9.011069
6194,2026-07-29,-0.1345985,-0.2191545,0.014928448,0.019232031,-9.015637
8374,2026-07-29,-0.1362312,-0.20611855,0.015076523,0.023009414,-9.035383
3504,2026-07-29,-0.12067836,-0.1884044,0.013349729,0.017867064,-9.0390835
9908,2026-07-29,-0.16539523,-0.13523628,0.018292027,0.020269454,-9.041436
5016,2026-07-29,-0.20286614,-0.20202474,0.022430832,0.023907805,-9.043673
8429,2026-07-29,-0.16104539,-0.22024986,0.01777857,0.014416401,-9.05789
3623,2026-07-29,-0.12794548,-0.26913652,0.014118713,0.022941278,-9.061479
8436,2026-07-29,-0.19677375,-0.22404376,0.021686707,0.029282192,-9.073054
2496,2026-07-29,-0.16990112,-0.16164544,0.018680397,0.019469073,-9.094668
5450,2026-07-29,-0.23556241,-0.29375997,0.025890382,0.02868998,-9.098101
5007,2026-07-29,-0.16619056,-0.10463003,0.018252928,0.023994932,-9.104373
6928,2026-07-29,-0.21800585,-0.29062924,0.023921143,0.027310465,-9.11314
3501,2026-07-29,-0.20281032,-0.2382753,0.022225073,0.023046518,-9.124883
4198,2026-07-29,-0.2267633,-0.29607758,0.024741124,0.03266465,-9.16507
1235,2026-07-29,-0.28484535,-0.2921607,0.031053402,0.02572608,-9.172463
2723,2026-07-29,-0.15205762,-0.1827995,0.016568122,0.02173177,-9.177168
1524,2026-07-29,-0.12973934,-0.2029128,0.014135909,0.016872454,-9.177348
1441,2026-07-29,-0.17777303,-0.23602623,0.01933866,0.023217436,-9.192148
6807,2026-07-29,-0.19534962,-0.16565844,0.021175772,0.023084087,-9.224711
4950,2026-07-29,-0.17268534,-0.2284413,0.018687613,0.017601112,-9.240136
9962,2026-07-29,-0.1715854,-0.21410188,0.018567579,0.01826401,-9.240631
8171,2026-07-29,-0.21532682,-0.33373573,0.023288155,0.029313968,-9.245797
5245,2026-07-29,-0.11182246,-0.19024187,0.012087572,0.015019444,-9.250262
9940,2026-07-29,-0.19008726,-0.1360329,0.02048503,0.023619456,-9.2788725
4767,2026-07-29,-0.20003867,-0.234717,0.0215339,0.01952143,-9.289045
1529,2026-07-29,-0.31822535,-0.43909174,0.03424801,0.042300742,-9.29152
6662,2026-07-29,-0.15038095,-0.21324854,0.016179688,0.018116653,-9.293854
4137,2026-07-29,-0.14381616,-0.16110007,0.015463536,0.022733994,-9.29974
1295,2026-07-29,-0.2399669,-0.31140557,0.02574639,0.026420837,-9.320047
6721,2026-07-29,-0.1791842,-0.19680561,0.019217966,0.020279208,-9.3233
8933,2026-07-29,-0.20424925,-0.3048858,0.021869902,0.028336616,-9.338858
2739,2026-07-29,-0.15557864,-0.17915145,0.016650483,0.017572165,-9.34323
3018,2026-07-29,-0.15370877,-0.22182451,0.016436605,0.02459459,-9.351045
6624,2026-07-29,-0.4273667,-0.5528801,0.045684095,0.057893407,-9.35462
1449,2026-07-29,-0.15916084,-0.22996894,0.017012991,0.022294791,-9.354703
6504,2026-07-29,-0.34787208,-0.32762435,0.037183262,0.041402988,-9.355358
2910,2026-07-29,-0.33666936,-0.34475505,0.035940807,0.04137403,-9.367068
4108,2026-07-29,-0.1817421,-0.2327698,0.019400258,0.020275852,-9.367542
7740,2026-07-29,-0.21104304,-0.31125847,0.022527818,0.03044067,-9.367693
4406,2026-07-29,-0.19008893,-0.22216861,0.020262443,0.022614699,-9.38088
4174,2026-07-29,-0.2077458,-0.27614117,0.02209693,0.025294267,-9.401143
2745,2026-07-29,-0.14387645,-0.20182066,0.015299302,0.017388375,-9.403504
1532,2026-07-29,-0.1863226,-0.18037252,0.019794004,0.019941162,-9.412607
6671,2026-07-29,-0.22999634,-0.23515755,0.02438846,0.02416535,-9.430153
1413,2026-07-29,-0.17825343,-0.19892627,0.018899562,0.023772784,-9.431118
4747,2026-07-29,-0.26012093,-0.2835854,0.027558194,0.02917555,-9.438626
8927,2026-07-29,-0.244942,-0.26620033,0.025853492,0.022713073,-9.4738655
3716,2026-07-29,-0.1689043,-0.17844576,0.017808832,0.020135792,-9.4837675
7780,2026-07-29,-0.15797646,-0.17835204,0.016603002,0.02008473,-9.51436
2008,2026-07-29,-0.21803822,-0.18568833,0.022914669,0.018347342,-9.51481
6997,2026-07-29,-0.14592336,-0.23735982,0.015322236,0.02697017,-9.523012
3226,2026-07-29,-0.1733543,-0.19609025,0.018198749,0.01531523,-9.525093
6496,2026-07-29,-0.26636612,-0.3346185,0.027962748,0.03219696,-9.525409
3687,2026-07-29,-0.13932922,-0.2111104,0.014622266,0.02390958,-9.527914
3085,2026-07-29,-0.16969481,-0.24448766,0.017771665,0.020523809,-9.548079
2641,2026-07-29,-0.17545244,-0.209563,0.018359564,0.019931637,-9.55594
2030,2026-07-29,-0.19611412,-0.21153352,0.020517772,0.018692115,-9.557791
1464,2026-07-29,-0.20597364,-0.22366461,0.021539805,0.021682827,-9.562021
4513,2026-07-29,-0.24284677,-0.30488214,0.025343947,0.025090655,-9.581664
2239,2026-07-29,-0.20855758,-0.2527683,0.021728568,0.024034353,-9.59787
6728,2026-07-29,-0.20746589,-0.22704515,0.021586861,0.024603708,-9.610303
2258,2026-07-29,-0.16340154,-0.15344198,0.016971549,0.018573346,-9.627401
4106,2026-07-29,-0.18215357,-0.19952376,0.018890142,0.016699562,-9.642274
5487,2026-07-29,-0.22949845,-0.3070324,0.023738038,0.025393838,-9.667555
8931,2026-07-29,-0.24796489,-0.27333766,0.025605274,0.024719749,-9.683755
2221,2026-07-29,-0.20044461,-0.2348895,0.02069708,0.027188618,-9.684213
3492,2026-07-29,-0.17339225,-0.2546684,0.017901622,0.018160205,-9.685299
1463,2026-07-29,-0.21766897,-0.20075789,0.022424594,0.02330979,-9.706274
8937,2026-07-29,-0.41526642,-0.6524349,0.04271153,0.055423107,-9.722357
4572,2026-07-29,-0.19535929,-0.2326017,0.020057071,0.026165461,-9.739685
9930,2026-07-29,-0.19294694,-0.15778081,0.019797266,0.020710682,-9.745648
6767,2026-07-29,-0.1677905,-0.22473927,0.017211184,0.024425104,-9.748356
6122,2026-07-29,-0.19675861,-0.24034342,0.020181082,0.023610253,-9.749173
4438,2026-07-29,-0.29951972,-0.2991434,0.030660441,0.025131563,-9.768612
6482,2026-07-29,-0.21456823,-0.28362897,0.021918608,0.023315735,-9.788872
1725,2026-07-29,-0.18834186,-0.22438243,0.01923247,0.01958451,-9.792401
4161,2026-07-29,-0.21296564,-0.2817932,0.021716464,0.027881844,-9.806192
1233,2026-07-29,-0.21758217,-0.22582763,0.022148594,0.02149873,-9.823302
4420,2026-07-29,-0.21079202,-0.27707472,0.021452429,0.022243826,-9.825563
8442,2026-07-29,-0.2397953,-0.22717728,0.024373436,0.02820787,-9.837983
1584,2026-07-29,-0.17073794,-0.23971666,0.017344212,0.019132994,-9.843519
5225,2026-07-29,-0.1752188,-0.19068149,0.017759632,0.02281556,-9.865572
4523,2026-07-29,-0.21213765,-0.24912296,0.021500833,0.025274765,-9.866026
3552,2026-07-29,-0.17691214,-0.25286183,0.017901672,0.020515285,-9.881885
1603,2026-07-29,-0.16979751,-0.19177414,0.017172629,0.019170567,-9.887107
6208,2026-07-29,-0.14021882,-0.18920377,0.0141487,0.020523882,-9.909667
1616,2026-07-29,-0.20530614,-0.31404397,0.020705193,0.01667188,-9.915204
2755,2026-07-29,-0.106759995,-0.16068758,0.01074758,0.01260141,-9.932474
2613,2026-07-29,-0.21621776,-0.24649316,0.021751104,0.023287114,-9.940084
1473,2026-07-29,-0.22517696,-0.23759127,0.022618908,0.02339723,-9.954813
4584,2026-07-29,-0.18544862,-0.2139912,0.018611655,0.024276115,-9.963577
3308,2026-07-29,-0.16050741,-0.24342355,0.016068013,0.01841547,-9.988628
4726,2026-07-29,-0.23938544,-0.26649934,0.023908922,0.028410794,-10.0119705
2734,2026-07-29,-0.1653067,-0.25316304,0.016503008,0.023603827,-10.016155
9928,2026-07-29,-0.14802895,-0.19277738,0.014764698,0.018235229,-10.025191
6492,2026-07-29,-0.18235047,-0.22063878,0.018186243,0.01876168,-10.026284
6578,2026-07-29,-0.2077074,-0.2524587,0.020642268,0.024235737,-10.06175
1614,2026-07-29,-0.23065703,-0.24178126,0.022901839,0.01829532,-10.071111
1733,2026-07-29,-0.15126413,-0.15849409,0.014990954,0.01957861,-10.089687
2752,2026-07-29,-0.13534562,-0.17206594,0.013412903,0.013941245,-10.089951
4562,2026-07-29,-0.20515352,-0.3162948,0.020312387,0.030230515,-10.099424
2430,2026-07-29,-0.13336636,-0.17251046,0.01319132,0.016356045,-10.109394
4139,2026-07-29,-0.17888644,-0.18265921,0.0176504,0.019335007,-10.134406
1219,2026-07-29,-0.20756504,-0.19927078,0.020470396,0.01923721,-10.139272
2530,2026-07-29,-0.35356703,-0.43906057,0.034519784,0.044191994,-10.24215
1101,2026-07-29,-0.11311541,-0.05539809,0.01103045,0.01662239,-10.2539015
5014,2026-07-29,-0.18363664,-0.20249628,0.017832976,0.022679724,-10.29701
2524,2026-07-29,-0.27469584,-0.2949849,0.02664724,0.027885415,-10.308217
1517,2026-07-29,-0.21916248,-0.23784994,0.021177225,0.021875598,-10.348482
4430,2026-07-29,-0.27450752,-0.32610273,0.026446838,0.02568299,-10.379205
5263,2026-07-29,-0.23773955,-0.276342,0.022885082,0.024113981,-10.387953
8908,2026-07-29,-0.24262078,-0.25298357,0.023349315,0.02442589,-10.390471
1474,2026-07-29,-0.17456156,-0.20582423,0.01674433,0.021324262,-10.424492
9931,2026-07-29,-0.21433577,-0.22602291,0.020556936,0.025716493,-10.425938
2028,2026-07-29,-0.23764,-0.24753986,0.022771861,0.01783157,-10.435227
2701,2026-07-29,-0.19069402,-0.19474927,0.018262008,0.020930104,-10.441545
5902,2026-07-29,-0.23452714,-0.22873689,0.022429565,0.028472895,-10.455694
1203,2026-07-29,-0.22682476,-0.21207823,0.02167926,0.020418132,-10.462271
6186,2026-07-29,-0.16594668,-0.17681722,0.015846483,0.030741896,-10.471484
4166,2026-07-29,-0.21609119,-0.22246395,0.020601043,0.02147299,-10.488823
1321,2026-07-29,-0.20866767,-0.22991553,0.019877778,0.021435611,-10.497006
5531,2026-07-29,-0.20997423,-0.1949834,0.019999398,0.017051555,-10.498503
3685,2026-07-29,-0.2257538,-0.25193846,0.021469716,0.023127165,-10.514498
4147,2026-07-29,-0.19130968,-0.28085983,0.018183282,0.020641886,-10.520607
6763,2026-07-29,-0.1942407,-0.23963839,0.018410034,0.016920263,-10.550233
1702,2026-07-29,-0.2062339,-0.15599832,0.019513099,0.017305575,-10.568457
5283,2026-07-29,-0.18108222,-0.25571904,0.017097581,0.022859886,-10.590482
3040,2026-07-29,-0.17037392,-0.21400084,0.016078165,0.01680987,-10.595943
4930,2026-07-29,-0.15567781,-0.2264866,0.014677076,0.020528411,-10.606146
3168,2026-07-29,-0.20195338,-0.27011198,0.019002855,0.0193645,-10.626969
8354,2026-07-29,-0.14717999,-0.20961133,0.013826279,0.019562587,-10.644176
4162,2026-07-29,-0.18622427,-0.15976015,0.017478798,0.015889678,-10.653686
8279,2026-07-29,-0.234773,-0.2721414,0.022031201,0.026354693,-10.655903
1423,2026-07-29,-0.18401769,-0.24556962,0.017241435,0.023940956,-10.672372
6931,2026-07-29,-0.19322906,-0.2539636,0.018082112,0.017642131,-10.685609
6418,2026-07-29,-0.33385187,-0.4364621,0.03122873,0.041320886,-10.690194
8341,2026-07-29,-0.20017652,-0.16549914,0.018721184,0.025158988,-10.691943
6791,2026-07-29,-0.24745075,-0.35152972,0.023135204,0.023466226,-10.695392
6523,2026-07-29,-0.21077321,-0.26443398,0.019695181,0.020850461,-10.701222
2035,2026-07-29,-0.19246306,-0.19957541,0.017972082,0.018277789,-10.7084055
5490,2026-07-29,-0.3022559,-0.3092048,0.028179213,0.030536221,-10.72582
4131,2026-07-29,-0.2310585,-0.30239037,0.02152904,0.028055942,-10.731912
4160,2026-07-29,-0.22611107,-0.33096808,0.021059224,0.02264005,-10.736403
5312,2026-07-29,-0.21746239,-0.21840395,0.020217387,0.01955601,-10.755674
6629,2026-07-29,-0.21966058,-0.20858237,0.020408873,0.022111118,-10.762467
6148,2026-07-29,-0.21649586,-0.3833631,0.020113438,0.025494173,-10.7632065
6708,2026-07-29,-0.19561978,-0.21344352,0.018136589,0.019219013,-10.785324
6616,2026-07-29,-0.18963496,-0.25674903,0.01756395,0.017482474,-10.796214
1599,2026-07-29,-0.24105117,-0.2833307,0.022321867,0.025524635,-10.798396
2743,2026-07-29,-0.22615513,-0.33117917,0.02093034,0.021716813,-10.804618
1236,2026-07-29,-0.2734969,-0.30995286,0.025267193,0.024661671,-10.823761
1259,2026-07-29,-0.2174612,-0.2680872,0.020079425,0.026136646,-10.829512
2740,2026-07-29,-0.18921104,-0.25846693,0.017449617,0.018374447,-10.842656
1786,2026-07-29,-0.218537,-0.30716458,0.020131584,0.020422874,-10.854891
2751,2026-07-29,-0.24451773,-0.31619364,0.022521535,0.027411176,-10.856581
5608,2026-07-29,-0.17955334,-0.23991404,0.01652742,0.02205728,-10.86331
1108,2026-07-29,-0.21764879,-0.20506468,0.020005517,0.023845512,-10.878895
3669,2026-07-29,-0.25296938,-0.33048713,0.023229314,0.023286967,-10.889624
2712,2026-07-29,-0.23798491,-0.28227076,0.021783791,0.030355398,-10.92436
1443,2026-07-29,-0.23042831,-0.25921938,0.02105649,0.024693191,-10.94282
5907,2026-07-29,-0.23647101,-0.29667193,0.02158609,0.025851034,-10.954279
6922,2026-07-29,-0.22382832,-0.23480858,0.020364428,0.024686221,-10.990602
1762,2026-07-29,-0.15268789,-0.20076926,0.0138572315,0.020602623,-11.017848
2901,2026-07-29,-0.23291135,-0.25161403,0.02107442,0.020939047,-11.051327
5364,2026-07-29,-0.18641469,-0.28157908,0.016806567,0.023372062,-11.091117
1506,2026-07-29,-0.20000206,-0.19746628,0.017997896,0.02167493,-11.111907
6469,2026-07-29,-0.26760006,-0.2699021,0.024050346,0.022371355,-11.126199
8404,2026-07-29,-0.18049307,-0.19496606,0.016207362,0.019927645,-11.135799
2640,2026-07-29,-0.17717184,-0.22059155,0.015884545,0.019661896,-11.153023
6870,2026-07-29,-0.30404806,-0.39164189,0.027250955,0.030528065,-11.156926
8463,2026-07-29,-0.22068888,-0.22898619,0.019751804,0.020576317,-11.172534
1103,2026-07-29,-0.18740831,-0.12106506,0.016769946,0.02730918,-11.1745825
9935,2026-07-29,-0.22172633,-0.19682877,0.019813914,0.023882732,-11.189871
9938,2026-07-29,-0.21368812,-0.16741727,0.019067934,0.023762891,-11.206086
9926,2026-07-29,-0.1729984,-0.1476389,0.015368953,0.017514216,-11.255623
4109,2026-07-29,-0.19105984,-0.2687472,0.016972201,0.021400644,-11.256559
5278,2026-07-29,-0.23025618,-0.256053,0.02036659,0.023760684,-11.305028
1732,2026-07-29,-0.19204769,-0.22114514,0.01698074,0.023794461,-11.309071
6461,2026-07-29,-0.23601125,-0.2710189,0.020832514,0.023499941,-11.328442
6697,2026-07-29,-0.17731543,-0.24854542,0.015646683,0.026859405,-11.331737
4121,2026-07-29,-0.19733153,-0.2763148,0.017412042,0.017809471,-11.332398
1325,2026-07-29,-0.23547633,-0.29340538,0.020769998,0.022029338,-11.336784
6637,2026-07-29,-0.20911941,-0.26375994,0.01842395,0.023791973,-11.349795
6655,2026-07-29,-0.24281372,-0.27434877,0.021388719,0.02006571,-11.35189
2228,2026-07-29,-0.19694638,-0.23840341,0.017344365,0.020415718,-11.35441
6918,2026-07-29,-0.17749888,-0.20706435,0.0156146055,0.020095292,-11.366762
5321,2026-07-29,-0.33002585,-0.40312585,0.029028444,0.032919846,-11.368659
2024,2026-07-29,-0.24928404,-0.21430035,0.021840842,0.023112869,-11.413141
2722,2026-07-29,-0.21635133,-0.289224,0.018924557,0.022206437,-11.431703
2732,2026-07-29,-0.1794783,-0.23736247,0.015667565,0.015818922,-11.454674
1201,2026-07-29,-0.25332615,-0.25005606,0.022059424,0.021984395,-11.483286
7584,2026-07-29,-0.22138618,-0.32815343,0.019242102,0.026892658,-11.504703
5306,2026-07-29,-0.1778965,-0.15454367,0.015427776,0.01902706,-11.530176
6130,2026-07-29,-0.24357468,-0.30520687,0.021091187,0.033774946,-11.5480995
8488,2026-07-29,-0.17847261,-0.21050483,0.015426202,0.01983216,-11.568696
2009,2026-07-29,-0.18274356,-0.20854963,0.015767092,0.017814063,-11.589453
6923,2026-07-29,-0.20636497,-0.26496536,0.017791983,0.02034957,-11.59811
2007,2026-07-29,-0.22521554,-0.2585165,0.01936723,0.022230318,-11.628091
6596,2026-07-29,-0.1969112,-0.26293457,0.01690411,0.019075219,-11.648028
2038,2026-07-29,-0.2147168,-0.28849617,0.01837093,0.021585882,-11.687221
4426,2026-07-29,-0.24742232,-0.31853923,0.021133706,0.023998477,-11.706921
2913,2026-07-29,-0.19774196,-0.25049162,0.016880006,0.021140272,-11.713873
2643,2026-07-29,-0.2036476,-0.18574268,0.017382506,0.022495562,-11.71499
8916,2026-07-29,-0.22281417,-0.2147244,0.01901764,0.018760547,-11.715568
6657,2026-07-29,-0.23290274,-0.32914752,0.019874766,0.023291256,-11.717924
6804,2026-07-29,-0.27022752,-0.27933177,0.023046423,0.022441436,-11.724848
2642,2026-07-29,-0.23857753,-0.2793286,0.020324888,0.02733478,-11.737619
1417,2026-07-29,-0.17857265,-0.22587116,0.0152094895,0.019790469,-11.740099
1525,2026-07-29,-0.22812684,-0.23528092,0.019421607,0.023052124,-11.745428
3083,2026-07-29,-0.17516446,-0.2412235,0.014902546,0.022511704,-11.753207
1110,2026-07-29,-0.28611118,-0.24424174,0.024260806,0.029752716,-11.792658
6865,2026-07-29,-0.28159472,-0.3809246,0.023814162,0.03500513,-11.824178
2616,2026-07-29,-0.24345589,-0.26685813,0.020575432,0.025686072,-11.831783
6841,2026-07-29,-0.17952316,-0.21277419,0.015160763,0.01794198,-11.84052
4138,2026-07-29,-0.19718997,-0.22163627,0.016640225,0.022016944,-11.849486
1789,2026-07-29,-0.20876023,-0.17985728,0.017593397,0.017172717,-11.865154
2904,2026-07-29,-0.19903575,-0.219599,0.016761597,0.020968381,-11.873801
1903,2026-07-29,-0.23497704,-0.23520894,0.01973584,0.021018311,-11.905505
2254,2026-07-29,-0.2978143,-0.29250404,0.024941722,0.020727647,-11.939928
1442,2026-07-29,-0.24985537,-0.21537034,0.020922706,0.026727144,-11.941258
9918,2026-07-29,-0.2797259,-0.26629204,0.023420695,0.027675195,-11.943026
3073,2026-07-29,-0.19292459,-0.25810346,0.016091358,0.02326684,-11.9885845
2601,2026-07-29,-0.19509809,-0.23235627,0.01626676,0.020013107,-11.992929
4530,2026-07-29,-0.23082428,-0.33535182,0.0191277,0.026006106,-12.066908
1784,2026-07-29,-0.22988898,-0.3485176,0.019031707,0.029318692,-12.078627
6733,2026-07-29,-0.3069584,-0.33805197,0.02540825,0.025462057,-12.080578
3004,2026-07-29,-0.2594469,-0.30008534,0.021429641,0.025386063,-12.106352
6720,2026-07-29,-0.21624288,-0.29157576,0.017837824,0.018271567,-12.122036
4127,2026-07-29,-0.27020198,-0.29611376,0.022273233,0.028525256,-12.130697
2729,2026-07-29,-0.2850997,-0.30509108,0.02343104,0.026635658,-12.167088
6914,2026-07-29,-0.14863192,-0.16899115,0.012159611,0.01725022,-12.2224045
4907,2026-07-29,-0.26258805,-0.27047142,0.021438602,0.01872641,-12.247804
6294,2026-07-29,-0.3184363,-0.40571943,0.025991729,0.024407359,-12.250976
3205,2026-07-29,-0.18264624,-0.2605167,0.014835583,0.014996039,-12.310533
3713,2026-07-29,-0.19434135,-0.2605303,0.01577419,0.022692146,-12.319429
5530,2026-07-29,-0.20834324,-0.18267916,0.016792534,0.018913137,-12.4061575
6603,2026-07-29,-0.25241753,-0.3780376,0.020342523,0.02425747,-12.407759
6508,2026-07-29,-0.25085744,-0.24866924,0.019993126,0.021160398,-12.546556
4171,2026-07-29,-0.2363472,-0.26370475,0.01883278,0.025570387,-12.54911
4119,2026-07-29,-0.28934142,-0.26525036,0.023009803,0.024989063,-12.574156
8917,2026-07-29,-0.25652456,-0.2532563,0.020383066,0.020466954,-12.584563
1799,2026-07-29,-0.31372824,-0.33607116,0.024877386,0.023881981,-12.610474
1225,2026-07-29,-0.24653158,-0.27867454,0.019506386,0.020728674,-12.637858
2069,2026-07-29,-0.19020762,-0.18449496,0.015009998,0.019039737,-12.671217
8349,2026-07-29,-0.2292789,-0.20873524,0.01793943,0.019047273,-12.780012
4113,2026-07-29,-0.2407444,-0.31454983,0.018773483,0.018810397,-12.822957
6840,2026-07-29,-0.17247203,-0.29614106,0.013424135,0.023371153,-12.84695
2614,2026-07-29,-0.24161227,-0.28673118,0.018585088,0.014383446,-12.99963
5604,2026-07-29,-0.2016744,-0.21995744,0.015498039,0.016417842,-13.012058
7736,2026-07-29,-0.1902093,-0.23967223,0.014451016,0.018605787,-13.161437
2756,2026-07-29,-0.25072768,-0.34709504,0.018909449,0.02251736,-13.258685
6712,2026-07-29,-0.22639814,-0.23122367,0.016900538,0.01696521,-13.395121
6589,2026-07-29,-0.26761815,-0.32325432,0.019958576,0.024886109,-13.408008
1410,2026-07-29,-0.2958733,-0.33627242,0.022061551,0.02890186,-13.410657
6118,2026-07-29,-0.20885678,-0.3071478,0.015373325,0.025788471,-13.584777
8905,2026-07-29,-0.37595934,-0.3227939,0.027665246,0.033923924,-13.589098
1419,2026-07-29,-0.25997674,-0.27893,0.01912607,0.025918057,-13.592084
2032,2026-07-29,-0.21103469,-0.25732633,0.015436947,0.02072514,-13.669867
6649,2026-07-29,-0.31154138,-0.34991884,0.022751754,0.026098007,-13.692469
2012,2026-07-29,-0.2759074,-0.26759475,0.02007803,0.022007449,-13.741073
8472,2026-07-29,-0.2045315,-0.2784685,0.014859188,0.019178959,-13.763722
3176,2026-07-29,-0.23546915,-0.2770665,0.01703676,0.018123832,-13.820428
7799,2026-07-29,-0.24017973,-0.35253578,0.017065382,0.022178974,-14.073266
1454,2026-07-29,-0.27261722,-0.30609003,0.019360008,0.024977129,-14.080735
4441,2026-07-29,-0.21240953,-0.2758208,0.014808841,0.022210669,-14.342458
6952,2026-07-29,-0.26540008,-0.29347247,0.018404325,0.024778452,-14.419744
2025,2026-07-29,-0.24656501,-0.26509556,0.017051982,0.02229681,-14.458762
1294,2026-07-29,-0.27399725,-0.30583826,0.018676935,0.021911412,-14.669568
2020,2026-07-29,-0.18394223,-0.13238338,0.0125163235,0.015457563,-14.695012
2033,2026-07-29,-0.23673908,-0.27546814,0.016098937,0.019824127,-14.704349
1414,2026-07-29,-0.28811252,-0.27078164,0.01934763,0.031318408,-14.89059
2022,2026-07-29,-0.26958412,-0.3178172,0.017924305,0.024786325,-15.039304
1526,2026-07-29,-0.27927494,-0.32237434,0.018476335,0.030439904,-15.11446
6874,2026-07-29,-0.1927991,-0.2959853,0.012704295,0.018936124,-15.174705
1742,2026-07-29,-0.23445784,-0.30338928,0.015448302,0.02725176,-15.17595
4737,2026-07-29,-0.31928608,-0.30308834,0.020642506,0.03187549,-15.46666
4419,2026-07-29,-0.28044918,-0.28342178,0.018126642,0.015807433,-15.470802
1418,2026-07-29,-0.2006991,-0.2520734,0.012895898,0.020729057,-15.561812
7642,2026-07-29,-0.30006585,-0.33970815,0.019248514,0.025559327,-15.58823
2017,2026-07-29,-0.30888426,-0.3696665,0.019634316,0.021911679,-15.731056
6794,2026-07-29,-0.25923413,-0.30088615,0.016308436,0.020477772,-15.894732
2250,2026-07-29,-0.2589825,-0.34716898,0.016232526,0.018830687,-15.953559
8044,2026-07-29,-0.27847376,-0.30126184,0.017365614,0.017194102,-16.035006
6569,2026-07-29,-0.26101673,-0.33095264,0.015854347,0.01815829,-16.462378
9919,2026-07-29,-0.28613332,-0.32285422,0.01574322,0.026524384,-18.173864
