stock_id,Date,Score_20d,Score_60d,Unc_20d,Unc_60d,SQ_20d
3596,2026-08-11,0.22574629,0.18576011,0.017930543,0.019200595,12.589339
3293,2026-08-11,0.23461917,0.26539838,0.019013606,0.015666332,12.338892
3044,2026-08-11,0.22533274,0.16860358,0.018471286,0.02223014,12.1984215
2486,2026-08-11,0.45868975,0.42347702,0.041975465,0.048587885,10.927308
3711,2026-08-11,0.20026852,0.17576191,0.019076845,0.022841372,10.497439
5464,2026-08-11,0.26829207,0.17382006,0.025681637,0.023023287,10.446438
6015,2026-08-11,0.204752,0.22488597,0.019642422,0.025573792,10.423438
2816,2026-08-11,0.12563208,0.13562888,0.012305169,0.0141899455,10.208869
6789,2026-08-11,0.14267085,0.17664409,0.01408769,0.01759359,10.126623
6023,2026-08-11,0.15085,0.15732172,0.0153025715,0.016368901,9.857176
5234,2026-08-11,0.119732015,0.06395053,0.012196797,0.012032805,9.815872
3086,2026-08-11,0.18201165,0.17789225,0.018704899,0.016235268,9.730174
3593,2026-08-11,0.18419223,0.11038656,0.019395143,0.01851122,9.496332
3592,2026-08-11,0.13266651,0.07229124,0.014143394,0.013470425,9.379441
3465,2026-08-11,0.14039932,0.09269392,0.015058394,0.018602243,9.323039
4432,2026-08-11,0.117334746,0.09531028,0.012634336,0.014617915,9.286239
3709,2026-08-11,0.11678686,0.020657556,0.012600664,0.014505964,9.267574
2455,2026-08-11,0.18747397,0.15111078,0.020719044,0.027615886,9.047952
8069,2026-08-11,0.13991447,0.13307852,0.015576075,0.02479594,8.982076
1268,2026-08-11,0.12824471,0.09153425,0.014426008,0.012517187,8.889211
3211,2026-08-11,0.20820716,0.08041493,0.023527497,0.021544723,8.849148
3526,2026-08-11,0.12985267,0.049493622,0.014879213,0.014832429,8.726533
6234,2026-08-11,0.12974444,0.04332024,0.0150509,0.01676496,8.619804
6951,2026-08-11,0.11465918,0.0791858,0.0134490095,0.012171441,8.52484
5274,2026-08-11,0.10983714,0.09390807,0.012917638,0.011183825,8.502223
3661,2026-08-11,0.12938221,0.12771383,0.015236367,0.017183077,8.491114
6691,2026-08-11,0.13135123,0.14670226,0.015513281,0.016383361,8.466472
3264,2026-08-11,0.20135069,0.07176811,0.023983795,0.025319397,8.394931
3014,2026-08-11,0.15365855,0.12828279,0.018455237,0.02150329,8.3255625
2501,2026-08-11,0.10877163,0.13591686,0.013107542,0.017466554,8.297767
3490,2026-08-11,0.12052293,0.08621511,0.014821144,0.019764101,8.131275
6667,2026-08-11,0.06655165,-0.042316522,0.00824431,0.011781485,8.071455
1519,2026-08-11,0.15339488,0.1861812,0.019149235,0.023435183,8.010078
6679,2026-08-11,0.10138455,-0.0465281,0.012658344,0.015697656,8.008674
8024,2026-08-11,0.1530373,0.17039102,0.019403867,0.018281031,7.8865414
0057,2026-08-11,0.13854645,-0.0014967625,0.017714974,0.01955583,7.8204255
2850,2026-08-11,0.1181208,0.1545934,0.015199038,0.014861599,7.7710853
6229,2026-08-11,0.16330343,0.14285135,0.021097243,0.020388728,7.740144
6877,2026-08-11,0.10233585,0.062653355,0.01335048,0.018407447,7.664757
3611,2026-08-11,0.09664276,0.03999447,0.012613676,0.011969464,7.661137
6584,2026-08-11,0.09583214,0.021017216,0.012543982,0.015187912,7.6390815
4506,2026-08-11,0.10371542,0.09467662,0.013617382,0.0154835265,7.61584
6542,2026-08-11,0.1313176,0.09816373,0.017246163,0.018334154,7.613867
1476,2026-08-11,0.14970757,0.1435228,0.019716354,0.01726549,7.5926805
6781,2026-08-11,0.104368344,0.093258575,0.013774822,0.013269077,7.576197
1342,2026-08-11,0.1266137,0.14178023,0.017016606,0.019871008,7.4401593
2207,2026-08-11,0.107437626,0.10098424,0.014522725,0.020371648,7.397388
2535,2026-08-11,0.10570801,0.12262351,0.014484119,0.014023656,7.297697
5439,2026-08-11,0.0989909,-0.03497292,0.013593553,0.01682369,7.281659
8464,2026-08-11,0.110188216,0.13864967,0.015234847,0.013202715,7.2321687
4126,2026-08-11,0.10570948,0.06120115,0.014660168,0.01657956,7.2101674
9905,2026-08-11,0.086744264,0.09224181,0.012050617,0.015475376,7.197728
5410,2026-08-11,0.10651102,0.056754835,0.014832387,0.013525544,7.1804924
4305,2026-08-11,0.10341223,0.086722724,0.014569203,0.019702174,7.0975146
3010,2026-08-11,0.09656841,0.075677074,0.013672912,0.01420475,7.0622377
2369,2026-08-11,0.16490507,0.11603335,0.023383621,0.02886396,7.05186
6176,2026-08-11,0.094924234,0.11247574,0.013490892,0.016261205,7.0356503
2537,2026-08-11,0.10607464,0.14747515,0.015142931,0.016492425,7.004432
3227,2026-08-11,0.12277802,0.0630891,0.01758807,0.02057833,6.980359
7708,2026-08-11,0.11303482,0.05935761,0.016227145,0.022620449,6.965357
5288,2026-08-11,0.120136246,0.11321333,0.017257374,0.018512262,6.961041
6573,2026-08-11,0.13782975,0.203997,0.019845631,0.024119018,6.9447427
5478,2026-08-11,0.059659183,0.06433441,0.008592203,0.012687704,6.942601
5609,2026-08-11,0.095703155,0.10159225,0.013784307,0.014995153,6.942403
6146,2026-08-11,0.07836548,0.023202293,0.011434879,0.012251726,6.8525977
8284,2026-08-11,0.08118103,0.0020739897,0.011882113,0.014199686,6.8316293
2414,2026-08-11,0.13532768,0.15236335,0.01983,0.017988442,6.8240476
3030,2026-08-11,0.14334707,0.06949765,0.021112664,0.018374374,6.7893033
3163,2026-08-11,0.15488271,0.12340093,0.023084942,0.032984648,6.708962
1726,2026-08-11,0.08413266,0.07073508,0.01270406,0.013503707,6.6219797
6021,2026-08-11,0.116451114,0.13613205,0.017632192,0.02451623,6.604086
1516,2026-08-11,0.15448669,0.19354293,0.023392929,0.024053827,6.6037083
5475,2026-08-11,0.24077736,0.13787729,0.03646824,0.034188572,6.602204
6982,2026-08-11,0.13256814,0.1310377,0.020147419,0.022698248,6.5795803
6515,2026-08-11,0.08157967,0.02362097,0.012423272,0.013353989,6.5661526
0051,2026-08-11,0.13633338,0.15579468,0.020899408,0.023206497,6.5230007
6177,2026-08-11,0.08336776,0.08565521,0.012784157,0.015050422,6.5206676
3450,2026-08-11,0.24076627,0.22919172,0.03706201,0.044022024,6.496134
2718,2026-08-11,0.09227194,0.08770895,0.01426729,0.014389283,6.466923
8299,2026-08-11,0.08561397,0.026909878,0.013278405,0.0158797,6.447124
8481,2026-08-11,0.14524588,0.108989984,0.0226557,0.030713195,6.4107256
4979,2026-08-11,0.191902,0.15227397,0.030081583,0.029873926,6.379173
2459,2026-08-11,0.08688273,0.06628895,0.013619391,0.013441737,6.378872
6983,2026-08-11,0.086543545,-0.025298607,0.013630851,0.019277457,6.3486276
3105,2026-08-11,0.08184179,-0.0017943318,0.012898416,0.020344254,6.3446116
4766,2026-08-11,0.096209146,-0.005881945,0.015456407,0.015850356,6.224145
3679,2026-08-11,0.079321235,0.040936984,0.012766784,0.0142446635,6.212608
6996,2026-08-11,0.14647487,0.07637327,0.023667427,0.0210795,6.1886187
6026,2026-08-11,0.13758817,0.14395298,0.02231066,0.01804503,6.166649
3557,2026-08-11,0.14826809,0.124103405,0.024126984,0.026675517,6.145067
1817,2026-08-11,0.103703305,0.076943606,0.016929967,0.016910808,6.1250668
6121,2026-08-11,0.107646815,0.110131584,0.017961022,0.017017027,5.9930234
5520,2026-08-11,0.07540294,0.06010113,0.012593024,0.015188226,5.9871993
2832,2026-08-11,0.116103195,0.12351629,0.019423781,0.020071227,5.9770656
3680,2026-08-11,0.100683495,0.030619776,0.016979976,0.01971751,5.9291935
2474,2026-08-11,0.0639038,0.055662043,0.010810927,0.011867837,5.9104915
6670,2026-08-11,0.07678124,0.058865413,0.013006888,0.014633138,5.9026675
0061,2026-08-11,0.10676084,0.112575896,0.018106716,0.022412496,5.8958755
6735,2026-08-11,0.10277305,-0.025655456,0.017523728,0.019526545,5.8644586
6510,2026-08-11,0.082964934,0.034355246,0.014169666,0.018496135,5.8546953
6739,2026-08-11,0.09256523,0.027325654,0.015817119,0.015533922,5.851848
2458,2026-08-11,0.08702196,0.039254777,0.014873257,0.014354913,5.850508
7728,2026-08-11,0.08324884,0.061893903,0.0143002635,0.01723824,5.8210826
8487,2026-08-11,0.07568999,0.05645894,0.013009219,0.0118275,5.8177333
8930,2026-08-11,0.075717255,0.03424205,0.013054574,0.014977775,5.799611
2329,2026-08-11,0.06384117,-0.030346502,0.011007037,0.017244391,5.799505
4946,2026-08-11,0.07687939,-0.00543639,0.013272431,0.013354141,5.7919755
2433,2026-08-11,0.0749182,0.0409506,0.013067893,0.014090006,5.732559
5904,2026-08-11,0.110485606,0.10390806,0.019295827,0.01885531,5.725584
2852,2026-08-11,0.0886822,0.081380196,0.01551241,0.01543738,5.7164865
3005,2026-08-11,0.086223505,0.09180048,0.01526168,0.019640721,5.649303
4961,2026-08-11,0.118986554,0.0726697,0.021089986,0.024481516,5.6415834
2605,2026-08-11,0.07557823,0.07390613,0.013410187,0.01662015,5.6354613
6246,2026-08-11,0.14782451,0.06840001,0.026251718,0.03925616,5.630827
1777,2026-08-11,0.09061815,0.06468252,0.016137779,0.013891659,5.614932
3016,2026-08-11,0.110500716,0.06554344,0.019683916,0.028634712,5.6134715
2426,2026-08-11,0.08217595,0.07681308,0.014703334,0.019340955,5.5885525
0055,2026-08-11,0.09312396,0.111089274,0.016785825,0.02073572,5.5474434
4915,2026-08-11,0.06970251,0.100062676,0.012731518,0.014997744,5.47437
1773,2026-08-11,0.070889935,-0.001790677,0.013017741,0.011287412,5.445222
2423,2026-08-11,0.06607084,0.05189911,0.012161359,0.0114734825,5.432403
1788,2026-08-11,0.079325415,0.023799,0.01470767,0.012049326,5.393106
4807,2026-08-11,0.11827745,0.09819897,0.022215087,0.025839405,5.323955
6143,2026-08-11,0.08940576,-0.02840014,0.016914148,0.020874036,5.285544
2449,2026-08-11,0.12182787,0.013328146,0.023155894,0.02302412,5.2609763
2305,2026-08-11,0.15553537,0.13649307,0.029568093,0.032751832,5.2600656
3533,2026-08-11,0.086093314,0.08191862,0.01640017,0.016778072,5.249218
2851,2026-08-11,0.11248011,0.12456142,0.021489456,0.023503909,5.2339563
1537,2026-08-11,0.07389331,0.05469648,0.014155842,0.013747849,5.219618
3131,2026-08-11,0.074066594,0.002826748,0.014214752,0.010904558,5.2101774
6903,2026-08-11,0.09437457,-0.08788862,0.018130127,0.01531681,5.205113
6291,2026-08-11,0.0712086,-0.028451215,0.013690317,0.014244433,5.2010045
3376,2026-08-11,0.0946236,0.020463828,0.018205848,0.020562908,5.1971436
2478,2026-08-11,0.1166148,0.0404037,0.022507451,0.023774227,5.180934
5209,2026-08-11,0.068043225,0.009517582,0.013161845,0.016756369,5.16934
1593,2026-08-11,0.07799011,0.06895863,0.015093668,0.014963321,5.166732
3529,2026-08-11,0.07756841,0.08390404,0.015030163,0.018463247,5.1605062
7768,2026-08-11,0.07439122,-0.028745918,0.014530196,0.01490508,5.119415
4609,2026-08-11,0.079595044,0.042860277,0.01555109,0.018296398,5.1179643
2338,2026-08-11,0.07492464,-0.017978068,0.01465749,0.019673027,5.1113477
4583,2026-08-11,0.05856456,-0.018147023,0.011475976,0.009797069,5.1027865
5876,2026-08-11,0.09253123,0.125249,0.018182972,0.02430531,5.0886145
6170,2026-08-11,0.077930406,0.053353626,0.015335618,0.021493472,5.0813293
8059,2026-08-11,0.06107932,-0.038895167,0.012055879,0.016735395,5.065931
8277,2026-08-11,0.06661146,0.08140095,0.01318018,0.016613776,5.053528
4535,2026-08-11,0.053082626,0.02296648,0.010570556,0.014206792,5.021269
8390,2026-08-11,0.054122306,-0.00579314,0.010935241,0.015917268,4.9488945
2383,2026-08-11,0.063472815,0.035577256,0.012871881,0.014515284,4.930739
1339,2026-08-11,0.06970849,0.028514322,0.014145026,0.012814197,4.9277787
7556,2026-08-11,0.06993245,-0.043953978,0.014252603,0.014316075,4.9063
6664,2026-08-11,0.07500941,-0.03233482,0.015312109,0.014023997,4.898379
2527,2026-08-11,0.13451634,0.100193456,0.027715463,0.02862617,4.853301
8476,2026-08-11,0.08422518,0.009055119,0.017378539,0.01790434,4.846226
2753,2026-08-11,0.04592436,-0.009345784,0.009667748,0.009471581,4.7497735
1213,2026-08-11,0.06955201,0.0340697,0.014671268,0.019178696,4.740372
1730,2026-08-11,0.064874254,0.032119017,0.0137188025,0.012391832,4.7285123
1471,2026-08-11,0.07147126,0.09612536,0.015133913,0.014828477,4.7222776
1539,2026-08-11,0.07810274,0.08054401,0.01663652,0.016188134,4.6943736
3356,2026-08-11,0.0767738,-0.016311996,0.016432367,0.014506998,4.671824
4536,2026-08-11,0.08446611,0.09436361,0.018203948,0.019033082,4.6397333
1477,2026-08-11,0.055289645,0.04260896,0.0119527755,0.015781095,4.625287
2752,2026-08-11,0.052288197,0.014490266,0.01132159,0.012907096,4.618042
3494,2026-08-11,0.0683592,0.024666063,0.014832269,0.0153664015,4.6085052
5536,2026-08-11,0.05852894,0.029652297,0.012709944,0.015069901,4.60461
6104,2026-08-11,0.071547285,-0.024797581,0.01575376,0.016880408,4.5413127
6525,2026-08-11,0.057766233,-0.048666965,0.012738215,0.021186352,4.5345206
2308,2026-08-11,0.08364034,0.058464807,0.018483832,0.02315928,4.524809
3491,2026-08-11,0.09398662,0.014569239,0.020950075,0.020390123,4.486005
2424,2026-08-11,0.08499662,0.023967575,0.018957615,0.022756204,4.4832716
6187,2026-08-11,0.061244655,0.03988548,0.013666692,0.015658433,4.48098
1586,2026-08-11,0.07276527,0.01985761,0.016302498,0.021209178,4.463169
2481,2026-08-11,0.09393758,0.028191946,0.021124717,0.019603599,4.4465985
6151,2026-08-11,0.062073883,-0.0077972254,0.013986159,0.013648958,4.437919
2480,2026-08-11,0.056889933,0.046855927,0.012843037,0.014445337,4.4292874
7749,2026-08-11,0.06305898,-0.047020923,0.014308808,0.013224,4.4066963
6231,2026-08-11,0.07232063,-0.038075645,0.01646049,0.014852536,4.3933225
6605,2026-08-11,0.055552684,0.04683782,0.01271996,0.015036151,4.3670197
6509,2026-08-11,0.0621627,-0.007912052,0.014326559,0.014755389,4.3386803
6138,2026-08-11,0.07278483,0.00023627281,0.016802454,0.016576536,4.33154
5533,2026-08-11,0.060293157,0.08714559,0.013934781,0.013142586,4.3265
2393,2026-08-11,0.08137748,0.07540118,0.018903947,0.018100312,4.3045597
6456,2026-08-11,0.07523538,0.04093123,0.017564487,0.020807423,4.283137
5434,2026-08-11,0.045639757,0.07458929,0.010656071,0.016473418,4.28258
6028,2026-08-11,0.06726912,0.034457173,0.015805433,0.018164404,4.2558064
5529,2026-08-11,0.10097529,0.0899641,0.023751497,0.020906335,4.251144
8435,2026-08-11,0.08508452,0.026421098,0.02015024,0.02614901,4.2222967
3213,2026-08-11,0.0734001,0.034363445,0.017633442,0.01711274,4.162315
2404,2026-08-11,0.044606846,0.035998855,0.010739339,0.011827938,4.1532063
6223,2026-08-11,0.06421188,0.024295473,0.015486299,0.014336802,4.1460996
8087,2026-08-11,0.063101575,0.020738162,0.015256934,0.01912639,4.1356564
4991,2026-08-11,0.15545431,0.017645415,0.03808456,0.038143527,4.0817127
4960,2026-08-11,0.0659692,-0.060354006,0.016163282,0.021330152,4.081171
4971,2026-08-11,0.13736595,0.06295689,0.033913672,0.029045466,4.05034
2838,2026-08-11,0.055646047,0.14427033,0.013828124,0.011177429,4.02383
2885,2026-08-11,0.109041326,0.09992511,0.027448185,0.024646042,3.9724796
6805,2026-08-11,0.05152959,-0.001003472,0.0129902065,0.010349712,3.9664977
3531,2026-08-11,0.0542532,0.030081982,0.013678798,0.017409544,3.9659355
8064,2026-08-11,0.056691233,-0.046582893,0.014357572,0.01850692,3.9482498
6417,2026-08-11,0.054684076,-0.054119285,0.013868891,0.0140932435,3.9426465
4581,2026-08-11,0.04317883,-0.0016263282,0.010977304,0.016155764,3.9331057
4966,2026-08-11,0.06475348,-0.011931905,0.016484924,0.019453458,3.9278042
2345,2026-08-11,0.050947886,-0.003775981,0.01299192,0.015313373,3.9212036
6788,2026-08-11,0.08361602,-0.068227984,0.021359112,0.01633204,3.914587
6894,2026-08-11,0.05070155,-0.07489676,0.013145745,0.015191498,3.856586
4933,2026-08-11,0.03850669,-0.027850712,0.010028422,0.01465113,3.8393729
3406,2026-08-11,0.06305738,-0.015647676,0.01651201,0.014278208,3.818648
9927,2026-08-11,0.040256064,-0.0149278445,0.010630429,0.01372704,3.786515
1264,2026-08-11,0.062315363,-0.008696099,0.016528934,0.015763415,3.7698493
1722,2026-08-11,0.047115806,0.052793268,0.012499368,0.010523183,3.7691536
3555,2026-08-11,0.09321337,0.034062076,0.024764962,0.027593983,3.7637694
3694,2026-08-11,0.06711367,-0.036443107,0.01791076,0.020112019,3.7469053
3290,2026-08-11,0.07087991,0.011241162,0.018947057,0.016918946,3.740748
1906,2026-08-11,0.046422627,0.073090695,0.01250945,0.013869982,3.710708
4123,2026-08-11,0.11440492,0.16516615,0.030942496,0.028082289,3.69722
2330,2026-08-11,0.059301104,0.036730286,0.016047906,0.015128573,3.6950247
6277,2026-08-11,0.057750903,0.042285506,0.015666028,0.0140597895,3.6861427
4207,2026-08-11,0.05894183,0.039415486,0.01603613,0.016555537,3.6753352
6855,2026-08-11,0.040672198,-0.028937781,0.011079299,0.015991371,3.6706767
8383,2026-08-11,0.07908641,0.008362507,0.021544471,0.022302018,3.6706743
2727,2026-08-11,0.068505645,0.012358929,0.018699884,0.018764507,3.6632302
3189,2026-08-11,0.0659399,0.037558332,0.018007448,0.026135646,3.6616094
8039,2026-08-11,0.044175625,-0.0047813714,0.012086119,0.013818097,3.6547687
4527,2026-08-11,0.053344402,0.020813614,0.014680243,0.012575839,3.6335073
2534,2026-08-11,0.05189254,0.121465296,0.014284907,0.016041938,3.632429
1737,2026-08-11,0.033360023,0.02202801,0.009190293,0.0129860565,3.6295245
1580,2026-08-11,0.046992365,0.005504518,0.012992385,0.014851158,3.6166377
1303,2026-08-11,0.073102474,0.018658655,0.02028421,0.019959075,3.6037328
4904,2026-08-11,0.06365419,0.09922953,0.017745195,0.018842658,3.5869205
6244,2026-08-11,0.07095942,-0.0022847438,0.019783078,0.018548869,3.5866933
3023,2026-08-11,0.054404728,0.045612726,0.015179826,0.017760206,3.583779
0052,2026-08-11,0.07889649,0.12082769,0.022015112,0.028352143,3.5835798
3499,2026-08-11,0.058989797,0.026424186,0.016571425,0.01971749,3.559515
3130,2026-08-11,0.039627116,-0.0058582914,0.01119933,0.015667157,3.538031
5525,2026-08-11,0.1029438,0.12799624,0.029138887,0.033486154,3.5327454
2421,2026-08-11,0.059974898,0.03130566,0.016994385,0.021906622,3.528893
5864,2026-08-11,0.07599937,0.05027233,0.021555841,0.028361863,3.5255337
9945,2026-08-11,0.08606909,0.08576301,0.024637626,0.020997565,3.4932585
6844,2026-08-11,0.054449655,0.049863704,0.015622521,0.01874997,3.485108
2887,2026-08-11,0.058834054,0.097943306,0.016925655,0.016513819,3.4758227
4973,2026-08-11,0.061954673,-0.026369309,0.018108625,0.016642606,3.4210908
6962,2026-08-11,0.054514036,0.026956331,0.015975727,0.019580072,3.4120903
1591,2026-08-11,0.10005024,0.05478441,0.029549954,0.029782565,3.3856857
6474,2026-08-11,0.051894102,0.028910553,0.0153359845,0.015098335,3.3835921
7743,2026-08-11,0.055420376,0.033059966,0.01639356,0.01588025,3.3804123
6189,2026-08-11,0.033684086,0.009098426,0.009979581,0.012798299,3.374962
2355,2026-08-11,0.035047755,-7.866143e-05,0.010405882,0.0138544515,3.3677478
1216,2026-08-11,0.046514545,0.09117893,0.0138580995,0.01553438,3.3562458
3380,2026-08-11,0.044010114,0.027106557,0.013154637,0.016434483,3.3453426
3617,2026-08-11,0.05495306,0.012411059,0.016434418,0.01636528,3.3435755
2317,2026-08-11,0.04509638,0.069941536,0.013501579,0.017276313,3.3398345
4550,2026-08-11,0.03765426,0.0031281891,0.011279566,0.012953442,3.3379757
6154,2026-08-11,0.051494833,0.014478523,0.015480523,0.014413073,3.3262124
4582,2026-08-11,0.082384616,0.009205591,0.024779398,0.019441979,3.324588
2908,2026-08-11,0.036727253,0.05275661,0.011059379,0.011907545,3.3206143
5251,2026-08-11,0.0687122,-0.034043375,0.020731632,0.023954742,3.3142052
6568,2026-08-11,0.056623362,-0.09381624,0.017094245,0.023893425,3.3122287
6443,2026-08-11,0.06414776,-0.060689665,0.01938704,0.026748173,3.3086255
2912,2026-08-11,0.06414963,0.1270733,0.019563526,0.019566271,3.2788749
6134,2026-08-11,0.059827194,-0.036029045,0.018248972,0.020607345,3.2782075
5547,2026-08-11,0.04075447,0.035784442,0.012445088,0.012380352,3.2744803
5871,2026-08-11,0.053215027,0.05368318,0.016302612,0.020069206,3.2640023
3017,2026-08-11,0.055582985,0.07874109,0.017183622,0.02191094,3.2344606
6214,2026-08-11,0.060232054,0.06667396,0.018634858,0.020960093,3.2320516
8021,2026-08-11,0.12974338,0.21653067,0.04057611,0.06646574,3.1974525
5206,2026-08-11,0.046267252,0.005853223,0.014516645,0.017084165,3.1869667
2382,2026-08-11,0.063497834,-0.0699801,0.019968046,0.019584352,3.1798131
6947,2026-08-11,0.051862344,0.06975753,0.016346287,0.017873412,3.1725352
8455,2026-08-11,0.068679586,0.03094353,0.021720657,0.022966478,3.1618023
4958,2026-08-11,0.07324172,-0.019967861,0.023263143,0.023138499,3.1482663
3535,2026-08-11,0.10281759,-0.020408165,0.03266638,0.035300646,3.1474085
5301,2026-08-11,0.05823856,-0.0455501,0.01851311,0.015529454,3.145631
1468,2026-08-11,0.039944846,0.06354266,0.01271526,0.01584808,3.1412418
3285,2026-08-11,0.055089,0.076481014,0.017579177,0.017510708,3.1335862
2467,2026-08-11,0.042241454,0.025038041,0.013480119,0.013905455,3.1333787
6210,2026-08-11,0.045695487,0.03035922,0.0145959025,0.018761141,3.130492
9944,2026-08-11,0.04387288,0.049656313,0.01410125,0.014167105,3.1110554
3581,2026-08-11,0.046513677,-0.07008455,0.014995568,0.01912791,3.1016214
2402,2026-08-11,0.040528756,-0.016031926,0.013120193,0.012649679,3.0888011
4977,2026-08-11,0.07329566,0.016073886,0.02387693,0.03337362,3.0695987
7767,2026-08-11,0.054201342,0.0032774704,0.017703017,0.01751814,3.0615277
2327,2026-08-11,0.06552447,-0.059812307,0.021459198,0.023863142,3.053302
3665,2026-08-11,0.03439568,0.044589456,0.011281563,0.012348171,3.0485697
6442,2026-08-11,0.0399869,0.0028636428,0.013218615,0.013672518,3.0248158
7760,2026-08-11,0.05293286,0.021312619,0.017502867,0.01575877,3.0240664
6190,2026-08-11,0.047459833,-0.020347036,0.015715469,0.019095756,3.0197518
2428,2026-08-11,0.043536875,0.011786865,0.014418868,0.016382758,3.0192282
3217,2026-08-11,0.04624427,-0.007745648,0.015366407,0.014394724,3.0092435
5015,2026-08-11,0.03294867,0.07980765,0.011048626,0.012938408,2.981881
2610,2026-08-11,0.043500584,0.052932914,0.0146283675,0.017299315,2.9735107
2444,2026-08-11,0.03595721,-0.015356481,0.012107691,0.011556206,2.9695373
6160,2026-08-11,0.036801793,0.004413267,0.012533192,0.018265923,2.9361122
4107,2026-08-11,0.042248726,0.0101520615,0.0143953655,0.015094085,2.93468
1808,2026-08-11,0.12127336,0.19176115,0.04174032,0.045398317,2.9053552
1503,2026-08-11,0.030162418,0.016581688,0.0104405945,0.0109375445,2.8886793
6672,2026-08-11,0.030738937,-0.043661427,0.010692964,0.014818301,2.8744192
3413,2026-08-11,0.039749756,-0.011534993,0.01382878,0.014686057,2.8742146
2484,2026-08-11,0.078567185,0.016265167,0.027438082,0.026465664,2.8633313
6609,2026-08-11,0.04909269,0.06200475,0.01718435,0.020411395,2.8566592
4111,2026-08-11,0.045356113,0.0030413154,0.016107662,0.01346809,2.815635
5272,2026-08-11,0.04590726,-0.024325533,0.01631199,0.023733465,2.8141534
9912,2026-08-11,0.040928412,0.0012734202,0.014556808,0.015332211,2.8114405
6803,2026-08-11,0.03759202,0.0033226663,0.013375961,0.013978042,2.8102062
2731,2026-08-11,0.031909443,0.003691821,0.011356778,0.008386171,2.8094792
2385,2026-08-11,0.034620706,0.0055459025,0.012643529,0.015556922,2.7379987
3518,2026-08-11,0.04905357,-0.06308157,0.017991925,0.01678958,2.7262697
3515,2026-08-11,0.025414197,-0.04426015,0.009321866,0.011104651,2.726007
4760,2026-08-11,0.03450088,-0.06872878,0.0126616405,0.01479247,2.7246196
2462,2026-08-11,0.027349493,-0.004360216,0.010058945,0.00905438,2.7186522
2488,2026-08-11,0.045283753,0.03929522,0.01681395,0.018448852,2.693065
8086,2026-08-11,0.049395308,-0.075203694,0.018421542,0.018732173,2.6812427
6683,2026-08-11,0.048857555,-0.018822074,0.01828369,0.021496909,2.6720474
5403,2026-08-11,0.038295947,-0.018819066,0.014357876,0.015698683,2.6670573
6263,2026-08-11,0.0411524,-0.02684137,0.015442207,0.016687905,2.6647573
2726,2026-08-11,0.037525218,0.014891177,0.014197528,0.018516704,2.6428947
3118,2026-08-11,0.032324675,-0.03809555,0.0123039065,0.0141054215,2.6269743
1419,2026-08-11,0.038156047,-0.034697812,0.014530177,0.014475938,2.6258056
0053,2026-08-11,0.034939718,-0.060525235,0.013311079,0.017641755,2.6246626
3512,2026-08-11,0.05822681,0.055594165,0.02223891,0.025038775,2.6181223
6269,2026-08-11,0.037443604,0.027872086,0.014329776,0.022131665,2.6128106
5880,2026-08-11,0.041486654,0.051642712,0.016109178,0.016427107,2.575183
1513,2026-08-11,0.035325225,0.0073266146,0.013733117,0.015141809,2.5720785
8176,2026-08-11,0.048921917,-0.005954014,0.019021655,0.014129257,2.5717711
2324,2026-08-11,0.027182765,0.042288948,0.010584315,0.015297868,2.5679693
6109,2026-08-11,0.031380016,-0.0027481453,0.012291406,0.013507532,2.5527968
6227,2026-08-11,0.055540428,0.050679386,0.021769684,0.024349706,2.5511568
4153,2026-08-11,0.03406206,0.011941521,0.013745592,0.015010355,2.477855
2303,2026-08-11,0.04381497,-0.03462665,0.017761884,0.017812844,2.4666584
5289,2026-08-11,0.043228026,-0.07907025,0.01754898,0.016901884,2.463138
3467,2026-08-11,0.03895495,-0.09067386,0.015832609,0.02106765,2.46027
5546,2026-08-11,0.040567376,0.020305848,0.01662001,0.020005135,2.4407287
9946,2026-08-11,0.046399172,0.047213063,0.019210327,0.025420997,2.4151986
6217,2026-08-11,0.08178647,-0.008783495,0.033985905,0.044525187,2.4064112
9960,2026-08-11,0.029445028,-0.028600216,0.012282442,0.014654816,2.3971317
8289,2026-08-11,0.03816702,-0.055248972,0.015946647,0.019433191,2.3932695
2618,2026-08-11,0.03165887,0.05896357,0.013273914,0.011392602,2.3848643
2439,2026-08-11,0.028229717,0.034075763,0.0118726725,0.014022959,2.377505
4770,2026-08-11,0.03068413,-0.056627225,0.0129329115,0.015583675,2.372378
0050,2026-08-11,0.04979743,0.09159533,0.021001855,0.01931454,2.3709838
8996,2026-08-11,0.030642182,-0.017586328,0.013192078,0.01696276,2.3225954
3095,2026-08-11,0.04674716,-0.07705776,0.02016139,0.025785549,2.3185325
6988,2026-08-11,0.02711274,0.018069746,0.011740569,0.017052868,2.309124
6885,2026-08-11,0.04215692,0.038258858,0.018432707,0.016966714,2.2869475
3402,2026-08-11,0.034403693,-0.055799823,0.0151087325,0.015239434,2.2769227
2493,2026-08-11,0.0707569,0.07237646,0.031121815,0.03291087,2.2734735
5340,2026-08-11,0.050578713,-0.060041104,0.022664603,0.02043608,2.2315185
2316,2026-08-11,0.03616927,-0.05115814,0.01626178,0.01891748,2.224052
5543,2026-08-11,0.05071469,0.03572786,0.022826934,0.024154471,2.2216067
1712,2026-08-11,0.02897466,0.007374285,0.013065628,0.01663128,2.217455
8432,2026-08-11,0.028960446,-0.012723963,0.013065333,0.016548237,2.2164173
2353,2026-08-11,0.045949705,0.12644131,0.020948987,0.022240143,2.1933045
4580,2026-08-11,0.027946055,-0.024143279,0.012752797,0.014315274,2.1911948
5489,2026-08-11,0.030695455,-0.018545257,0.014015806,0.014077121,2.1899037
2352,2026-08-11,0.031748332,0.041695755,0.01455608,0.017888378,2.1809547
3265,2026-08-11,0.02632148,-0.067355774,0.0121389525,0.020252725,2.16817
6771,2026-08-11,0.032835104,-0.024988675,0.015208466,0.019179815,2.1588597
4744,2026-08-11,0.031204104,-0.03244313,0.014544736,0.019359872,2.1452408
5345,2026-08-11,0.06981074,0.17539883,0.03297485,0.051282547,2.1170263
6115,2026-08-11,0.03136977,0.028783452,0.014960981,0.017631648,2.0966322
3045,2026-08-11,0.036189415,0.049911126,0.017262295,0.014989482,2.0963213
9951,2026-08-11,0.026868455,-0.0009015093,0.012988649,0.011298742,2.0684512
5314,2026-08-11,0.07243835,-0.065405205,0.035284493,0.03444758,2.0529218
6412,2026-08-11,0.026827412,-0.008232673,0.013127682,0.016837316,2.04342
3054,2026-08-11,0.044901602,0.03066699,0.022003455,0.030089669,2.0405686
6560,2026-08-11,0.0352656,-0.034449596,0.017510612,0.017548326,2.013841
2115,2026-08-11,0.028036198,0.026965553,0.013965519,0.013126678,2.0073862
8081,2026-08-11,0.03335931,-0.017901022,0.016627386,0.018655794,2.0061665
2027,2026-08-11,0.023522427,0.06073865,0.011739084,0.01710094,2.0035996
2834,2026-08-11,0.030785736,0.03561243,0.015384512,0.016492639,2.000956
2464,2026-08-11,0.05066427,-0.034019593,0.025376527,0.03305666,1.9964226
8016,2026-08-11,0.034271423,-0.009842741,0.01730784,0.017409485,1.9799953
7734,2026-08-11,0.028568307,-0.047291834,0.014464748,0.014224686,1.9748931
3303,2026-08-11,0.033815272,-0.02842501,0.017138984,0.01930067,1.9728881
3317,2026-08-11,0.034259237,-0.0710042,0.017769933,0.019135278,1.9278244
1256,2026-08-11,0.022869892,-0.04766102,0.0119405715,0.01438552,1.9151493
4749,2026-08-11,0.028476221,-0.042633735,0.014877872,0.01698672,1.9138696
3115,2026-08-11,0.05079144,-0.022469224,0.02682197,0.028825745,1.89358
3088,2026-08-11,0.0370363,-0.0075214524,0.019594084,0.024794059,1.8900812
3483,2026-08-11,0.030309951,-0.020004094,0.016367955,0.018880675,1.8516729
4721,2026-08-11,0.032894593,-0.096140556,0.01792223,0.021499025,1.835305
3360,2026-08-11,0.03808526,-0.02310435,0.021027284,0.020560052,1.8111445
6534,2026-08-11,0.025062315,0.01173866,0.013857081,0.0152859,1.8084983
3034,2026-08-11,0.028448483,-0.0026742385,0.015862675,0.02001122,1.7933097
6715,2026-08-11,0.031693313,0.00641555,0.01768419,0.019014431,1.7920822
2889,2026-08-11,0.044190537,0.09934281,0.024659656,0.024764867,1.7919449
2368,2026-08-11,0.028781211,-0.016525915,0.016118469,0.019054411,1.7854937
5353,2026-08-11,0.027305271,-0.0063495925,0.015294339,0.015921285,1.7852021
5386,2026-08-11,0.037271436,-0.1294731,0.021072973,0.026716331,1.7686003
3705,2026-08-11,0.024020238,0.018912463,0.013709628,0.014649537,1.7519429
8941,2026-08-11,0.02488848,0.011356745,0.014213358,0.016456297,1.7509394
3419,2026-08-11,0.025568895,0.011750297,0.014619991,0.018914107,1.7487799
4908,2026-08-11,0.02783004,-0.119599804,0.015958896,0.02486338,1.7437482
4440,2026-08-11,0.023072222,-0.03347493,0.013259953,0.014890923,1.7398615
2483,2026-08-11,0.042653408,-0.03430101,0.024686726,0.02277646,1.7277172
3228,2026-08-11,0.025357138,-0.021732174,0.014752197,0.014541798,1.7187555
6259,2026-08-11,0.03185552,0.012787759,0.018679576,0.023123562,1.705275
2340,2026-08-11,0.023175228,-0.030757733,0.01365093,0.022153834,1.6975789
2890,2026-08-11,0.028986609,0.009293235,0.0171249,0.018605812,1.6925596
7718,2026-08-11,0.020847125,0.0019299616,0.012391815,0.012512039,1.6821945
4133,2026-08-11,0.028797518,-0.0050952095,0.017130673,0.021007905,1.680952
5516,2026-08-11,0.03900311,0.040064845,0.023225443,0.024262235,1.6792545
6114,2026-08-11,0.022231327,-0.06327711,0.013307386,0.014136673,1.670475
1102,2026-08-11,0.023471367,0.08355864,0.014065497,0.015314241,1.6686007
3037,2026-08-11,0.052455526,0.015077023,0.031935614,0.028589392,1.6424887
8034,2026-08-11,0.030638939,-0.083505794,0.01875813,0.02239164,1.6332815
3710,2026-08-11,0.02914555,-0.024420546,0.017873866,0.024210172,1.6305324
6547,2026-08-11,0.031966653,0.049411554,0.01969623,0.019092003,1.6229008
2442,2026-08-11,0.028382897,0.013304189,0.01755394,0.020758595,1.616804
3624,2026-08-11,0.028170126,-0.04256684,0.01744848,0.02133708,1.614382
2344,2026-08-11,0.021062152,-0.041041814,0.013153715,0.01955653,1.6011105
6464,2026-08-11,0.016993502,-0.00958454,0.010623853,0.009779948,1.5994105
4931,2026-08-11,0.036461227,-0.003893984,0.022825506,0.0252896,1.5973197
1451,2026-08-11,0.021662164,-0.005128911,0.013610375,0.012831805,1.591475
2066,2026-08-11,0.019871172,0.014805172,0.012505415,0.009613599,1.5888783
6654,2026-08-11,0.036847528,0.023284907,0.023318363,0.025299175,1.5801258
2884,2026-08-11,0.02421892,0.013435305,0.015485212,0.018591896,1.5639021
6183,2026-08-11,0.017762003,-0.0006135031,0.011371363,0.016944056,1.5618569
3530,2026-08-11,0.024338467,-0.027583139,0.015631879,0.014658245,1.5568768
7751,2026-08-11,0.022021813,-0.03160328,0.014253166,0.014753116,1.5449388
3689,2026-08-11,0.020780625,-0.08045349,0.013473474,0.014979604,1.5422215
2406,2026-08-11,0.03635412,-0.01628787,0.023656929,0.025629928,1.536657
6276,2026-08-11,0.020335946,-0.10600274,0.013318072,0.017038994,1.526829
6908,2026-08-11,0.02395876,-0.012696123,0.015703835,0.01583275,1.5255659
7822,2026-08-11,0.025963245,-0.0685691,0.017147787,0.01887443,1.5139989
6164,2026-08-11,0.025408197,-0.043542143,0.0168859,0.018059947,1.5046098
6669,2026-08-11,0.021580096,0.000667651,0.014386923,0.016277628,1.4998757
6821,2026-08-11,0.023961188,-0.06367889,0.016100511,0.01944748,1.4881328
2702,2026-08-11,0.024844281,-0.0053653433,0.01670571,0.016360868,1.4870839
2498,2026-08-11,0.028781423,-0.102560304,0.019374987,0.023566063,1.4854171
7782,2026-08-11,0.021098407,-0.09986499,0.014409395,0.017616253,1.4641103
2059,2026-08-11,0.01857353,-0.0107692955,0.012715844,0.010977514,1.4605455
4764,2026-08-11,0.03692608,0.033869736,0.025892721,0.0267445,1.4260631
1611,2026-08-11,0.030250687,0.07264354,0.021247229,0.021936659,1.4236804
2855,2026-08-11,0.047522128,0.06653129,0.0334654,0.03939788,1.4199953
2360,2026-08-11,0.019148342,-0.004276189,0.013679449,0.017828945,1.3996866
2707,2026-08-11,0.017664278,-0.04135495,0.012683018,0.013554253,1.3926405
4105,2026-08-11,0.018633418,0.0062518814,0.013747802,0.013914162,1.3552758
2373,2026-08-11,0.018658267,-0.017430866,0.0139482105,0.01462962,1.3375859
4104,2026-08-11,0.018735165,-0.0018714897,0.014161905,0.014551069,1.3228334
2379,2026-08-11,0.019842919,0.01812992,0.015013739,0.01632698,1.3215628
6409,2026-08-11,0.013563278,0.047996078,0.010262225,0.01318611,1.3215415
8926,2026-08-11,0.049312416,0.163158,0.037805967,0.03981321,1.3043209
6266,2026-08-11,0.023331707,-0.05444174,0.017925367,0.021469397,1.3015301
4304,2026-08-11,0.018389408,-0.09294473,0.014155633,0.01862432,1.2989959
3374,2026-08-11,0.023611045,-0.08233857,0.018229768,0.024008488,1.2951207
4114,2026-08-11,0.01666315,0.035190817,0.012889284,0.013002051,1.2926908
1512,2026-08-11,0.015706867,-0.010002836,0.012160891,0.011185238,1.2914823
6548,2026-08-11,0.023935255,-0.04275819,0.018711293,0.020213393,1.2791193
6213,2026-08-11,0.01981013,-0.044312637,0.015489361,0.018662678,1.2788682
4306,2026-08-11,0.016427895,0.051165722,0.013113256,0.01603253,1.2526746
4768,2026-08-11,0.038066488,-0.01853701,0.030573748,0.034205254,1.2450303
6278,2026-08-11,0.01732855,-0.035140358,0.013962057,0.017567594,1.2410283
6261,2026-08-11,0.025777329,-0.08470008,0.020772818,0.017988428,1.2408565
3551,2026-08-11,0.01639825,-0.10768809,0.013264219,0.016298017,1.2361838
4551,2026-08-11,0.028486084,-0.044801544,0.02304975,0.021173524,1.2357986
2755,2026-08-11,0.015944712,-0.038496677,0.013110969,0.013744075,1.2160425
3363,2026-08-11,0.033161424,-0.036426958,0.027434776,0.032559108,1.2086928
2637,2026-08-11,0.028049167,0.06972016,0.023306703,0.015423805,1.203429
6016,2026-08-11,0.02071448,0.019984929,0.0173296,0.018393766,1.1952547
2520,2026-08-11,0.022031305,0.075637534,0.018447436,0.014205241,1.1942099
2356,2026-08-11,0.019279396,0.044733748,0.016208932,0.017510377,1.189357
1714,2026-08-11,0.037111226,0.0023295635,0.03126904,0.036164507,1.1867982
4552,2026-08-11,0.017349644,-0.0013671675,0.014676289,0.014172368,1.1820742
6451,2026-08-11,0.08761816,0.24082726,0.07445845,0.097284734,1.1767231
1609,2026-08-11,0.015869124,0.009478578,0.013627258,0.017224189,1.1644279
1783,2026-08-11,0.017036386,-0.016574396,0.0146595575,0.019466542,1.1620557
6257,2026-08-11,0.021928513,-0.04379126,0.018998373,0.022917842,1.1541704
4503,2026-08-11,0.013564223,-0.084036395,0.011829609,0.0154606765,1.1465364
8416,2026-08-11,0.015840892,-0.041775104,0.013996947,0.016537813,1.1316582
7610,2026-08-11,0.017117532,-0.048404507,0.015321257,0.01720644,1.1171678
1229,2026-08-11,0.015469058,0.070147015,0.013995822,0.02002015,1.1051836
4995,2026-08-11,0.0162742,0.013041454,0.01493281,0.016010325,1.0897554
6556,2026-08-11,0.014939785,-0.013154356,0.013897552,0.017962983,1.0749166
6949,2026-08-11,0.015936304,0.0020553446,0.014858567,0.016201483,1.0724608
5878,2026-08-11,0.021387419,-0.017553521,0.020036899,0.02053889,1.0673484
1418,2026-08-11,0.018742304,0.058842827,0.017626218,0.017440397,1.0632592
6216,2026-08-11,0.017713483,0.0039510736,0.01666235,0.019973379,1.0630206
8422,2026-08-11,0.022182222,-0.09591678,0.021690013,0.028432855,1.0226457
8105,2026-08-11,0.025515564,-0.054895334,0.025155986,0.03340316,1.0142536
3259,2026-08-11,0.01616916,-0.050151665,0.01598132,0.019520668,1.0116904
7769,2026-08-11,0.012170927,-0.02837689,0.012033468,0.007678908,1.011339
8027,2026-08-11,0.020336015,-0.08094346,0.02066019,0.029808551,0.9842616
2415,2026-08-11,0.014739501,0.0176628,0.014993869,0.016615098,0.98296964
1731,2026-08-11,0.014578813,-0.03788236,0.014971389,0.016489089,0.97371316
3563,2026-08-11,0.012189041,-0.03394515,0.012743977,0.012412568,0.95637995
8938,2026-08-11,0.021136267,-0.017050236,0.02238252,0.021943305,0.94427806
7772,2026-08-11,0.011761573,-0.14614311,0.01261498,0.021215836,0.9322758
1326,2026-08-11,0.015861599,-0.050803374,0.017625714,0.016710106,0.89986134
2617,2026-08-11,0.010254989,0.03228163,0.011403927,0.012524134,0.8991719
3443,2026-08-11,0.011713664,-0.038152203,0.013037291,0.014851255,0.89840484
2314,2026-08-11,0.017334377,-0.07582119,0.019579832,0.023853762,0.8852728
6271,2026-08-11,0.01537444,-0.06728414,0.017547356,0.024056224,0.87611854
4169,2026-08-11,0.017476283,0.002958505,0.02021362,0.019286154,0.86453676
6757,2026-08-11,0.009265109,-0.0027266473,0.010987819,0.013237521,0.8431396
6725,2026-08-11,0.010267659,-0.11515497,0.01223863,0.014598187,0.8388864
2633,2026-08-11,0.014212181,0.0727078,0.016946463,0.02092403,0.83860224
6527,2026-08-11,0.010316903,-0.0075041936,0.012731892,0.016625572,0.810256
2880,2026-08-11,0.016752081,0.044500694,0.020682273,0.02155107,0.8099337
3289,2026-08-11,0.012237753,-0.14156246,0.015172804,0.016586274,0.80650526
6182,2026-08-11,0.03086888,-0.12808098,0.038956776,0.037591618,0.79236764
9942,2026-08-11,0.012077961,-0.023861894,0.015419186,0.015549041,0.7832565
8446,2026-08-11,0.010288405,-0.004742688,0.01313876,0.011736399,0.78299797
5348,2026-08-11,0.008417269,-0.07043824,0.011194573,0.01621664,0.75183904
6240,2026-08-11,0.020348553,0.0024747062,0.027281562,0.024763683,0.74584466
4529,2026-08-11,0.02050364,0.07282317,0.027580367,0.032081667,0.74338734
1452,2026-08-11,0.008053769,-0.010863787,0.010898607,0.015410912,0.73890454
2313,2026-08-11,0.009600681,-0.048248067,0.013015789,0.015973164,0.7375614
5299,2026-08-11,0.015507561,-0.0372156,0.021065194,0.020460095,0.7361349
6125,2026-08-11,0.018903645,-0.066965416,0.026158297,0.028598102,0.7226358
3527,2026-08-11,0.008284466,-0.04207481,0.01157398,0.015696254,0.7157219
2485,2026-08-11,0.028786005,-0.025046892,0.04041917,0.045791905,0.7121694
8104,2026-08-11,0.0093490835,-0.045863166,0.013243931,0.017475797,0.7058612
6419,2026-08-11,0.009367813,-0.13556072,0.013435143,0.01668858,0.69721
6186,2026-08-11,0.014433416,-0.041124772,0.020740904,0.019707685,0.69585776
2603,2026-08-11,0.0070497235,0.03428476,0.010740343,0.0129667865,0.65631676
5355,2026-08-11,0.0108387405,-0.0020603419,0.016608754,0.017466491,0.6525527
2948,2026-08-11,0.01055487,-0.040552024,0.016282044,0.017607493,0.6482123
6192,2026-08-11,0.009322196,-0.05262719,0.014760282,0.0150453765,0.6315302
3567,2026-08-11,0.007340322,-0.08357069,0.011760493,0.013867052,0.62409776
5009,2026-08-11,0.0110906465,-0.007339154,0.017783292,0.018109458,0.62362033
4439,2026-08-11,0.007760385,-0.0025893454,0.01248717,0.0152764125,0.6214189
2945,2026-08-11,0.009143574,0.013930082,0.014821387,0.01821654,0.61687595
6590,2026-08-11,0.00886689,-0.08135219,0.014418209,0.014931149,0.614936
8477,2026-08-11,0.007872185,-0.01883084,0.012947992,0.015071927,0.607938
8083,2026-08-11,0.0077992273,-0.042641792,0.012880601,0.016295746,0.6054548
6175,2026-08-11,0.007958131,-0.059862535,0.013627476,0.013676888,0.583934
3583,2026-08-11,0.007978325,-0.024689054,0.013668315,0.0153512815,0.58366674
5220,2026-08-11,0.006574298,-0.026568526,0.011389677,0.014194908,0.57716477
4924,2026-08-11,0.008734007,-0.034966685,0.015267521,0.015702529,0.5720271
6924,2026-08-11,0.008963643,-0.025906563,0.016155777,0.018904824,0.5547915
4543,2026-08-11,0.0075818645,-0.053413466,0.013728417,0.014069168,0.55223495
3615,2026-08-11,0.013540856,-0.033353794,0.024601517,0.02592654,0.55038494
2542,2026-08-11,0.022356506,0.10489531,0.041254576,0.04246735,0.54190266
1781,2026-08-11,0.0068702754,0.024676817,0.012713817,0.012842712,0.54033613
3122,2026-08-11,0.007382236,-0.05471306,0.014091041,0.01855729,0.52385855
6526,2026-08-11,0.0058861906,-0.057877976,0.011289745,0.013352485,0.5213288
7753,2026-08-11,0.007206292,-0.07671209,0.014101293,0.01819797,0.5110014
2434,2026-08-11,0.008620467,-0.03183033,0.01697676,0.013126725,0.5077505
6862,2026-08-11,0.008492474,-0.06107805,0.01675565,0.018571569,0.5068122
8341,2026-08-11,0.0074903755,0.0018378783,0.01481943,0.015314474,0.50540876
6831,2026-08-11,0.008512505,0.018076727,0.017255666,0.024080234,0.49328795
6435,2026-08-11,0.009414883,-0.092249155,0.019172832,0.01885476,0.4910277
8114,2026-08-11,0.008590405,-0.062438432,0.018410359,0.018173419,0.4665818
6613,2026-08-11,0.005538856,-0.032621156,0.012027324,0.011517553,0.46048445
3008,2026-08-11,0.0071275285,-0.015099863,0.015707891,0.019041246,0.45372576
6895,2026-08-11,0.0069409534,-0.09119299,0.015537272,0.0182209,0.44670045
7805,2026-08-11,0.0057440596,-0.11286868,0.013215198,0.015412366,0.43462268
2882,2026-08-11,0.008411707,0.010825126,0.019390639,0.020801028,0.4337801
3229,2026-08-11,0.010070326,-0.019167079,0.023830516,0.02288608,0.42256337
2063,2026-08-11,0.0041043735,-0.013729288,0.00979037,0.014022203,0.41918275
5215,2026-08-11,0.0049700467,-0.026239904,0.012526758,0.014714206,0.39672273
9904,2026-08-11,0.00689585,0.085691355,0.017724488,0.02048933,0.38903582
6491,2026-08-11,0.005597637,-0.009282845,0.01445155,0.013291061,0.38731137
1304,2026-08-11,0.005659447,-0.041874494,0.014630229,0.016673576,0.38680598
8150,2026-08-11,0.0062968135,-0.09557336,0.017791027,0.01767215,0.3539121
1734,2026-08-11,0.0039000132,0.001764638,0.011232269,0.011290551,0.34718415
8261,2026-08-11,0.00866494,-0.08431115,0.02500027,0.0253361,0.34657997
6936,2026-08-11,0.0046596574,-0.030784393,0.013469975,0.015783142,0.3459035
5469,2026-08-11,0.0035958146,-0.038561568,0.01042882,0.012551402,0.34476286
4953,2026-08-11,0.0036106757,-0.039957114,0.010814,0.012472914,0.33385813
2745,2026-08-11,0.003145825,-0.04108377,0.00987753,0.014840108,0.3184507
6579,2026-08-11,0.005054128,-0.073325366,0.015947837,0.021690655,0.31689632
8210,2026-08-11,0.005212387,-0.048156317,0.016633488,0.017512148,0.3133482
8444,2026-08-11,0.0053306,0.048168167,0.017319158,0.017862896,0.30776855
2412,2026-08-11,0.0054660467,0.018725935,0.017973077,0.017232493,0.30410722
9941,2026-08-11,0.0046105464,0.03134362,0.015178774,0.0149303945,0.3037296
7723,2026-08-11,0.0082960995,-0.09057962,0.027364252,0.030816656,0.3031618
6968,2026-08-11,0.0074819596,-0.02217432,0.025313335,0.027754439,0.29556218
3703,2026-08-11,0.003947068,0.036414918,0.013390553,0.015338361,0.2947431
2548,2026-08-11,0.0066835945,0.051049035,0.022756955,0.024495969,0.29368168
8433,2026-08-11,0.0048050256,-0.023442809,0.016648473,0.018217133,0.28859925
3645,2026-08-11,0.004152623,-0.07452628,0.014643369,0.019823894,0.28356448
8093,2026-08-11,0.0068630646,0.017750092,0.024393626,0.02508368,0.28133512
2482,2026-08-11,0.0044264225,-0.04048486,0.015862068,0.014333677,0.2790395
2515,2026-08-11,0.0067320764,-0.009014501,0.024771234,0.02977352,0.27175894
5356,2026-08-11,0.0045313085,-0.0066206944,0.017065179,0.015663585,0.26551396
3236,2026-08-11,0.0052758935,-0.10409072,0.020008275,0.022279575,0.26367238
6703,2026-08-11,0.0033555408,-0.066327594,0.013104541,0.016311754,0.25603986
3686,2026-08-11,0.004012489,-0.016934099,0.016918989,0.019890463,0.2371449
2401,2026-08-11,0.0029932582,-0.056897003,0.013034034,0.01873327,0.2296318
7715,2026-08-11,0.0034185834,-0.05161015,0.015209474,0.020829452,0.22475193
2504,2026-08-11,0.0032248567,0.02242841,0.015007403,0.014894651,0.21487008
6155,2026-08-11,0.003809193,-0.084538415,0.018171992,0.016099835,0.20960736
1438,2026-08-11,0.0057429033,0.06766412,0.02818892,0.026804365,0.20372188
2375,2026-08-11,0.0051214886,-0.12949726,0.025440149,0.023890702,0.20130728
6830,2026-08-11,0.003920202,-0.11388612,0.020623118,0.024843803,0.19007854
5515,2026-08-11,0.0024817,0.0016769598,0.013365176,0.012985922,0.18567015
8928,2026-08-11,0.0024001063,-0.023252182,0.013382721,0.016788704,0.17933027
4205,2026-08-11,0.001991974,-0.039434716,0.013140605,0.0149318855,0.15157768
2441,2026-08-11,0.0031757196,-0.059607852,0.02098364,0.03100135,0.15133543
6128,2026-08-11,0.0017315798,-0.010226768,0.011551927,0.017464854,0.14988235
2937,2026-08-11,0.0023600357,-0.022112297,0.016018521,0.01592041,0.14732249
6290,2026-08-11,0.0024415513,-0.06259043,0.016878065,0.022035265,0.14464968
6486,2026-08-11,0.002002064,-0.036654226,0.013892313,0.01539629,0.1441027
6768,2026-08-11,0.0031297172,-0.03381453,0.02334162,0.024726154,0.13407737
1315,2026-08-11,0.0019533238,0.024645459,0.014661726,0.01628056,0.13321696
8358,2026-08-11,0.0029982494,-0.09890475,0.024038272,0.02858735,0.124722965
4417,2026-08-11,0.001536223,-0.0016623281,0.012554618,0.013800968,0.122353435
2248,2026-08-11,0.0020099494,-0.04707636,0.016494896,0.019646043,0.12184542
8131,2026-08-11,0.0020405545,-0.048610646,0.017804848,0.023148714,0.11460024
6139,2026-08-11,0.0011670684,-0.09789781,0.012113286,0.017236162,0.09633818
6127,2026-08-11,0.0017286657,-0.08930235,0.01798119,0.022033423,0.0961321
9950,2026-08-11,0.0010627019,-0.00843479,0.011135854,0.013758772,0.09542209
2357,2026-08-11,0.0015894208,-0.02897799,0.016656898,0.014955852,0.09541545
8240,2026-08-11,0.0017826433,-0.08675824,0.018769886,0.020289632,0.09496852
2067,2026-08-11,0.0012648467,-0.018660832,0.016752195,0.0167516,0.075498834
5328,2026-08-11,0.0016948007,-0.10879121,0.026556483,0.02711425,0.06381632
3191,2026-08-11,0.0007223297,0.013148094,0.016162984,0.01922635,0.044687603
8046,2026-08-11,0.00058592635,-0.060612243,0.016148154,0.02109428,0.03628217
5534,2026-08-11,0.00059657433,0.056034423,0.020857112,0.022660654,0.02860155
6281,2026-08-11,3.885627e-05,-0.044531193,0.014314668,0.016641224,0.0027142477
5284,2026-08-11,1.2805747e-05,-0.085044764,0.02080076,0.02908811,0.0006156088
3357,2026-08-11,-8.547232e-05,-0.09417427,0.013436408,0.016272701,-0.0063607744
7713,2026-08-11,-0.00021084622,-0.05492394,0.01491433,0.017676886,-0.014136208
6640,2026-08-11,-0.00063946756,-0.05309968,0.02033822,0.026880082,-0.03144012
3209,2026-08-11,-0.00061765074,-0.036185287,0.018246744,0.01860173,-0.033848062
2547,2026-08-11,-0.0009922669,0.059292294,0.019382482,0.017056298,-0.051191363
8155,2026-08-11,-0.0009590664,-0.106393,0.016670648,0.023475531,-0.05752679
6226,2026-08-11,-0.0017100985,-0.08883912,0.02617268,0.032785043,-0.06533657
6239,2026-08-11,-0.0014883301,-0.0884018,0.01906061,0.023534412,-0.078079976
7819,2026-08-11,-0.0012274109,-0.13596751,0.01469638,0.01956651,-0.08351222
3164,2026-08-11,-0.0012667964,-0.07507345,0.015105406,0.017506491,-0.08385822
2431,2026-08-11,-0.0016734409,-0.014953732,0.01473422,0.017285496,-0.11356742
5347,2026-08-11,-0.0020621133,-0.06651001,0.017340137,0.021152843,-0.11891454
4950,2026-08-11,-0.0016165463,-0.020684635,0.012148001,0.012568669,-0.13306001
6140,2026-08-11,-0.0020883658,-0.0867126,0.013537784,0.016915306,-0.15425062
7827,2026-08-11,-0.0022857666,-0.010324969,0.014432326,0.02295561,-0.15836728
3169,2026-08-11,-0.0021181228,-0.098747306,0.0129640475,0.016503239,-0.16337177
1531,2026-08-11,-0.0029435947,-0.053963594,0.017557416,0.019024111,-0.1676458
2427,2026-08-11,-0.0029477524,-0.0670094,0.016304968,0.018599132,-0.18077752
7750,2026-08-11,-0.0020637016,-0.0643453,0.011331525,0.012953791,-0.1821043
3305,2026-08-11,-0.001951785,-0.083900906,0.010514316,0.017151648,-0.18561353
5016,2026-08-11,-0.0026521902,-0.009940775,0.01422204,0.01622815,-0.1864714
6859,2026-08-11,-0.0020804624,-0.07371456,0.010991435,0.013689167,-0.1892631
9943,2026-08-11,-0.0020783336,-0.02951077,0.010954856,0.013911278,-0.18970071
4754,2026-08-11,-0.0031081534,-0.09903769,0.016196622,0.020115983,-0.1918895
9925,2026-08-11,-0.0028640712,0.00025645332,0.014428335,0.015485613,-0.19848947
2367,2026-08-11,-0.0038468281,-0.04006259,0.018315315,0.023370305,-0.21002194
4771,2026-08-11,-0.0030043488,-0.05599483,0.013868451,0.015609094,-0.21661627
9958,2026-08-11,-0.0033197587,-0.012644533,0.015055322,0.016356705,-0.22048935
3324,2026-08-11,-0.0038274045,-0.05431293,0.016242228,0.017230097,-0.23563077
3058,2026-08-11,-0.003233994,-0.019984413,0.013464341,0.014119418,-0.2401717
3570,2026-08-11,-0.0033719132,-0.066851094,0.013978285,0.014547936,-0.24120784
2233,2026-08-11,-0.0043153246,-0.123645976,0.017287962,0.020573748,-0.24959998
5203,2026-08-11,-0.0029522413,-0.08232511,0.011682118,0.016694162,-0.2526929
5228,2026-08-11,-0.003644056,-0.063478865,0.014016566,0.021014126,-0.2599635
4999,2026-08-11,-0.0033062298,-0.0843958,0.0125903245,0.015919808,-0.26257998
4952,2026-08-11,-0.0029629676,-0.061889965,0.011252342,0.014534312,-0.2632967
1590,2026-08-11,-0.0036504953,-0.007495175,0.013509509,0.012617077,-0.2701967
4532,2026-08-11,-0.0044975425,-0.022767985,0.01603581,0.019206692,-0.28045118
2408,2026-08-11,-0.005517161,-0.091407776,0.019024068,0.022170022,-0.28999427
5455,2026-08-11,-0.0059682275,-0.033928376,0.020537052,0.02214277,-0.29059365
7705,2026-08-11,-0.004514506,-0.06973373,0.015334677,0.017168429,-0.29437932
3653,2026-08-11,-0.0035808696,-0.0052442453,0.012080483,0.014386123,-0.29639322
2388,2026-08-11,-0.0071545662,-0.034438267,0.024052463,0.029506728,-0.2974443
6103,2026-08-11,-0.0053291344,-0.07087519,0.01781852,0.0218415,-0.29906163
8049,2026-08-11,-0.0046833726,-0.037761077,0.01557793,0.01564066,-0.30062222
2114,2026-08-11,-0.0039168866,-0.015915785,0.012237552,0.015835652,-0.32004493
9911,2026-08-11,-0.005003655,-0.0043891193,0.015383048,0.015533224,-0.32524955
1708,2026-08-11,-0.004455624,-0.02286288,0.013671317,0.015719142,-0.32588655
4711,2026-08-11,-0.0067774304,-0.025085008,0.020476716,0.022619613,-0.33096614
2845,2026-08-11,-0.0055598114,0.043634452,0.01591969,0.02081869,-0.34921926
2891,2026-08-11,-0.0059220674,0.021841222,0.016875794,0.016504819,-0.35090002
1402,2026-08-11,-0.004069456,0.004770709,0.011428478,0.0110742645,-0.35604912
1802,2026-08-11,-0.006521529,-0.04382832,0.018287659,0.02347576,-0.3565887
4772,2026-08-11,-0.006103039,-0.13000925,0.016765576,0.020355258,-0.3640003
1307,2026-08-11,-0.00487458,-0.0151854595,0.013179481,0.016745595,-0.36983323
0056,2026-08-11,-0.005447365,-0.0078022694,0.014153893,0.018012919,-0.38483968
5324,2026-08-11,-0.0054797325,0.020121833,0.014027737,0.017125964,-0.39060768
2420,2026-08-11,-0.0066586356,-0.038466733,0.01670121,0.020101901,-0.39866793
2380,2026-08-11,-0.0055463496,-0.104103796,0.013583492,0.017366553,-0.40828538
6863,2026-08-11,-0.00815849,-0.040466316,0.019634323,0.018388627,-0.41550067
4116,2026-08-11,-0.0058758277,-0.039266214,0.013962376,0.01573032,-0.4208028
6411,2026-08-11,-0.0055585643,-0.055821694,0.013140786,0.017194888,-0.4229687
5905,2026-08-11,-0.009543357,0.003209955,0.022259537,0.025583155,-0.42871192
3135,2026-08-11,-0.010734931,-0.20453389,0.02488037,0.031853493,-0.4314445
6706,2026-08-11,-0.007866618,-0.12147066,0.017801903,0.020388192,-0.44187278
3218,2026-08-11,-0.006332352,-0.06616689,0.014307038,0.01742939,-0.44257304
3432,2026-08-11,-0.0072451243,-0.05080109,0.015993265,0.017964482,-0.4529826
2472,2026-08-11,-0.006363372,-0.08139338,0.013147499,0.016503418,-0.48396182
2342,2026-08-11,-0.009822754,-0.13591324,0.019969124,0.026108872,-0.49187246
6643,2026-08-11,-0.016502062,-0.09689774,0.032510016,0.03348757,-0.50758374
2495,2026-08-11,-0.007632028,-0.073171735,0.014823715,0.0169184,-0.51481783
2390,2026-08-11,-0.0063756253,-0.04099038,0.012254025,0.015613873,-0.5202458
6690,2026-08-11,-0.005844337,-0.088124946,0.0112293605,0.014546784,-0.5204051
2886,2026-08-11,-0.0072033284,-0.02109021,0.013581011,0.016159238,-0.530358
5243,2026-08-11,-0.009489497,-0.08783991,0.017815541,0.02029707,-0.5326229
2323,2026-08-11,-0.011613567,-0.05494809,0.020559996,0.02026566,-0.56483483
8255,2026-08-11,-0.009604363,-0.072505355,0.01608111,0.018744964,-0.5972079
6782,2026-08-11,-0.0068645678,-0.054119013,0.011484495,0.013636533,-0.59767276
7803,2026-08-11,-0.007934039,-0.044329915,0.013212546,0.018064754,-0.6004474
1437,2026-08-11,-0.009262651,0.0017791013,0.015305772,0.01938959,-0.6051342
4707,2026-08-11,-0.018862782,-0.15229441,0.030896941,0.040600937,-0.6104867
2419,2026-08-11,-0.008301327,-0.07562109,0.013005018,0.013348686,-0.6382681
1240,2026-08-11,-0.011999455,-0.034609143,0.018643856,0.022895444,-0.6435799
6838,2026-08-11,-0.013650647,-0.015883487,0.021113476,0.020555811,-0.64650655
8048,2026-08-11,-0.014498013,-0.14837264,0.022108708,0.024592862,-0.65573066
3031,2026-08-11,-0.012032223,-0.09153817,0.01806541,0.024263239,-0.66599965
3455,2026-08-11,-0.016964532,-0.13446245,0.02545585,0.032694295,-0.6664035
2354,2026-08-11,-0.012479396,0.009675951,0.01867627,0.02046093,-0.6681595
1313,2026-08-11,-0.010757148,-0.053604767,0.015446585,0.018314615,-0.6963644
8410,2026-08-11,-0.012266034,-0.06769755,0.017612722,0.017198285,-0.6963908
8067,2026-08-11,-0.01063191,-0.044475444,0.014699016,0.015142938,-0.7232584
6124,2026-08-11,-0.011557766,0.015048281,0.015834944,0.01917481,-0.7298438
1709,2026-08-11,-0.013153733,-0.01684152,0.017929193,0.026764521,-0.733608
6722,2026-08-11,-0.010372724,-0.038377263,0.01380816,0.015625808,-0.7511481
2509,2026-08-11,-0.013049499,-0.038217496,0.017088765,0.01676851,-0.7635856
6207,2026-08-11,-0.024645563,-0.11057771,0.03219285,0.040928856,-0.7655364
4554,2026-08-11,-0.0071624746,-0.059070785,0.0093174465,0.012998575,-0.76863396
6944,2026-08-11,-0.010268747,-0.11646951,0.0133340685,0.016153451,-0.7700558
5276,2026-08-11,-0.011890308,-0.023982367,0.015366258,0.019565266,-0.773743
3691,2026-08-11,-0.01307747,-0.16019224,0.016894128,0.020523408,-0.7740379
6727,2026-08-11,-0.018821748,-0.03641865,0.024086973,0.029601455,-0.78137535
6142,2026-08-11,-0.012609896,-0.009573851,0.016095517,0.019563759,-0.78339285
3481,2026-08-11,-0.018694213,-0.12989187,0.023314098,0.030643534,-0.80180717
2606,2026-08-11,-0.0110926125,0.036824066,0.013631954,0.016086776,-0.8136617
3672,2026-08-11,-0.013297388,-0.009485632,0.016329028,0.020248914,-0.8142906
3188,2026-08-11,-0.020608898,-0.03064752,0.025217736,0.026667235,-0.81720585
4974,2026-08-11,-0.010939517,-0.053129926,0.0133007765,0.013986374,-0.8224102
2107,2026-08-11,-0.010986924,-0.0030341903,0.013283684,0.018923523,-0.8270369
3485,2026-08-11,-0.010602991,-0.15069732,0.012782598,0.02038178,-0.8294215
6206,2026-08-11,-0.016081095,-0.030239224,0.019308588,0.02356569,-0.8328036
3349,2026-08-11,-0.017235365,0.02169972,0.020640062,0.021800198,-0.83500373
4138,2026-08-11,-0.014218729,-0.058983684,0.016619725,0.018593833,-0.85548186
1806,2026-08-11,-0.011828647,-0.016167842,0.013574945,0.015086244,-0.87129456
3272,2026-08-11,-0.015365467,-0.090915345,0.01736455,0.020328304,-0.88482463
3522,2026-08-11,-0.009681779,-0.026809542,0.010922543,0.01743339,-0.8863222
3516,2026-08-11,-0.011319345,-0.042048182,0.01275094,0.012618825,-0.8876566
2820,2026-08-11,-0.010584879,0.03991089,0.011692046,0.015741132,-0.9052285
6592,2026-08-11,-0.011330968,0.011684749,0.0124271335,0.016052037,-0.91171914
6212,2026-08-11,-0.026108032,-0.028841086,0.028315993,0.02693744,-0.9219917
5344,2026-08-11,-0.015170151,-0.086090334,0.01641833,0.017346423,-0.9239202
4755,2026-08-11,-0.012950438,-0.08540301,0.01400396,0.018213851,-0.92470366
8201,2026-08-11,-0.011639786,-0.04886615,0.012566605,0.018236889,-0.92617375
2739,2026-08-11,-0.0130413165,-0.06811628,0.013973666,0.013120154,-0.93321127
6606,2026-08-11,-0.011819226,-0.031115767,0.012647437,0.014448515,-0.93444157
3546,2026-08-11,-0.012303817,-0.05224296,0.013041913,0.012920541,-0.94333357
6165,2026-08-11,-0.013346827,-0.03818442,0.014076799,0.016239611,-0.9480762
6874,2026-08-11,-0.009999405,-0.08643354,0.0104745785,0.016398944,-0.95454437
5704,2026-08-11,-0.015151373,-0.020171737,0.015845127,0.014749111,-0.9561562
3707,2026-08-11,-0.022107678,-0.11160333,0.02259018,0.026875008,-0.9785977
6535,2026-08-11,-0.013108734,-0.024481272,0.013325054,0.015776878,-0.98369205
1626,2026-08-11,-0.012939439,-0.02710007,0.0130641945,0.011720998,-0.99037474
1815,2026-08-11,-0.02241177,-0.06397622,0.022572745,0.021112565,-0.9928246
1340,2026-08-11,-0.016964538,-0.045412682,0.017062034,0.015931832,-0.99422747
4938,2026-08-11,-0.015952107,0.004310324,0.015970532,0.016361907,-0.99878377
1472,2026-08-11,-0.021620313,-0.08378086,0.021564253,0.027008409,-1.0025532
8103,2026-08-11,-0.017560396,-0.118703574,0.01741915,0.018304558,-1.0080508
4502,2026-08-11,-0.01408943,-0.028442783,0.013972598,0.01561785,-1.0082893
9949,2026-08-11,-0.016063083,-0.08594751,0.01592719,0.020102669,-1.0084687
3028,2026-08-11,-0.019261979,-0.08027892,0.018978937,0.021404488,-1.01486
1416,2026-08-11,-0.02024233,-0.046876725,0.019874914,0.018132428,-1.0184351
8367,2026-08-11,-0.014454028,-0.045682583,0.014170283,0.013156793,-1.0199519
5269,2026-08-11,-0.017843693,-0.08127949,0.017397871,0.017779125,-1.0255661
3171,2026-08-11,-0.0143360775,-0.07266914,0.013945028,0.013242466,-1.0279685
8466,2026-08-11,-0.022551443,-0.018639335,0.021809377,0.019667948,-1.0339777
2926,2026-08-11,-0.014213967,-0.066045955,0.013711849,0.014559836,-1.0365436
6506,2026-08-11,-0.017168837,-0.05541607,0.016526194,0.017756188,-1.0388234
2915,2026-08-11,-0.016157972,0.011200581,0.01551178,0.014679638,-1.0415909
5493,2026-08-11,-0.014442851,-0.101649,0.013860943,0.01787567,-1.0419067
4720,2026-08-11,-0.018805917,-0.11806183,0.017983515,0.020728005,-1.0456728
2351,2026-08-11,-0.019381674,-0.091246955,0.018381868,0.019130591,-1.0543336
1795,2026-08-11,-0.017459316,-0.048808493,0.016440697,0.014170949,-1.0618926
6561,2026-08-11,-0.011781952,-0.049168106,0.01100744,0.009316667,-1.0702653
2399,2026-08-11,-0.018658541,-0.089790024,0.017360521,0.021720124,-1.0747066
4102,2026-08-11,-0.0107600335,-0.0048655486,0.010002004,0.011786752,-1.0756801
3532,2026-08-11,-0.021931307,-0.044392485,0.020355284,0.019929748,-1.0773728
4173,2026-08-11,-0.016312314,-0.05817189,0.015048692,0.016178066,-1.0838969
2453,2026-08-11,-0.014763575,-0.08198407,0.013513599,0.017292874,-1.0924168
3715,2026-08-11,-0.029132681,-0.00197003,0.02641801,0.03352582,-1.1027166
1776,2026-08-11,-0.01590379,-0.055162463,0.014381588,0.014228156,-1.1057669
6179,2026-08-11,-0.019464998,-0.09010312,0.017318184,0.018255731,-1.1238981
6242,2026-08-11,-0.015672041,-0.06885024,0.013777611,0.018043762,-1.137418
2243,2026-08-11,-0.023990802,0.01479152,0.020580582,0.022391083,-1.1656442
8942,2026-08-11,-0.0149703175,0.015728004,0.012797201,0.015795661,-1.1697204
3221,2026-08-11,-0.03179963,-0.12516771,0.027020276,0.03238679,-1.1768367
1570,2026-08-11,-0.015983695,-0.08682653,0.013554249,0.017275872,-1.1791517
3022,2026-08-11,-0.031945094,-0.06738985,0.026832407,0.028308297,-1.1904972
4183,2026-08-11,-0.017113678,-0.070544675,0.014373612,0.021683587,-1.1905489
3390,2026-08-11,-0.014147727,-0.086538345,0.011600028,0.015061101,-1.2195235
3587,2026-08-11,-0.021804035,-0.15059194,0.017799307,0.023274431,-1.2249247
2892,2026-08-11,-0.01858625,-0.019056886,0.015099546,0.013967494,-1.2308329
2615,2026-08-11,-0.016921945,-0.037601594,0.013721811,0.015425678,-1.2331253
1220,2026-08-11,-0.018991323,0.006024466,0.01524316,0.014599147,-1.2458098
5452,2026-08-11,-0.023963805,-0.124684125,0.019221183,0.021101456,-1.2466745
6552,2026-08-11,-0.017980678,-0.09660392,0.014375726,0.021184579,-1.2506796
1615,2026-08-11,-0.016871035,-0.039800335,0.013446617,0.014271499,-1.2545743
5483,2026-08-11,-0.022788677,-0.15243003,0.0179582,0.020128878,-1.2689139
6194,2026-08-11,-0.01991916,-0.1091698,0.015602914,0.016442388,-1.276549
7828,2026-08-11,-0.01921481,-0.0512202,0.015043907,0.021147542,-1.2771639
1514,2026-08-11,-0.015922826,-0.06596808,0.012445392,0.01558878,-1.2793125
2867,2026-08-11,-0.019647073,0.009460646,0.015276387,0.016405879,-1.286023
8936,2026-08-11,-0.01588595,-0.059304617,0.012342403,0.016864067,-1.2869991
3081,2026-08-11,-0.025428118,-0.07980113,0.019616248,0.02466958,-1.2962123
3167,2026-08-11,-0.028734457,-0.046183396,0.022010986,0.020357475,-1.3054005
8111,2026-08-11,-0.037629332,-0.11433457,0.028574942,0.042201918,-1.3168186
7747,2026-08-11,-0.015621487,-0.077831306,0.011838241,0.012745732,-1.319467
3528,2026-08-11,-0.015720664,-0.07574516,0.011824571,0.013241863,-1.3293788
1301,2026-08-11,-0.019000348,-0.07573818,0.014240328,0.0151248835,-1.3341696
4909,2026-08-11,-0.034635857,-0.16601178,0.025946464,0.03224724,-1.3348455
6881,2026-08-11,-0.01662165,-0.07621123,0.012427982,0.0125966845,-1.3373299
4942,2026-08-11,-0.01905829,-0.04023973,0.014152286,0.017916247,-1.346563
6180,2026-08-11,-0.014970021,-0.020432655,0.011104475,0.01801456,-1.3479856
6020,2026-08-11,-0.034422256,-0.01596715,0.025471507,0.024536528,-1.3513494
2596,2026-08-11,-0.020447714,-0.028650753,0.01495877,0.017048981,-1.3668468
1760,2026-08-11,-0.015711289,-0.017343367,0.011453825,0.013596106,-1.3715869
3033,2026-08-11,-0.032118373,-0.072739504,0.023332156,0.02871508,-1.3765122
6472,2026-08-11,-0.020794721,-0.07562985,0.015038217,0.019332042,-1.3826997
1907,2026-08-11,-0.02487039,0.0007038237,0.01792718,0.022731377,-1.3872234
3078,2026-08-11,-0.025039613,-0.08550976,0.018016506,0.019485872,-1.389738
8423,2026-08-11,-0.02370545,-0.069644384,0.01704822,0.018736972,-1.3904127
4534,2026-08-11,-0.035016846,-0.06184651,0.025152098,0.029001817,-1.3921484
6198,2026-08-11,-0.039402317,-0.074026175,0.028188944,0.028271642,-1.3977437
2429,2026-08-11,-0.02744149,-0.07490676,0.019506557,0.023074541,-1.4067107
6199,2026-08-11,-0.047624115,-0.046115723,0.03353114,0.03549521,-1.4202528
2883,2026-08-11,-0.024447283,-0.028911628,0.017168026,0.019700944,-1.4239178
4568,2026-08-11,-0.020362059,-0.073074944,0.01425968,0.018658638,-1.4278462
3556,2026-08-11,-0.025049705,-0.08174348,0.017459739,0.01874083,-1.4346303
3354,2026-08-11,-0.0372932,-0.14423783,0.025244998,0.027540948,-1.4771925
6222,2026-08-11,-0.03234024,-0.05808091,0.021709755,0.029008104,-1.4895953
6873,2026-08-11,-0.025540924,-0.10147939,0.017085621,0.02313774,-1.4947908
6208,2026-08-11,-0.019060241,-0.084714696,0.012729047,0.013637831,-1.497264
3152,2026-08-11,-0.029930377,-0.2059831,0.019956816,0.022275865,-1.499682
8437,2026-08-11,-0.027923696,-0.06804577,0.01855499,0.018861057,-1.5048347
6811,2026-08-11,-0.022175277,-0.053423565,0.014637196,0.014684155,-1.5148913
2235,2026-08-11,-0.031860717,-0.08228278,0.021004155,0.025596533,-1.5168046
6531,2026-08-11,-0.025531752,-0.058198497,0.01640727,0.0151667595,-1.5560294
4736,2026-08-11,-0.016575586,-0.040480353,0.010637501,0.015534803,-1.5580753
2105,2026-08-11,-0.026253637,0.0055685784,0.016841885,0.018827403,-1.5587375
5512,2026-08-11,-0.021957593,0.011099672,0.014073078,0.01588936,-1.5601443
9933,2026-08-11,-0.026007835,0.033351596,0.016663518,0.019069156,-1.5606713
1608,2026-08-11,-0.026084483,0.007834467,0.016644988,0.020645186,-1.5670131
4526,2026-08-11,-0.026273591,-0.083926775,0.016688893,0.018122446,-1.5742217
4916,2026-08-11,-0.024971377,-0.09659888,0.015850198,0.018150132,-1.5753622
6861,2026-08-11,-0.025704574,-0.19281222,0.016292991,0.020223824,-1.5775492
3580,2026-08-11,-0.024279034,-0.14883779,0.015386914,0.0203014,-1.5777988
3492,2026-08-11,-0.024398211,-0.076793715,0.015430147,0.016043983,-1.5811017
3162,2026-08-11,-0.022967357,-0.09695603,0.014412437,0.019060433,-1.5934684
2949,2026-08-11,-0.016774766,-0.025783483,0.010520828,0.014275614,-1.5942825
4401,2026-08-11,-0.023514617,-0.06803541,0.014745722,0.016475087,-1.5945657
3306,2026-08-11,-0.026857127,-0.09671806,0.016580924,0.021543676,-1.6196628
2762,2026-08-11,-0.025532417,-0.03611683,0.015705112,0.015781187,-1.6256356
2897,2026-08-11,-0.025781572,0.047815382,0.015840279,0.017536592,-1.627493
5351,2026-08-11,-0.037956066,-0.12434637,0.023320543,0.025892539,-1.6275109
6219,2026-08-11,-0.04523424,0.009728241,0.02775505,0.025341418,-1.6297075
1617,2026-08-11,-0.025607944,-0.022453794,0.01567799,0.022466743,-1.6332648
6732,2026-08-11,-0.03479053,-0.1817271,0.021210061,0.021418085,-1.6402069
3311,2026-08-11,-0.022327358,-0.0628887,0.013568247,0.014876149,-1.6454382
5701,2026-08-11,-0.019723129,-0.047219314,0.011964967,0.009432558,-1.6482687
3288,2026-08-11,-0.031024257,-0.10756239,0.018796222,0.018065842,-1.6504703
5425,2026-08-11,-0.035941396,-0.09654269,0.02155852,0.025915347,-1.6670778
1540,2026-08-11,-0.02450936,-0.06725958,0.014697382,0.0156956,-1.6674868
1341,2026-08-11,-0.02467329,-0.031072287,0.014794634,0.014599019,-1.6676061
5223,2026-08-11,-0.028235376,-0.059569273,0.016927851,0.022980187,-1.667885
2204,2026-08-11,-0.027783552,-0.018346976,0.01649071,0.014756615,-1.684698
6284,2026-08-11,-0.028134938,-0.08552669,0.016641743,0.016705884,-1.6905228
6202,2026-08-11,-0.02382044,-0.07761498,0.014074,0.01654437,-1.6923935
2536,2026-08-11,-0.03301918,0.07228694,0.019380782,0.021675795,-1.7036195
6465,2026-08-11,-0.02912811,-0.07674218,0.017070891,0.01915417,-1.7062029
4972,2026-08-11,-0.036351886,-0.09270361,0.021280559,0.024963807,-1.7081401
2608,2026-08-11,-0.022656048,-0.009053157,0.013227641,0.015912756,-1.7126513
2247,2026-08-11,-0.016794208,-0.029518208,0.009790243,0.014735208,-1.7152275
1711,2026-08-11,-0.037776597,-0.082086734,0.021994857,0.026257638,-1.7174414
7792,2026-08-11,-0.027835386,-0.14570564,0.016157953,0.01994748,-1.7225983
7757,2026-08-11,-0.043630615,-0.09119514,0.02532311,0.028959865,-1.7228884
8070,2026-08-11,-0.02504519,-0.025889972,0.014527186,0.014272644,-1.7239034
4167,2026-08-11,-0.019081533,-0.061192077,0.011012434,0.012822383,-1.7325689
6415,2026-08-11,-0.02347731,-0.06988175,0.013546759,0.016968263,-1.7329293
7711,2026-08-11,-0.026335241,-0.13171476,0.015075566,0.019650217,-1.7467664
6767,2026-08-11,-0.022586083,-0.05475653,0.012741709,0.015958034,-1.7724711
1558,2026-08-11,-0.022174163,-0.055681244,0.012462862,0.015756857,-1.7790763
4433,2026-08-11,-0.026839796,-0.09206419,0.015076694,0.017012756,-1.7800995
3664,2026-08-11,-0.03921645,-0.05189416,0.021862565,0.024265382,-1.7936897
4528,2026-08-11,-0.02520697,-0.10410827,0.013870767,0.015363156,-1.8171419
1210,2026-08-11,-0.031129839,0.002458969,0.01708337,0.017596105,-1.822124
1103,2026-08-11,-0.030445615,0.005572708,0.016609486,0.017933354,-1.8329153
2206,2026-08-11,-0.020699928,0.014822632,0.01128986,0.010588188,-1.8333348
8043,2026-08-11,-0.042031568,-0.14765437,0.022855755,0.033140797,-1.8389122
1218,2026-08-11,-0.024161514,-0.044279702,0.012955232,0.0122746825,-1.8648566
6512,2026-08-11,-0.02176312,-0.08689131,0.01160184,0.014447196,-1.8756717
2609,2026-08-11,-0.02719066,-0.013985523,0.014398792,0.011806068,-1.8882675
2497,2026-08-11,-0.030302994,-0.10600765,0.016005505,0.016868612,-1.8931674
7744,2026-08-11,-0.037766814,-0.13574071,0.019868439,0.020404413,-1.9007488
6910,2026-08-11,-0.030531384,-0.10966817,0.016060164,0.01697774,-1.9009446
6123,2026-08-11,-0.026633268,-0.06095287,0.013991196,0.015284744,-1.9034374
5522,2026-08-11,-0.026960548,-0.021598596,0.014110204,0.014253588,-1.9105774
1459,2026-08-11,-0.024705268,-0.070235744,0.012905786,0.01527639,-1.9141302
8080,2026-08-11,-0.026366899,0.002564212,0.01375725,0.0145574305,-1.9164428
3362,2026-08-11,-0.04330611,-0.105150975,0.022589335,0.024708932,-1.9170192
4939,2026-08-11,-0.045172,-0.029838663,0.023324292,0.030036857,-1.9366102
3372,2026-08-11,-0.023742747,-0.054985803,0.012253765,0.016458346,-1.9374298
6790,2026-08-11,-0.023809688,-0.0071569392,0.012280548,0.01667249,-1.9386553
1515,2026-08-11,-0.047794953,-0.094175726,0.024582015,0.029378254,-1.9442266
6185,2026-08-11,-0.027209358,-0.09488297,0.013917903,0.018617762,-1.9548492
6887,2026-08-11,-0.03609457,-0.039110437,0.018442757,0.020642351,-1.9570073
6674,2026-08-11,-0.035894595,-0.053583153,0.018252283,0.021676688,-1.9664733
3062,2026-08-11,-0.030415973,-0.13008913,0.015390331,0.01852767,-1.9761755
2732,2026-08-11,-0.023392769,-0.054280955,0.011770401,0.012043153,-1.9872544
3231,2026-08-11,-0.032309778,-0.046175435,0.016250605,0.018564852,-1.9880977
5443,2026-08-11,-0.041150052,-0.13306706,0.020651897,0.024978014,-1.992459
8442,2026-08-11,-0.039765768,-0.081813835,0.019870855,0.02005115,-2.00111
6914,2026-08-11,-0.027769601,-0.05635874,0.01387577,0.012960534,-2.0011573
1453,2026-08-11,-0.035225455,-0.08137218,0.017560348,0.018599426,-2.0058515
3508,2026-08-11,-0.03496759,-0.09424684,0.017430948,0.018884247,-2.0059485
8097,2026-08-11,-0.038521565,-0.047502946,0.019198652,0.018867139,-2.006368
8499,2026-08-11,-0.03907622,-0.10592802,0.01945722,0.021858474,-2.0082116
4588,2026-08-11,-0.03410291,-0.06607099,0.016965818,0.017360773,-2.0099766
8932,2026-08-11,-0.093646206,-0.22770157,0.046542194,0.044775654,-2.012028
4763,2026-08-11,-0.04818993,-0.14702334,0.023743724,0.02292259,-2.0295005
7821,2026-08-11,-0.02917207,-0.08050321,0.0142462915,0.015553471,-2.0475519
2640,2026-08-11,-0.022656377,-0.08203442,0.010991069,0.014389333,-2.0611567
6241,2026-08-11,-0.03934753,-0.028086824,0.019024288,0.02409789,-2.0681698
6730,2026-08-11,-0.022810852,-0.06019733,0.011018135,0.013925138,-2.0701127
5398,2026-08-11,-0.030448763,-0.10509685,0.0146355275,0.01874121,-2.080327
6265,2026-08-11,-0.08303601,-0.09980402,0.039695226,0.04797795,-2.0917861
5511,2026-08-11,-0.065922774,-0.06022018,0.031483345,0.037522536,-2.0938272
2634,2026-08-11,-0.0298981,-0.060598757,0.01417101,0.012870528,-2.1096582
4706,2026-08-11,-0.025688859,-0.050586335,0.012175714,0.012851882,-2.1096709
9929,2026-08-11,-0.03348147,-0.047485176,0.015828436,0.017156892,-2.1151397
2211,2026-08-11,-0.02394007,-0.008713547,0.011311271,0.013548249,-2.116292
6270,2026-08-11,-0.050101675,-0.09164098,0.023606392,0.019824468,-2.1222875
2546,2026-08-11,-0.037821434,-0.031815715,0.01775753,0.019417211,-2.1297617
1733,2026-08-11,-0.027420469,-0.05588964,0.0128445225,0.016955538,-2.1346323
6581,2026-08-11,-0.026367404,-0.059028633,0.012305001,0.01380468,-2.142646
2612,2026-08-11,-0.0260378,-0.061270457,0.012134369,0.013706993,-2.1456122
3257,2026-08-11,-0.04022405,-0.1433671,0.01860813,0.018220283,-2.1615222
4106,2026-08-11,-0.031874727,-0.08434187,0.014585843,0.015092877,-2.1851697
1752,2026-08-11,-0.03374283,-0.059742637,0.015423749,0.017799212,-2.1875772
3541,2026-08-11,-0.028313044,-0.07963268,0.0129359225,0.018819284,-2.1885455
3232,2026-08-11,-0.034358244,-0.095663644,0.015694894,0.016424583,-2.1889956
1713,2026-08-11,-0.02768033,-0.07259237,0.012644078,0.01833719,-2.1890202
9110,2026-08-11,-0.030045046,-0.053362917,0.013531552,0.018909357,-2.2202055
5388,2026-08-11,-0.034424473,-0.043612655,0.015443394,0.016438881,-2.22893
2025,2026-08-11,-0.03714625,-0.011343406,0.01664615,0.025275597,-2.2313879
2748,2026-08-11,-0.026434796,-0.058931332,0.011757676,0.012688213,-2.24811
2712,2026-08-11,-0.031282213,-0.04869329,0.013908813,0.012389657,-2.2489312
2337,2026-08-11,-0.035452046,-0.09142388,0.015758913,0.016597688,-2.2495077
9910,2026-08-11,-0.03434111,-0.015357631,0.01520988,0.01437758,-2.2576675
6625,2026-08-11,-0.02918545,-0.04361058,0.012910313,0.014363014,-2.2604556
5312,2026-08-11,-0.029300245,-0.092374496,0.012955762,0.016573753,-2.2613862
8109,2026-08-11,-0.02688262,-0.06763579,0.011827836,0.013906292,-2.2726345
9917,2026-08-11,-0.0324829,-0.012018421,0.014261549,0.014604153,-2.277496
6482,2026-08-11,-0.035782058,-0.11105606,0.015695324,0.020397184,-2.2796457
2505,2026-08-11,-0.041188512,-0.04834919,0.017921936,0.01608773,-2.2980895
6577,2026-08-11,-0.030780835,-0.119328514,0.013363422,0.016777301,-2.3031924
5287,2026-08-11,-0.036949657,-0.096908286,0.016019166,0.020501902,-2.3064466
8182,2026-08-11,-0.030321307,-0.09998365,0.013135762,0.015442152,-2.3081264
5432,2026-08-11,-0.04452745,-0.13499723,0.019172685,0.017973946,-2.3223207
2201,2026-08-11,-0.04695414,-0.016636973,0.020115908,0.01648816,-2.3340635
6523,2026-08-11,-0.037139986,-0.10423333,0.015899183,0.015760588,-2.3358212
8401,2026-08-11,-0.03853483,-0.083281405,0.016456902,0.016429147,-2.3414183
2812,2026-08-11,-0.030176261,0.024674678,0.012885307,0.016092502,-2.3417308
4188,2026-08-11,-0.038896125,-0.05733158,0.016602647,0.019325916,-2.3426254
6596,2026-08-11,-0.03177198,-0.07318143,0.013553901,0.016366566,-2.343948
2450,2026-08-11,-0.03399499,-0.062445056,0.014461632,0.016472032,-2.3505397
6235,2026-08-11,-0.04214864,-0.11037317,0.017907623,0.019647693,-2.3535388
3605,2026-08-11,-0.045124296,-0.051985573,0.018935127,0.021692418,-2.382974
4154,2026-08-11,-0.034854114,-0.034334484,0.014593862,0.01608771,-2.3881085
2836,2026-08-11,-0.031712525,0.026421731,0.013275957,0.014983558,-2.3885386
3693,2026-08-11,-0.058754016,-0.14814028,0.02444406,0.026760817,-2.4035127
3035,2026-08-11,-0.035952713,-0.022258881,0.014908529,0.025215162,-2.4113915
8424,2026-08-11,-0.08864872,-0.16336994,0.03672527,0.040400367,-2.4137688
3150,2026-08-11,-0.04123203,-0.073440656,0.017014394,0.020390026,-2.4232192
3276,2026-08-11,-0.04492615,-0.027287368,0.01852863,0.01844077,-2.4245574
6598,2026-08-11,-0.041868307,-0.06658061,0.017226286,0.01642312,-2.4303484
3388,2026-08-11,-0.04650379,-0.14739613,0.01899787,0.02164104,-2.4477134
6169,2026-08-11,-0.032707933,-0.14272311,0.013348077,0.018235289,-2.4502017
1104,2026-08-11,-0.043322627,-0.010888042,0.01762815,0.019035997,-2.4574428
2506,2026-08-11,-0.07997395,-0.07569809,0.032537937,0.040200125,-2.4577925
1445,2026-08-11,-0.024759032,-0.05429324,0.010044807,0.01402776,-2.4646137
3050,2026-08-11,-0.0373589,-0.060911417,0.015152742,0.019432973,-2.4653249
6969,2026-08-11,-0.045514468,-0.090977386,0.018458895,0.022543682,-2.4655864
5438,2026-08-11,-0.040181883,-0.10974051,0.016229188,0.019525405,-2.4757497
7791,2026-08-11,-0.025290316,-0.059643064,0.010195286,0.012238484,-2.4803457
4120,2026-08-11,-0.03405179,-0.056710567,0.0136514455,0.016569328,-2.4941897
1805,2026-08-11,-0.036372222,-0.060107436,0.014573377,0.015276727,-2.4956279
1324,2026-08-11,-0.03882017,-0.093856,0.01554697,0.015098632,-2.4968
6147,2026-08-11,-0.06012187,-0.11381495,0.024049029,0.023814868,-2.499867
6517,2026-08-11,-0.056695547,-0.083414674,0.022608895,0.027028026,-2.5075545
4951,2026-08-11,-0.049369145,-0.15570705,0.019581905,0.021796873,-2.5210328
6721,2026-08-11,-0.039146915,-0.0735682,0.015525156,0.015715303,-2.5213528
2539,2026-08-11,-0.053238034,-0.054718073,0.021004494,0.02249212,-2.5344813
3071,2026-08-11,-0.033489957,-0.11350431,0.01316554,0.015035885,-2.5435655
2349,2026-08-11,-0.032377336,-0.12340424,0.012670167,0.017572252,-2.5551977
3479,2026-08-11,-0.04463704,-0.097934514,0.017455261,0.017793795,-2.557079
6188,2026-08-11,-0.03538932,-0.09727861,0.01379873,0.015171766,-2.5644934
2377,2026-08-11,-0.032634266,-0.050387163,0.012660896,0.016474754,-2.57736
8940,2026-08-11,-0.030270556,-0.08563642,0.011723663,0.012223919,-2.5817847
2440,2026-08-11,-0.028330449,-0.09248364,0.010947487,0.010296079,-2.587613
6751,2026-08-11,-0.043479,-0.09759628,0.016700225,0.016338443,-2.6033418
6684,2026-08-11,-0.042111985,-0.07999506,0.01603038,0.019763736,-2.626847
9939,2026-08-11,-0.049380288,-0.03069174,0.018718291,0.016219892,-2.6379356
6645,2026-08-11,-0.03954601,-0.01539152,0.014960089,0.011137575,-2.6432574
6835,2026-08-11,-0.03482749,-0.097564094,0.013086417,0.01091551,-2.661143
8076,2026-08-11,-0.03412404,-0.072874956,0.012811842,0.013320127,-2.6632683
6136,2026-08-11,-0.03694385,-0.06510692,0.013825718,0.017972576,-2.6719174
9924,2026-08-11,-0.046743046,-0.079205416,0.01743718,0.020982107,-2.6805003
8450,2026-08-11,-0.041928697,-0.113542795,0.015638152,0.018655421,-2.6810083
4934,2026-08-11,-0.054196764,-0.09496522,0.020188311,0.019591916,-2.6844285
4584,2026-08-11,-0.043338574,-0.075401515,0.01608981,0.01806829,-2.6933742
3607,2026-08-11,-0.041762106,-0.10430425,0.015464456,0.019410416,-2.7003474
8038,2026-08-11,-0.04097952,-0.11857759,0.015140365,0.017570617,-2.7064614
6585,2026-08-11,-0.048821073,-0.0150527805,0.01803131,0.0173088,-2.707422
6550,2026-08-11,-0.040246986,-0.099736966,0.014843406,0.013325767,-2.711256
6770,2026-08-11,-0.041728903,-0.10072078,0.015364878,0.016708607,-2.715686
3437,2026-08-11,-0.03991566,-0.15796731,0.014652285,0.017999118,-2.7240076
6498,2026-08-11,-0.034965087,-0.14170572,0.012818655,0.0144971805,-2.7274592
9103,2026-08-11,-0.06722166,-0.10644372,0.024644645,0.023141043,-2.7275267
6834,2026-08-11,-0.049039777,-0.15526302,0.017951349,0.021700755,-2.7316635
3260,2026-08-11,-0.06790244,-0.21512778,0.024848316,0.024007801,-2.7325678
2328,2026-08-11,-0.04004915,-0.09927491,0.014645153,0.01686723,-2.7344484
6156,2026-08-11,-0.05112218,-0.06959142,0.01865444,0.018356614,-2.7403364
6693,2026-08-11,-0.03431612,-0.13374329,0.012510475,0.016426217,-2.7427716
6195,2026-08-11,-0.038355574,-0.07306888,0.013981808,0.012903247,-2.7430522
6637,2026-08-11,-0.0409014,-0.09321912,0.014886295,0.016656686,-2.747403
6708,2026-08-11,-0.029345175,-0.059555825,0.010660448,0.011931748,-2.7524567
1735,2026-08-11,-0.058159962,-0.1315566,0.021015182,0.023723662,-2.7673895
4192,2026-08-11,-0.045081895,-0.14581333,0.016160136,0.018176466,-2.789525
6173,2026-08-11,-0.11881794,-0.21177115,0.04253851,0.03794087,-2.79312
4905,2026-08-11,-0.045685273,-0.14839649,0.016298834,0.02129864,-2.802806
6438,2026-08-11,-0.03850961,-0.18266071,0.013720926,0.017511494,-2.806429
2332,2026-08-11,-0.04677153,-0.13094692,0.016634708,0.023137195,-2.8115141
2432,2026-08-11,-0.045940805,-0.09246588,0.01630518,0.014403577,-2.8173862
4416,2026-08-11,-0.08860518,-0.13553089,0.031354655,0.034831714,-2.825812
3059,2026-08-11,-0.037741907,-0.043308996,0.013345525,0.01420831,-2.8278453
1721,2026-08-11,-0.055430695,-0.11254478,0.019595657,0.017009245,-2.8285792
6117,2026-08-11,-0.04480817,-0.15332359,0.015834289,0.017680604,-2.8296404
2706,2026-08-11,-0.036739778,-0.039357804,0.012937352,0.013117177,-2.8396025
4741,2026-08-11,-0.04988591,-0.17667824,0.017469939,0.022140363,-2.855365
2904,2026-08-11,-0.048158247,-0.119907856,0.01684573,0.0140512865,-2.858611
2947,2026-08-11,-0.030732917,-0.062140074,0.010724011,0.013037526,-2.865537
9921,2026-08-11,-0.07539156,-0.07369726,0.02620885,0.027905513,-2.8764591
2301,2026-08-11,-0.04335205,-0.07018712,0.015070263,0.019217514,-2.8764708
6285,2026-08-11,-0.054238703,-0.089591786,0.018787654,0.02105097,-2.8867795
1319,2026-08-11,-0.040845033,-0.053574156,0.014122526,0.016672092,-2.8919854
6237,2026-08-11,-0.04424403,-0.1579813,0.01526159,0.020643117,-2.8988545
3085,2026-08-11,-0.03692737,-0.07627818,0.012714752,0.014295831,-2.904065
8102,2026-08-11,-0.042802237,-0.07329583,0.014675481,0.018142283,-2.9163828
9962,2026-08-11,-0.041938946,-0.049771827,0.014364196,0.016397353,-2.919483
4767,2026-08-11,-0.03750733,-0.08022345,0.012829424,0.015973844,-2.9233117
8032,2026-08-11,-0.041239165,-0.05369592,0.014036183,0.018351242,-2.937852
5210,2026-08-11,-0.03236866,-0.029433055,0.011008422,0.012649916,-2.940087
6174,2026-08-11,-0.062055454,-0.13029103,0.021057174,0.018813888,-2.9468582
3545,2026-08-11,-0.05050383,-0.08845463,0.017076023,0.021934833,-2.9574142
4906,2026-08-11,-0.059826292,-0.16025957,0.020171398,0.021440974,-2.96575
2395,2026-08-11,-0.052816782,-0.05116164,0.0177646,0.016431062,-2.9729805
5514,2026-08-11,-0.05504559,-0.06504101,0.018428253,0.01902184,-2.9868596
3038,2026-08-11,-0.046593238,-0.060054626,0.015481769,0.0191141,-3.0093608
3540,2026-08-11,-0.042038526,-0.1129498,0.013960718,0.020280963,-3.0109851
2387,2026-08-11,-0.045108948,-0.08737123,0.014965015,0.012067899,-3.014092
2492,2026-08-11,-0.07245857,-0.2026818,0.024006113,0.031013263,-3.0182126
1535,2026-08-11,-0.046542842,-0.09413541,0.015378871,0.016807191,-3.026218
4967,2026-08-11,-0.05559743,-0.14429316,0.018313268,0.021057501,-3.035744
3048,2026-08-11,-0.058610644,-0.05326499,0.019305158,0.021675222,-3.0358522
9906,2026-08-11,-0.04621339,-0.07286201,0.015210675,0.019172566,-3.0380208
3019,2026-08-11,-0.0481956,-0.12590386,0.015748732,0.018692981,-3.0600903
3673,2026-08-11,-0.04797274,-0.10306729,0.015666472,0.01835541,-3.0619323
4541,2026-08-11,-0.051114146,-0.07381428,0.01664146,0.017316367,-3.0713093
8042,2026-08-11,-0.073864505,-0.14854136,0.023971722,0.023044435,-3.0811899
6785,2026-08-11,-0.07144942,-0.15492405,0.023161177,0.022201486,-3.0847454
5457,2026-08-11,-0.055600505,-0.08528754,0.018004237,0.021423886,-3.0880184
2013,2026-08-11,-0.036199193,-0.0758613,0.011689685,0.014713585,-3.0964131
1597,2026-08-11,-0.06299884,-0.12445687,0.020307459,0.021359196,-3.1020985
6856,2026-08-11,-0.05388426,-0.09254045,0.017352017,0.02010374,-3.1051812
2645,2026-08-11,-0.044122618,-0.046832766,0.014204885,0.015084158,-3.1059394
2607,2026-08-11,-0.042967327,-0.027039677,0.013802871,0.014774536,-3.1127012
6692,2026-08-11,-0.045410447,-0.10474912,0.014582951,0.016659064,-3.1137273
3588,2026-08-11,-0.053385686,-0.1430424,0.017060652,0.020720841,-3.1289868
8409,2026-08-11,-0.04486398,-0.048210576,0.014293994,0.013887028,-3.13844
5548,2026-08-11,-0.10423771,-0.13979217,0.033158343,0.035993285,-3.14354
7402,2026-08-11,-0.080009066,-0.14469534,0.025445446,0.0263777,-3.1442137
2015,2026-08-11,-0.048006,0.0062938123,0.015252678,0.011756235,-3.1471756
2916,2026-08-11,-0.043275785,-0.06933558,0.0137351155,0.018236216,-3.150511
3313,2026-08-11,-0.07426394,-0.10227952,0.023544544,0.02420971,-3.1540549
4558,2026-08-11,-0.045782506,-0.069947466,0.014506134,0.018750161,-3.1558614
1439,2026-08-11,-0.062159956,-0.059266817,0.019631496,0.016656289,-3.166177
6494,2026-08-11,-0.056951236,-0.12776348,0.017851809,0.023553738,-3.1900434
2801,2026-08-11,-0.051379975,-0.06269579,0.01609923,0.018405018,-3.1912572
6122,2026-08-11,-0.053697858,-0.14357838,0.016814403,0.019171592,-3.1933732
3090,2026-08-11,-0.06627223,-0.1470891,0.020738138,0.027504196,-3.1955152
3046,2026-08-11,-0.05512185,-0.11563675,0.01722479,0.017965036,-3.1999605
3321,2026-08-11,-0.056518283,-0.039761018,0.017615348,0.014963288,-3.208286
1723,2026-08-11,-0.048915677,-0.04729481,0.015220004,0.014524912,-3.2136958
1527,2026-08-11,-0.052602854,-0.07665711,0.016357532,0.017275654,-3.215622
6158,2026-08-11,-0.040895995,-0.09455277,0.012707119,0.016004622,-3.2180998
8101,2026-08-11,-0.041027006,-0.12092566,0.012717657,0.014893813,-3.225734
3430,2026-08-11,-0.04927983,-0.16122751,0.015266647,0.024846148,-3.2277293
2736,2026-08-11,-0.04339954,-0.0525899,0.013429936,0.01398084,-3.2313116
6614,2026-08-11,-0.045724057,-0.10659562,0.014143101,0.017476382,-3.2327297
6168,2026-08-11,-0.059679322,-0.15427612,0.018370248,0.020506134,-3.2485175
8163,2026-08-11,-0.04362369,-0.025510393,0.013417674,0.012101849,-3.2509687
5007,2026-08-11,-0.045482416,-0.04530383,0.013985443,0.015058388,-3.251893
2020,2026-08-11,-0.051091578,-0.07033022,0.015695501,0.017325688,-3.254966
9931,2026-08-11,-0.077489026,-0.09429849,0.023766162,0.022555802,-3.2603397
7704,2026-08-11,-0.064968556,-0.12513518,0.019923871,0.02176258,-3.2606764
8085,2026-08-11,-0.047836047,-0.09043991,0.014669422,0.015156867,-3.2607136
6470,2026-08-11,-0.04170172,-0.08542724,0.0127839865,0.016156692,-3.2617726
5519,2026-08-11,-0.06435981,-0.07802439,0.01970616,0.016465336,-3.2658083
1434,2026-08-11,-0.040399514,-0.016684573,0.012329827,0.01425071,-3.276302
6221,2026-08-11,-0.05734299,-0.09606468,0.017367376,0.013947872,-3.3015747
1718,2026-08-11,-0.09355059,-0.21560483,0.028314749,0.0288593,-3.303836
8088,2026-08-11,-0.06864273,-0.14558789,0.02077531,0.022945832,-3.303894
2101,2026-08-11,-0.047336396,-0.054572895,0.014322251,0.015128187,-3.304864
2006,2026-08-11,-0.07250519,-0.012853211,0.021934554,0.01973618,-3.3053732
4728,2026-08-11,-0.04757407,-0.046649914,0.014369391,0.012854425,-3.310562
2069,2026-08-11,-0.052221026,-0.05107515,0.015748514,0.020548504,-3.315723
6184,2026-08-11,-0.04374253,-0.04853707,0.013153931,0.014779446,-3.3251812
1707,2026-08-11,-0.048156325,-0.08978128,0.0144611215,0.014700838,-3.3298242
5607,2026-08-11,-0.037610777,-0.015989698,0.011290334,0.011529497,-3.3309417
1423,2026-08-11,-0.064933024,-0.10037621,0.0194535,0.020380756,-3.3376868
4560,2026-08-11,-0.0643271,-0.07500304,0.019239713,0.023490792,-3.3432803
4590,2026-08-11,-0.05139692,-0.07329971,0.015350639,0.016523039,-3.3479762
6658,2026-08-11,-0.051274396,-0.15569846,0.01531396,0.020897403,-3.347994
5460,2026-08-11,-0.04348413,-0.11762805,0.012986177,0.015445976,-3.3482356
1533,2026-08-11,-0.035532348,-0.046693966,0.01053926,0.012918115,-3.3711073
4545,2026-08-11,-0.038089518,-0.03673728,0.011293055,0.016529877,-3.372528
8415,2026-08-11,-0.03329341,0.02278978,0.009842797,0.01574683,-3.3821714
9934,2026-08-11,-0.064039595,-0.059135508,0.018900543,0.017000712,-3.3880618
8028,2026-08-11,-0.050835848,-0.10149148,0.014991387,0.016431939,-3.3907773
3577,2026-08-11,-0.094957635,-0.108888544,0.028000358,0.032318935,-3.3911796
6129,2026-08-11,-0.07114335,-0.07984612,0.020959081,0.0177945,-3.3942306
6274,2026-08-11,-0.06381282,-0.1442885,0.018706372,0.019251876,-3.4111056
1720,2026-08-11,-0.03972417,-0.044221375,0.011636841,0.013434857,-3.4133625
5538,2026-08-11,-0.05322419,-0.06187927,0.015575774,0.016842104,-3.4168942
4108,2026-08-11,-0.046463385,-0.07555755,0.013536911,0.015579956,-3.432094
6994,2026-08-11,-0.060772162,-0.1149635,0.017666588,0.016346939,-3.4397542
3484,2026-08-11,-0.04896004,-0.062331565,0.014196418,0.017235143,-3.448517
8213,2026-08-11,-0.06864686,-0.08591519,0.019842146,0.016168837,-3.4594748
1810,2026-08-11,-0.07728858,-0.25717413,0.022268396,0.026998978,-3.4706187
1305,2026-08-11,-0.06755779,-0.15207334,0.019435897,0.023464875,-3.4757495
4168,2026-08-11,-0.046032537,-0.051121477,0.013241703,0.015043935,-3.476068
1232,2026-08-11,-0.051012866,-0.02103619,0.014670988,0.018231077,-3.4768884
1727,2026-08-11,-0.04749088,-0.13689122,0.013639759,0.017413294,-3.481542
2430,2026-08-11,-0.034869518,-0.10081506,0.00998718,0.016416777,-3.4910781
1465,2026-08-11,-0.053942595,-0.1301094,0.015438807,0.019611286,-3.4937348
5315,2026-08-11,-0.062285278,-0.11104245,0.01782525,0.018223394,-3.4940202
6846,2026-08-11,-0.04806738,-0.10437736,0.0137482975,0.01669815,-3.495988
2849,2026-08-11,-0.060439393,-0.0072597335,0.017287096,0.016386624,-3.496012
6120,2026-08-11,-0.048452236,-0.096110255,0.013813341,0.014003725,-3.5073867
2906,2026-08-11,-0.05213938,-0.085933514,0.01486067,0.014728315,-3.5083122
1444,2026-08-11,-0.05932901,-0.027365169,0.016885208,0.019416984,-3.5134597
8271,2026-08-11,-0.082092196,-0.2312254,0.023338176,0.025745431,-3.5173562
9908,2026-08-11,-0.06947228,-0.030485481,0.019708093,0.020180069,-3.5248847
8054,2026-08-11,-0.07715774,-0.22593518,0.021829862,0.03242627,-3.5343425
2743,2026-08-11,-0.05835979,-0.15283753,0.016470611,0.019516394,-3.543053
5230,2026-08-11,-0.05234077,-0.09961238,0.014765997,0.018973501,-3.5444422
6570,2026-08-11,-0.053317297,-0.09449866,0.015024812,0.016574,-3.5483804
3158,2026-08-11,-0.04423098,-0.100824155,0.012400096,0.014295713,-3.566699
1528,2026-08-11,-0.04553651,-0.15731017,0.012739725,0.016389672,-3.5740907
9902,2026-08-11,-0.077170424,-0.12804034,0.021555465,0.021572284,-3.5799203
6916,2026-08-11,-0.045757543,-0.043831766,0.012780534,0.014134547,-3.5799727
2109,2026-08-11,-0.061192296,-0.05084064,0.017059602,0.01927944,-3.5867608
1460,2026-08-11,-0.04998344,-0.038091134,0.01390383,0.015429711,-3.594682
5465,2026-08-11,-0.048196133,-0.09740713,0.01339402,0.017029805,-3.5980637
9802,2026-08-11,-0.10298122,-0.09834805,0.028524566,0.025833415,-3.6101375
6228,2026-08-11,-0.058289237,-0.119599074,0.016128741,0.021503737,-3.6137738
1565,2026-08-11,-0.048018392,-0.14518423,0.013260376,0.011929702,-3.620921
6854,2026-08-11,-0.05102201,-0.15598325,0.014061413,0.01736315,-3.6282544
6205,2026-08-11,-0.079532005,-0.17255124,0.021796921,0.018511673,-3.6486049
6967,2026-08-11,-0.053884823,-0.16408062,0.014723319,0.019230228,-3.65958
8033,2026-08-11,-0.07765023,-0.21261711,0.021167869,0.023951367,-3.668133
5903,2026-08-11,-0.055267222,-0.024907613,0.015043042,0.016714243,-3.673695
1604,2026-08-11,-0.048303444,-0.10264266,0.013144888,0.017345935,-3.6744146
3138,2026-08-11,-0.093173586,-0.29499337,0.025344932,0.028412119,-3.6760764
6754,2026-08-11,-0.056760978,-0.09015458,0.015420898,0.019673444,-3.6805441
5484,2026-08-11,-0.061192565,-0.06813781,0.0165316,0.018858138,-3.7013273
8421,2026-08-11,-0.048847057,-0.07886867,0.013182034,0.011069794,-3.705297
3576,2026-08-11,-0.05230664,-0.073300935,0.014056807,0.021249648,-3.720825
6902,2026-08-11,-0.06706509,-0.09888641,0.018015077,0.01997159,-3.7225134
1101,2026-08-11,-0.046401344,-0.014084142,0.012445865,0.017322646,-3.7279541
3011,2026-08-11,-0.04753767,-0.0853683,0.012746499,0.017316127,-3.729176
2911,2026-08-11,-0.054324713,-0.06478253,0.01452198,0.013848033,-3.7406037
3057,2026-08-11,-0.06380286,-0.19848098,0.01703953,0.028513396,-3.7441828
6776,2026-08-11,-0.058302198,-0.08547942,0.015547017,0.021136718,-3.7498157
2023,2026-08-11,-0.04641288,-0.036193956,0.012299707,0.011459621,-3.7731879
2496,2026-08-11,-0.06704427,-0.085012816,0.0177664,0.01965351,-3.7734432
4907,2026-08-11,-0.060868863,-0.08184673,0.016122622,0.021683142,-3.7751358
6593,2026-08-11,-0.057743262,-0.16162643,0.015237353,0.01499065,-3.7893374
4555,2026-08-11,-0.08395802,-0.08537864,0.0221275,0.018617447,-3.7941127
4195,2026-08-11,-0.055251177,-0.14686337,0.014444426,0.01378038,-3.8248217
3055,2026-08-11,-0.08452702,-0.17614351,0.02206714,0.02444537,-3.8302739
2347,2026-08-11,-0.04509689,-0.08330236,0.011748643,0.012441032,-3.8381498
3036,2026-08-11,-0.0752515,-0.09471658,0.019551605,0.022716548,-3.8486686
5604,2026-08-11,-0.05966077,-0.068515755,0.015494117,0.019212943,-3.8502948
3094,2026-08-11,-0.06664576,-0.14843994,0.017289262,0.018679945,-3.8545253
5222,2026-08-11,-0.088105574,-0.19702916,0.022845859,0.02533193,-3.856354
2002,2026-08-11,-0.05615859,-0.009746919,0.014530039,0.015648266,-3.8647332
8462,2026-08-11,-0.046593975,-0.05810936,0.01202463,0.010899769,-3.8745558
3702,2026-08-11,-0.052719202,-0.057584804,0.013596763,0.016613495,-3.8770497
6461,2026-08-11,-0.063738026,-0.08216505,0.016371474,0.014041655,-3.8929992
3003,2026-08-11,-0.061497267,-0.06446236,0.015787736,0.015761953,-3.895009
1413,2026-08-11,-0.04662683,-0.056658976,0.011945016,0.013426937,-3.903128
2543,2026-08-11,-0.07931189,-0.12539655,0.020167222,0.02255414,-3.9325178
3294,2026-08-11,-0.06478789,-0.10836712,0.016429903,0.018721435,-3.9430509
6958,2026-08-11,-0.039893914,-0.038498838,0.010113087,0.013100043,-3.944391
2719,2026-08-11,-0.050348725,-0.12775904,0.012754048,0.015462931,-3.9473567
1432,2026-08-11,-0.06181662,-0.13076347,0.015658729,0.017741514,-3.94749
6449,2026-08-11,-0.05373236,-0.09740903,0.013597848,0.014893716,-3.9512436
1446,2026-08-11,-0.060256537,-0.07141813,0.015221831,0.01975161,-3.9583
3284,2026-08-11,-0.06468686,-0.057687744,0.016287455,0.019093808,-3.9713316
2466,2026-08-11,-0.08768924,-0.14566979,0.022049343,0.024782827,-3.9767745
2454,2026-08-11,-0.057001576,-0.09934221,0.014253728,0.015065577,-3.9987838
3093,2026-08-11,-0.06790197,-0.14217322,0.016961176,0.019472942,-4.00314
6574,2026-08-11,-0.051803153,-0.11034236,0.012928908,0.016780447,-4.0064597
3083,2026-08-11,-0.060641814,-0.076269746,0.015133847,0.013926755,-4.0067677
6929,2026-08-11,-0.077520534,-0.096510395,0.019245775,0.021715205,-4.027715
4735,2026-08-11,-0.03935237,-0.054819647,0.009759119,0.01536887,-4.0319557
5225,2026-08-11,-0.082121834,-0.14619884,0.02032659,0.02441078,-4.03992
1467,2026-08-11,-0.06870095,-0.08094926,0.016936334,0.01570475,-4.0561843
2392,2026-08-11,-0.06427474,-0.093448944,0.01578521,0.018113706,-4.071575
4178,2026-08-11,-0.07491307,-0.04721176,0.018377023,0.018871445,-4.076231
3597,2026-08-11,-0.046676222,-0.059744228,0.011446221,0.015753023,-4.0775156
3268,2026-08-11,-0.05731239,-0.12607609,0.0140179265,0.0207542,-4.0882154
6918,2026-08-11,-0.058436282,-0.09261204,0.014279059,0.016825419,-4.0921597
2302,2026-08-11,-0.08392916,-0.15392104,0.020491112,0.028671999,-4.095681
3049,2026-08-11,-0.061983243,-0.11994852,0.0151276365,0.012403106,-4.0970807
1470,2026-08-11,-0.06853199,-0.1039571,0.016687315,0.017196028,-4.1065855
4139,2026-08-11,-0.054102603,-0.057744306,0.013161105,0.014610593,-4.1104827
1618,2026-08-11,-0.0816587,-0.09105431,0.019752119,0.022335801,-4.133965
6225,2026-08-11,-0.092924446,-0.11749601,0.0224755,0.02719024,-4.1342936
3207,2026-08-11,-0.06919017,-0.19030292,0.016727006,0.018160837,-4.136187
8074,2026-08-11,-0.113310575,-0.268019,0.027335498,0.026772918,-4.145029
6423,2026-08-11,-0.12239059,-0.26834437,0.029436681,0.033554256,-4.1576166
3252,2026-08-11,-0.055842955,-0.061255302,0.013396487,0.014813113,-4.1681666
3338,2026-08-11,-0.07308023,-0.16898157,0.017517654,0.019288905,-4.171566
2734,2026-08-11,-0.045237694,-0.080230005,0.010821669,0.012251233,-4.1799016
6425,2026-08-11,-0.06471858,-0.17747311,0.015433429,0.023675287,-4.193131
6971,2026-08-11,-0.053539094,-0.1375899,0.012719575,0.014487301,-4.208858
3622,2026-08-11,-0.040831123,-0.09099258,0.009694413,0.012819476,-4.2113853
5706,2026-08-11,-0.055213895,-0.098882355,0.013092485,0.016130548,-4.216898
7786,2026-08-11,-0.08097494,-0.14708284,0.01919163,0.024844244,-4.219064
5508,2026-08-11,-0.15717117,-0.18338372,0.03724975,0.040598124,-4.2192755
2029,2026-08-11,-0.052803807,-0.057639476,0.01251197,0.014769659,-4.219926
5906,2026-08-11,-0.0754405,-0.14664812,0.017800327,0.02027422,-4.2379146
6197,2026-08-11,-0.070431545,-0.07599624,0.016612777,0.019863151,-4.2393456
5310,2026-08-11,-0.10677805,-0.07208498,0.025096774,0.027237518,-4.2544827
8050,2026-08-11,-0.09819175,-0.11113143,0.023075344,0.020590011,-4.2550826
3325,2026-08-11,-0.07188055,-0.104278155,0.016810758,0.019679531,-4.2756114
6126,2026-08-11,-0.06636224,-0.13025649,0.015492011,0.019036181,-4.283366
5285,2026-08-11,-0.05273086,-0.10763543,0.012231546,0.014379777,-4.3107014
6923,2026-08-11,-0.06897107,-0.1491868,0.01595477,0.01970572,-4.322641
4935,2026-08-11,-0.06584947,-0.0916512,0.015204581,0.018526904,-4.3306117
3021,2026-08-11,-0.04973066,-0.049713008,0.0114707975,0.015426507,-4.3350363
4585,2026-08-11,-0.060702328,-0.07053161,0.013972889,0.01901014,-4.343982
8924,2026-08-11,-0.084514715,-0.14124946,0.01944518,0.01568975,-4.3460827
8096,2026-08-11,-0.103782766,-0.11103112,0.023871036,0.025272924,-4.3474617
1506,2026-08-11,-0.06674566,-0.04148887,0.015351431,0.015177478,-4.347563
8403,2026-08-11,-0.06837434,-0.12680854,0.015639612,0.016033737,-4.3715897
5011,2026-08-11,-0.057926107,-0.078995034,0.013214037,0.014559293,-4.383348
6161,2026-08-11,-0.070831686,-0.12093412,0.01613076,0.016408253,-4.390822
3466,2026-08-11,-0.12880595,-0.26359,0.02929434,0.029699571,-4.3968067
3373,2026-08-11,-0.060328953,-0.12657781,0.013698292,0.013740301,-4.403801
3498,2026-08-11,-0.09871184,-0.18679735,0.022345966,0.025088001,-4.417237
4989,2026-08-11,-0.091452904,-0.19746614,0.020695535,0.024734823,-4.418754
8183,2026-08-11,-0.053585637,-0.11251039,0.012104273,0.016194476,-4.4266357
3687,2026-08-11,-0.0684429,-0.11300575,0.015443483,0.015877308,-4.431544
6530,2026-08-11,-0.120349,-0.28234574,0.027004665,0.03268873,-4.456435
7738,2026-08-11,-0.052987937,-0.1317272,0.011884372,0.014497404,-4.458248
6111,2026-08-11,-0.07507553,-0.15703398,0.016815528,0.022823626,-4.4643893
4513,2026-08-11,-0.07698277,-0.1089641,0.017230932,0.016424352,-4.467448
3296,2026-08-11,-0.06515794,-0.061698604,0.01458177,0.014600179,-4.468146
9930,2026-08-11,-0.069879614,-0.08788033,0.015514639,0.01648835,-4.503818
1109,2026-08-11,-0.06808746,-0.06117462,0.015084779,0.015505211,-4.513354
3287,2026-08-11,-0.061921835,-0.11640716,0.013714022,0.02409169,-4.514891
3024,2026-08-11,-0.06468248,-0.09667276,0.014302566,0.015944716,-4.522123
3149,2026-08-11,-0.12573895,-0.15921268,0.02775558,0.032071076,-4.530059
6283,2026-08-11,-0.06106545,-0.10483976,0.013470398,0.012769414,-4.5329704
9926,2026-08-11,-0.07711164,-0.06140603,0.016949765,0.018252805,-4.549154
4702,2026-08-11,-0.079076655,-0.1342512,0.017368365,0.018264556,-4.552651
6153,2026-08-11,-0.06307218,-0.12545902,0.0138481,0.018038234,-4.554244
2321,2026-08-11,-0.06819653,-0.14663808,0.014967623,0.016592877,-4.5559654
2362,2026-08-11,-0.061275475,0.012023875,0.013443499,0.019339759,-4.5576615
3168,2026-08-11,-0.08060531,-0.15062508,0.017678233,0.018012542,-4.559322
4747,2026-08-11,-0.067210466,-0.0799207,0.014702323,0.018398885,-4.5711074
9938,2026-08-11,-0.06257459,-0.1173081,0.013674778,0.015363979,-4.5755777
4420,2026-08-11,-0.05138405,-0.13506874,0.011180161,0.012339752,-4.5955915
5013,2026-08-11,-0.06761897,-0.07986865,0.014702855,0.01753098,-4.5987244
1314,2026-08-11,-0.08991289,-0.13998345,0.019537622,0.024588114,-4.601803
6662,2026-08-11,-0.066610925,-0.15449116,0.01446648,0.01669974,-4.6041827
1309,2026-08-11,-0.07514879,-0.18767373,0.016319515,0.025658663,-4.60456
3550,2026-08-11,-0.090312764,-0.20058198,0.019607186,0.018751906,-4.6058702
6144,2026-08-11,-0.0745632,-0.06971965,0.016171217,0.017744275,-4.610574
1323,2026-08-11,-0.07512407,-0.097051114,0.016256891,0.017818227,-4.6207757
4564,2026-08-11,-0.056276355,-0.13546164,0.012158323,0.015918572,-4.6282473
2227,2026-08-11,-0.06683348,-0.049587734,0.014378517,0.010750559,-4.6478252
6196,2026-08-11,-0.063829,-0.053019665,0.013731715,0.01497835,-4.6479516
8249,2026-08-11,-0.09224835,-0.18209042,0.01984382,0.0264447,-4.648485
5603,2026-08-11,-0.06047058,-0.10455015,0.012997386,0.015505779,-4.6521606
8092,2026-08-11,-0.08047996,-0.1408352,0.017297506,0.019511813,-4.6524224
1215,2026-08-11,-0.061293893,-0.06970598,0.013171281,0.015599536,-4.6532483
4956,2026-08-11,-0.08758566,-0.2077135,0.01878943,0.02037863,-4.6611843
1231,2026-08-11,-0.07394364,-0.111809,0.015857225,0.015821412,-4.662794
4121,2026-08-11,-0.084066406,-0.11577292,0.018016644,0.02011356,-4.6657825
6612,2026-08-11,-0.06117824,-0.06832251,0.013051997,0.012875723,-4.6869116
1436,2026-08-11,-0.072249874,-0.04784163,0.01538726,0.01646912,-4.6951294
4919,2026-08-11,-0.103362545,-0.23796625,0.022010269,0.024764746,-4.6958923
6215,2026-08-11,-0.095622584,-0.20424324,0.020354988,0.019055791,-4.697516
2597,2026-08-11,-0.15023747,-0.1671675,0.03185641,0.034882892,-4.715935
7631,2026-08-11,-0.06747823,-0.11870705,0.014282896,0.015581216,-4.724077
5902,2026-08-11,-0.07197697,-0.09799915,0.015219585,0.018637,-4.7289224
1587,2026-08-11,-0.0749134,-0.12829976,0.01582522,0.02004901,-4.733499
3006,2026-08-11,-0.10454094,-0.21977545,0.022057699,0.02461388,-4.739216
5471,2026-08-11,-0.05689389,-0.12723252,0.011999424,0.018553145,-4.74099
2425,2026-08-11,-0.104597904,-0.116739795,0.022025218,0.023485254,-4.7487907
6426,2026-08-11,-0.11284018,-0.24121767,0.023754288,0.027092945,-4.7501082
3717,2026-08-11,-0.12179529,-0.21777643,0.025475862,0.027538728,-4.780624
4542,2026-08-11,-0.15067486,-0.20863049,0.031489346,0.036351543,-4.7847958
6925,2026-08-11,-0.08410989,-0.20673119,0.017535694,0.017628102,-4.7962227
9914,2026-08-11,-0.08715682,-0.06321257,0.018089851,0.019669622,-4.817729
4806,2026-08-11,-0.10084549,-0.094252415,0.020927135,0.021374254,-4.8186564
3026,2026-08-11,-0.07960817,-0.11412776,0.01650704,0.023983141,-4.8223877
8162,2026-08-11,-0.08224343,-0.16840054,0.017014159,0.01817876,-4.8335385
2881,2026-08-11,-0.072850205,-0.058441285,0.015060311,0.01816486,-4.83691
6961,2026-08-11,-0.067155816,-0.113918036,0.0138563225,0.017276468,-4.846233
6909,2026-08-11,-0.099829294,-0.21173954,0.020526268,0.019607034,-4.8632526
8463,2026-08-11,-0.07361976,-0.096929185,0.015126641,0.01513935,-4.8665724
6201,2026-08-11,-0.095548615,-0.16009372,0.019585647,0.020192865,-4.878253
7730,2026-08-11,-0.078432925,-0.13149282,0.016073396,0.019089386,-4.8793697
6899,2026-08-11,-0.0787629,-0.14470862,0.016119137,0.020726502,-4.885994
2457,2026-08-11,-0.08120615,-0.16244557,0.01660338,0.018140156,-4.890646
2465,2026-08-11,-0.1510847,-0.19599062,0.030842857,0.035581175,-4.8983727
6591,2026-08-11,-0.098676406,-0.18296504,0.020114617,0.01896772,-4.9054623
2704,2026-08-11,-0.060784988,-0.022594774,0.012383585,0.015198137,-4.908117
7765,2026-08-11,-0.076034084,-0.14092757,0.015488449,0.011841868,-4.9087663
4162,2026-08-11,-0.053383686,-0.0371391,0.010867712,0.011172607,-4.9116845
2540,2026-08-11,-0.07921238,-0.048991725,0.016066255,0.017702363,-4.930051
2049,2026-08-11,-0.10401967,-0.11577417,0.021086259,0.021874906,-4.932821
6890,2026-08-11,-0.089600496,-0.101966985,0.01811524,0.019291878,-4.945866
6753,2026-08-11,-0.09052599,-0.19245672,0.01824936,0.022293136,-4.9602304
2236,2026-08-11,-0.05407666,-0.11899054,0.010883025,0.014301583,-4.9684434
8066,2026-08-11,-0.073140256,-0.14188315,0.01471589,0.016789261,-4.969817
3434,2026-08-11,-0.09463021,-0.1503094,0.019022228,0.021358961,-4.974456
6620,2026-08-11,-0.07763327,-0.09680069,0.015601201,0.016811498,-4.9757895
1474,2026-08-11,-0.07800458,-0.12945907,0.015668126,0.018732678,-4.9782343
2538,2026-08-11,-0.077472016,-0.10027002,0.015542448,0.019690434,-4.9842234
5211,2026-08-11,-0.07259441,-0.18820001,0.014558824,0.01891038,-4.98594
6756,2026-08-11,-0.05785905,-0.10454518,0.0116027035,0.014529231,-4.986257
3630,2026-08-11,-0.062270936,-0.094762884,0.012469798,0.016666427,-4.99334
3266,2026-08-11,-0.0751837,-0.076135494,0.015047981,0.015248232,-4.9959326
6615,2026-08-11,-0.07454509,-0.14712709,0.014906366,0.01786662,-5.000554
1473,2026-08-11,-0.05800465,-0.07621897,0.011595991,0.015883612,-5.001698
9937,2026-08-11,-0.09919826,-0.064885885,0.019826356,0.02351831,-5.0031004
2376,2026-08-11,-0.053801607,-0.073739596,0.010745647,0.012555105,-5.006362
3042,2026-08-11,-0.093580455,-0.123531274,0.018651063,0.021394422,-5.0171638
3632,2026-08-11,-0.07662945,-0.15161824,0.015262054,0.017762467,-5.020584
6224,2026-08-11,-0.09869136,-0.17486747,0.019651882,0.020748796,-5.021724
2636,2026-08-11,-0.09163205,-0.09952141,0.018208247,0.017393341,-5.0321717
1762,2026-08-11,-0.06817039,-0.12653846,0.013542939,0.015962666,-5.0332766
4943,2026-08-11,-0.063616425,-0.11910454,0.012618196,0.015527716,-5.041242
4716,2026-08-11,-0.102485456,-0.15710786,0.020273436,0.022176081,-5.05491
6719,2026-08-11,-0.07621099,-0.15207455,0.015069512,0.01459312,-5.056961
2511,2026-08-11,-0.14036994,-0.12522492,0.027718661,0.030878931,-5.0639124
3310,2026-08-11,-0.07341688,-0.10474565,0.014472894,0.017115178,-5.0723653
7740,2026-08-11,-0.20754708,-0.23405157,0.04088012,0.040282343,-5.076844
6666,2026-08-11,-0.07585004,-0.09501443,0.014886942,0.017370999,-5.09473
6922,2026-08-11,-0.10005342,-0.19575335,0.019627396,0.027171884,-5.0973816
3713,2026-08-11,-0.07719263,-0.097244404,0.01513062,0.021045161,-5.101412
2024,2026-08-11,-0.08485034,-0.075639516,0.016626073,0.017607251,-5.1031437
6791,2026-08-11,-0.07126201,-0.20354767,0.013962046,0.01946065,-5.103615
7811,2026-08-11,-0.07147209,-0.12787549,0.013986202,0.013864694,-5.1098204
5468,2026-08-11,-0.09136719,-0.12488972,0.01785463,0.024589328,-5.1169963
6005,2026-08-11,-0.0798621,-0.04578972,0.015600809,0.01858632,-5.118772
6576,2026-08-11,-0.08437044,-0.099207416,0.016481176,0.021686325,-5.11889
3032,2026-08-11,-0.09600004,-0.17014967,0.018703416,0.02152082,-5.1324797
2751,2026-08-11,-0.08936965,-0.13255787,0.017379517,0.02221287,-5.141944
2374,2026-08-11,-0.10551318,-0.14840393,0.020504644,0.021827081,-5.1455674
2065,2026-08-11,-0.08780595,-0.09033351,0.017031716,0.016921934,-5.1551347
8272,2026-08-11,-0.08094225,-0.1608533,0.015699364,0.016198957,-5.1554375
1234,2026-08-11,-0.08299731,-0.07641374,0.01608974,0.017203366,-5.158079
7712,2026-08-11,-0.090393335,-0.18942302,0.017489439,0.022624455,-5.168157
3027,2026-08-11,-0.074843474,-0.08216092,0.014452372,0.014114507,-5.178271
6901,2026-08-11,-0.114478126,-0.14492515,0.02209602,0.02834991,-5.1807046
2010,2026-08-11,-0.09464219,-0.07455537,0.018258395,0.02239455,-5.183205
6485,2026-08-11,-0.11891732,-0.23746373,0.022936298,0.029159816,-5.184452
4131,2026-08-11,-0.08444465,-0.1713948,0.016269924,0.019894622,-5.189911
3041,2026-08-11,-0.0992448,-0.1642621,0.019102821,0.02339987,-5.1950235
8929,2026-08-11,-0.10009725,-0.1763088,0.019200567,0.020846592,-5.2129726
2436,2026-08-11,-0.14259367,-0.24037738,0.02732574,0.03423142,-5.2181
1612,2026-08-11,-0.09272804,-0.096876904,0.017724035,0.016533181,-5.231473
6641,2026-08-11,-0.05623101,-0.09743108,0.010744089,0.013367738,-5.233182
2701,2026-08-11,-0.05186612,-0.057663966,0.00989256,0.01441913,-5.2424126
6203,2026-08-11,-0.07356725,-0.15104145,0.014016391,0.012129178,-5.248284
5523,2026-08-11,-0.15563466,-0.172805,0.02956668,0.031205663,-5.263675
4903,2026-08-11,-0.16518497,-0.2552887,0.03132294,0.035799913,-5.273442
6279,2026-08-11,-0.06604286,-0.11392822,0.012515243,0.016686015,-5.276572
7721,2026-08-11,-0.086078905,-0.14402656,0.016280703,0.018676814,-5.286849
4148,2026-08-11,-0.10585915,-0.12845518,0.020013321,0.018108577,-5.2891703
3666,2026-08-11,-0.08889643,-0.13835709,0.016797367,0.018304624,-5.2919683
5488,2026-08-11,-0.074941985,-0.10930915,0.01414024,0.016217172,-5.2995343
8072,2026-08-11,-0.09795977,-0.21242803,0.018436858,0.019816171,-5.312969
1441,2026-08-11,-0.082383744,-0.1710975,0.015485741,0.019315165,-5.3196306
4576,2026-08-11,-0.08418196,-0.12097723,0.015754668,0.018535463,-5.342963
3052,2026-08-11,-0.14698185,-0.18689655,0.027494008,0.02833771,-5.345765
4739,2026-08-11,-0.11420458,-0.24635078,0.021316478,0.027255388,-5.3573213
5213,2026-08-11,-0.07094717,-0.08863678,0.013229729,0.013520896,-5.3623023
6741,2026-08-11,-0.06909193,-0.08555865,0.012852083,0.016531445,-5.375514
2477,2026-08-11,-0.13230501,-0.198504,0.024580443,0.029450882,-5.3823123
3537,2026-08-11,-0.1291192,-0.1967703,0.023978667,0.024203388,-5.3845286
8478,2026-08-11,-0.09354415,-0.13229395,0.017369477,0.02134549,-5.3852377
2008,2026-08-11,-0.062345628,-0.05041961,0.011573781,0.012478643,-5.386333
5205,2026-08-11,-0.10338398,-0.11452573,0.019171024,0.02022347,-5.3924394
9907,2026-08-11,-0.071466364,-0.04708512,0.013227944,0.017136117,-5.4022727
4722,2026-08-11,-0.096448295,-0.17589274,0.017808665,0.024635071,-5.415503
6843,2026-08-11,-0.093305476,-0.19318289,0.017178949,0.017079366,-5.4310684
6405,2026-08-11,-0.09594177,-0.24786939,0.017651444,0.023516625,-5.4350414
6872,2026-08-11,-0.070390224,-0.11329159,0.012942382,0.015179971,-5.438318
6416,2026-08-11,-0.08136663,-0.116065025,0.014947276,0.018191881,-5.4432116
9105,2026-08-11,-0.10187127,-0.18816544,0.018711567,0.02430471,-5.4440026
2007,2026-08-11,-0.06876979,-0.08011786,0.0126301525,0.014846092,-5.444459
3628,2026-08-11,-0.08319937,-0.19048302,0.015270816,0.020077107,-5.4479027
2910,2026-08-11,-0.1125552,-0.15385427,0.02065615,0.022576861,-5.448728
8107,2026-08-11,-0.07419496,-0.110055834,0.013598225,0.018155007,-5.4558225
5498,2026-08-11,-0.097170606,-0.20905617,0.017804762,0.016596582,-5.4572563
2471,2026-08-11,-0.0956602,-0.1532323,0.017527148,0.026541146,-5.457519
5201,2026-08-11,-0.08878681,-0.12497736,0.01623774,0.017616386,-5.4675922
1312,2026-08-11,-0.13950314,-0.22045562,0.02549313,0.02997085,-5.4719706
7547,2026-08-11,-0.11410883,-0.1886094,0.020845046,0.023432665,-5.4738836
3684,2026-08-11,-0.09954796,-0.20005932,0.01818127,0.022699142,-5.475002
8091,2026-08-11,-0.073887065,-0.09107342,0.01348498,0.019937895,-5.4788055
8440,2026-08-11,-0.08412608,-0.16715795,0.015353387,0.020738104,-5.47896
2740,2026-08-11,-0.06945365,-0.13810498,0.012665828,0.015541861,-5.483113
7795,2026-08-11,-0.10207871,-0.14129314,0.018579299,0.022418763,-5.493922
6761,2026-08-11,-0.11777468,-0.232419,0.021431016,0.020611072,-5.4952683
8482,2026-08-11,-0.096201725,-0.06228306,0.017502703,0.01582429,-5.4960785
4533,2026-08-11,-0.10457289,-0.16667446,0.018947268,0.018324737,-5.5188627
9928,2026-08-11,-0.055685554,-0.06300841,0.01007835,0.015766583,-5.5247164
4930,2026-08-11,-0.080920026,-0.13623044,0.014642817,0.014982642,-5.525883
3675,2026-08-11,-0.08802202,-0.23587328,0.015789198,0.020011595,-5.5744724
4155,2026-08-11,-0.06796894,-0.06977547,0.012160539,0.011996965,-5.588844
1336,2026-08-11,-0.06428095,-0.07196547,0.011498964,0.017862948,-5.589665
6477,2026-08-11,-0.089081414,-0.15680256,0.015897792,0.020040195,-5.60303
6272,2026-08-11,-0.08106709,-0.12963322,0.01443367,0.018678525,-5.6161375
4557,2026-08-11,-0.08632349,-0.12368853,0.01535949,0.01969767,-5.6198397
1702,2026-08-11,-0.0899347,-0.08728851,0.015987549,0.014145659,-5.624944
3623,2026-08-11,-0.10322215,-0.22433482,0.01834915,0.015494617,-5.6251388
2365,2026-08-11,-0.11392223,-0.22318588,0.02024235,0.02517447,-5.6276374
4538,2026-08-11,-0.09546835,-0.15484555,0.016949568,0.020111034,-5.632162
3015,2026-08-11,-0.0800611,-0.08345069,0.014176369,0.015255521,-5.6471057
7810,2026-08-11,-0.08132957,-0.2146582,0.01437247,0.018501919,-5.6583114
8935,2026-08-11,-0.06699442,-0.07859777,0.011830162,0.017619671,-5.662539
5601,2026-08-11,-0.07448711,-0.11727287,0.013148681,0.016415618,-5.6645565
2601,2026-08-11,-0.101452924,-0.070280194,0.01790154,0.016870493,-5.666957
3591,2026-08-11,-0.10439979,-0.23218279,0.018407306,0.025534978,-5.671342
2705,2026-08-11,-0.074129455,-0.09908163,0.013067437,0.011191518,-5.672404
3178,2026-08-11,-0.06241661,-0.1395064,0.010990787,0.017178606,-5.678477
3073,2026-08-11,-0.11161984,-0.16003513,0.0196506,0.019660665,-5.679936
2754,2026-08-11,-0.09161226,-0.098611705,0.016084373,0.016626734,-5.6953764
6796,2026-08-11,-0.10599642,-0.122253984,0.018592924,0.019054975,-5.7005944
2643,2026-08-11,-0.08242301,-0.1019408,0.014449709,0.016186047,-5.7037344
3128,2026-08-11,-0.07961745,-0.16548385,0.013937225,0.015670592,-5.7121654
9935,2026-08-11,-0.0657756,-0.07440807,0.011503438,0.015531135,-5.717411
6248,2026-08-11,-0.07098261,-0.06988289,0.01241299,0.014382327,-5.7179527
2363,2026-08-11,-0.12787117,-0.17980722,0.022213165,0.027300065,-5.75629
3716,2026-08-11,-0.08182219,-0.12301431,0.014207344,0.014983704,-5.758742
6492,2026-08-11,-0.08385151,-0.121718474,0.014551546,0.016415024,-5.761982
1541,2026-08-11,-0.057797328,-0.087710075,0.010024523,0.015713941,-5.7650185
7732,2026-08-11,-0.070576385,-0.10945585,0.012237819,0.014781416,-5.7666006
6218,2026-08-11,-0.12716994,-0.2692811,0.022045394,0.0290459,-5.768287
2646,2026-08-11,-0.093217745,-0.03365791,0.016145393,0.017540088,-5.773286
3141,2026-08-11,-0.10144496,-0.18084194,0.01755281,0.020367485,-5.779085
3040,2026-08-11,-0.110072024,-0.1734531,0.019010989,0.024049977,-5.7896113
8234,2026-08-11,-0.12970033,-0.17424224,0.022364952,0.025520096,-5.799008
8429,2026-08-11,-0.10262413,-0.09928142,0.017683893,0.016472531,-5.802926
6799,2026-08-11,-0.07234551,-0.18649772,0.012456897,0.016277041,-5.807201
8426,2026-08-11,-0.09799838,-0.13098821,0.016868738,0.020548984,-5.8091226
8047,2026-08-11,-0.08829982,-0.17624608,0.015180014,0.020352265,-5.8164635
2489,2026-08-11,-0.14089748,-0.13622554,0.024201788,0.030375872,-5.8215394
3297,2026-08-11,-0.14939965,-0.29563984,0.02564784,0.0276662,-5.8248115
1457,2026-08-11,-0.08688005,-0.10686156,0.014906216,0.01363756,-5.828053
1233,2026-08-11,-0.07744261,-0.087204315,0.01327382,0.018097993,-5.833797
3646,2026-08-11,-0.08527651,-0.120218106,0.014601543,0.016730335,-5.8398395
4413,2026-08-11,-0.10589668,-0.1556616,0.018127702,0.021379776,-5.8413825
8112,2026-08-11,-0.16736336,-0.13492672,0.028630206,0.028089764,-5.8454876
6245,2026-08-11,-0.08579807,-0.14826182,0.014664711,0.01824888,-5.8502493
6230,2026-08-11,-0.115468964,-0.15637353,0.019730223,0.020033594,-5.852093
6680,2026-08-11,-0.08377316,-0.16530587,0.014308919,0.016119264,-5.854202
3416,2026-08-11,-0.10924186,-0.14195971,0.018643238,0.017519033,-5.8592825
2729,2026-08-11,-0.07172992,-0.12882282,0.012218369,0.0155723095,-5.870182
2061,2026-08-11,-0.113747075,-0.22525968,0.019304708,0.02781969,-5.891888
1614,2026-08-11,-0.07243273,-0.091613464,0.012272263,0.009081505,-5.901668
1463,2026-08-11,-0.089224204,-0.08791559,0.015076301,0.016903643,-5.9177833
3504,2026-08-11,-0.12010334,-0.18282528,0.020273758,0.021449998,-5.923786
6807,2026-08-11,-0.11066152,-0.11100647,0.018679805,0.0234626,-5.923809
8411,2026-08-11,-0.09110697,-0.10057044,0.015367333,0.014028488,-5.9282274
8147,2026-08-11,-0.102425985,-0.23267218,0.01727351,0.018933382,-5.9293137
1623,2026-08-11,-0.074985996,-0.1805595,0.012645173,0.01717618,-5.9295406
3224,2026-08-11,-0.15159085,-0.23003455,0.025518302,0.029793622,-5.940243
5392,2026-08-11,-0.15699902,-0.19426748,0.026410596,0.02500571,-5.9443216
2545,2026-08-11,-0.061440762,-0.10021952,0.010328021,0.01647926,-5.9483624
6558,2026-08-11,-0.12497263,-0.2182169,0.020914577,0.024697263,-5.975098
2903,2026-08-11,-0.06085962,-0.021944163,0.010182609,0.009601018,-5.976233
8045,2026-08-11,-0.112314254,-0.21105082,0.018760968,0.017104553,-5.9862723
4540,2026-08-11,-0.110761546,-0.1900091,0.018428141,0.02044912,-6.0101304
3444,2026-08-11,-0.1405275,-0.21839419,0.023369167,0.029306075,-6.013115
8489,2026-08-11,-0.08761093,-0.17877588,0.014552826,0.020029174,-6.019787
3447,2026-08-11,-0.09607676,-0.15165609,0.0159544,0.020675475,-6.0215826
6651,2026-08-11,-0.092192605,-0.1486071,0.015275932,0.016511377,-6.034759
3523,2026-08-11,-0.08766331,-0.0908386,0.014517245,0.018837849,-6.0381474
2528,2026-08-11,-0.1225544,-0.08014311,0.020196607,0.024872413,-6.067768
8068,2026-08-11,-0.087793685,-0.17759575,0.014443726,0.015821505,-6.0779057
1732,2026-08-11,-0.09424559,-0.15078507,0.015489299,0.014637668,-6.0841684
7584,2026-08-11,-0.12357713,-0.1830923,0.02030279,0.017901106,-6.086407
3029,2026-08-11,-0.09778603,-0.12557037,0.016035022,0.015929667,-6.097898
5531,2026-08-11,-0.11389317,-0.105729274,0.018656092,0.016805511,-6.1045513
3701,2026-08-11,-0.11778059,-0.2343604,0.019264802,0.021007242,-6.1134534
4161,2026-08-11,-0.089933075,-0.12171527,0.014663448,0.020606015,-6.1327286
1524,2026-08-11,-0.13345547,-0.19152518,0.021701725,0.019827155,-6.1492496
1717,2026-08-11,-0.10841325,-0.18927822,0.017594561,0.023681358,-6.1613975
3548,2026-08-11,-0.13735023,-0.24248722,0.022276184,0.025469884,-6.1655116
6829,2026-08-11,-0.11346666,-0.17733577,0.018369252,0.024880664,-6.176652
3230,2026-08-11,-0.112865336,-0.130124,0.018271644,0.018018316,-6.1767383
4572,2026-08-11,-0.063567825,-0.08777004,0.010262901,0.012797633,-6.1933393
4729,2026-08-11,-0.080453254,-0.12370712,0.01298756,0.012068716,-6.194163
8222,2026-08-11,-0.14468704,-0.22723395,0.023349602,0.028506422,-6.1962876
8349,2026-08-11,-0.07301469,-0.068805926,0.011779957,0.0150836855,-6.197687
5371,2026-08-11,-0.13550286,-0.17017847,0.021769429,0.031505387,-6.22417
5014,2026-08-11,-0.08750388,-0.11294463,0.014040413,0.013446853,-6.2318425
6505,2026-08-11,-0.10886456,-0.09297598,0.017419405,0.017543245,-6.249255
2108,2026-08-11,-0.11568281,-0.10059881,0.01849269,0.01835682,-6.2552586
6533,2026-08-11,-0.10619946,-0.20053871,0.016912702,0.022918861,-6.2789006
6697,2026-08-11,-0.09551568,-0.13913956,0.015180372,0.01666694,-6.291637
4406,2026-08-11,-0.06832207,-0.10363545,0.010811435,0.017923443,-6.318842
1440,2026-08-11,-0.08297776,-0.08513391,0.013092998,0.013005243,-6.337083
1813,2026-08-11,-0.09071283,-0.15792033,0.014281763,0.018735988,-6.35121
1710,2026-08-11,-0.13190302,-0.2041228,0.020745099,0.026016487,-6.3579674
3308,2026-08-11,-0.1012166,-0.19153377,0.015898352,0.020682657,-6.366083
1466,2026-08-11,-0.14832513,-0.19772503,0.023276964,0.021545295,-6.3719115
4129,2026-08-11,-0.0743033,-0.12045361,0.011652735,0.016698433,-6.3759212
6220,2026-08-11,-0.071464255,-0.12707005,0.011193449,0.015930794,-6.383901
1504,2026-08-11,-0.10176238,-0.18975642,0.015900612,0.022087593,-6.399501
8279,2026-08-11,-0.07882754,-0.11958801,0.012313647,0.015369065,-6.40112
9918,2026-08-11,-0.11896663,-0.11363166,0.018578708,0.018513454,-6.403041
4175,2026-08-11,-0.083873406,-0.1954712,0.013070183,0.016169535,-6.416665
8443,2026-08-11,-0.06886552,-0.12877221,0.010730806,0.014538686,-6.4169555
2208,2026-08-11,-0.08672179,-0.11597716,0.013452947,0.015044253,-6.445825
3047,2026-08-11,-0.13964209,-0.19307168,0.02165551,0.02237745,-6.4480424
3013,2026-08-11,-0.10916136,-0.23151661,0.016916137,0.022872774,-6.4527087
3609,2026-08-11,-0.14577207,-0.18840198,0.022582581,0.019234896,-6.454781
8227,2026-08-11,-0.11753143,-0.24906276,0.018195579,0.020366866,-6.4589853
6538,2026-08-11,-0.18084519,-0.20193596,0.027993614,0.031096708,-6.459999
3663,2026-08-11,-0.08922364,-0.17195562,0.013800617,0.015925406,-6.464723
3025,2026-08-11,-0.13088088,-0.22881062,0.020148031,0.019178184,-6.495641
3511,2026-08-11,-0.12867992,-0.1684015,0.019759668,0.018187862,-6.5119214
1217,2026-08-11,-0.0748589,-0.07229929,0.011471914,0.013953616,-6.524837
3339,2026-08-11,-0.16474555,-0.28269017,0.025245136,0.028421054,-6.525575
6671,2026-08-11,-0.110619985,-0.14627317,0.016933668,0.016864492,-6.532161
5364,2026-08-11,-0.079361774,-0.14121181,0.012133818,0.015534551,-6.540005
4927,2026-08-11,-0.09639093,-0.3112778,0.014717069,0.022899114,-6.5491557
2461,2026-08-11,-0.09058296,-0.12703432,0.013830018,0.016584776,-6.5492616
3051,2026-08-11,-0.082961224,-0.15943827,0.01266544,0.014865941,-6.5496874
1475,2026-08-11,-0.070483334,-0.08760677,0.0107562505,0.014823426,-6.55217
3552,2026-08-11,-0.08197265,-0.15125233,0.012506248,0.013034776,-6.5540113
8937,2026-08-11,-0.2094688,-0.32276192,0.031919975,0.045576666,-6.5621057
2062,2026-08-11,-0.11184263,-0.123807,0.017031878,0.022604847,-6.566279
4569,2026-08-11,-0.09430252,-0.1429293,0.014352662,0.019041045,-6.5699277
2641,2026-08-11,-0.080823354,-0.10393548,0.012296716,0.014119885,-6.5722246
6869,2026-08-11,-0.115611956,-0.18173215,0.017548868,0.022291949,-6.587625
3558,2026-08-11,-0.09654481,-0.12860592,0.014645925,0.018544344,-6.591473
4968,2026-08-11,-0.13381766,-0.27763614,0.020288246,0.02815243,-6.5954967
2476,2026-08-11,-0.2278875,-0.47238472,0.03451635,0.04007442,-6.6021147
1447,2026-08-11,-0.12876491,-0.090805404,0.019484594,0.023592278,-6.6082106
5309,2026-08-11,-0.08258994,-0.17384882,0.012471019,0.02069019,-6.6220183
4426,2026-08-11,-0.11915375,-0.15650031,0.017977586,0.016715733,-6.6275373
4137,2026-08-11,-0.10086829,-0.088046595,0.015143824,0.015319594,-6.6602488
6642,2026-08-11,-0.096364565,-0.14115897,0.01445652,0.019415744,-6.665359
5245,2026-08-11,-0.09645971,-0.1249314,0.014467631,0.018362511,-6.6668167
4923,2026-08-11,-0.13834174,-0.17463118,0.020728506,0.028443208,-6.673663
2228,2026-08-11,-0.11170319,-0.14972751,0.016734404,0.016507525,-6.674663
4442,2026-08-11,-0.14008962,-0.19245686,0.020907806,0.02749231,-6.7000294
6166,2026-08-11,-0.13833176,-0.16248305,0.020639757,0.022963623,-6.7018743
4714,2026-08-11,-0.11917152,-0.2217523,0.01777764,0.023359178,-6.703073
6488,2026-08-11,-0.119958326,-0.21131346,0.017883409,0.021787476,-6.7074246
2103,2026-08-11,-0.12512518,-0.13672167,0.018549854,0.018992277,-6.7449822
1569,2026-08-11,-0.11727767,-0.24562041,0.01735548,0.01810133,-6.756996
1560,2026-08-11,-0.09274525,-0.0644133,0.013704366,0.010841076,-6.7670755
6865,2026-08-11,-0.12281608,-0.2344456,0.018139884,0.019838726,-6.7701263
6762,2026-08-11,-0.118463054,-0.12206027,0.017479172,0.017523445,-6.7769957
5490,2026-08-11,-0.1313044,-0.15658443,0.019319251,0.028441997,-6.7962055
6152,2026-08-11,-0.1352664,-0.17746013,0.01987721,0.020850398,-6.804757
5227,2026-08-11,-0.09935376,-0.18506868,0.0145302275,0.018213315,-6.8372583
1442,2026-08-11,-0.12894267,-0.058593042,0.018852403,0.017036295,-6.839225
2611,2026-08-11,-0.11391497,-0.1511351,0.01663628,0.019253623,-6.8469706
4912,2026-08-11,-0.09379346,-0.15341939,0.013689723,0.013711159,-6.850877
1582,2026-08-11,-0.15002188,-0.23850137,0.02187989,0.021581668,-6.856297
3056,2026-08-11,-0.100702256,-0.101870365,0.014631101,0.016932081,-6.8822827
1338,2026-08-11,-0.10390409,-0.13388772,0.015093913,0.015602231,-6.883384
1521,2026-08-11,-0.058654323,-0.058788594,0.00849716,0.014865526,-6.9020023
6588,2026-08-11,-0.2019236,-0.35692137,0.029229892,0.04169595,-6.907883
8071,2026-08-11,-0.14755839,-0.14693972,0.021348739,0.022315564,-6.9114842
3018,2026-08-11,-0.09662541,-0.1283728,0.013957988,0.01715875,-6.922093
2451,2026-08-11,-0.21995059,-0.32928494,0.031766564,0.03484313,-6.9237475
6728,2026-08-11,-0.08781228,-0.1414309,0.012666377,0.017293505,-6.9321594
1225,2026-08-11,-0.12749285,-0.1943677,0.018384581,0.018704144,-6.934393
1464,2026-08-11,-0.07584276,-0.09274971,0.010916376,0.014352224,-6.946977
3043,2026-08-11,-0.08261116,-0.21970795,0.011859532,0.01966766,-6.9652147
3219,2026-08-11,-0.13208196,-0.23126383,0.018941125,0.022977283,-6.972922
3714,2026-08-11,-0.11647031,-0.12383298,0.016669445,0.020004103,-6.9866347
6113,2026-08-11,-0.11962339,-0.17250821,0.017082287,0.017215988,-7.0023637
2923,2026-08-11,-0.13938022,-0.15316534,0.019869339,0.024931896,-7.0144863
8916,2026-08-11,-0.09941062,-0.09692936,0.014153906,0.016116392,-7.023051
7842,2026-08-11,-0.14390962,-0.22218135,0.0204499,0.024164312,-7.0368357
3521,2026-08-11,-0.11713959,-0.17818823,0.01661808,0.02026429,-7.0485
6804,2026-08-11,-0.13130201,-0.11646675,0.018626835,0.017434256,-7.0486994
9940,2026-08-11,-0.08350007,-0.04637575,0.011831623,0.011557648,-7.056768
1227,2026-08-11,-0.073540404,-0.031901617,0.0104046315,0.012460563,-7.0673656
2371,2026-08-11,-0.10474925,-0.13644353,0.014816944,0.019912286,-7.0690813
2438,2026-08-11,-0.12897626,-0.18276043,0.018224895,0.022118127,-7.076539
2530,2026-08-11,-0.14276256,-0.14270636,0.02017141,0.020906718,-7.07712
4577,2026-08-11,-0.13546269,-0.2590945,0.019109465,0.022337018,-7.088403
2070,2026-08-11,-0.11220562,-0.18669645,0.015805531,0.01919753,-7.0986867
4164,2026-08-11,-0.10852878,-0.09390566,0.015269168,0.016002728,-7.107242
6720,2026-08-11,-0.1303339,-0.22773565,0.018246336,0.021022419,-7.1426263
5302,2026-08-11,-0.17346941,-0.18026854,0.024279706,0.028704163,-7.1443315
8933,2026-08-11,-0.12482329,-0.16415414,0.017440334,0.022072177,-7.156751
6875,2026-08-11,-0.09800675,-0.10390461,0.01366484,0.0129040675,-7.171659
2901,2026-08-11,-0.13542362,-0.19073719,0.018868672,0.020976055,-7.176787
7818,2026-08-11,-0.097949974,-0.15878324,0.013634381,0.01688351,-7.1835155
8084,2026-08-11,-0.2256306,-0.23405126,0.031340353,0.03308055,-7.1991343
2397,2026-08-11,-0.14019863,-0.15647091,0.019472117,0.021042498,-7.199599
4402,2026-08-11,-0.10293861,-0.120993964,0.0142949475,0.015084011,-7.2005444
2630,2026-08-11,-0.08477966,-0.1338825,0.011762015,0.014370453,-7.207307
2038,2026-08-11,-0.12564231,-0.16836037,0.017369132,0.020146409,-7.2332387
1529,2026-08-11,-0.16412681,-0.26640046,0.022684272,0.03048287,-7.23495
6191,2026-08-11,-0.083260015,-0.14284328,0.011469801,0.014203912,-7.2584305
8438,2026-08-11,-0.15420915,-0.27794495,0.02118361,0.022357248,-7.2793007
3114,2026-08-11,-0.14920126,-0.19537179,0.020470427,0.02411039,-7.2882686
2905,2026-08-11,-0.10492155,-0.10266927,0.014342011,0.014476195,-7.315169
6150,2026-08-11,-0.12659994,-0.21065341,0.017282205,0.022510655,-7.3250265
3706,2026-08-11,-0.10349976,-0.09252067,0.014075429,0.013526811,-7.3527
8121,2026-08-11,-0.10288756,-0.15496968,0.0139859645,0.018885825,-7.355961
3438,2026-08-11,-0.15691535,-0.24415103,0.021320978,0.02913746,-7.359324
2359,2026-08-11,-0.12847559,-0.13254185,0.017432168,0.019315232,-7.3696065
8906,2026-08-11,-0.120903835,-0.13448122,0.016371166,0.019604377,-7.384718
1325,2026-08-11,-0.11295531,-0.17100069,0.015294438,0.013807826,-7.3849015
8488,2026-08-11,-0.115031086,-0.11605764,0.015552636,0.018388733,-7.395768
4430,2026-08-11,-0.121065475,-0.20169061,0.01632797,0.017216895,-7.4141526
6578,2026-08-11,-0.11625109,-0.1480599,0.015591712,0.015526412,-7.455476
6965,2026-08-11,-0.13204028,-0.14163993,0.017708048,0.016177062,-7.456091
1598,2026-08-11,-0.11719325,-0.15523888,0.015651574,0.016613184,-7.487155
2409,2026-08-11,-0.1175243,-0.2057229,0.015692422,0.0159262,-7.488762
4571,2026-08-11,-0.14605649,-0.1784717,0.019375298,0.016676672,-7.5378942
6716,2026-08-11,-0.1372688,-0.22376375,0.018198844,0.019052848,-7.542306
4994,2026-08-11,-0.111231044,-0.16636881,0.014738278,0.020257404,-7.546573
6792,2026-08-11,-0.14402673,-0.20562682,0.019059308,0.026525155,-7.5563693
3147,2026-08-11,-0.22879167,-0.36225933,0.030211572,0.03233769,-7.5727305
7770,2026-08-11,-0.13275848,-0.20752424,0.017509602,0.019939957,-7.581606
6931,2026-08-11,-0.111127205,-0.13811536,0.014646565,0.016100338,-7.5867357
2460,2026-08-11,-0.106773235,-0.1292853,0.0140572935,0.01594262,-7.595035
2939,2026-08-11,-0.15474732,-0.18635099,0.020364976,0.020503176,-7.5983257
8215,2026-08-11,-0.11536018,-0.15597747,0.01516787,0.016068615,-7.605061
3323,2026-08-11,-0.20956002,-0.2861344,0.027548593,0.02785617,-7.606647
1417,2026-08-11,-0.09002418,-0.15781817,0.011814202,0.0153562175,-7.6193514
6496,2026-08-11,-0.15770227,-0.23814775,0.020676726,0.02201745,-7.626673
6118,2026-08-11,-0.12712774,-0.19180393,0.016652418,0.017156975,-7.6337323
6698,2026-08-11,-0.07478941,-0.12720431,0.009785329,0.013847232,-7.6422334
2348,2026-08-11,-0.11434918,-0.11495605,0.014933631,0.016395545,-7.656646
7642,2026-08-11,-0.1280654,-0.13154165,0.016719436,0.014776785,-7.6592145
6282,2026-08-11,-0.117076725,-0.15326357,0.015278943,0.017374452,-7.662118
6516,2026-08-11,-0.11187071,-0.16713145,0.014567996,0.018894745,-7.6786833
6130,2026-08-11,-0.14533733,-0.18646914,0.018903762,0.022157613,-7.6878686
5306,2026-08-11,-0.11013379,-0.07866206,0.014286138,0.013696326,-7.7085967
3625,2026-08-11,-0.1259236,-0.12372449,0.016304487,0.020122532,-7.7227745
5244,2026-08-11,-0.112023264,-0.17207447,0.014432067,0.01567374,-7.76157
2028,2026-08-11,-0.09136111,-0.07507416,0.011759329,0.011221264,-7.7685847
6431,2026-08-11,-0.11517982,-0.11562942,0.014824419,0.015201224,-7.769077
3489,2026-08-11,-0.23161574,-0.25002924,0.029733146,0.035852674,-7.789554
8931,2026-08-11,-0.13537754,-0.143787,0.017346697,0.020621957,-7.803776
1603,2026-08-11,-0.1076717,-0.09800153,0.013794089,0.01953711,-7.8050747
3004,2026-08-11,-0.122145906,-0.16710977,0.015647162,0.013174959,-7.805767
1568,2026-08-11,-0.10412868,-0.15369025,0.013335517,0.018486805,-7.807787
4109,2026-08-11,-0.111681394,-0.16682217,0.014292101,0.017832637,-7.8136573
2254,2026-08-11,-0.16989394,-0.20338288,0.021720354,0.020557612,-7.821517
6712,2026-08-11,-0.1407586,-0.14820436,0.017989758,0.014802107,-7.8239393
4523,2026-08-11,-0.12280213,-0.15878433,0.01569034,0.014956576,-7.8261085
2331,2026-08-11,-0.1589701,-0.22290348,0.020310426,0.02414123,-7.826634
2516,2026-08-11,-0.2019897,-0.1919653,0.0258029,0.030763784,-7.8278747
3226,2026-08-11,-0.113223836,-0.13772398,0.0144601,0.016855273,-7.829545
6163,2026-08-11,-0.14275576,-0.3246538,0.018199455,0.024871087,-7.843527
6933,2026-08-11,-0.2106644,-0.30674514,0.026842939,0.02865393,-7.847746
6695,2026-08-11,-0.12993851,-0.19294962,0.016520182,0.02027682,-7.864965
2106,2026-08-11,-0.12503003,-0.06732189,0.015892806,0.018460363,-7.866588
6906,2026-08-11,-0.11079084,-0.13879341,0.014063003,0.016176486,-7.877618
6462,2026-08-11,-0.1487634,-0.23582864,0.01886513,0.024736045,-7.88521
6733,2026-08-11,-0.116145805,-0.15649602,0.014724298,0.016655711,-7.887501
2616,2026-08-11,-0.16357037,-0.18103711,0.020736815,0.023263996,-7.8875413
8110,2026-08-11,-0.16525118,-0.21510035,0.020942375,0.024262674,-7.8903794
5292,2026-08-11,-0.08072746,-0.16971286,0.010198872,0.015439445,-7.914556
6953,2026-08-11,-0.11300249,-0.2337984,0.014264597,0.01822114,-7.921329
1584,2026-08-11,-0.13087955,-0.1822919,0.016517956,0.020056691,-7.9229918
6209,2026-08-11,-0.13236077,-0.15919368,0.016676614,0.018630072,-7.9364333
2072,2026-08-11,-0.08627148,-0.16811416,0.010845263,0.016679691,-7.954028
3060,2026-08-11,-0.122418754,-0.22167608,0.015373321,0.020835834,-7.962547
2221,2026-08-11,-0.13565952,-0.16159363,0.016997298,0.020346608,-7.98077
8436,2026-08-11,-0.141815,-0.1540472,0.017766602,0.018161003,-7.9816623
6841,2026-08-11,-0.10590022,-0.12983076,0.013262091,0.013357326,-7.9845805
2312,2026-08-11,-0.14068848,-0.27185413,0.017580288,0.02899991,-8.0021715
6204,2026-08-11,-0.11970936,-0.16816503,0.01494421,0.019976322,-8.009881
2417,2026-08-11,-0.20484279,-0.2681588,0.025552835,0.026411513,-8.016127
2524,2026-08-11,-0.13334793,-0.105194636,0.016625877,0.014557203,-8.020022
6446,2026-08-11,-0.15276463,-0.15877822,0.019016773,0.022319565,-8.03273
1435,2026-08-11,-0.207606,-0.15657248,0.02579755,0.025511736,-8.047196
3704,2026-08-11,-0.110897824,-0.1208357,0.013715197,0.015364703,-8.085173
6292,2026-08-11,-0.15212014,-0.19042371,0.018739942,0.025061801,-8.116995
1219,2026-08-11,-0.084623195,-0.13205907,0.010402438,0.0112187145,-8.134156
3652,2026-08-11,-0.16356656,-0.19149217,0.020078799,0.024382694,-8.145826
1616,2026-08-11,-0.14796586,-0.203293,0.018143613,0.02172861,-8.15481
1337,2026-08-11,-0.12986827,-0.16891159,0.015917808,0.015883502,-8.158165
6532,2026-08-11,-0.25512752,-0.3670746,0.031216823,0.035242565,-8.172496
4746,2026-08-11,-0.1711347,-0.19918407,0.020913968,0.01753404,-8.182403
3708,2026-08-11,-0.12088195,-0.15831028,0.014725458,0.019819582,-8.2084875
6414,2026-08-11,-0.14902553,-0.18441232,0.018133385,0.021731764,-8.217843
1308,2026-08-11,-0.11892657,-0.16057701,0.014465762,0.016928282,-8.220676
3312,2026-08-11,-0.13186795,-0.17985795,0.016038615,0.017468788,-8.221391
1108,2026-08-11,-0.11378838,-0.10234805,0.0138323335,0.019249085,-8.225666
4510,2026-08-11,-0.15798569,-0.30246353,0.019190263,0.020543786,-8.232167
2064,2026-08-11,-0.10704907,-0.109625615,0.0129901515,0.013568832,-8.240152
4949,2026-08-11,-0.1475027,-0.2669781,0.017887669,0.026122354,-8.245594
3066,2026-08-11,-0.17460273,-0.2074287,0.021124763,0.022843458,-8.264919
6763,2026-08-11,-0.08998774,-0.13024399,0.010885362,0.014336383,-8.266099
6655,2026-08-11,-0.10351125,-0.16216485,0.012516018,0.016131049,-8.269641
1449,2026-08-11,-0.16089316,-0.19419749,0.019447308,0.024035776,-8.2728615
4743,2026-08-11,-0.14974576,-0.2336922,0.018092401,0.025922185,-8.276263
2723,2026-08-11,-0.080007456,-0.067305006,0.009647432,0.013407937,-8.292275
4556,2026-08-11,-0.15776548,-0.19699748,0.018984748,0.020971507,-8.309679
4160,2026-08-11,-0.13783795,-0.2688884,0.016483814,0.02296653,-8.36151
6617,2026-08-11,-0.14585805,-0.17899948,0.01742303,0.018284865,-8.371086
6997,2026-08-11,-0.15170364,-0.21850921,0.018115658,0.021554476,-8.37371
1530,2026-08-11,-0.12439804,-0.14300194,0.014823592,0.016237555,-8.39133
3322,2026-08-11,-0.1803605,-0.26805156,0.021474332,0.02701542,-8.398497
6616,2026-08-11,-0.125032,-0.13075049,0.014849577,0.013681288,-8.419335
2364,2026-08-11,-0.11985222,-0.19795564,0.014209867,0.017220965,-8.433843
6101,2026-08-11,-0.14864331,-0.23516437,0.01762194,0.026419735,-8.4346485
3631,2026-08-11,-0.15739466,-0.19045109,0.018629974,0.020717561,-8.44801
3206,2026-08-11,-0.12197869,-0.16935374,0.014413138,0.01791272,-8.462434
6024,2026-08-11,-0.094960816,-0.06374505,0.011194951,0.010675214,-8.48171
3520,2026-08-11,-0.1356254,-0.18114056,0.015966257,0.018819356,-8.49397
1295,2026-08-11,-0.15058734,-0.24114141,0.0176854,0.02298179,-8.514301
2722,2026-08-11,-0.11644386,-0.15380584,0.013653706,0.014875177,-8.527745
7722,2026-08-11,-0.11675027,-0.14680865,0.013665387,0.014948745,-8.542877
6629,2026-08-11,-0.11880257,-0.114766106,0.013895345,0.017975833,-8.549195
6167,2026-08-11,-0.14935832,-0.22045287,0.017444888,0.025549525,-8.5612335
1786,2026-08-11,-0.20660381,-0.27062818,0.024072455,0.020764887,-8.582225
6418,2026-08-11,-0.164777,-0.24441633,0.019187909,0.018146459,-8.587095
1785,2026-08-11,-0.23410696,-0.33812433,0.027255531,0.02521911,-8.589023
1294,2026-08-11,-0.1129699,-0.14834036,0.013118834,0.014747499,-8.61062
1742,2026-08-11,-0.18450251,-0.23152004,0.021419432,0.023277428,-8.613389
6928,2026-08-11,-0.16710205,-0.19384123,0.019397995,0.020442095,-8.613955
5530,2026-08-11,-0.1291407,-0.09091102,0.014984493,0.015148091,-8.617715
1525,2026-08-11,-0.14352874,-0.18364595,0.016632887,0.019474048,-8.6286955
6752,2026-08-11,-0.118591525,-0.2122702,0.013704826,0.01807295,-8.652636
4911,2026-08-11,-0.1269013,-0.1971393,0.014660333,0.013761536,-8.655509
2642,2026-08-11,-0.11768546,-0.17348315,0.013591325,0.019404128,-8.658229
4441,2026-08-11,-0.10496296,-0.16349842,0.012093265,0.014601449,-8.678739
5426,2026-08-11,-0.16145967,-0.22480604,0.018602982,0.02263663,-8.678769
4726,2026-08-11,-0.15670086,-0.19285323,0.018048882,0.017315933,-8.681544
3441,2026-08-11,-0.22380206,-0.30753505,0.025726845,0.03267169,-8.698826
6742,2026-08-11,-0.11685179,-0.10753821,0.013419965,0.014658615,-8.70666
4142,2026-08-11,-0.211673,-0.2571884,0.024262164,0.024177922,-8.724048
4190,2026-08-11,-0.1270121,-0.15918061,0.014544376,0.013389281,-8.732129
6657,2026-08-11,-0.16248229,-0.2451346,0.018547315,0.019680584,-8.759949
4198,2026-08-11,-0.11932187,-0.17325506,0.0136122815,0.016196204,-8.765107
1455,2026-08-11,-0.14338528,-0.15237446,0.01632886,0.014089837,-8.780558
8342,2026-08-11,-0.13634473,-0.17018624,0.0155111505,0.017945321,-8.789544
6913,2026-08-11,-0.130368,-0.21696366,0.014828858,0.01714294,-8.790913
8040,2026-08-11,-0.11375752,-0.21307011,0.012918227,0.020581394,-8.805288
5258,2026-08-11,-0.182672,-0.23570298,0.020738574,0.020848615,-8.807896
2514,2026-08-11,-0.13158348,-0.16114803,0.014910955,0.017684203,-8.824026
4419,2026-08-11,-0.13571826,-0.15056594,0.01533316,0.018334262,-8.850714
6957,2026-08-11,-0.17645216,-0.15371396,0.019930555,0.017422516,-8.852905
4737,2026-08-11,-0.18462579,-0.17641306,0.02085112,0.019670099,-8.8540535
4976,2026-08-11,-0.1700354,-0.26719844,0.019202985,0.029165557,-8.854173
8473,2026-08-11,-0.118215635,-0.06582264,0.013348101,0.016304266,-8.8557005
6508,2026-08-11,-0.09335669,-0.107212715,0.010533695,0.014637678,-8.861831
1259,2026-08-11,-0.145819,-0.17487736,0.016439905,0.02050331,-8.86928
6597,2026-08-11,-0.1105669,-0.1299572,0.012459835,0.01371742,-8.873153
7736,2026-08-11,-0.10636766,-0.123160414,0.011984842,0.010379739,-8.874442
1532,2026-08-11,-0.10299144,-0.08853068,0.011602737,0.012423686,-8.875712
6116,2026-08-11,-0.1898245,-0.3093167,0.021370733,0.026904339,-8.882036
5474,2026-08-11,-0.13085961,-0.22793554,0.014713941,0.019484412,-8.892976
3002,2026-08-11,-0.11925823,-0.16915765,0.013387222,0.014985096,-8.907698
3234,2026-08-11,-0.21189947,-0.2502684,0.02370028,0.029660065,-8.940423
7709,2026-08-11,-0.15134446,-0.2256529,0.016872546,0.017564207,-8.969334
1409,2026-08-11,-0.21881005,-0.29074562,0.024347916,0.030885817,-8.986439
3346,2026-08-11,-0.14583883,-0.13600321,0.016206028,0.01884025,-8.998493
6582,2026-08-11,-0.13112205,-0.07920355,0.014532384,0.015957613,-9.022128
1796,2026-08-11,-0.16966957,-0.23756053,0.018766966,0.022557605,-9.040381
5202,2026-08-11,-0.14215733,-0.23446131,0.015721202,0.021287661,-9.041821
8908,2026-08-11,-0.16452938,-0.16454478,0.018193804,0.016863145,-9.042658
1310,2026-08-11,-0.19235328,-0.2716579,0.021221185,0.030085575,-9.063783
8431,2026-08-11,-0.19738705,-0.34007347,0.021770794,0.032509748,-9.066182
1110,2026-08-11,-0.175551,-0.14849465,0.019333193,0.018435987,-9.07982
4157,2026-08-11,-0.13162981,-0.1934858,0.014488477,0.0167634,-9.084511
7714,2026-08-11,-0.21343675,-0.2830446,0.023456203,0.02690757,-9.098986
6823,2026-08-11,-0.19064906,-0.30492198,0.02091633,0.023125527,-9.114408
8099,2026-08-11,-0.12157307,-0.20014232,0.013292297,0.0165963,-9.145441
2468,2026-08-11,-0.14550394,-0.23294792,0.015897898,0.017162757,-9.151825
4563,2026-08-11,-0.14133902,-0.22930826,0.015439963,0.015511683,-9.15351
6794,2026-08-11,-0.15176463,-0.20356612,0.0165572,0.022227647,-9.165527
8011,2026-08-11,-0.16081838,-0.2346638,0.017527685,0.023842989,-9.174583
2413,2026-08-11,-0.16487728,-0.23866247,0.017966663,0.021417307,-9.176333
1595,2026-08-11,-0.20210233,-0.30207998,0.022000441,0.027404493,-9.185867
6546,2026-08-11,-0.16277616,-0.27436218,0.0177016,0.02643184,-9.195043
3379,2026-08-11,-0.19964923,-0.27864462,0.021686876,0.026171694,-9.205568
2929,2026-08-11,-0.14587246,-0.14863163,0.015825132,0.016137142,-9.21719
8454,2026-08-11,-0.13381384,-0.13996334,0.014488144,0.014324396,-9.2354555
1909,2026-08-11,-0.17085336,-0.11370847,0.0184925,0.015671365,-9.238563
2012,2026-08-11,-0.1570919,-0.14154115,0.01697689,0.015126198,-9.252734
1904,2026-08-11,-0.13937935,-0.07797268,0.015054163,0.018524375,-9.257911
1789,2026-08-11,-0.1374044,-0.10395018,0.014840807,0.01804873,-9.257929
2258,2026-08-11,-0.115500234,-0.10773758,0.012463813,0.010808942,-9.266103
5381,2026-08-11,-0.1950942,-0.32025078,0.021019546,0.031468634,-9.281119
4438,2026-08-11,-0.16127934,-0.17995232,0.017337581,0.01837925,-9.301761
7799,2026-08-11,-0.22708073,-0.28203788,0.024396662,0.027685022,-9.307479
4303,2026-08-11,-0.16322736,-0.2341528,0.017533477,0.0232154,-9.308938
6649,2026-08-11,-0.18811737,-0.22010182,0.020191636,0.0218849,-9.316137
1235,2026-08-11,-0.21219209,-0.24291642,0.022761445,0.023314133,-9.322025
5278,2026-08-11,-0.12851799,-0.13281582,0.013751826,0.014325094,-9.344842
3564,2026-08-11,-0.17077063,-0.21379833,0.018202892,0.01850953,-9.380996
6469,2026-08-11,-0.12781224,-0.16826604,0.013612129,0.019087315,-9.388895
6233,2026-08-11,-0.18163763,-0.24251607,0.019298527,0.023548843,-9.411507
8089,2026-08-11,-0.20149253,-0.25548926,0.021374643,0.024859771,-9.426268
7788,2026-08-11,-0.1397899,-0.15838508,0.0147938235,0.01635478,-9.448567
3205,2026-08-11,-0.12686057,-0.1598794,0.013406011,0.017551523,-9.4622555
8404,2026-08-11,-0.14188284,-0.1444388,0.014849997,0.014431589,-9.553758
4414,2026-08-11,-0.16649596,-0.17719094,0.017403973,0.019698957,-9.565999
2102,2026-08-11,-0.1666696,-0.14584585,0.017367186,0.016829487,-9.596258
8354,2026-08-11,-0.23440358,-0.2725542,0.02439793,0.018897401,-9.607125
1809,2026-08-11,-0.14982311,-0.22239907,0.015577944,0.023393318,-9.617026
1563,2026-08-11,-0.17462362,-0.20502797,0.018125905,0.021548722,-9.633394
6294,2026-08-11,-0.16604207,-0.2580621,0.017191164,0.021365324,-9.658009
8467,2026-08-11,-0.1662329,-0.22975872,0.017165957,0.020081062,-9.683306
6840,2026-08-11,-0.15741307,-0.22111098,0.016248299,0.018679475,-9.687376
2034,2026-08-11,-0.10736556,-0.07369526,0.011064957,0.014297749,-9.70233
4562,2026-08-11,-0.20487548,-0.3046018,0.020989584,0.025755437,-9.760352
5487,2026-08-11,-0.17873396,-0.25296146,0.018254345,0.021377588,-9.790773
8917,2026-08-11,-0.16757168,-0.16416852,0.017085757,0.019804481,-9.807108
5521,2026-08-11,-0.17623927,-0.2284619,0.01792959,0.017047776,-9.828972
2030,2026-08-11,-0.16265139,-0.1723106,0.016523894,0.020243544,-9.84281
4561,2026-08-11,-0.19106133,-0.2773258,0.019370299,0.021497501,-9.863114
4163,2026-08-11,-0.21733755,-0.20118497,0.021916838,0.020398559,-9.916012
3092,2026-08-11,-0.15775815,-0.25864732,0.015795289,0.015325315,-9.987039
2405,2026-08-11,-0.12296577,-0.14930615,0.012263757,0.016523128,-10.025944
1605,2026-08-11,-0.16330703,-0.19767456,0.016240595,0.022295637,-10.054864
1201,2026-08-11,-0.12109018,-0.10840718,0.011969624,0.016906312,-10.115611
6934,2026-08-11,-0.14658438,-0.1907398,0.0144560775,0.015013111,-10.139281
6275,2026-08-11,-0.154951,-0.27010164,0.0152790565,0.019103426,-10.140735
6432,2026-08-11,-0.24239463,-0.26802242,0.023857966,0.029693257,-10.159477
5450,2026-08-11,-0.16604696,-0.18368126,0.016340626,0.015557964,-10.160981
7703,2026-08-11,-0.10947718,-0.25599092,0.010762362,0.018576434,-10.171281
2491,2026-08-11,-0.17792057,-0.21374914,0.017474791,0.02102858,-10.180973
1599,2026-08-11,-0.120259084,-0.2111748,0.0117916595,0.015063655,-10.197791
4166,2026-08-11,-0.13709787,-0.12674567,0.01336341,0.0129609695,-10.2584305
2033,2026-08-11,-0.1888991,-0.23010029,0.018397518,0.015207341,-10.267082
5291,2026-08-11,-0.2355578,-0.36310297,0.022919154,0.024238402,-10.277322
6112,2026-08-11,-0.16026984,-0.20730346,0.015582231,0.020264138,-10.284763
3685,2026-08-11,-0.17137198,-0.18900521,0.016615339,0.021324078,-10.313462
2913,2026-08-11,-0.12817208,-0.15380631,0.012424412,0.013317425,-10.315318
6499,2026-08-11,-0.15982471,-0.267209,0.015486722,0.022706503,-10.319447
2250,2026-08-11,-0.17268872,-0.25169367,0.016707618,0.022844095,-10.335308
3501,2026-08-11,-0.14926627,-0.18328351,0.014436803,0.01952559,-10.3385725
1517,2026-08-11,-0.18257713,-0.19137749,0.017645739,0.017557763,-10.346225
2239,2026-08-11,-0.17224401,-0.1956885,0.016645443,0.018107453,-10.347197
1725,2026-08-11,-0.17655288,-0.20021662,0.016956715,0.019493952,-10.41136
4566,2026-08-11,-0.17388996,-0.21539316,0.016689194,0.016891591,-10.41869
1454,2026-08-11,-0.12991033,-0.18262245,0.012387452,0.017115427,-10.486405
1583,2026-08-11,-0.14907211,-0.1688726,0.014165853,0.01879794,-10.522598
1456,2026-08-11,-0.16299346,-0.21370538,0.01542177,0.015258233,-10.568365
1203,2026-08-11,-0.11848556,-0.111481346,0.011199096,0.01802552,-10.578977
2614,2026-08-11,-0.18235967,-0.256231,0.017235143,0.018832086,-10.580073
5283,2026-08-11,-0.13847078,-0.18670088,0.0130650895,0.015761977,-10.597722
3669,2026-08-11,-0.14789747,-0.2100505,0.013917877,0.018039944,-10.625675
2014,2026-08-11,-0.13174494,-0.11259009,0.012387114,0.012871606,-10.634786
6569,2026-08-11,-0.15664008,-0.1788792,0.0146871805,0.01268949,-10.664362
6133,2026-08-11,-0.24117419,-0.30751693,0.02258776,0.030312933,-10.676735
6668,2026-08-11,-0.16051292,-0.18460871,0.015027912,0.013208728,-10.680275
2035,2026-08-11,-0.11776059,-0.14402021,0.010930479,0.015252029,-10.772613
6952,2026-08-11,-0.1588549,-0.17595485,0.014688112,0.017589698,-10.8144655
3594,2026-08-11,-0.20016159,-0.25657514,0.018331971,0.02270979,-10.91812
6243,2026-08-11,-0.1822931,-0.26517794,0.016645648,0.025469765,-10.95074
6624,2026-08-11,-0.22761986,-0.29206562,0.020740474,0.026132403,-10.974141
1414,2026-08-11,-0.2247112,-0.23052332,0.020373471,0.01860362,-11.029057
7820,2026-08-11,-0.14375472,-0.21948062,0.012957192,0.019282129,-11.093733
8927,2026-08-11,-0.192104,-0.14746787,0.017288499,0.019166328,-11.111022
1905,2026-08-11,-0.1521117,-0.15834309,0.0136813745,0.013838199,-11.117346
6937,2026-08-11,-0.16420346,-0.21850634,0.014767782,0.01680906,-11.11828
6148,2026-08-11,-0.23107696,-0.34744495,0.02075901,0.019969331,-11.130869
6541,2026-08-11,-0.20433897,-0.20879446,0.01832756,0.020863788,-11.148664
4127,2026-08-11,-0.25694752,-0.23741792,0.022969749,0.022553988,-11.185857
2022,2026-08-11,-0.20591946,-0.27705765,0.018378437,0.023187196,-11.203796
6441,2026-08-11,-0.20948449,-0.29644525,0.018601645,0.021450467,-11.261005
4171,2026-08-11,-0.120913066,-0.16616511,0.010729647,0.013170984,-11.268012
1903,2026-08-11,-0.1645363,-0.13339297,0.014597358,0.0143492585,-11.270877
4174,2026-08-11,-0.23864108,-0.34681752,0.021151567,0.021996675,-11.281897
2031,2026-08-11,-0.18696202,-0.14084268,0.016529646,0.017423943,-11.310025
8374,2026-08-11,-0.19157548,-0.27504924,0.01688382,0.024629213,-11.346018
2756,2026-08-11,-0.14038019,-0.20053785,0.012371558,0.016316345,-11.346092
4113,2026-08-11,-0.13933577,-0.15321288,0.012245767,0.012424011,-11.377351
6108,2026-08-11,-0.19491498,-0.22291921,0.017107924,0.021665122,-11.392591
2231,2026-08-11,-0.17807879,-0.25774968,0.015613366,0.016929172,-11.404804
5263,2026-08-11,-0.16281328,-0.17212947,0.0141889425,0.015340077,-11.47385
5321,2026-08-11,-0.25841677,-0.23098005,0.022403762,0.018757202,-11.534011
3712,2026-08-11,-0.2824806,-0.3221793,0.024449311,0.027190488,-11.553251
2104,2026-08-11,-0.22475423,-0.26080242,0.019427134,0.024216937,-11.568493
5481,2026-08-11,-0.14738837,-0.19385192,0.012666552,0.016763084,-11.63511
4549,2026-08-11,-0.16199943,-0.24051727,0.013914698,0.01612034,-11.641488
4147,2026-08-11,-0.21251552,-0.2799511,0.018218616,0.021745058,-11.664105
9136,2026-08-11,-0.18916927,-0.22377285,0.016130432,0.020512609,-11.726749
8905,2026-08-11,-0.19242655,-0.19126922,0.01639594,0.017192133,-11.735516
1522,2026-08-11,-0.20659895,-0.21697457,0.017495025,0.0151361795,-11.808336
2613,2026-08-11,-0.14378875,-0.18774197,0.012116427,0.019706776,-11.866278
9919,2026-08-11,-0.16604567,-0.21015766,0.0139879845,0.02376377,-11.869744
2009,2026-08-11,-0.17006518,-0.17781802,0.014302083,0.014616482,-11.890106
6689,2026-08-11,-0.149829,-0.22497065,0.012585109,0.018484654,-11.904314
1784,2026-08-11,-0.1931915,-0.28989086,0.016148185,0.017229617,-11.962925
3543,2026-08-11,-0.27580914,-0.34356785,0.022954345,0.021469671,-12.015029
1526,2026-08-11,-0.25424317,-0.2976327,0.021146055,0.019913537,-12.022627
1316,2026-08-11,-0.24846448,-0.316031,0.020616308,0.02647596,-12.051257
1736,2026-08-11,-0.21224512,-0.20434871,0.017466718,0.022696009,-12.150706
7780,2026-08-11,-0.12773041,-0.111733995,0.010456588,0.012333423,-12.214137
1536,2026-08-11,-0.19702843,-0.27667886,0.015994549,0.021244645,-12.317703
1799,2026-08-11,-0.22233301,-0.26940238,0.017943207,0.022376785,-12.390239
4128,2026-08-11,-0.16164671,-0.18740769,0.01302722,0.013946364,-12.407429
8171,2026-08-11,-0.20762695,-0.27803877,0.01655674,0.018842464,-12.539571
1321,2026-08-11,-0.13606156,-0.15140812,0.010844017,0.015479082,-12.545998
1236,2026-08-11,-0.14605413,-0.19904162,0.011557374,0.014808148,-12.636217
7777,2026-08-11,-0.35894844,-0.38294736,0.028291313,0.03487225,-12.687137
2017,2026-08-11,-0.21777551,-0.24948579,0.01712702,0.021348916,-12.714576
6603,2026-08-11,-0.23101349,-0.30262804,0.017970664,0.02394548,-12.854318
5608,2026-08-11,-0.18550561,-0.21685973,0.014226296,0.015085046,-13.038712
6141,2026-08-11,-0.24870844,-0.23238061,0.018994087,0.020556027,-13.093304
2241,2026-08-11,-0.16782682,-0.21012232,0.012733995,0.01761121,-13.178396
9955,2026-08-11,-0.19332089,-0.28022859,0.014618145,0.020331802,-13.223816
6504,2026-08-11,-0.22903863,-0.2645687,0.017007558,0.014456043,-13.466082
4119,2026-08-11,-0.2269868,-0.21113943,0.016796766,0.018403832,-13.512916
8044,2026-08-11,-0.19485965,-0.18487504,0.014217343,0.01845018,-13.704807
2230,2026-08-11,-0.2794286,-0.30890858,0.02021559,0.02853444,-13.821748
6743,2026-08-11,-0.2914733,-0.30521387,0.021052588,0.030177735,-13.844353
5907,2026-08-11,-0.22354768,-0.23608926,0.015994776,0.023543892,-13.975419
8472,2026-08-11,-0.19500385,-0.21427128,0.013921234,0.019163389,-14.006649
6589,2026-08-11,-0.24203081,-0.25008193,0.017180124,0.01818091,-14.087018
2032,2026-08-11,-0.20958437,-0.24805507,0.014744126,0.017955381,-14.213806
6919,2026-08-11,-0.18767996,-0.18458995,0.013030372,0.016971348,-14.402164
6870,2026-08-11,-0.26864126,-0.26909497,0.018127244,0.01650569,-14.818934
1410,2026-08-11,-0.21933715,-0.30497426,0.014732697,0.020976298,-14.886769
3176,2026-08-11,-0.19137828,-0.1729887,0.012758485,0.011669242,-14.998903
