stock_id,Date,Score_20d,Score_60d,Unc_20d,Unc_60d,SQ_20d
2486,2026-08-13,0.4082224,0.36162874,0.032802325,0.03532109,12.444544
8024,2026-08-13,0.16426775,0.18369152,0.013242004,0.017680781,12.404115
1268,2026-08-13,0.14389756,0.094001226,0.011950339,0.014628955,12.040288
6691,2026-08-13,0.13248752,0.14325668,0.0114477,0.015053848,11.572276
4432,2026-08-13,0.14325288,0.1182773,0.012690944,0.015883937,11.286914
5904,2026-08-13,0.21262951,0.15085201,0.018967861,0.022825902,11.209397
3596,2026-08-13,0.21174294,0.17156912,0.019120313,0.020980783,11.073661
3014,2026-08-13,0.1798139,0.14865614,0.01666027,0.021666385,10.792329
3044,2026-08-13,0.19583006,0.15664712,0.018368406,0.01869596,10.660664
6023,2026-08-13,0.15136127,0.16432177,0.014476709,0.016600657,10.454781
6229,2026-08-13,0.1803541,0.16116573,0.017543882,0.020454045,10.279585
3086,2026-08-13,0.18305077,0.18562737,0.017972337,0.023285499,10.184573
3293,2026-08-13,0.24572174,0.2671203,0.024814883,0.02348582,9.9017935
3227,2026-08-13,0.1564514,0.08267429,0.015851859,0.016465405,9.868971
6026,2026-08-13,0.14296938,0.15472187,0.014811048,0.018765358,9.652236
2816,2026-08-13,0.13667886,0.1454417,0.014226473,0.017287998,9.606686
3030,2026-08-13,0.2034929,0.11360216,0.021388095,0.018722804,9.513862
2414,2026-08-13,0.15570545,0.1670689,0.016517812,0.017266806,9.425947
4123,2026-08-13,0.26029894,0.18001534,0.027667778,0.025076019,9.407678
6982,2026-08-13,0.13034557,0.120470285,0.013941729,0.014888283,9.34864
6679,2026-08-13,0.117871545,-0.025865411,0.012687318,0.011818246,9.289769
6951,2026-08-13,0.12200681,0.087585546,0.013238506,0.015931308,9.21536
1777,2026-08-13,0.106156565,0.079405755,0.011562432,0.013491245,9.180368
3465,2026-08-13,0.13302332,0.08391638,0.014526061,0.019594504,9.156933
3593,2026-08-13,0.21921392,0.1225951,0.023994537,0.02215698,9.135612
6227,2026-08-13,0.12648864,0.082500346,0.013963688,0.016121631,9.057749
6903,2026-08-13,0.1160868,-0.07678284,0.012823911,0.012127709,9.051665
3526,2026-08-13,0.12370244,0.041035913,0.013952073,0.0145666925,8.865605
2459,2026-08-13,0.10665598,0.08687691,0.012120056,0.012610973,8.799232
4506,2026-08-13,0.103319146,0.10118014,0.011925151,0.0115839075,8.663243
7743,2026-08-13,0.07956301,0.05591286,0.00922998,0.014216971,8.619128
6781,2026-08-13,0.1146277,0.10473946,0.013337941,0.014667936,8.593463
5234,2026-08-13,0.11220595,0.05270761,0.013197194,0.014872115,8.501614
6661,2026-08-13,0.1211178,0.14579421,0.0142838685,0.01618078,8.478748
5274,2026-08-13,0.11034215,0.097820394,0.013160145,0.014136331,8.383932
6234,2026-08-13,0.1456754,0.068389155,0.017716184,0.018077066,8.222266
6789,2026-08-13,0.15261975,0.18800811,0.018577622,0.021156795,8.214805
3592,2026-08-13,0.15957241,0.08519208,0.019432517,0.016289486,8.211196
8481,2026-08-13,0.17279965,0.1295603,0.02131998,0.024489405,8.104676
4126,2026-08-13,0.117615566,0.0687074,0.014563967,0.016720371,8.075237
8069,2026-08-13,0.15397345,0.14307095,0.019122425,0.019692652,8.051562
1476,2026-08-13,0.16020775,0.15916328,0.020023467,0.022058293,8.0006
3611,2026-08-13,0.10719225,0.048678737,0.013424295,0.01122579,7.9843493
6735,2026-08-13,0.12253482,0.0021113087,0.015542086,0.020567778,7.883558
2535,2026-08-13,0.106908925,0.12910332,0.013616205,0.01700687,7.851018
3211,2026-08-13,0.2150156,0.10189476,0.027442118,0.025364371,7.834955
0057,2026-08-13,0.1295946,-0.008601381,0.016675906,0.023827681,7.770901
3661,2026-08-13,0.11826645,0.11385708,0.0152729405,0.014585339,7.7430215
0051,2026-08-13,0.1593284,0.16716985,0.020586919,0.026835322,7.738927
2752,2026-08-13,0.06728821,0.022006523,0.008720373,0.011811095,7.7153234
5209,2026-08-13,0.0707506,0.00176272,0.00917091,0.013910661,7.713835
6474,2026-08-13,0.097877234,0.05743406,0.012822369,0.017445005,7.632724
5475,2026-08-13,0.13165541,0.036229365,0.01728767,0.022588491,7.6151266
4305,2026-08-13,0.12692551,0.102015525,0.016789649,0.015436494,7.5592976
2852,2026-08-13,0.112363815,0.10614335,0.014919954,0.01692108,7.530605
8464,2026-08-13,0.11525266,0.13530134,0.0153652495,0.015751384,7.5003767
3711,2026-08-13,0.15140073,0.16040185,0.020397622,0.023891361,7.422106
1516,2026-08-13,0.18423457,0.1992615,0.024987523,0.0231511,7.372768
2832,2026-08-13,0.12452744,0.1348272,0.017168295,0.020392003,7.2529154
1342,2026-08-13,0.13491932,0.15767549,0.018673051,0.019868925,7.224962
2369,2026-08-13,0.19473988,0.09920359,0.027205808,0.027434213,7.1577625
2727,2026-08-13,0.09378433,0.032724757,0.013118911,0.0149800135,7.148245
6739,2026-08-13,0.09328939,0.025114886,0.0131845595,0.018067114,7.075118
0061,2026-08-13,0.11370477,0.13868596,0.016070647,0.02137523,7.0748672
3264,2026-08-13,0.160131,0.041247427,0.022664795,0.025665285,7.064875
3005,2026-08-13,0.095089294,0.09510025,0.013505398,0.013193462,7.0403147
6104,2026-08-13,0.0789499,-0.017086046,0.01121384,0.014982753,7.03977
6515,2026-08-13,0.10438506,0.051622074,0.014838719,0.012789206,7.0341673
3557,2026-08-13,0.16590205,0.14706317,0.023845475,0.02884394,6.957089
1519,2026-08-13,0.14274791,0.17742644,0.020521963,0.024389215,6.955521
3217,2026-08-13,0.101291545,0.0317182,0.014611836,0.014129866,6.931683
2207,2026-08-13,0.1106041,0.111590855,0.016012691,0.019426502,6.906846
4766,2026-08-13,0.111031696,-0.0036901315,0.016164355,0.013904444,6.8684974
6542,2026-08-13,0.10389589,0.08191904,0.015274708,0.01637089,6.801379
7708,2026-08-13,0.13942592,0.08999519,0.02050587,0.021251762,6.798986
2605,2026-08-13,0.08510376,0.103556044,0.012534707,0.012870877,6.7889075
1471,2026-08-13,0.0811577,0.103887714,0.011968871,0.01445753,6.780165
6509,2026-08-13,0.07610964,0.009817206,0.01133403,0.017077785,6.714551
2850,2026-08-13,0.10007944,0.13873659,0.015171955,0.016889459,6.595909
6121,2026-08-13,0.11406953,0.100858845,0.017315581,0.019294528,6.587301
8284,2026-08-13,0.08953273,0.014457063,0.013612229,0.016225284,6.5768914
1537,2026-08-13,0.09061306,0.07809596,0.013864695,0.014472967,6.5350533
3709,2026-08-13,0.13901423,0.027686635,0.021463303,0.02415096,6.476531
3533,2026-08-13,0.09695376,0.06942145,0.014981651,0.016246391,6.4710684
8277,2026-08-13,0.08141489,0.0927623,0.012595377,0.014376539,6.463358
6947,2026-08-13,0.07683288,0.09660986,0.011907571,0.01259602,6.4518976
9905,2026-08-13,0.098124936,0.10294469,0.015247925,0.01357838,6.4348755
1539,2026-08-13,0.102579616,0.104177445,0.015966145,0.016506797,6.424418
6983,2026-08-13,0.095101506,-0.031063164,0.0148377,0.016328063,6.4090185
3494,2026-08-13,0.08705119,0.050092865,0.013605987,0.012606351,6.3975363
1817,2026-08-13,0.12730406,0.09677927,0.020027177,0.01660867,6.356248
1339,2026-08-13,0.07140279,0.03465897,0.011395109,0.018624492,6.265541
1264,2026-08-13,0.08755879,0.011262359,0.014223906,0.016317766,6.155316
6223,2026-08-13,0.06875581,0.028222235,0.0111844605,0.012207442,6.1468916
6573,2026-08-13,0.16861483,0.2348818,0.027437726,0.034588486,6.1451406
7749,2026-08-13,0.08594114,-0.045606554,0.014051963,0.012750891,6.1155176
6015,2026-08-13,0.16135688,0.1902732,0.02638571,0.023696475,6.1150813
7728,2026-08-13,0.10579142,0.06742334,0.01741714,0.018670676,6.0736346
5609,2026-08-13,0.09237024,0.094136424,0.015240991,0.017040981,6.060248
6996,2026-08-13,0.15601161,0.07549303,0.025748465,0.020940455,6.0588293
5478,2026-08-13,0.0668382,0.07241985,0.011067419,0.012913877,6.0386395
2537,2026-08-13,0.103928186,0.14776815,0.017272871,0.016444894,6.0164967
6844,2026-08-13,0.08008324,0.075309746,0.01339324,0.016987123,5.9789314
5288,2026-08-13,0.13123086,0.112611376,0.021948596,0.02246403,5.978737
5536,2026-08-13,0.091277964,0.047715012,0.015296416,0.013233031,5.9668875
6170,2026-08-13,0.08823563,0.06839132,0.014786894,0.016289981,5.9667473
1593,2026-08-13,0.10232275,0.0834573,0.017188694,0.016012171,5.952564
2885,2026-08-13,0.12271681,0.111785986,0.020629676,0.02244501,5.948269
2474,2026-08-13,0.087586135,0.07012767,0.0148268165,0.015254618,5.90688
3010,2026-08-13,0.07498047,0.060316328,0.012698756,0.011789778,5.9040875
6584,2026-08-13,0.08837613,-0.0007181379,0.015081447,0.020736884,5.859535
4807,2026-08-13,0.13257958,0.12346718,0.022659203,0.023151843,5.8507676
6177,2026-08-13,0.09488249,0.08495641,0.016376857,0.015689293,5.7933397
6510,2026-08-13,0.09696542,0.04418033,0.016766233,0.012708722,5.78303
8435,2026-08-13,0.11273031,0.06155878,0.019525345,0.024336323,5.7732415
7767,2026-08-13,0.097159736,0.037998296,0.016894717,0.01812817,5.750554
8930,2026-08-13,0.079991885,0.032005385,0.0139657445,0.013369793,5.7273107
2501,2026-08-13,0.074248195,0.09229776,0.012963259,0.0144674,5.727145
1213,2026-08-13,0.101725675,0.060738586,0.017771138,0.018215159,5.723885
4915,2026-08-13,0.094835676,0.10650475,0.016600024,0.018431349,5.7126403
6605,2026-08-13,0.06692817,0.050228786,0.011777344,0.012192178,5.6823072
4609,2026-08-13,0.08460944,0.06432832,0.015009182,0.018216088,5.636803
8299,2026-08-13,0.083620146,0.021579478,0.014857161,0.01520353,5.6278934
6417,2026-08-13,0.072704904,-0.032737073,0.012952138,0.013377471,5.6129184
6143,2026-08-13,0.104274385,-0.023565268,0.01858347,0.018914467,5.6108346
5464,2026-08-13,0.23889664,0.113066055,0.04258168,0.03701678,5.6101832
2912,2026-08-13,0.08307859,0.13789146,0.014954293,0.02352105,5.5551295
2527,2026-08-13,0.122669935,0.071635865,0.022249058,0.027090449,5.5132413
6568,2026-08-13,0.08322118,-0.08416375,0.015137043,0.019217703,5.497486
3209,2026-08-13,0.07718096,0.018047761,0.014083241,0.013967348,5.4799514
3499,2026-08-13,0.074592605,0.043148313,0.013645865,0.013508669,5.465915
4946,2026-08-13,0.085537985,-0.022938335,0.015759066,0.018329782,5.4275146
4111,2026-08-13,0.06368876,0.027106762,0.011734834,0.014502683,5.4268627
4527,2026-08-13,0.07602561,0.041277576,0.01402796,0.01117244,5.419191
4979,2026-08-13,0.12718181,0.08279308,0.023479069,0.02347341,5.416586
6664,2026-08-13,0.08218088,-0.03115615,0.015187375,0.015284966,5.4107747
2345,2026-08-13,0.057284895,-0.003303799,0.010599975,0.010496368,5.4037385
4961,2026-08-13,0.12223077,0.071075566,0.02264558,0.021311207,5.397317
6877,2026-08-13,0.105535366,0.064998105,0.019689808,0.018676266,5.359626
5876,2026-08-13,0.104902335,0.11755684,0.019607795,0.021438178,5.349759
6894,2026-08-13,0.052779783,-0.07283267,0.009864937,0.012593317,5.349698
6667,2026-08-13,0.07212784,-0.040875617,0.013504692,0.015510844,5.340551
3529,2026-08-13,0.0929457,0.088621534,0.017453637,0.017305521,5.324986
3679,2026-08-13,0.084900714,0.042579357,0.015955243,0.018538542,5.320846
0055,2026-08-13,0.094338484,0.12202706,0.01776216,0.018735029,5.3109064
2433,2026-08-13,0.084528014,0.0498312,0.015979294,0.016327236,5.2895155
1468,2026-08-13,0.04910087,0.078396276,0.009306071,0.009954167,5.275652
5410,2026-08-13,0.09379377,0.04248941,0.017877987,0.016975457,5.246034
6217,2026-08-13,0.13578254,-0.02529613,0.025924383,0.036317464,5.2374363
1726,2026-08-13,0.07845737,0.0686641,0.014988405,0.014439495,5.2341886
3419,2026-08-13,0.062411923,0.051572554,0.011943548,0.014145846,5.2251387
8390,2026-08-13,0.073596366,-0.0008549628,0.01411343,0.014575477,5.214264
2426,2026-08-13,0.08960271,0.14426145,0.017199378,0.022801872,5.2093453
8087,2026-08-13,0.09366668,0.042516787,0.018051341,0.015715428,5.1886168
5547,2026-08-13,0.05669222,0.049846683,0.011024642,0.011291998,5.141852
1722,2026-08-13,0.05784479,0.060858846,0.011304021,0.0138632385,5.1167345
3512,2026-08-13,0.0900298,0.081642546,0.017697511,0.021060677,5.0868573
3413,2026-08-13,0.06257357,-0.011074873,0.012326676,0.011535763,5.0758605
2383,2026-08-13,0.067872085,0.0415653,0.013392574,0.012660588,5.067511
4582,2026-08-13,0.094009876,0.010228308,0.018586004,0.016583418,5.0578284
1788,2026-08-13,0.08094759,0.027433205,0.016166987,0.015968947,5.0066586
5520,2026-08-13,0.06301825,0.05559863,0.012628113,0.01382617,4.9899187
6146,2026-08-13,0.0651753,0.014565449,0.013079979,0.012480445,4.982448
6190,2026-08-13,0.071762286,-0.018328615,0.014425653,0.018288193,4.974285
3131,2026-08-13,0.0634143,-0.009823724,0.012922062,0.01480304,4.9070644
3115,2026-08-13,0.09023435,0.032148857,0.018515782,0.021604886,4.8731117
8059,2026-08-13,0.0741583,-0.016358968,0.015234517,0.018824732,4.867462
4583,2026-08-13,0.06871509,-0.02050047,0.014151776,0.012947113,4.8552375
6160,2026-08-13,0.064100385,0.040326174,0.013208578,0.015099011,4.8525686
4995,2026-08-13,0.06566634,0.054382794,0.01379919,0.015640078,4.758365
8455,2026-08-13,0.071140625,0.03245372,0.014959084,0.014765842,4.7553625
5529,2026-08-13,0.10901955,0.10194804,0.02292772,0.024958467,4.754716
2330,2026-08-13,0.06551696,0.057723593,0.013800135,0.019981563,4.7472157
4535,2026-08-13,0.07612945,0.044219922,0.01604368,0.01656334,4.7448406
6670,2026-08-13,0.0743274,0.055276446,0.015708275,0.015376666,4.7314343
5251,2026-08-13,0.08076458,-0.039759237,0.017078228,0.019250551,4.728819
3023,2026-08-13,0.060397014,0.061874174,0.0128469635,0.012738318,4.7009015
2838,2026-08-13,0.06310622,0.1370427,0.013452375,0.014153999,4.690735
2462,2026-08-13,0.04919939,0.017430706,0.010504189,0.011100392,4.683342
1419,2026-08-13,0.050185587,-0.033090793,0.010720764,0.013941388,4.680721
3130,2026-08-13,0.069219895,0.018511597,0.014793819,0.014352051,4.6786575
3491,2026-08-13,0.08146329,0.0012670141,0.017440934,0.020598298,4.6705422
8383,2026-08-13,0.10217366,0.02855336,0.021928804,0.018981393,4.6591234
5353,2026-08-13,0.05210145,0.010822987,0.011183529,0.011833826,4.6583495
7715,2026-08-13,0.062238865,-0.0044429433,0.0133919185,0.015755888,4.647147
3694,2026-08-13,0.07240677,-0.029534308,0.015699582,0.019978547,4.611725
4536,2026-08-13,0.08128377,0.08534182,0.017701512,0.018730383,4.5916514
3680,2026-08-13,0.07486321,0.0010798597,0.0163251,0.017195335,4.5854926
2393,2026-08-13,0.0655383,0.0564747,0.014354288,0.017359711,4.565447
8487,2026-08-13,0.06421022,0.039285388,0.014090761,0.017918052,4.556579
5880,2026-08-13,0.05799294,0.058249436,0.012755109,0.013935963,4.5462875
4207,2026-08-13,0.05295118,0.028450614,0.011660677,0.015167567,4.540614
1591,2026-08-13,0.10640868,0.052433874,0.023471534,0.02858383,4.533327
3290,2026-08-13,0.0637673,0.0008163519,0.014078287,0.015236756,4.5291567
3105,2026-08-13,0.08323834,0.016623056,0.018490216,0.01728996,4.5015073
2908,2026-08-13,0.05072079,0.06509222,0.01130083,0.01349843,4.4878383
3163,2026-08-13,0.14419606,0.12794243,0.032243907,0.036132623,4.4719024
2421,2026-08-13,0.0716369,0.028828043,0.016036713,0.020629104,4.466778
3376,2026-08-13,0.07590731,-0.00014941792,0.017046215,0.015125314,4.4527693
2458,2026-08-13,0.081455104,0.027861262,0.018390846,0.016634855,4.4288707
1773,2026-08-13,0.06450914,-0.00011023457,0.014597988,0.014615619,4.4187403
1477,2026-08-13,0.062133916,0.047857475,0.014082429,0.0134531725,4.4118457
1730,2026-08-13,0.0740794,0.053894315,0.016797418,0.015869198,4.4099035
2352,2026-08-13,0.068138085,0.07144661,0.015532804,0.017578159,4.3864393
2338,2026-08-13,0.06731742,-0.023282489,0.015378828,0.018374339,4.376994
4904,2026-08-13,0.07967902,0.10522342,0.018223425,0.021887077,4.3721004
2449,2026-08-13,0.074184135,-0.037964385,0.01700079,0.0194146,4.3633127
3332,2026-08-13,0.04980224,0.011209003,0.011501287,0.011109253,4.329768
3467,2026-08-13,0.058654647,-0.07846079,0.013583479,0.013382637,4.317769
9944,2026-08-13,0.063907556,0.075841025,0.0148351155,0.018038038,4.3075666
5439,2026-08-13,0.08181467,-0.05671123,0.019005606,0.01982275,4.3045387
6803,2026-08-13,0.044717226,0.0027569511,0.01039693,0.010966774,4.300589
3450,2026-08-13,0.14974779,0.1577134,0.034842245,0.043376647,4.2977567
7716,2026-08-13,0.058975138,0.0154374875,0.013724188,0.016665855,4.2968545
4966,2026-08-13,0.102591306,0.004584104,0.023883339,0.019089494,4.2953377
5272,2026-08-13,0.09277996,0.036370266,0.021816786,0.021285532,4.2524915
2488,2026-08-13,0.060336865,0.05862863,0.014257694,0.017066723,4.2315845
5533,2026-08-13,0.057181373,0.08191547,0.013546161,0.014361705,4.2209115
8021,2026-08-13,0.1975377,0.25426486,0.046980914,0.049594592,4.204548
2066,2026-08-13,0.056008942,0.028897302,0.013427327,0.01280626,4.170954
6264,2026-08-13,0.10128842,0.11072295,0.024324121,0.02707839,4.1639433
3303,2026-08-13,0.07181497,0.018265763,0.017253691,0.020282844,4.1620545
3490,2026-08-13,0.12920818,0.0707797,0.03106672,0.033252567,4.158921
4107,2026-08-13,0.061816618,0.022992127,0.014902159,0.015655741,4.1478868
2455,2026-08-13,0.08742475,0.0415733,0.0210815,0.027982337,4.1467924
4933,2026-08-13,0.06200834,0.0031383499,0.01495727,0.01689463,4.145422
9945,2026-08-13,0.11068032,0.11838603,0.026819471,0.029873233,4.1267104
6609,2026-08-13,0.059060957,0.07203893,0.014341863,0.01828786,4.117794
8941,2026-08-13,0.064787604,0.04689967,0.015743399,0.016071029,4.114962
6154,2026-08-13,0.069667675,0.033398747,0.016929638,0.017176764,4.1148877
6216,2026-08-13,0.0512243,0.029185208,0.012480691,0.0146869905,4.103955
6187,2026-08-13,0.056526564,0.034186006,0.0137948105,0.014739118,4.0973716
2726,2026-08-13,0.060150813,0.048279874,0.014813576,0.015532196,4.0602455
2851,2026-08-13,0.092403665,0.10364445,0.022785056,0.026058955,4.0552726
6855,2026-08-13,0.053954147,-0.010410698,0.013332852,0.018540183,4.0464034
8086,2026-08-13,0.07272739,-0.066184446,0.017996276,0.019621985,4.0410223
6189,2026-08-13,0.048458043,0.027516788,0.012022456,0.015853496,4.0302925
2444,2026-08-13,0.053649213,0.010749068,0.013384728,0.019792367,4.0079412
1731,2026-08-13,0.04710606,-0.013008779,0.011813913,0.014147455,3.9870002
3665,2026-08-13,0.042904194,0.051367745,0.010846792,0.013819958,3.9551084
2423,2026-08-13,0.06520829,0.05710624,0.016497472,0.017130049,3.9523838
6560,2026-08-13,0.053422105,-0.0058909305,0.013579204,0.01725793,3.933822
5525,2026-08-13,0.13387556,0.16549061,0.03406585,0.03430135,3.92979
6134,2026-08-13,0.09622236,-0.007086309,0.02451394,0.023540372,3.92505
6210,2026-08-13,0.054886185,0.02139523,0.0140532125,0.015233156,3.905319
1586,2026-08-13,0.07123487,0.029327108,0.018251432,0.021352576,3.9027603
3518,2026-08-13,0.060665566,-0.053698633,0.01555019,0.013604609,3.901024
5355,2026-08-13,0.06592386,0.04839527,0.016999362,0.019773234,3.8777916
7556,2026-08-13,0.04303225,-0.07448899,0.011114542,0.015143087,3.8713586
6988,2026-08-13,0.061275993,0.058877964,0.015884118,0.019350918,3.8574464
2753,2026-08-13,0.0431474,-0.0111858705,0.011188661,0.01045526,3.856006
2305,2026-08-13,0.1295023,0.11192222,0.033652753,0.03315612,3.8480792
2889,2026-08-13,0.06385001,0.105659485,0.016824145,0.019489117,3.7949157
2718,2026-08-13,0.06318286,0.05213028,0.016958714,0.0179408,3.7254674
5543,2026-08-13,0.09235532,0.07393539,0.024899999,0.023704855,3.7089002
4971,2026-08-13,0.10555165,-0.037050422,0.028514052,0.038978208,3.7016118
9912,2026-08-13,0.04742499,0.019338273,0.0128324535,0.014461431,3.695419
5301,2026-08-13,0.060265668,-0.036747403,0.016382592,0.017618112,3.678416
0052,2026-08-13,0.0975455,0.13472122,0.026562013,0.028122704,3.6722302
3555,2026-08-13,0.0958089,0.008562207,0.026153132,0.033212356,3.6632414
6908,2026-08-13,0.034805343,0.013471859,0.009502597,0.016571082,3.6623335
6109,2026-08-13,0.044042468,0.026094658,0.012062997,0.011948442,3.650736
6788,2026-08-13,0.07922488,-0.080673136,0.021709446,0.023129689,3.6491594
4924,2026-08-13,0.050157595,0.0050508752,0.013753248,0.012214772,3.6466982
8926,2026-08-13,0.11877141,0.24892966,0.03257781,0.04164981,3.645665
5871,2026-08-13,0.07440312,0.08304617,0.020511204,0.022028264,3.6272612
3213,2026-08-13,0.070905715,0.03524339,0.019565344,0.02385311,3.6238613
3285,2026-08-13,0.051515374,0.066220924,0.014297257,0.01863785,3.6029127
6968,2026-08-13,0.067896985,0.027887989,0.018903645,0.021006603,3.5915504
2534,2026-08-13,0.06583395,0.12921345,0.018386552,0.01829043,3.5803542
3016,2026-08-13,0.08010599,0.07615603,0.02255244,0.03198464,3.5518303
1737,2026-08-13,0.050911266,0.040719293,0.014348035,0.014039645,3.548062
6525,2026-08-13,0.05220076,-0.07122098,0.014717756,0.020115212,3.546547
9951,2026-08-13,0.052052625,0.018677732,0.014686433,0.013386003,3.5440247
2484,2026-08-13,0.059028823,-0.0018668271,0.016850827,0.01985545,3.5028143
5388,2026-08-13,0.061271317,0.054089323,0.017524818,0.01774596,3.4960604
2882,2026-08-13,0.052865814,0.047272198,0.015297909,0.01825535,3.4555283
4973,2026-08-13,0.05691409,-0.056660637,0.01648241,0.022527521,3.4528105
3380,2026-08-13,0.050732296,0.026204446,0.0148442015,0.014466227,3.4174204
2329,2026-08-13,0.06514402,-0.041843735,0.019186141,0.017714322,3.3951914
2355,2026-08-13,0.0469567,0.000551624,0.013878994,0.013544538,3.383049
6138,2026-08-13,0.050839864,-0.0021419497,0.015106631,0.01707726,3.3651776
2707,2026-08-13,0.03463962,-0.027779192,0.010310046,0.012663864,3.3594668
6534,2026-08-13,0.04380144,0.018824492,0.013066385,0.013176962,3.3519669
5546,2026-08-13,0.06477986,0.0451744,0.019370224,0.019136038,3.3441284
2731,2026-08-13,0.046035964,0.007682608,0.013784129,0.013508682,3.339538
9958,2026-08-13,0.04517858,0.007102154,0.013653993,0.014452091,3.3085759
2404,2026-08-13,0.062717244,0.060277827,0.01897502,0.018493779,3.305079
6456,2026-08-13,0.066602744,0.020472279,0.020183591,0.018782409,3.2996826
8064,2026-08-13,0.06207799,-0.06510117,0.018819846,0.020846093,3.2983634
2406,2026-08-13,0.06448019,-0.052440193,0.019591436,0.027513057,3.291076
2388,2026-08-13,0.08601688,0.010053678,0.026254067,0.029592881,3.276201
8081,2026-08-13,0.04757829,-0.02196209,0.0145598985,0.016300268,3.267538
2481,2026-08-13,0.054651093,-0.036008835,0.016855309,0.019866746,3.2421744
2440,2026-08-13,0.03566491,-0.045252737,0.011048375,0.013382921,3.227776
1256,2026-08-13,0.04706687,-0.041760102,0.0146015985,0.016963473,3.2231846
8432,2026-08-13,0.036917634,-0.005057824,0.011530163,0.0149356,3.2015533
2439,2026-08-13,0.04021488,0.03617029,0.012673847,0.014542652,3.1728098
5878,2026-08-13,0.04902865,0.014922964,0.015584861,0.016854376,3.1457133
7768,2026-08-13,0.0332952,-0.06766459,0.010621663,0.010360766,3.134355
1102,2026-08-13,0.04497578,0.102038816,0.014348524,0.016233345,3.1343048
3017,2026-08-13,0.044112284,0.057986796,0.0140951695,0.013155914,3.129381
6442,2026-08-13,0.039377633,0.027456462,0.012655504,0.017159935,3.1112566
1503,2026-08-13,0.027445292,0.014550821,0.008825564,0.01213583,3.109397
2308,2026-08-13,0.05145123,0.04347178,0.016562471,0.01616095,3.106307
5434,2026-08-13,0.04431926,0.0715028,0.014330251,0.018232001,3.0924907
6412,2026-08-13,0.04558978,0.012683449,0.014741789,0.016867843,3.0923443
6231,2026-08-13,0.045925252,-0.06444453,0.014852918,0.016253792,3.0917938
3710,2026-08-13,0.039098002,0.0077240774,0.012712173,0.0149786705,3.0753927
6246,2026-08-13,0.06875437,0.022810979,0.022391373,0.031704053,3.0704367
3705,2026-08-13,0.034941196,0.038877774,0.011439041,0.012132795,3.0542893
6114,2026-08-13,0.040124808,-0.030044246,0.013162156,0.018774936,3.0482666
6192,2026-08-13,0.036015905,-0.02295376,0.011850039,0.01269982,3.0390506
6115,2026-08-13,0.034735814,0.03385955,0.011451071,0.012251087,3.0331469
2316,2026-08-13,0.042541742,-0.05912046,0.014040947,0.015352172,3.0296185
2402,2026-08-13,0.037960682,-0.022621384,0.012547105,0.01241548,3.0252123
3228,2026-08-13,0.032490402,-0.010814625,0.010742758,0.014839722,3.024119
1611,2026-08-13,0.04480071,0.08715686,0.015038471,0.016242322,2.9788754
6962,2026-08-13,0.05389182,0.032187324,0.018099206,0.017745357,2.9774146
1808,2026-08-13,0.19014159,0.27099192,0.06388672,0.064409606,2.976184
6464,2026-08-13,0.023095952,-0.008034648,0.007834117,0.010051589,2.9477482
2702,2026-08-13,0.03213583,0.0040676566,0.010906536,0.013892315,2.9462042
4580,2026-08-13,0.034097217,-0.011071361,0.0116328485,0.011874698,2.930863
8034,2026-08-13,0.060588565,-0.05431327,0.020719418,0.021953598,2.9240994
4749,2026-08-13,0.05119198,-0.006023371,0.017597819,0.015962878,2.9088304
8176,2026-08-13,0.042600084,-0.01298145,0.014778682,0.017642645,2.882341
1712,2026-08-13,0.036226638,0.008047027,0.012596615,0.014646875,2.8756742
1216,2026-08-13,0.05026752,0.07609884,0.01788257,0.021161767,2.8108213
7610,2026-08-13,0.04549166,-0.04271635,0.016227646,0.018598368,2.8031702
9927,2026-08-13,0.04639078,-0.0124175055,0.016615786,0.018136572,2.7918022
6277,2026-08-13,0.032217305,0.021272602,0.011581893,0.013949822,2.7814558
4552,2026-08-13,0.033882167,0.017330838,0.0123058995,0.015581185,2.7531033
2478,2026-08-13,0.05727438,-0.008383871,0.020831631,0.03046629,2.7492628
1580,2026-08-13,0.04212767,-0.0052101715,0.015327025,0.013311357,2.748408
8476,2026-08-13,0.048559826,-0.020159625,0.017763728,0.020177778,2.7334967
6805,2026-08-13,0.038787875,-0.000549037,0.014223337,0.01482435,2.726867
2610,2026-08-13,0.029921211,0.02649633,0.010982974,0.013166153,2.7240787
3045,2026-08-13,0.04310624,0.052322898,0.015937414,0.020296648,2.70455
3689,2026-08-13,0.0332967,-0.06903483,0.012443323,0.012143486,2.675654
3402,2026-08-13,0.043906044,-0.04210566,0.016581792,0.016998125,2.647687
5386,2026-08-13,0.043899275,-0.14667024,0.016624218,0.018526519,2.6405232
6590,2026-08-13,0.023319924,-0.05390891,0.008851235,0.01312313,2.6343544
6443,2026-08-13,0.038590983,-0.08200603,0.014783096,0.017774945,2.6103039
2340,2026-08-13,0.039798807,-0.042336415,0.0153013095,0.018590938,2.6008365
2303,2026-08-13,0.039577823,-0.015926873,0.015236773,0.02123703,2.5973496
4153,2026-08-13,0.042368814,0.023856584,0.0163195,0.017030846,2.5960486
1303,2026-08-13,0.039693557,-0.054625392,0.015323205,0.021684267,2.5902522
1418,2026-08-13,0.047062136,0.083361454,0.018191257,0.018623102,2.5869322
5015,2026-08-13,0.03930751,0.075222254,0.015275784,0.015368938,2.5730224
3617,2026-08-13,0.029812861,-0.0083684195,0.01162079,0.016136078,2.5652556
8049,2026-08-13,0.029454099,-0.005668995,0.011499033,0.013965221,2.5612185
8039,2026-08-13,0.037779022,-0.025599046,0.014798427,0.01694476,2.5527353
2115,2026-08-13,0.029205596,0.02841869,0.011544125,0.016142527,2.5296907
6936,2026-08-13,0.033780806,-0.0064700665,0.013412203,0.016157655,2.518474
3118,2026-08-13,0.036856722,-0.040717844,0.014681697,0.015497207,2.5102148
2067,2026-08-13,0.030029766,0.019619083,0.011971983,0.018170547,2.5081272
6669,2026-08-13,0.030071024,0.0075880457,0.012005773,0.01272008,2.504505
5403,2026-08-13,0.03484251,-0.018246122,0.013984942,0.013556936,2.4912522
5289,2026-08-13,0.04133644,-0.08979549,0.016672311,0.020830665,2.479198
6683,2026-08-13,0.036802456,-0.04214314,0.014888181,0.017415809,2.4717581
8446,2026-08-13,0.032610193,0.0004227484,0.013291312,0.014062581,2.4533122
4958,2026-08-13,0.06712402,-0.056117367,0.027360035,0.032288533,2.4532704
5516,2026-08-13,0.056690454,0.035738554,0.023131723,0.02857181,2.4506607
1402,2026-08-13,0.03638312,0.04102327,0.014853244,0.017805232,2.4493418
6757,2026-08-13,0.028136058,0.010448317,0.01154149,0.012207825,2.437607
5206,2026-08-13,0.037231844,-0.008091004,0.015323552,0.017698076,2.429555
3218,2026-08-13,0.03098017,-0.03829612,0.012755558,0.013702732,2.4285681
6165,2026-08-13,0.037543353,0.0002024054,0.015460477,0.014546062,2.4281867
7734,2026-08-13,0.025271317,-0.051199492,0.010467233,0.011542182,2.4140956
9946,2026-08-13,0.036221556,0.04115514,0.015005223,0.01814494,2.413769
6140,2026-08-13,0.035177622,-0.04632272,0.0145917395,0.014196774,2.410625
6291,2026-08-13,0.027033448,-0.05527072,0.011280362,0.014403553,2.396293
1472,2026-08-13,0.033764254,-0.02297603,0.014185212,0.015764488,2.3800755
2880,2026-08-13,0.052718665,0.077136084,0.022382004,0.023215206,2.355299
1512,2026-08-13,0.028253157,0.0073999246,0.01207618,0.0130709885,2.3393834
6214,2026-08-13,0.029444015,0.058325805,0.012593207,0.015040281,2.3379014
2327,2026-08-13,0.034589186,-0.05589473,0.014821099,0.022978324,2.3336227
6874,2026-08-13,0.021773152,-0.06526508,0.009340703,0.013900235,2.3307476
2233,2026-08-13,0.029923731,-0.08437613,0.012920985,0.020225404,2.3157225
3483,2026-08-13,0.04175823,-0.022238757,0.01805703,0.02007146,2.3124466
4104,2026-08-13,0.029905451,0.0036492979,0.013047606,0.014915608,2.2918503
4440,2026-08-13,0.026580857,-0.0372814,0.011661476,0.016664326,2.2791777
2498,2026-08-13,0.03911287,-0.090765044,0.017271642,0.020034894,2.2644405
1734,2026-08-13,0.03621552,0.030875584,0.016045077,0.016179545,2.2569704
4745,2026-08-13,0.038737964,-0.025824906,0.017177837,0.017621256,2.2549818
5348,2026-08-13,0.03523131,-0.03244296,0.015726207,0.01859917,2.2401505
6164,2026-08-13,0.040236395,-0.019524192,0.017990148,0.02015285,2.2364552
3374,2026-08-13,0.03845895,-0.0492385,0.017242633,0.023043359,2.2303276
3535,2026-08-13,0.07589504,-0.082428105,0.03407061,0.044429295,2.2275157
2617,2026-08-13,0.022115087,0.04523791,0.009981006,0.011785154,2.215495
2618,2026-08-13,0.032601826,0.054932136,0.014745384,0.014881412,2.2108352
8433,2026-08-13,0.03248283,-0.004764719,0.014762062,0.019072853,2.2002773
3088,2026-08-13,0.04484125,-0.022416472,0.020395322,0.021430943,2.1984968
2431,2026-08-13,0.023072211,0.011976273,0.010567393,0.013204057,2.1831334
2887,2026-08-13,0.036492117,0.09300089,0.016768018,0.018513776,2.176163
3189,2026-08-13,0.051504005,0.00041198384,0.023768103,0.022290064,2.1668468
2059,2026-08-13,0.02536288,-0.0031536522,0.011763282,0.010174041,2.1559224
3095,2026-08-13,0.045153715,-0.079512715,0.02100062,0.025211498,2.150011
2390,2026-08-13,0.02959513,-0.018469267,0.013793944,0.016187485,2.1453605
2368,2026-08-13,0.039240837,0.0039896523,0.018315371,0.019037286,2.1423914
2890,2026-08-13,0.02505841,0.01048028,0.011702725,0.0183442,2.1410627
6885,2026-08-13,0.03991674,0.043537017,0.018709915,0.017862549,2.1333396
2353,2026-08-13,0.041122008,0.121853784,0.019292515,0.024220334,2.13139
6261,2026-08-13,0.03465722,-0.074217446,0.016270394,0.017255655,2.129948
2408,2026-08-13,0.047056835,-0.05157628,0.02240836,0.022824325,2.099874
2313,2026-08-13,0.03251369,-0.02407624,0.015539675,0.013714197,2.0921671
0053,2026-08-13,0.029304342,-0.0674413,0.014009342,0.01890299,2.091622
3259,2026-08-13,0.030654859,-0.036490027,0.01472437,0.012732354,2.0817716
6263,2026-08-13,0.029630903,-0.04440712,0.014248442,0.015980642,2.079443
3135,2026-08-13,0.03908598,-0.13247423,0.018898996,0.019649828,2.0680418
2385,2026-08-13,0.02932454,0.00024023386,0.01418289,0.012716914,2.067454
4529,2026-08-13,0.05456481,0.07252816,0.026407944,0.028192129,2.066149
3054,2026-08-13,0.042218678,0.004974403,0.02043524,0.0218579,2.065873
8416,2026-08-13,0.028232371,-0.02092271,0.013703144,0.013774039,2.060134
6547,2026-08-13,0.042379625,0.053540062,0.020599702,0.02401337,2.0571933
8032,2026-08-13,0.026593216,-0.0036529696,0.012971522,0.017638845,2.049965
2424,2026-08-13,0.03472655,-0.007730371,0.016987363,0.018904937,2.0441375
6276,2026-08-13,0.03353413,-0.09170875,0.016494978,0.019414302,2.032867
9904,2026-08-13,0.030854292,0.11522358,0.015198324,0.01673834,2.0299778
6409,2026-08-13,0.026245994,0.061117545,0.012952576,0.016005892,2.026158
2464,2026-08-13,0.04502422,-0.015161463,0.022341518,0.03426674,2.015181
2467,2026-08-13,0.027938997,0.004247311,0.013917331,0.015223045,2.0073526
3567,2026-08-13,0.029384771,-0.06623806,0.014730298,0.0149235595,1.994717
6863,2026-08-13,0.034947015,-0.00013279518,0.017747184,0.020501772,1.9690473
9950,2026-08-13,0.01801164,0.0076050838,0.009177165,0.011611208,1.9624445
5356,2026-08-13,0.031901646,0.01699217,0.01626723,0.015739799,1.9609782
6949,2026-08-13,0.023989145,0.016027171,0.012243502,0.018541634,1.9591768
2637,2026-08-13,0.03566821,0.060275666,0.018340942,0.018474516,1.9446256
6151,2026-08-13,0.024229271,-0.039284635,0.012494499,0.015331595,1.93904
3288,2026-08-13,0.031016946,-0.042265907,0.016034612,0.020390747,1.9342538
2884,2026-08-13,0.030637728,0.019121729,0.015975887,0.018409034,1.9176282
6183,2026-08-13,0.022299647,0.0055355825,0.0116817355,0.0114477705,1.9087692
0050,2026-08-13,0.039087273,0.12808447,0.020590555,0.024235029,1.8982186
8928,2026-08-13,0.02565958,-0.0011631926,0.013524406,0.011351514,1.8971393
8016,2026-08-13,0.027616948,-0.024091994,0.01462868,0.017375486,1.8877342
4991,2026-08-13,0.081176,-0.033624403,0.043012526,0.04304681,1.8872204
6556,2026-08-13,0.030936385,-0.0032367157,0.016533755,0.017743759,1.8709915
4931,2026-08-13,0.04934342,-0.016962253,0.026376156,0.027818516,1.8706876
4543,2026-08-13,0.0209453,-0.04194934,0.011256947,0.014484122,1.8604901
2493,2026-08-13,0.060548954,0.14629315,0.032665256,0.03980351,1.8535627
2480,2026-08-13,0.020247187,0.023190407,0.011072751,0.015178043,1.8283947
6266,2026-08-13,0.032662217,-0.025810992,0.017871877,0.017554954,1.8274739
2745,2026-08-13,0.020112462,-0.03100407,0.011080422,0.012043427,1.8149711
4550,2026-08-13,0.03388347,0.006494883,0.018762546,0.019788159,1.8058138
3551,2026-08-13,0.019444475,-0.10451356,0.0107734,0.01535628,1.8046921
6895,2026-08-13,0.024050195,-0.08117787,0.013407085,0.014487939,1.7937083
3406,2026-08-13,0.022670886,-0.05977576,0.012692004,0.015127094,1.7860929
2373,2026-08-13,0.024019767,-0.009763046,0.013479365,0.014021599,1.7818335
9942,2026-08-13,0.020991942,-0.014495085,0.011797391,0.014502888,1.7792207
2317,2026-08-13,0.026767205,0.031833302,0.01508476,0.01877779,1.7743359
4306,2026-08-13,0.026096694,0.062463857,0.014745562,0.015059172,1.7696798
5299,2026-08-13,0.02408163,-0.03738546,0.013692221,0.020034926,1.7586535
6491,2026-08-13,0.017283302,-0.007033502,0.009988799,0.011109753,1.730095
4953,2026-08-13,0.01910797,-0.028832257,0.011068676,0.0121450685,1.7261543
2886,2026-08-13,0.027899453,0.03161568,0.016253745,0.014056816,1.7163882
7760,2026-08-13,0.031111825,0.004625057,0.018290533,0.015795307,1.7008867
6725,2026-08-13,0.020869851,-0.11125558,0.012575768,0.015476251,1.659397
1451,2026-08-13,0.026198816,-0.005570833,0.015945729,0.02010864,1.6428959
5220,2026-08-13,0.02542228,-0.015558408,0.015570264,0.01674181,1.6326407
4304,2026-08-13,0.023971967,-0.079978466,0.014743707,0.017384488,1.6258014
2755,2026-08-13,0.023583805,-0.0277958,0.014515822,0.014711278,1.6245846
8105,2026-08-13,0.0355982,-0.027959665,0.022209812,0.02586467,1.602742
9960,2026-08-13,0.024769356,-0.04934055,0.015471972,0.019117257,1.6008145
3702,2026-08-13,0.025289956,0.0054042498,0.015919115,0.0121624265,1.5885535
2382,2026-08-13,0.028248753,-0.083886385,0.017906083,0.021410862,1.5775185
4711,2026-08-13,0.023402652,-0.018443774,0.014851624,0.020177439,1.5756577
4764,2026-08-13,0.040853597,0.01687481,0.026006477,0.026010234,1.5708405
3349,2026-08-13,0.026519625,0.048913825,0.016942462,0.015650583,1.5651833
1452,2026-08-13,0.018525394,0.01972152,0.011897324,0.016499842,1.5569751
6727,2026-08-13,0.036458112,-0.010424695,0.023809679,0.030964913,1.5311664
2603,2026-08-13,0.020695558,0.03599892,0.01363623,0.016733307,1.5175779
3317,2026-08-13,0.02693622,-0.065116994,0.01782284,0.019707184,1.5112468
3164,2026-08-13,0.023740802,-0.050396565,0.015812753,0.018689184,1.5012757
4133,2026-08-13,0.030891832,-0.0039419425,0.020652791,0.015929861,1.4956979
6226,2026-08-13,0.06344085,-0.01894348,0.04259799,0.03564441,1.4892572
6128,2026-08-13,0.01696307,0.017051231,0.011518303,0.012852257,1.4725778
9943,2026-08-13,0.019064903,-0.020676987,0.013109028,0.015516109,1.4542229
7805,2026-08-13,0.019932231,-0.108509965,0.013841845,0.017020043,1.4398941
3715,2026-08-13,0.0337984,0.050487578,0.02349415,0.02940705,1.4385266
4581,2026-08-13,0.018298002,-0.025281629,0.012757485,0.014415405,1.434183
6186,2026-08-13,0.031553004,-0.058819234,0.022211598,0.020938894,1.4205004
8046,2026-08-13,0.021911407,-0.027129332,0.01543774,0.018533848,1.4192483
3028,2026-08-13,0.020139435,-0.05737979,0.014272033,0.01694262,1.411013
2314,2026-08-13,0.016961116,-0.07241585,0.012270322,0.015632683,1.3821751
4721,2026-08-13,0.02615635,-0.10874529,0.01905159,0.020901887,1.3728501
9925,2026-08-13,0.013204972,0.021835092,0.009671462,0.012648304,1.3652132
4205,2026-08-13,0.015057339,-0.022091536,0.011036511,0.017982937,1.364197
6654,2026-08-13,0.028755784,0.012963533,0.021405455,0.025627438,1.343323
8210,2026-08-13,0.022626646,-0.036844056,0.017180676,0.012145499,1.3169056
7718,2026-08-13,0.016903201,-0.01940565,0.012862992,0.012388125,1.3139935
3122,2026-08-13,0.022481287,-0.036504466,0.017255437,0.019984767,1.3027769
7753,2026-08-13,0.0124316905,-0.082191505,0.00956496,0.013583652,1.2995758
2633,2026-08-13,0.021875875,0.0632199,0.016853448,0.016756592,1.2979289
3686,2026-08-13,0.02145009,-0.009188022,0.016876504,0.01979864,1.2709278
6290,2026-08-13,0.026921812,-0.035437867,0.021501843,0.021881834,1.2520118
6028,2026-08-13,0.015700646,0.004835369,0.01255347,0.015821908,1.250602
5347,2026-08-13,0.022221152,-0.046888933,0.01779151,0.026129872,1.2489048
4770,2026-08-13,0.017954813,-0.05008982,0.014432241,0.015401963,1.2439904
6606,2026-08-13,0.01791337,-0.006547508,0.014455607,0.016757365,1.239113
6672,2026-08-13,0.023110902,-0.035662152,0.018862851,0.020715991,1.2251422
1229,2026-08-13,0.021088649,0.06835471,0.0173635,0.017834257,1.2144691
2947,2026-08-13,0.015028711,-0.026063371,0.012374653,0.011962537,1.2143773
6125,2026-08-13,0.025848528,-0.05557325,0.021292327,0.029151207,1.2139262
2482,2026-08-13,0.020662598,-0.020694265,0.017239183,0.018327752,1.1985139
3058,2026-08-13,0.015998144,0.013312296,0.013411953,0.017219381,1.1927383
7822,2026-08-13,0.017029218,-0.09109817,0.014320433,0.015343306,1.1890723
3037,2026-08-13,0.023338059,-0.0197219,0.019836936,0.02317296,1.1764358
8048,2026-08-13,0.024054967,-0.11801361,0.020645965,0.019234957,1.1650606
2063,2026-08-13,0.019470494,0.0054260134,0.01679373,0.012159549,1.1593217
8341,2026-08-13,0.014964771,0.0119836815,0.013037823,0.012811804,1.1477088
4167,2026-08-13,0.013650068,-0.030811122,0.012038848,0.016175859,1.1337408
3432,2026-08-13,0.019817796,-0.022105997,0.017560806,0.01597255,1.1284599
2948,2026-08-13,0.01634598,-0.017571485,0.014511623,0.01476823,1.1263283
1307,2026-08-13,0.01734667,-0.00096448313,0.015525241,0.016562734,1.1172485
6139,2026-08-13,0.017280292,-0.08265049,0.016015243,0.014876486,1.0789229
6486,2026-08-13,0.01236473,-0.0105604995,0.011531116,0.013880743,1.0721996
4439,2026-08-13,0.013592581,-0.0022484653,0.012826416,0.014748516,1.0596508
6278,2026-08-13,0.017397996,-0.011280061,0.016592156,0.020614507,1.0485044
2945,2026-08-13,0.01138319,0.00077027344,0.010897439,0.013338176,1.0444789
8410,2026-08-13,0.016971057,-0.035097305,0.016484993,0.019084781,1.0294229
1781,2026-08-13,0.014313118,0.02739576,0.014005068,0.013534566,1.0219226
6924,2026-08-13,0.021404434,-0.031099137,0.021090055,0.024575377,1.0148584
5489,2026-08-13,0.016556205,-0.024218006,0.016444188,0.013926993,1.0067507
1783,2026-08-13,0.011866981,-0.015402581,0.011888417,0.015840435,0.9981129
6213,2026-08-13,0.015571123,-0.040598992,0.015678907,0.019671991,0.9930622
5203,2026-08-13,0.011528546,-0.0762228,0.01162664,0.015995417,0.99147767
2379,2026-08-13,0.013650838,0.016967507,0.0138121,0.016008742,0.98825306
3356,2026-08-13,0.01572541,-0.05074691,0.016070664,0.020081561,0.9784556
7751,2026-08-13,0.015103255,-0.0403636,0.015675822,0.013822759,0.96341306
6281,2026-08-13,0.0112925945,-0.022911478,0.011984974,0.013480506,0.9421507
6526,2026-08-13,0.011092109,-0.049666714,0.011865001,0.013576512,0.93478066
5016,2026-08-13,0.013764745,0.01274538,0.014893421,0.016620671,0.9241544
8150,2026-08-13,0.018067546,-0.08092667,0.020021474,0.02543984,0.9023633
4417,2026-08-13,0.012084065,0.0012280777,0.013431849,0.014675691,0.8995906
6768,2026-08-13,0.01878552,-0.028172735,0.021070858,0.025873775,0.89149797
1609,2026-08-13,0.0099698445,0.0047583105,0.011461771,0.015780456,0.86975867
2606,2026-08-13,0.0127770025,0.053689424,0.0147787975,0.016897662,0.86449105
4534,2026-08-13,0.018591503,-0.01952724,0.021574225,0.02669162,0.8617061
2420,2026-08-13,0.013859326,-0.01125223,0.01610668,0.015879035,0.86041725
6244,2026-08-13,0.016526202,-0.06862792,0.019226031,0.022891292,0.85952955
3624,2026-08-13,0.015351083,-0.08402536,0.017925417,0.020968793,0.8563386
2356,2026-08-13,0.013751649,0.039558828,0.016151575,0.01937047,0.85135955
5284,2026-08-13,0.022980096,-0.079788595,0.027115077,0.027556026,0.84747124
6103,2026-08-13,0.013610492,-0.05189335,0.016264446,0.018851265,0.8367734
6269,2026-08-13,0.012226245,0.055894144,0.014780006,0.019402066,0.82715917
7705,2026-08-13,0.012469282,-0.055853833,0.015104418,0.0138772,0.8254841
8104,2026-08-13,0.015294343,-0.025647705,0.018584546,0.021232586,0.82291603
7769,2026-08-13,0.010265054,-0.033023775,0.012731578,0.011236581,0.8062039
5469,2026-08-13,0.008892008,-0.051871102,0.011053552,0.014626264,0.80437523
4768,2026-08-13,0.023727251,-0.055760268,0.029618395,0.030632677,0.8010714
7782,2026-08-13,0.014960219,-0.101708695,0.019064398,0.020186473,0.78467906
2415,2026-08-13,0.009271071,0.009797585,0.011901462,0.014299765,0.7789204
6838,2026-08-13,0.013876829,-0.00064009737,0.018008959,0.017946742,0.77050865
7713,2026-08-13,0.011576076,-0.046809923,0.015162499,0.017704032,0.7634172
2114,2026-08-13,0.0101319635,-0.0036572737,0.013316446,0.01382238,0.76080376
3645,2026-08-13,0.010615275,-0.08404148,0.014093454,0.018645613,0.7531526
6531,2026-08-13,0.010062184,-0.013712648,0.013519353,0.018126752,0.7442249
3546,2026-08-13,0.006156688,-0.047937904,0.008381156,0.012816314,0.7344993
8027,2026-08-13,0.014537078,-0.10611317,0.019813973,0.026552478,0.7336411
3289,2026-08-13,0.007863472,-0.13892083,0.010737997,0.014691414,0.73223525
6831,2026-08-13,0.01478978,0.025140677,0.02027493,0.02120433,0.7294255
2344,2026-08-13,0.011386281,-0.053545896,0.015623341,0.02316396,0.7287527
5703,2026-08-13,0.0103090005,-0.010109088,0.014213473,0.018295972,0.7252468
3587,2026-08-13,0.016425975,-0.11722796,0.023076313,0.022497198,0.7117802
2367,2026-08-13,0.015752612,-0.030611066,0.022240436,0.027955059,0.7082552
2324,2026-08-13,0.00962029,0.018818697,0.013737798,0.014425511,0.7002279
6535,2026-08-13,0.012122632,-0.016331946,0.017353777,0.017848996,0.69851846
3570,2026-08-13,0.011815431,-0.060502782,0.016934877,0.017394237,0.6976568
6021,2026-08-13,0.019965645,0.067884445,0.028725347,0.033259105,0.695029
4138,2026-08-13,0.009525509,-0.046378467,0.01378255,0.015178087,0.69107807
6771,2026-08-13,0.011428849,-0.033132102,0.016887918,0.019478507,0.67670697
8477,2026-08-13,0.0069181393,-0.0048879515,0.010327445,0.012923697,0.66981417
8938,2026-08-13,0.01157952,-0.026342055,0.017326582,0.017945645,0.66827095
8114,2026-08-13,0.016028736,-0.0628772,0.024095098,0.02717917,0.6652005
4974,2026-08-13,0.008218255,-0.036702935,0.012896069,0.014950803,0.6372188
4502,2026-08-13,0.0074763596,0.0013905732,0.011867278,0.014919953,0.62994474
8083,2026-08-13,0.008434425,-0.039562855,0.01343505,0.016198004,0.62774587
2442,2026-08-13,0.0121839335,0.009552095,0.01947454,0.023850175,0.6256018
1438,2026-08-13,0.016708802,0.074613586,0.026817646,0.026615597,0.6230293
8067,2026-08-13,0.009474099,-0.028194886,0.015252521,0.014024178,0.62110895
6708,2026-08-13,0.00965296,-0.036208924,0.015787799,0.015340851,0.6113803
8422,2026-08-13,0.013204369,-0.073826425,0.02160104,0.02577761,0.61125565
3357,2026-08-13,0.009909763,-0.122975685,0.016945403,0.01769536,0.58477086
2248,2026-08-13,0.0072055003,-0.020125333,0.012375504,0.014586444,0.5821919
7803,2026-08-13,0.009848328,-0.04076948,0.017030843,0.02078731,0.5782303
2412,2026-08-13,0.008636068,0.017536672,0.015627125,0.01333988,0.55259776
3034,2026-08-13,0.010346084,-0.018261107,0.018726325,0.022724105,0.55245924
3236,2026-08-13,0.0119302925,-0.096702,0.021674557,0.027391111,0.55040306
3363,2026-08-13,0.020188754,-0.054584034,0.036958132,0.046031874,0.5462454
1315,2026-08-13,0.0060763787,0.02960779,0.011330287,0.014579417,0.5362479
2547,2026-08-13,0.010526311,0.063797496,0.019833922,0.020952126,0.53069586
0056,2026-08-13,0.008586845,-0.0009165827,0.016214818,0.015578169,0.5295351
3516,2026-08-13,0.0085226,-0.023982126,0.016154813,0.015828254,0.5275253
2548,2026-08-13,0.011715206,0.0108739715,0.022258712,0.027056264,0.5262964
4999,2026-08-13,0.008251305,-0.074326105,0.015784055,0.018773338,0.5227289
5484,2026-08-13,0.0079977345,-0.01609127,0.015463812,0.013313844,0.5171569
3324,2026-08-13,0.007768118,-0.06015731,0.015035299,0.01569298,0.51662433
3530,2026-08-13,0.008010899,-0.03820054,0.015573037,0.016544273,0.5143752
6910,2026-08-13,0.0075357794,-0.07567282,0.015170792,0.017379671,0.4966967
2834,2026-08-13,0.0072511104,0.0019885818,0.014941902,0.015424716,0.4852545
3390,2026-08-13,0.0073887766,-0.07371465,0.015370031,0.01660074,0.48069492
8155,2026-08-13,0.008174696,-0.10353399,0.017264139,0.01953687,0.47347987
6706,2026-08-13,0.008339528,-0.12619457,0.018160945,0.02267461,0.4591759
6451,2026-08-13,0.03672735,0.17096575,0.082348734,0.083456144,0.44599235
6240,2026-08-13,0.008298548,-0.0026411405,0.019184684,0.021487549,0.43253854
9911,2026-08-13,0.005548938,0.011572655,0.013207646,0.015432868,0.42009893
5704,2026-08-13,0.0046047126,0.003426433,0.011000552,0.010637417,0.41855118
5345,2026-08-13,0.013243777,0.16273858,0.031712927,0.053385925,0.41760132
5534,2026-08-13,0.009774285,0.06691316,0.023985868,0.025930773,0.40748483
2360,2026-08-13,0.0046200166,-0.0041968026,0.011433457,0.012380317,0.40404338
6527,2026-08-13,0.005894511,-0.010715769,0.0146393925,0.017618885,0.40261972
6904,2026-08-13,0.004732395,-0.04121547,0.011875779,0.010388339,0.39845777
1240,2026-08-13,0.007688718,-0.011618432,0.019346597,0.02295678,0.39739913
8109,2026-08-13,0.005271671,-0.02987275,0.013348415,0.015572659,0.394899
5493,2026-08-13,0.0047088056,-0.085721664,0.012599676,0.018469665,0.3736947
3306,2026-08-13,0.004546408,-0.0691431,0.012551789,0.016217403,0.3621831
6579,2026-08-13,0.005370336,-0.07604966,0.015032115,0.016721368,0.35723373
4532,2026-08-13,0.005195967,-0.012319474,0.014824843,0.014862231,0.35046688
2915,2026-08-13,0.0045862733,0.02519521,0.013090716,0.014583678,0.35031873
8444,2026-08-13,0.0061507937,0.048690755,0.019457715,0.02036786,0.31609455
3443,2026-08-13,0.0034758323,-0.032325972,0.012058779,0.01666308,0.28821692
4942,2026-08-13,0.0030927763,-0.0068564187,0.010805499,0.013976277,0.28619596
2520,2026-08-13,0.0036281685,0.05888192,0.013649335,0.017697595,0.26579335
9929,2026-08-13,0.0039156736,-0.0025065513,0.014792697,0.019316807,0.26468527
8289,2026-08-13,0.0046393406,-0.088744976,0.017555809,0.01574383,0.26424736
1531,2026-08-13,0.0038479173,-0.047894903,0.014581599,0.018024579,0.26387048
4772,2026-08-13,0.004739352,-0.1276397,0.018491331,0.018647121,0.25628743
1714,2026-08-13,0.005321056,-0.020561488,0.0213518,0.019109013,0.24919711
6548,2026-08-13,0.005103162,-0.05279184,0.021330295,0.023419853,0.23923357
3527,2026-08-13,0.0031730975,-0.04262375,0.01341584,0.014625737,0.2365011
3150,2026-08-13,0.0031089128,-0.041252922,0.013430664,0.0130767375,0.23146147
7750,2026-08-13,0.0033460741,-0.06753151,0.014851912,0.013110345,0.22528067
3528,2026-08-13,0.0027943507,-0.055590186,0.01242691,0.01682116,0.22484478
4916,2026-08-13,0.003365572,-0.077536225,0.015204556,0.020090837,0.2213383
6862,2026-08-13,0.0037852463,-0.06562378,0.017213114,0.017514873,0.21989202
3672,2026-08-13,0.0034409524,0.020594435,0.015961805,0.02095353,0.21556063
2855,2026-08-13,0.0077984026,0.00047148665,0.036870066,0.04032623,0.21150468
6222,2026-08-13,0.004999595,-0.009315594,0.024601223,0.030970767,0.20321721
7827,2026-08-13,0.0028449546,-0.0068469327,0.014410755,0.016735705,0.19740514
2845,2026-08-13,0.0032730172,0.032456066,0.017377095,0.015622542,0.18834154
3033,2026-08-13,0.004532718,-0.025080923,0.024257082,0.031134482,0.18685393
2937,2026-08-13,0.002399028,-0.00041609706,0.013007545,0.016078213,0.1844194
2506,2026-08-13,0.00475911,0.027293982,0.025950111,0.031219106,0.18338752
1540,2026-08-13,0.0023979503,-0.047246646,0.013154348,0.012792322,0.1822795
2441,2026-08-13,0.0029820804,-0.04913195,0.01976844,0.023492983,0.15084295
8424,2026-08-13,0.0029843315,-0.05813332,0.021141548,0.02249108,0.14115287
6613,2026-08-13,0.0017508937,-0.030118875,0.013743431,0.013905746,0.12738931
4720,2026-08-13,0.0022005485,-0.098272234,0.019091018,0.019679034,0.11526013
3532,2026-08-13,0.0021697055,-0.012411877,0.018829033,0.015082091,0.11522579
3272,2026-08-13,0.0014450145,-0.079389445,0.013851501,0.011456711,0.104314335
3305,2026-08-13,0.0022094105,-0.1546124,0.022164999,0.031297226,0.099675655
5340,2026-08-13,0.0019399141,-0.11875098,0.022283161,0.028434461,0.08705349
6722,2026-08-13,0.001370157,-0.031182114,0.016148098,0.021084722,0.08484418
3008,2026-08-13,0.0012925294,-0.021987725,0.015875282,0.015167633,0.0814126
2485,2026-08-13,0.0023641891,-0.12502363,0.030222466,0.032290418,0.07822362
6674,2026-08-13,0.0010189076,-0.029487722,0.014369695,0.01479035,0.07090176
2515,2026-08-13,0.0012937628,-0.03644099,0.019837856,0.022698132,0.065213576
3563,2026-08-13,0.00090732647,-0.055389576,0.014370578,0.01356402,0.06313339
8201,2026-08-13,0.0007319925,-0.031579938,0.012343634,0.016336491,0.05929641
4977,2026-08-13,0.0013431942,-0.03629717,0.030225594,0.0321805,0.044437498
8940,2026-08-13,0.00049638323,-0.05953247,0.012489386,0.012896097,0.039741226
8131,2026-08-13,0.0005789414,-0.06016402,0.02427946,0.024702663,0.023843924
6219,2026-08-13,0.00045822063,0.064959235,0.020150715,0.0273885,0.022738542
7723,2026-08-13,0.0005083025,-0.14338207,0.027971141,0.036267843,0.01817174
4169,2026-08-13,0.00023472172,-0.020588914,0.015684756,0.019336456,0.014964005
7794,2026-08-13,4.5383287e-05,-0.058235366,0.015867291,0.017251888,0.0028599983
5905,2026-08-13,2.00838e-05,0.008328135,0.016496444,0.0153302355,0.0012173885
4433,2026-08-13,1.343377e-05,-0.07460537,0.013143331,0.016551515,0.00102202
8111,2026-08-13,-2.2879243e-05,-0.088774964,0.0282588,0.033963848,-0.00080960384
3703,2026-08-13,-5.7468438e-05,0.02789002,0.008853923,0.011526776,-0.0064899987
6208,2026-08-13,-0.00027575679,-0.07716398,0.012308889,0.0127376,-0.02240124
2504,2026-08-13,-0.00036133482,0.006659592,0.012812076,0.015067716,-0.028200474
5344,2026-08-13,-0.0006224755,-0.07170553,0.0189743,0.021852048,-0.032804515
4754,2026-08-13,-0.00056784175,-0.0826552,0.015757142,0.012345125,-0.036034815
6202,2026-08-13,-0.0007885359,-0.060939305,0.021181617,0.021187505,-0.037225615
4960,2026-08-13,-0.00068146986,-0.10499484,0.01551916,0.02092289,-0.04390869
6730,2026-08-13,-0.0008400316,-0.044415705,0.01482622,0.015225268,-0.05665469
4102,2026-08-13,-0.00088255556,0.01652459,0.013461283,0.015690295,-0.065557644
6016,2026-08-13,-0.0014553681,0.004094249,0.019716477,0.02170899,-0.07381107
6242,2026-08-13,-0.0009786271,-0.066635676,0.01315587,0.013893747,-0.074381456
3522,2026-08-13,-0.0010836293,-0.027770502,0.01351189,0.016803933,-0.08019227
4105,2026-08-13,-0.0019250374,6.986633e-05,0.021911288,0.026826847,-0.08785196
1906,2026-08-13,-0.001475124,0.055131562,0.01617122,0.017054997,-0.09121345
2883,2026-08-13,-0.0015084733,0.00489372,0.015688531,0.015609431,-0.09614521
6257,2026-08-13,-0.0015930549,-0.06411197,0.015850412,0.019774145,-0.10049924
2892,2026-08-13,-0.0016102085,-0.0009119054,0.01599677,0.019493768,-0.10065207
4114,2026-08-13,-0.0010950986,0.026826246,0.010391748,0.017054722,-0.105371416
3583,2026-08-13,-0.0013059055,-0.030476142,0.012081736,0.011289417,-0.10808028
3615,2026-08-13,-0.002864853,-0.060716927,0.025036948,0.025220927,-0.11442044
4183,2026-08-13,-0.0018244837,-0.051921234,0.0154899005,0.022985741,-0.11777777
5210,2026-08-13,-0.0016181978,0.0072573973,0.012839489,0.016078759,-0.12602307
5522,2026-08-13,-0.0016445384,0.0037157096,0.012330113,0.016152529,-0.13336496
1340,2026-08-13,-0.0015121554,-0.027727775,0.010717357,0.01409534,-0.1410809
1590,2026-08-13,-0.0018444171,-0.009958408,0.012920389,0.014264084,-0.1427414
1760,2026-08-13,-0.0018759412,-0.0020188356,0.011768123,0.016281547,-0.15939514
6552,2026-08-13,-0.0025119125,-0.08084142,0.015186015,0.017436163,-0.1653987
3169,2026-08-13,-0.0025285583,-0.10150553,0.014941611,0.019534655,-0.16921796
6182,2026-08-13,-0.0072416915,-0.16795619,0.04225007,0.039883606,-0.17139664
4188,2026-08-13,-0.0025481984,-0.028369397,0.014148682,0.016462706,-0.18008873
6821,2026-08-13,-0.0033651788,-0.10309162,0.017721547,0.020989172,-0.18988122
8996,2026-08-13,-0.0034328678,-0.038610984,0.017906176,0.017280262,-0.19170347
5511,2026-08-13,-0.0049544787,0.008668499,0.024670778,0.022173546,-0.20081563
2926,2026-08-13,-0.0018683629,-0.055492498,0.009245232,0.011497468,-0.2020675
1326,2026-08-13,-0.0027557989,-0.05337576,0.013569325,0.015936347,-0.20307536
3050,2026-08-13,-0.0036369562,-0.03830564,0.017307146,0.015786586,-0.21012974
2354,2026-08-13,-0.00396179,0.018866805,0.017924508,0.014572493,-0.22101408
4120,2026-08-13,-0.0025076182,-0.034785498,0.011121737,0.017445672,-0.22544974
4551,2026-08-13,-0.00395582,-0.06264695,0.017542413,0.016056545,-0.22548749
3022,2026-08-13,-0.0048350124,-0.058730546,0.02128842,0.020263799,-0.2271087
6506,2026-08-13,-0.0025702848,-0.030353336,0.011287587,0.014341844,-0.22768879
3167,2026-08-13,-0.0049868003,-0.026633617,0.021188337,0.02157911,-0.2353448
6123,2026-08-13,-0.001913583,-0.051559553,0.008040266,0.010292873,-0.23797035
2712,2026-08-13,-0.0029968226,-0.013554138,0.011825137,0.010774677,-0.2534067
2107,2026-08-13,-0.0043091006,0.02199119,0.016237427,0.013927765,-0.2653644
3597,2026-08-13,-0.0023766877,-0.019330548,0.008854204,0.011615162,-0.26839447
3078,2026-08-13,-0.0052331677,-0.080592796,0.019316588,0.023196803,-0.2709017
2243,2026-08-13,-0.005704982,0.040698495,0.02035584,0.020693967,-0.2802489
2732,2026-08-13,-0.0024889768,-0.03939883,0.008796121,0.011256003,-0.28293082
9941,2026-08-13,-0.004275921,0.015851852,0.014584271,0.016240183,-0.29316702
5314,2026-08-13,-0.006544392,-0.15047902,0.021019101,0.021657139,-0.3113397
7772,2026-08-13,-0.0044778422,-0.16341747,0.014348096,0.026654111,-0.3120644
4755,2026-08-13,-0.0036825805,-0.058042716,0.0114180595,0.014242165,-0.3224942
6561,2026-08-13,-0.00407902,-0.035253506,0.01187775,0.009576244,-0.343388
6715,2026-08-13,-0.0054410896,-0.04732965,0.015669992,0.017803032,-0.34720773
3191,2026-08-13,-0.006062152,-0.023222962,0.017374063,0.020533085,-0.34889957
3481,2026-08-13,-0.007252972,-0.102824226,0.02040656,0.019854251,-0.35540617
4116,2026-08-13,-0.004332496,-0.042822123,0.0121811945,0.011186902,-0.35564166
8038,2026-08-13,-0.0054024486,-0.08824159,0.014885959,0.021970274,-0.36289805
6175,2026-08-13,-0.005753404,-0.06418345,0.015541082,0.017494686,-0.3701823
4528,2026-08-13,-0.005840242,-0.08521921,0.01570402,0.017934924,-0.371871
2401,2026-08-13,-0.005602,-0.07440443,0.013619846,0.014214557,-0.41128135
1617,2026-08-13,-0.008506212,0.013783825,0.020583991,0.020796444,-0.413224
6180,2026-08-13,-0.004920852,0.00035326177,0.011638759,0.012861823,-0.42276236
1513,2026-08-13,-0.0059549944,-0.05458368,0.013903118,0.017461859,-0.42828998
1210,2026-08-13,-0.0068159774,0.019957121,0.015844768,0.01708196,-0.43014497
2596,2026-08-13,-0.0061446857,-0.014804271,0.014015724,0.008996607,-0.43838245
3691,2026-08-13,-0.009401427,-0.19119874,0.021433877,0.019337049,-0.43860418
6259,2026-08-13,-0.010131929,-0.016101876,0.022936307,0.028755818,-0.4417227
2509,2026-08-13,-0.006518814,-0.027187578,0.0141575765,0.014438458,-0.46041447
4908,2026-08-13,-0.013537679,-0.14743373,0.029077861,0.0183172,-0.4655505
6873,2026-08-13,-0.0103181,-0.08322375,0.022110008,0.021362828,-0.46664995
2453,2026-08-13,-0.0070054317,-0.080398515,0.014864194,0.0178792,-0.47126403
8103,2026-08-13,-0.009190494,-0.10796046,0.019160008,0.018274333,-0.47964564
3171,2026-08-13,-0.0064176945,-0.06030383,0.013243455,0.017007079,-0.48455706
6574,2026-08-13,-0.004867674,-0.088519014,0.00994807,0.013917125,-0.48925915
5269,2026-08-13,-0.006975529,-0.07729022,0.01425597,0.017411606,-0.4892715
2542,2026-08-13,-0.014898877,0.004122509,0.030386277,0.032856926,-0.49029982
1795,2026-08-13,-0.004992599,-0.03875454,0.010113201,0.014555309,-0.4936227
6703,2026-08-13,-0.005209326,-0.073605046,0.010376372,0.012672688,-0.5019889
6625,2026-08-13,-0.008568551,-0.037605453,0.016793082,0.01692576,-0.51021254
1806,2026-08-13,-0.0075742304,-0.006887825,0.0146121755,0.01541303,-0.51831514
7757,2026-08-13,-0.010564104,-0.05666228,0.020051502,0.023120297,-0.5268222
8923,2026-08-13,-0.007766833,-0.05706734,0.01412162,0.016375614,-0.5499569
4744,2026-08-13,-0.008445246,-0.055543866,0.015326628,0.018850755,-0.55098194
6684,2026-08-13,-0.008723565,-0.06621112,0.015715329,0.021217316,-0.5550638
1802,2026-08-13,-0.01222472,-0.053232446,0.021740275,0.020942448,-0.56228167
2748,2026-08-13,-0.007962867,-0.042018693,0.0139717115,0.01576406,-0.569887
5009,2026-08-13,-0.00984031,-0.015709901,0.017128065,0.01997295,-0.57448024
6239,2026-08-13,-0.011328178,-0.114495516,0.019680636,0.028374612,-0.57557094
5864,2026-08-13,-0.01604406,-0.043974742,0.02731758,0.0232483,-0.5872948
8936,2026-08-13,-0.008008156,-0.06001301,0.013289851,0.011736036,-0.60253143
6782,2026-08-13,-0.00558395,-0.059278727,0.0088312365,0.012291592,-0.6322237
6435,2026-08-13,-0.015073897,-0.11534783,0.023706041,0.029023167,-0.63584054
2496,2026-08-13,-0.010038121,-0.022266306,0.015634999,0.016846623,-0.6419878
2428,2026-08-13,-0.010596041,-0.0559141,0.016241418,0.018643683,-0.6523684
2025,2026-08-13,-0.009690134,0.019815302,0.014790928,0.01616379,-0.65509605
3354,2026-08-13,-0.009490362,-0.10911951,0.014398902,0.018112527,-0.65905744
6581,2026-08-13,-0.010487101,-0.05085166,0.015862608,0.013070542,-0.66107917
5223,2026-08-13,-0.012563601,-0.043478623,0.018919563,0.017029116,-0.66401833
8240,2026-08-13,-0.010044896,-0.10440823,0.01500387,0.015529092,-0.66944236
6207,2026-08-13,-0.022823013,-0.11064799,0.033691667,0.038329225,-0.6773882
4767,2026-08-13,-0.0109222075,-0.043571908,0.016113734,0.016539799,-0.6777777
5215,2026-08-13,-0.010445519,-0.03198324,0.015234675,0.016030136,-0.68559605
2357,2026-08-13,-0.008676065,-0.02369349,0.012474637,0.012375482,-0.69544065
1776,2026-08-13,-0.010247967,-0.03596501,0.014626542,0.0143156815,-0.7005939
4771,2026-08-13,-0.008234786,-0.059085287,0.011713635,0.013067505,-0.7029486
2301,2026-08-13,-0.009371849,-0.028540315,0.013281595,0.015399258,-0.7055736
2351,2026-08-13,-0.01325147,-0.10568212,0.01877024,0.021016391,-0.7059454
5452,2026-08-13,-0.011493136,-0.11292459,0.016265618,0.017566549,-0.7065474
3162,2026-08-13,-0.012902622,-0.07782108,0.018222043,0.016991276,-0.7080388
8093,2026-08-13,-0.0118979495,-0.014634066,0.016610587,0.02309197,-0.716244
6194,2026-08-13,-0.010425082,-0.10189626,0.014544648,0.014341492,-0.71671486
3372,2026-08-13,-0.009581998,-0.032083217,0.013165545,0.015698172,-0.7277534
2425,2026-08-13,-0.016255958,-0.039094575,0.022314107,0.02362142,-0.72847325
4173,2026-08-13,-0.0074331043,-0.05594848,0.010187688,0.013582494,-0.72954476
1103,2026-08-13,-0.0108471345,0.020243114,0.014854305,0.014759667,-0.73018587
1709,2026-08-13,-0.014828926,-0.049136877,0.02006264,0.020651167,-0.7390945
2640,2026-08-13,-0.009036601,-0.07057485,0.012162884,0.013320237,-0.7429042
2941,2026-08-13,-0.012714974,-0.1085077,0.017033627,0.022658678,-0.74641925
8050,2026-08-13,-0.018768676,-0.05929439,0.025088357,0.02047765,-0.7480732
2332,2026-08-13,-0.0126792295,-0.091001034,0.016882624,0.017079296,-0.75097793
4568,2026-08-13,-0.008047431,-0.05856521,0.010476804,0.013272659,-0.7680455
1708,2026-08-13,-0.011119562,-0.017918954,0.01445877,0.011781383,-0.76899993
6767,2026-08-13,-0.010864163,-0.030103203,0.014025281,0.013334036,-0.7745576
3455,2026-08-13,-0.024643578,-0.14764827,0.03175157,0.034477416,-0.7761129
6830,2026-08-13,-0.022042966,-0.15623394,0.028331937,0.03576396,-0.7779979
7791,2026-08-13,-0.011075584,-0.04687822,0.014218833,0.013370124,-0.77888286
5398,2026-08-13,-0.0122037865,-0.089224406,0.015549001,0.015467574,-0.78480935
2820,2026-08-13,-0.01160727,0.033796165,0.014783959,0.013195867,-0.7850728
6199,2026-08-13,-0.022795679,-0.038354803,0.02879068,0.02644544,-0.7917453
4558,2026-08-13,-0.011582644,-0.04654704,0.01460111,0.013935984,-0.7932171
4401,2026-08-13,-0.009322875,-0.048840825,0.011731188,0.012873444,-0.7946408
3484,2026-08-13,-0.013043114,-0.032691147,0.016257394,0.014759316,-0.80223876
2027,2026-08-13,-0.011595556,0.014748884,0.013990806,0.016619172,-0.828739
8367,2026-08-13,-0.01341568,-0.04155009,0.016151622,0.017634148,-0.8305574
5438,2026-08-13,-0.010694291,-0.051465392,0.012817994,0.015228065,-0.83425355
2323,2026-08-13,-0.018498762,-0.058587696,0.022090387,0.021691224,-0.8373744
5371,2026-08-13,-0.025531609,-0.028525906,0.030334601,0.038098577,-0.84163845
7704,2026-08-13,-0.013047206,-0.07376933,0.015284658,0.017317427,-0.85355866
4952,2026-08-13,-0.012884293,-0.05963889,0.014999862,0.018024733,-0.85890347
2427,2026-08-13,-0.01464756,-0.05645899,0.017017828,0.019234862,-0.86066794
4760,2026-08-13,-0.012393499,-0.1218063,0.014392556,0.018120904,-0.86104494
5902,2026-08-13,-0.011588251,-0.045684792,0.013412882,0.013452661,-0.8638999
1533,2026-08-13,-0.011718661,-0.013938914,0.013558326,0.014669605,-0.86425096
3059,2026-08-13,-0.013805324,-0.01840054,0.01582449,0.017023606,-0.87234735
3321,2026-08-13,-0.011509145,0.0018712963,0.013020347,0.015382222,-0.88386744
9949,2026-08-13,-0.014674838,-0.09537867,0.016515292,0.018357065,-0.88850677
8466,2026-08-13,-0.021873659,-0.011272965,0.024496978,0.023375234,-0.8928761
5548,2026-08-13,-0.018899973,-0.039376512,0.020344507,0.022044048,-0.9289507
5276,2026-08-13,-0.012217171,-0.02321804,0.013148867,0.015791561,-0.9290718
2734,2026-08-13,-0.012587645,-0.04188306,0.013420941,0.015349704,-0.9378409
6859,2026-08-13,-0.011054951,-0.065618046,0.011778954,0.018636933,-0.93845445
8499,2026-08-13,-0.02569165,-0.0998899,0.027243791,0.0294887,-0.9429931
6142,2026-08-13,-0.013051647,0.010412416,0.013579999,0.015818886,-0.96102256
2429,2026-08-13,-0.018211372,-0.08076318,0.01894434,0.017336182,-0.96125865
8097,2026-08-13,-0.016391821,-0.038955927,0.017048547,0.013056501,-0.9614227
3653,2026-08-13,-0.0110845165,-0.015258596,0.011356491,0.011762694,-0.97596526
6120,2026-08-13,-0.014581194,-0.05628848,0.014881773,0.014660625,-0.9797364
4513,2026-08-13,-0.022289101,-0.06961921,0.022739481,0.02312398,-0.9801508
1570,2026-08-13,-0.013871926,-0.081122495,0.014044638,0.012788604,-0.98763233
6020,2026-08-13,-0.021020906,-0.00070758164,0.021264186,0.0247215,-0.98851264
1220,2026-08-13,-0.01560559,-0.0029506946,0.015782112,0.012910778,-0.9887524
6419,2026-08-13,-0.020910867,-0.16979021,0.020979164,0.023025442,-0.996697
4972,2026-08-13,-0.01136767,-0.081517026,0.011403446,0.01671022,-0.99677527
3031,2026-08-13,-0.01986436,-0.09327228,0.01985913,0.023127226,-1.000213
6512,2026-08-13,-0.010737729,-0.0752011,0.010546036,0.012972286,-1.0180802
3207,2026-08-13,-0.017186342,-0.14696373,0.016866453,0.020930685,-1.0189055
2105,2026-08-13,-0.012189963,0.02071925,0.011913127,0.013929329,-1.023152
6643,2026-08-13,-0.027715694,-0.119891025,0.026813544,0.033971004,-1.0336068
3276,2026-08-13,-0.017350273,-0.0008237604,0.01676176,0.020814866,-1.0350487
2736,2026-08-13,-0.013751608,-0.022693532,0.013253394,0.014689422,-1.0375131
6690,2026-08-13,-0.015953373,-0.09588267,0.015270266,0.01885784,-1.044666
8942,2026-08-13,-0.017352752,0.00985412,0.016594868,0.016315881,-1.0456067
2897,2026-08-13,-0.013963747,0.048209,0.0132901,0.016790707,-1.0506088
1805,2026-08-13,-0.013563157,-0.040680725,0.012880147,0.01467109,-1.0529463
6124,2026-08-13,-0.013016303,0.008229944,0.012147598,0.0119795585,-1.0714242
3221,2026-08-13,-0.032343674,-0.15176664,0.030145507,0.02576325,-1.072883
2634,2026-08-13,-0.017635057,-0.07043074,0.01637696,0.015408078,-1.0767554
8101,2026-08-13,-0.01834777,-0.10283683,0.017020946,0.016969638,-1.0778891
6271,2026-08-13,-0.022988927,-0.113519125,0.02125831,0.027534818,-1.0813581
6494,2026-08-13,-0.015138012,-0.08771553,0.013950718,0.020672577,-1.0850285
2204,2026-08-13,-0.01388064,0.0007774177,0.012525709,0.012619868,-1.1080835
7821,2026-08-13,-0.014203898,-0.06303579,0.012689564,0.016843947,-1.1192486
8450,2026-08-13,-0.016020617,-0.08802438,0.014245392,0.013099734,-1.1245385
6887,2026-08-13,-0.015465158,-0.023410091,0.013689988,0.0152354585,-1.1295867
3081,2026-08-13,-0.024540937,-0.096093066,0.02137464,0.03050752,-1.1480796
8423,2026-08-13,-0.011755745,-0.06564443,0.010200541,0.014233101,-1.15235
6127,2026-08-13,-0.016975459,-0.115663856,0.014635156,0.019403229,-1.1598303
1301,2026-08-13,-0.017202625,-0.08124019,0.014746051,0.015179596,-1.1665128
6640,2026-08-13,-0.023637736,-0.075004295,0.020248327,0.025027579,-1.1673343
6179,2026-08-13,-0.022580845,-0.10153135,0.01924762,0.025960652,-1.173115
6856,2026-08-13,-0.019378452,-0.057833783,0.016346073,0.020441623,-1.1854386
6136,2026-08-13,-0.015299037,-0.031380992,0.012898753,0.013597628,-1.1859945
2419,2026-08-13,-0.017998096,-0.08581581,0.015089318,0.017038787,-1.1926916
8437,2026-08-13,-0.015482334,-0.062329784,0.012947895,0.018362219,-1.1956491
2375,2026-08-13,-0.026916826,-0.1484664,0.022470305,0.025931379,-1.197831
2206,2026-08-13,-0.012932824,0.019068662,0.010793601,0.011067388,-1.1980826
6914,2026-08-13,-0.019390106,-0.0523213,0.016170617,0.0128690405,-1.1990209
8163,2026-08-13,-0.016911644,-0.00594004,0.0140448585,0.014793637,-1.2040306
3035,2026-08-13,-0.021590225,-0.038593147,0.017828291,0.031091424,-1.2109413
2349,2026-08-13,-0.018527921,-0.11688822,0.014981508,0.017644534,-1.2366368
3232,2026-08-13,-0.01874609,-0.06932037,0.014945858,0.01513896,-1.2541826
2916,2026-08-13,-0.017947026,-0.054214813,0.0142713925,0.016259462,-1.2574644
2211,2026-08-13,-0.017609278,-0.007098801,0.013992152,0.015058448,-1.2584211
9933,2026-08-13,-0.02290609,0.019668251,0.018139847,0.019408315,-1.2626803
6411,2026-08-13,-0.020044634,-0.062609896,0.015858311,0.016712017,-1.2639031
4588,2026-08-13,-0.020874213,-0.047601897,0.016459363,0.016114712,-1.2681502
2891,2026-08-13,-0.017404808,0.0071930685,0.0132907545,0.013653487,-1.309444
4707,2026-08-13,-0.04117244,-0.17577901,0.03142606,0.03457209,-1.3100952
1707,2026-08-13,-0.016445605,-0.065839276,0.012426174,0.02099009,-1.3233583
1626,2026-08-13,-0.021405738,-0.03474089,0.01615165,0.014063861,-1.3252152
1514,2026-08-13,-0.020313682,-0.070640706,0.015144435,0.017045684,-1.3412412
2432,2026-08-13,-0.018237738,-0.07195988,0.013553903,0.013556402,-1.3454716
2701,2026-08-13,-0.019000055,-0.021475637,0.014096742,0.011818678,-1.3477376
6577,2026-08-13,-0.01656675,-0.09968972,0.012274505,0.014190697,-1.3495779
1558,2026-08-13,-0.014959669,-0.05432983,0.010994561,0.0109852385,-1.3605189
6155,2026-08-13,-0.027303807,-0.1249653,0.019984828,0.020356772,-1.3661584
1711,2026-08-13,-0.03217856,-0.12772582,0.023534268,0.020287775,-1.3672484
2836,2026-08-13,-0.018073685,0.034732837,0.013180938,0.009380542,-1.3710947
8261,2026-08-13,-0.030617166,-0.10159019,0.022291377,0.026550343,-1.3734366
8401,2026-08-13,-0.017282613,-0.07555024,0.012558218,0.015448218,-1.3760898
9962,2026-08-13,-0.014322875,-0.030049127,0.0103935525,0.0106146615,-1.3779212
2002,2026-08-13,-0.02030271,-0.009625326,0.01465916,0.015058983,-1.38489
3257,2026-08-13,-0.028172152,-0.12706672,0.020256171,0.023311105,-1.3907249
8088,2026-08-13,-0.023080636,-0.12314467,0.016548729,0.02275889,-1.3946232
1815,2026-08-13,-0.036008693,-0.14599817,0.025679411,0.027674645,-1.4021852
3581,2026-08-13,-0.02547788,-0.1439998,0.018147765,0.020066526,-1.4038355
4416,2026-08-13,-0.028933348,-0.056758355,0.020599421,0.024328994,-1.4045027
1608,2026-08-13,-0.035900746,0.017303538,0.025489332,0.023300415,-1.4084064
4585,2026-08-13,-0.021128682,-0.050543666,0.014847658,0.014477051,-1.4229355
3158,2026-08-13,-0.018709378,-0.07780646,0.012991312,0.017941192,-1.4400345
6472,2026-08-13,-0.023850981,-0.086840644,0.016511645,0.018764393,-1.444407
8070,2026-08-13,-0.022724645,-0.019776503,0.015654385,0.016874976,-1.4515545
3062,2026-08-13,-0.023200003,-0.12100715,0.015795816,0.018275332,-1.4686506
6161,2026-08-13,-0.019839164,-0.08867657,0.013481281,0.0119896475,-1.4714991
6470,2026-08-13,-0.024528358,-0.07189099,0.016653338,0.017243233,-1.4727908
2247,2026-08-13,-0.018445758,-0.01938022,0.012255062,0.0137637295,-1.5050313
5514,2026-08-13,-0.030936234,-0.034778673,0.020338282,0.020635758,-1.5210091
3556,2026-08-13,-0.02617519,-0.062319763,0.01715313,0.01768666,-1.5258826
3704,2026-08-13,-0.038428802,-0.06315718,0.025137441,0.023192944,-1.5286868
8358,2026-08-13,-0.048982866,-0.14412728,0.032028027,0.030604098,-1.5293274
4108,2026-08-13,-0.024290193,-0.05914376,0.01585572,0.013778675,-1.5318547
2706,2026-08-13,-0.023324963,-0.018939381,0.015157908,0.013403728,-1.5386968
4951,2026-08-13,-0.03188318,-0.14241883,0.020708194,0.020459272,-1.5395664
6235,2026-08-13,-0.030085048,-0.10076909,0.019485978,0.025725635,-1.5438539
6721,2026-08-13,-0.020955881,-0.054560702,0.013572721,0.014061845,-1.5438567
6283,2026-08-13,-0.025212815,-0.07067756,0.0163066,0.01486256,-1.5460776
3577,2026-08-13,-0.030825486,-0.049062457,0.019911554,0.0199634,-1.5480428
6994,2026-08-13,-0.034710035,-0.09307821,0.022353014,0.02474094,-1.5527428
1445,2026-08-13,-0.020778207,-0.058234382,0.013371634,0.015986936,-1.5537856
3588,2026-08-13,-0.028818397,-0.12602378,0.018480513,0.022152858,-1.5593094
2867,2026-08-13,-0.023059074,-0.008583446,0.014719,0.014733823,-1.5665132
3492,2026-08-13,-0.027072094,-0.06380175,0.01727465,0.021466848,-1.5670667
1324,2026-08-13,-0.022085283,-0.07048381,0.0140214395,0.015571265,-1.5749958
1762,2026-08-13,-0.021850863,-0.08805665,0.013835495,0.017361378,-1.5792195
3152,2026-08-13,-0.031131156,-0.22485214,0.019695943,0.021213727,-1.5805069
5243,2026-08-13,-0.020938445,-0.10085012,0.013074582,0.015446926,-1.6013393
2612,2026-08-13,-0.016668797,-0.0453576,0.010396563,0.014249868,-1.6031444
2645,2026-08-13,-0.027195934,-0.045508955,0.016887665,0.017251953,-1.610307
6117,2026-08-13,-0.0229082,-0.13832474,0.014015611,0.015693171,-1.6343608
1810,2026-08-13,-0.051955365,-0.2591727,0.03153119,0.03624977,-1.647693
8213,2026-08-13,-0.03219203,-0.052253477,0.019509168,0.019300155,-1.6500129
5455,2026-08-13,-0.031598736,-0.06407583,0.019130886,0.022063386,-1.6516268
9906,2026-08-13,-0.024135737,-0.0418557,0.014498609,0.017035898,-1.6645784
1733,2026-08-13,-0.023932338,-0.04917766,0.014239188,0.012936322,-1.6806195
9924,2026-08-13,-0.022390429,-0.065489136,0.013169834,0.012846019,-1.7000008
8102,2026-08-13,-0.019364525,-0.044728268,0.011360682,0.013356371,-1.7043713
3605,2026-08-13,-0.02581265,-0.051146913,0.015131441,0.020248642,-1.7057823
2430,2026-08-13,-0.027873833,-0.08312527,0.016332187,0.02095688,-1.7065765
1101,2026-08-13,-0.027400587,0.0002833046,0.016036734,0.014510462,-1.7085073
3708,2026-08-13,-0.107003495,-0.1900883,0.06260929,0.062194925,-1.70904
3485,2026-08-13,-0.035108935,-0.17197104,0.020530207,0.024445578,-1.7100278
2434,2026-08-13,-0.028257314,-0.07769316,0.016470395,0.025191424,-1.7155386
4939,2026-08-13,-0.040070616,-0.048069496,0.023260016,0.024790611,-1.7226511
4584,2026-08-13,-0.021853026,-0.04990659,0.012658787,0.014383034,-1.7261764
5324,2026-08-13,-0.026806379,0.011512274,0.015523272,0.012003844,-1.7267399
1907,2026-08-13,-0.02764893,0.0007306874,0.01599919,0.018293086,-1.7280375
2739,2026-08-13,-0.026818033,-0.06128282,0.015401495,0.015310411,-1.7411487
4154,2026-08-13,-0.018999688,-0.020628192,0.01089477,0.01634285,-1.7437674
5228,2026-08-13,-0.02872628,-0.08084784,0.016407816,0.016596239,-1.7506614
1538,2026-08-13,-0.03181125,-0.132328,0.018140757,0.015858669,-1.7534821
9110,2026-08-13,-0.02378515,-0.037389748,0.013432909,0.014706809,-1.7705308
3508,2026-08-13,-0.027433971,-0.08521543,0.015340298,0.018144427,-1.788243
6732,2026-08-13,-0.0250302,-0.16498563,0.013968256,0.019465098,-1.7918061
3021,2026-08-13,-0.026281388,-0.01345557,0.014664601,0.01586062,-1.7920431
6944,2026-08-13,-0.024858778,-0.117816,0.013838879,0.0148247825,-1.7961702
5701,2026-08-13,-0.026913727,-0.050616343,0.014952591,0.015625577,-1.799817
3541,2026-08-13,-0.02457473,-0.06709835,0.013652225,0.01374003,-1.7999213
6881,2026-08-13,-0.02327453,-0.08368902,0.012918064,0.0129149,-1.8015646
1515,2026-08-13,-0.04521002,-0.08094475,0.0247973,0.02500083,-1.8231096
2013,2026-08-13,-0.023380695,-0.060922425,0.01280813,0.015487999,-1.8253148
7711,2026-08-13,-0.036273718,-0.14062585,0.019741444,0.02443162,-1.8373469
2608,2026-08-13,-0.023928573,-0.013775027,0.012915414,0.0119726695,-1.8525709
2497,2026-08-13,-0.031680353,-0.0951104,0.017025733,0.019501202,-1.8606242
2904,2026-08-13,-0.035104815,-0.1085675,0.018786801,0.017759867,-1.8684897
1713,2026-08-13,-0.036271118,-0.076938584,0.019407662,0.020604601,-1.8688109
3011,2026-08-13,-0.027170105,-0.07912673,0.014433673,0.013114555,-1.8822806
6188,2026-08-13,-0.026935924,-0.088929445,0.014218842,0.019135648,-1.8942492
2399,2026-08-13,-0.034076527,-0.09484681,0.017818343,0.021481683,-1.9123335
8935,2026-08-13,-0.026507225,-0.031061701,0.013795034,0.013374301,-1.9213655
3188,2026-08-13,-0.033255246,-0.05330066,0.017257595,0.023769716,-1.9268801
1434,2026-08-13,-0.029809022,-0.0059595057,0.015239925,0.015325697,-1.9558538
6272,2026-08-13,-0.03142411,-0.091285184,0.01603753,0.01599499,-1.9592886
5312,2026-08-13,-0.025191985,-0.089573175,0.012791278,0.015809746,-1.9693118
1604,2026-08-13,-0.03521866,-0.077444606,0.017858094,0.017053595,-1.9720294
1615,2026-08-13,-0.023967389,-0.033972416,0.0121466145,0.013628955,-1.973012
5706,2026-08-13,-0.025261717,-0.06967834,0.012781384,0.016188864,-1.9762914
3260,2026-08-13,-0.0522079,-0.20830879,0.026195455,0.027060661,-1.9929374
1506,2026-08-13,-0.028769273,-0.0045750365,0.014359318,0.01273111,-2.003387
9910,2026-08-13,-0.035361182,-0.017465118,0.017637525,0.019440234,-2.0047698
8085,2026-08-13,-0.030470768,-0.061107013,0.015188511,0.018408837,-2.00604
2762,2026-08-13,-0.033117052,-0.032616477,0.01640096,0.019414343,-2.0190911
3231,2026-08-13,-0.025323352,-0.03431998,0.012537603,0.01594668,-2.019631
8076,2026-08-13,-0.034244094,-0.08417212,0.016885513,0.017155893,-2.027896
6918,2026-08-13,-0.027612094,-0.06931477,0.013602214,0.018150978,-2.0298214
1752,2026-08-13,-0.028899888,-0.05310254,0.014082546,0.013336943,-2.052032
2615,2026-08-13,-0.029545465,-0.053985428,0.014342117,0.015623186,-2.0599055
3311,2026-08-13,-0.030208124,-0.0671446,0.01457189,0.012840117,-2.0728986
1437,2026-08-13,-0.03197719,-0.009069344,0.015304028,0.015499009,-2.089326
2235,2026-08-13,-0.031681824,-0.09992859,0.015077953,0.018390842,-2.1010625
6169,2026-08-13,-0.033685412,-0.1468895,0.015999012,0.016336158,-2.1053367
2812,2026-08-13,-0.024269124,0.013297011,0.011469174,0.015250182,-2.1158462
6790,2026-08-13,-0.028639344,-0.011399688,0.013529124,0.01450483,-2.1167097
2109,2026-08-13,-0.034490902,-0.017528968,0.016247159,0.015784644,-2.1227574
6776,2026-08-13,-0.031835932,-0.046062034,0.014963144,0.016730355,-2.127481
1341,2026-08-13,-0.022061897,-0.0267652,0.010332534,0.013994696,-2.134981
2377,2026-08-13,-0.041966684,-0.056189813,0.019632777,0.022956617,-2.1374738
8033,2026-08-13,-0.051961772,-0.15491123,0.024260433,0.0254414,-2.1417437
5906,2026-08-13,-0.035265993,-0.11332773,0.016375974,0.01851496,-2.1533887
1453,2026-08-13,-0.04196993,-0.07306365,0.019469831,0.021340597,-2.1555283
1527,2026-08-13,-0.025094919,-0.0374011,0.01161011,0.010787041,-2.161285
6598,2026-08-13,-0.038913075,-0.061428558,0.017827809,0.019930767,-2.1825953
3019,2026-08-13,-0.043281436,-0.13903198,0.019805705,0.02028737,-2.1851912
8028,2026-08-13,-0.042992394,-0.085709624,0.01961461,0.022435773,-2.1917439
1535,2026-08-13,-0.02553418,-0.06486349,0.011636634,0.0133788,-2.194104
3515,2026-08-13,-0.0201649,-0.07050915,0.009187705,0.0101240575,-2.1945312
6198,2026-08-13,-0.056260508,-0.07293467,0.025480526,0.02121905,-2.207894
3360,2026-08-13,-0.04213329,-0.08674835,0.019016266,0.018383428,-2.2155282
8091,2026-08-13,-0.029347297,-0.06505224,0.013206049,0.012759023,-2.2220933
9939,2026-08-13,-0.034576442,-0.016217943,0.015522532,0.012545965,-2.2273567
3071,2026-08-13,-0.03530679,-0.11265321,0.01584203,0.015555555,-2.2285376
5007,2026-08-13,-0.030281452,-0.02306137,0.013550473,0.015886964,-2.2345505
1336,2026-08-13,-0.034281705,-0.03429754,0.015205895,0.015066119,-2.2543528
1304,2026-08-13,-0.039957207,-0.082390234,0.01772273,0.016898293,-2.2544467
8415,2026-08-13,-0.027946878,0.022350261,0.01237529,0.012425182,-2.2580981
6482,2026-08-13,-0.038897213,-0.113106705,0.0172065,0.01574539,-2.2604802
5460,2026-08-13,-0.029664358,-0.11397494,0.013116142,0.016694218,-2.2614956
6846,2026-08-13,-0.03971969,-0.10583477,0.017556256,0.020511813,-2.2622948
6835,2026-08-13,-0.025672058,-0.08496043,0.011320224,0.011866424,-2.2676044
8442,2026-08-13,-0.04797399,-0.088337265,0.021153165,0.024664909,-2.2678273
8092,2026-08-13,-0.040291116,-0.101095624,0.017734775,0.01802741,-2.2717426
2483,2026-08-13,-0.043228135,-0.10959228,0.018996006,0.021755347,-2.2755234
4729,2026-08-13,-0.030234896,-0.082744785,0.013270736,0.014840592,-2.2781417
6614,2026-08-13,-0.029555734,-0.0943583,0.012817904,0.015016698,-2.3056364
6693,2026-08-13,-0.04229073,-0.12688766,0.018256739,0.025378866,-2.316318
3085,2026-08-13,-0.029815663,-0.059390914,0.012784357,0.014342964,-2.3320165
5212,2026-08-13,-0.027911894,-0.10497796,0.011939471,0.017560598,-2.3375874
6285,2026-08-13,-0.040600054,-0.07205018,0.017362049,0.019232975,-2.3383021
3707,2026-08-13,-0.047423355,-0.14119981,0.02021691,0.020607665,-2.345611
4168,2026-08-13,-0.030345941,-0.031938247,0.012871761,0.015615859,-2.3573763
3664,2026-08-13,-0.064361595,-0.04397714,0.027237788,0.033508208,-2.3628657
6785,2026-08-13,-0.04295291,-0.13038328,0.01814762,0.017733932,-2.3667314
2387,2026-08-13,-0.03655402,-0.073799804,0.015431878,0.016501706,-2.3685808
4747,2026-08-13,-0.033935793,-0.068639845,0.014323474,0.01708172,-2.3690777
6645,2026-08-13,-0.03786684,-0.010250668,0.015949115,0.014897203,-2.3740792
1460,2026-08-13,-0.03199699,-0.013669384,0.013472996,0.015142779,-2.3747218
7738,2026-08-13,-0.040197063,-0.11323097,0.01691939,0.01721748,-2.3756583
6168,2026-08-13,-0.043304913,-0.14302209,0.018113704,0.019348895,-2.3905945
4741,2026-08-13,-0.04216669,-0.17309742,0.017534075,0.018364785,-2.4047055
1319,2026-08-13,-0.033500876,-0.044235907,0.013896661,0.015134178,-2.4105406
3265,2026-08-13,-0.04176609,-0.12148771,0.017284028,0.01946181,-2.4163158
6916,2026-08-13,-0.02498643,-0.0035176661,0.010294706,0.015415204,-2.4268787
2801,2026-08-13,-0.038877375,-0.0616998,0.016015535,0.014499866,-2.4273274
3024,2026-08-13,-0.03523152,-0.07570648,0.014499858,0.015032936,-2.4296162
5328,2026-08-13,-0.059308194,-0.13272937,0.024288163,0.023080429,-2.4417553
2328,2026-08-13,-0.040464163,-0.10601555,0.016539384,0.020910727,-2.4463859
1723,2026-08-13,-0.030760223,-0.032505352,0.012549959,0.013576409,-2.4508264
6517,2026-08-13,-0.054892413,-0.102250084,0.022096444,0.0265355,-2.4841068
8403,2026-08-13,-0.036078572,-0.09589564,0.014517051,0.018550586,-2.4850836
5604,2026-08-13,-0.032908604,-0.03451733,0.012981173,0.015383982,-2.534907
2719,2026-08-13,-0.03788979,-0.11000683,0.014942181,0.016994193,-2.5355906
2069,2026-08-13,-0.034060217,-0.042881593,0.0134183485,0.013668654,-2.5381424
3622,2026-08-13,-0.024438119,-0.073347926,0.009621389,0.015817814,-2.539714
2347,2026-08-13,-0.030908698,-0.059971288,0.012135776,0.013631106,-2.5466976
6225,2026-08-13,-0.060963787,-0.09556751,0.023830343,0.02910385,-2.5581348
8421,2026-08-13,-0.043782637,-0.0640045,0.017102411,0.021198465,-2.5598774
8271,2026-08-13,-0.05100802,-0.21872473,0.01986774,0.018607194,-2.5672498
6237,2026-08-13,-0.044849936,-0.15021303,0.01745772,0.023802081,-2.5689132
6692,2026-08-13,-0.030524123,-0.0852357,0.011879383,0.0145983575,-2.5692878
3338,2026-08-13,-0.052499875,-0.14795507,0.020415664,0.017704863,-2.5714228
1432,2026-08-13,-0.041973304,-0.121077046,0.016318105,0.022079146,-2.5720346
4162,2026-08-13,-0.050916143,-0.033168953,0.019684212,0.01565055,-2.5865173
2337,2026-08-13,-0.04058977,-0.08027951,0.015691029,0.016777884,-2.5866487
5512,2026-08-13,-0.031623807,0.0005372219,0.012194698,0.012512309,-2.5930297
3083,2026-08-13,-0.038061302,-0.07077028,0.014586909,0.018790158,-2.6090991
3498,2026-08-13,-0.065785795,-0.18622129,0.025070535,0.026870921,-2.6239238
1413,2026-08-13,-0.031422123,-0.031493027,0.01194783,0.015116393,-2.6297238
5425,2026-08-13,-0.06564792,-0.09800442,0.024935404,0.03149062,-2.632614
6209,2026-08-13,-0.061071943,-0.10764592,0.023144294,0.028448645,-2.6386333
9802,2026-08-13,-0.07240152,-0.07857334,0.027265435,0.022988845,-2.6553352
2609,2026-08-13,-0.031318855,-0.015694365,0.011767493,0.015069894,-2.661246
3252,2026-08-13,-0.030971492,-0.0379911,0.011596881,0.013672045,-2.670444
2101,2026-08-13,-0.032437667,-0.032328736,0.012072321,0.016486436,-2.6867228
6834,2026-08-13,-0.055191077,-0.114952065,0.020493297,0.027974358,-2.6929967
2536,2026-08-13,-0.078413025,-0.0042012245,0.02892736,0.025675967,-2.7105935
6129,2026-08-13,-0.052568693,-0.04777474,0.019355716,0.017698733,-2.7157857
3038,2026-08-13,-0.03835767,-0.05134773,0.014101768,0.0169356,-2.7198682
6872,2026-08-13,-0.03658613,-0.07498412,0.013440483,0.015452485,-2.7218816
3580,2026-08-13,-0.043343917,-0.17591526,0.015909445,0.01619568,-2.724243
3178,2026-08-13,-0.051184822,-0.121083215,0.018692823,0.017354297,-2.7380607
6751,2026-08-13,-0.038571462,-0.0801518,0.014064028,0.01816315,-2.7423666
2495,2026-08-13,-0.040088914,-0.10444509,0.014597038,0.018155932,-2.746185
4503,2026-08-13,-0.050425474,-0.16744024,0.018351227,0.016454304,-2.7476487
4909,2026-08-13,-0.050532613,-0.18411455,0.018347384,0.0273215,-2.7540634
4906,2026-08-13,-0.050004516,-0.16263314,0.018079093,0.021116108,-2.7657223
3313,2026-08-13,-0.05250327,-0.091641635,0.018956158,0.022766117,-2.7695749
4736,2026-08-13,-0.046339963,-0.06742852,0.016721139,0.016921625,-2.7711744
5315,2026-08-13,-0.0400431,-0.10608817,0.014351595,0.017738102,-2.7899554
6241,2026-08-13,-0.04460315,-0.012644195,0.015980966,0.019717168,-2.7908425
6754,2026-08-13,-0.048065644,-0.079580225,0.017220907,0.019048173,-2.7909594
1446,2026-08-13,-0.046185795,-0.05427772,0.016530864,0.014284845,-2.7937438
6523,2026-08-13,-0.036289882,-0.10614454,0.0129718995,0.013541706,-2.797361
6969,2026-08-13,-0.050786067,-0.1024871,0.018118372,0.022444528,-2.8028603
6592,2026-08-13,-0.034811847,-0.010396255,0.01241116,0.014027848,-2.8046565
5488,2026-08-13,-0.04125929,-0.07156842,0.014708111,0.020573828,-2.8050158
3607,2026-08-13,-0.043434378,-0.10190218,0.015458015,0.01908572,-2.809647
4702,2026-08-13,-0.036978763,-0.09377453,0.013144874,0.016614934,-2.8129559
5285,2026-08-13,-0.040906023,-0.08978726,0.014514348,0.018152675,-2.8181221
2472,2026-08-13,-0.04122539,-0.091697186,0.014607997,0.018570362,-2.8219178
3362,2026-08-13,-0.06888853,-0.13360591,0.024264503,0.02705156,-2.8389492
3051,2026-08-13,-0.054140322,-0.13814765,0.0189677,0.020853084,-2.8541925
2395,2026-08-13,-0.053321898,-0.043195162,0.018647946,0.024879213,-2.8592446
1721,2026-08-13,-0.054749534,-0.10178116,0.018968211,0.019971749,-2.8862314
8932,2026-08-13,-0.0998206,-0.31185627,0.034524992,0.049864665,-2.8911726
6967,2026-08-13,-0.04513498,-0.1434958,0.015592142,0.016557667,-2.8945403
4572,2026-08-13,-0.032623,-0.06447609,0.011260178,0.014094022,-2.8969438
6811,2026-08-13,-0.03977446,-0.06462266,0.013687565,0.014361072,-2.9056704
8042,2026-08-13,-0.048111055,-0.13074245,0.016488738,0.021351015,-2.917636
6184,2026-08-13,-0.03535405,-0.04182215,0.012095996,0.016067285,-2.9225478
3149,2026-08-13,-0.08978531,-0.11512148,0.030668143,0.037202157,-2.9275453
2371,2026-08-13,-0.061238606,-0.13907818,0.020899085,0.026960619,-2.930065
4526,2026-08-13,-0.048938893,-0.11104386,0.016625304,0.022130825,-2.943462
1439,2026-08-13,-0.040154304,-0.032791566,0.013628663,0.015518943,-2.9460967
3048,2026-08-13,-0.05530725,-0.06173438,0.018748866,0.018715298,-2.9497411
4938,2026-08-13,-0.04201633,-0.04773767,0.014237733,0.013419786,-2.9508476
6416,2026-08-13,-0.05353798,-0.090155825,0.018083332,0.020882022,-2.960462
4161,2026-08-13,-0.048832588,-0.08268339,0.016485078,0.01744539,-2.96205
5523,2026-08-13,-0.07904334,-0.09020587,0.026660934,0.031645056,-2.9646516
1565,2026-08-13,-0.037888248,-0.135901,0.012742824,0.018145664,-2.9730673
5443,2026-08-13,-0.06583697,-0.15015122,0.022077177,0.022091636,-2.9819932
4545,2026-08-13,-0.039413158,-0.02863614,0.013212121,0.013613849,-2.98288
5309,2026-08-13,-0.044880643,-0.15074119,0.015023186,0.019509688,-2.9872262
1718,2026-08-13,-0.09659771,-0.22698893,0.031902198,0.0405723,-3.027838
6615,2026-08-13,-0.055728983,-0.12838049,0.018403586,0.019172402,-3.0279944
3716,2026-08-13,-0.058387514,-0.09948409,0.019265857,0.016809026,-3.030464
2380,2026-08-13,-0.029809613,-0.13381453,0.009824362,0.016301928,-3.0339456
9934,2026-08-13,-0.053938545,-0.048884846,0.017776547,0.016120505,-3.0340824
4716,2026-08-13,-0.071494184,-0.13801683,0.023548681,0.023052432,-3.0358875
2450,2026-08-13,-0.041422177,-0.07104805,0.013629912,0.015013146,-3.038841
4178,2026-08-13,-0.049674142,-0.024387008,0.016343094,0.017364876,-3.0392716
6756,2026-08-13,-0.037587143,-0.08021693,0.012341841,0.012801945,-3.0452585
1104,2026-08-13,-0.03950556,-0.011361877,0.012956534,0.015897345,-3.0488486
6265,2026-08-13,-0.11977658,-0.16409665,0.039262682,0.04727663,-3.0505693
5351,2026-08-13,-0.047659494,-0.122177444,0.015619322,0.024466408,-3.051121
6550,2026-08-13,-0.043449927,-0.10176769,0.014210188,0.0142940665,-3.057445
9908,2026-08-13,-0.048567865,-0.008519362,0.015857227,0.018460792,-3.062629
6570,2026-08-13,-0.05503219,-0.09267971,0.017967496,0.015935836,-3.0627043
7828,2026-08-13,-0.05996035,-0.11828246,0.019541757,0.02657865,-3.0681622
1727,2026-08-13,-0.051253967,-0.14729242,0.01665963,0.020826673,-3.0763521
6248,2026-08-13,-0.047158036,-0.038285572,0.015287168,0.020069942,-3.08461
3003,2026-08-13,-0.04570171,-0.05011289,0.01480036,0.013118241,-3.0876694
6593,2026-08-13,-0.045029398,-0.15132299,0.014577795,0.016164597,-3.0886912
6438,2026-08-13,-0.04420745,-0.18465582,0.014301497,0.017701764,-3.0908904
6498,2026-08-13,-0.047382556,-0.15667002,0.015293473,0.018738328,-3.0980182
6415,2026-08-13,-0.05197047,-0.08206376,0.016512848,0.01762186,-3.147084
1467,2026-08-13,-0.039966416,-0.04823028,0.012690555,0.012364039,-3.1490557
7744,2026-08-13,-0.049298916,-0.14654517,0.0156041505,0.019883284,-3.159144
5603,2026-08-13,-0.046200406,-0.09250666,0.014572615,0.016911317,-3.1701405
3630,2026-08-13,-0.045746855,-0.06834855,0.014423987,0.018471828,-3.171362
6902,2026-08-13,-0.048275597,-0.09573294,0.015109986,0.014722075,-3.194735
1618,2026-08-13,-0.05211943,-0.06520745,0.01623366,0.017247709,-3.21038
9103,2026-08-13,-0.0521852,-0.08534726,0.01618154,0.017315924,-3.2247844
6425,2026-08-13,-0.06135702,-0.19902922,0.018943757,0.02715117,-3.2387335
9931,2026-08-13,-0.06322317,-0.07049789,0.019498246,0.020726098,-3.2423391
6111,2026-08-13,-0.055979855,-0.14220348,0.017211756,0.020231271,-3.252231
4967,2026-08-13,-0.043839805,-0.12564225,0.013476344,0.019363489,-3.252852
6171,2026-08-13,-0.07410134,-0.03198645,0.022754608,0.026572878,-3.256399
8440,2026-08-13,-0.06290462,-0.14256439,0.019311277,0.024159443,-3.2572346
3437,2026-08-13,-0.04785591,-0.1576669,0.014667353,0.014931474,-3.262528
5225,2026-08-13,-0.056546297,-0.115626454,0.017214991,0.018381836,-3.2845216
5483,2026-08-13,-0.0561645,-0.17363834,0.017042141,0.020263195,-3.2954311
6799,2026-08-13,-0.054077066,-0.14575642,0.016388617,0.019508688,-3.299471
6126,2026-08-13,-0.041972946,-0.120645665,0.012674049,0.01666059,-3.3114624
3036,2026-08-13,-0.06971805,-0.094958715,0.020978158,0.021039924,-3.3232052
6854,2026-08-13,-0.055234853,-0.15129216,0.016605237,0.020506969,-3.326151
8924,2026-08-13,-0.06862085,-0.13738857,0.020553896,0.021263381,-3.3384187
1215,2026-08-13,-0.042474978,-0.06190067,0.012667475,0.014587343,-3.352809
2643,2026-08-13,-0.05497462,-0.08260259,0.016386596,0.018519843,-3.354648
3545,2026-08-13,-0.05313856,-0.08712394,0.01583419,0.015723934,-3.3557262
2906,2026-08-13,-0.041935142,-0.06767389,0.012438157,0.0170076,-3.3712206
4554,2026-08-13,-0.032883625,-0.073881455,0.0097202035,0.016245393,-3.3826702
6925,2026-08-13,-0.05170211,-0.18118836,0.015256179,0.020856448,-3.388707
3430,2026-08-13,-0.07321312,-0.18089485,0.021526085,0.026663437,-3.400977
8443,2026-08-13,-0.05174889,-0.115667515,0.01517986,0.016628185,-3.4088244
6971,2026-08-13,-0.041935522,-0.12418214,0.012273779,0.01553286,-3.4163973
5508,2026-08-13,-0.08214235,-0.101168536,0.024004346,0.029674647,-3.421836
3229,2026-08-13,-0.060884587,-0.06963398,0.01778319,0.018422328,-3.4235234
7765,2026-08-13,-0.053183597,-0.12835787,0.0155213,0.020364145,-3.4262702
4950,2026-08-13,-0.04928709,-0.050552525,0.014358674,0.018360715,-3.4323263
2881,2026-08-13,-0.047417525,-0.038800113,0.013783664,0.014918142,-3.4398751
6195,2026-08-13,-0.039944712,-0.07764855,0.011608489,0.014749882,-3.440695
5490,2026-08-13,-0.0921974,-0.12825744,0.026765425,0.028242119,-3.444517
3540,2026-08-13,-0.03711337,-0.10918776,0.010747976,0.014870571,-3.4527352
6156,2026-08-13,-0.058738373,-0.052982755,0.016995626,0.015893428,-3.4558845
4564,2026-08-13,-0.050603133,-0.12898438,0.014635952,0.017818399,-3.457218
1323,2026-08-13,-0.054540705,-0.071495995,0.01575077,0.015183319,-3.4625127
6697,2026-08-13,-0.057137728,-0.123648964,0.01647078,0.019947762,-3.468825
6719,2026-08-13,-0.04369606,-0.12805925,0.012513801,0.014491749,-3.4915504
4560,2026-08-13,-0.05778007,-0.06516417,0.016541746,0.017497595,-3.4927738
6274,2026-08-13,-0.041894626,-0.12720838,0.011986872,0.014415083,-3.4947507
1465,2026-08-13,-0.041858695,-0.12450704,0.011969063,0.014814709,-3.4969485
8147,2026-08-13,-0.05921273,-0.18799597,0.016908472,0.022073625,-3.501749
8054,2026-08-13,-0.06265494,-0.22228076,0.017883535,0.027940167,-3.5033028
6196,2026-08-13,-0.061893687,-0.0484634,0.017657822,0.016503995,-3.5049725
3284,2026-08-13,-0.059763607,-0.039278276,0.016999481,0.017825674,-3.5154066
6158,2026-08-13,-0.048447322,-0.09793333,0.013724316,0.015512827,-3.5297782
3717,2026-08-13,-0.08693938,-0.20822366,0.0245745,0.023526264,-3.5376444
2724,2026-08-13,-0.06817298,-0.11800857,0.019216504,0.019006092,-3.5474417
6585,2026-08-13,-0.049904298,0.0003151061,0.014051318,0.01678057,-3.5513213
2236,2026-08-13,-0.05444415,-0.11890472,0.015299617,0.014383757,-3.5582974
6206,2026-08-13,-0.062978774,-0.07342304,0.01767588,0.021950182,-3.5627766
1528,2026-08-13,-0.062842146,-0.1797013,0.017616056,0.020193286,-3.5671196
5457,2026-08-13,-0.055076614,-0.078883715,0.015435407,0.020699939,-3.5679684
5903,2026-08-13,-0.04390432,-0.018494522,0.012302666,0.013532357,-3.5683932
1313,2026-08-13,-0.04642235,-0.085103035,0.013004789,0.013713748,-3.5693605
6245,2026-08-13,-0.048201926,-0.10720547,0.013490582,0.017067006,-3.5727408
3666,2026-08-13,-0.054230656,-0.09145431,0.015157734,0.017521441,-3.5775187
6122,2026-08-13,-0.061096568,-0.13310604,0.016998742,0.019879805,-3.5939703
2505,2026-08-13,-0.041479427,-0.03492158,0.011530364,0.014250181,-3.5970962
2471,2026-08-13,-0.06323771,-0.122131154,0.017508177,0.01671959,-3.6116896
6770,2026-08-13,-0.047181375,-0.09744903,0.013040521,0.014175789,-3.6177816
6861,2026-08-13,-0.06209142,-0.23746648,0.01713465,0.02238879,-3.623523
1436,2026-08-13,-0.051802,-0.038173266,0.014258116,0.018206652,-3.632904
2539,2026-08-13,-0.06553492,-0.076047294,0.018002568,0.021758087,-3.6401074
5205,2026-08-13,-0.060958456,-0.09983371,0.01663451,0.020257007,-3.6643572
8255,2026-08-13,-0.060582694,-0.104686834,0.016510846,0.017905682,-3.6690443
3294,2026-08-13,-0.07365135,-0.13037218,0.02007182,0.020247046,-3.669208
2729,2026-08-13,-0.048346717,-0.10803,0.01312283,0.017472787,-3.6838877
9902,2026-08-13,-0.07916423,-0.12236292,0.021486206,0.021505408,-3.6842496
8096,2026-08-13,-0.094186954,-0.096178286,0.0254776,0.028806921,-3.6967084
4934,2026-08-13,-0.06183338,-0.0809066,0.01672112,0.018046292,-3.6976998
2010,2026-08-13,-0.06010477,-0.045276143,0.016196776,0.020107722,-3.7106802
4406,2026-08-13,-0.04823057,-0.07621674,0.012988608,0.014727894,-3.7130117
5230,2026-08-13,-0.068691336,-0.116817445,0.018478885,0.019784657,-3.7170866
6024,2026-08-13,-0.055736788,-0.022695383,0.014988528,0.015153264,-3.718382
3673,2026-08-13,-0.049300812,-0.104614876,0.013221631,0.016078388,-3.7285175
5601,2026-08-13,-0.06516644,-0.08841746,0.017441072,0.015785225,-3.736164
2740,2026-08-13,-0.04464542,-0.114450626,0.011909559,0.013296559,-3.74839
3675,2026-08-13,-0.08441269,-0.2380246,0.022516862,0.023647267,-3.748699
4706,2026-08-13,-0.0394599,-0.047375288,0.010482087,0.013726184,-3.7641487
6477,2026-08-13,-0.06761337,-0.1383768,0.017960828,0.020034503,-3.764281
4195,2026-08-13,-0.05184184,-0.1378365,0.01374626,0.015483935,-3.7710671
6612,2026-08-13,-0.047167655,-0.056738853,0.01249332,0.012423536,-3.775128
2743,2026-08-13,-0.04122575,-0.14789586,0.010909555,0.01660626,-3.77852
2910,2026-08-13,-0.067673296,-0.095689125,0.017850295,0.022948036,-3.790946
6173,2026-08-13,-0.10220952,-0.17461056,0.026880605,0.03774774,-3.8022106
3042,2026-08-13,-0.09162607,-0.108041696,0.024033897,0.024200013,-3.8122098
7712,2026-08-13,-0.07499019,-0.15978213,0.019633709,0.02180252,-3.8192668
2751,2026-08-13,-0.06340851,-0.112256266,0.016508924,0.014590527,-3.84063
9917,2026-08-13,-0.04022573,-0.024031848,0.010413997,0.014853379,-3.862289
4106,2026-08-13,-0.054273427,-0.09853968,0.013946948,0.014864595,-3.8911407
4139,2026-08-13,-0.060376,-0.06971641,0.015507931,0.02003761,-3.8929827
1720,2026-08-13,-0.038059358,-0.035008546,0.009742381,0.010762301,-3.9061756
6144,2026-08-13,-0.055137586,-0.0567594,0.014106404,0.014811705,-3.9084146
8489,2026-08-13,-0.06614201,-0.17567752,0.01685388,0.020916361,-3.924205
1309,2026-08-13,-0.054375716,-0.17812935,0.013853451,0.019116262,-3.924783
4956,2026-08-13,-0.07693693,-0.21219094,0.01953166,0.024382502,-3.9388864
6899,2026-08-13,-0.055246692,-0.12016333,0.014014153,0.0147304125,-3.9419258
8272,2026-08-13,-0.05936129,-0.1390771,0.015005537,0.017252907,-3.9556954
1474,2026-08-13,-0.051574476,-0.10269651,0.012997719,0.016900986,-3.967658
9921,2026-08-13,-0.1270086,-0.12886879,0.03187736,0.029847743,-3.9841638
6929,2026-08-13,-0.059899084,-0.08311967,0.014921364,0.018880447,-4.0140476
3479,2026-08-13,-0.055840716,-0.119180724,0.013879963,0.020093681,-4.022827
9926,2026-08-13,-0.07166807,-0.058558155,0.017801082,0.023024805,-4.0258255
3268,2026-08-13,-0.04191999,-0.10441236,0.01040383,0.015726745,-4.0288973
5213,2026-08-13,-0.0668805,-0.090644754,0.016596992,0.018829513,-4.0294333
2007,2026-08-13,-0.04923385,-0.054240175,0.012211291,0.012840294,-4.0315
2911,2026-08-13,-0.048712466,-0.061550513,0.012075482,0.012300251,-4.0336637
4722,2026-08-13,-0.069492295,-0.14271252,0.017223608,0.02454272,-4.0344777
2438,2026-08-13,-0.06408043,-0.13530473,0.015879365,0.016467452,-4.035199
2342,2026-08-13,-0.06937818,-0.18753818,0.01718205,0.023439659,-4.037594
5013,2026-08-13,-0.066865586,-0.08318469,0.016551303,0.014178073,-4.0396547
6147,2026-08-13,-0.06771269,-0.13167211,0.016742503,0.026100766,-4.044117
5014,2026-08-13,-0.051502295,-0.0805022,0.0127181215,0.013463141,-4.049202
7786,2026-08-13,-0.07393542,-0.1259479,0.018252607,0.017265644,-4.050455
4542,2026-08-13,-0.10959446,-0.14228228,0.02705003,0.037204105,-4.051397
6505,2026-08-13,-0.08360011,-0.08400463,0.020619247,0.017789805,-4.054273
5364,2026-08-13,-0.057327922,-0.11923817,0.014092448,0.017642599,-4.0677004
6666,2026-08-13,-0.079400465,-0.0829049,0.019498738,0.016756173,-4.0718737
2362,2026-08-13,-0.07180588,0.0061934325,0.017547758,0.023323944,-4.0917926
6763,2026-08-13,-0.06805497,-0.11545496,0.016592821,0.015093637,-4.1012235
3297,2026-08-13,-0.10341763,-0.26820475,0.025203785,0.02953065,-4.103095
1735,2026-08-13,-0.055252474,-0.12487315,0.013431492,0.018276513,-4.1133447
7740,2026-08-13,-0.12412465,-0.15186971,0.030161897,0.035162058,-4.115144
1217,2026-08-13,-0.04732887,-0.035085756,0.011489226,0.013642231,-4.119055
3713,2026-08-13,-0.055215415,-0.068070345,0.013401382,0.014475516,-4.119821
3052,2026-08-13,-0.08606909,-0.10170242,0.020826286,0.02686408,-4.132516
6284,2026-08-13,-0.07338109,-0.1380419,0.017677477,0.021947168,-4.1508718
1541,2026-08-13,-0.049145155,-0.071605064,0.011791966,0.016216036,-4.167328
5471,2026-08-13,-0.05734793,-0.15139417,0.013757179,0.013976749,-4.168279
1232,2026-08-13,-0.04647018,-0.024461973,0.011126267,0.0133950375,-4.176244
6465,2026-08-13,-0.07233318,-0.09194221,0.017310224,0.017668163,-4.1783977
3325,2026-08-13,-0.058752894,-0.08680145,0.014046033,0.017272802,-4.182584
6279,2026-08-13,-0.052160922,-0.10065626,0.012459849,0.01141253,-4.1859846
4192,2026-08-13,-0.05348517,-0.14623483,0.012741421,0.0149835255,-4.19741
2006,2026-08-13,-0.09144556,-0.042310525,0.021777198,0.023646588,-4.19895
3027,2026-08-13,-0.046660833,-0.057485837,0.011109495,0.011644554,-4.199708
1612,2026-08-13,-0.08452633,-0.1086628,0.020014593,0.022314284,-4.223024
8349,2026-08-13,-0.05394798,-0.04992159,0.012719792,0.013360501,-4.240929
6270,2026-08-13,-0.084689975,-0.09610453,0.019963454,0.019313345,-4.242038
2227,2026-08-13,-0.06299886,-0.056428608,0.014815382,0.014326614,-4.251973
3523,2026-08-13,-0.0809373,-0.06908205,0.018990245,0.02043362,-4.2618217
6662,2026-08-13,-0.054863803,-0.15161638,0.012859719,0.016832227,-4.265998
2597,2026-08-13,-0.08722267,-0.09124649,0.020423545,0.022992268,-4.270483
6901,2026-08-13,-0.10698094,-0.15394506,0.024995452,0.031518217,-4.279845
5011,2026-08-13,-0.06267394,-0.07208733,0.01449871,0.017685162,-4.3224273
3646,2026-08-13,-0.058329232,-0.11035285,0.013493127,0.014063447,-4.322564
6642,2026-08-13,-0.07426807,-0.11585979,0.01717711,0.017901687,-4.3234134
1423,2026-08-13,-0.058353893,-0.09762958,0.013480015,0.014972834,-4.328598
2923,2026-08-13,-0.10486837,-0.09684467,0.024186837,0.020161506,-4.3355827
4590,2026-08-13,-0.070391186,-0.071989425,0.016218334,0.016205367,-4.3399553
4763,2026-08-13,-0.08455971,-0.1577864,0.019464074,0.023569241,-4.3441763
2029,2026-08-13,-0.052887574,-0.05861238,0.012162589,0.015676627,-4.348024
4557,2026-08-13,-0.07165358,-0.09629997,0.016475314,0.017885113,-4.348884
3693,2026-08-13,-0.08745878,-0.18494865,0.020084769,0.026236854,-4.354266
2903,2026-08-13,-0.0579682,-0.010840641,0.013308509,0.015547334,-4.355397
2374,2026-08-13,-0.06780993,-0.11793055,0.015556213,0.020902384,-4.358745
6461,2026-08-13,-0.062337372,-0.08132499,0.01428821,0.017222203,-4.3625484
6203,2026-08-13,-0.06535004,-0.14373134,0.014969848,0.015980044,-4.365153
6153,2026-08-13,-0.079032645,-0.14448954,0.018021302,0.021280073,-4.385269
6961,2026-08-13,-0.050169453,-0.09105229,0.011392227,0.012652473,-4.4034452
6449,2026-08-13,-0.060944878,-0.102961436,0.01380063,0.016096259,-4.415774
8929,2026-08-13,-0.07848716,-0.17550443,0.017742952,0.021675458,-4.423319
4420,2026-08-13,-0.07145847,-0.13843837,0.016152266,0.015120662,-4.423778
6185,2026-08-13,-0.040907193,-0.098063186,0.009242012,0.013815069,-4.4257426
2015,2026-08-13,-0.054074693,-0.00090026134,0.01214452,0.015519139,-4.452234
2849,2026-08-13,-0.057979863,-0.004945999,0.012996558,0.009868538,-4.4608274
6596,2026-08-13,-0.080177054,-0.108454295,0.017956467,0.018900758,-4.464831
3168,2026-08-13,-0.057656933,-0.13042827,0.012912124,0.018230049,-4.464987
2636,2026-08-13,-0.060713053,-0.071052715,0.013596154,0.017584678,-4.4651294
8043,2026-08-13,-0.08850379,-0.12752944,0.019779008,0.027555674,-4.4744062
2023,2026-08-13,-0.04762371,-0.044688974,0.010634771,0.012137817,-4.477692
2020,2026-08-13,-0.045606446,-0.06322213,0.010172062,0.016361274,-4.48306
3090,2026-08-13,-0.0852506,-0.13720721,0.018897487,0.024477897,-4.510975
6641,2026-08-13,-0.048083,-0.09013381,0.010602172,0.015045641,-4.534775
4930,2026-08-13,-0.06710963,-0.13437627,0.014795616,0.022284543,-4.5354714
4190,2026-08-13,-0.10881469,-0.14738663,0.023988858,0.021610532,-4.535862
1813,2026-08-13,-0.06983826,-0.14486942,0.015342396,0.021700358,-4.5516825
1475,2026-08-13,-0.055495746,-0.066228345,0.012182048,0.011604449,-4.555161
8183,2026-08-13,-0.058872778,-0.10788701,0.012918848,0.0144965835,-4.5567703
1444,2026-08-13,-0.06386474,-0.011679727,0.013990375,0.015729675,-4.564579
5211,2026-08-13,-0.06473681,-0.19460504,0.014175656,0.016038086,-4.5664372
5607,2026-08-13,-0.04882995,-0.027594035,0.010688294,0.0124641815,-4.5681176
2466,2026-08-13,-0.082911044,-0.1527968,0.018135263,0.022109183,-4.571562
2607,2026-08-13,-0.06658461,-0.046534088,0.014530099,0.014734984,-4.5822144
6698,2026-08-13,-0.052721746,-0.10315852,0.011475783,0.011035875,-4.593774
8107,2026-08-13,-0.06837085,-0.098708645,0.014857084,0.018427707,-4.6015925
8080,2026-08-13,-0.05806736,-0.02172265,0.012602165,0.014526975,-4.607363
2641,2026-08-13,-0.06454525,-0.09128175,0.013996331,0.015356091,-4.611254
1441,2026-08-13,-0.068702035,-0.16225229,0.014897493,0.015732905,-4.611341
3057,2026-08-13,-0.0832465,-0.2034991,0.018050577,0.023374764,-4.6115913
8182,2026-08-13,-0.05425114,-0.12429404,0.011739879,0.015288898,-4.620705
3128,2026-08-13,-0.07160021,-0.1489839,0.015484016,0.0214858,-4.6238384
8279,2026-08-13,-0.07029894,-0.115941085,0.0151949115,0.02205691,-4.6261744
8068,2026-08-13,-0.05241816,-0.14225054,0.011327002,0.017099394,-4.6273084
2034,2026-08-13,-0.071572766,-0.053140003,0.015465678,0.013928118,-4.6275463
7811,2026-08-13,-0.06475396,-0.11408545,0.013990379,0.014042792,-4.6281323
6423,2026-08-13,-0.10604547,-0.24797805,0.022880878,0.026744489,-4.634474
4148,2026-08-13,-0.10851683,-0.13615373,0.023411185,0.018320601,-4.635058
3041,2026-08-13,-0.073842146,-0.14979593,0.015893238,0.02189064,-4.6458435
9937,2026-08-13,-0.10011285,-0.066202365,0.021542586,0.022032132,-4.646991
6637,2026-08-13,-0.07062732,-0.10349938,0.015167974,0.016528578,-4.656038
6174,2026-08-13,-0.11826156,-0.1876338,0.025388245,0.024581645,-4.6579394
8066,2026-08-13,-0.06541333,-0.13844167,0.014031136,0.014779659,-4.66168
4538,2026-08-13,-0.08046057,-0.12735777,0.0172531,0.020564105,-4.6632724
2492,2026-08-13,-0.11233077,-0.22120999,0.0240771,0.033308644,-4.665267
1457,2026-08-13,-0.0681356,-0.09341338,0.014561643,0.016802398,-4.6787934
3558,2026-08-13,-0.08171834,-0.110737905,0.01745933,0.017098507,-4.680229
2072,2026-08-13,-0.065306574,-0.16152208,0.013933503,0.011470362,-4.6866813
7402,2026-08-13,-0.07749012,-0.1388933,0.016521182,0.023959732,-4.690066
6728,2026-08-13,-0.063752756,-0.12469309,0.013589372,0.015019301,-4.6910233
8072,2026-08-13,-0.08540357,-0.2024302,0.018184612,0.020424375,-4.6962166
7810,2026-08-13,-0.07630877,-0.22252795,0.016230423,0.022999274,-4.7012987
4907,2026-08-13,-0.07551565,-0.10367371,0.016058736,0.017128967,-4.7021728
5201,2026-08-13,-0.05250925,-0.11805677,0.011128469,0.015746806,-4.718037
1597,2026-08-13,-0.102904685,-0.15634963,0.021765824,0.023981204,-4.727593
6530,2026-08-13,-0.16527203,-0.30402386,0.03495414,0.03276851,-4.728118
3026,2026-08-13,-0.0855717,-0.086370915,0.01808896,0.020937737,-4.7303424
1314,2026-08-13,-0.076158814,-0.115041666,0.016087368,0.020152822,-4.7337813
1417,2026-08-13,-0.07117789,-0.14961897,0.0150331715,0.01478301,-4.7344074
5287,2026-08-13,-0.06501878,-0.1102654,0.013730194,0.012507268,-4.7351146
9105,2026-08-13,-0.09523991,-0.19965433,0.02010418,0.030304965,-4.7370834
1305,2026-08-13,-0.100292906,-0.17802724,0.021151204,0.022824112,-4.7414875
2705,2026-08-13,-0.054658238,-0.08080554,0.011525516,0.012065466,-4.741956
1473,2026-08-13,-0.0463358,-0.06418165,0.009765446,0.0108158775,-4.744387
1231,2026-08-13,-0.05898179,-0.11332683,0.012426967,0.015396036,-4.745892
2465,2026-08-13,-0.16085549,-0.17451093,0.033866376,0.036926784,-4.749571
2397,2026-08-13,-0.085436024,-0.11514643,0.0179551,0.02203753,-4.75805
3701,2026-08-13,-0.08430878,-0.19758245,0.01767701,0.020745298,-4.769133
3434,2026-08-13,-0.06994878,-0.115739584,0.014663187,0.016471382,-4.7700415
1109,2026-08-13,-0.0695935,-0.067089364,0.014553113,0.015420428,-4.7817063
4806,2026-08-13,-0.095894895,-0.09478656,0.020038601,0.02058138,-4.7852697
3625,2026-08-13,-0.07822926,-0.07675893,0.01632982,0.015129966,-4.790284
4121,2026-08-13,-0.059619155,-0.09001366,0.012437392,0.016848072,-4.793156
6205,2026-08-13,-0.09990783,-0.21230602,0.020812804,0.030883484,-4.8000755
9930,2026-08-13,-0.06768465,-0.09085502,0.014056786,0.018651292,-4.8147445
6752,2026-08-13,-0.07718324,-0.18697383,0.015989168,0.017468486,-4.8269186
3287,2026-08-13,-0.088015,-0.1545314,0.018212942,0.020730643,-4.832287
2061,2026-08-13,-0.13166697,-0.24648573,0.027098238,0.026678301,-4.8586965
9928,2026-08-13,-0.06120268,-0.057532288,0.012584908,0.012787046,-4.862794
2065,2026-08-13,-0.06194461,-0.07025071,0.012730621,0.015971035,-4.865414
1470,2026-08-13,-0.068060204,-0.09383963,0.013980875,0.015081464,-4.867745
4714,2026-08-13,-0.101259135,-0.1940856,0.020799156,0.021117909,-4.868191
2646,2026-08-13,-0.07893622,-0.022503726,0.016196713,0.018708425,-4.873294
4927,2026-08-13,-0.1348989,-0.35049874,0.027539965,0.031789403,-4.898118
4175,2026-08-13,-0.081368364,-0.1936144,0.016601723,0.013721438,-4.9009047
2436,2026-08-13,-0.13835713,-0.2083916,0.02819777,0.03728104,-4.9064956
6282,2026-08-13,-0.07043899,-0.13920143,0.014354717,0.016783422,-4.9066854
2511,2026-08-13,-0.0966567,-0.065928005,0.019594789,0.026318284,-4.932524
5515,2026-08-13,-0.08004628,-0.04981235,0.016220603,0.014385676,-4.934548
4129,2026-08-13,-0.067583166,-0.1015286,0.013686155,0.01511683,-4.9377074
5519,2026-08-13,-0.0574994,-0.08343145,0.011635438,0.0150558315,-4.9413233
6955,2026-08-13,-0.050849725,-0.12241034,0.010286621,0.011573568,-4.9428067
3310,2026-08-13,-0.06608074,-0.09099887,0.0133642,0.017009513,-4.944239
6869,2026-08-13,-0.085184336,-0.13839395,0.017222388,0.023671372,-4.9458523
5538,2026-08-13,-0.059174202,-0.057273276,0.011885568,0.01364445,-4.9782414
4903,2026-08-13,-0.13553892,-0.22491856,0.027204908,0.027990632,-4.9819665
3373,2026-08-13,-0.06540962,-0.120088205,0.013090034,0.018840775,-4.9965205
5245,2026-08-13,-0.07002349,-0.09245397,0.0140074715,0.013475469,-4.9986534
1614,2026-08-13,-0.0668763,-0.07937597,0.013373485,0.01233311,-5.00029
4728,2026-08-13,-0.055873055,-0.059419256,0.011171955,0.012483219,-5.000741
4949,2026-08-13,-0.07022033,-0.22880101,0.014036826,0.023446623,-5.0022225
6958,2026-08-13,-0.04733565,-0.036650322,0.009449629,0.015913,-5.00873
6533,2026-08-13,-0.09731967,-0.1986505,0.01942758,0.03022784,-5.009098
8074,2026-08-13,-0.09851039,-0.26481387,0.019350791,0.027742669,-5.090505
3576,2026-08-13,-0.077838294,-0.10018761,0.015276939,0.018131219,-5.094816
3093,2026-08-13,-0.08570116,-0.17128716,0.016819937,0.019239333,-5.0949097
1521,2026-08-13,-0.05694902,-0.046334364,0.011160308,0.011143357,-5.1023607
4569,2026-08-13,-0.077861905,-0.11866387,0.015246601,0.01588297,-5.106502
8047,2026-08-13,-0.07379541,-0.15509313,0.014377465,0.013323377,-5.1323566
1702,2026-08-13,-0.085109554,-0.07897039,0.016551476,0.017436797,-5.141802
2489,2026-08-13,-0.111111134,-0.1321611,0.021576934,0.025041565,-5.1492944
1587,2026-08-13,-0.06645425,-0.1113777,0.012903273,0.016576378,-5.149786
2704,2026-08-13,-0.074093364,-0.028962303,0.014383419,0.013274178,-5.1509457
7842,2026-08-13,-0.0940334,-0.18083824,0.018226992,0.020731509,-5.1587358
2201,2026-08-13,-0.06444529,-0.031819187,0.012480599,0.014875324,-5.1632237
7721,2026-08-13,-0.08343351,-0.15882498,0.016116353,0.023662196,-5.176626
2601,2026-08-13,-0.09655933,-0.047692142,0.018624699,0.017317533,-5.184199
4563,2026-08-13,-0.09792357,-0.17944647,0.018789943,0.022121524,-5.2112107
1442,2026-08-13,-0.10412834,-0.04326617,0.019947596,0.019093484,-5.219833
8906,2026-08-13,-0.09490967,-0.12013936,0.01816306,0.018062854,-5.225135
1603,2026-08-13,-0.100320086,-0.089838594,0.019118452,0.021527281,-5.2470164
9938,2026-08-13,-0.06905384,-0.12756655,0.013159372,0.018890552,-5.247104
7795,2026-08-13,-0.089616075,-0.16916302,0.017076598,0.0201268,-5.2475805
2363,2026-08-13,-0.112605855,-0.123467796,0.02142975,0.026434893,-5.254406
2024,2026-08-13,-0.06925337,-0.049064044,0.013174335,0.014447083,-5.256289
1233,2026-08-13,-0.07365431,-0.08344146,0.013991404,0.015206482,-5.263878
8121,2026-08-13,-0.08533363,-0.1309164,0.016191287,0.016519332,-5.270017
9914,2026-08-13,-0.13858448,-0.10836944,0.026189601,0.0250504,-5.2913823
2545,2026-08-13,-0.075738735,-0.09880725,0.014311769,0.016987618,-5.29169
6233,2026-08-13,-0.1180853,-0.18706268,0.022253025,0.027542017,-5.3062444
4555,2026-08-13,-0.09689029,-0.118644364,0.018234968,0.017408416,-5.3131423
1560,2026-08-13,-0.11507414,-0.09168275,0.021656819,0.017821925,-5.313284
5244,2026-08-13,-0.09203655,-0.15048414,0.017282913,0.017933493,-5.3249836
3032,2026-08-13,-0.08389379,-0.16421767,0.015753089,0.016338415,-5.325207
2108,2026-08-13,-0.10134304,-0.08500128,0.018969353,0.01829256,-5.34218
3046,2026-08-13,-0.06869574,-0.11738857,0.012853599,0.01566838,-5.344059
6720,2026-08-13,-0.09180091,-0.21252728,0.017153807,0.023416955,-5.351323
8249,2026-08-13,-0.08607657,-0.16851005,0.016060911,0.01900974,-5.3590493
1532,2026-08-13,-0.084640354,-0.07096521,0.015777655,0.01730232,-5.364231
4905,2026-08-13,-0.077022,-0.15304089,0.014339225,0.015247792,-5.371045
6485,2026-08-13,-0.1055328,-0.22809324,0.019628624,0.028759591,-5.376201
3706,2026-08-13,-0.072824955,-0.07715687,0.013540977,0.015822573,-5.3777194
3040,2026-08-13,-0.10080943,-0.17347679,0.018717438,0.021977594,-5.3855686
6796,2026-08-13,-0.10135086,-0.12804972,0.018777149,0.021946257,-5.3972764
6791,2026-08-13,-0.07306897,-0.20137598,0.013494899,0.021234015,-5.414161
6909,2026-08-13,-0.103755556,-0.20643266,0.01915898,0.021201095,-5.4152226
3489,2026-08-13,-0.14237025,-0.16729873,0.02626344,0.026715484,-5.4206467
3015,2026-08-13,-0.060138464,-0.060575757,0.011015114,0.0142266555,-5.4591355
4919,2026-08-13,-0.13637924,-0.2562725,0.02494593,0.034522012,-5.4667745
1598,2026-08-13,-0.079047665,-0.12362162,0.014431519,0.0170292,-5.477052
1599,2026-08-13,-0.096092634,-0.17936341,0.017537361,0.01763391,-5.478997
6865,2026-08-13,-0.10514715,-0.20560135,0.019184593,0.02227611,-5.4805264
1582,2026-08-13,-0.104802735,-0.2064242,0.019088605,0.025897413,-5.4900417
4989,2026-08-13,-0.086796075,-0.20180807,0.01566997,0.02598396,-5.538654
3296,2026-08-13,-0.08289117,-0.06532059,0.014950159,0.015499177,-5.5441303
2454,2026-08-13,-0.064894125,-0.09533896,0.011661349,0.014304198,-5.5644126
2723,2026-08-13,-0.06807802,-0.0509806,0.0122212805,0.012123864,-5.569993
6843,2026-08-13,-0.079141,-0.1787839,0.014201196,0.0174414,-5.572448
6841,2026-08-13,-0.07328294,-0.11445618,0.0131277405,0.0181991,-5.5818715
1809,2026-08-13,-0.1166875,-0.1968647,0.020871887,0.027336761,-5.590386
9935,2026-08-13,-0.06780184,-0.060757533,0.012120448,0.0119253555,-5.593543
7730,2026-08-13,-0.099396214,-0.14844786,0.01774377,0.01992381,-5.601437
2528,2026-08-13,-0.11170804,-0.09316074,0.019931631,0.021123962,-5.6042795
3550,2026-08-13,-0.108425096,-0.21035253,0.01927787,0.021242514,-5.6240377
3138,2026-08-13,-0.13058124,-0.33710453,0.02317047,0.027068635,-5.6354322
9907,2026-08-13,-0.077868246,-0.059527516,0.013723069,0.017006578,-5.6738453
1294,2026-08-13,-0.06526282,-0.112375215,0.011493931,0.01718753,-5.6775303
1524,2026-08-13,-0.10233101,-0.16490477,0.017946022,0.018713098,-5.701838
6597,2026-08-13,-0.09646069,-0.11010863,0.016856587,0.01555095,-5.7220936
8342,2026-08-13,-0.08833543,-0.13946502,0.0154025685,0.01677023,-5.734738
6655,2026-08-13,-0.08525601,-0.14712688,0.014864941,0.014183043,-5.734989
2630,2026-08-13,-0.08266703,-0.14038675,0.014412833,0.015072113,-5.735256
2365,2026-08-13,-0.11320953,-0.21966724,0.019699287,0.02620664,-5.746593
8463,2026-08-13,-0.07756195,-0.104667634,0.01349521,0.016263993,-5.7469435
8045,2026-08-13,-0.10513882,-0.2113018,0.018282864,0.022640523,-5.750361
8429,2026-08-13,-0.075024225,-0.08041077,0.0130283665,0.013985956,-5.7580867
2028,2026-08-13,-0.077352606,-0.057929657,0.013428742,0.015025811,-5.759798
8462,2026-08-13,-0.092956975,-0.09091267,0.016137563,0.01880222,-5.7599287
4577,2026-08-13,-0.119539104,-0.23446444,0.020657811,0.027820226,-5.7863493
8933,2026-08-13,-0.081744365,-0.1187215,0.014106168,0.014406687,-5.7945266
5432,2026-08-13,-0.15293191,-0.2836476,0.026352834,0.019991105,-5.8030233
8426,2026-08-13,-0.09223286,-0.14306644,0.01588028,0.017976455,-5.8076468
4576,2026-08-13,-0.10395203,-0.13308366,0.017887102,0.02307382,-5.8112383
3591,2026-08-13,-0.10434354,-0.23029251,0.017918771,0.019564167,-5.8228164
6616,2026-08-13,-0.10794244,-0.11354463,0.018477527,0.017372174,-5.8415065
9918,2026-08-13,-0.108047746,-0.09995695,0.018482057,0.020772146,-5.8457723
6658,2026-08-13,-0.11408644,-0.22315861,0.01949568,0.023886519,-5.8515825
2409,2026-08-13,-0.10227,-0.20894673,0.017407706,0.023526184,-5.8746467
1234,2026-08-13,-0.06694416,-0.058035478,0.011368389,0.013228302,-5.888105
6508,2026-08-13,-0.094496585,-0.110683076,0.016040672,0.01734487,-5.890694
6742,2026-08-13,-0.07943913,-0.07821299,0.013477264,0.01155637,-5.89387
3308,2026-08-13,-0.09589152,-0.1749443,0.01626443,0.0199051,-5.8954186
1447,2026-08-13,-0.11755929,-0.07101808,0.019893682,0.021651153,-5.9090815
8227,2026-08-13,-0.10495232,-0.27865356,0.017738776,0.023136921,-5.9162145
2905,2026-08-13,-0.0755147,-0.08052953,0.012735769,0.013353667,-5.9288735
3466,2026-08-13,-0.13996217,-0.27804026,0.02357192,0.031106884,-5.937413
2103,2026-08-13,-0.117310844,-0.12505841,0.019741565,0.024091916,-5.9420266
4523,2026-08-13,-0.096989855,-0.13537273,0.016271535,0.021280458,-5.9603405
3663,2026-08-13,-0.085800745,-0.17259926,0.014386269,0.016822712,-5.9636574
6558,2026-08-13,-0.0952503,-0.17797454,0.015967712,0.021287758,-5.964808
8411,2026-08-13,-0.07939875,-0.08097207,0.013286694,0.0136427665,-5.9753594
1308,2026-08-13,-0.11091558,-0.14795777,0.01853499,0.018948175,-5.9837956
2540,2026-08-13,-0.09585392,-0.083796166,0.015981833,0.014900402,-5.9973044
6197,2026-08-13,-0.09734762,-0.11145345,0.016216407,0.013100308,-6.002662
6220,2026-08-13,-0.08473945,-0.13906844,0.014094086,0.017513726,-6.011985
6671,2026-08-13,-0.10472169,-0.14004482,0.017387958,0.013864844,-6.0223093
8234,2026-08-13,-0.08741717,-0.14584646,0.014484083,0.021190621,-6.034979
3266,2026-08-13,-0.06824769,-0.06483304,0.011307656,0.014836666,-6.0349956
7770,2026-08-13,-0.111611396,-0.18639027,0.018492505,0.022855736,-6.035167
6191,2026-08-13,-0.07356223,-0.14609022,0.012187572,0.017789353,-6.035344
8215,2026-08-13,-0.091277316,-0.1394969,0.015075764,0.01733737,-6.0541716
4541,2026-08-13,-0.078863464,-0.13327248,0.012995725,0.022870664,-6.0679493
6922,2026-08-13,-0.09848109,-0.17179137,0.016175915,0.0173149,-6.0877547
4131,2026-08-13,-0.11521602,-0.1858806,0.018915225,0.023627484,-6.0908566
6741,2026-08-13,-0.0821342,-0.0951534,0.013476766,0.016790973,-6.094052
1108,2026-08-13,-0.0929197,-0.087456256,0.015238761,0.0154511705,-6.0971885
3147,2026-08-13,-0.20544212,-0.29481813,0.033598766,0.040850535,-6.114392
6923,2026-08-13,-0.08069253,-0.152858,0.01315592,0.012342723,-6.133086
3206,2026-08-13,-0.1007069,-0.17031392,0.016418794,0.023935549,-6.1332617
5302,2026-08-13,-0.11203302,-0.11529452,0.018235445,0.019539194,-6.143358
6582,2026-08-13,-0.09727086,-0.036799766,0.01581579,0.014104701,-6.149848
1201,2026-08-13,-0.0916263,-0.069760844,0.014887872,0.013536784,-6.154012
3094,2026-08-13,-0.07790796,-0.17164017,0.012650906,0.020755012,-6.157804
3004,2026-08-13,-0.11844952,-0.16283137,0.019234389,0.021201238,-6.1578956
2722,2026-08-13,-0.08964791,-0.12487069,0.014539781,0.01797954,-6.1652746
6005,2026-08-13,-0.091758266,-0.058449883,0.014864761,0.012427076,-6.1724563
6405,2026-08-13,-0.10274159,-0.25687885,0.016576642,0.02737852,-6.1976
3687,2026-08-13,-0.068461806,-0.10413224,0.011025938,0.013421859,-6.2085958
6414,2026-08-13,-0.120236374,-0.15989624,0.019346265,0.023531193,-6.2146444
3438,2026-08-13,-0.13105705,-0.2287572,0.02107375,0.022234032,-6.2186766
3013,2026-08-13,-0.110284105,-0.24622996,0.017714756,0.021372363,-6.2251987
7732,2026-08-13,-0.0705845,-0.106005095,0.011328387,0.012491922,-6.230213
3537,2026-08-13,-0.13288526,-0.18521032,0.021314498,0.02534905,-6.2342086
3714,2026-08-13,-0.10064932,-0.13608101,0.01613108,0.020083826,-6.2390785
6224,2026-08-13,-0.10651306,-0.20163655,0.017051434,0.020655736,-6.2462087
4155,2026-08-13,-0.070415184,-0.07552322,0.011188351,0.014326083,-6.2930536
2460,2026-08-13,-0.066180415,-0.10015006,0.010500981,0.014353976,-6.3017077
8011,2026-08-13,-0.1281961,-0.19756137,0.020329623,0.019950861,-6.3055673
1219,2026-08-13,-0.0875219,-0.1272174,0.013865611,0.020053769,-6.3117013
2348,2026-08-13,-0.10544198,-0.102591135,0.016654126,0.016137784,-6.3309026
4442,2026-08-13,-0.1331461,-0.19362466,0.021026868,0.025272636,-6.3318877
2754,2026-08-13,-0.07754142,-0.08813027,0.012239067,0.016708173,-6.3350487
3623,2026-08-13,-0.09122067,-0.19824468,0.014388981,0.022347553,-6.339179
6792,2026-08-13,-0.105448365,-0.15073983,0.016604392,0.0204245,-6.3502483
2302,2026-08-13,-0.118734635,-0.15012477,0.018685823,0.023856385,-6.353923
4402,2026-08-13,-0.079639025,-0.09326985,0.0125291245,0.014684683,-6.3558044
3006,2026-08-13,-0.11216559,-0.2423008,0.017644532,0.0190891,-6.3566003
3114,2026-08-13,-0.10469929,-0.14126053,0.016450634,0.018078893,-6.364066
1416,2026-08-13,-0.07456032,-0.08417047,0.011694826,0.014797591,-6.3749514
6215,2026-08-13,-0.11875198,-0.23535718,0.018622149,0.024391487,-6.376579
8482,2026-08-13,-0.07074043,-0.051425856,0.011081117,0.014125307,-6.3832955
6576,2026-08-13,-0.119095996,-0.1248695,0.018647166,0.020361133,-6.386472
4943,2026-08-13,-0.09003422,-0.14046873,0.014089114,0.016995925,-6.3898854
2546,2026-08-13,-0.09115176,-0.08175879,0.014262488,0.017061504,-6.390566
2062,2026-08-13,-0.07995751,-0.09185945,0.012503676,0.017436432,-6.3942084
7631,2026-08-13,-0.084235445,-0.14833857,0.013155464,0.019695632,-6.40259
2457,2026-08-13,-0.08353922,-0.1528003,0.013004089,0.017439729,-6.423579
8040,2026-08-13,-0.0966598,-0.21164376,0.015007065,0.021385506,-6.440524
8931,2026-08-13,-0.12648323,-0.13934408,0.01960631,0.022697128,-6.45082
8084,2026-08-13,-0.20300518,-0.22504099,0.031431325,0.028506013,-6.4584846
1623,2026-08-13,-0.084556,-0.16902323,0.013056723,0.014108734,-6.4755545
1569,2026-08-13,-0.12758842,-0.24881996,0.019701418,0.022725334,-6.475775
3504,2026-08-13,-0.10606446,-0.20024185,0.01635412,0.017336866,-6.485092
2106,2026-08-13,-0.09508562,-0.043702655,0.014612143,0.01456342,-6.506856
6651,2026-08-13,-0.09741361,-0.16454498,0.014964297,0.018949177,-6.5092998
4968,2026-08-13,-0.10801625,-0.24888133,0.016569452,0.017046986,-6.518606
7788,2026-08-13,-0.12729956,-0.17240562,0.019485801,0.019430937,-6.532604
1312,2026-08-13,-0.11216192,-0.21177109,0.017146498,0.020362005,-6.541008
1338,2026-08-13,-0.08119146,-0.11047773,0.012372306,0.013501545,-6.5618243
2008,2026-08-13,-0.08221872,-0.0646489,0.012516519,0.011658737,-6.568292
4935,2026-08-13,-0.087114505,-0.10379083,0.013261806,0.014724298,-6.5683312
7642,2026-08-13,-0.086743526,-0.09483072,0.01319304,0.016224122,-6.5744476
3388,2026-08-13,-0.124282435,-0.21879339,0.018854054,0.020679304,-6.5914655
2321,2026-08-13,-0.10153978,-0.15706089,0.015355457,0.018123275,-6.6121883
1459,2026-08-13,-0.05664559,-0.09925599,0.008548027,0.01065779,-6.6259694
2477,2026-08-13,-0.12217517,-0.18280421,0.018402824,0.0166043,-6.638575
2208,2026-08-13,-0.07439383,-0.10354392,0.011183463,0.014955814,-6.6515336
6953,2026-08-13,-0.1316867,-0.2512165,0.019783812,0.025283817,-6.655949
3043,2026-08-13,-0.09175034,-0.21285114,0.013765123,0.017451132,-6.6649365
3056,2026-08-13,-0.09344055,-0.094154865,0.0139907375,0.013933866,-6.678266
6578,2026-08-13,-0.102783404,-0.13199387,0.015388172,0.016929714,-6.678943
9940,2026-08-13,-0.08079302,-0.047269717,0.012088373,0.013124338,-6.6829786
8916,2026-08-13,-0.08797994,-0.09826555,0.013146471,0.018167228,-6.6917768
1742,2026-08-13,-0.15767042,-0.20892999,0.023544913,0.024640998,-6.6962967
3219,2026-08-13,-0.12355283,-0.23360036,0.01839801,0.019611921,-6.715189
5292,2026-08-13,-0.11713084,-0.19424543,0.017441314,0.018966114,-6.715327
6469,2026-08-13,-0.116374895,-0.17405218,0.017291663,0.016966386,-6.7297263
6875,2026-08-13,-0.083631195,-0.09511666,0.012421911,0.011537849,-6.7320127
6230,2026-08-13,-0.13340464,-0.15909399,0.019761443,0.019588608,-6.7504125
3552,2026-08-13,-0.08955793,-0.15198551,0.013240548,0.013737434,-6.7634034
4739,2026-08-13,-0.12610184,-0.30081013,0.018622335,0.025086634,-6.7711735
3511,2026-08-13,-0.096439295,-0.13025536,0.014222005,0.017466743,-6.7805142
6629,2026-08-13,-0.11715681,-0.12504011,0.01727075,0.020088695,-6.783147
3226,2026-08-13,-0.108893,-0.14321284,0.016050778,0.019686157,-6.783859
8478,2026-08-13,-0.09930483,-0.13238147,0.01463135,0.017281754,-6.7866635
7818,2026-08-13,-0.09666467,-0.1389761,0.014240133,0.015130295,-6.787709
3073,2026-08-13,-0.08892295,-0.14860739,0.013094653,0.019531814,-6.790264
2461,2026-08-13,-0.10551875,-0.14331834,0.0155244265,0.02003783,-6.796512
3205,2026-08-13,-0.08901004,-0.129735,0.0130122285,0.013852538,-6.839966
2392,2026-08-13,-0.11285262,-0.13262624,0.01649624,0.019720268,-6.8406973
2376,2026-08-13,-0.07784176,-0.1064558,0.011353129,0.015513763,-6.8558106
5465,2026-08-13,-0.106177054,-0.13985603,0.01545746,0.018598532,-6.8685403
5392,2026-08-13,-0.15272155,-0.19820794,0.022229316,0.027614718,-6.869968
6201,2026-08-13,-0.09633553,-0.15601179,0.014021006,0.020709496,-6.87031
2070,2026-08-13,-0.1161412,-0.17658702,0.016899532,0.016662681,-6.872044
4735,2026-08-13,-0.08499115,-0.09667592,0.012354872,0.014800531,-6.8786035
6620,2026-08-13,-0.112561546,-0.11834617,0.01631462,0.017735597,-6.899005
1732,2026-08-13,-0.08843674,-0.1394997,0.012790096,0.015594289,-6.9139295
2642,2026-08-13,-0.0980273,-0.16116096,0.014160772,0.016796678,-6.9219656
2228,2026-08-13,-0.09808458,-0.14082365,0.014148897,0.017662162,-6.931823
3444,2026-08-13,-0.1558451,-0.26780477,0.022456022,0.027066702,-6.939705
1466,2026-08-13,-0.10654465,-0.1617625,0.015345483,0.020075705,-6.9426103
2939,2026-08-13,-0.107345276,-0.15397792,0.015441057,0.01662958,-6.951488
2613,2026-08-13,-0.13033956,-0.17330901,0.018717028,0.020662954,-6.963317
3060,2026-08-13,-0.12982704,-0.21256696,0.018643018,0.020199675,-6.9634686
5222,2026-08-13,-0.15732087,-0.24143243,0.022552438,0.026190843,-6.975472
1463,2026-08-13,-0.093612835,-0.09107876,0.013371038,0.014268197,-7.0006404
6218,2026-08-13,-0.13633704,-0.26256496,0.019436263,0.022902759,-7.0142097
3312,2026-08-13,-0.13785483,-0.20996484,0.019568678,0.021434646,-7.044307
3029,2026-08-13,-0.10183284,-0.122537054,0.014452292,0.0163314,-7.04565
3230,2026-08-13,-0.09714413,-0.09325919,0.013764253,0.016980706,-7.0571985
5426,2026-08-13,-0.17830004,-0.17774174,0.025228688,0.020770894,-7.0670724
1725,2026-08-13,-0.15551703,-0.16986059,0.021919312,0.02358214,-7.0946536
2491,2026-08-13,-0.153538,-0.17731662,0.021626242,0.026879411,-7.0992875
3447,2026-08-13,-0.1197786,-0.17851292,0.016786365,0.019122051,-7.135045
3025,2026-08-13,-0.14996035,-0.24010779,0.020995075,0.026454398,-7.142304
6462,2026-08-13,-0.13449675,-0.24542567,0.01881465,0.028647836,-7.148132
6418,2026-08-13,-0.095672324,-0.18222259,0.013359001,0.017440047,-7.1611013
6516,2026-08-13,-0.098306194,-0.1563691,0.013724434,0.019159283,-7.1623373
3055,2026-08-13,-0.11275032,-0.18735433,0.015707513,0.022051351,-7.177657
8488,2026-08-13,-0.11604877,-0.11751238,0.016164048,0.017539289,-7.178993
5202,2026-08-13,-0.14557931,-0.21641235,0.020079844,0.020427627,-7.249661
6695,2026-08-13,-0.14069039,-0.20196299,0.01932918,0.017058186,-7.2782764
6488,2026-08-13,-0.12324754,-0.19373156,0.016915621,0.01767959,-7.2855883
2064,2026-08-13,-0.089667685,-0.095529,0.012303607,0.013965368,-7.2873263
6931,2026-08-13,-0.15041676,-0.17703253,0.02062915,0.022275062,-7.291113
6538,2026-08-13,-0.17883854,-0.2607084,0.024524529,0.02660762,-7.291934
6829,2026-08-13,-0.13194773,-0.19754025,0.018093241,0.023489695,-7.2922497
6804,2026-08-13,-0.09908789,-0.09822251,0.013570065,0.014453862,-7.3014083
7799,2026-08-13,-0.1945576,-0.25446045,0.02658694,0.02379081,-7.317513
3684,2026-08-13,-0.10286617,-0.19380474,0.014034128,0.02061241,-7.3291936
4198,2026-08-13,-0.105146565,-0.12985896,0.014297836,0.015512534,-7.3535047
3346,2026-08-13,-0.1455684,-0.13849954,0.019786697,0.02264436,-7.3565106
5306,2026-08-13,-0.09323473,-0.07070113,0.012653167,0.014660148,-7.367907
6116,2026-08-13,-0.15978947,-0.27665454,0.02162131,0.021920616,-7.390028
4426,2026-08-13,-0.106613286,-0.135024,0.014412901,0.015877308,-7.3965597
8937,2026-08-13,-0.23474954,-0.32978877,0.031735636,0.042252053,-7.3968
6150,2026-08-13,-0.112141855,-0.20414414,0.015151866,0.019561315,-7.4007025
6492,2026-08-13,-0.09222476,-0.13849618,0.012426323,0.012536588,-7.4211283
1225,2026-08-13,-0.12838121,-0.19400994,0.017294575,0.016629122,-7.4227777
4413,2026-08-13,-0.18735895,-0.21690933,0.025208645,0.02586611,-7.4320345
2611,2026-08-13,-0.1362491,-0.14467223,0.018313516,0.016354576,-7.4394045
4923,2026-08-13,-0.14582066,-0.15287215,0.01956825,0.019697607,-7.4515204
3339,2026-08-13,-0.16334502,-0.26921347,0.021919265,0.022631884,-7.4517813
6761,2026-08-13,-0.12937208,-0.22942457,0.017286556,0.025081804,-7.4835377
4109,2026-08-13,-0.09101991,-0.14243124,0.012155447,0.016011659,-7.4873776
1504,2026-08-13,-0.097476594,-0.1848891,0.01298956,0.017800765,-7.5036483
6441,2026-08-13,-0.19289328,-0.283305,0.025682816,0.026516184,-7.5103045
6913,2026-08-13,-0.118511304,-0.20128384,0.015694894,0.015733963,-7.550465
4976,2026-08-13,-0.16891266,-0.27492374,0.022340996,0.023717504,-7.560321
6163,2026-08-13,-0.13831863,-0.32833412,0.018271115,0.027027475,-7.56993
2756,2026-08-13,-0.121722676,-0.18554719,0.01607676,0.01836328,-7.5708723
1227,2026-08-13,-0.070961,-0.028856294,0.009362168,0.014639152,-7.578738
1443,2026-08-13,-0.119179204,-0.13596708,0.01571109,0.015848918,-7.5851912
8436,2026-08-13,-0.13507958,-0.14692323,0.017788367,0.020357609,-7.593276
6118,2026-08-13,-0.101266466,-0.15396796,0.013306511,0.014232625,-7.6097226
1785,2026-08-13,-0.22812858,-0.34715876,0.029937414,0.035528183,-7.6199284
6108,2026-08-13,-0.1934831,-0.21621174,0.025357967,0.027416423,-7.6297703
6624,2026-08-13,-0.13972658,-0.23423967,0.018305263,0.024310846,-7.63272
7584,2026-08-13,-0.12410501,-0.19479768,0.016253725,0.017651768,-7.635011
6275,2026-08-13,-0.13489155,-0.251066,0.01766389,0.018358672,-7.6361384
6499,2026-08-13,-0.13669272,-0.24113096,0.017796163,0.022281364,-7.6805906
6588,2026-08-13,-0.23704927,-0.35587266,0.030811837,0.0317951,-7.693198
8089,2026-08-13,-0.2074202,-0.23189735,0.026931357,0.024952482,-7.7015243
1449,2026-08-13,-0.12817267,-0.16339794,0.016617622,0.018150983,-7.7125926
8431,2026-08-13,-0.16813469,-0.30917364,0.021758636,0.027213667,-7.726907
3628,2026-08-13,-0.11533876,-0.2094423,0.014878453,0.015927289,-7.7515454
2516,2026-08-13,-0.13328812,-0.11340022,0.017169196,0.01640431,-7.76276
8222,2026-08-13,-0.1503223,-0.23593588,0.019349456,0.021179609,-7.768411
1464,2026-08-13,-0.065297656,-0.07401289,0.008395052,0.0103028985,-7.777186
6496,2026-08-13,-0.12611422,-0.22399311,0.016192878,0.01765375,-7.787771
6167,2026-08-13,-0.121684775,-0.19252832,0.015623297,0.025084777,-7.788176
2038,2026-08-13,-0.104178414,-0.15020765,0.013365321,0.014425701,-7.794098
8908,2026-08-13,-0.137925,-0.13685252,0.017668555,0.022616802,-7.8057995
4164,2026-08-13,-0.11086796,-0.104923956,0.014177983,0.018248389,-7.8191757
8473,2026-08-13,-0.12796478,-0.10071332,0.01631893,0.017447772,-7.8410125
3652,2026-08-13,-0.16431755,-0.19479421,0.020939313,0.02083305,-7.846948
1584,2026-08-13,-0.092267685,-0.13225849,0.011726309,0.016021296,-7.867763
6113,2026-08-13,-0.10468044,-0.15132245,0.013264205,0.019246368,-7.8913546
2451,2026-08-13,-0.21254669,-0.32849655,0.026918385,0.028376017,-7.895674
3416,2026-08-13,-0.117633946,-0.14293003,0.014891465,0.01711867,-7.89889
1530,2026-08-13,-0.11638214,-0.12362783,0.014717053,0.018093588,-7.907441
8099,2026-08-13,-0.10451274,-0.18399388,0.0131464815,0.01659774,-7.9492593
8438,2026-08-13,-0.17911723,-0.30308837,0.022467691,0.023505839,-7.9718585
7722,2026-08-13,-0.11070417,-0.14766183,0.013861556,0.01592634,-7.9858413
3018,2026-08-13,-0.16056915,-0.16159411,0.020085355,0.020544322,-7.9939413
3685,2026-08-13,-0.15039878,-0.16311105,0.018794602,0.022226023,-8.001807
3548,2026-08-13,-0.16457218,-0.27167276,0.020562576,0.025760818,-8.003091
8112,2026-08-13,-0.15975371,-0.14901409,0.019953724,0.022326918,-8.005809
1789,2026-08-13,-0.1259784,-0.09870569,0.015727451,0.014106553,-8.009586
5227,2026-08-13,-0.12730213,-0.20880575,0.01584475,0.024738103,-8.033834
8467,2026-08-13,-0.16013232,-0.21372104,0.019918049,0.02135508,-8.039155
4533,2026-08-13,-0.11042108,-0.1961381,0.013713068,0.0137613835,-8.051664
2035,2026-08-13,-0.1196022,-0.14151555,0.014848036,0.015339854,-8.0545435
6426,2026-08-13,-0.1585092,-0.33563882,0.019677466,0.028484177,-8.054956
4160,2026-08-13,-0.1366629,-0.27127567,0.016955383,0.022389406,-8.059672
2359,2026-08-13,-0.14616607,-0.12030346,0.018064959,0.015416199,-8.09069
3141,2026-08-13,-0.08546929,-0.16859747,0.010555728,0.017799787,-8.096191
4994,2026-08-13,-0.11242512,-0.17009784,0.013851179,0.017753776,-8.11606
5498,2026-08-13,-0.13662893,-0.24201497,0.01677599,0.01482818,-8.143828
6204,2026-08-13,-0.16062805,-0.18608278,0.019679211,0.025084894,-8.161907
4540,2026-08-13,-0.13828786,-0.21259902,0.016932819,0.019983832,-8.166371
6446,2026-08-13,-0.13385138,-0.1451451,0.016366897,0.022699034,-8.177677
4912,2026-08-13,-0.095938,-0.15669097,0.011705392,0.014403752,-8.195352
3322,2026-08-13,-0.16646077,-0.23275505,0.020284474,0.02194339,-8.20591
4430,2026-08-13,-0.11399385,-0.19560261,0.013848571,0.016953813,-8.230858
6431,2026-08-13,-0.09781275,-0.09421705,0.011856572,0.014927223,-8.248969
6221,2026-08-13,-0.12284333,-0.1490642,0.014886138,0.015619723,-8.251642
6733,2026-08-13,-0.098369956,-0.1364419,0.011893685,0.018554373,-8.270077
6716,2026-08-13,-0.14055087,-0.24666013,0.016970871,0.02189836,-8.281401
6807,2026-08-13,-0.09315529,-0.09513868,0.01123136,0.017189667,-8.293474
3323,2026-08-13,-0.18766214,-0.28876624,0.022558311,0.024698382,-8.318611
2901,2026-08-13,-0.105505556,-0.15531531,0.012647979,0.013434439,-8.341033
4530,2026-08-13,-0.12317181,-0.18378356,0.014738265,0.020319898,-8.356712
6753,2026-08-13,-0.094966985,-0.21374346,0.011348902,0.01871896,-8.367208
1710,2026-08-13,-0.15295365,-0.2177551,0.018215124,0.021025538,-8.396608
6712,2026-08-13,-0.12467547,-0.13404576,0.014832579,0.012073567,-8.404948
6840,2026-08-13,-0.15636677,-0.22252764,0.0185737,0.023143118,-8.418266
6689,2026-08-13,-0.1296675,-0.21540171,0.015388424,0.021423921,-8.425755
2538,2026-08-13,-0.100989245,-0.1294453,0.011973329,0.018761875,-8.433812
6890,2026-08-13,-0.106633425,-0.11880497,0.012637158,0.015293591,-8.437418
7709,2026-08-13,-0.11369419,-0.19554415,0.013472408,0.017243762,-8.438414
8905,2026-08-13,-0.14927435,-0.1590204,0.01768303,0.02053559,-8.4411955
2331,2026-08-13,-0.14952415,-0.20424217,0.01770317,0.01861611,-8.445703
1529,2026-08-13,-0.18774654,-0.27737856,0.022217115,0.029935988,-8.450156
6166,2026-08-13,-0.13868675,-0.1689965,0.016409822,0.017763244,-8.4509325
6112,2026-08-13,-0.13695957,-0.16880612,0.016202968,0.018174438,-8.452224
2614,2026-08-13,-0.16635892,-0.23742707,0.019663535,0.023098592,-8.459845
1321,2026-08-13,-0.13340718,-0.15083979,0.01569138,0.013710359,-8.501399
3441,2026-08-13,-0.24036737,-0.32967675,0.028258447,0.032365303,-8.505735
2913,2026-08-13,-0.11313701,-0.14076617,0.013288188,0.0150894625,-8.513463
6591,2026-08-13,-0.15422866,-0.22467616,0.018061867,0.022945141,-8.538437
6101,2026-08-13,-0.15706012,-0.26168212,0.018389096,0.021801792,-8.540473
5530,2026-08-13,-0.116256885,-0.0799022,0.013606734,0.01695026,-8.543442
1796,2026-08-13,-0.166421,-0.22715174,0.019461893,0.02360764,-8.550681
1568,2026-08-13,-0.16645826,-0.20290804,0.019442063,0.022869349,-8.561319
1337,2026-08-13,-0.1225496,-0.15140553,0.014310037,0.018428292,-8.5632925
4137,2026-08-13,-0.093613796,-0.08689494,0.010927493,0.012523307,-8.56603
2929,2026-08-13,-0.10185076,-0.10183643,0.0118784765,0.016271701,-8.573674
2514,2026-08-13,-0.11875065,-0.15350732,0.0137819415,0.015447719,-8.615769
9955,2026-08-13,-0.15982136,-0.252027,0.018540725,0.017768562,-8.619552
8110,2026-08-13,-0.14710951,-0.23245189,0.016981455,0.030775059,-8.66244
6292,2026-08-13,-0.16009761,-0.18587065,0.01847972,0.024441026,-8.662953
6957,2026-08-13,-0.17402172,-0.12812518,0.020016184,0.018298332,-8.693616
3520,2026-08-13,-0.12884256,-0.16792805,0.014809575,0.020322662,-8.699363
5468,2026-08-13,-0.1338595,-0.1446258,0.015365464,0.020660568,-8.711145
3379,2026-08-13,-0.18181585,-0.29722145,0.020843275,0.020130593,-8.72258
8171,2026-08-13,-0.17158458,-0.24417897,0.019661034,0.01863792,-8.726695
1236,2026-08-13,-0.14727996,-0.2051931,0.016867667,0.019182,-8.730978
2476,2026-08-13,-0.2469292,-0.4830999,0.02822258,0.038037263,-8.749039
2258,2026-08-13,-0.13049458,-0.11556791,0.014912503,0.013199468,-8.750095
5450,2026-08-13,-0.12754752,-0.15462026,0.014559316,0.014058745,-8.759941
2543,2026-08-13,-0.12321851,-0.17492746,0.014055141,0.018302176,-8.766169
3501,2026-08-13,-0.122242436,-0.16062346,0.01393001,0.01781326,-8.774844
8404,2026-08-13,-0.1371431,-0.13954963,0.015590611,0.01833189,-8.795955
5278,2026-08-13,-0.11880877,-0.12512663,0.013488525,0.01456556,-8.807484
5531,2026-08-13,-0.10619009,-0.10794688,0.01205469,0.013197792,-8.808296
6617,2026-08-13,-0.1486451,-0.17710848,0.016867083,0.017086938,-8.812211
2241,2026-08-13,-0.16599582,-0.20658623,0.018806297,0.017645268,-8.8261385
1440,2026-08-13,-0.10997162,-0.10851086,0.012435787,0.01292495,-8.842445
4571,2026-08-13,-0.14581142,-0.17731562,0.016462216,0.017545909,-8.8568
1203,2026-08-13,-0.118024334,-0.10903057,0.01330666,0.014010547,-8.868902
4419,2026-08-13,-0.11774621,-0.14083585,0.013269347,0.014566524,-8.872881
4556,2026-08-13,-0.19671647,-0.22432464,0.022159126,0.026330482,-8.877047
6243,2026-08-13,-0.15835638,-0.27898917,0.017795404,0.025055023,-8.898223
2312,2026-08-13,-0.13714473,-0.25652316,0.015404996,0.020778252,-8.902036
7819,2026-08-13,-0.15130311,-0.22836229,0.01698277,0.024682032,-8.908689
8917,2026-08-13,-0.15687345,-0.14716834,0.017600406,0.02062956,-8.912552
4303,2026-08-13,-0.20776857,-0.26834297,0.023289539,0.026137538,-8.920729
1455,2026-08-13,-0.15415017,-0.16608986,0.017252408,0.018460559,-8.934477
2417,2026-08-13,-0.20618337,-0.26066917,0.022998834,0.023291888,-8.96456
3049,2026-08-13,-0.13106377,-0.1998573,0.014592265,0.021557571,-8.981113
8071,2026-08-13,-0.2348052,-0.2112942,0.026141243,0.026958719,-8.981831
2014,2026-08-13,-0.13561209,-0.120668784,0.015078001,0.0167418,-8.99344
2405,2026-08-13,-0.11173744,-0.12538305,0.0124107385,0.013983195,-9.002562
8454,2026-08-13,-0.1408707,-0.14111449,0.015622912,0.021068266,-9.016353
3609,2026-08-13,-0.17697687,-0.22405602,0.019605381,0.022740515,-9.026493
1454,2026-08-13,-0.108289935,-0.15878738,0.011982845,0.016957747,-9.036326
3224,2026-08-13,-0.10861131,-0.20973581,0.011999846,0.017093977,-9.050303
2364,2026-08-13,-0.13899875,-0.18592152,0.015352318,0.020356752,-9.053336
6569,2026-08-13,-0.12883091,-0.1706123,0.0140458485,0.012918404,-9.171516
7547,2026-08-13,-0.10078524,-0.19415092,0.010909567,0.016274214,-9.237397
1259,2026-08-13,-0.14009728,-0.17425211,0.01516112,0.01625973,-9.239953
2231,2026-08-13,-0.13639626,-0.21572475,0.01475661,0.021646868,-9.242435
6934,2026-08-13,-0.15433125,-0.19351153,0.016645515,0.019596048,-9.271085
3631,2026-08-13,-0.14446825,-0.16764961,0.015555947,0.022076188,-9.286413
2530,2026-08-13,-0.14532185,-0.15366827,0.015644372,0.01519261,-9.288487
1310,2026-08-13,-0.19120418,-0.267075,0.02056674,0.024834199,-9.296314
2104,2026-08-13,-0.21071328,-0.23777968,0.02264322,0.024015054,-9.305389
6965,2026-08-13,-0.14444965,-0.14221866,0.015455684,0.018646779,-9.345449
7736,2026-08-13,-0.098718785,-0.12518981,0.010548579,0.01223614,-9.357604
1909,2026-08-13,-0.16891488,-0.10672843,0.018041234,0.021318393,-9.362193
5474,2026-08-13,-0.16438363,-0.25704432,0.017433785,0.024355792,-9.428487
5381,2026-08-13,-0.17442872,-0.29782936,0.018497162,0.021054875,-9.429516
2031,2026-08-13,-0.19518667,-0.14676446,0.020664474,0.0243585,-9.445062
6532,2026-08-13,-0.23052482,-0.35216394,0.024387073,0.03786921,-9.452359
4911,2026-08-13,-0.11308718,-0.18052782,0.011950657,0.019580916,-9.46205
6952,2026-08-13,-0.12260162,-0.15353297,0.0129495915,0.017646126,-9.466874
8162,2026-08-13,-0.14302285,-0.21809702,0.015105438,0.019527504,-9.467675
1717,2026-08-13,-0.15992047,-0.18026617,0.016862718,0.020644188,-9.4831085
6743,2026-08-13,-0.27891245,-0.28132063,0.029383883,0.027051369,-9.491698
5283,2026-08-13,-0.16224489,-0.19107132,0.017060652,0.021077188,-9.50933
9136,2026-08-13,-0.17002518,-0.21328205,0.017867433,0.0211786,-9.515394
7820,2026-08-13,-0.12971042,-0.20498276,0.013621775,0.018327639,-9.521585
4746,2026-08-13,-0.13920084,-0.19046627,0.014608618,0.016590912,-9.528027
2468,2026-08-13,-0.1218802,-0.17911483,0.012673949,0.013249397,-9.615833
7714,2026-08-13,-0.19748348,-0.25048637,0.020463893,0.023388917,-9.649866
4562,2026-08-13,-0.22609353,-0.34677222,0.0234128,0.024350861,-9.656422
2009,2026-08-13,-0.18478186,-0.18438317,0.019064397,0.01740478,-9.692002
7703,2026-08-13,-0.1177132,-0.2652276,0.012124007,0.017911568,-9.7083
2616,2026-08-13,-0.1492951,-0.16755578,0.015318837,0.016710043,-9.745214
4438,2026-08-13,-0.13557832,-0.15042362,0.013900625,0.015376411,-9.752696
2524,2026-08-13,-0.12636717,-0.10031818,0.012952587,0.014347573,-9.755381
6794,2026-08-13,-0.13870935,-0.18498078,0.014189027,0.017176716,-9.775129
3047,2026-08-13,-0.12991159,-0.17456406,0.013269699,0.0127123585,-9.789355
3564,2026-08-13,-0.17548509,-0.21115865,0.01783123,0.01792645,-9.840894
6152,2026-08-13,-0.15464231,-0.19432071,0.015712585,0.017523643,-9.841313
2032,2026-08-13,-0.16337451,-0.2052428,0.016596751,0.014668729,-9.843171
6906,2026-08-13,-0.13483664,-0.16692899,0.013688171,0.01794475,-9.849876
6823,2026-08-13,-0.16926076,-0.2857134,0.017159104,0.019116113,-9.86362
4113,2026-08-13,-0.14690486,-0.13721304,0.014830168,0.014375622,-9.905144
6546,2026-08-13,-0.22387807,-0.3205759,0.022563376,0.031996205,-9.921749
2254,2026-08-13,-0.16715558,-0.18932171,0.01682472,0.019860534,-9.934527
2250,2026-08-13,-0.16263658,-0.23581883,0.016311135,0.02027694,-9.970282
2049,2026-08-13,-0.15950355,-0.14813595,0.015980665,0.016995685,-9.980409
2221,2026-08-13,-0.14079536,-0.18606262,0.014099523,0.020682445,-9.985116
1235,2026-08-13,-0.19761947,-0.22431797,0.019687224,0.020497404,-10.037445
2413,2026-08-13,-0.17266673,-0.25485152,0.017145138,0.018530855,-10.070298
5481,2026-08-13,-0.14788653,-0.17913409,0.014651717,0.0161507,-10.092772
6919,2026-08-13,-0.19941767,-0.19356592,0.019737575,0.02226795,-10.1029415
9919,2026-08-13,-0.1638171,-0.20221132,0.016210405,0.021196933,-10.105052
2030,2026-08-13,-0.17829463,-0.18505962,0.01761227,0.022116615,-10.122745
3521,2026-08-13,-0.15066878,-0.20535244,0.014876375,0.018619811,-10.127377
1525,2026-08-13,-0.14459231,-0.16680425,0.014221368,0.0153202675,-10.166542
5291,2026-08-13,-0.2237778,-0.40297595,0.022006147,0.030339893,-10.168415
6294,2026-08-13,-0.19657256,-0.26559508,0.019316575,0.01961971,-10.17584
3066,2026-08-13,-0.23694465,-0.25206074,0.023265403,0.024878109,-10.183983
1325,2026-08-13,-0.106133014,-0.17055693,0.010402393,0.010100635,-10.201769
6649,2026-08-13,-0.16376282,-0.19111507,0.01603708,0.017705796,-10.210875
4127,2026-08-13,-0.25249794,-0.22868118,0.024689637,0.025308019,-10.226465
4174,2026-08-13,-0.21507041,-0.29730684,0.020956546,0.025800772,-10.262195
7780,2026-08-13,-0.10452887,-0.0940684,0.010176823,0.012240183,-10.270258
3594,2026-08-13,-0.18187259,-0.2470813,0.017696053,0.021828802,-10.2769985
3092,2026-08-13,-0.15433003,-0.233798,0.015016009,0.018871972,-10.277015
1409,2026-08-13,-0.21134974,-0.26007718,0.020530306,0.025716463,-10.2940235
8374,2026-08-13,-0.21072298,-0.28598028,0.020434435,0.022811573,-10.311646
4166,2026-08-13,-0.13601516,-0.1064951,0.013175802,0.014894892,-10.322319
1563,2026-08-13,-0.2194388,-0.22541396,0.02124405,0.023236725,-10.3289385
2230,2026-08-13,-0.22377992,-0.2833266,0.021655794,0.023723152,-10.333012
3669,2026-08-13,-0.1440745,-0.19826192,0.013923962,0.016606098,-10.346492
1295,2026-08-13,-0.1268727,-0.21930835,0.012175208,0.018929288,-10.419722
4549,2026-08-13,-0.21550657,-0.27747673,0.020670144,0.020463154,-10.425479
1736,2026-08-13,-0.22512874,-0.22048353,0.021552252,0.022200622,-10.445233
6130,2026-08-13,-0.19539902,-0.27706012,0.018634217,0.026933359,-10.485471
1616,2026-08-13,-0.14912444,-0.1929014,0.014173082,0.020243809,-10.520924
2239,2026-08-13,-0.17562033,-0.1951139,0.01668987,0.017759675,-10.521939
4743,2026-08-13,-0.15353292,-0.23271115,0.014556006,0.019804142,-10.547012
8354,2026-08-13,-0.20961936,-0.23516533,0.019794844,0.014786478,-10.589059
6937,2026-08-13,-0.20647328,-0.262344,0.019495852,0.024237096,-10.590082
3543,2026-08-13,-0.26322004,-0.31490877,0.024798451,0.02500454,-10.613946
5258,2026-08-13,-0.14282723,-0.20651107,0.013364011,0.018138153,-10.686652
1517,2026-08-13,-0.15851806,-0.16553484,0.014820771,0.014654728,-10.694947
4142,2026-08-13,-0.19787298,-0.23421234,0.018458065,0.014966389,-10.719556
1903,2026-08-13,-0.16020009,-0.12670721,0.014774815,0.013840817,-10.842048
7792,2026-08-13,-0.18291244,-0.28100586,0.016860018,0.023430422,-10.848245
4128,2026-08-13,-0.1800003,-0.20306085,0.016580677,0.01821807,-10.855374
3712,2026-08-13,-0.28803298,-0.30861604,0.026524074,0.025475584,-10.858894
3002,2026-08-13,-0.12735167,-0.17554674,0.0117020095,0.01850891,-10.881959
1904,2026-08-13,-0.16460043,-0.08891778,0.015124559,0.016345523,-10.882271
1414,2026-08-13,-0.23668154,-0.24118368,0.021740582,0.019642781,-10.886123
4157,2026-08-13,-0.12470501,-0.18539044,0.011401834,0.015871989,-10.9363165
1526,2026-08-13,-0.20836748,-0.25108156,0.018887991,0.023848567,-11.031159
6657,2026-08-13,-0.18162762,-0.23907487,0.016404005,0.019779304,-11.071476
4171,2026-08-13,-0.12583669,-0.14563602,0.011329557,0.013673876,-11.105958
1410,2026-08-13,-0.22822055,-0.31171626,0.020429181,0.023947611,-11.170755
1786,2026-08-13,-0.18846245,-0.26034492,0.016704617,0.019460903,-11.281382
6762,2026-08-13,-0.12200379,-0.12290207,0.010809406,0.012046621,-11.285773
6928,2026-08-13,-0.16681656,-0.17152767,0.014707957,0.017127445,-11.341155
3176,2026-08-13,-0.18389484,-0.17615834,0.016099613,0.018550735,-11.421605
1522,2026-08-13,-0.18484025,-0.19230776,0.016179081,0.014240531,-11.423938
6589,2026-08-13,-0.2324308,-0.24877259,0.02024346,0.017640812,-11.481205
1435,2026-08-13,-0.23192018,-0.19912672,0.020180035,0.0283081,-11.491986
5263,2026-08-13,-0.14552777,-0.17513612,0.012561289,0.013453418,-11.584495
2012,2026-08-13,-0.15446301,-0.12566997,0.013301607,0.015686745,-11.611484
4163,2026-08-13,-0.19879526,-0.19953153,0.017047834,0.022051029,-11.660343
5487,2026-08-13,-0.1640803,-0.24289615,0.014029504,0.016725594,-11.694541
1905,2026-08-13,-0.17501587,-0.17592257,0.014953858,0.020288035,-11.702944
1316,2026-08-13,-0.24063784,-0.3106958,0.020537276,0.034704264,-11.716555
8472,2026-08-13,-0.14272474,-0.15313175,0.012174261,0.013787688,-11.72252
4119,2026-08-13,-0.24460182,-0.21561095,0.020762056,0.018276691,-11.780626
1605,2026-08-13,-0.18524307,-0.2219587,0.015637565,0.018053839,-11.845272
6133,2026-08-13,-0.26642132,-0.30985802,0.02242293,0.029928388,-11.881116
6432,2026-08-13,-0.2486544,-0.2563217,0.020822039,0.029267108,-11.941312
4566,2026-08-13,-0.18851325,-0.22708105,0.015718086,0.01788973,-11.992635
2022,2026-08-13,-0.19192526,-0.2557247,0.015908277,0.025989352,-12.063732
1110,2026-08-13,-0.16012435,-0.13440578,0.013170443,0.013977605,-12.156933
5907,2026-08-13,-0.20148008,-0.21633412,0.016527101,0.0182459,-12.190152
6541,2026-08-13,-0.18442608,-0.17588308,0.015091433,0.018279621,-12.219771
6603,2026-08-13,-0.2450384,-0.3114321,0.019909002,0.02113083,-12.3073015
4726,2026-08-13,-0.1477299,-0.17313242,0.011930865,0.015932178,-12.381124
8927,2026-08-13,-0.18395032,-0.13516761,0.014813603,0.018260641,-12.416824
1784,2026-08-13,-0.18020026,-0.2696895,0.014411979,0.017076777,-12.502638
6933,2026-08-13,-0.23768464,-0.34786874,0.018968534,0.02073207,-12.529809
4561,2026-08-13,-0.21479164,-0.2876241,0.01704161,0.020994486,-12.603212
3234,2026-08-13,-0.20758946,-0.2701673,0.016451282,0.016974784,-12.617669
6668,2026-08-13,-0.16700259,-0.18393841,0.013224292,0.015714092,-12.627517
2033,2026-08-13,-0.2618404,-0.2750863,0.020646166,0.022577511,-12.681663
6148,2026-08-13,-0.20384216,-0.30444896,0.01603801,0.02034384,-12.709148
4441,2026-08-13,-0.09746596,-0.14752516,0.0076613673,0.010850876,-12.720085
5521,2026-08-13,-0.21693984,-0.261925,0.016925516,0.019634852,-12.816567
1595,2026-08-13,-0.20786788,-0.32522756,0.016210575,0.020330928,-12.822189
4147,2026-08-13,-0.24141169,-0.29958427,0.018798195,0.017207645,-12.841597
4414,2026-08-13,-0.19847733,-0.18400246,0.015354639,0.0194268,-12.92537
2102,2026-08-13,-0.150886,-0.12551442,0.011660596,0.014446339,-12.938708
5321,2026-08-13,-0.28306454,-0.28520313,0.021683725,0.024915468,-13.0536375
1583,2026-08-13,-0.1391115,-0.14832129,0.010320513,0.010492751,-13.477821
7777,2026-08-13,-0.37442258,-0.3799149,0.027591582,0.033035,-13.569682
1799,2026-08-13,-0.19127141,-0.25168997,0.013968619,0.016222725,-13.6919565
8044,2026-08-13,-0.1693885,-0.15631959,0.012197114,0.017150784,-13.886451
4737,2026-08-13,-0.18782702,-0.17359804,0.013241411,0.016408535,-14.183747
2017,2026-08-13,-0.2034161,-0.22534567,0.014253577,0.015804537,-14.270229
1456,2026-08-13,-0.1611323,-0.20856875,0.011273617,0.019636612,-14.291599
6870,2026-08-13,-0.28083768,-0.27667442,0.019016957,0.021604663,-14.766974
5608,2026-08-13,-0.18736696,-0.22515862,0.012211821,0.011575865,-15.341825
6141,2026-08-13,-0.27715996,-0.24805012,0.017794479,0.0230354,-15.57474
6504,2026-08-13,-0.19835918,-0.23769382,0.012711272,0.016036352,-15.603755
1536,2026-08-13,-0.19883658,-0.28533408,0.012618013,0.017128572,-15.756905
4510,2026-08-13,-0.24839646,-0.38075903,0.015449449,0.019597458,-16.076973
