stock_id,Date,Score_20d,Score_60d,Unc_20d,Unc_60d,SQ_20d
3293,2026-08-21,0.25330183,0.26015076,0.016362704,0.014740361,15.479491
1268,2026-08-21,0.16094078,0.087253615,0.011144763,0.010209194,14.439638
3014,2026-08-21,0.21221142,0.16650756,0.015467657,0.019540558,13.718801
1777,2026-08-21,0.14633617,0.12194068,0.010827939,0.018266868,13.513435
6789,2026-08-21,0.20043749,0.22333635,0.014867542,0.018785182,13.480641
2459,2026-08-21,0.13095224,0.102637134,0.009829432,0.009934285,13.321107
3030,2026-08-21,0.25191373,0.16173713,0.019413948,0.021809597,12.975245
3596,2026-08-21,0.17971401,0.14720364,0.014118505,0.013430612,12.728067
6982,2026-08-21,0.15465145,0.13424653,0.012674523,0.018947834,12.200794
3592,2026-08-21,0.21395949,0.13065845,0.018083313,0.01516083,11.83122
3593,2026-08-21,0.21278873,0.07089317,0.019160382,0.02324134,11.1050825
1539,2026-08-21,0.11151318,0.11672772,0.010059473,0.011440395,11.084288
6229,2026-08-21,0.19669802,0.16790493,0.017959848,0.019857911,10.9514885
2474,2026-08-21,0.12660044,0.13509227,0.011559661,0.013358853,10.95097
5234,2026-08-21,0.12849806,0.07761971,0.01182176,0.012720503,10.868703
1519,2026-08-21,0.15858358,0.2108159,0.014879536,0.016216323,10.657115
6121,2026-08-21,0.13553575,0.12342993,0.012791339,0.014489185,10.595071
3086,2026-08-21,0.15337148,0.15413158,0.014478405,0.018510817,10.592388
8383,2026-08-21,0.19796105,0.13792667,0.018790508,0.024914084,10.534601
2486,2026-08-21,0.29359254,0.23019317,0.028377831,0.02671188,10.345477
0061,2026-08-21,0.17455848,0.18674001,0.016996931,0.020735038,10.269395
6988,2026-08-21,0.12200565,0.10716891,0.012116255,0.014563768,10.068752
3227,2026-08-21,0.16524848,0.073005944,0.016560048,0.018129814,9.978142
6227,2026-08-21,0.23161726,0.113557585,0.023901945,0.023816623,9.689904
3611,2026-08-21,0.14597337,0.0711722,0.015195699,0.013198369,9.605597
5274,2026-08-21,0.14514773,0.14237168,0.015113413,0.01305763,9.603266
1342,2026-08-21,0.15601322,0.16755432,0.016521828,0.019768087,9.442283
4506,2026-08-21,0.13419347,0.13226278,0.014649593,0.015198631,9.159593
5536,2026-08-21,0.095504016,0.048715066,0.010464656,0.012793388,9.125468
3130,2026-08-21,0.112678066,0.06276009,0.012349443,0.012465828,9.123403
6515,2026-08-21,0.12798457,0.060501434,0.01403782,0.013099459,9.116476
4126,2026-08-21,0.14673443,0.08319493,0.01622822,0.0181882,9.041373
3661,2026-08-21,0.10348678,0.07940533,0.011573914,0.013735752,8.940608
7708,2026-08-21,0.16275297,0.12774687,0.018333506,0.022241645,8.876867
1516,2026-08-21,0.16088653,0.17095493,0.018141972,0.018098075,8.867705
6691,2026-08-21,0.20207784,0.17389637,0.02283082,0.016627269,8.850711
3533,2026-08-21,0.1363829,0.09752393,0.015536258,0.0192809,8.777797
2414,2026-08-21,0.14432432,0.13163541,0.016454708,0.016034337,8.770472
8069,2026-08-21,0.17236802,0.15418984,0.01968733,0.023929758,8.754831
8024,2026-08-21,0.14088555,0.1597616,0.016305832,0.016721368,8.639664
4961,2026-08-21,0.15974422,0.080221206,0.018570406,0.019226618,8.601622
4107,2026-08-21,0.09781016,0.05028945,0.011419234,0.011706173,8.564637
7728,2026-08-21,0.12509696,0.07867683,0.014784606,0.013628584,8.460726
8081,2026-08-21,0.08925923,0.020110654,0.010623979,0.010955543,8.400885
4966,2026-08-21,0.13366373,0.0222779,0.015970942,0.017977074,8.368659
6023,2026-08-21,0.13485782,0.14249705,0.016260322,0.0150158685,8.293164
6903,2026-08-21,0.12393888,-0.08993538,0.014973689,0.016623296,8.276558
1476,2026-08-21,0.14130114,0.14474922,0.017300613,0.01511364,8.166934
6542,2026-08-21,0.09992612,0.082584575,0.01227963,0.015571899,8.1368885
3010,2026-08-21,0.10542213,0.08379313,0.013002262,0.01410607,8.10736
3465,2026-08-21,0.10654768,0.065825656,0.013159117,0.013282139,8.096256
2369,2026-08-21,0.16022141,0.06301026,0.019824356,0.02506062,8.081641
2421,2026-08-21,0.17977041,0.1304584,0.022253348,0.024485495,8.077991
5209,2026-08-21,0.13184455,0.060592804,0.016379556,0.016669288,8.048844
6739,2026-08-21,0.16138911,0.09801005,0.02017463,0.017120393,7.9992104
3209,2026-08-21,0.12234661,0.029728001,0.0153981345,0.016480777,7.9450316
8464,2026-08-21,0.11752151,0.1449536,0.014793975,0.015403694,7.9433393
6474,2026-08-21,0.13285212,0.07149747,0.01682032,0.018225618,7.897841
2444,2026-08-21,0.10551426,0.065598205,0.0133764325,0.013046267,7.8874817
1593,2026-08-21,0.1404932,0.08549174,0.017821254,0.018175056,7.8830204
6877,2026-08-21,0.1381652,0.12410998,0.017634869,0.02226545,7.8343296
1817,2026-08-21,0.14046195,0.13709109,0.017997721,0.01903048,7.803996
3715,2026-08-21,0.14581807,0.15735729,0.01881475,0.03101574,7.749788
5478,2026-08-21,0.09094189,0.09726707,0.011787932,0.015528585,7.714175
4432,2026-08-21,0.10984662,0.07918971,0.014377551,0.013403516,7.639617
1537,2026-08-21,0.07227631,0.04263859,0.009480631,0.010877596,7.6227717
8299,2026-08-21,0.093378924,0.0335948,0.012250595,0.011798988,7.621777
6223,2026-08-21,0.101504646,0.051444843,0.013324481,0.014207099,7.617334
5876,2026-08-21,0.12858169,0.12804446,0.016942065,0.019923707,7.589045
3044,2026-08-21,0.18838616,0.1425972,0.024928931,0.021705115,7.5566254
6134,2026-08-21,0.11245227,0.034174677,0.014907599,0.019575087,7.542779
6951,2026-08-21,0.14127715,0.10773886,0.018920543,0.014154314,7.4664707
0051,2026-08-21,0.15890366,0.13100836,0.021289242,0.025840241,7.4636846
6996,2026-08-21,0.119786866,0.057675164,0.016058011,0.01883029,7.4591684
2207,2026-08-21,0.13179742,0.13383254,0.017708197,0.021158978,7.4423146
6803,2026-08-21,0.08706641,0.024905104,0.0117761195,0.014809425,7.392844
9905,2026-08-21,0.10902192,0.10718904,0.01475325,0.015266473,7.389187
2404,2026-08-21,0.0949475,0.07628713,0.012861012,0.010406388,7.38201
2488,2026-08-21,0.10384253,0.08971036,0.014107332,0.014638744,7.3603687
4904,2026-08-21,0.09063857,0.09631421,0.012332725,0.018331267,7.3488398
6661,2026-08-21,0.10874734,0.13440602,0.014858577,0.015264154,7.318333
3702,2026-08-21,0.12259908,0.08384522,0.016818302,0.014295496,7.2891893
3305,2026-08-21,0.09103281,-0.037348,0.012572465,0.018615229,7.240073
2423,2026-08-21,0.08473059,0.07774826,0.01183407,0.013945143,7.1592803
4766,2026-08-21,0.080257416,-0.027386092,0.011265322,0.013608991,7.123657
1726,2026-08-21,0.09880377,0.09077643,0.01405151,0.016320854,7.0310407
6216,2026-08-21,0.08761593,0.061660003,0.012656601,0.017421704,6.922001
9944,2026-08-21,0.12523945,0.14567485,0.018190669,0.020316256,6.8844395
2726,2026-08-21,0.089119844,0.059878863,0.0129529415,0.015230924,6.8797474
3213,2026-08-21,0.11448216,0.064313404,0.016668458,0.019268163,6.8677793
1264,2026-08-21,0.0982955,-0.000116028015,0.014395426,0.015964296,6.827771
3005,2026-08-21,0.096226245,0.10607724,0.0142063415,0.020785565,6.7729945
0055,2026-08-21,0.09245558,0.15609537,0.013682206,0.014965323,6.756865
5609,2026-08-21,0.104701035,0.115334034,0.015518234,0.01284176,6.7465334
2752,2026-08-21,0.10677843,0.03995246,0.015871027,0.016062215,6.72746
3709,2026-08-21,0.114275046,0.018071163,0.017014336,0.018445482,6.716003
5272,2026-08-21,0.10701583,0.0638388,0.01596054,0.018270921,6.7046056
3526,2026-08-21,0.100010775,-0.00051416754,0.014947739,0.01586147,6.690248
4104,2026-08-21,0.077861816,0.050875146,0.011706504,0.01251322,6.6505904
2433,2026-08-21,0.097591594,0.057397597,0.01470952,0.017114324,6.634136
4807,2026-08-21,0.12712155,0.14433584,0.019193938,0.020524543,6.62266
6192,2026-08-21,0.075898476,0.0057786345,0.011486689,0.013174467,6.6069403
4609,2026-08-21,0.09997341,0.10188532,0.015131136,0.019458985,6.6066947
4555,2026-08-21,0.092173025,0.054554004,0.013978505,0.020278681,6.59344
4529,2026-08-21,0.14039163,0.13560677,0.021350894,0.021341026,6.575137
6573,2026-08-21,0.12808423,0.20537151,0.01949072,0.023760052,6.571212
1468,2026-08-21,0.05946149,0.113474704,0.009051367,0.014062218,6.5686126
1788,2026-08-21,0.10350753,0.038013447,0.015768936,0.01359596,6.5635986
5288,2026-08-21,0.104445346,0.10083161,0.015983846,0.016862614,6.5340223
6735,2026-08-21,0.11475388,0.024551213,0.01767946,0.021535533,6.490435
5878,2026-08-21,0.07389634,0.054317355,0.011384515,0.016390633,6.4903817
6781,2026-08-21,0.13392307,0.13149677,0.020789223,0.021610685,6.441637
3356,2026-08-21,0.07122669,0.00962596,0.011065943,0.009993609,6.435986
2506,2026-08-21,0.0841059,0.11397899,0.01310937,0.015115274,6.4152193
2493,2026-08-21,0.21527332,0.19781014,0.033866957,0.037928108,6.3562536
8390,2026-08-21,0.084663294,-0.020236699,0.01341478,0.012347162,6.3107247
3217,2026-08-21,0.07791208,0.0063294023,0.012402984,0.010917152,6.2812138
6015,2026-08-21,0.146638,0.15688772,0.023346014,0.022241242,6.280803
0052,2026-08-21,0.12683365,0.15038382,0.020211698,0.026098045,6.2749486
6412,2026-08-21,0.080549814,0.03468101,0.012868977,0.013303533,6.2587376
6908,2026-08-21,0.08379373,0.05181427,0.013411104,0.014446035,6.24762
3376,2026-08-21,0.09583159,0.029515365,0.015345625,0.017878387,6.244473
2885,2026-08-21,0.13242365,0.12297751,0.021227242,0.027119266,6.2380886
3259,2026-08-21,0.13560873,0.04802107,0.021799568,0.018758431,6.220422
6277,2026-08-21,0.058886994,0.056178767,0.009480698,0.009727579,6.2105956
4770,2026-08-21,0.070666805,0.009015741,0.011479497,0.014132537,6.1553783
4527,2026-08-21,0.07725795,0.037025705,0.012574513,0.015621567,6.1435227
8481,2026-08-21,0.1209485,0.06929876,0.01969444,0.018125739,6.140939
5015,2026-08-21,0.0931234,0.10614241,0.015165753,0.014268918,6.1399693
6581,2026-08-21,0.080463186,0.046003047,0.013111736,0.0111780055,6.1362624
3499,2026-08-21,0.088726066,0.06845136,0.014506988,0.015104771,6.1156697
7767,2026-08-21,0.09092045,0.0922562,0.014871871,0.019977218,6.113174
5356,2026-08-21,0.101639144,0.06691376,0.01666274,0.016642492,6.09942
2067,2026-08-21,0.09982319,0.09645458,0.016502284,0.018710013,6.0486865
5904,2026-08-21,0.13940996,0.057651557,0.02316184,0.021564797,6.01869
8424,2026-08-21,0.083507426,0.037228066,0.0139104845,0.01522929,6.002769
2912,2026-08-21,0.13129,0.15396026,0.022006575,0.024165025,5.9656734
3557,2026-08-21,0.14133292,0.13848568,0.023715494,0.02251011,5.959267
2383,2026-08-21,0.08213021,0.07751821,0.0138448365,0.012749489,5.931762
3529,2026-08-21,0.116963215,0.12771922,0.019747226,0.020063732,5.92272
2908,2026-08-21,0.06335648,0.055542268,0.010728592,0.0131140975,5.9048357
8435,2026-08-21,0.13750607,0.10476208,0.023302125,0.02434918,5.9007564
8176,2026-08-21,0.07497315,-0.0060146237,0.012723979,0.015386681,5.8918095
3380,2026-08-21,0.06881137,0.057701126,0.011693335,0.0118123535,5.884163
3033,2026-08-21,0.12407398,0.08659246,0.021255221,0.019679904,5.8370667
5520,2026-08-21,0.07686329,0.065374546,0.013229449,0.014209998,5.809575
6509,2026-08-21,0.08549466,0.006846371,0.014719679,0.0148678105,5.807793
5547,2026-08-21,0.083287686,0.08802808,0.014404309,0.0143297445,5.7817354
4749,2026-08-21,0.09551937,0.056409575,0.016527442,0.019641772,5.779091
8941,2026-08-21,0.0764661,0.031196512,0.01328864,0.017433193,5.7538123
1808,2026-08-21,0.2763911,0.3072106,0.048123974,0.045881912,5.7431946
7743,2026-08-21,0.07454259,0.054967094,0.012984249,0.014973396,5.740559
8277,2026-08-21,0.08327729,0.098561265,0.0145600345,0.015679708,5.7191877
2727,2026-08-21,0.087583385,0.018145299,0.015333671,0.019171022,5.7114615
1471,2026-08-21,0.07716112,0.07725414,0.013573586,0.01604711,5.6842337
5543,2026-08-21,0.11166897,0.08078584,0.019729866,0.020234263,5.659608
2850,2026-08-21,0.07846823,0.12788178,0.01391392,0.019461961,5.6391435
5533,2026-08-21,0.07265353,0.081747964,0.012943082,0.011352245,5.6128764
4535,2026-08-21,0.09076681,0.063625954,0.01617715,0.014548672,5.610457
6670,2026-08-21,0.0779318,0.05064514,0.013913538,0.013814381,5.600746
3494,2026-08-21,0.09402087,0.056916118,0.016888352,0.015418056,5.5668726
2353,2026-08-21,0.10020653,0.18284181,0.018067569,0.02437738,5.545903
6625,2026-08-21,0.07254879,0.017633963,0.013174708,0.015611735,5.5062537
6947,2026-08-21,0.09282227,0.13533325,0.016867824,0.017346552,5.5025926
8942,2026-08-21,0.067741156,0.065837644,0.012336935,0.01449972,5.4904776
5871,2026-08-21,0.10697452,0.12351405,0.019562248,0.023989867,5.468137
6151,2026-08-21,0.08200994,-0.010695384,0.015035479,0.015902795,5.4540653
4924,2026-08-21,0.08408206,0.046075415,0.015427813,0.016705511,5.449678
2458,2026-08-21,0.09102841,0.04395434,0.016802141,0.01538389,5.4173446
5434,2026-08-21,0.055348806,0.07592176,0.010227616,0.010961245,5.4111724
3581,2026-08-21,0.12262758,0.038474657,0.022678794,0.022873659,5.4069085
6217,2026-08-21,0.21254273,0.07840764,0.039380934,0.05498267,5.3969603
6535,2026-08-21,0.081374496,0.0138264885,0.015150709,0.01959353,5.370648
9925,2026-08-21,0.06899556,0.1020892,0.012851804,0.015466218,5.3681326
5345,2026-08-21,0.20126829,0.35874355,0.037547965,0.034262564,5.3601556
9945,2026-08-21,0.11430788,0.15291964,0.021375647,0.025157545,5.347325
3218,2026-08-21,0.061031498,-0.014243047,0.0114381965,0.012921307,5.3352957
3088,2026-08-21,0.09843949,-0.008976745,0.01850138,0.020539215,5.320369
5464,2026-08-21,0.16711184,0.0651933,0.031429056,0.035624232,5.316944
6234,2026-08-21,0.11248458,0.05313475,0.02116015,0.021505535,5.3156176
2887,2026-08-21,0.08163411,0.13557395,0.015373002,0.019505534,5.3098803
5403,2026-08-21,0.07956136,0.036094766,0.015003583,0.013941312,5.30247
4771,2026-08-21,0.06248423,-0.008605165,0.0117934635,0.013021981,5.2977595
6177,2026-08-21,0.13008255,0.10159931,0.024733396,0.020934708,5.2591763
4953,2026-08-21,0.059672277,0.009953608,0.01137119,0.012737139,5.247211
6568,2026-08-21,0.08484264,-0.080394015,0.016238948,0.016164782,5.224317
6683,2026-08-21,0.086758226,0.05235749,0.016614636,0.018576121,5.221481
6561,2026-08-21,0.058363914,0.022821315,0.011176688,0.011228379,5.2214656
8016,2026-08-21,0.074743114,0.024842585,0.014377505,0.011774453,5.1982536
1730,2026-08-21,0.07102031,0.05024817,0.013709756,0.014880035,5.179898
3491,2026-08-21,0.09458091,0.050966423,0.018351223,0.024313023,5.1536484
2367,2026-08-21,0.11244781,0.026472298,0.021878494,0.029177457,5.1394157
3131,2026-08-21,0.08120079,0.0065759243,0.015888248,0.01261387,5.110424
2424,2026-08-21,0.0703747,0.03532077,0.013778066,0.01866813,5.107363
1477,2026-08-21,0.076401554,0.06977817,0.0149705,0.01352084,5.1031327
5388,2026-08-21,0.08284674,0.058011327,0.016267668,0.016794182,5.0924106
1737,2026-08-21,0.07284877,0.056714293,0.014385023,0.015893076,5.063857
3680,2026-08-21,0.116442576,0.04937675,0.022993922,0.016776137,5.0638385
4583,2026-08-21,0.06949649,-0.007761874,0.013752676,0.011104012,5.0529394
2605,2026-08-21,0.081609115,0.09036039,0.016151087,0.014529509,5.0525427
2535,2026-08-21,0.08051589,0.13396628,0.016021388,0.017789943,5.025212
6183,2026-08-21,0.06803632,0.04443402,0.01354238,0.016475372,5.023585
6609,2026-08-21,0.0948699,0.09586954,0.018981153,0.02157121,4.997847
3528,2026-08-21,0.051198434,-0.026072893,0.0102467695,0.01177157,4.996056
3665,2026-08-21,0.057260904,0.06435005,0.011463773,0.01210313,4.9945083
7713,2026-08-21,0.06470659,0.021428455,0.0129581215,0.014711415,4.9931307
2838,2026-08-21,0.065691575,0.1246826,0.013160614,0.016399983,4.9911485
2832,2026-08-21,0.09717344,0.12801327,0.019488882,0.018863488,4.9858403
2889,2026-08-21,0.084474355,0.11223655,0.016943231,0.020304974,4.9854345
5228,2026-08-21,0.085701734,0.029983932,0.017289713,0.022576658,4.956518
6667,2026-08-21,0.07878154,-0.040447842,0.015916983,0.012295157,4.949216
6263,2026-08-21,0.07064363,-0.040711816,0.014375394,0.015850052,4.913863
3402,2026-08-21,0.066550605,-0.018361352,0.013563834,0.019416377,4.9061127
6788,2026-08-21,0.08631252,-0.10914602,0.017620256,0.02224496,4.8982043
3413,2026-08-21,0.07514997,-0.00061416515,0.015541144,0.013450595,4.835238
6138,2026-08-21,0.066077426,-0.013201932,0.013678541,0.015764954,4.830383
3419,2026-08-21,0.064642414,0.07175604,0.01342128,0.016086629,4.816053
4915,2026-08-21,0.058353867,0.06249488,0.012169412,0.013681339,4.794732
4582,2026-08-21,0.07693494,0.005185385,0.016057892,0.014975164,4.7908
2852,2026-08-21,0.061896853,0.07457575,0.012930319,0.015853953,4.786585
2352,2026-08-21,0.07106779,0.100650504,0.014850892,0.021173585,4.7851
6170,2026-08-21,0.07927274,0.05214765,0.016568424,0.016961025,4.7842784
8059,2026-08-21,0.0724126,0.008345392,0.0151367355,0.016798174,4.783582
6983,2026-08-21,0.06265095,-0.05992299,0.013097055,0.020069413,4.783225
1472,2026-08-21,0.057684444,0.0016579122,0.012064911,0.012734035,4.780778
1418,2026-08-21,0.076219596,0.116702475,0.01606149,0.022511715,4.7451916
6510,2026-08-21,0.07358394,0.03433727,0.015573958,0.0137748,4.724503
9904,2026-08-21,0.06471391,0.114318654,0.01370327,0.01610553,4.7221713
2449,2026-08-21,0.06895099,-0.009265622,0.0146210445,0.021141917,4.7155504
2388,2026-08-21,0.09484311,0.053626362,0.02012314,0.020957503,4.7129025
5516,2026-08-21,0.09959361,0.08941494,0.021246966,0.023059586,4.6872067
3017,2026-08-21,0.065429024,0.08163204,0.013993861,0.01587374,4.6752176
2537,2026-08-21,0.06422643,0.08798644,0.013782609,0.017124698,4.6596236
1102,2026-08-21,0.08770612,0.13676189,0.01883794,0.018355176,4.655576
3577,2026-08-21,0.078701496,0.03267619,0.016916247,0.017300861,4.6521454
2385,2026-08-21,0.062040094,0.03632373,0.013376356,0.01268316,4.637695
3105,2026-08-21,0.07719002,-0.019890133,0.016729476,0.021464989,4.613737
2753,2026-08-21,0.05233037,-0.015073424,0.011380576,0.013730046,4.597814
4111,2026-08-21,0.06533003,0.03218462,0.014258373,0.017232887,4.58155
1773,2026-08-21,0.06510219,0.0028139267,0.014211253,0.0129312705,4.5807085
3115,2026-08-21,0.108988695,0.11074927,0.023905477,0.024952492,4.558961
6679,2026-08-21,0.0690857,-0.073372446,0.015154637,0.012961538,4.558416
6264,2026-08-21,0.11505663,0.117983215,0.025347479,0.027134614,4.5389953
6189,2026-08-21,0.07230384,0.028916221,0.015962237,0.015275976,4.529397
4207,2026-08-21,0.05473361,0.02289743,0.01212664,0.015238535,4.513129
3264,2026-08-21,0.104279235,0.052299045,0.023114396,0.023870138,4.5112457
8086,2026-08-21,0.071420036,-0.028914567,0.01590631,0.02369483,4.489762
6855,2026-08-21,0.051203467,0.0048584715,0.011417255,0.015819052,4.484351
1586,2026-08-21,0.063922666,0.0010770721,0.014269403,0.016000299,4.4793873
4417,2026-08-21,0.0684443,0.04378222,0.015287681,0.014511231,4.4767957
7716,2026-08-21,0.06829468,0.037147168,0.015420201,0.015361691,4.4286227
8032,2026-08-21,0.09467783,0.033441246,0.021412399,0.021475608,4.421429
2305,2026-08-21,0.14086595,0.07526756,0.03230667,0.02962022,4.36014
9908,2026-08-21,0.051517464,0.08611144,0.01185007,0.015028337,4.3470726
2937,2026-08-21,0.051169697,0.028444882,0.011775504,0.015501029,4.345067
8067,2026-08-21,0.04742876,0.036274265,0.010968751,0.013015975,4.3235946
4153,2026-08-21,0.046544574,0.03046698,0.010787711,0.01281537,4.3141923
8455,2026-08-21,0.06671991,0.03782936,0.015515758,0.020257812,4.2998614
3016,2026-08-21,0.10293686,0.091612175,0.023972781,0.027430814,4.2937264
5353,2026-08-21,0.055685267,0.0107952915,0.01299102,0.015687697,4.286113
6028,2026-08-21,0.06927011,0.06324682,0.016170805,0.017638344,4.2833877
2731,2026-08-21,0.049873836,-0.013614741,0.0116619235,0.013117649,4.2762723
6109,2026-08-21,0.06332416,0.061441444,0.014811652,0.016943702,4.275005
8021,2026-08-21,0.12462351,0.08003922,0.029321527,0.031228134,4.2500944
6161,2026-08-21,0.06564876,-0.04663799,0.015474943,0.016592218,4.241987
3022,2026-08-21,0.075068235,0.025665963,0.017737282,0.016891286,4.23199
4105,2026-08-21,0.037450474,0.04792456,0.008850864,0.0111973705,4.2308006
6231,2026-08-21,0.073348954,-0.036534715,0.017369663,0.017349407,4.2225766
6246,2026-08-21,0.14053187,0.0973485,0.03330814,0.04449007,4.2190185
4440,2026-08-21,0.051811066,0.008673256,0.012304337,0.01146814,4.210455
6894,2026-08-21,0.06023517,-0.09420288,0.014310255,0.0136598,4.2089367
2114,2026-08-21,0.062654875,0.04944319,0.014975284,0.017478412,4.183606
6115,2026-08-21,0.050072595,0.031879064,0.01197735,0.015345827,4.180258
1734,2026-08-21,0.055537693,0.04683276,0.013419475,0.015887888,4.1382804
3228,2026-08-21,0.06555775,0.015802601,0.015875291,0.014526255,4.129286
2480,2026-08-21,0.04747471,0.046400856,0.011505043,0.013831963,4.126067
4995,2026-08-21,0.0837824,0.07480613,0.020316327,0.015893131,4.123692
9912,2026-08-21,0.06390565,0.02723149,0.015600235,0.019920936,4.0961914
8284,2026-08-21,0.048950918,-0.00041255416,0.011962862,0.014188602,4.091565
2496,2026-08-21,0.07898246,0.054759797,0.0193305,0.02362355,4.085687
1760,2026-08-21,0.058493655,0.045765378,0.014344147,0.015813565,4.077592
4116,2026-08-21,0.047294725,0.014379785,0.011620731,0.011623944,4.0695076
3532,2026-08-21,0.121543534,0.2345036,0.030172104,0.0460985,4.028208
3285,2026-08-21,0.059342097,0.08045335,0.014744796,0.016016433,4.02434
4502,2026-08-21,0.064852394,0.05469962,0.016186092,0.017450608,4.0064263
6949,2026-08-21,0.07660352,0.053999446,0.019211989,0.018687945,3.9870691
6605,2026-08-21,0.05088508,0.025340762,0.012813035,0.016279057,3.9710426
2412,2026-08-21,0.061723605,0.06388773,0.015592794,0.020437676,3.958216
8050,2026-08-21,0.112813994,0.12711829,0.028637402,0.027375072,3.939256
8416,2026-08-21,0.04586006,-0.0005261568,0.0116804615,0.011640674,3.9258838
5439,2026-08-21,0.071567744,-0.07749865,0.018405601,0.02245382,3.8881564
3023,2026-08-21,0.058979638,0.07256024,0.015217624,0.016152317,3.875491
8446,2026-08-21,0.05071171,-0.004150946,0.013115419,0.013138623,3.866277
2066,2026-08-21,0.036412463,0.024528043,0.00948279,0.010597294,3.839442
1216,2026-08-21,0.074196294,0.07252028,0.01947601,0.022988556,3.8094294
3563,2026-08-21,0.077012144,0.008852806,0.020350887,0.020774152,3.7840297
6026,2026-08-21,0.06777164,0.052014515,0.01795032,0.01954824,3.7753012
6139,2026-08-21,0.062508054,-0.049249258,0.016652761,0.014228517,3.7533896
6281,2026-08-21,0.042804062,0.01970964,0.01140625,0.013689874,3.7523558
7749,2026-08-21,0.047296952,-0.07451559,0.012625738,0.01710056,3.7457776
6146,2026-08-21,0.045036394,-0.014160632,0.012023099,0.011892923,3.7455108
8210,2026-08-21,0.0477084,-0.03605164,0.012747546,0.01176273,3.7422621
6590,2026-08-21,0.03631532,-0.022551088,0.009706131,0.0117093865,3.7410967
8114,2026-08-21,0.0731701,-0.04908289,0.019560205,0.018688643,3.7405725
6417,2026-08-21,0.046001304,-0.07056965,0.012332007,0.01767138,3.729934
2373,2026-08-21,0.053184565,0.028953262,0.014384499,0.013827501,3.6970956
6805,2026-08-21,0.050344024,0.021445464,0.013618545,0.012298779,3.6964543
3711,2026-08-21,0.06772851,0.039974388,0.018458681,0.021888176,3.6689968
6206,2026-08-21,0.05513811,0.01912407,0.015120224,0.01538545,3.6464052
2345,2026-08-21,0.045299172,-0.010359569,0.012424943,0.0150604155,3.645532
3432,2026-08-21,0.05973033,0.015341858,0.016399624,0.016798323,3.6419547
4558,2026-08-21,0.05010816,0.018775042,0.013983659,0.016129121,3.5830805
3483,2026-08-21,0.054060433,-0.04672802,0.015201151,0.018298117,3.556104
4946,2026-08-21,0.05265039,-0.026133966,0.014893131,0.024883853,3.5349753
6123,2026-08-21,0.04197045,-0.012158604,0.011884958,0.016001804,3.5310953
3357,2026-08-21,0.067098364,-0.047873992,0.019012913,0.023794271,3.5289087
4711,2026-08-21,0.044217076,0.012019792,0.012531184,0.013551061,3.5282817
2330,2026-08-21,0.06289969,0.06674783,0.017961478,0.018075645,3.5017266
3150,2026-08-21,0.047383435,0.027777363,0.013652462,0.01862976,3.4704337
1512,2026-08-21,0.052224126,0.04486456,0.015077707,0.0152216945,3.4634352
6154,2026-08-21,0.06851999,0.022681957,0.01979979,0.014691522,3.4604673
8930,2026-08-21,0.048966743,0.01493535,0.014202316,0.014321816,3.447557
2355,2026-08-21,0.053194623,-0.0052217916,0.015434144,0.01610979,3.4463315
7556,2026-08-21,0.0456146,-0.07420998,0.013256105,0.018756913,3.4407663
7610,2026-08-21,0.058311462,-0.06500636,0.017210938,0.018950632,3.3878498
3122,2026-08-21,0.04751838,0.012514544,0.014056021,0.01811018,3.3804016
6606,2026-08-21,0.03971995,0.028601868,0.011841733,0.01378849,3.3539512
6269,2026-08-21,0.051703565,0.082087636,0.0154810725,0.02163457,3.3395765
2880,2026-08-21,0.073837005,0.079157,0.022112796,0.024195293,3.3389566
3450,2026-08-21,0.08063245,-0.013429312,0.024299785,0.018676605,3.3181005
1339,2026-08-21,0.04731402,0.0012671555,0.014272437,0.01605978,3.31483
4729,2026-08-21,0.04560605,-0.02455074,0.013767036,0.020668639,3.3124588
3512,2026-08-21,0.090506084,0.06766226,0.027509255,0.026724763,3.2899034
5016,2026-08-21,0.05261727,0.03293789,0.01607726,0.01462012,3.2725725
2431,2026-08-21,0.048562825,0.05279187,0.014848868,0.016554277,3.2702527
8996,2026-08-21,0.060253143,0.06261841,0.018446924,0.0249276,3.2661204
2063,2026-08-21,0.04538078,0.009746301,0.013976916,0.018600361,3.2466054
8034,2026-08-21,0.05168302,-0.027949294,0.015985755,0.017538548,3.2328649
1229,2026-08-21,0.036108043,0.07130749,0.011256694,0.017522318,3.20741
5525,2026-08-21,0.08886943,0.11485152,0.02779066,0.028148694,3.1977015
3686,2026-08-21,0.04454516,-0.036830343,0.01393182,0.018016405,3.1971385
9927,2026-08-21,0.051200207,0.001117096,0.016080715,0.013153996,3.183753
6613,2026-08-21,0.05621394,-0.008094963,0.017691394,0.017837642,3.177294
2462,2026-08-21,0.039766096,0.0054761036,0.012546673,0.014516669,3.1692007
2329,2026-08-21,0.04079846,-0.039207228,0.012921381,0.0146757895,3.1571937
6128,2026-08-21,0.0400996,0.041320205,0.012731563,0.013132967,3.1493735
5469,2026-08-21,0.03757887,-0.014580134,0.01194909,0.013455327,3.1446514
3689,2026-08-21,0.035621222,-0.07089623,0.011357722,0.01205044,3.1360238
8476,2026-08-21,0.07201757,-0.08364958,0.023092486,0.030696236,3.1185231
6435,2026-08-21,0.048040193,-0.04649202,0.0154055115,0.016400052,3.1181746
2420,2026-08-21,0.060271587,0.023754235,0.019337164,0.021186901,3.116717
4534,2026-08-21,0.08735927,0.008797796,0.028160699,0.02307736,3.1020596
2025,2026-08-21,0.033520173,0.035786327,0.010847001,0.014202411,3.089986
6411,2026-08-21,0.03499867,-0.046056524,0.011325881,0.012499228,3.0898771
4536,2026-08-21,0.040229537,0.040333856,0.013031338,0.012081591,3.0869007
8926,2026-08-21,0.10369652,0.13634756,0.03377234,0.03916422,3.0703664
6114,2026-08-21,0.04258423,-0.014882889,0.013883733,0.017571595,3.066982
0050,2026-08-21,0.06996664,0.075182594,0.022892542,0.024413241,3.0561736
2362,2026-08-21,0.04689032,0.10850894,0.015367414,0.017183147,3.0510838
8049,2026-08-21,0.04871048,-0.008126627,0.01607009,0.016364936,3.0309381
5529,2026-08-21,0.069481894,0.052527037,0.022933984,0.02602798,3.0295157
2428,2026-08-21,0.044772737,0.004039714,0.01480186,0.018618025,3.0246005
6266,2026-08-21,0.04677189,-0.022169054,0.015653456,0.019148508,2.9877687
3625,2026-08-21,0.057265956,0.010807623,0.019228967,0.018455056,2.977954
6442,2026-08-21,0.046674255,0.026381398,0.01568219,0.012975742,2.9760687
6525,2026-08-21,0.049546592,-0.07236106,0.016656402,0.020806642,2.974449
8341,2026-08-21,0.046904244,0.03224496,0.015792763,0.01935023,2.9697952
4764,2026-08-21,0.051787034,-0.038648676,0.01749363,0.022350734,2.9601674
2308,2026-08-21,0.04658956,0.04842731,0.01585783,0.014230854,2.9377677
1781,2026-08-21,0.041672923,0.047502946,0.014242733,0.015942847,2.9257023
6165,2026-08-21,0.044253882,0.024635216,0.015132481,0.017982503,2.9242368
8432,2026-08-21,0.032112975,-0.0045130434,0.011005542,0.018993182,2.917626
3679,2026-08-21,0.048120126,-0.0063872486,0.01664264,0.015712703,2.8912022
8083,2026-08-21,0.03568841,-0.012634051,0.012409089,0.015214127,2.8757577
6831,2026-08-21,0.050089527,0.0625378,0.017517801,0.021221448,2.859187
1240,2026-08-21,0.04924582,0.015527652,0.017344913,0.01341861,2.8390446
2915,2026-08-21,0.05675384,0.06819458,0.020023106,0.016361158,2.834276
1256,2026-08-21,0.038715992,-0.04963817,0.013671836,0.013837432,2.8315992
6290,2026-08-21,0.037949026,-0.035312638,0.01340604,0.01450794,2.8305297
3332,2026-08-21,0.054149747,0.033183586,0.019218719,0.019445201,2.8174057
2107,2026-08-21,0.046627507,0.08157625,0.016576726,0.017060999,2.81266
3490,2026-08-21,0.066220395,0.035760816,0.023548512,0.02670057,2.8119648
7704,2026-08-21,0.03731718,-0.021308906,0.0133320335,0.014470456,2.7988513
6190,2026-08-21,0.04307936,-0.04374818,0.0154111665,0.015182439,2.795153
4123,2026-08-21,0.04508736,0.008700842,0.016140584,0.018333104,2.7932425
6690,2026-08-21,0.034692638,-0.04946655,0.012524558,0.01566208,2.7697477
7794,2026-08-21,0.03412856,-0.027948968,0.012336,0.014813818,2.7663581
4585,2026-08-21,0.040943544,-0.0048465133,0.014856021,0.015632754,2.7558382
2317,2026-08-21,0.046093617,-0.00672858,0.01673187,0.014646189,2.754675
2882,2026-08-21,0.046676986,0.051716004,0.017022483,0.020656781,2.7419174
2406,2026-08-21,0.05883024,-0.0026187182,0.021472104,0.024862299,2.7397175
2303,2026-08-21,0.045689896,-0.007587393,0.016727993,0.020024076,2.7311802
1722,2026-08-21,0.03626188,0.03569199,0.013304488,0.01169821,2.7253325
1712,2026-08-21,0.038234584,0.0018643804,0.014035919,0.016053325,2.7238586
1731,2026-08-21,0.03753577,-0.0028616155,0.013900311,0.016694218,2.7001605
8087,2026-08-21,0.049008124,0.0063595255,0.018207066,0.016298944,2.6915612
2816,2026-08-21,0.0420995,0.06003294,0.015641227,0.0149250785,2.6914005
5511,2026-08-21,0.037097134,0.081700414,0.01380409,0.012391546,2.6872067
2356,2026-08-21,0.042178474,0.035451774,0.01574831,0.019271737,2.6781156
3034,2026-08-21,0.04270436,0.05297177,0.01605728,0.019809874,2.6593356
4933,2026-08-21,0.05091243,-0.023101088,0.019173812,0.022215068,2.655172
3349,2026-08-21,0.033723835,0.01782312,0.012749194,0.015421416,2.6449664
3058,2026-08-21,0.03736651,0.042630292,0.014198425,0.015035311,2.6315508
6844,2026-08-21,0.041500416,0.032655276,0.015857968,0.021861978,2.616842
5484,2026-08-21,0.04803752,0.020279272,0.0186384,0.021482866,2.577203
9939,2026-08-21,0.034109663,0.050375797,0.013265437,0.011972866,2.5711246
5534,2026-08-21,0.050406434,0.07656347,0.019657977,0.019683927,2.5640416
2527,2026-08-21,0.07890786,0.014148363,0.030824624,0.037606407,2.559814
1783,2026-08-21,0.028556267,0.0028715804,0.011164635,0.014631163,2.5575137
7718,2026-08-21,0.02483072,-0.040587705,0.009749828,0.0126926685,2.546524
3163,2026-08-21,0.06546492,-0.0190238,0.025863338,0.032028016,2.531088
4133,2026-08-21,0.028301049,0.039776824,0.011363855,0.009908794,2.4902253
6020,2026-08-21,0.042078014,0.07100703,0.016915465,0.018655287,2.4874
8064,2026-08-21,0.041270517,-0.063795954,0.016598092,0.026022054,2.4863117
2426,2026-08-21,0.056942318,0.014481622,0.022906633,0.023975566,2.4857354
6570,2026-08-21,0.03778612,-0.01994026,0.015266157,0.021858696,2.4749937
3546,2026-08-21,0.031175891,-0.0520358,0.012595508,0.01643272,2.474963
9958,2026-08-21,0.025692554,0.012031392,0.010451916,0.011631096,2.4579318
1580,2026-08-21,0.030654553,-0.024122685,0.012508274,0.013837122,2.450546
3588,2026-08-21,0.04754234,-0.04501574,0.019439355,0.020097602,2.445549
2314,2026-08-21,0.035746954,-0.02740814,0.014622681,0.017678466,2.4444566
4974,2026-08-21,0.032491323,-0.008222501,0.013340543,0.0136935115,2.4353497
6199,2026-08-21,0.05076427,0.047728036,0.020853331,0.022806356,2.4342315
6202,2026-08-21,0.047172844,-0.027235666,0.019422747,0.019379463,2.428617
6654,2026-08-21,0.057142064,0.06333027,0.023620995,0.031513643,2.4190195
6491,2026-08-21,0.029159645,-0.0021417663,0.012088447,0.010469074,2.4119916
4772,2026-08-21,0.03454552,-0.09204466,0.014503781,0.020945221,2.3816643
7747,2026-08-21,0.025618741,-0.01232571,0.010771418,0.014861596,2.3781793
2434,2026-08-21,0.054065865,-0.045266654,0.022816453,0.022363832,2.369496
2755,2026-08-21,0.02801872,-0.04085273,0.011824176,0.01722656,2.3694127
0056,2026-08-21,0.033711504,0.034401536,0.0142424535,0.019593764,2.366807
6962,2026-08-21,0.03126927,0.022109445,0.013432751,0.013545057,2.3276649
8487,2026-08-21,0.026398934,0.00621008,0.011359535,0.010338354,2.3237402
3570,2026-08-21,0.04469366,-0.022228146,0.019463109,0.016520819,2.2962089
9951,2026-08-21,0.029809713,-0.0049681715,0.013113547,0.015409895,2.2730265
3045,2026-08-21,0.04040437,0.050132293,0.017883109,0.02009652,2.259233
6210,2026-08-21,0.03420504,0.030778391,0.015139644,0.020002026,2.2591536
6464,2026-08-21,0.032955226,0.011462794,0.014610246,0.013275805,2.2554698
6771,2026-08-21,0.03467333,-6.635959e-05,0.015382437,0.016787015,2.253939
1591,2026-08-21,0.054867607,-0.038785618,0.024538526,0.025499202,2.2358868
2534,2026-08-21,0.039095756,0.07696328,0.017493425,0.02177549,2.234755
7786,2026-08-21,0.030967804,0.034136765,0.013903918,0.020851534,2.2271116
2701,2026-08-21,0.02978589,0.029024763,0.013400336,0.013953178,2.222606
8093,2026-08-21,0.046158805,0.029645735,0.020829502,0.023390483,2.2159238
5220,2026-08-21,0.032510955,-0.012729031,0.014711199,0.011813561,2.2097957
8150,2026-08-21,0.038280703,-0.07933101,0.017341943,0.023045223,2.2072783
5703,2026-08-21,0.034829974,0.0066674976,0.015814152,0.018464014,2.2023168
5205,2026-08-21,0.035091296,-0.024813768,0.016005533,0.018557694,2.1923108
2059,2026-08-21,0.025721988,-0.010027808,0.011737118,0.011691883,2.1913214
5490,2026-08-21,0.033606943,-0.017153956,0.015442119,0.017473869,2.1761758
5251,2026-08-21,0.050497897,-0.045967333,0.023303375,0.024348956,2.166885
3191,2026-08-21,0.035761468,0.048700586,0.016601825,0.016653528,2.1539388
2441,2026-08-21,0.045865472,-0.004337818,0.021395233,0.02116859,2.1436238
4938,2026-08-21,0.032921568,0.041091766,0.015392139,0.02271743,2.138717
3317,2026-08-21,0.031500366,-0.08308222,0.0147677595,0.019289298,2.1329052
2886,2026-08-21,0.033644494,0.029062511,0.015959112,0.014991535,2.108036
4205,2026-08-21,0.027536094,-0.026258485,0.013149333,0.014847671,2.0939465
3541,2026-08-21,0.035235994,-0.017130565,0.016828243,0.018176347,2.0937362
2702,2026-08-21,0.01726689,0.010753772,0.008320243,0.012924867,2.0750372
6936,2026-08-21,0.031992905,-0.00426795,0.015457134,0.020571813,2.0696485
6171,2026-08-21,0.04731365,0.061910756,0.02292523,0.027286723,2.0637343
6669,2026-08-21,0.030304307,0.0026831417,0.014694316,0.016234653,2.0621746
6187,2026-08-21,0.036637712,0.008311159,0.017809318,0.017245429,2.057106
6285,2026-08-21,0.03132149,-0.016197288,0.015266576,0.013056143,2.0515037
1611,2026-08-21,0.034789663,0.06629252,0.017074917,0.022513237,2.0373526
2377,2026-08-21,0.033263505,-0.041386463,0.016338075,0.01839773,2.0358255
9950,2026-08-21,0.028878804,0.030838927,0.014462681,0.018802859,1.9966428
6208,2026-08-21,0.022318812,-0.091816284,0.011264141,0.019384231,1.981228
6136,2026-08-21,0.023634713,0.0142846545,0.011932576,0.0155991865,1.9805223
6261,2026-08-21,0.026686665,-0.082170345,0.013536976,0.015852178,1.9712448
9960,2026-08-21,0.024275692,-0.034611203,0.01234058,0.012656961,1.966984
2395,2026-08-21,0.036592808,0.05534943,0.018715728,0.025011612,1.9550856
5348,2026-08-21,0.02601895,-0.009744504,0.013482031,0.014959329,1.9297551
6494,2026-08-21,0.02811324,-0.036803387,0.014581613,0.021490697,1.9278603
9911,2026-08-21,0.026145987,0.03219346,0.013691197,0.01206379,1.9095538
2408,2026-08-21,0.04145428,-0.045535248,0.021925125,0.023701195,1.8906342
8070,2026-08-21,0.047979925,0.03420703,0.025667064,0.019582113,1.8692459
2354,2026-08-21,0.027387924,0.002765586,0.014693798,0.013188568,1.8637837
2360,2026-08-21,0.023109846,0.037088696,0.012516561,0.014343121,1.8461939
2065,2026-08-21,0.018481912,-0.011246839,0.0100387,0.011689901,1.8408829
3290,2026-08-21,0.027309477,-0.01860661,0.014866133,0.014072379,1.8369027
6968,2026-08-21,0.037288953,-0.0005541585,0.02045006,0.019110892,1.8233262
6596,2026-08-21,0.024854923,-0.01566809,0.013666731,0.016317956,1.8185111
1615,2026-08-21,0.018047975,0.014068695,0.0099685425,0.011756476,1.8103112
2338,2026-08-21,0.040300585,-0.049361978,0.022527762,0.02071928,1.7888504
8155,2026-08-21,0.033728115,-0.05850146,0.01885917,0.018194878,1.7883251
2327,2026-08-21,0.0375187,-0.0819503,0.02106065,0.021625156,1.7813752
8163,2026-08-21,0.025638815,0.020417292,0.014561759,0.018222151,1.760574
4102,2026-08-21,0.022648145,0.036883935,0.012950147,0.012524993,1.7487366
4550,2026-08-21,0.024081843,0.0068234177,0.013966187,0.016451724,1.7241727
3164,2026-08-21,0.025041377,-0.043409284,0.014544869,0.016918456,1.7215456
6409,2026-08-21,0.020479552,0.06850515,0.011924263,0.015978497,1.717325
6574,2026-08-21,0.030234056,-0.0698744,0.017623113,0.014114058,1.7154937
3555,2026-08-21,0.039362833,-0.050498642,0.023028765,0.022082169,1.7092155
3597,2026-08-21,0.020713279,-0.0027505057,0.012118582,0.0144419735,1.7090753
5328,2026-08-21,0.04899891,-0.0113510275,0.028842922,0.031924903,1.6987603
6527,2026-08-21,0.024467379,-0.0010694151,0.014494098,0.01416058,1.6879761
1597,2026-08-21,0.035748597,-0.07026369,0.021298118,0.021033216,1.6784074
3028,2026-08-21,0.027431894,-0.07259589,0.016364986,0.015003932,1.6761528
2105,2026-08-21,0.02523777,0.031139735,0.01517001,0.016785175,1.6635524
6556,2026-08-21,0.02008537,-0.0017324112,0.012089682,0.012802792,1.6612272
9929,2026-08-21,0.020298285,0.03850586,0.012224116,0.014970639,1.6603756
6862,2026-08-21,0.025357608,-0.03720052,0.015294766,0.014398569,1.6578187
3324,2026-08-21,0.020846816,-0.02175022,0.012760727,0.013648274,1.633542
5548,2026-08-21,0.025964744,0.028955432,0.015923953,0.01891613,1.630444
2485,2026-08-21,0.030823229,-0.13841608,0.01899424,0.020525604,1.6226817
3211,2026-08-21,0.042587146,-0.0009592933,0.026289599,0.032202415,1.6198621
3645,2026-08-21,0.025506636,-0.07277318,0.01598019,0.016847074,1.5960411
3021,2026-08-21,0.022432506,0.021875445,0.014074854,0.013340202,1.593687
3048,2026-08-21,0.027716786,-0.02781143,0.01740927,0.01449109,1.591979
3372,2026-08-21,0.026169775,-0.0065597645,0.016457519,0.017587632,1.5900444
1438,2026-08-21,0.040176854,0.09551521,0.02553498,0.026307408,1.5733429
5287,2026-08-21,0.017062822,-0.03518572,0.010964959,0.012866964,1.5559808
5475,2026-08-21,0.03213536,-0.077801034,0.020679861,0.019803364,1.5538695
8423,2026-08-21,0.020660063,-0.03634928,0.013321037,0.015708761,1.5508186
6585,2026-08-21,0.023876995,0.08047505,0.015511985,0.01743496,1.5391618
3535,2026-08-21,0.038074885,-0.14134192,0.025008159,0.029389542,1.5224376
6291,2026-08-21,0.019919645,-0.051405292,0.013114038,0.013889004,1.5188401
1315,2026-08-21,0.020266745,0.0031936488,0.013471451,0.013462256,1.5043103
3531,2026-08-21,0.023257287,0.051239587,0.015472006,0.017239166,1.5030878
6703,2026-08-21,0.015820844,-0.053321965,0.010589216,0.013572834,1.4939114
6560,2026-08-21,0.025011158,-0.011494664,0.016750004,0.014092513,1.4931139
1503,2026-08-21,0.022244621,0.029441394,0.014956954,0.014442088,1.4871433
6278,2026-08-21,0.03172692,0.006622196,0.021452248,0.02427539,1.4788865
3551,2026-08-21,0.01584152,-0.103966825,0.010715722,0.013737337,1.4782057
3672,2026-08-21,0.018236412,0.066323675,0.012345802,0.016691538,1.477015
5355,2026-08-21,0.032200076,0.07102545,0.021942072,0.023003386,1.467437
4580,2026-08-21,0.020975102,-0.030146463,0.014473078,0.012336237,1.4491494
8201,2026-08-21,0.018508326,-0.018348206,0.012781977,0.02184351,1.4478886
8433,2026-08-21,0.016107203,-0.012114836,0.011346508,0.0149645135,1.4194485
0057,2026-08-21,0.033817947,-0.13830517,0.023827171,0.02816759,1.4192423
2397,2026-08-21,0.026795153,0.0038758516,0.018926194,0.019752372,1.415696
4138,2026-08-21,0.01674174,-0.03225202,0.011854807,0.016413923,1.4121131
2438,2026-08-21,0.015755467,-0.06703618,0.011222829,0.016220935,1.4037515
2013,2026-08-21,0.018015986,-0.024939638,0.012939099,0.014038038,1.3922603
4973,2026-08-21,0.023819804,-0.0940605,0.01716585,0.019929336,1.3875465
8131,2026-08-21,0.02401851,-0.03503477,0.017333914,0.019923275,1.3855569
1402,2026-08-21,0.021503547,0.03574711,0.01555472,0.017871985,1.3823563
3693,2026-08-21,0.0258291,-0.055293385,0.018840892,0.022112174,1.3708336
2006,2026-08-21,0.019289117,0.04501005,0.014166596,0.016350996,1.3614954
5493,2026-08-21,0.01517549,-0.071441494,0.0112496205,0.013405756,1.348858
2718,2026-08-21,0.025595581,-0.020433765,0.018997185,0.021742424,1.3472645
2481,2026-08-21,0.024138546,-0.095646225,0.018093387,0.024680799,1.334035
8437,2026-08-21,0.022264954,-0.013573066,0.016700378,0.01590612,1.3331208
6684,2026-08-21,0.020374103,-0.07341571,0.015431747,0.017030794,1.3201864
6579,2026-08-21,0.022831628,-0.0582211,0.017293459,0.017336113,1.3201702
6259,2026-08-21,0.02956325,0.007878752,0.022430265,0.02312215,1.3179483
3583,2026-08-21,0.014964739,-0.014718189,0.011374239,0.012819023,1.3155538
3522,2026-08-21,0.015585137,-0.0016980971,0.011909686,0.014976083,1.3085003
8111,2026-08-21,0.042705733,-0.0749159,0.032786958,0.029026585,1.3024824
3118,2026-08-21,0.017579807,-0.051748928,0.013605168,0.015996106,1.2920469
8091,2026-08-21,0.020970155,-0.05486487,0.016466614,0.01476043,1.273418
3653,2026-08-21,0.013268341,-0.00032661593,0.0104269255,0.012741654,1.2723855
2109,2026-08-21,0.021055104,0.03530125,0.016616466,0.017033657,1.2670467
9926,2026-08-21,0.021143086,0.04378079,0.01670725,0.019786656,1.2654278
2478,2026-08-21,0.031947844,0.027065147,0.025441563,0.028735923,1.255685
6531,2026-08-21,0.02646983,0.025371714,0.02135302,0.021420276,1.2395713
9962,2026-08-21,0.0105397,0.010328144,0.008526224,0.0123118,1.236006
6548,2026-08-21,0.020479059,8.036618e-05,0.016668815,0.024714654,1.2285115
1609,2026-08-21,0.016156694,0.03126964,0.013189895,0.016956974,1.2248368
6811,2026-08-21,0.017683912,0.0264674,0.014514656,0.015200311,1.2182647
2732,2026-08-21,0.013661296,-0.032631382,0.011246255,0.014574265,1.2146338
3443,2026-08-21,0.014841623,-0.0037889897,0.012338018,0.011378808,1.2028204
2949,2026-08-21,0.015044054,0.013047973,0.012593964,0.014114909,1.1944499
1513,2026-08-21,0.01608629,0.0005955236,0.013493203,0.013352297,1.192089
4958,2026-08-21,0.022608873,-0.077574514,0.019048778,0.025683887,1.1868312
1533,2026-08-21,0.019092906,0.0009223939,0.016150411,0.016809179,1.18212
4755,2026-08-21,0.013778408,-0.03959345,0.01169011,0.014932245,1.1785371
3374,2026-08-21,0.024498155,-0.09271927,0.021023208,0.029862598,1.1652355
3527,2026-08-21,0.017310249,-0.036050346,0.015142433,0.017411686,1.1430861
4554,2026-08-21,0.0105677545,-0.049206004,0.009352035,0.013887174,1.1298743
2890,2026-08-21,0.0210978,0.02671218,0.018679526,0.0151511775,1.1294007
4721,2026-08-21,0.024091022,-0.14160553,0.021425823,0.027561283,1.1243395
4760,2026-08-21,0.016776638,-0.10167198,0.015006874,0.016601205,1.1178558
3704,2026-08-21,0.020217853,-0.012589502,0.018129066,0.020387258,1.115156
6584,2026-08-21,0.015087929,-0.059060097,0.013528914,0.014967972,1.1151533
2313,2026-08-21,0.020347532,0.021151967,0.018351525,0.020938177,1.1087047
6129,2026-08-21,0.014256851,0.020128991,0.012873489,0.012728099,1.1073722
6645,2026-08-21,0.015669096,0.049523935,0.014292268,0.014580077,1.0962571
2947,2026-08-21,0.01276935,-0.033448003,0.011661146,0.011250933,1.09494
1413,2026-08-21,0.013874873,0.043062266,0.012685644,0.011557635,1.0936598
1776,2026-08-21,0.01579027,-0.01498134,0.014467322,0.014535252,1.0913684
7828,2026-08-21,0.020381685,-0.0048262114,0.018997252,0.02054274,1.072819
6768,2026-08-21,0.03048354,-0.012738905,0.028487546,0.03111142,1.070028
7734,2026-08-21,0.010581241,-0.044218738,0.009956446,0.0109981345,1.0626462
6242,2026-08-21,0.013659988,-0.047045715,0.012878334,0.015133921,1.0606128
1451,2026-08-21,0.017933635,-0.010624898,0.016917573,0.01842343,1.0599968
6856,2026-08-21,0.016868182,-0.032287665,0.015996471,0.018391993,1.054428
8466,2026-08-21,0.02154251,0.07067974,0.02051209,0.016744986,1.0501837
2706,2026-08-21,0.013181242,0.021191409,0.012597792,0.014619737,1.0462307
3171,2026-08-21,0.017063987,-0.038779013,0.016573047,0.016351964,1.0295606
8444,2026-08-21,0.014315339,0.048091985,0.0139421495,0.01839932,1.0266933
3556,2026-08-21,0.015047686,-0.023858367,0.014707764,0.012999624,1.0230422
2633,2026-08-21,0.015814932,0.051781807,0.015794862,0.017923608,1.0012072
3705,2026-08-21,0.014913784,0.008309696,0.015043338,0.015872408,0.99132204
6643,2026-08-21,0.031224001,-0.08307001,0.031856395,0.035022352,0.98011786
9942,2026-08-21,0.014817643,-0.005746475,0.015220411,0.015374255,0.97347367
5210,2026-08-21,0.0133377975,0.021582186,0.013769054,0.015745323,0.9686089
2536,2026-08-21,0.027545733,0.01182685,0.028562916,0.033973906,0.9643542
2926,2026-08-21,0.013870591,-0.03638001,0.014472032,0.019267628,0.9583749
3664,2026-08-21,0.021925222,0.05747996,0.023103546,0.024197944,0.948957
3095,2026-08-21,0.011918783,-0.094044596,0.01257005,0.013362356,0.94811356
6228,2026-08-21,0.015006076,-0.042106744,0.015968893,0.018640455,0.93964785
4768,2026-08-21,0.023904888,-0.06893919,0.025582539,0.02700736,0.9343855
8213,2026-08-21,0.015718864,-0.001712777,0.016932057,0.021885805,0.92829454
3287,2026-08-21,0.011618169,-0.025731217,0.012620702,0.016158162,0.9204914
5289,2026-08-21,0.01400696,-0.09991912,0.015399919,0.01642201,0.9094886
5443,2026-08-21,0.01501741,-0.063963994,0.016554203,0.018035747,0.90711117
4306,2026-08-21,0.013949946,0.041196227,0.015455377,0.017221574,0.9025366
4960,2026-08-21,0.015757225,-0.092114955,0.017499963,0.021369692,0.9003633
6722,2026-08-21,0.011495892,-0.022715501,0.012843744,0.012484346,0.894988
4552,2026-08-21,0.01283831,0.0058182757,0.014423817,0.014895969,0.89001536
6799,2026-08-21,0.016382268,-0.0753232,0.01847405,0.01903011,0.8867239
2464,2026-08-21,0.02472272,0.017301144,0.027930487,0.037772328,0.88512003
4588,2026-08-21,0.017665604,-0.027044969,0.020332359,0.023187304,0.8687991
4977,2026-08-21,0.03312558,0.04424302,0.038229134,0.069630034,0.86647826
1220,2026-08-21,0.013631357,0.024857303,0.015986782,0.014646496,0.8526109
6552,2026-08-21,0.013343138,-0.09198786,0.01573833,0.014986282,0.84775764
6175,2026-08-21,0.013069232,-0.045577083,0.015679417,0.018133279,0.83347476
5880,2026-08-21,0.011636784,0.01664146,0.013985775,0.012278141,0.83198476
2402,2026-08-21,0.013810661,-0.037236165,0.01664326,0.017455844,0.8297552
3515,2026-08-21,0.009317878,-0.04977506,0.01126611,0.0131039405,0.826998
1103,2026-08-21,0.010452583,0.039435666,0.012659916,0.013324599,0.82557875
8038,2026-08-21,0.012829133,-0.055036545,0.01560465,0.024371905,0.8220826
7827,2026-08-21,0.013883024,-0.023239922,0.016897459,0.015635831,0.8215557
6782,2026-08-21,0.010509757,-0.04101068,0.012909715,0.012288082,0.8140337
2247,2026-08-21,0.013469691,0.018992633,0.016592609,0.017387992,0.8117397
2704,2026-08-21,0.008149252,0.04847353,0.010099428,0.011225641,0.8068225
5410,2026-08-21,0.015063022,-0.047248784,0.018719556,0.025538603,0.80462474
4161,2026-08-21,0.012734826,-0.02886401,0.016329031,0.015197858,0.7798408
1608,2026-08-21,0.012148035,0.014332328,0.015662983,0.01634948,0.7755393
6885,2026-08-21,0.016126525,0.023506796,0.02153024,0.01861271,0.7489826
6245,2026-08-21,0.011678065,-0.05451668,0.015620458,0.014074926,0.7475656
2243,2026-08-21,0.0126788495,0.08537664,0.017286818,0.022365812,0.7333979
6834,2026-08-21,0.01470283,-0.05065966,0.020153962,0.022374872,0.7294893
2316,2026-08-21,0.014675549,-0.04814597,0.020580664,0.022509858,0.71303993
3624,2026-08-21,0.021316417,-0.023659825,0.0300539,0.028538827,0.70924926
2897,2026-08-21,0.011214659,0.045563985,0.015970547,0.016253574,0.7021648
5546,2026-08-21,0.0123779,-0.0016740946,0.0177557,0.020516746,0.69708335
8039,2026-08-21,0.012227681,-0.05248339,0.017680507,0.023035193,0.691552
7723,2026-08-21,0.021651154,-0.04993109,0.031462878,0.03214615,0.68812734
6874,2026-08-21,0.0077311248,-0.0804411,0.011361084,0.014985724,0.6804319
6914,2026-08-21,0.0073407562,-0.02966855,0.010881164,0.011433473,0.67456764
8477,2026-08-21,0.009119111,-0.01064859,0.013535635,0.01455629,0.6736616
3169,2026-08-21,0.00923879,-0.09044892,0.013886931,0.011571798,0.66523874
4576,2026-08-21,0.011410322,-0.050365765,0.01818607,0.017408924,0.6273865
6472,2026-08-21,0.016118031,-0.08155365,0.02596747,0.028951883,0.620677
1303,2026-08-21,0.0120019335,-0.076534584,0.019403404,0.018356008,0.61851597
2729,2026-08-21,0.008085067,-0.06444323,0.013122326,0.01449276,0.6160837
8923,2026-08-21,0.009063221,-0.030513752,0.014761763,0.018444384,0.61392444
5007,2026-08-21,0.008397081,0.0075778216,0.013816883,0.014100172,0.60769665
9941,2026-08-21,0.008087178,0.030338151,0.013312373,0.016169954,0.6074477
9946,2026-08-21,0.010166491,9.016183e-05,0.017223543,0.02003449,0.59023285
7757,2026-08-21,0.013390647,-0.082635164,0.02279206,0.028542453,0.58748794
7631,2026-08-21,0.0077027217,-0.07319058,0.013490131,0.019601604,0.57094705
3567,2026-08-21,0.00831478,-0.08806855,0.014661828,0.015567657,0.56706524
2390,2026-08-21,0.011067627,-0.016460279,0.019621687,0.022224393,0.564022
2712,2026-08-21,0.0062610125,0.012098705,0.011520805,0.014125312,0.54340553
6219,2026-08-21,0.013984259,0.031587414,0.026129153,0.025803367,0.5351771
1590,2026-08-21,0.0067103165,0.01356264,0.012684508,0.011601088,0.52897495
3036,2026-08-21,0.008398772,-0.034072153,0.016080348,0.021375347,0.52226794
3231,2026-08-21,0.008392558,-0.06177612,0.016192483,0.016981501,0.51826763
2484,2026-08-21,0.01018435,-0.024350025,0.019769017,0.023462377,0.5151412
2301,2026-08-21,0.006126501,-0.06802615,0.012021666,0.01614788,0.50957924
8935,2026-08-21,0.0071308506,-0.00026519745,0.01407738,0.013952887,0.50651073
1527,2026-08-21,0.005076094,-0.0057513146,0.010317172,0.016532842,0.4919567
2606,2026-08-21,0.008866199,0.05749165,0.01819023,0.015059615,0.48738867
6751,2026-08-21,0.006475408,-0.050181713,0.013665852,0.01640873,0.4738039
7765,2026-08-21,0.006046275,-0.085598245,0.012902275,0.0146310255,0.46858454
3390,2026-08-21,0.0057243216,-0.08404024,0.01222055,0.016466225,0.46837932
2845,2026-08-21,0.0071687778,0.022759069,0.015458753,0.016647233,0.46370584
6143,2026-08-21,0.0071295174,-0.10859302,0.01574308,0.017180312,0.45283794
7744,2026-08-21,0.0068051475,-0.08515146,0.015425955,0.015161282,0.4411206
3276,2026-08-21,0.007136085,0.028904285,0.016392935,0.016988972,0.4352881
3268,2026-08-21,0.006076286,-0.036510285,0.015272872,0.016179094,0.39782226
3321,2026-08-21,0.0050965967,0.035189096,0.012996711,0.01182292,0.39211494
5310,2026-08-21,0.006229984,0.0018886043,0.016186235,0.021449398,0.38487017
2425,2026-08-21,0.0077649187,0.030062156,0.020475032,0.02301547,0.3792199
4999,2026-08-21,0.0051060375,-0.07223345,0.013535437,0.016301718,0.3772069
4568,2026-08-21,0.0060530086,-0.033017382,0.016277248,0.018306874,0.37184644
8928,2026-08-21,0.004812242,-0.0060751787,0.013162196,0.014088202,0.3655831
3265,2026-08-21,0.010185434,-0.08094959,0.028988,0.025448712,0.3513551
2393,2026-08-21,0.005840684,-0.015399762,0.016624529,0.019978438,0.35130814
1340,2026-08-21,0.0052107004,-0.013841138,0.014971905,0.017899781,0.34800863
4806,2026-08-21,0.0057912115,0.02984075,0.016794154,0.021070847,0.34481442
4754,2026-08-21,0.004410782,-0.080574594,0.013025995,0.015223746,0.33858782
5604,2026-08-21,0.0052293013,0.0078389,0.015650926,0.014772039,0.33409953
6547,2026-08-21,0.0070811776,0.018205337,0.021206656,0.025231943,0.3338972
3467,2026-08-21,0.005562735,-0.11855561,0.016728766,0.018073516,0.33250523
4528,2026-08-21,0.0051820227,-0.07020173,0.01574033,0.014447174,0.32919854
4503,2026-08-21,0.006083134,-0.054489657,0.018512232,0.018188583,0.32858303
6461,2026-08-21,0.0045373887,-0.012398779,0.014518347,0.015187242,0.31250638
1514,2026-08-21,0.004093285,-0.049963593,0.013193417,0.01158591,0.31022856
4744,2026-08-21,0.0037133582,-0.031211965,0.012174586,0.017204294,0.30498394
1795,2026-08-21,0.0048976797,-0.01585493,0.016223183,0.020410556,0.30187526
3189,2026-08-21,0.0039353794,-0.08896024,0.013659182,0.016198061,0.28809127
4745,2026-08-21,0.0044896584,-0.026920004,0.01584404,0.016917933,0.28334787
4939,2026-08-21,0.008472756,0.02866575,0.030264799,0.031876855,0.2799449
2820,2026-08-21,0.0044668335,0.04122436,0.015987827,0.014424388,0.2793722
2482,2026-08-21,0.004591788,-0.009770165,0.016572528,0.017889954,0.27705556
1452,2026-08-21,0.0036550863,0.008656054,0.013230598,0.012113448,0.27623922
6486,2026-08-21,0.003254976,0.0007557573,0.0122592375,0.013603398,0.26549044
3694,2026-08-21,0.0045791315,-0.09617193,0.018173482,0.022510592,0.2519539
6863,2026-08-21,0.00426068,-0.010149662,0.017049568,0.018990194,0.24988493
6240,2026-08-21,0.0050690346,0.0048920936,0.02120421,0.025312128,0.23904665
6164,2026-08-21,0.0037521631,-0.05200041,0.016607668,0.020171296,0.22591595
7772,2026-08-21,0.0035316371,-0.13796777,0.015906107,0.020710485,0.2220163
2069,2026-08-21,0.0031505555,-0.020360155,0.014285961,0.01645449,0.22051963
1752,2026-08-21,0.0021682978,-0.014594108,0.010313762,0.017971884,0.21021305
2851,2026-08-21,0.0041384576,0.030101465,0.020794906,0.02833411,0.19900347
6526,2026-08-21,0.0034987673,-0.023694102,0.019414734,0.01798059,0.18020268
3303,2026-08-21,0.0026903236,-0.01819442,0.015058947,0.019261653,0.17864098
8240,2026-08-21,0.0035661997,-0.06424113,0.020405391,0.022951033,0.17475896
6725,2026-08-21,0.002392037,-0.13039978,0.014509315,0.014401347,0.1648508
7705,2026-08-21,0.0024675983,-0.04492583,0.015502193,0.013835926,0.1591671
6821,2026-08-21,0.0026792279,-0.108779,0.017071685,0.019536223,0.15693067
6767,2026-08-21,0.0022440276,-0.007378771,0.014712148,0.015747342,0.15251851
3306,2026-08-21,0.002376417,-0.07438389,0.017487694,0.020283407,0.13588305
8109,2026-08-21,0.0019295757,-0.055335037,0.01449492,0.014232659,0.13311164
4950,2026-08-21,0.0013881023,-0.012314295,0.010876049,0.013330045,0.12761754
6276,2026-08-21,0.0017668618,-0.11927096,0.013894801,0.020312885,0.12715076
6924,2026-08-21,0.0023485296,-0.038314797,0.019780785,0.023274714,0.11872183
6910,2026-08-21,0.0013176382,-0.082335465,0.01116576,0.015551963,0.117996454
2049,2026-08-21,0.002328524,0.0016422006,0.019931601,0.019482624,0.116819866
4979,2026-08-21,0.002222691,-0.117130436,0.022416368,0.02090338,0.0991504
3035,2026-08-21,0.0027332173,-0.014614468,0.02798754,0.035314616,0.09765487
2883,2026-08-21,0.001362711,0.021086462,0.014234791,0.014220328,0.09572429
6257,2026-08-21,0.0012992531,-0.03391135,0.014367012,0.016347827,0.09042678
8940,2026-08-21,0.0009097174,-0.07086272,0.010194552,0.010948365,0.08922689
3710,2026-08-21,0.0012792789,0.0007348619,0.014618625,0.024310129,0.08750422
6104,2026-08-21,0.0012853933,-0.092250235,0.016784603,0.018975344,0.07657713
1540,2026-08-21,0.00093830936,-0.06660783,0.013442882,0.0153526375,0.06979452
9943,2026-08-21,0.00094526634,-0.038527537,0.014005511,0.015204724,0.067487635
7760,2026-08-21,0.000938162,-0.02581245,0.014751391,0.013822332,0.063593894
2357,2026-08-21,0.000949245,-0.036500897,0.015611178,0.017255545,0.060801573
2501,2026-08-21,0.0010752821,0.027218265,0.019228097,0.016477251,0.05591953
7805,2026-08-21,0.0005906349,-0.13742341,0.013977078,0.017233012,0.04225437
5302,2026-08-21,0.00042650904,-0.001750561,0.011794688,0.014917514,0.036158044
6415,2026-08-21,0.0005729307,0.010008573,0.01780143,0.019887364,0.032182723
3617,2026-08-21,0.00027733165,-0.011990635,0.012534096,0.012456023,0.022124413
2440,2026-08-21,0.00033848622,-0.0781244,0.016524188,0.018014979,0.020483047
6279,2026-08-21,8.114552e-05,-0.056589972,0.012939717,0.016163487,0.006270558
6214,2026-08-21,-3.3730517e-05,-0.003158317,0.018836869,0.015668657,-0.0017905696
1323,2026-08-21,-0.0002760604,-0.019908257,0.013881407,0.013493171,-0.01988563
5212,2026-08-21,-0.00034130103,-0.05861424,0.014099545,0.015748698,-0.024204811
7715,2026-08-21,-0.000936914,-0.060633764,0.020515123,0.023353908,-0.045667205
6144,2026-08-21,-0.0006617205,0.022881305,0.0122807585,0.011369516,-0.05387832
8415,2026-08-21,-0.00080285274,0.02792141,0.013069085,0.01464721,-0.06142674
3158,2026-08-21,-0.00064448535,-0.059650373,0.010381499,0.016268343,-0.0620742
6126,2026-08-21,-0.0010595593,-0.09669665,0.015598213,0.014916021,-0.06792389
3015,2026-08-21,-0.0008624338,-0.0012582801,0.011075525,0.014414616,-0.077861406
1531,2026-08-21,-0.0012996515,-0.045227043,0.015308554,0.014112279,-0.08489153
1558,2026-08-21,-0.0012638954,-0.0422983,0.014401287,0.015686676,-0.087756574
4942,2026-08-21,-0.0011377394,-0.012436688,0.011663249,0.011306566,-0.097540736
8046,2026-08-21,-0.002007702,-0.09324945,0.018758442,0.022659931,-0.10702354
3518,2026-08-21,-0.0018938517,-0.10853893,0.015567762,0.018763024,-0.12164433
5905,2026-08-21,-0.0019853855,0.013108581,0.015224226,0.016862946,-0.13040106
5386,2026-08-21,-0.009160906,-0.14214762,0.065550834,0.06910326,-0.13975057
6194,2026-08-21,-0.0021610504,-0.10127396,0.015167877,0.01568461,-0.14246608
1570,2026-08-21,-0.001730541,-0.073172376,0.011993301,0.014473688,-0.14428027
4545,2026-08-21,-0.0023072395,0.030824315,0.01511945,0.016565304,-0.15259066
6124,2026-08-21,-0.0020779134,0.021743616,0.013602712,0.014011336,-0.15274605
9949,2026-08-21,-0.002193685,-0.07995329,0.013609673,0.013675591,-0.16117388
2520,2026-08-21,-0.0029189119,0.023635065,0.014799509,0.017005945,-0.19721699
2115,2026-08-21,-0.0025695781,-0.0028414964,0.012870829,0.015881289,-0.19962806
1707,2026-08-21,-0.003348583,-0.064777665,0.015419103,0.0153468335,-0.21715696
5902,2026-08-21,-0.003031587,-0.054311316,0.013949664,0.017573757,-0.21730772
4542,2026-08-21,-0.0057871887,-0.070650585,0.025422666,0.031896032,-0.22762997
2640,2026-08-21,-0.0031968125,-0.073307924,0.013405884,0.017441873,-0.2384456
6916,2026-08-21,-0.0032766755,0.022607526,0.013497448,0.012336421,-0.24274461
2734,2026-08-21,-0.0029648235,-0.042967815,0.011743928,0.017574253,-0.25243437
6244,2026-08-21,-0.005880005,-0.08471629,0.022220014,0.022333728,-0.2646146
6776,2026-08-21,-0.0029740103,-0.02998962,0.011016836,0.0135405585,-0.26992688
4106,2026-08-21,-0.0037914156,-0.032339267,0.013898402,0.0116120605,-0.27277544
9937,2026-08-21,-0.0050837696,0.028673045,0.018515013,0.01639576,-0.2745607
8092,2026-08-21,-0.0048559755,-0.06321719,0.017419782,0.017693955,-0.27874613
4162,2026-08-21,-0.005382701,0.044932023,0.019259477,0.021249495,-0.27946872
6274,2026-08-21,-0.0048179654,-0.06904462,0.017068686,0.023571694,-0.28225273
6642,2026-08-21,-0.003526449,-0.06952377,0.012437965,0.016622823,-0.2835002
6697,2026-08-21,-0.0039048265,-0.08256389,0.01365228,0.014369356,-0.28599915
9931,2026-08-21,-0.0035072283,-0.0031576732,0.01193996,0.0146147655,-0.2937141
1906,2026-08-21,-0.0047496916,0.042047046,0.015792267,0.017415028,-0.30074152
5351,2026-08-21,-0.012808041,-0.07208201,0.04106427,0.034476463,-0.3118947
6918,2026-08-21,-0.003068965,-0.050336678,0.009747635,0.013256838,-0.3148097
7803,2026-08-21,-0.005730091,-0.046508674,0.017001102,0.017897308,-0.3370225
1453,2026-08-21,-0.0066243066,-0.036583047,0.0195241,0.02042635,-0.33927134
2515,2026-08-21,-0.005547728,-0.028164314,0.015866192,0.019343236,-0.34963512
8042,2026-08-21,-0.008253119,-0.09023712,0.023175161,0.024780432,-0.35610378
5455,2026-08-21,-0.007210626,-0.031908553,0.019994808,0.022512222,-0.36060685
2027,2026-08-21,-0.007069482,0.003927374,0.019382931,0.021891989,-0.36470836
3484,2026-08-21,-0.0075166733,-0.04276451,0.020432178,0.021437664,-0.3678661
5371,2026-08-21,-0.011246476,-0.07158763,0.02966883,0.03988993,-0.37905428
3481,2026-08-21,-0.0063585895,-0.08548966,0.016579133,0.021062937,-0.38350654
3083,2026-08-21,-0.005039471,-0.05981648,0.012971551,0.013781122,-0.38847187
6155,2026-08-21,-0.010822545,-0.07803297,0.027553665,0.033914726,-0.39276633
1617,2026-08-21,-0.0065901307,0.030957041,0.015921349,0.017740566,-0.41389188
2504,2026-08-21,-0.006165577,-0.02302364,0.01489141,0.016588291,-0.414008
2344,2026-08-21,-0.0075358003,-0.0755528,0.017646473,0.013955418,-0.42701867
2204,2026-08-21,-0.0045127254,0.017855886,0.010537712,0.011728044,-0.42820463
2892,2026-08-21,-0.007395751,-0.0204513,0.017061261,0.019447902,-0.43345666
3046,2026-08-21,-0.0048003546,-0.06301373,0.010969388,0.015587925,-0.4375738
4741,2026-08-21,-0.007560288,-0.119039185,0.017112823,0.022271506,-0.44176498
2891,2026-08-21,-0.0056959745,0.011959659,0.012840312,0.017853161,-0.44356638
4168,2026-08-21,-0.0074551343,-0.0115974005,0.016427398,0.0174993,-0.45379558
2101,2026-08-21,-0.0072991084,-0.041990705,0.016034966,0.021452174,-0.45517108
3019,2026-08-21,-0.0054099048,-0.07623472,0.011859141,0.021528762,-0.45614168
4154,2026-08-21,-0.0059461775,-0.006325043,0.012803757,0.015255368,-0.46437255
4931,2026-08-21,-0.012659931,-0.10924374,0.027152995,0.03141778,-0.46622717
6021,2026-08-21,-0.010419244,0.036756463,0.022214139,0.027897717,-0.46901548
3363,2026-08-21,-0.017187279,-0.1335582,0.03614296,0.048130598,-0.47552288
8342,2026-08-21,-0.005237044,-0.03578484,0.010942107,0.011950275,-0.4785701
2596,2026-08-21,-0.008544882,-0.02849823,0.017408878,0.02447621,-0.49080655
2498,2026-08-21,-0.007999489,-0.12328904,0.016266815,0.023569046,-0.49173713
2547,2026-08-21,-0.007508048,0.05291652,0.01518018,0.016845712,-0.49456286
8027,2026-08-21,-0.0119140195,-0.13006468,0.023732927,0.028701086,-0.5019826
7769,2026-08-21,-0.0052955793,-0.037425015,0.0104413815,0.009109152,-0.5071237
8401,2026-08-21,-0.007406489,-0.070403256,0.014468243,0.015805442,-0.51187813
2233,2026-08-21,-0.0101108495,-0.095184155,0.019716911,0.023557518,-0.5127749
9933,2026-08-21,-0.006995352,0.013787457,0.013546965,0.014851523,-0.51633966
2206,2026-08-21,-0.0050876136,0.014698549,0.009681011,0.013825438,-0.52547073
3492,2026-08-21,-0.0057655047,-0.05008842,0.010823562,0.016660288,-0.5326317
5223,2026-08-21,-0.007262415,-0.033673637,0.013409723,0.013931812,-0.5415379
8450,2026-08-21,-0.00705313,-0.09152892,0.013020816,0.015619079,-0.54163945
6443,2026-08-21,-0.008757017,-0.11690867,0.01615264,0.021376055,-0.54210794
4543,2026-08-21,-0.0064290236,-0.04291944,0.011849596,0.015578955,-0.54250634
5299,2026-08-21,-0.0155571895,-0.07486383,0.028383205,0.028366474,-0.5480932
2471,2026-08-21,-0.009640505,-0.0831802,0.017555576,0.019415418,-0.5491108
9917,2026-08-21,-0.005334661,0.010865217,0.009569727,0.011903736,-0.5573935
7738,2026-08-21,-0.005806955,-0.08980659,0.009938357,0.01414146,-0.58423847
2884,2026-08-21,-0.010511917,-0.019156288,0.017841179,0.020359863,-0.58916104
4951,2026-08-21,-0.009058561,-0.13584399,0.0151566425,0.018097278,-0.59762335
4572,2026-08-21,-0.0066964487,-0.044797976,0.011099443,0.00955744,-0.60325956
2618,2026-08-21,-0.008289738,0.02256879,0.013657109,0.0128063345,-0.60694623
7750,2026-08-21,-0.0076627065,-0.077708565,0.012577887,0.011065644,-0.60917205
2455,2026-08-21,-0.017070225,-0.08075392,0.027832553,0.03558149,-0.6132966
1232,2026-08-21,-0.008654303,0.01392222,0.013894379,0.012237619,-0.62281877
2916,2026-08-21,-0.010836617,-0.07101706,0.01705747,0.018876087,-0.63526314
6282,2026-08-21,-0.010367504,-0.056776416,0.016194027,0.018337367,-0.6401659
6113,2026-08-21,-0.008513638,-0.06659749,0.01299544,0.015221111,-0.6550746
3530,2026-08-21,-0.009854127,-0.06332755,0.014782585,0.017193256,-0.6665586
4991,2026-08-21,-0.024509287,-0.27358183,0.036701076,0.053057972,-0.66779023
6640,2026-08-21,-0.013160649,-0.016544836,0.019467564,0.019504694,-0.6759948
8107,2026-08-21,-0.011539274,-0.062516354,0.017003885,0.0155026335,-0.6785858
2762,2026-08-21,-0.012034578,0.005808925,0.017646581,0.018653562,-0.68193924
6222,2026-08-21,-0.017177364,-0.02928969,0.025061902,0.026763368,-0.6853701
2347,2026-08-21,-0.0073075513,-0.0247473,0.010652649,0.0123529835,-0.68592
3162,2026-08-21,-0.011680299,-0.081240065,0.017008085,0.020029051,-0.68670946
7740,2026-08-21,-0.025346555,-0.020514747,0.036788784,0.04151127,-0.6889564
1604,2026-08-21,-0.008817962,-0.039747167,0.012355264,0.013792804,-0.7136431
8080,2026-08-21,-0.00992584,0.040634908,0.013632403,0.015621121,-0.72805303
6672,2026-08-21,-0.015746051,-0.06932453,0.021439362,0.016949097,-0.7344116
6185,2026-08-21,-0.009343109,-0.07089586,0.012559518,0.013578788,-0.7438474
2736,2026-08-21,-0.012827909,-0.014512107,0.017075423,0.017548276,-0.7512058
6592,2026-08-21,-0.0088237105,0.030206263,0.011699123,0.013099062,-0.75415534
1612,2026-08-21,-0.014275762,-0.044198155,0.018903293,0.023153901,-0.7551598
8289,2026-08-21,-0.013770537,-0.124956354,0.01805483,0.022429356,-0.7626643
4406,2026-08-21,-0.009274342,-0.009869045,0.012151043,0.016494209,-0.763192
6449,2026-08-21,-0.010349214,-0.094483025,0.013502567,0.012639463,-0.76640594
3003,2026-08-21,-0.0107367495,-0.0058219074,0.01393829,0.013187278,-0.7702508
8104,2026-08-21,-0.010615737,-0.029721726,0.013555975,0.0140532665,-0.7830462
6271,2026-08-21,-0.012112153,-0.10339613,0.015360232,0.0194001,-0.7884883
6721,2026-08-21,-0.011755398,-0.054617777,0.014784218,0.014785399,-0.79507774
5903,2026-08-21,-0.01487082,0.010821575,0.018657908,0.01773936,-0.7969823
6904,2026-08-21,-0.011986638,-0.049830675,0.014848035,0.015634721,-0.8072335
1506,2026-08-21,-0.008474762,0.017304288,0.010332745,0.011291874,-0.82010555
4767,2026-08-21,-0.010788297,-0.06901001,0.012978332,0.013916154,-0.83119047
1714,2026-08-21,-0.013857631,-0.024957223,0.016499266,0.017079808,-0.83984286
7821,2026-08-21,-0.013769118,-0.06812952,0.016188132,0.016039787,-0.85051614
6913,2026-08-21,-0.012249599,-0.11232004,0.014339683,0.018959949,-0.8541852
6142,2026-08-21,-0.014360459,0.024375368,0.016672503,0.014318208,-0.86127424
1419,2026-08-21,-0.014732402,-0.06657185,0.017057095,0.014531037,-0.86366045
4551,2026-08-21,-0.013555416,-0.060130574,0.015677646,0.017814606,-0.86457825
2419,2026-08-21,-0.013066099,-0.07613005,0.015035595,0.015218881,-0.8689533
6212,2026-08-21,-0.020426711,-0.046495963,0.023372885,0.025261894,-0.8739117
1535,2026-08-21,-0.012463059,-0.036380928,0.014181163,0.014355857,-0.87878406
2324,2026-08-21,-0.014526904,-0.051376145,0.016455388,0.020989507,-0.88275164
6451,2026-08-21,-0.062767714,0.10878029,0.07104117,0.10249006,-0.88352764
4120,2026-08-21,-0.011741307,-0.053242285,0.013241989,0.016958334,-0.8866055
2836,2026-08-21,-0.0102260355,0.033011477,0.011511927,0.0109180575,-0.88822204
2603,2026-08-21,-0.010528946,0.053329993,0.011828093,0.011733138,-0.89008904
6664,2026-08-21,-0.016923545,-0.09836601,0.01898595,0.015406586,-0.8913251
3479,2026-08-21,-0.022369754,-0.11233954,0.024638835,0.03506399,-0.90786946
2707,2026-08-21,-0.0106824,-0.05781459,0.011628308,0.012495079,-0.9185757
9910,2026-08-21,-0.013816739,0.013706023,0.014906392,0.0119447345,-0.9268381
6120,2026-08-21,-0.01650109,-0.0509055,0.01769191,0.018510796,-0.9326385
2542,2026-08-21,-0.02946009,-0.012055908,0.03131943,0.03066414,-0.9406031
4155,2026-08-21,-0.010666062,-0.022567028,0.0111814225,0.011809669,-0.9538239
6456,2026-08-21,-0.014746783,-0.055749297,0.015340641,0.020967321,-0.9612259
6292,2026-08-21,-0.013555319,-0.053453907,0.013974288,0.01887343,-0.9699492
6248,2026-08-21,-0.015091107,-0.028699901,0.015300884,0.020086918,-0.9862254
7753,2026-08-21,-0.017384257,-0.10807075,0.01756346,0.021660157,-0.98974043
4581,2026-08-21,-0.013100811,-0.03907783,0.0131046325,0.01664627,-0.9996321
8261,2026-08-21,-0.031933263,-0.13111074,0.03187642,0.040356953,-1.0017519
6534,2026-08-21,-0.012503713,-0.02947818,0.012385954,0.017973078,-1.009426
5452,2026-08-21,-0.017205242,-0.06878812,0.016982632,0.020261588,-1.0130484
6732,2026-08-21,-0.013667006,-0.1477652,0.013475667,0.018647013,-1.0141236
2379,2026-08-21,-0.021507412,-0.006278062,0.020995254,0.025773456,-1.0243452
6899,2026-08-21,-0.01937105,-0.09376963,0.018785365,0.018343814,-1.0311228
8279,2026-08-21,-0.016137887,-0.077837676,0.01556967,0.016775504,-1.0364286
2432,2026-08-21,-0.013542595,-0.048400562,0.012972914,0.012933088,-1.0438327
2548,2026-08-21,-0.0202004,-0.06709539,0.019158795,0.021826094,-1.0543119
5706,2026-08-21,-0.017041707,-0.072909735,0.016072646,0.017625138,-1.0602267
4173,2026-08-21,-0.021336552,-0.05745294,0.019959016,0.019267933,-1.0689647
6925,2026-08-21,-0.016614554,-0.13140188,0.015477857,0.018481974,-1.0733709
5324,2026-08-21,-0.015191446,0.045705747,0.0141123645,0.014656055,-1.0763873
3311,2026-08-21,-0.013221643,-0.09160474,0.012275587,0.01641419,-1.0769804
8096,2026-08-21,-0.024045425,-0.10608198,0.022218665,0.02550223,-1.0821686
2401,2026-08-21,-0.013688341,-0.036539633,0.012539709,0.015792683,-1.0915124
1324,2026-08-21,-0.014305351,-0.0664591,0.013059368,0.010478003,-1.0953252
6902,2026-08-21,-0.011302531,-0.08416487,0.010314523,0.012163582,-1.0956818
5312,2026-08-21,-0.014189433,-0.066786654,0.012942154,0.015653046,-1.0962887
5284,2026-08-21,-0.03503209,-0.10465215,0.031275768,0.033824526,-1.1200675
2439,2026-08-21,-0.017246183,-0.03551007,0.015336413,0.018074293,-1.1244519
3605,2026-08-21,-0.018311255,0.0013700378,0.01624062,0.020292353,-1.1274279
5522,2026-08-21,-0.015994873,-0.029850684,0.014182079,0.015295052,-1.1277434
1101,2026-08-21,-0.021662947,0.013728245,0.018940892,0.021869851,-1.1436527
4735,2026-08-21,-0.01503526,-0.014713077,0.012813477,0.015574607,-1.1733027
2834,2026-08-21,-0.023174385,-0.02631526,0.019746607,0.017031046,-1.1735287
8358,2026-08-21,-0.03168579,-0.10452322,0.026854368,0.030324778,-1.179868
4736,2026-08-21,-0.014100478,-0.016822612,0.011772322,0.012107872,-1.1976635
1457,2026-08-21,-0.019609196,-0.024988834,0.016358372,0.016855862,-1.1986521
1326,2026-08-21,-0.020492498,-0.0674648,0.017067557,0.01815539,-1.2005993
5276,2026-08-21,-0.019474791,-0.025371492,0.016177816,0.021872591,-1.2037216
6160,2026-08-21,-0.021882951,-0.013483222,0.018077979,0.019881455,-1.2104086
8367,2026-08-21,-0.02005008,-0.043175653,0.016344504,0.015433382,-1.2266419
4720,2026-08-21,-0.020646982,-0.10381879,0.01677508,0.016329197,-1.2307394
6612,2026-08-21,-0.01434338,-0.03847293,0.011591829,0.014086366,-1.2372631
5340,2026-08-21,-0.034432556,-0.13653795,0.027722463,0.026066385,-1.2420006
2610,2026-08-21,-0.012599384,-0.016543569,0.0099836765,0.011472544,-1.261872
3038,2026-08-21,-0.015508368,-0.041002862,0.012266098,0.017724218,-1.2642246
6158,2026-08-21,-0.015551919,-0.05451352,0.012084342,0.012835684,-1.2868415
6692,2026-08-21,-0.024278013,-0.09919764,0.01861572,0.022350308,-1.3040972
2002,2026-08-21,-0.015803806,-0.031443194,0.012037607,0.01286143,-1.3127604
6112,2026-08-21,-0.017727716,-0.06813459,0.013437068,0.014224057,-1.3192161
8076,2026-08-21,-0.032804146,-0.097618215,0.024594666,0.03103594,-1.3337368
5514,2026-08-21,-0.021211796,-0.039063092,0.015859766,0.01526333,-1.3373752
6770,2026-08-21,-0.020587115,-0.10481722,0.015283744,0.021966772,-1.3469061
4195,2026-08-21,-0.022017814,-0.083253525,0.016179923,0.01783798,-1.3607267
3229,2026-08-21,-0.025730269,-0.06214749,0.018808704,0.022869725,-1.3679253
5523,2026-08-21,-0.027201863,-0.040786933,0.019767635,0.020490646,-1.3760113
3516,2026-08-21,-0.01622379,-0.0016726678,0.011780361,0.013162398,-1.3770727
2465,2026-08-21,-0.05592781,-0.04597364,0.040453512,0.043492816,-1.3824863
8033,2026-08-21,-0.07738181,-0.19160436,0.054922134,0.050508257,-1.4089111
4114,2026-08-21,-0.02075818,-0.014614324,0.014486089,0.013871629,-1.4328744
3615,2026-08-21,-0.035855968,-0.06403878,0.024993349,0.026686054,-1.4345629
6196,2026-08-21,-0.021092324,-0.030351818,0.014652267,0.014965925,-1.439428
3085,2026-08-21,-0.019923598,-0.029780142,0.013817019,0.014358613,-1.4418563
3360,2026-08-21,-0.02568491,-0.044265058,0.017779525,0.019596199,-1.4445529
9918,2026-08-21,-0.027908567,-0.017704565,0.019300627,0.018622044,-1.4459178
8182,2026-08-21,-0.02458507,-0.08787212,0.016888319,0.020511866,-1.4556578
2739,2026-08-21,-0.025134295,-0.052886177,0.017245129,0.013379011,-1.4573877
7721,2026-08-21,-0.01940647,-0.1131735,0.013051132,0.014404657,-1.4868429
6706,2026-08-21,-0.0324795,-0.18095945,0.021710165,0.02542132,-1.4959813
7712,2026-08-21,-0.019282412,-0.117266655,0.012820553,0.015698006,-1.503906
2382,2026-08-21,-0.031047693,-0.08095319,0.020638442,0.022942094,-1.5042894
1437,2026-08-21,-0.018477006,-0.013842001,0.01219115,0.013884487,-1.5154837
6838,2026-08-21,-0.030307006,-0.0021662577,0.019913467,0.021894474,-1.5218588
3041,2026-08-21,-0.034693923,-0.119400956,0.022758951,0.023894468,-1.5243407
6955,2026-08-21,-0.017506558,-0.10602062,0.011446882,0.01398843,-1.5292399
9935,2026-08-21,-0.02069658,-0.023038689,0.013456871,0.015241987,-1.5378792
2450,2026-08-21,-0.019550642,-0.042430695,0.01265556,0.013822461,-1.5447042
3666,2026-08-21,-0.030346658,-0.08822692,0.019504867,0.02333456,-1.5557708
6169,2026-08-21,-0.023241686,-0.12993672,0.014895177,0.018037612,-1.5602449
5269,2026-08-21,-0.024151733,-0.104454264,0.015457881,0.01743943,-1.562321
2337,2026-08-21,-0.024816955,-0.084200665,0.01579417,0.01679007,-1.5711737
1720,2026-08-21,-0.023145096,-0.014622064,0.014634905,0.015206318,-1.5813915
3338,2026-08-21,-0.025182968,-0.1069665,0.01591503,0.020612944,-1.5822392
4513,2026-08-21,-0.023450313,-0.08055199,0.014754571,0.020623809,-1.5892514
2007,2026-08-21,-0.020488473,-0.020846121,0.0128040705,0.015495258,-1.600028
2467,2026-08-21,-0.024985094,-0.05730767,0.015554647,0.012849489,-1.6061752
2637,2026-08-21,-0.02169355,0.0117124235,0.013424521,0.012197046,-1.6158441
1565,2026-08-21,-0.021330465,-0.11942151,0.013167175,0.012836029,-1.6198497
5432,2026-08-21,-0.035283558,-0.13532512,0.02174125,0.021509862,-1.6228107
2034,2026-08-21,-0.031788986,-0.024292171,0.019564614,0.02144686,-1.6247375
7782,2026-08-21,-0.026385061,-0.12620129,0.016103832,0.024378182,-1.638332
2945,2026-08-21,-0.016751222,-0.016725112,0.01020068,0.013012355,-1.6420062
6971,2026-08-21,-0.022626337,-0.086287424,0.013662363,0.014071938,-1.6559858
6207,2026-08-21,-0.0638183,-0.18900588,0.038293254,0.038839895,-1.6665242
6577,2026-08-21,-0.03365727,-0.105759285,0.020179015,0.020335073,-1.6678517
4532,2026-08-21,-0.029031444,-0.040356483,0.01734839,0.015405386,-1.6733409
9921,2026-08-21,-0.058250092,-0.035240166,0.034742717,0.038602956,-1.6765648
6117,2026-08-21,-0.027144147,-0.14745197,0.016108349,0.015532148,-1.6849934
5398,2026-08-21,-0.026319472,-0.0904489,0.015475154,0.018062895,-1.7006468
5215,2026-08-21,-0.027606806,-0.067571774,0.016210422,0.018213386,-1.7029232
2855,2026-08-21,-0.05571551,-0.0467798,0.032710187,0.0389656,-1.7032555
8410,2026-08-21,-0.028703071,-0.08488013,0.016828999,0.019313995,-1.7054708
4952,2026-08-21,-0.019953938,-0.07767083,0.011554555,0.012451171,-1.7267832
6719,2026-08-21,-0.017885117,-0.12710175,0.010347739,0.012778688,-1.7282412
3703,2026-08-21,-0.02700794,-0.003010169,0.015602327,0.0135155525,-1.730909
3707,2026-08-21,-0.029377762,-0.11503072,0.016749673,0.01889205,-1.7538258
5438,2026-08-21,-0.016778342,-0.009732205,0.009491898,0.013326586,-1.7674626
6016,2026-08-21,-0.032278396,-0.030171236,0.018208502,0.018999964,-1.7726128
1618,2026-08-21,-0.039666574,-0.09810476,0.022210034,0.019975958,-1.785895
2472,2026-08-21,-0.022224916,-0.087836936,0.012382506,0.01336498,-1.7947191
4178,2026-08-21,-0.033873405,0.012458919,0.018831337,0.020605793,-1.798683
3406,2026-08-21,-0.033797983,-0.12567052,0.018771961,0.022274595,-1.8003544
6861,2026-08-21,-0.021745551,-0.17563394,0.012070501,0.017417189,-1.8013958
1459,2026-08-21,-0.02552947,-0.034008607,0.01414234,0.018879184,-1.8050524
3236,2026-08-21,-0.036615454,-0.09148738,0.019919485,0.024186052,-1.8380804
6482,2026-08-21,-0.034277312,-0.11242909,0.018370507,0.02421679,-1.8657866
1215,2026-08-21,-0.02342883,-0.05097301,0.012552444,0.012082474,-1.8663268
4108,2026-08-21,-0.033358358,-0.052240387,0.017836077,0.023053007,-1.8701695
2460,2026-08-21,-0.032983948,-0.067139305,0.017621607,0.014961905,-1.8716838
2015,2026-08-21,-0.023598801,0.024123637,0.012599751,0.014955585,-1.872809
6184,2026-08-21,-0.021590542,-0.02848027,0.011492434,0.01489304,-1.878511
5425,2026-08-21,-0.035342682,-0.059128143,0.018767709,0.02061863,-1.883064
6614,2026-08-21,-0.031036127,-0.08214661,0.01642469,0.018891148,-1.889487
2024,2026-08-21,-0.0229018,-0.013096192,0.012053544,0.012754049,-1.8998479
8147,2026-08-21,-0.038536604,-0.1347952,0.02023615,0.022313075,-1.9042506
3284,2026-08-21,-0.03122573,0.02118278,0.016349757,0.021347493,-1.9097421
2010,2026-08-21,-0.036547508,-0.03726987,0.018918656,0.01691858,-1.9317216
3052,2026-08-21,-0.023276528,-0.04759432,0.011895657,0.015626993,-1.9565605
3135,2026-08-21,-0.03713177,-0.1754432,0.018888645,0.020242237,-1.965721
2028,2026-08-21,-0.026212903,-0.030483957,0.0132973865,0.015280148,-1.9711341
6197,2026-08-21,-0.02413067,-0.02637618,0.012232594,0.013742306,-1.9724922
3051,2026-08-21,-0.03270953,-0.12612404,0.016507816,0.01687503,-1.9813372
2211,2026-08-21,-0.031463064,-0.041708063,0.015857687,0.014710384,-1.983964
4943,2026-08-21,-0.031303864,-0.057374716,0.015773086,0.018972851,-1.9845121
6239,2026-08-21,-0.044492178,-0.1554895,0.022399161,0.027746467,-1.9862436
2376,2026-08-21,-0.029416585,-0.07103182,0.014763186,0.01679048,-1.9924285
6213,2026-08-21,-0.037022527,-0.107147485,0.018457765,0.018971194,-2.0056882
6414,2026-08-21,-0.03438236,-0.08154885,0.017131476,0.021451531,-2.0068529
3094,2026-08-21,-0.03380641,-0.098712854,0.016767604,0.019923804,-2.016054
8349,2026-08-21,-0.024348332,-0.02929577,0.012053828,0.010572163,-2.0197992
6182,2026-08-21,-0.04602407,-0.14036831,0.022758037,0.030277189,-2.0222328
1234,2026-08-21,-0.034470428,-0.02696221,0.01700194,0.016599791,-2.0273216
2368,2026-08-21,-0.033100132,-0.10546815,0.016281942,0.019881656,-2.0328102
6761,2026-08-21,-0.047457863,-0.12308774,0.023256497,0.023513751,-2.0405405
2340,2026-08-21,-0.047212947,-0.080321185,0.023031544,0.024572307,-2.0498364
3257,2026-08-21,-0.032972217,-0.14768572,0.016021354,0.019401629,-2.0578883
3188,2026-08-21,-0.037314877,-0.055362996,0.018131472,0.020406052,-2.0579035
4584,2026-08-21,-0.03360592,-0.056110315,0.016285384,0.016380478,-2.0634365
3687,2026-08-21,-0.03010876,-0.07329258,0.014582514,0.01343241,-2.064575
6226,2026-08-21,-0.03712261,-0.09281922,0.01794317,0.024778776,-2.068784
1460,2026-08-21,-0.026601138,0.0019752556,0.012789276,0.013230451,-2.0797937
2724,2026-08-21,-0.046125803,-0.06306235,0.022121396,0.026661064,-2.0850275
2103,2026-08-21,-0.03916108,-0.018028593,0.018679837,0.021618558,-2.0963235
5864,2026-08-21,-0.059283853,-0.10586106,0.028044183,0.03401644,-2.1138694
8102,2026-08-21,-0.029892502,-0.033542402,0.014134511,0.01604693,-2.1147096
7711,2026-08-21,-0.03565071,-0.11822853,0.016842304,0.020250082,-2.1166103
6506,2026-08-21,-0.037009273,-0.04367723,0.017392656,0.019032735,-2.1277454
1432,2026-08-21,-0.03205695,-0.1103117,0.015057557,0.01518821,-2.1288195
4971,2026-08-21,-0.046856973,-0.17133345,0.021933429,0.024689773,-2.1362295
3706,2026-08-21,-0.036999963,-0.017681697,0.017317623,0.01688518,-2.1364264
7822,2026-08-21,-0.0271649,-0.122281924,0.012668071,0.01555287,-2.1441903
3537,2026-08-21,-0.051419917,-0.12122385,0.023962947,0.022350062,-2.14572
1104,2026-08-21,-0.028666012,-0.004100154,0.013353904,0.015488847,-2.1464784
2442,2026-08-21,-0.048368435,-0.02071609,0.022508077,0.022035515,-2.1488414
5489,2026-08-21,-0.0331533,-0.02834429,0.015416163,0.017720798,-2.150415
6140,2026-08-21,-0.030887512,-0.097853936,0.014284024,0.01855506,-2.1622303
1805,2026-08-21,-0.029238999,-0.053264175,0.013486581,0.019430792,-2.167846
6693,2026-08-21,-0.038671453,-0.12310466,0.01782942,0.017507581,-2.1688468
4401,2026-08-21,-0.023546223,-0.03341973,0.010841654,0.016564298,-2.1716292
3037,2026-08-21,-0.034602236,-0.06554552,0.01592646,0.014884301,-2.1724892
6103,2026-08-21,-0.04427925,-0.091317035,0.020289151,0.02233261,-2.1823027
2020,2026-08-21,-0.03544037,-0.058905944,0.016233789,0.017329024,-2.1829894
4167,2026-08-21,-0.028610134,-0.064178854,0.013034273,0.0191686,-2.1948242
5206,2026-08-21,-0.039562125,-0.0836469,0.018000217,0.017170666,-2.1977472
9802,2026-08-21,-0.04860047,-0.015795166,0.021971034,0.024009993,-2.211924
3232,2026-08-21,-0.031898063,-0.074565604,0.014383587,0.016961891,-2.2175167
2740,2026-08-21,-0.031723257,-0.08607361,0.014174081,0.015885875,-2.2379594
1210,2026-08-21,-0.027200019,-0.029548086,0.0120476885,0.012002907,-2.2575088
2751,2026-08-21,-0.046945103,-0.11912002,0.020748869,0.022815818,-2.262429
4916,2026-08-21,-0.036599133,-0.10105815,0.016075844,0.021861652,-2.2765124
9928,2026-08-21,-0.024963012,-0.043298446,0.010945177,0.011810655,-2.2805233
8028,2026-08-21,-0.037594307,-0.109858654,0.016403824,0.014945842,-2.2916617
4569,2026-08-21,-0.038545668,-0.08501783,0.01681255,0.019337049,-2.292536
2454,2026-08-21,-0.02869144,-0.030639851,0.012450318,0.014930814,-2.3042893
3545,2026-08-21,-0.03917359,-0.090517916,0.016951451,0.025257228,-2.310792
2387,2026-08-21,-0.025240289,-0.062495098,0.010795697,0.015038196,-2.3377788
3523,2026-08-21,-0.07030626,-0.06949898,0.030066088,0.0294774,-2.3383129
3054,2026-08-21,-0.06461998,-0.13499399,0.027621387,0.027539467,-2.339406
3011,2026-08-21,-0.028300943,-0.11032728,0.011959905,0.013387372,-2.3661206
5344,2026-08-21,-0.052972045,-0.09896966,0.022377668,0.02394599,-2.3670776
1217,2026-08-21,-0.03176888,-0.038889907,0.013416103,0.014604914,-2.3677897
7811,2026-08-21,-0.03494312,-0.07314024,0.014747546,0.016941631,-2.3692584
8936,2026-08-21,-0.028264,-0.06624729,0.011908044,0.016536888,-2.3733222
2371,2026-08-21,-0.05100077,-0.09239944,0.021465058,0.02443821,-2.3758798
6830,2026-08-21,-0.090946816,-0.18477707,0.03803482,0.039057817,-2.3910835
6944,2026-08-21,-0.034321196,-0.082337156,0.014323274,0.01586997,-2.3960166
6284,2026-08-21,-0.038483758,-0.11713276,0.015982453,0.019945744,-2.4077249
3558,2026-08-21,-0.049382735,-0.07013286,0.020480825,0.018787714,-2.4110515
6438,2026-08-21,-0.026810242,-0.15863076,0.011097842,0.018748287,-2.415589
8403,2026-08-21,-0.031621493,-0.08483709,0.013078999,0.02028637,-2.4175456
3062,2026-08-21,-0.039395783,-0.11199783,0.016290614,0.018381618,-2.4181633
2608,2026-08-21,-0.02432502,0.005748567,0.010044211,0.010718384,-2.421554
3055,2026-08-21,-0.06313204,-0.12142595,0.026005361,0.027880495,-2.4275615
6901,2026-08-21,-0.07071955,-0.10735618,0.029065507,0.026388587,-2.4330254
8043,2026-08-21,-0.06869163,-0.108277656,0.028183838,0.036772966,-2.4371839
6209,2026-08-21,-0.046405513,-0.07550085,0.018956272,0.023679037,-2.4479003
2453,2026-08-21,-0.03037424,-0.0937969,0.012374303,0.015719796,-2.454424
1442,2026-08-21,-0.037012875,-0.011985301,0.015007292,0.01803411,-2.4661617
3167,2026-08-21,-0.06194676,-0.15622565,0.025108533,0.02652097,-2.4670615
9924,2026-08-21,-0.036346994,-0.08099224,0.014706887,0.01588793,-2.4712586
6708,2026-08-21,-0.036010567,-0.045694668,0.014506415,0.018479941,-2.482218
2528,2026-08-21,-0.046270013,-0.054250646,0.018613376,0.019697722,-2.485714
8409,2026-08-21,-0.029282903,-0.046302374,0.011765363,0.014838259,-2.4886963
6512,2026-08-21,-0.03635387,-0.11058772,0.014593645,0.017985491,-2.4909048
3632,2026-08-21,-0.033463128,-0.13848896,0.01341,0.017841075,-2.4952
2392,2026-08-21,-0.05072332,-0.01607328,0.020317242,0.020577982,-2.4964426
4439,2026-08-21,-0.033707593,-0.029213803,0.013429507,0.01564745,-2.509778
3310,2026-08-21,-0.031744238,-0.04216196,0.01254299,0.012331862,-2.5306332
4131,2026-08-21,-0.030060004,-0.087112695,0.0118432,0.014433005,-2.5379515
6270,2026-08-21,-0.04198738,-0.02595929,0.016459435,0.017516471,-2.550806
2615,2026-08-21,-0.042711638,-0.02977434,0.01669223,0.016998503,-2.5586202
3713,2026-08-21,-0.04748946,-0.033939123,0.018506449,0.020739866,-2.5659647
6470,2026-08-21,-0.0347254,-0.0914611,0.013490084,0.01785002,-2.573952
6790,2026-08-21,-0.034077328,-0.0017940571,0.01320067,0.017913515,-2.5812893
3438,2026-08-21,-0.06484898,-0.15634172,0.02504158,0.023278587,-2.5895486
2505,2026-08-21,-0.043402005,-0.027486142,0.016755326,0.015398562,-2.5901864
4420,2026-08-21,-0.039285183,-0.097461745,0.015115114,0.018676104,-2.5988944
8183,2026-08-21,-0.029777022,-0.06911047,0.011439931,0.010832061,-2.6026747
2415,2026-08-21,-0.029755378,0.02133482,0.01140211,0.015321952,-2.609409
9930,2026-08-21,-0.045077596,-0.071280874,0.017206548,0.017417867,-2.6196408
2332,2026-08-21,-0.048408173,-0.111303665,0.018425234,0.024217375,-2.6271334
2911,2026-08-21,-0.03733955,-0.09324999,0.014167259,0.01416514,-2.6354365
2812,2026-08-21,-0.034498084,-0.04121213,0.013043832,0.014585907,-2.6445787
1603,2026-08-21,-0.039106447,-0.061010193,0.014772288,0.015530705,-2.6471052
6166,2026-08-21,-0.04887508,-0.10723063,0.018457333,0.01506036,-2.6478598
6756,2026-08-21,-0.03279601,-0.07482243,0.01237998,0.014355726,-2.6489027
4972,2026-08-21,-0.04628104,-0.11376085,0.017411854,0.017814914,-2.6578662
8478,2026-08-21,-0.057278033,-0.069324166,0.02152019,0.02032979,-2.6614714
3587,2026-08-21,-0.049976923,-0.157455,0.018749176,0.023654409,-2.6654108
5245,2026-08-21,-0.03897706,-0.061696663,0.014600061,0.016682275,-2.6694677
6188,2026-08-21,-0.062490854,-0.10819101,0.023122286,0.02934925,-2.7025075
3313,2026-08-21,-0.05959511,-0.053143285,0.021989252,0.027942626,-2.7100694
2436,2026-08-21,-0.0571316,-0.12633985,0.02106599,0.026983632,-2.7119014
6024,2026-08-21,-0.056474082,-0.01609562,0.020801837,0.017728882,-2.7147298
3511,2026-08-21,-0.044380356,-0.06588712,0.01634663,0.016467318,-2.7147884
8440,2026-08-21,-0.04634589,-0.1387633,0.01706944,0.022738252,-2.7149792
2745,2026-08-21,-0.037992314,-0.108640194,0.01396499,0.018883262,-2.720345
6225,2026-08-21,-0.059379444,-0.059708618,0.021777581,0.025134118,-2.7265065
3325,2026-08-21,-0.03792466,-0.061985034,0.013901942,0.015783776,-2.7278152
3354,2026-08-21,-0.054884538,-0.14188519,0.020029426,0.019753134,-2.7400584
3081,2026-08-21,-0.056430776,-0.18672301,0.020345654,0.020004239,-2.773467
1735,2026-08-21,-0.046350345,-0.1298423,0.016695023,0.02029543,-2.776131
4906,2026-08-21,-0.04921963,-0.12217471,0.017676681,0.01746376,-2.7842808
2349,2026-08-21,-0.04437458,-0.14317897,0.015926596,0.016801184,-2.7860188
3580,2026-08-21,-0.05243375,-0.17311789,0.018801903,0.02483887,-2.7885985
6492,2026-08-21,-0.032987062,-0.060735743,0.01182801,0.013118883,-2.788658
6419,2026-08-21,-0.05749864,-0.17871568,0.020581374,0.023758806,-2.7935865
5315,2026-08-21,-0.042018868,-0.07636972,0.015037209,0.017683245,-2.7941403
6698,2026-08-21,-0.040188383,-0.09708998,0.014380369,0.015246584,-2.7944753
1464,2026-08-21,-0.04570079,-0.044640597,0.016328286,0.016189246,-2.7987008
1446,2026-08-21,-0.04593604,-0.07107405,0.016402092,0.014809964,-2.80045
2351,2026-08-21,-0.053195223,-0.0762007,0.01894017,0.023433067,-2.8084445
8234,2026-08-21,-0.048350513,-0.10957479,0.017199667,0.023467403,-2.8109672
6423,2026-08-21,-0.053679444,-0.18067612,0.019055009,0.026407778,-2.81693
6283,2026-08-21,-0.046440467,-0.07413508,0.016414534,0.01778998,-2.829056
1109,2026-08-21,-0.047990493,-0.043128524,0.016950145,0.018423056,-2.8311062
6931,2026-08-21,-0.0424679,-0.084235094,0.014883781,0.014096059,-2.853109
8048,2026-08-21,-0.049546972,-0.16287257,0.017339112,0.019831197,-2.8573616
2235,2026-08-21,-0.045449693,-0.13192834,0.015806952,0.017415268,-2.8751156
5512,2026-08-21,-0.03198611,0.011201229,0.011080608,0.012068976,-2.886414
2948,2026-08-21,-0.036243055,-0.04594702,0.012525936,0.016079219,-2.89321
5508,2026-08-21,-0.04093459,-0.035319593,0.0141381,0.014694568,-2.895134
2748,2026-08-21,-0.049282424,-0.084637195,0.01689259,0.02002624,-2.9172263
5483,2026-08-21,-0.08762922,-0.18462351,0.030033326,0.026014542,-2.9176357
5465,2026-08-21,-0.04876621,-0.072859,0.016694602,0.01983928,-2.9209015
2509,2026-08-21,-0.042037543,-0.06324598,0.014387215,0.017783599,-2.921665
1709,2026-08-21,-0.045567114,-0.070493616,0.015589463,0.020247238,-2.9227557
2906,2026-08-21,-0.052954588,-0.06586108,0.01800778,0.021109957,-2.9404874
5701,2026-08-21,-0.036350515,-0.05605718,0.012310332,0.0156207,-2.9526062
2023,2026-08-21,-0.045126848,-0.055845134,0.015254891,0.01648056,-2.957995
2429,2026-08-21,-0.054151107,-0.10042949,0.018248409,0.02147965,-2.96728
2849,2026-08-21,-0.037827574,0.061154746,0.012732891,0.014063293,-2.9706216
6655,2026-08-21,-0.040819567,-0.09844303,0.0137291355,0.013414717,-2.9729908
2399,2026-08-21,-0.04895382,-0.089863285,0.01633337,0.020965477,-2.9969826
4908,2026-08-21,-0.05337181,-0.15395877,0.017733416,0.018832231,-3.0095048
6835,2026-08-21,-0.048252854,-0.12069399,0.015971625,0.016946195,-3.020972
4169,2026-08-21,-0.05120756,-0.02803639,0.0169315,0.019535348,-3.0242174
1727,2026-08-21,-0.059101295,-0.09726403,0.019529518,0.021246357,-3.0260997
7770,2026-08-21,-0.05103997,-0.12182307,0.016859407,0.022638442,-3.0272088
1713,2026-08-21,-0.05228846,-0.11323012,0.017260004,0.023354387,-3.0292828
2430,2026-08-21,-0.05772909,-0.09406175,0.019025674,0.017770108,-3.0341136
6198,2026-08-21,-0.06852725,-0.058706388,0.022409478,0.026510315,-3.057822
2904,2026-08-21,-0.046505935,-0.10289529,0.015204035,0.016649095,-3.0585878
5457,2026-08-21,-0.049857393,-0.05778657,0.016274314,0.021215964,-3.063375
3219,2026-08-21,-0.04978351,-0.17820063,0.016238037,0.019424312,-3.0656686
8463,2026-08-21,-0.04556782,-0.05209436,0.014850424,0.0162383,-3.068246
8422,2026-08-21,-0.074733876,-0.11487401,0.024208514,0.023524998,-3.086963
3288,2026-08-21,-0.06254646,-0.10106791,0.020235507,0.024243006,-3.0907736
1802,2026-08-21,-0.056256313,-0.09976688,0.018192958,0.024554888,-3.0920327
8084,2026-08-21,-0.09041294,-0.1633349,0.02912078,0.026758699,-3.10465
3714,2026-08-21,-0.059889175,-0.08427432,0.01919027,0.023235258,-3.1206467
5364,2026-08-21,-0.034965884,-0.08627318,0.011175828,0.013829315,-3.1284263
5347,2026-08-21,-0.0812325,-0.15188271,0.025891067,0.02595261,-3.137351
8473,2026-08-21,-0.061703403,-0.046946708,0.019659307,0.021479039,-3.1384761
3294,2026-08-21,-0.050068796,-0.11739637,0.015916696,0.02004234,-3.1454802
1626,2026-08-21,-0.03318982,-0.029876284,0.010525326,0.012232334,-3.1530294
8255,2026-08-21,-0.039733145,-0.10862185,0.012587592,0.013360388,-3.156282
2941,2026-08-21,-0.050280984,-0.1210365,0.015859537,0.024357649,-3.1701944
3708,2026-08-21,-0.0490513,-0.077820174,0.015348766,0.021237245,-3.195573
6906,2026-08-21,-0.044483606,-0.10704871,0.013915717,0.016859932,-3.1964152
6180,2026-08-21,-0.04306465,-0.038723327,0.01346319,0.016017383,-3.1984582
6111,2026-08-21,-0.039701276,-0.13729134,0.012390715,0.01640193,-3.2038562
6715,2026-08-21,-0.061540265,-0.11712289,0.019206846,0.020365711,-3.2039127
3147,2026-08-21,-0.05938127,-0.15796773,0.018426497,0.023473786,-3.2224274
6730,2026-08-21,-0.041460894,-0.07776148,0.012863286,0.019252341,-3.2229457
6872,2026-08-21,-0.057343964,-0.07511391,0.017771186,0.021965746,-3.2266128
6235,2026-08-21,-0.06447737,-0.1039399,0.019973595,0.02154381,-3.2279687
5009,2026-08-21,-0.050956015,-0.10510485,0.01572035,0.017045142,-3.2411983
7547,2026-08-21,-0.04563504,-0.12009792,0.014073631,0.019616894,-3.2423615
3078,2026-08-21,-0.06768702,-0.1347272,0.020735407,0.02331406,-3.2641633
5285,2026-08-21,-0.057888184,-0.11713844,0.017731842,0.018933265,-3.2644618
1813,2026-08-21,-0.040874425,-0.120666616,0.01248478,0.014075568,-3.2736783
6152,2026-08-21,-0.054239035,-0.08539011,0.016561408,0.01820543,-3.274828
5309,2026-08-21,-0.043438725,-0.11626169,0.0132423835,0.01691016,-3.2800322
5243,2026-08-21,-0.044095255,-0.10682054,0.013435202,0.017367486,-3.2818244
2801,2026-08-21,-0.056335147,-0.06636934,0.017157195,0.019714545,-3.2832792
3607,2026-08-21,-0.04252736,-0.097070724,0.0129344305,0.017521244,-3.2876647
3008,2026-08-21,-0.053213336,-0.077948116,0.015958484,0.015203077,-3.3342767
3059,2026-08-21,-0.04216331,-0.03126727,0.012638975,0.016066512,-3.3357112
2643,2026-08-21,-0.03991853,-0.041667257,0.011933206,0.014058088,-3.3448837
9906,2026-08-21,-0.047538463,-0.045954783,0.01420966,0.016609373,-3.3452678
6477,2026-08-21,-0.11902515,-0.14144185,0.035268866,0.031806204,-3.3746982
1294,2026-08-21,-0.04237322,-0.10540795,0.012554289,0.016877891,-3.37493
3050,2026-08-21,-0.043315496,-0.07922296,0.012809249,0.016104763,-3.3813157
5704,2026-08-21,-0.05184269,-0.072531365,0.015330939,0.017023603,-3.3813524
2359,2026-08-21,-0.068119355,-0.058304645,0.020069374,0.026976246,-3.394025
4989,2026-08-21,-0.047736924,-0.17956157,0.014037744,0.02018211,-3.40037
9940,2026-08-21,-0.05193293,-0.009364814,0.0152585395,0.014656451,-3.403309
1810,2026-08-21,-0.12919953,-0.24225119,0.037934855,0.0419276,-3.405737
8215,2026-08-21,-0.046953358,-0.07460063,0.013784634,0.017001592,-3.405963
2597,2026-08-21,-0.053081673,-0.048017208,0.015562279,0.016916994,-3.4106996
2008,2026-08-21,-0.04473528,0.0029200395,0.01310108,0.011820766,-3.4143646
2492,2026-08-21,-0.0792823,-0.20673278,0.023218514,0.021890916,-3.4144683
5488,2026-08-21,-0.046781413,-0.034006067,0.013678087,0.015126538,-3.419922
3312,2026-08-21,-0.08192647,-0.12582484,0.023828108,0.01763685,-3.438084
3071,2026-08-21,-0.050763592,-0.13129738,0.014753304,0.015211563,-3.4405954
1708,2026-08-21,-0.047833238,-0.03632868,0.013860501,0.014211809,-3.4507978
4188,2026-08-21,-0.058075055,-0.057925213,0.016768271,0.017229572,-3.463183
3289,2026-08-21,-0.044381175,-0.18003994,0.012813307,0.016639022,-3.463408
8097,2026-08-21,-0.04778773,-0.087314285,0.013790168,0.01676935,-3.4650967
1336,2026-08-21,-0.049462028,-0.050325036,0.014263225,0.017797936,-3.467558
2495,2026-08-21,-0.04889969,-0.11190657,0.0140987635,0.014470789,-3.4681213
4702,2026-08-21,-0.053176712,-0.08706581,0.015307957,0.013970225,-3.4735684
2363,2026-08-21,-0.071776696,-0.10112259,0.020662017,0.028288176,-3.4736793
3272,2026-08-21,-0.040636,-0.09308349,0.011673132,0.0151930135,-3.4808583
2705,2026-08-21,-0.044966646,-0.06343767,0.01289523,0.01415889,-3.4868054
1218,2026-08-21,-0.06345411,-0.10169307,0.018155055,0.018999958,-3.4949281
6465,2026-08-21,-0.046075743,-0.049558807,0.013170449,0.013671491,-3.4981527
2323,2026-08-21,-0.07207564,-0.063194156,0.02053298,0.019512884,-3.5100667
8938,2026-08-21,-0.051255338,-0.07888191,0.014600181,0.016760817,-3.5103555
2328,2026-08-21,-0.049201734,-0.09370825,0.0139618935,0.018022714,-3.523749
6582,2026-08-21,-0.044821262,0.0141059775,0.012660405,0.014467573,-3.5399911
1423,2026-08-21,-0.049279563,-0.09315206,0.013740067,0.014199627,-3.586298
8908,2026-08-21,-0.05618427,-0.052026395,0.015637679,0.017827567,-3.592648
1907,2026-08-21,-0.060016416,-0.037611507,0.016700085,0.01919383,-3.5935638
2539,2026-08-21,-0.06640108,-0.06533139,0.018474972,0.020115158,-3.5939152
3623,2026-08-21,-0.06875944,-0.19164166,0.019110825,0.023245864,-3.5977433
6887,2026-08-21,-0.050550144,-0.03967137,0.014032041,0.021536324,-3.6022232
3024,2026-08-21,-0.052206453,-0.05146736,0.014481986,0.015104629,-3.6046746
1614,2026-08-21,-0.049339425,-0.041816685,0.013670521,0.017516281,-3.6089199
6763,2026-08-21,-0.045238968,-0.088686064,0.012476136,0.013428864,-3.6257493
4905,2026-08-21,-0.06910884,-0.124993086,0.018958697,0.022562798,-3.645039
3373,2026-08-21,-0.04482805,-0.07095074,0.012247616,0.017004887,-3.6598458
4416,2026-08-21,-0.08360546,-0.104539484,0.022833997,0.021900583,-3.661286
9934,2026-08-21,-0.051034354,-0.046371307,0.013929524,0.013470218,-3.6634912
6961,2026-08-21,-0.07421305,-0.13033597,0.020254571,0.019679228,-3.663834
6641,2026-08-21,-0.041984536,-0.06256327,0.011447605,0.0138725415,-3.6672184
3260,2026-08-21,-0.06367195,-0.20392428,0.017317014,0.025135364,-3.676631
6523,2026-08-21,-0.042034514,-0.09943947,0.011430051,0.01651673,-3.677222
4560,2026-08-21,-0.06523662,-0.079067215,0.01768834,0.022586888,-3.6879058
1736,2026-08-21,-0.06864985,-0.13648343,0.018546317,0.016130451,-3.701336
8443,2026-08-21,-0.054141354,-0.12347976,0.014612469,0.01509065,-3.704894
7709,2026-08-21,-0.066899925,-0.14512418,0.018048204,0.017117416,-3.7065303
5468,2026-08-21,-0.060268793,-0.066844106,0.016245637,0.017909138,-3.7096164
6994,2026-08-21,-0.07754048,-0.1252989,0.020780638,0.01622758,-3.7312014
5230,2026-08-21,-0.07397405,-0.06350216,0.019824313,0.022685232,-3.731293
6168,2026-08-21,-0.064716734,-0.12621611,0.017329413,0.016009694,-3.7342868
4556,2026-08-21,-0.09160679,-0.13064899,0.024494682,0.023505578,-3.7397118
5203,2026-08-21,-0.038605347,-0.124127135,0.010314009,0.014802118,-3.742638
6195,2026-08-21,-0.05072572,-0.09204369,0.013518497,0.016352223,-3.7520418
1416,2026-08-21,-0.048616122,-0.07025795,0.012949226,0.016286993,-3.754075
8272,2026-08-21,-0.051705346,-0.1199057,0.013768784,0.018623564,-3.754986
4538,2026-08-21,-0.07483017,-0.13621058,0.01989754,0.020951422,-3.760586
1463,2026-08-21,-0.0621658,-0.04285075,0.01646241,0.014211275,-3.7759979
0053,2026-08-21,-0.05929679,-0.1659513,0.01568748,0.023963923,-3.7796388
4967,2026-08-21,-0.09392368,-0.15310656,0.024820022,0.019099241,-3.7840376
4442,2026-08-21,-0.060781576,-0.11552243,0.016038565,0.020907758,-3.7894778
6741,2026-08-21,-0.047236104,-0.075140305,0.012447784,0.014373219,-3.7944353
2108,2026-08-21,-0.07506143,-0.046891954,0.01976283,0.019719644,-3.7979193
6205,2026-08-21,-0.05659078,-0.14217782,0.014895841,0.01667059,-3.7988443
6147,2026-08-21,-0.06905334,-0.12968421,0.018066978,0.02411108,-3.821863
1721,2026-08-21,-0.05666455,-0.08286349,0.014753561,0.014670367,-3.8404768
6215,2026-08-21,-0.073077805,-0.18121305,0.01901605,0.027853334,-3.842752
6615,2026-08-21,-0.066373274,-0.12050316,0.017194383,0.017778957,-3.8599474
1307,2026-08-21,-0.039796814,-0.049971208,0.010305244,0.0110740075,-3.8614275
7819,2026-08-21,-0.076912895,-0.18652543,0.019874044,0.018924577,-3.8698225
8066,2026-08-21,-0.054243606,-0.1462254,0.013974425,0.017048713,-3.8813562
7791,2026-08-21,-0.033241626,-0.07944213,0.00853662,0.013410443,-3.893547
6807,2026-08-21,-0.059209283,-0.07451126,0.015170211,0.017684402,-3.9027393
7751,2026-08-21,-0.056433525,-0.14995006,0.0144257145,0.014460418,-3.9117377
1434,2026-08-21,-0.054874357,-0.010657515,0.013989979,0.011092785,-3.922124
6728,2026-08-21,-0.053881027,-0.10781494,0.0136856185,0.016644808,-3.9367669
2483,2026-08-21,-0.0669248,-0.10261709,0.016980095,0.020893771,-3.941136
1473,2026-08-21,-0.053933676,-0.0679837,0.013665962,0.015567858,-3.9462812
3128,2026-08-21,-0.07069807,-0.13494918,0.017909342,0.019611182,-3.947332
8916,2026-08-21,-0.06569632,-0.10192307,0.016594257,0.020363268,-3.9587407
6792,2026-08-21,-0.06780556,-0.12246706,0.017066818,0.01925636,-3.972714
3168,2026-08-21,-0.06061751,-0.12139136,0.015252177,0.01486209,-3.9740908
6237,2026-08-21,-0.06836643,-0.14687414,0.01710667,0.01953875,-3.9962442
8411,2026-08-21,-0.06795716,-0.049556177,0.016997926,0.017470192,-3.9977326
3090,2026-08-21,-0.1142327,-0.1768039,0.028545642,0.030863358,-4.001616
8249,2026-08-21,-0.05804165,-0.14104538,0.014460743,0.01563021,-4.0134616
8421,2026-08-21,-0.06818478,-0.044018857,0.016962294,0.01629014,-4.0195484
3141,2026-08-21,-0.056133855,-0.13091569,0.013928753,0.015839439,-4.029781
5306,2026-08-21,-0.049748044,-0.032572098,0.012343885,0.013591401,-4.0298505
6727,2026-08-21,-0.08800695,-0.12289883,0.021809548,0.025804592,-4.0350637
8088,2026-08-21,-0.07160101,-0.19665541,0.017718615,0.021568041,-4.0407767
6720,2026-08-21,-0.08220678,-0.17436032,0.020331567,0.023579229,-4.0431085
1227,2026-08-21,-0.05425573,-0.026516322,0.013411144,0.016839083,-4.045269
7768,2026-08-21,-0.05419656,-0.1453244,0.013366318,0.02009401,-4.0544076
4919,2026-08-21,-0.07783637,-0.1773757,0.01919369,0.020566436,-4.055099
3114,2026-08-21,-0.06813173,-0.092692085,0.01678132,0.01493563,-4.0597324
8121,2026-08-21,-0.061314184,-0.13242123,0.01503303,0.014316445,-4.0783596
4526,2026-08-21,-0.095794134,-0.16679506,0.023484297,0.021444157,-4.078898
4541,2026-08-21,-0.07323205,-0.1578934,0.0179474,0.022413114,-4.0801435
1711,2026-08-21,-0.06627185,-0.15166925,0.016224565,0.02412676,-4.084409
2062,2026-08-21,-0.06935992,-0.0684868,0.016929798,0.020551734,-4.0966716
1231,2026-08-21,-0.05584228,-0.10086409,0.013625191,0.014071218,-4.098158
6785,2026-08-21,-0.14182541,-0.1533923,0.034542743,0.029664695,-4.1056757
9914,2026-08-21,-0.08538507,-0.06663788,0.020681957,0.021635287,-4.1282816
6127,2026-08-21,-0.061906442,-0.14239807,0.014970309,0.017540649,-4.135005
6167,2026-08-21,-0.11211369,-0.1997444,0.027087314,0.027338287,-4.138821
6505,2026-08-21,-0.06358425,-0.10074603,0.015345598,0.0197833,-4.1432147
3266,2026-08-21,-0.06990601,-0.058358088,0.016829772,0.019952962,-4.1534643
6651,2026-08-21,-0.071164735,-0.12911877,0.0170647,0.020870902,-4.170045
6558,2026-08-21,-0.057675067,-0.11241848,0.0138133,0.017263738,-4.1750264
3675,2026-08-21,-0.09300458,-0.23639946,0.022229655,0.030058483,-4.1836185
2719,2026-08-21,-0.040169317,-0.11158668,0.009597543,0.013234684,-4.184939
6591,2026-08-21,-0.07492221,-0.16961625,0.017892396,0.017843079,-4.1871433
6156,2026-08-21,-0.052689034,-0.013520679,0.012525781,0.016627502,-4.206111
4722,2026-08-21,-0.08485617,-0.14825657,0.0200911,0.02104204,-4.2233596
1762,2026-08-21,-0.06348046,-0.14041013,0.015029751,0.018091774,-4.2233725
2227,2026-08-21,-0.059444617,-0.029069774,0.014067205,0.014367579,-4.2254586
1521,2026-08-21,-0.051409636,-0.043201193,0.012157445,0.016222285,-4.228307
6804,2026-08-21,-0.05543571,-0.047296956,0.013090977,0.017495412,-4.234327
3609,2026-08-21,-0.05406232,-0.061749462,0.01273548,0.016183158,-4.244683
3296,2026-08-21,-0.078300945,-0.06374893,0.018408986,0.016483288,-4.253178
3178,2026-08-21,-0.06307921,-0.12919489,0.014821197,0.017614769,-4.255726
6125,2026-08-21,-0.13319391,-0.1886363,0.03119983,0.032543644,-4.268922
6629,2026-08-21,-0.08354292,-0.118685454,0.019558012,0.020473046,-4.271326
8499,2026-08-21,-0.07963666,-0.12951884,0.018613696,0.021408027,-4.2781606
6754,2026-08-21,-0.050909773,-0.06565518,0.011892697,0.016808512,-4.2803993
3501,2026-08-21,-0.065452024,-0.10813277,0.01526414,0.01895643,-4.287679
4426,2026-08-21,-0.07567087,-0.06883202,0.017560024,0.016888056,-4.309024
6272,2026-08-21,-0.07254424,-0.12402994,0.016733546,0.02009917,-4.334999
6431,2026-08-21,-0.06620895,-0.054663744,0.015269018,0.019698089,-4.335879
2903,2026-08-21,-0.07570042,-0.051889095,0.017403744,0.018416367,-4.349413
1733,2026-08-21,-0.06000719,-0.06692314,0.013786255,0.019640595,-4.3523664
9902,2026-08-21,-0.08731699,-0.08665236,0.020020846,0.021230323,-4.361086
3026,2026-08-21,-0.098914094,-0.13127045,0.022616278,0.02728178,-4.3733864
2106,2026-08-21,-0.049550675,0.003961838,0.011326072,0.013622467,-4.374535
2754,2026-08-21,-0.062048193,-0.0650479,0.0141457645,0.016717682,-4.386034
4192,2026-08-21,-0.07233679,-0.15071665,0.016417151,0.019860445,-4.405904
2348,2026-08-21,-0.09207295,-0.07110796,0.02077863,0.022537827,-4.4309235
6179,2026-08-21,-0.10191918,-0.120847315,0.022983199,0.024234008,-4.434315
1815,2026-08-21,-0.0915157,-0.1973726,0.020611437,0.022137022,-4.439829
6265,2026-08-21,-0.15383857,-0.14676642,0.034643035,0.042674523,-4.4405503
4935,2026-08-21,-0.06408003,-0.067325145,0.014402639,0.013916706,-4.448878
4441,2026-08-21,-0.062509306,-0.09456991,0.013991111,0.016676161,-4.467468
6890,2026-08-21,-0.066527635,-0.08978971,0.014840693,0.017109504,-4.482483
4433,2026-08-21,-0.059468832,-0.13973042,0.01323831,0.012006427,-4.4918375
3297,2026-08-21,-0.08969097,-0.23512678,0.019957347,0.022825,-4.4939075
2302,2026-08-21,-0.10232791,-0.087534934,0.022768335,0.022876112,-4.4941106
4540,2026-08-21,-0.075197265,-0.16556753,0.016719094,0.018871102,-4.497419
6186,2026-08-21,-0.08313615,-0.15796798,0.018472407,0.018600333,-4.5003147
2609,2026-08-21,-0.05154149,-0.003975949,0.011430265,0.01576855,-4.508817
2427,2026-08-21,-0.06725505,-0.0658413,0.014870605,0.01402159,-4.52238
6637,2026-08-21,-0.089999564,-0.10811273,0.019889103,0.015923759,-4.5248413
4121,2026-08-21,-0.053546753,-0.08539268,0.011815787,0.016467433,-4.5314136
6425,2026-08-21,-0.09796939,-0.2488029,0.02159023,0.025904277,-4.537462
4912,2026-08-21,-0.067558885,-0.14779244,0.014882354,0.015313602,-4.539224
6937,2026-08-21,-0.07149653,-0.14456345,0.015709156,0.016690988,-4.5509753
5011,2026-08-21,-0.064764336,-0.052096646,0.014214604,0.0144159645,-4.5558624
3205,2026-08-21,-0.07336411,-0.123027354,0.016058696,0.013945994,-4.5682125
5213,2026-08-21,-0.07028935,-0.10461736,0.015385238,0.016633654,-4.568326
4175,2026-08-21,-0.064899415,-0.16343111,0.014190264,0.01709557,-4.5731945
6953,2026-08-21,-0.09515322,-0.1900683,0.020773115,0.018254533,-4.5803742
2321,2026-08-21,-0.08660898,-0.12235034,0.018895518,0.018972106,-4.58333
6929,2026-08-21,-0.05884056,-0.061079275,0.012821933,0.01884073,-4.5886974
3630,2026-08-21,-0.06346283,-0.06744493,0.0138227735,0.019555142,-4.590847
4590,2026-08-21,-0.07345316,-0.062227618,0.015928501,0.018964494,-4.61114
2881,2026-08-21,-0.07980143,-0.07426761,0.017239096,0.017952163,-4.6288276
4934,2026-08-21,-0.060160972,-0.048603196,0.012982199,0.014713359,-4.6337557
9907,2026-08-21,-0.08708632,-0.074564934,0.018784938,0.015745439,-4.6357183
4968,2026-08-21,-0.07132473,-0.21278906,0.015342116,0.020754743,-4.648647
6432,2026-08-21,-0.09753145,-0.105437614,0.02092546,0.018448459,-4.660676
6752,2026-08-21,-0.04098836,-0.14917639,0.008785877,0.011246189,-4.664724
6742,2026-08-21,-0.07911661,-0.1243638,0.016942615,0.022407243,-4.669406
3489,2026-08-21,-0.094924845,-0.15797062,0.020306263,0.027490797,-4.674428
5498,2026-08-21,-0.15257245,-0.32080022,0.032591693,0.03934904,-4.681186
6221,2026-08-21,-0.07129652,-0.082071096,0.015213583,0.018000977,-4.6860647
3029,2026-08-21,-0.07292525,-0.10387954,0.015526993,0.014393499,-4.696373
3252,2026-08-21,-0.06428524,-0.07640601,0.01367489,0.014149058,-4.700626
2031,2026-08-21,-0.08278918,-0.067340925,0.017609997,0.017161964,-4.7009935
4137,2026-08-21,-0.059562184,-0.047293015,0.01265617,0.012408663,-4.705806
8074,2026-08-21,-0.10859992,-0.23033126,0.023049483,0.022903627,-4.711395
6593,2026-08-21,-0.06072118,-0.17165582,0.012865802,0.016808843,-4.719213
6909,2026-08-21,-0.09929098,-0.20552039,0.021033932,0.024939975,-4.72029
5471,2026-08-21,-0.08616241,-0.13737492,0.018252218,0.018476387,-4.7203956
6846,2026-08-21,-0.068680115,-0.13217595,0.014541868,0.014105235,-4.7225976
2645,2026-08-21,-0.05446584,-0.061564818,0.011515427,0.011785696,-4.7294044
4930,2026-08-21,-0.069085814,-0.14840527,0.01458325,0.01536375,-4.7370152
8906,2026-08-21,-0.07207283,-0.08231964,0.015147014,0.016640281,-4.757906
2511,2026-08-21,-0.05745853,0.007815917,0.012002104,0.012696698,-4.7869725
2923,2026-08-21,-0.071372375,-0.05909511,0.014897116,0.015067105,-4.7906976
5519,2026-08-21,-0.07222662,-0.11771759,0.015056585,0.016014373,-4.7966933
2374,2026-08-21,-0.07211408,-0.09973467,0.015001719,0.01674873,-4.806734
1301,2026-08-21,-0.0598531,-0.10533764,0.012414882,0.016198138,-4.8206882
6441,2026-08-21,-0.06960787,-0.1459364,0.014434289,0.016322693,-4.8220625
3673,2026-08-21,-0.07096902,-0.08858878,0.0146438815,0.01560515,-4.845995
2201,2026-08-21,-0.0636229,-0.026686076,0.013126659,0.012850582,-4.846477
3093,2026-08-21,-0.08253249,-0.18377252,0.016977986,0.022607543,-4.860861
2064,2026-08-21,-0.089153,-0.099162005,0.01833266,0.01804402,-4.862804
2546,2026-08-21,-0.07393758,-0.045645308,0.015157085,0.017671313,-4.877765
3564,2026-08-21,-0.078305624,-0.08430357,0.015989343,0.0143982535,-4.897057
7788,2026-08-21,-0.09451325,-0.14503083,0.019291984,0.01825875,-4.8988404
1417,2026-08-21,-0.08045937,-0.13337305,0.016407283,0.019962708,-4.9035826
2607,2026-08-21,-0.059567135,-0.04035775,0.012142035,0.013577366,-4.9054565
3652,2026-08-21,-0.080020554,-0.10285843,0.016256494,0.01714058,-4.9220715
1584,2026-08-21,-0.11305164,-0.12033375,0.02294979,0.024443978,-4.9258275
1587,2026-08-21,-0.083476655,-0.11262928,0.016925491,0.020379962,-4.9317164
1541,2026-08-21,-0.06635266,-0.077819996,0.013441713,0.016877275,-4.9359574
4402,2026-08-21,-0.0697213,-0.022759652,0.014120639,0.013889819,-4.937196
3025,2026-08-21,-0.1037277,-0.23317696,0.020844009,0.024779316,-4.9761405
5460,2026-08-21,-0.045509316,-0.11502388,0.009071648,0.01597009,-5.0161004
3684,2026-08-21,-0.077128366,-0.18391784,0.015340154,0.019086614,-5.0275464
1806,2026-08-21,-0.089989744,-0.06739955,0.017838731,0.021268925,-5.044344
6508,2026-08-21,-0.078831606,-0.076776296,0.015618302,0.016745353,-5.0470634
6674,2026-08-21,-0.07673292,-0.09633336,0.015184095,0.020795438,-5.0531735
3416,2026-08-21,-0.06437668,-0.10076722,0.0127362935,0.014478496,-5.0541883
3622,2026-08-21,-0.059008766,-0.11347207,0.0116471425,0.013867994,-5.065938
5426,2026-08-21,-0.13163479,-0.11073554,0.025971487,0.026353093,-5.0682397
4148,2026-08-21,-0.078830466,-0.08120704,0.015547321,0.01539185,-5.0700307
8933,2026-08-21,-0.08334793,-0.07998457,0.016437847,0.017453672,-5.070181
2409,2026-08-21,-0.09478009,-0.20729245,0.018650878,0.025864737,-5.0815306
2461,2026-08-21,-0.09175985,-0.121749274,0.018034002,0.015719928,-5.087876
1515,2026-08-21,-0.16839887,-0.1914799,0.03299455,0.033113893,-5.1036844
8085,2026-08-21,-0.08750598,-0.11552468,0.017138083,0.019159408,-5.1056395
5013,2026-08-21,-0.06769935,-0.06356355,0.013248656,0.013037535,-5.1095176
6658,2026-08-21,-0.100395635,-0.22119813,0.019593762,0.020703672,-5.123595
2072,2026-08-21,-0.06374591,-0.15550664,0.012429416,0.013695001,-5.12822
5474,2026-08-21,-0.078746535,-0.1860507,0.01534289,0.017327579,-5.13211
3032,2026-08-21,-0.081672765,-0.16333093,0.015912412,0.01694233,-5.132323
6997,2026-08-21,-0.07077914,-0.131438,0.013783533,0.01868658,-5.134678
1201,2026-08-21,-0.06935527,-0.06730302,0.013487795,0.01840904,-5.141695
8068,2026-08-21,-0.072792485,-0.10613573,0.014133583,0.016098736,-5.149956
3717,2026-08-21,-0.078059465,-0.17051837,0.015151125,0.019478349,-5.151717
1465,2026-08-21,-0.08418881,-0.12852871,0.016332444,0.014814127,-5.154382
4907,2026-08-21,-0.06803008,-0.08892074,0.013141625,0.016497895,-5.1762934
4571,2026-08-21,-0.07025824,-0.12968513,0.013571708,0.0143374065,-5.1764345
7642,2026-08-21,-0.08052748,-0.088037,0.015522814,0.01432974,-5.187351
6666,2026-08-21,-0.0953579,-0.07232884,0.018381044,0.017376233,-5.1875567
1785,2026-08-21,-0.13857383,-0.17025961,0.026660344,0.028209496,-5.197556
2616,2026-08-21,-0.091212034,-0.11893811,0.017547736,0.02085182,-5.1976414
1319,2026-08-21,-0.04815699,-0.069657564,0.009234991,0.013864296,-5.214058
6533,2026-08-21,-0.10051991,-0.16774851,0.01927513,0.025756132,-5.2147346
4533,2026-08-21,-0.102057226,-0.19741973,0.019556377,0.01943189,-5.2183495
4563,2026-08-21,-0.071798295,-0.12896636,0.013756187,0.016776223,-5.2189665
4164,2026-08-21,-0.113062166,-0.1125861,0.021657608,0.022897463,-5.2201953
1304,2026-08-21,-0.09873808,-0.09769154,0.018894628,0.01913349,-5.2254457
2380,2026-08-21,-0.077713475,-0.19312662,0.014850908,0.017791074,-5.2325583
6201,2026-08-21,-0.07888536,-0.13690193,0.015062504,0.014829978,-5.236853
2375,2026-08-21,-0.12575486,-0.23619021,0.023961447,0.033661045,-5.2479973
2910,2026-08-21,-0.10081573,-0.09652815,0.019200537,0.020098353,-5.2503986
2617,2026-08-21,-0.067606516,-0.04047967,0.012865196,0.013656665,-5.254585
5244,2026-08-21,-0.08719729,-0.1289881,0.016568858,0.018571021,-5.262404
8054,2026-08-21,-0.13952504,-0.30186513,0.026508158,0.03715976,-5.263277
3437,2026-08-21,-0.101340875,-0.17994173,0.019197803,0.025274351,-5.2784996
2221,2026-08-21,-0.10986815,-0.12577622,0.020786308,0.022586802,-5.2853475
8429,2026-08-21,-0.076414175,-0.087956,0.014409038,0.015731636,-5.302843
8442,2026-08-21,-0.08865598,-0.06737088,0.016705897,0.018073944,-5.3065495
6671,2026-08-21,-0.094741024,-0.12090931,0.017831232,0.021536535,-5.3129086
3322,2026-08-21,-0.12564045,-0.1687155,0.023564931,0.023609923,-5.3314443
3027,2026-08-21,-0.06453778,-0.07041733,0.012072686,0.013073603,-5.345325
5227,2026-08-21,-0.11578131,-0.16975425,0.021533376,0.022762658,-5.3765807
6578,2026-08-21,-0.096512124,-0.1288979,0.017946918,0.018391568,-5.3773437
1259,2026-08-21,-0.09188649,-0.15183781,0.017086228,0.019007318,-5.3774953
1233,2026-08-21,-0.07814016,-0.058275852,0.014527705,0.012006369,-5.3783298
6873,2026-08-21,-0.0860781,-0.14234677,0.015991151,0.016305389,-5.3825216
7703,2026-08-21,-0.072328195,-0.17432019,0.013280216,0.019305969,-5.4459014
8103,2026-08-21,-0.13774142,-0.1814681,0.025266878,0.030924248,-5.451246
5225,2026-08-21,-0.08070765,-0.1396918,0.014784376,0.012695936,-5.458613
8489,2026-08-21,-0.071465135,-0.15834747,0.013003572,0.014834048,-5.495385
3207,2026-08-21,-0.09540997,-0.20802459,0.01734226,0.024792844,-5.5012703
6854,2026-08-21,-0.07158796,-0.14558789,0.0130015435,0.016888633,-5.5056887
2543,2026-08-21,-0.08586795,-0.158515,0.0155761065,0.016970202,-5.5124454
6462,2026-08-21,-0.15741667,-0.2830773,0.028494218,0.03459507,-5.5243187
3149,2026-08-21,-0.1601746,-0.18904622,0.028909266,0.038096946,-5.5404053
1725,2026-08-21,-0.09813651,-0.114695124,0.017703088,0.021199152,-5.543155
8488,2026-08-21,-0.06621293,-0.06235705,0.011853015,0.010563189,-5.585696
5314,2026-08-21,-0.15443377,-0.30317155,0.027646575,0.03742494,-5.5857983
3520,2026-08-21,-0.0919787,-0.11704533,0.016449716,0.016907075,-5.591167
1439,2026-08-21,-0.06117805,-0.062470447,0.010903946,0.016609471,-5.6101193
3057,2026-08-21,-0.10149555,-0.22155231,0.018055536,0.023021422,-5.6209865
2405,2026-08-21,-0.08376555,-0.13552853,0.01488122,0.015649593,-5.628566
4763,2026-08-21,-0.08693872,-0.18881626,0.015392931,0.021513553,-5.647597
6005,2026-08-21,-0.06793073,-0.050547622,0.011976152,0.012090988,-5.671693
2029,2026-08-21,-0.056496225,-0.064554706,0.009953359,0.011209679,-5.675526
7736,2026-08-21,-0.09492831,-0.14518885,0.016719084,0.021116707,-5.6775017
8482,2026-08-21,-0.076144665,-0.02792737,0.013369944,0.0147261005,-5.694786
2248,2026-08-21,-0.07718212,-0.08522305,0.013500795,0.015656888,-5.716434
1504,2026-08-21,-0.10396054,-0.134077,0.01817369,0.019567652,-5.720072
3691,2026-08-21,-0.10317947,-0.2699618,0.01802714,0.024547847,-5.7232456
1444,2026-08-21,-0.09474978,-0.019454114,0.016536478,0.014505746,-5.729397
3221,2026-08-21,-0.16680928,-0.22905844,0.029113183,0.027666867,-5.729485
1560,2026-08-21,-0.08426423,-0.040373873,0.014686868,0.012425722,-5.7369957
8462,2026-08-21,-0.078794144,-0.08620286,0.013711536,0.013598963,-5.746139
8931,2026-08-21,-0.097804956,-0.107350536,0.017004533,0.019179063,-5.751361
6498,2026-08-21,-0.13899547,-0.25220126,0.024155345,0.023650115,-5.753994
1723,2026-08-21,-0.06621445,-0.04693572,0.011498184,0.01310254,-5.758187
1732,2026-08-21,-0.069489315,-0.1082242,0.012059148,0.015261046,-5.761895
2230,2026-08-21,-0.10736492,-0.20474215,0.018601997,0.018960638,-5.7713776
4160,2026-08-21,-0.13920593,-0.21899532,0.02410562,0.022259122,-5.7745934
3716,2026-08-21,-0.10012248,-0.14189939,0.01732385,0.014749997,-5.7791257
2939,2026-08-21,-0.107903086,-0.14663698,0.018510468,0.017854871,-5.8289857
2012,2026-08-21,-0.09500129,-0.06297919,0.016284455,0.016674954,-5.833505
3224,2026-08-21,-0.08483343,-0.1896833,0.014491016,0.017399417,-5.8538046
6695,2026-08-21,-0.097670704,-0.15882486,0.016652409,0.016292581,-5.8649073
6958,2026-08-21,-0.075708486,-0.02865516,0.012859587,0.012601317,-5.886861
1314,2026-08-21,-0.110080354,-0.12672654,0.018681819,0.02075862,-5.8920636
4903,2026-08-21,-0.15942195,-0.19620468,0.027041858,0.025390776,-5.8951592
6446,2026-08-21,-0.10526338,-0.11242626,0.017854795,0.018307103,-5.8951945
7584,2026-08-21,-0.0973244,-0.18861665,0.01646159,0.017230533,-5.9118524
6118,2026-08-21,-0.093494885,-0.14447568,0.015801657,0.016782708,-5.916403
8924,2026-08-21,-0.07500771,-0.1362398,0.012667285,0.015390963,-5.920904
8040,2026-08-21,-0.09549149,-0.2039526,0.01610943,0.020431457,-5.927309
3576,2026-08-21,-0.09277639,-0.12452626,0.015613652,0.019502573,-5.9416237
2722,2026-08-21,-0.09706799,-0.12852558,0.016323522,0.018896267,-5.946146
3466,2026-08-21,-0.116993204,-0.22806644,0.019636959,0.028012017,-5.9575033
8454,2026-08-21,-0.103117496,-0.09067323,0.017277172,0.018642923,-5.968079
6716,2026-08-21,-0.10518204,-0.19081625,0.017615573,0.022545537,-5.9706297
8929,2026-08-21,-0.0771722,-0.17638473,0.012911747,0.020090401,-5.976435
7732,2026-08-21,-0.07906464,-0.088398956,0.013214506,0.01631788,-5.982717
6620,2026-08-21,-0.09055965,-0.10349216,0.015108461,0.014767647,-5.993572
1435,2026-08-21,-0.13536201,-0.06513618,0.022582475,0.024930097,-5.993852
5222,2026-08-21,-0.1287074,-0.17667075,0.021471305,0.020263078,-5.9941115
2236,2026-08-21,-0.09707468,-0.14843658,0.01617805,0.021816306,-6.000024
6485,2026-08-21,-0.10054238,-0.2111641,0.016755307,0.023706377,-6.000271
1441,2026-08-21,-0.07096818,-0.16642848,0.011817261,0.01767243,-6.0049596
2901,2026-08-21,-0.10755123,-0.13566421,0.017899971,0.014672208,-6.0081224
8047,2026-08-21,-0.08539113,-0.144727,0.014206982,0.016684026,-6.0100813
4909,2026-08-21,-0.13521479,-0.28166553,0.02248799,0.02401683,-6.0124884
1598,2026-08-21,-0.07234074,-0.0972055,0.01198907,0.012038623,-6.0333877
5607,2026-08-21,-0.0836716,-0.062566765,0.013825367,0.013419293,-6.0515966
2477,2026-08-21,-0.100519024,-0.122586444,0.016573627,0.01883964,-6.064633
1454,2026-08-21,-0.085800156,-0.11093928,0.014067763,0.012066844,-6.098628
2466,2026-08-21,-0.09975115,-0.21859226,0.016354993,0.022213427,-6.0987525
5201,2026-08-21,-0.09198334,-0.15143038,0.015070332,0.020103911,-6.103199
1467,2026-08-21,-0.09284841,-0.078985594,0.015197104,0.018124118,-6.10921
8426,2026-08-21,-0.11636737,-0.1599279,0.018923763,0.019309144,-6.1489472
3004,2026-08-21,-0.08472262,-0.16693853,0.013757155,0.023880532,-6.157993
2070,2026-08-21,-0.10737017,-0.17128696,0.017407974,0.017735299,-6.167518
3042,2026-08-21,-0.11074807,-0.14751221,0.017889041,0.01698524,-6.190487
5538,2026-08-21,-0.086453944,-0.054123197,0.013952641,0.013287484,-6.1957984
2545,2026-08-21,-0.067003086,-0.079652786,0.010804132,0.009359197,-6.201043
6757,2026-08-21,-0.07858685,-0.074524865,0.012654415,0.013779594,-6.2097406
1599,2026-08-21,-0.0811506,-0.16331454,0.01301917,0.01797841,-6.2326837
8089,2026-08-21,-0.08452884,-0.13554671,0.013560587,0.018752806,-6.2329607
8110,2026-08-21,-0.14386222,-0.2439955,0.023044579,0.03006796,-6.2425084
3498,2026-08-21,-0.16529058,-0.22727889,0.026475957,0.031699765,-6.242809
2457,2026-08-21,-0.09350705,-0.15172084,0.014976953,0.016030367,-6.242979
8072,2026-08-21,-0.10073805,-0.2017288,0.01613007,0.018232966,-6.2449703
2646,2026-08-21,-0.10151197,-0.050291967,0.016225468,0.017198693,-6.2559495
9103,2026-08-21,-0.11630746,-0.13528703,0.018583301,0.019186735,-6.2583714
4706,2026-08-21,-0.07281611,-0.07065619,0.011617223,0.014601872,-6.267405
1108,2026-08-21,-0.10029335,-0.10759903,0.01599661,0.015385882,-6.269271
2929,2026-08-21,-0.07083027,-0.059865527,0.011290615,0.01651681,-6.27282
1582,2026-08-21,-0.09456741,-0.1620218,0.01505655,0.016816149,-6.2803984
8374,2026-08-21,-0.14574465,-0.23235719,0.02311351,0.021848518,-6.3053317
6875,2026-08-21,-0.07380238,-0.07246197,0.011694721,0.01390438,-6.3102036
3379,2026-08-21,-0.13363114,-0.23112233,0.021101678,0.020651968,-6.3324256
4714,2026-08-21,-0.15118212,-0.24139483,0.023840668,0.024655718,-6.341088
3066,2026-08-21,-0.08936164,-0.13320524,0.014090482,0.015268031,-6.3415356
6649,2026-08-21,-0.13925047,-0.195445,0.021955075,0.019981176,-6.34223
6488,2026-08-21,-0.13886622,-0.23704322,0.021854475,0.023321694,-6.353841
2038,2026-08-21,-0.10298152,-0.14511786,0.016187098,0.017439542,-6.361558
8436,2026-08-21,-0.09575706,-0.11211809,0.015010627,0.017404951,-6.3788595
1436,2026-08-21,-0.10287686,-0.09897242,0.016113902,0.019530643,-6.383958
5450,2026-08-21,-0.117325895,-0.13579443,0.018371774,0.02256502,-6.385856
6616,2026-08-21,-0.071250156,-0.083678216,0.011150389,0.009900252,-6.3893523
2342,2026-08-21,-0.12977713,-0.22134614,0.020306852,0.022355642,-6.3904905
6753,2026-08-21,-0.14227286,-0.21086867,0.022218442,0.025785148,-6.40308
6881,2026-08-21,-0.102073416,-0.15746593,0.015926555,0.017682284,-6.4086056
7730,2026-08-21,-0.08580651,-0.12373281,0.013361272,0.01680367,-6.4215508
6569,2026-08-21,-0.11082074,-0.15142155,0.017243398,0.018495424,-6.4264774
2032,2026-08-21,-0.11986623,-0.17327376,0.018639654,0.021746898,-6.430366
6153,2026-08-21,-0.087837845,-0.15427844,0.013637959,0.019133603,-6.440216
1474,2026-08-21,-0.067340404,-0.10000399,0.01045125,0.016132956,-6.442671
1532,2026-08-21,-0.111262545,-0.09513573,0.017256007,0.015710767,-6.447384
2516,2026-08-21,-0.07677811,-0.047608536,0.011897827,0.015945671,-6.452578
3206,2026-08-21,-0.12246957,-0.20473404,0.018961355,0.025996158,-6.458563
6859,2026-08-21,-0.13170657,-0.17841673,0.020372119,0.021966407,-6.4647226
6546,2026-08-21,-0.14553306,-0.2581285,0.022432588,0.027002033,-6.4872837
3455,2026-08-21,-0.15129843,-0.24196441,0.023315407,0.02440534,-6.4889255
7722,2026-08-21,-0.110559,-0.13911186,0.017013405,0.019017735,-6.497965
4304,2026-08-21,-0.15132308,-0.23306538,0.023266796,0.032144178,-6.5035415
4530,2026-08-21,-0.10184911,-0.13367419,0.015645934,0.01847782,-6.5092053
1338,2026-08-21,-0.07505467,-0.09168403,0.011525435,0.01673863,-6.5115247
6597,2026-08-21,-0.11238564,-0.12709437,0.017236724,0.019069918,-6.519749
4707,2026-08-21,-0.15565933,-0.30029166,0.023870794,0.029496586,-6.520638
4523,2026-08-21,-0.09227689,-0.13682048,0.014107776,0.01773837,-6.5403895
4739,2026-08-21,-0.116570435,-0.2865171,0.017818412,0.023901293,-6.5417666
3646,2026-08-21,-0.08535074,-0.09769179,0.013042537,0.016276548,-6.543527
3548,2026-08-21,-0.14615259,-0.2549749,0.022275342,0.025349382,-6.5608883
2636,2026-08-21,-0.076094225,-0.07714035,0.011582352,0.010959023,-6.569275
6203,2026-08-21,-0.072597235,-0.16469106,0.01103415,0.017287886,-6.578727
1313,2026-08-21,-0.09706443,-0.1041162,0.014723103,0.016797923,-6.5922136
3362,2026-08-21,-0.11170697,-0.14530922,0.016935637,0.017887035,-6.5955815
4566,2026-08-21,-0.112936355,-0.16436052,0.01708955,0.014756032,-6.608117
6733,2026-08-21,-0.11176055,-0.12507969,0.016823778,0.017294316,-6.6426163
6233,2026-08-21,-0.09007023,-0.16205032,0.013504817,0.015721181,-6.6689954
3056,2026-08-21,-0.10793202,-0.10143719,0.016106559,0.018544605,-6.7007065
1295,2026-08-21,-0.114097804,-0.17108549,0.017014837,0.019497268,-6.705389
6496,2026-08-21,-0.14205727,-0.24342746,0.02117738,0.028386,-6.7076554
4949,2026-08-21,-0.10703872,-0.2486156,0.01588972,0.022820788,-6.7359266
6969,2026-08-21,-0.11272869,-0.10560392,0.01672814,0.01839282,-6.738463
3663,2026-08-21,-0.09857497,-0.19751205,0.014615859,0.017078381,-6.743923
6469,2026-08-21,-0.09614995,-0.16461356,0.01424298,0.01578173,-6.7502165
2497,2026-08-21,-0.098825306,-0.11534325,0.014635831,0.014647482,-6.751824
1337,2026-08-21,-0.13255987,-0.15537684,0.01956947,0.018494654,-6.7734637
4113,2026-08-21,-0.12570378,-0.16257587,0.018553643,0.021830125,-6.7747884
6133,2026-08-21,-0.16360743,-0.2212897,0.02413942,0.023250528,-6.7773237
1796,2026-08-21,-0.122595854,-0.14796834,0.018058943,0.015107743,-6.788275
1809,2026-08-21,-0.11301982,-0.1570809,0.016632792,0.018291462,-6.7945914
1449,2026-08-21,-0.113644,-0.102876015,0.01669934,0.01710069,-6.804891
8271,2026-08-21,-0.122403234,-0.28401807,0.017982125,0.020805182,-6.8065605
6791,2026-08-21,-0.07698241,-0.18282142,0.011298114,0.017201329,-6.813136
6405,2026-08-21,-0.10342872,-0.21412286,0.015115719,0.0190781,-6.8420086
3047,2026-08-21,-0.1305333,-0.16119438,0.019069511,0.025573036,-6.8447714
5530,2026-08-21,-0.09356112,-0.046390016,0.013654097,0.011841941,-6.851736
8917,2026-08-21,-0.119680196,-0.11745707,0.017462654,0.018859385,-6.8531017
6220,2026-08-21,-0.15066099,-0.19855757,0.021866154,0.017836394,-6.8898306
6122,2026-08-21,-0.09738994,-0.13933465,0.014118214,0.015402632,-6.897688
6191,2026-08-21,-0.08029776,-0.12233884,0.011609963,0.015667785,-6.9156847
9105,2026-08-21,-0.12864,-0.20885773,0.018571924,0.024036443,-6.926211
2491,2026-08-21,-0.1663367,-0.14792643,0.023976918,0.019972999,-6.9370785
4129,2026-08-21,-0.07429662,-0.095434755,0.010697502,0.014343115,-6.944582
3013,2026-08-21,-0.13936234,-0.26996964,0.020056292,0.025583625,-6.9482126
1568,2026-08-21,-0.11303847,-0.1633356,0.016260898,0.018742511,-6.951124
4923,2026-08-21,-0.11908778,-0.16135806,0.017110642,0.020416804,-6.9594593
1595,2026-08-21,-0.14765215,-0.27754,0.021194356,0.02005764,-6.96625
5014,2026-08-21,-0.09135599,-0.10926552,0.0130927265,0.013976345,-6.977081
8227,2026-08-21,-0.122223854,-0.27837276,0.017499747,0.023006096,-6.983922
6517,2026-08-21,-0.16502246,-0.17997453,0.02362779,0.025192654,-6.9839573
4716,2026-08-21,-0.11975403,-0.14413379,0.017145963,0.017473835,-6.9839787
1530,2026-08-21,-0.11268285,-0.11926667,0.016109902,0.016054014,-6.9941983
7810,2026-08-21,-0.12546246,-0.24348027,0.017905477,0.025387326,-7.0065403
6516,2026-08-21,-0.079447255,-0.12421891,0.011312191,0.012594088,-7.0225325
7818,2026-08-21,-0.08234076,-0.094949804,0.011695731,0.012079099,-7.0396385
1702,2026-08-21,-0.093872674,-0.063265234,0.013332665,0.019784298,-7.040275
8927,2026-08-21,-0.13482504,-0.074521765,0.019117992,0.01990731,-7.0518904
8011,2026-08-21,-0.103677906,-0.16552036,0.014681894,0.015923344,-7.0611353
1525,2026-08-21,-0.102054484,-0.115088396,0.014413007,0.014818354,-7.08023
3092,2026-08-21,-0.16216828,-0.23685314,0.022896225,0.024107149,-7.0824428
9955,2026-08-21,-0.14376302,-0.21664937,0.020146832,0.023353128,-7.135409
3138,2026-08-21,-0.14156942,-0.33200988,0.019803941,0.01947189,-7.1481867
4198,2026-08-21,-0.100561775,-0.10722772,0.013983178,0.016195837,-7.1911106
3631,2026-08-21,-0.11804874,-0.14594437,0.016410675,0.017929126,-7.1929736
2642,2026-08-21,-0.09557387,-0.1301876,0.013273959,0.014072134,-7.1995606
8354,2026-08-21,-0.119259484,-0.1490226,0.016556866,0.016976887,-7.2025876
7795,2026-08-21,-0.12694709,-0.2264726,0.017611103,0.019390846,-7.207946
5515,2026-08-21,-0.09530233,-0.0629164,0.013215411,0.01825814,-7.210908
2612,2026-08-21,-0.13779873,-0.15016769,0.019096956,0.022614844,-7.2153654
6841,2026-08-21,-0.09784226,-0.13632908,0.013551839,0.014498268,-7.2193184
6923,2026-08-21,-0.079296224,-0.15226927,0.0109640295,0.0142485425,-7.231738
2228,2026-08-21,-0.11078686,-0.14837599,0.015317941,0.016164325,-7.232018
8112,2026-08-21,-0.14552613,-0.08504376,0.020064887,0.024009336,-7.252414
4557,2026-08-21,-0.10828231,-0.104264975,0.014927624,0.012579749,-7.253335
4561,2026-08-21,-0.15587835,-0.23939773,0.021412855,0.020190371,-7.279322
2258,2026-08-21,-0.11651165,-0.10492261,0.016002253,0.012920398,-7.280498
3430,2026-08-21,-0.11834752,-0.20537885,0.016164353,0.02064385,-7.3210597
3346,2026-08-21,-0.09299052,-0.070967436,0.012689502,0.015782053,-7.327568
5202,2026-08-21,-0.12772542,-0.17206326,0.017411044,0.020161485,-7.335464
2476,2026-08-21,-0.21115752,-0.3940291,0.02875253,0.028769897,-7.3437076
5603,2026-08-21,-0.14532892,-0.1568271,0.01978575,0.016123895,-7.3447595
2061,2026-08-21,-0.15366341,-0.2233936,0.020914866,0.022449167,-7.3467393
6617,2026-08-21,-0.16425422,-0.20623098,0.022341175,0.024352137,-7.351756
3669,2026-08-21,-0.13086833,-0.15007943,0.017737953,0.018256126,-7.377455
3594,2026-08-21,-0.108175926,-0.18430802,0.014645612,0.022515455,-7.3857303
4413,2026-08-21,-0.14898933,-0.1449888,0.020168649,0.02074536,-7.3868084
5278,2026-08-21,-0.08336827,-0.08272028,0.011251738,0.011974039,-7.4087095
4166,2026-08-21,-0.12311337,-0.07509063,0.016574183,0.018648276,-7.4275723
2743,2026-08-21,-0.14843073,-0.24594021,0.019950295,0.02465804,-7.4396544
6541,2026-08-21,-0.16550413,-0.15710062,0.022204805,0.023085771,-7.4531918
6173,2026-08-21,-0.14657304,-0.21711619,0.019650009,0.02335386,-7.4588046
6840,2026-08-21,-0.14941181,-0.17603558,0.020024356,0.02056332,-7.4611316
2102,2026-08-21,-0.119907565,-0.081310734,0.01605121,0.014611485,-7.4698477
6230,2026-08-21,-0.10637734,-0.13337567,0.014233458,0.01360487,-7.4732275
7820,2026-08-21,-0.09508791,-0.15324606,0.012699342,0.013486353,-7.487035
4171,2026-08-21,-0.113331385,-0.1264609,0.015123909,0.016701924,-7.493029
8932,2026-08-21,-0.20801942,-0.32943812,0.027758151,0.03567228,-7.493724
3628,2026-08-21,-0.1068779,-0.20906611,0.014257855,0.018814597,-7.495546
2312,2026-08-21,-0.12193556,-0.21248005,0.016221678,0.019538106,-7.5163646
6598,2026-08-21,-0.09756575,-0.06044394,0.012912745,0.013420633,-7.5551863
2540,2026-08-21,-0.14474967,-0.12564881,0.019135436,0.018640235,-7.564087
6550,2026-08-21,-0.13792062,-0.18670645,0.01819981,0.019182334,-7.5777183
3339,2026-08-21,-0.18826671,-0.26190838,0.02480266,0.025684284,-7.590279
3434,2026-08-21,-0.107942276,-0.122365445,0.014217703,0.016469529,-7.59157
1203,2026-08-21,-0.1126901,-0.070001125,0.0148296375,0.015565543,-7.598466
2417,2026-08-21,-0.176691,-0.24887355,0.023120303,0.021138184,-7.6419134
3447,2026-08-21,-0.1430563,-0.20022567,0.018714134,0.020530902,-7.6438837
1718,2026-08-21,-0.1550664,-0.26339138,0.020282537,0.02309654,-7.644939
1445,2026-08-21,-0.07408789,-0.115211934,0.009681934,0.013704247,-7.6513886
1440,2026-08-21,-0.11675113,-0.112387516,0.0152407745,0.015244316,-7.659943
6796,2026-08-21,-0.124956846,-0.16857824,0.016304018,0.018988429,-7.663705
6538,2026-08-21,-0.19319433,-0.17507419,0.02520566,0.030753706,-7.664416
2723,2026-08-21,-0.092678815,-0.10504696,0.012054513,0.017919742,-7.6876707
1528,2026-08-21,-0.10631224,-0.20222542,0.013773442,0.017344462,-7.718079
6865,2026-08-21,-0.14757477,-0.21748821,0.019111076,0.020753846,-7.721545
6952,2026-08-21,-0.102059074,-0.12514667,0.013183344,0.015256317,-7.740929
5258,2026-08-21,-0.10031835,-0.16598335,0.012954535,0.015556702,-7.743281
6934,2026-08-21,-0.1275793,-0.14090557,0.016430333,0.019764697,-7.7643914
6829,2026-08-21,-0.15636925,-0.21908703,0.020057252,0.022488095,-7.795757
2208,2026-08-21,-0.105478175,-0.11590385,0.013514645,0.015491106,-7.8041534
4994,2026-08-21,-0.09999564,-0.15164664,0.012767556,0.015803443,-7.8313975
6843,2026-08-21,-0.09078475,-0.18292433,0.011591003,0.016040796,-7.8316703
3073,2026-08-21,-0.10424609,-0.15126888,0.013301163,0.018482415,-7.836777
4577,2026-08-21,-0.13728094,-0.25066343,0.01746242,0.021600015,-7.8610573
3521,2026-08-21,-0.13015203,-0.15421912,0.016551778,0.021130176,-7.862851
2905,2026-08-21,-0.13536741,-0.092315674,0.017149815,0.016974222,-7.892768
6275,2026-08-21,-0.14793433,-0.25865692,0.018723479,0.020974966,-7.9005847
1524,2026-08-21,-0.14236927,-0.20001277,0.017994305,0.022035172,-7.9114676
4438,2026-08-21,-0.08947511,-0.104538426,0.011298176,0.017194763,-7.918729
3060,2026-08-21,-0.13458712,-0.1781527,0.016969267,0.01901444,-7.9307604
3504,2026-08-21,-0.1298451,-0.17648344,0.016342036,0.01949185,-7.9449797
6294,2026-08-21,-0.14307073,-0.24819149,0.017806286,0.023224521,-8.034392
3043,2026-08-21,-0.1066251,-0.1992001,0.013256106,0.016076304,-8.042864
4419,2026-08-21,-0.09641242,-0.11846113,0.011964467,0.014411532,-8.057555
6243,2026-08-21,-0.26098213,-0.3717455,0.032373447,0.034958735,-8.061362
3308,2026-08-21,-0.12904605,-0.18152656,0.015997475,0.016137399,-8.066147
1455,2026-08-21,-0.12147444,-0.124020085,0.015023348,0.016030902,-8.085172
3444,2026-08-21,-0.18523057,-0.29555333,0.022908866,0.026345069,-8.085188
4139,2026-08-21,-0.12039976,-0.08308175,0.014848458,0.01903302,-8.108024
8905,2026-08-21,-0.12155066,-0.1275535,0.0149425035,0.015380792,-8.134013
6532,2026-08-21,-0.1899551,-0.28912914,0.023324352,0.027067874,-8.143719
2634,2026-08-21,-0.08728043,-0.12564547,0.010673983,0.01960847,-8.176166
5211,2026-08-21,-0.074691765,-0.1527435,0.009115798,0.01590133,-8.192762
3550,2026-08-21,-0.12352462,-0.19764334,0.015024729,0.014094966,-8.220874
6416,2026-08-21,-0.10143607,-0.11148092,0.012329264,0.016033227,-8.226594
4157,2026-08-21,-0.11177543,-0.1711195,0.013576726,0.020650815,-8.232264
7780,2026-08-21,-0.10079418,-0.098404214,0.012241448,0.014388865,-8.233171
6967,2026-08-21,-0.14704992,-0.22265929,0.017837407,0.020918464,-8.243444
8937,2026-08-21,-0.2780674,-0.36848688,0.033657327,0.032271095,-8.261475
2538,2026-08-21,-0.1154708,-0.14797398,0.013942007,0.020120202,-8.281628
4976,2026-08-21,-0.17246866,-0.22127278,0.02076894,0.023936726,-8.303762
2413,2026-08-21,-0.07495712,-0.16256876,0.009000947,0.012870691,-8.326767
6922,2026-08-21,-0.11431734,-0.1984187,0.01372463,0.015915096,-8.32875
2035,2026-08-21,-0.11424541,-0.13322702,0.013707955,0.015958449,-8.333633
6576,2026-08-21,-0.11338714,-0.07829903,0.013590699,0.016631454,-8.3423815
8467,2026-08-21,-0.12922989,-0.17533664,0.0154757565,0.018404016,-8.349934
4510,2026-08-21,-0.15985094,-0.27636138,0.019111404,0.024639156,-8.363728
4109,2026-08-21,-0.13026375,-0.16272576,0.015570037,0.018832317,-8.365772
3230,2026-08-21,-0.20421442,-0.18292038,0.024306044,0.01868797,-8.40145
3018,2026-08-21,-0.19005673,-0.17433259,0.022596614,0.023699202,-8.410478
1616,2026-08-21,-0.15784107,-0.19691604,0.018748196,0.015758665,-8.418551
1717,2026-08-21,-0.16355744,-0.17611532,0.019357007,0.018812522,-8.449084
1623,2026-08-21,-0.093746394,-0.14858717,0.011002342,0.013604349,-8.519811
6218,2026-08-21,-0.19271918,-0.2466027,0.022614159,0.021345364,-8.521681
6712,2026-08-21,-0.13738689,-0.13762145,0.016092736,0.015825732,-8.536668
6689,2026-08-21,-0.099659964,-0.17067996,0.0116724,0.014255054,-8.537355
3226,2026-08-21,-0.12692282,-0.17669924,0.0148453135,0.01910455,-8.549113
8472,2026-08-21,-0.10708265,-0.11756608,0.012477217,0.016406745,-8.581566
1312,2026-08-21,-0.12759425,-0.23007183,0.014848572,0.019190984,-8.592453
2030,2026-08-21,-0.1500972,-0.15644121,0.017438881,0.018028151,-8.60655
8099,2026-08-21,-0.10766021,-0.17279373,0.0124907065,0.016699828,-8.618535
8162,2026-08-21,-0.15603377,-0.19509675,0.018086525,0.020025825,-8.6265955
5392,2026-08-21,-0.15000845,-0.17210491,0.01730505,0.022765469,-8.667977
1470,2026-08-21,-0.08949601,-0.10583363,0.010321891,0.014215662,-8.669665
1784,2026-08-21,-0.14693353,-0.24788816,0.016941387,0.021972515,-8.67254
8404,2026-08-21,-0.14650421,-0.11995998,0.016886085,0.0150925815,-8.675518
3323,2026-08-21,-0.13295658,-0.20359795,0.015317919,0.017420093,-8.67924
2365,2026-08-21,-0.1556172,-0.25145578,0.017922211,0.020418482,-8.68244
6116,2026-08-21,-0.19801813,-0.29091316,0.022696406,0.022208674,-8.724263
2530,2026-08-21,-0.16970494,-0.20522071,0.019336995,0.022101883,-8.775726
4163,2026-08-21,-0.15511487,-0.1404046,0.017637786,0.021343451,-8.793965
1443,2026-08-21,-0.10051586,-0.09653268,0.01140624,0.01519479,-8.811584
6965,2026-08-21,-0.12439583,-0.11356534,0.014106869,0.01618504,-8.817478
5531,2026-08-21,-0.14424437,-0.14936899,0.016357865,0.016516825,-8.817505
8431,2026-08-21,-0.16286555,-0.2798789,0.018443257,0.0253617,-8.83015
1466,2026-08-21,-0.15977256,-0.18240856,0.018024758,0.017874224,-8.863569
7402,2026-08-21,-0.18160337,-0.22610246,0.020476341,0.021813089,-8.868504
2014,2026-08-21,-0.10507299,-0.08822767,0.011819658,0.012705647,-8.888929
4911,2026-08-21,-0.13818981,-0.17782794,0.015538996,0.01445103,-8.892525
4927,2026-08-21,-0.14830224,-0.33592203,0.016674764,0.024113437,-8.89328
2614,2026-08-21,-0.17374378,-0.25401452,0.019488165,0.02176138,-8.914891
7842,2026-08-21,-0.19683306,-0.23528737,0.022048164,0.022208448,-8.927008
8045,2026-08-21,-0.19153216,-0.2643453,0.021439232,0.028751578,-8.933307
6204,2026-08-21,-0.18028243,-0.23541789,0.020162761,0.022872662,-8.940912
1236,2026-08-21,-0.12925039,-0.18212464,0.01445298,0.01704661,-8.942201
2641,2026-08-21,-0.19389296,-0.18578058,0.021643678,0.021111673,-8.957996
3540,2026-08-21,-0.21804811,-0.23937945,0.024190934,0.018759442,-9.013256
3388,2026-08-21,-0.1738692,-0.2676831,0.019279521,0.022433814,-9.017868
4746,2026-08-21,-0.20071153,-0.22272828,0.022222148,0.020847686,-9.031643
8071,2026-08-21,-0.20864184,-0.19192816,0.023051986,0.017853256,-9.050534
3701,2026-08-21,-0.11554941,-0.18379492,0.0127401855,0.018484168,-9.068968
2601,2026-08-21,-0.1848932,-0.15934916,0.020203328,0.027198244,-9.151168
1219,2026-08-21,-0.15971012,-0.17577572,0.01738955,0.020465722,-9.18373
2239,2026-08-21,-0.20523505,-0.19946627,0.022318082,0.02382817,-9.195497
3031,2026-08-21,-0.1803135,-0.1874671,0.019604208,0.01637425,-9.197225
1325,2026-08-21,-0.13579209,-0.16882381,0.014745395,0.014869455,-9.208494
1909,2026-08-21,-0.15320696,-0.098719075,0.016612103,0.014625049,-9.222055
3006,2026-08-21,-0.1533039,-0.2467017,0.016548993,0.021356395,-9.26308
3040,2026-08-21,-0.13338569,-0.20877014,0.014391625,0.016438851,-9.267641
2451,2026-08-21,-0.23411004,-0.35359,0.025238786,0.027127668,-9.275436
6418,2026-08-21,-0.14254574,-0.19023977,0.015304817,0.019398307,-9.313174
1710,2026-08-21,-0.19726846,-0.24977961,0.021164853,0.026281178,-9.3201275
6957,2026-08-21,-0.1550326,-0.09635508,0.016627068,0.015338182,-9.323549
1517,2026-08-21,-0.14143214,-0.13916044,0.015105686,0.014275568,-9.362221
8171,2026-08-21,-0.16558708,-0.23750255,0.017669894,0.016078334,-9.370611
1110,2026-08-21,-0.15824638,-0.1195841,0.016863579,0.012864164,-9.383358
6141,2026-08-21,-0.20808093,-0.23969918,0.022157116,0.025474802,-9.390732
1321,2026-08-21,-0.11149146,-0.12549324,0.011845317,0.019308167,-9.411487
3002,2026-08-21,-0.15302114,-0.19219808,0.016185226,0.017702006,-9.453788
5291,2026-08-21,-0.19830503,-0.3448067,0.020898694,0.027257588,-9.488418
6174,2026-08-21,-0.17465903,-0.19402128,0.018390805,0.020159652,-9.496569
5381,2026-08-21,-0.18945758,-0.2689156,0.019905118,0.021930838,-9.517555
6657,2026-08-21,-0.17292656,-0.20399828,0.018114025,0.023180362,-9.546029
4726,2026-08-21,-0.15127665,-0.12895177,0.01582218,0.013399357,-9.560446
9919,2026-08-21,-0.14257234,-0.158667,0.014905625,0.012273318,-9.564361
1903,2026-08-21,-0.15546086,-0.11274506,0.016250966,0.016061326,-9.565665
2468,2026-08-21,-0.124998026,-0.16524276,0.013046594,0.018798675,-9.580158
1742,2026-08-21,-0.14894897,-0.1985355,0.015546009,0.021321692,-9.580554
6130,2026-08-21,-0.14280757,-0.19568285,0.014848799,0.01606853,-9.616801
6163,2026-08-21,-0.23289397,-0.37116444,0.024159625,0.027789233,-9.639401
4174,2026-08-21,-0.215067,-0.19718333,0.0222944,0.023624282,-9.64625
6823,2026-08-21,-0.22875099,-0.33904743,0.023710057,0.0271609,-9.647439
1583,2026-08-21,-0.14767998,-0.12679636,0.015287874,0.017382655,-9.65931
2231,2026-08-21,-0.16698731,-0.2200093,0.017270021,0.02230131,-9.668641
6150,2026-08-21,-0.15030073,-0.24097039,0.015524521,0.025475267,-9.6808815
2489,2026-08-21,-0.18999498,-0.23687626,0.019573975,0.020731175,-9.706014
1904,2026-08-21,-0.16040522,-0.09255305,0.016508441,0.020834051,-9.715969
3508,2026-08-21,-0.14381154,-0.16737872,0.01476542,0.020568205,-9.739093
1447,2026-08-21,-0.14369373,-0.076698415,0.014733966,0.0138129275,-9.751887
3441,2026-08-21,-0.19237655,-0.29196453,0.019712247,0.02650737,-9.758745
5283,2026-08-21,-0.11614362,-0.13584048,0.011838551,0.014934531,-9.809799
4142,2026-08-21,-0.18793227,-0.21651909,0.019117719,0.016460445,-9.829752
6794,2026-08-21,-0.1491794,-0.18277454,0.015171554,0.01963218,-9.832188
4549,2026-08-21,-0.13435453,-0.20505078,0.013649353,0.019517984,-9.842568
2364,2026-08-21,-0.1329231,-0.16866332,0.013471232,0.018158892,-9.866449
1456,2026-08-21,-0.1956965,-0.19016056,0.019755675,0.018940466,-9.905336
2913,2026-08-21,-0.13876022,-0.18678233,0.013970038,0.017678406,-9.931991
6624,2026-08-21,-0.231287,-0.31545404,0.023270011,0.029600648,-9.938847
3591,2026-08-21,-0.15087119,-0.29141882,0.015166038,0.020014843,-9.947308
1529,2026-08-21,-0.18987703,-0.27424702,0.019085081,0.019575393,-9.948456
3485,2026-08-21,-0.22523189,-0.27595198,0.022638822,0.023882998,-9.9484825
3712,2026-08-21,-0.15899692,-0.16853978,0.015891403,0.015350165,-10.004586
8101,2026-08-21,-0.17357062,-0.26934135,0.017263336,0.023389263,-10.053709
6869,2026-08-21,-0.16979708,-0.19557925,0.016855834,0.018563,-10.072892
1569,2026-08-21,-0.23843446,-0.36088783,0.02365596,0.033426683,-10.078829
6426,2026-08-21,-0.26305482,-0.3293552,0.02609183,0.034107085,-10.081498
2524,2026-08-21,-0.10867666,-0.08861475,0.0106909545,0.0090071345,-10.164339
1309,2026-08-21,-0.24657704,-0.3227143,0.024244633,0.02801204,-10.169957
6668,2026-08-21,-0.13159798,-0.16001813,0.012851638,0.0125075,-10.238986
3234,2026-08-21,-0.2143344,-0.2888753,0.020869777,0.02043598,-10.269593
2514,2026-08-21,-0.14365539,-0.16164544,0.013898615,0.016687172,-10.335206
2009,2026-08-21,-0.15597506,-0.17214736,0.015032285,0.013449779,-10.375315
6895,2026-08-21,-0.21067764,-0.27427113,0.020294921,0.019098898,-10.380294
7792,2026-08-21,-0.13784494,-0.22883151,0.013249464,0.017553631,-10.403027
1475,2026-08-21,-0.085946225,-0.068001315,0.00822718,0.01363065,-10.445351
8044,2026-08-21,-0.15276082,-0.13477191,0.014594173,0.015569708,-10.46653
1605,2026-08-21,-0.13598858,-0.17731008,0.012983411,0.016391804,-10.473219
6530,2026-08-21,-0.2274039,-0.33892244,0.021708915,0.028450573,-10.474656
3152,2026-08-21,-0.1888518,-0.335094,0.018018436,0.023918528,-10.480451
4737,2026-08-21,-0.16853538,-0.16203639,0.016020222,0.01706695,-10.519508
6108,2026-08-21,-0.20476174,-0.20455885,0.019428022,0.024714485,-10.538962
1305,2026-08-21,-0.19013551,-0.23881687,0.018020457,0.021178449,-10.550508
3049,2026-08-21,-0.17531364,-0.24164017,0.016579574,0.01971316,-10.573436
1526,2026-08-21,-0.15942666,-0.14708003,0.014983689,0.017241381,-10.639303
6148,2026-08-21,-0.17609955,-0.24216747,0.016506294,0.01745028,-10.667984
2630,2026-08-21,-0.1922021,-0.20216298,0.017976368,0.020596348,-10.691338
2331,2026-08-21,-0.18296026,-0.2096598,0.017049417,0.01550256,-10.730544
6101,2026-08-21,-0.2651413,-0.3730701,0.024703173,0.027530279,-10.732653
4743,2026-08-21,-0.16853993,-0.24396135,0.015651058,0.024734715,-10.767908
6743,2026-08-21,-0.25167808,-0.2212933,0.023364242,0.0213429,-10.771473
3543,2026-08-21,-0.22552404,-0.25177556,0.020826142,0.023107648,-10.828372
8222,2026-08-21,-0.21809676,-0.28205115,0.020137073,0.02799545,-10.8300705
9938,2026-08-21,-0.12250655,-0.14855877,0.011304159,0.0124191055,-10.836341
6928,2026-08-21,-0.14607115,-0.13158083,0.013413588,0.01677245,-10.888978
1799,2026-08-21,-0.18692484,-0.23934497,0.017114468,0.017234521,-10.921398
6933,2026-08-21,-0.21227409,-0.2998884,0.019376524,0.025982615,-10.954655
1789,2026-08-21,-0.12833232,-0.11719168,0.0116837965,0.011351817,-10.982845
1235,2026-08-21,-0.1986776,-0.19243316,0.018062321,0.016310189,-10.998952
6870,2026-08-21,-0.2505149,-0.20909925,0.02266793,0.023524225,-11.051024
1563,2026-08-21,-0.24430917,-0.21769279,0.022103274,0.019801633,-11.052576
1522,2026-08-21,-0.17978173,-0.16275546,0.016078904,0.01795926,-11.180523
1409,2026-08-21,-0.18826555,-0.17458548,0.016820205,0.016216677,-11.192156
5521,2026-08-21,-0.22734286,-0.27779773,0.020205382,0.020414792,-11.251042
5608,2026-08-21,-0.28282198,-0.29360628,0.02511437,0.023682727,-11.260912
4564,2026-08-21,-0.165432,-0.20967804,0.01468882,0.016745418,-11.261677
1310,2026-08-21,-0.22708441,-0.28844067,0.020107312,0.024776774,-11.293062
2022,2026-08-21,-0.17067477,-0.22642104,0.014939657,0.01959976,-11.4235115
4562,2026-08-21,-0.17910351,-0.3031548,0.01567589,0.020073244,-11.424684
6588,2026-08-21,-0.28395468,-0.34049308,0.024790803,0.027445761,-11.453571
3552,2026-08-21,-0.16337842,-0.21407405,0.014190424,0.017274931,-11.512475
3176,2026-08-21,-0.23412149,-0.2670997,0.02029617,0.019138737,-11.534686
5487,2026-08-21,-0.20023492,-0.2611967,0.017347159,0.023219068,-11.542142
4414,2026-08-21,-0.16656895,-0.13055037,0.014408564,0.017240673,-11.55961
6504,2026-08-21,-0.21320932,-0.2247092,0.018358517,0.01938581,-11.613013
8438,2026-08-21,-0.18780197,-0.25925988,0.01613632,0.020754509,-11.637742
4127,2026-08-21,-0.27177635,-0.24383903,0.02326387,0.026847554,-11.681834
7799,2026-08-21,-0.25448447,-0.28433004,0.02160532,0.026028069,-11.778242
5263,2026-08-21,-0.21954094,-0.25806686,0.018620739,0.018198416,-11.789497
6224,2026-08-21,-0.21619533,-0.25890777,0.018259685,0.022321463,-11.839387
6919,2026-08-21,-0.22033206,-0.20918365,0.018575666,0.021190748,-11.860688
4303,2026-08-21,-0.2193293,-0.28404573,0.018393867,0.021674255,-11.923397
1308,2026-08-21,-0.18731628,-0.19614181,0.015701903,0.016510807,-11.928767
4128,2026-08-21,-0.18330769,-0.22408527,0.015322525,0.021338347,-11.962502
1410,2026-08-21,-0.24481311,-0.30726138,0.020451905,0.021722868,-11.969601
2017,2026-08-21,-0.22631474,-0.2495624,0.018808248,0.019334177,-12.0321
2250,2026-08-21,-0.20800874,-0.26700795,0.017226389,0.018590411,-12.074305
1225,2026-08-21,-0.19714025,-0.23647156,0.016313799,0.023759656,-12.083523
2241,2026-08-21,-0.2404987,-0.2702913,0.019821286,0.020101715,-12.132743
2033,2026-08-21,-0.22586799,-0.24022709,0.018214557,0.018653136,-12.39973
5292,2026-08-21,-0.25923318,-0.28306103,0.020686593,0.026363403,-12.530852
2756,2026-08-21,-0.1620407,-0.21920882,0.01279676,0.01438103,-12.661645
9136,2026-08-21,-0.21428408,-0.2231111,0.016722318,0.017518241,-12.813491
1536,2026-08-21,-0.22432773,-0.27967548,0.017472148,0.017742379,-12.838427
2254,2026-08-21,-0.18036917,-0.16666009,0.0140163945,0.015762104,-12.867524
3685,2026-08-21,-0.15158793,-0.14560102,0.011586226,0.017950071,-13.082332
1414,2026-08-21,-0.2762167,-0.26515734,0.020924328,0.027636562,-13.200112
2611,2026-08-21,-0.18347654,-0.16244717,0.013618055,0.01663895,-13.472046
4119,2026-08-21,-0.22389728,-0.15966956,0.016385637,0.017438615,-13.663405
6603,2026-08-21,-0.23199469,-0.27610752,0.016790304,0.025530264,-13.816359
2104,2026-08-21,-0.21200043,-0.2345522,0.015187904,0.018637886,-13.957585
1786,2026-08-21,-0.206952,-0.28522596,0.0147461,0.019661505,-14.033403
5321,2026-08-21,-0.29679647,-0.2932317,0.02114462,0.01964014,-14.035837
7777,2026-08-21,-0.37822336,-0.38843867,0.026863586,0.0437932,-14.078882
1316,2026-08-21,-0.378407,-0.396378,0.026859695,0.029979177,-14.087759
5907,2026-08-21,-0.21003307,-0.22681026,0.014855039,0.015849456,-14.137892
1905,2026-08-21,-0.24560438,-0.19738515,0.016989745,0.017107535,-14.455186
6499,2026-08-21,-0.27012986,-0.34447625,0.01851318,0.02697545,-14.59043
7714,2026-08-21,-0.26215982,-0.2941752,0.017933372,0.024709092,-14.61773
4147,2026-08-21,-0.27348012,-0.28944054,0.018617723,0.019538734,-14.688446
5481,2026-08-21,-0.22764127,-0.22317912,0.015488478,0.018173127,-14.696509
4956,2026-08-21,-0.25595945,-0.32779485,0.017099168,0.02213773,-14.968242
6589,2026-08-21,-0.26653776,-0.27034613,0.017457863,0.018804096,-15.266616
2613,2026-08-21,-0.2597411,-0.2947174,0.01634148,0.023129705,-15.893616
4430,2026-08-21,-0.16690066,-0.21601346,0.009876953,0.012164835,-16.896278
