stock_id,Date,Score_20d,Score_60d,Unc_20d,Unc_60d,SQ_20d
2488,2026-07-27,0.35647437,0.44324315,0.019263167,0.023743764,18.50453
3266,2026-07-27,0.21540889,0.3079957,0.014680232,0.0206859,14.672399
2534,2026-07-27,0.30992144,0.33105722,0.022018803,0.026076648,14.074669
5014,2026-07-27,0.29079667,0.30933103,0.020919017,0.027138317,13.900402
3162,2026-07-27,0.456865,0.52732664,0.033247735,0.036320113,13.740825
5410,2026-07-27,0.28849012,0.3277706,0.021373922,0.024244087,13.496663
1907,2026-07-27,0.37969908,0.48559424,0.02819127,0.040489238,13.468198
4207,2026-07-27,0.27259675,0.35583788,0.020609586,0.020848576,13.226055
1532,2026-07-27,0.318772,0.41671196,0.024177132,0.031099627,13.18431
5340,2026-07-27,0.45825082,0.43795258,0.035004545,0.03657522,13.090807
4305,2026-07-27,0.17709704,0.22043358,0.0142592415,0.018599596,12.418937
4306,2026-07-27,0.30433056,0.32592073,0.024897402,0.02688902,12.222895
0055,2026-07-27,0.24970916,0.22467683,0.020668875,0.025290402,12.080826
1315,2026-07-27,0.2735894,0.36092725,0.022711568,0.027685743,12.045728
4109,2026-07-27,0.25999224,0.30895832,0.021720706,0.026199518,11.969237
5519,2026-07-27,0.23240909,0.30573577,0.019907704,0.024304027,11.673743
4763,2026-07-27,0.23302937,0.23173876,0.020134384,0.023294803,11.573128
2432,2026-07-27,0.20935994,0.30983275,0.018199127,0.021846348,11.503213
3484,2026-07-27,0.3852873,0.43177822,0.033760842,0.037050985,11.411917
2520,2026-07-27,0.23616594,0.29555237,0.020695673,0.021754695,11.410816
6170,2026-07-27,0.23771112,0.27211723,0.020902269,0.027913561,11.371959
3346,2026-07-27,0.29569995,0.3079804,0.026188571,0.025435794,11.290752
2030,2026-07-27,0.3523223,0.35949403,0.03126531,0.03288093,11.268433
3050,2026-07-27,0.24268554,0.23761384,0.022135286,0.02664301,10.963245
2357,2026-07-27,0.18462099,0.24832684,0.017104259,0.030702127,10.79323
6230,2026-07-27,0.290722,0.25552237,0.02714507,0.030388441,10.709543
3056,2026-07-27,0.23766455,0.31218672,0.02219363,0.024523003,10.7082
6464,2026-07-27,0.22200699,0.26290822,0.020868113,0.030446278,10.638065
1806,2026-07-27,0.23828658,0.32282296,0.022677049,0.024592632,10.507367
4164,2026-07-27,0.2548167,0.25764653,0.02434017,0.024663283,10.468548
5512,2026-07-27,0.3355535,0.421477,0.032154698,0.034728903,10.435274
4711,2026-07-27,0.3153085,0.35738698,0.030263651,0.03302116,10.418376
5230,2026-07-27,0.2161701,0.13810377,0.020756647,0.025188489,10.413999
4113,2026-07-27,0.20607437,0.1696855,0.019825552,0.021065202,10.393858
1611,2026-07-27,0.22377802,0.21697439,0.02158199,0.02550858,10.368258
1442,2026-07-27,0.21392943,0.3178502,0.02064448,0.028769594,10.362046
8464,2026-07-27,0.21726723,0.47168377,0.021198012,0.027513238,10.248932
2033,2026-07-27,0.22756566,0.30992824,0.022367256,0.023531701,10.173598
9960,2026-07-27,0.2587757,0.31034932,0.025472412,0.026156874,10.158659
1307,2026-07-27,0.17461847,0.17525311,0.017386971,0.021130668,10.042486
1201,2026-07-27,0.21877667,0.32123846,0.021865368,0.026672369,10.005167
2908,2026-07-27,0.26662406,0.3111192,0.02665543,0.028046932,10.002242
4924,2026-07-27,0.27754575,0.26367465,0.027767893,0.028981099,9.9948435
2387,2026-07-27,0.13554904,0.18365724,0.013588859,0.019697731,9.974278
2596,2026-07-27,0.31044683,0.43151405,0.031125255,0.04092344,9.973793
6216,2026-07-27,0.14062676,0.21738593,0.014118278,0.01908995,9.959911
2340,2026-07-27,0.36720577,0.33528826,0.03691376,0.049161915,9.947397
1451,2026-07-27,0.17344055,0.27748573,0.017471233,0.023511317,9.926639
4906,2026-07-27,0.20776871,0.15036942,0.021043723,0.026180353,9.872722
6180,2026-07-27,0.23826304,0.21723647,0.024135582,0.024017973,9.8714485
4137,2026-07-27,0.20669873,0.2514247,0.021049911,0.025388215,9.818992
1102,2026-07-27,0.16614527,0.2516284,0.017012898,0.023954349,9.765267
2538,2026-07-27,0.15787134,0.24293171,0.016190834,0.019581629,9.750058
6790,2026-07-27,0.21533203,0.33887437,0.022283768,0.02717438,9.6627445
6121,2026-07-27,0.29957137,0.42359993,0.031170784,0.04527481,9.610337
2439,2026-07-27,0.13762799,0.16490822,0.014399313,0.01744894,9.557291
6642,2026-07-27,0.24085538,0.12674378,0.025230432,0.026671927,9.545847
1213,2026-07-27,0.249544,0.23052593,0.026461761,0.024039311,9.430006
1464,2026-07-27,0.21039438,0.34657827,0.022397645,0.020937176,9.393174
2066,2026-07-27,0.307002,0.26097614,0.033077862,0.032288004,9.280912
4111,2026-07-27,0.1682351,0.28886974,0.018220605,0.021566736,9.232726
8016,2026-07-27,0.23765166,0.33370888,0.025763731,0.02821741,9.223914
2617,2026-07-27,0.18326941,0.30732518,0.020082053,0.024357704,9.125575
3034,2026-07-27,0.23903021,0.35256693,0.026257545,0.030010058,9.102949
4155,2026-07-27,0.18491393,0.1770114,0.020443246,0.021670876,9.044791
6154,2026-07-27,0.15467378,0.27427104,0.01713191,0.02392585,9.027876
6023,2026-07-27,0.21468578,0.26573473,0.023907311,0.028673444,8.979546
1323,2026-07-27,0.21074016,0.35074,0.023469826,0.028632822,8.978813
5426,2026-07-27,0.2997789,0.08243216,0.03362166,0.038198408,8.915978
2535,2026-07-27,0.16594003,0.17990436,0.018674666,0.018950555,8.885361
1465,2026-07-27,0.21468745,0.33742803,0.024195753,0.03350998,8.872573
1603,2026-07-27,0.19013761,0.23172922,0.021534678,0.019507052,8.8289585
3711,2026-07-27,0.22906438,0.31299552,0.025980597,0.02749895,8.816408
2603,2026-07-27,0.17865124,0.297069,0.020276725,0.02180401,8.810221
4532,2026-07-27,0.19305103,0.21716191,0.021929914,0.025566192,8.80269
4935,2026-07-27,0.19557077,0.20897253,0.022247337,0.029262573,8.790355
6155,2026-07-27,0.2453003,0.08075652,0.027908117,0.028695628,8.789253
1452,2026-07-27,0.22774531,0.36001742,0.026018275,0.027352815,8.752946
5215,2026-07-27,0.25088373,0.21594003,0.028675541,0.022436742,8.748744
4545,2026-07-27,0.1762722,0.12679838,0.020226486,0.024656378,8.714489
6278,2026-07-27,0.30809346,0.3524774,0.035572708,0.03881766,8.660707
9942,2026-07-27,0.14133222,0.22668998,0.016466262,0.02605125,8.582619
6414,2026-07-27,0.19256553,0.33808002,0.022502955,0.022179993,8.556964
2704,2026-07-27,0.14273551,0.16296878,0.016690858,0.020136109,8.551206
3231,2026-07-27,0.1667757,0.17929195,0.019511575,0.023636356,8.547089
9944,2026-07-27,0.22142306,0.2264746,0.025952006,0.026081342,8.5316925
1218,2026-07-27,0.14193125,0.21775785,0.016649008,0.02153141,8.524395
8354,2026-07-27,0.17941669,0.2508403,0.021103157,0.019522345,8.501486
8928,2026-07-27,0.18222211,0.32326555,0.021436814,0.033286564,8.500032
5434,2026-07-27,0.2316631,0.33949775,0.0273857,0.03245543,8.458963
1342,2026-07-27,0.1923976,0.2471567,0.022903249,0.028291903,8.400084
7769,2026-07-27,0.1288924,0.1272622,0.015368417,0.022161907,8.3862915
3661,2026-07-27,0.16573997,0.1599317,0.019833565,0.024905456,8.356118
6606,2026-07-27,0.14093846,0.21892118,0.016871698,0.019706633,8.353048
4767,2026-07-27,0.19319364,0.2745367,0.023180548,0.027743783,8.3339405
2414,2026-07-27,0.22838865,0.23294212,0.027414761,0.028220018,8.33056
1517,2026-07-27,0.22068499,0.32423383,0.026635524,0.032227173,8.285052
2945,2026-07-27,0.1943576,0.28824303,0.023464315,0.02729768,8.282762
1303,2026-07-27,0.31305668,0.21219563,0.037893116,0.036009766,8.2613535
9940,2026-07-27,0.15563701,0.25853658,0.018999139,0.018317997,8.191361
2906,2026-07-27,0.23880468,0.31354472,0.029305266,0.03186924,8.148588
5533,2026-07-27,0.17036909,0.2593056,0.021046182,0.02174333,8.094626
1618,2026-07-27,0.19013084,0.21294358,0.023539513,0.02852489,8.07675
5515,2026-07-27,0.19719313,0.2667408,0.024419341,0.02453773,8.074954
2013,2026-07-27,0.15799578,0.25899303,0.019594295,0.026837364,8.062944
3016,2026-07-27,0.50088453,0.41508633,0.062162172,0.06826215,8.057577
1726,2026-07-27,0.25215122,0.32221192,0.031327333,0.041865494,8.048664
2106,2026-07-27,0.21805449,0.32648703,0.02711819,0.029694876,8.040598
6139,2026-07-27,0.1997873,0.26631492,0.024945918,0.043738555,8.008496
6021,2026-07-27,0.2199097,0.15357913,0.027615467,0.027885983,7.9629917
4580,2026-07-27,0.14037018,0.2578603,0.017634738,0.027283678,7.959416
2718,2026-07-27,0.2007637,0.26018792,0.025244683,0.029222034,7.9523973
1457,2026-07-27,0.18372901,0.32033736,0.023138173,0.024490256,7.9401717
4126,2026-07-27,0.098610975,0.1987671,0.012435311,0.018118948,7.9292784
8150,2026-07-27,0.19715221,0.15609391,0.024863629,0.026719362,7.929023
3703,2026-07-27,0.15873729,0.2597104,0.020067178,0.024568621,7.9099
8410,2026-07-27,0.15641683,0.2077283,0.019800652,0.026078478,7.899181
1217,2026-07-27,0.21470766,0.29926643,0.027246911,0.035872474,7.879784
6924,2026-07-27,0.19823879,0.26179275,0.02519067,0.025409479,7.86922
5536,2026-07-27,0.113557585,0.11767748,0.014443821,0.017559027,7.8614736
1326,2026-07-27,0.16064644,0.13250999,0.020484883,0.01921615,7.8418117
2852,2026-07-27,0.16812445,0.25631648,0.02143877,0.02318138,7.8417096
6281,2026-07-27,0.16524556,0.29925865,0.021085711,0.025953362,7.8364787
3044,2026-07-27,0.2436123,0.29096547,0.031110344,0.03249628,7.8303366
1227,2026-07-27,0.13685219,0.2239405,0.017481983,0.017447364,7.827737
4919,2026-07-27,0.4500102,0.43535334,0.05752124,0.059400592,7.823239
3624,2026-07-27,0.27545008,0.148223,0.035254814,0.044168998,7.8128986
6754,2026-07-27,0.1618946,0.21138461,0.020735797,0.022196414,7.8071175
6442,2026-07-27,0.13657652,0.17147602,0.017524572,0.020990176,7.792985
5212,2026-07-27,0.13934244,0.23458655,0.017882219,0.023922797,7.7917986
0050,2026-07-27,0.19360724,0.13896105,0.024976457,0.030429479,7.7512794
6136,2026-07-27,0.16401066,0.22721706,0.021275356,0.024383849,7.7085876
5228,2026-07-27,0.15888676,0.026023569,0.020616585,0.022852667,7.706371
3665,2026-07-27,0.13234645,0.20035163,0.017199077,0.018356092,7.6945267
2032,2026-07-27,0.22612579,0.25070158,0.029415838,0.02903942,7.6869507
1731,2026-07-27,0.24974543,0.3849567,0.032495245,0.03558214,7.685363
2477,2026-07-27,0.23869632,0.34091526,0.031123083,0.030300666,7.669184
3533,2026-07-27,0.17468388,0.2069394,0.022916602,0.022318184,7.622258
7743,2026-07-27,0.20474586,0.37317988,0.026869778,0.035999943,7.6196475
2062,2026-07-27,0.14974953,0.27803075,0.019670168,0.026455333,7.6126404
3406,2026-07-27,0.20739342,0.26690146,0.027256623,0.03390578,7.6086392
1735,2026-07-27,0.28268418,0.2922857,0.0372429,0.043145183,7.5900803
3481,2026-07-27,0.16245413,0.07504532,0.021477345,0.031275306,7.563624
2751,2026-07-27,0.1704217,0.300911,0.022687545,0.030382143,7.5113544
2204,2026-07-27,0.17127115,0.2169872,0.022838866,0.029744094,7.4987803
3062,2026-07-27,0.24256651,0.20871168,0.032454077,0.042410187,7.473916
2545,2026-07-27,0.13979712,0.13983364,0.018744385,0.021720074,7.457682
1341,2026-07-27,0.13063386,0.14802219,0.017563082,0.018702807,7.4375567
8097,2026-07-27,0.1499336,0.11314292,0.020158634,0.02551893,7.437318
2362,2026-07-27,0.17563105,0.15331054,0.023649361,0.024880301,7.4261465
1713,2026-07-27,0.12740533,0.20904237,0.017187119,0.018445278,7.412407
5269,2026-07-27,0.14557615,0.1484552,0.019745747,0.020218246,7.3721585
5007,2026-07-27,0.1916702,0.32802373,0.026176896,0.027952077,7.3218336
3530,2026-07-27,0.1577937,0.11616482,0.021566527,0.022258671,7.316263
2317,2026-07-27,0.11020115,0.12991789,0.015071333,0.01718217,7.311486
8071,2026-07-27,0.27842182,0.11734883,0.038160697,0.05047083,7.295845
2701,2026-07-27,0.14326516,0.20074078,0.019714355,0.02107033,7.266679
1612,2026-07-27,0.18544868,0.14838992,0.025643894,0.02288104,7.231407
1203,2026-07-27,0.14403321,0.17947881,0.019962259,0.024311222,7.214915
8446,2026-07-27,0.115150325,0.21512447,0.015997767,0.017118096,7.1974497
2002,2026-07-27,0.13187931,0.16474365,0.018469064,0.0208832,7.140166
2528,2026-07-27,0.17876257,0.24045546,0.025055695,0.032105852,7.1343236
6585,2026-07-27,0.18609855,0.130062,0.026099544,0.032746732,7.130064
2454,2026-07-27,0.17940827,0.20814352,0.02518396,0.026175676,7.123627
8415,2026-07-27,0.13483733,0.18526013,0.019085405,0.020876473,7.0645742
4961,2026-07-27,0.15955187,0.16528729,0.022589494,0.027445767,7.062788
4401,2026-07-27,0.22889774,0.37559545,0.03245355,0.040266342,7.052871
8163,2026-07-27,0.2509585,0.13438502,0.035646677,0.03196173,7.039968
3535,2026-07-27,0.26258853,0.21915247,0.03743507,0.035121128,7.0143194
1314,2026-07-27,0.11949814,0.06918045,0.017119072,0.020201065,6.980002
6229,2026-07-27,0.20783873,0.17607324,0.0299448,0.031187143,6.940497
1417,2026-07-27,0.15984863,0.24748471,0.023121115,0.025061775,6.9132357
4766,2026-07-27,0.23468508,0.29795495,0.034025837,0.03867429,6.8970585
2903,2026-07-27,0.19121519,0.268006,0.027907774,0.02860907,6.851436
3444,2026-07-27,0.16203934,0.1067173,0.023894494,0.024334082,6.781167
2020,2026-07-27,0.11349079,0.2350763,0.016752973,0.019287452,6.7739625
2236,2026-07-27,0.20524448,0.23339178,0.03038131,0.034664463,6.755394
8011,2026-07-27,0.19263487,0.26142287,0.028516544,0.032056842,6.7549596
6588,2026-07-27,0.19445412,0.15078637,0.02882338,0.03589484,6.7461686
2605,2026-07-27,0.15810052,0.2710375,0.02351799,0.03547087,6.722249
3037,2026-07-27,0.21234646,0.09889625,0.031787395,0.042775843,6.68
3714,2026-07-27,0.3263738,0.39343834,0.04890283,0.0497585,6.673788
5706,2026-07-27,0.15674932,0.2390995,0.023541126,0.02849229,6.6582484
3093,2026-07-27,0.16313909,0.14885598,0.024504699,0.032268547,6.65719
1720,2026-07-27,0.163232,0.23084195,0.024651283,0.031444237,6.621374
4440,2026-07-27,0.14297931,0.27637485,0.021646602,0.025861824,6.6048565
2515,2026-07-27,0.14543909,0.117255904,0.022035003,0.030008864,6.6000667
6212,2026-07-27,0.15804164,0.25047076,0.023957165,0.027865926,6.596567
2609,2026-07-27,0.09587261,0.18310432,0.014540349,0.01586169,6.593103
1809,2026-07-27,0.26820007,0.03590776,0.040732253,0.04843855,6.584303
6148,2026-07-27,0.22713333,0.34846908,0.03454903,0.03309399,6.574042
6505,2026-07-27,0.1463166,0.19077224,0.022453466,0.02241276,6.5161467
5386,2026-07-27,0.23956798,0.13782507,0.03676465,0.03666582,6.516082
2107,2026-07-27,0.14408994,0.26693958,0.022149956,0.027235197,6.504908
1446,2026-07-27,0.17568356,0.19759046,0.027028237,0.024824338,6.49976
2344,2026-07-27,0.1352959,0.025542041,0.020912595,0.03009363,6.46928
1476,2026-07-27,0.23759069,0.48039734,0.036738656,0.043448035,6.466873
3003,2026-07-27,0.1947858,0.13517445,0.030129896,0.029154975,6.4646535
6244,2026-07-27,0.41664746,0.3370643,0.06448351,0.07593238,6.4612026
1604,2026-07-27,0.12597129,0.23211809,0.019541983,0.024547746,6.445858
8049,2026-07-27,0.14473505,0.16314182,0.022522561,0.028014896,6.42594
1776,2026-07-27,0.20609424,0.1968535,0.03218567,0.031932693,6.4030933
7713,2026-07-27,0.104029484,0.21713473,0.016319558,0.019573536,6.3741374
2851,2026-07-27,0.15616868,0.16361949,0.024588423,0.024709536,6.3510513
1777,2026-07-27,0.1192771,0.24339065,0.018783692,0.022641819,6.3496966
1802,2026-07-27,0.15194209,0.043215957,0.02404053,0.022507403,6.3199844
2031,2026-07-27,0.15786062,0.26997808,0.024980936,0.02767406,6.3189907
2329,2026-07-27,0.179039,0.08495399,0.028465029,0.028643493,6.289567
2211,2026-07-27,0.100912176,0.19049239,0.016113626,0.02471013,6.2621484
4958,2026-07-27,0.2007543,0.1400794,0.03211537,0.042198427,6.2508407
0061,2026-07-27,0.28388503,0.34786192,0.04544819,0.048539285,6.2462068
2612,2026-07-27,0.14669938,0.25605214,0.023536956,0.028313808,6.2324605
2613,2026-07-27,0.14261848,0.24575119,0.02291816,0.03142392,6.222675
2327,2026-07-27,0.22650601,0.0917334,0.036481082,0.04000844,6.208692
7708,2026-07-27,0.19448103,0.34016597,0.031422652,0.03375095,6.1890016
3567,2026-07-27,0.19168438,0.21172695,0.030970896,0.03139899,6.1889777
3276,2026-07-27,0.17614193,0.21532713,0.028518772,0.026650913,6.176134
5609,2026-07-27,0.06649586,0.14986055,0.010783129,0.015965166,6.166085
1737,2026-07-27,0.11672013,0.1949427,0.019008705,0.022946,6.1400285
1540,2026-07-27,0.21367118,0.3057113,0.034988087,0.045974616,6.1067953
6485,2026-07-27,0.14719349,0.13549724,0.024239695,0.02696533,6.0721645
1817,2026-07-27,0.14929765,0.23581314,0.024636088,0.027401347,6.059874
4413,2026-07-27,0.19783884,0.2504624,0.03271943,0.040509954,6.0463405
3597,2026-07-27,0.2057252,0.27270862,0.034029417,0.037157904,6.045333
3607,2026-07-27,0.207869,0.14706421,0.03442325,0.033438683,6.038447
4102,2026-07-27,0.18752724,0.23766163,0.031180236,0.03127588,6.0141053
3038,2026-07-27,0.11540479,0.14955038,0.019257603,0.020357747,5.992376
2636,2026-07-27,0.13927312,0.22621147,0.023240887,0.025391044,5.992333
4550,2026-07-27,0.13855334,0.25525525,0.023219964,0.034090098,5.966735
9925,2026-07-27,0.111247085,0.19368441,0.0186529,0.024591751,5.963744
8299,2026-07-27,0.1511448,0.15074877,0.025380779,0.023457104,5.9548545
2449,2026-07-27,0.20041831,0.10542844,0.033682793,0.03438462,5.9499927
2206,2026-07-27,0.10258584,0.15342668,0.017271983,0.022501273,5.939092
2615,2026-07-27,0.11808011,0.25674775,0.019881282,0.023174116,5.9389615
6134,2026-07-27,0.19992386,0.17680591,0.033728532,0.03101053,5.9272647
2069,2026-07-27,0.1776233,0.22966786,0.029979734,0.031012615,5.9245815
9908,2026-07-27,0.08110582,0.22872353,0.013725578,0.01968402,5.90867
7715,2026-07-27,0.14164619,0.16451664,0.024004793,0.025070986,5.9005003
6515,2026-07-27,0.10614746,0.10894035,0.018023945,0.021596676,5.88892
2392,2026-07-27,0.20057423,0.09819339,0.034116752,0.029998418,5.878882
3546,2026-07-27,0.15138382,0.19328539,0.025782807,0.028203772,5.871275
2105,2026-07-27,0.10728153,0.23679064,0.018286597,0.026307737,5.8663545
1321,2026-07-27,0.12975955,0.13140745,0.022160836,0.026638132,5.85509
2109,2026-07-27,0.18500686,0.27334246,0.03178652,0.036318954,5.8201103
6844,2026-07-27,0.1513814,0.2458129,0.026085155,0.030411713,5.803132
2905,2026-07-27,0.13491474,0.16355436,0.023330731,0.027392462,5.7824574
6269,2026-07-27,0.18145822,0.14563449,0.031418346,0.03076576,5.7753663
4927,2026-07-27,0.42311335,0.29022565,0.0734984,0.065612875,5.7566915
3356,2026-07-27,0.13065735,0.17890806,0.022699777,0.022321908,5.755633
4974,2026-07-27,0.1442164,0.183858,0.025066486,0.029466746,5.753126
2015,2026-07-27,0.1202164,0.18974616,0.020895567,0.021280233,5.752926
6195,2026-07-27,0.12587942,0.13884456,0.022175131,0.026730785,5.6763473
1503,2026-07-27,0.13635726,0.16843724,0.024039187,0.024366183,5.6720552
6862,2026-07-27,0.1338892,0.13207935,0.023729412,0.030796126,5.642093
6582,2026-07-27,0.18651234,0.2812308,0.033139903,0.033221193,5.6278596
6771,2026-07-27,0.0938959,0.13588999,0.016693251,0.019562514,5.624445
3707,2026-07-27,0.1859459,0.0006836104,0.033113513,0.03478334,5.615239
3236,2026-07-27,0.2822698,0.08125925,0.050303496,0.0387012,5.611224
2027,2026-07-27,0.08497896,0.12157437,0.015148681,0.01732359,5.6092906
2235,2026-07-27,0.12963733,0.1556277,0.023171043,0.02114567,5.594558
3537,2026-07-27,0.13499014,0.038677383,0.024147548,0.025074774,5.58999
8908,2026-07-27,0.09139792,0.18392459,0.016351476,0.024285853,5.58924
2509,2026-07-27,0.15123612,0.20696087,0.027128538,0.02852657,5.574592
2706,2026-07-27,0.12983677,0.21271451,0.023312863,0.028393,5.56908
2355,2026-07-27,0.29470882,0.21978879,0.053383462,0.050347842,5.5204983
1103,2026-07-27,0.13048723,0.19267066,0.02377425,0.024028905,5.488364
3434,2026-07-27,0.16652718,0.19776016,0.030375032,0.036369797,5.48219
1301,2026-07-27,0.12177191,0.07971206,0.022275548,0.022737222,5.4663725
6259,2026-07-27,0.13361041,0.085028395,0.024475258,0.02856717,5.458776
5522,2026-07-27,0.10693099,0.18117073,0.019632524,0.024727147,5.446347
8931,2026-07-27,0.11719346,0.21673886,0.021529535,0.024759583,5.443128
8213,2026-07-27,0.2110541,0.13147384,0.038824175,0.034475245,5.436012
9935,2026-07-27,0.12723316,0.22791034,0.023451416,0.030239426,5.4251623
2303,2026-07-27,0.13297494,0.055929445,0.024698023,0.020782186,5.383814
6220,2026-07-27,0.14738868,0.11405541,0.027448133,0.030369295,5.3695207
6527,2026-07-27,0.110574916,0.21927156,0.020605449,0.026533285,5.3660345
2012,2026-07-27,0.14071387,0.28756332,0.026250135,0.03474242,5.3602967
9943,2026-07-27,0.080478884,0.16542019,0.015032459,0.018525682,5.3533177
1338,2026-07-27,0.22917172,0.2714854,0.043396123,0.039247014,5.2808046
5904,2026-07-27,0.13413432,0.20413856,0.025405213,0.03185321,5.2795873
3090,2026-07-27,0.1834063,-0.08728032,0.03477234,0.039577857,5.274337
6474,2026-07-27,0.15997861,0.24337979,0.030381164,0.030043991,5.265544
2546,2026-07-27,0.10646262,0.17037092,0.020240141,0.023987135,5.259714
4908,2026-07-27,0.15591988,0.07285101,0.029663956,0.030859862,5.256029
9946,2026-07-27,0.1275908,0.13340153,0.024287673,0.024957113,5.253099
5403,2026-07-27,0.07349313,0.12872969,0.014011406,0.017250614,5.2448616
4912,2026-07-27,0.11354844,0.088460445,0.021694558,0.028146649,5.2337184
6164,2026-07-27,0.29295585,0.121765144,0.055973846,0.05817812,5.2337055
1732,2026-07-27,0.17916675,0.28011233,0.03425184,0.03994181,5.2307124
2059,2026-07-27,0.08079562,0.10907594,0.015634656,0.0198712,5.1673956
9928,2026-07-27,0.1639457,0.19593409,0.031789355,0.028103525,5.1570897
8367,2026-07-27,0.038568385,0.1507251,0.0074919825,0.017802376,5.1472673
5203,2026-07-27,0.11959257,0.20167182,0.023392092,0.031123882,5.112303
2481,2026-07-27,0.1685338,-0.046231493,0.033109684,0.031194832,5.090013
6768,2026-07-27,0.13326985,0.21864848,0.02619525,0.031607453,5.0873632
2611,2026-07-27,0.11051941,0.1824769,0.021785751,0.021372052,5.0727806
4153,2026-07-27,0.120828524,0.2386615,0.023840088,0.029715182,5.068079
1584,2026-07-27,0.137824,0.18365917,0.027205005,0.030740445,5.0659404
4120,2026-07-27,0.11282029,0.14717372,0.02229449,0.024536254,5.0602293
6264,2026-07-27,0.1751477,0.24489616,0.034674063,0.03733743,5.051114
1437,2026-07-27,0.10872492,0.1325132,0.02153433,0.030635588,5.048677
2345,2026-07-27,0.10559154,0.12257632,0.020946397,0.021283973,5.0407953
2324,2026-07-27,0.089498274,0.1346964,0.017914705,0.018671298,4.9955206
6944,2026-07-27,0.12752949,0.114364736,0.025542144,0.022671012,4.992709
2450,2026-07-27,0.075926274,0.15399048,0.015216383,0.0163548,4.9894433
3687,2026-07-27,0.19136915,0.22343013,0.03847221,0.037373684,4.9740887
6470,2026-07-27,0.09997126,0.1901745,0.020126272,0.026720788,4.966955
4938,2026-07-27,0.090386696,0.1835453,0.018289538,0.023510322,4.9417186
6147,2026-07-27,0.18712476,0.05252526,0.037951924,0.038267042,4.9304442
1234,2026-07-27,0.07788954,0.18712136,0.015819699,0.019823635,4.923268
6691,2026-07-27,0.0723836,0.084398866,0.014728113,0.016095787,4.9143214
4106,2026-07-27,0.107050054,0.18002471,0.02192206,0.02422176,4.882989
3168,2026-07-27,0.08853409,0.10933917,0.018132484,0.023122007,4.882354
6556,2026-07-27,0.0707852,0.114752814,0.014498016,0.022183644,4.882069
8284,2026-07-27,0.12150947,0.23691553,0.02498564,0.027153611,4.8629775
9905,2026-07-27,0.10839758,0.24426147,0.022296054,0.025318412,4.8615203
2383,2026-07-27,0.08667181,0.080636434,0.017830491,0.02013469,4.8606033
3528,2026-07-27,0.08619383,0.04048067,0.017747214,0.022210076,4.856479
5347,2026-07-27,0.106011085,0.0717796,0.021846158,0.020767616,4.852397
3652,2026-07-27,0.11424732,0.057925653,0.02357532,0.02712018,4.8458505
3512,2026-07-27,0.13735633,0.19722405,0.028363049,0.02813974,4.8426204
1336,2026-07-27,0.11620088,0.22484241,0.024089651,0.02608146,4.8234844
2885,2026-07-27,0.10319264,0.07557548,0.021464778,0.022405023,4.8073096
4568,2026-07-27,0.09594815,0.16327085,0.019963346,0.024584841,4.805975
2301,2026-07-27,0.08937604,0.103071555,0.018603686,0.01904588,4.803953
2536,2026-07-27,0.105526306,0.19087665,0.021997245,0.027913345,4.797033
5274,2026-07-27,0.10772245,0.10966276,0.022600738,0.021555975,4.7661133
1474,2026-07-27,0.1849899,0.32433397,0.038852904,0.042327315,4.7611666
1904,2026-07-27,0.17510337,0.14236034,0.03685447,0.03554364,4.7510824
1294,2026-07-27,0.10236565,0.09867161,0.02164632,0.022974482,4.7287908
2462,2026-07-27,0.113502346,0.1069013,0.024027029,0.024048334,4.7237477
8917,2026-07-27,0.114898644,0.22276752,0.0243958,0.030424444,4.7095785
2836,2026-07-27,0.100514494,0.049065735,0.021419894,0.025417887,4.6923575
2408,2026-07-27,0.11238659,-0.021619145,0.024037745,0.02717403,4.675227
6662,2026-07-27,0.09657038,0.19147107,0.020677473,0.02782737,4.670092
4557,2026-07-27,0.086106636,0.19898733,0.018520925,0.021349838,4.648903
3086,2026-07-27,0.20103675,0.1930316,0.043258164,0.04932511,4.647264
2483,2026-07-27,0.11896556,-0.019092286,0.02561001,0.033486098,4.6450944
1808,2026-07-27,0.13336264,0.12586485,0.028750923,0.034849565,4.63839
3046,2026-07-27,0.13472182,0.14279246,0.029079478,0.03449005,4.6327233
1438,2026-07-27,0.10749825,0.17157058,0.023358652,0.027804185,4.601877
3516,2026-07-27,0.1392178,0.1072195,0.03035161,0.030844674,4.586683
6770,2026-07-27,0.08856876,0.028292833,0.019337097,0.016816558,4.580014
5202,2026-07-27,0.11920594,0.041842137,0.026045544,0.025041085,4.5766506
3306,2026-07-27,0.15842399,0.2589961,0.034720052,0.033886492,4.562765
2330,2026-07-27,0.123446986,0.09738918,0.02721317,0.037783973,4.536129
6026,2026-07-27,0.10682965,0.094322346,0.023590278,0.024072586,4.5283537
1614,2026-07-27,0.10335611,0.2231053,0.022865891,0.0253351,4.5199018
6248,2026-07-27,0.0737251,0.16616215,0.016352417,0.014298334,4.508238
4755,2026-07-27,0.14281777,0.10460145,0.031702735,0.02975227,4.5047617
6405,2026-07-27,0.11944671,-0.024330206,0.026537215,0.026139613,4.500932
8048,2026-07-27,0.08799449,0.080840126,0.019665362,0.021985022,4.474365
6425,2026-07-27,0.18276711,0.27536118,0.040894277,0.04139527,4.4691496
3023,2026-07-27,0.111120895,0.19873925,0.025020568,0.033067103,4.4410043
4162,2026-07-27,0.08293483,0.13301928,0.018708367,0.024797589,4.432797
3591,2026-07-27,0.1092353,0.058171663,0.024680832,0.025759967,4.425737
2884,2026-07-27,0.05066239,0.043890197,0.01149099,0.012026338,4.4084954
2008,2026-07-27,0.09787913,0.13160321,0.022203188,0.024575293,4.408138
4167,2026-07-27,0.11672525,0.15079962,0.026498966,0.03299441,4.404732
5425,2026-07-27,0.1774653,-0.024708025,0.04030311,0.038764056,4.4031568
3021,2026-07-27,0.1582848,0.012778469,0.03595446,0.023771193,4.4022465
4433,2026-07-27,0.09797026,0.20186329,0.022260673,0.030346032,4.400849
6409,2026-07-27,0.12550426,0.15278295,0.028573325,0.033211026,4.392204
8390,2026-07-27,0.13831574,0.14307414,0.031551465,0.03808347,4.3836746
2201,2026-07-27,0.15414776,0.23207182,0.035180718,0.039555777,4.3814735
6116,2026-07-27,0.16913635,-0.051392984,0.038657818,0.039656878,4.375104
5289,2026-07-27,0.11207272,0.052488104,0.025678247,0.027647974,4.3643303
3138,2026-07-27,0.13559575,0.077155106,0.031245474,0.03471589,4.339554
2468,2026-07-27,0.1373105,0.058771525,0.03169377,0.03550537,4.3322763
4909,2026-07-27,0.09142856,0.11489697,0.021129712,0.025521575,4.3268094
8064,2026-07-27,0.17568652,0.18570168,0.040605385,0.037197523,4.326574
9939,2026-07-27,0.117122665,0.19615692,0.02709176,0.032098744,4.3230243
2816,2026-07-27,0.113302074,0.18684283,0.026266774,0.033806935,4.313349
1104,2026-07-27,0.11368085,0.1822073,0.026398057,0.029661687,4.3062463
6967,2026-07-27,0.14050242,0.19640695,0.032740667,0.031686526,4.291242
2441,2026-07-27,0.16437572,0.15598556,0.03831739,0.039686434,4.289735
2402,2026-07-27,0.17518577,0.0085082175,0.0409422,0.046559397,4.2787514
3285,2026-07-27,0.14263214,0.067566596,0.033393577,0.04089866,4.271117
6996,2026-07-27,0.12320395,0.1365812,0.02888812,0.025628971,4.264718
5475,2026-07-27,0.13378248,0.031085713,0.031453397,0.034957793,4.2532206
7718,2026-07-27,0.09351713,0.20743614,0.02202315,0.029451383,4.2461176
1456,2026-07-27,0.10491563,0.17998816,0.024717724,0.036112107,4.2443786
3592,2026-07-27,0.07479226,0.11698887,0.017624194,0.022445023,4.2434855
3293,2026-07-27,0.13778134,0.18788598,0.032632936,0.038220968,4.2220263
4571,2026-07-27,0.10653841,0.16738541,0.025351353,0.026333189,4.2023087
6961,2026-07-27,0.060026653,0.13642015,0.014295561,0.018171417,4.1986775
4972,2026-07-27,0.10270165,0.14439644,0.024466597,0.027928766,4.1974554
5547,2026-07-27,0.08243683,0.09265697,0.019671641,0.029844256,4.19043
1702,2026-07-27,0.06408129,0.16970178,0.015347916,0.019244255,4.1749716
3680,2026-07-27,0.11628359,0.14238286,0.027892765,0.031229397,4.1688023
5880,2026-07-27,0.083936445,0.10455339,0.020209482,0.024013635,4.1531143
6477,2026-07-27,0.165268,0.17365043,0.039802223,0.040299617,4.1521263
4116,2026-07-27,0.09637642,0.19438267,0.023292601,0.027562205,4.137463
3028,2026-07-27,0.15016778,0.065519236,0.03637019,0.03081451,4.128756
4535,2026-07-27,0.11893808,0.23723973,0.028841892,0.0295567,4.123653
6219,2026-07-27,0.11506645,0.19163205,0.028033178,0.034772802,4.1045055
4967,2026-07-27,0.17065285,0.17808726,0.0416498,0.044441443,4.097229
3526,2026-07-27,0.11713126,0.13660342,0.028729904,0.034175456,4.0768385
5284,2026-07-27,0.10728405,0.102495685,0.026340012,0.029099312,4.0728903
1605,2026-07-27,0.084239766,0.04887835,0.020703826,0.022729518,4.0686054
8162,2026-07-27,0.09455781,-0.053705215,0.02339982,0.02865851,4.04079
4979,2026-07-27,0.16160978,0.06743363,0.039998516,0.046329707,4.0402937
8080,2026-07-27,0.07411825,0.15170771,0.018349191,0.022525078,4.0390997
2395,2026-07-27,0.08860305,0.1029997,0.022002943,0.026512368,4.0266895
1305,2026-07-27,0.24223843,0.32148495,0.060221903,0.07271265,4.022364
1436,2026-07-27,0.07903698,0.07496967,0.01966233,0.024299568,4.019511
6743,2026-07-27,0.09069775,0.064502634,0.022580527,0.024818016,4.016458
1416,2026-07-27,0.11023825,0.2157158,0.027506273,0.02427188,4.0076036
2832,2026-07-27,0.10202603,0.1266439,0.0254609,0.04021245,4.0070076
6242,2026-07-27,0.106018975,0.24357128,0.026630439,0.03265012,3.9809706
3679,2026-07-27,0.07660643,0.15789393,0.019448426,0.020558655,3.9387503
4746,2026-07-27,0.0950731,0.19104744,0.02414431,0.033722244,3.9375386
1409,2026-07-27,0.13157035,0.08573438,0.033559628,0.033814542,3.9203784
1616,2026-07-27,0.0709616,0.026717965,0.018112333,0.021167217,3.9176445
1337,2026-07-27,0.13105279,0.08630089,0.033503223,0.035979036,3.9115307
2010,2026-07-27,0.13031277,0.26835063,0.03338103,0.040218838,3.9036803
2618,2026-07-27,0.0633295,0.121374,0.016271025,0.018390281,3.891925
8432,2026-07-27,0.11098216,0.24337496,0.028591529,0.031902548,3.881509
5546,2026-07-27,0.056021877,0.09226487,0.014432223,0.015113372,3.881453
3118,2026-07-27,0.08046006,0.23988374,0.020734703,0.022215355,3.8802667
4933,2026-07-27,0.10168859,0.07358627,0.02620688,0.026319545,3.880077
1617,2026-07-27,0.1211984,0.12556992,0.031266548,0.026309634,3.8761725
6706,2026-07-27,0.09298757,0.15321389,0.02409609,0.030512149,3.8588712
6109,2026-07-27,0.09744218,0.07976246,0.025283616,0.030689264,3.853813
8481,2026-07-27,0.10122984,0.16532682,0.026327197,0.03382381,3.844921
1590,2026-07-27,0.06526551,0.16253373,0.016990619,0.02746822,3.841041
5438,2026-07-27,0.108047806,0.124136284,0.028250882,0.027554084,3.8244462
5601,2026-07-27,0.08128158,0.15778138,0.021415856,0.023328628,3.7952154
1432,2026-07-27,0.13762441,0.20426455,0.03645086,0.036988713,3.7755117
3413,2026-07-27,0.1618922,0.297687,0.042879738,0.05396621,3.7754064
6239,2026-07-27,0.108779244,0.013214532,0.028910616,0.027990568,3.7624753
6854,2026-07-27,0.068110384,-0.02064125,0.018119933,0.017900266,3.7586577
7716,2026-07-27,0.079954036,0.16627559,0.021344023,0.021033825,3.7457929
6108,2026-07-27,0.093195125,0.07764413,0.024955627,0.029987454,3.7342837
6122,2026-07-27,0.061905693,0.18261446,0.016595976,0.025712421,3.729938
5285,2026-07-27,0.12970585,-0.047813255,0.03478495,0.034004547,3.7286851
6637,2026-07-27,0.10096243,0.21204676,0.027230917,0.028950507,3.7075036
3717,2026-07-27,0.16568968,0.19732994,0.044813175,0.054467358,3.6972606
3131,2026-07-27,0.058053557,0.057046603,0.015727876,0.020707002,3.6908903
5371,2026-07-27,0.117631435,0.0063417754,0.03191637,0.026702613,3.6854994
1781,2026-07-27,0.13290496,0.18517034,0.03639956,0.03827561,3.6511793
1714,2026-07-27,0.13338025,0.055614278,0.036755953,0.03814589,3.6287081
3032,2026-07-27,0.097654,-0.02456535,0.027024982,0.025137167,3.6133375
4588,2026-07-27,0.06928337,0.036060527,0.01918269,0.020696746,3.611577
1324,2026-07-27,0.110609755,0.21372922,0.030714866,0.032595113,3.6010625
6417,2026-07-27,0.10421416,0.11485655,0.029385688,0.035056192,3.5463052
1402,2026-07-27,0.05451691,0.14222033,0.015384905,0.018286161,3.543302
4561,2026-07-27,0.087813236,0.00171493,0.024861265,0.028889947,3.5319886
6590,2026-07-27,0.080579564,0.23772995,0.022846589,0.02558113,3.52683
6217,2026-07-27,0.12635322,0.09985437,0.035827067,0.040884927,3.5266547
1531,2026-07-27,0.104053326,0.16817756,0.02951375,0.04006397,3.5254686
8930,2026-07-27,0.060044017,0.15011978,0.0172062,0.018905232,3.4894705
3008,2026-07-27,0.070147134,0.06944836,0.020110296,0.025677206,3.487947
5324,2026-07-27,0.07321331,0.12794608,0.02100121,0.022054605,3.485981
4529,2026-07-27,0.09884029,0.095827535,0.028622136,0.024556385,3.4531608
6781,2026-07-27,0.11763118,0.12524135,0.034130096,0.039185513,3.4464521
4528,2026-07-27,0.083298065,0.12743303,0.024217483,0.024142506,3.439442
5543,2026-07-27,0.09592555,0.15773429,0.028108176,0.028453859,3.4126062
3615,2026-07-27,0.13299754,-0.1022877,0.0390224,0.037245017,3.4081485
6887,2026-07-27,0.09273602,0.18851426,0.027308905,0.032691076,3.3956916
5538,2026-07-27,0.07459614,0.09242713,0.021987254,0.02692725,3.3925447
2643,2026-07-27,0.053228147,0.1067829,0.015700638,0.01701832,3.389974
4995,2026-07-27,0.11042045,0.19544038,0.0325747,0.04237022,3.3896573
4551,2026-07-27,0.07698641,0.13627869,0.022805525,0.02506866,3.3756309
7791,2026-07-27,0.051754907,0.16534553,0.015347347,0.019093905,3.3720183
5312,2026-07-27,0.07353923,0.21184541,0.021825768,0.031794235,3.369222
2427,2026-07-27,0.09322286,0.10876425,0.027728284,0.031303585,3.361892
3311,2026-07-27,0.08671597,0.06427573,0.0258683,0.027762054,3.35208
1595,2026-07-27,0.108464114,0.26389912,0.032444987,0.041639317,3.3429132
6730,2026-07-27,0.08866852,0.13839646,0.026544916,0.031994358,3.3401945
4735,2026-07-27,0.10263455,0.16440815,0.030824251,0.036963966,3.3295608
6958,2026-07-27,0.07023973,0.22223982,0.021176571,0.031067502,3.3167038
5351,2026-07-27,0.10846772,0.18223625,0.03270846,0.04263542,3.3160965
4915,2026-07-27,0.083525166,0.10701475,0.025403857,0.02412928,3.2877636
4432,2026-07-27,0.11324711,0.19110881,0.034652356,0.036359116,3.2679985
6506,2026-07-27,0.088285804,0.1066194,0.027036516,0.031145114,3.2653074
2491,2026-07-27,0.1179611,-0.043505136,0.03618271,0.037321907,3.2600613
5514,2026-07-27,0.058560483,0.08976234,0.017985264,0.020535622,3.2558448
2455,2026-07-27,0.11355294,-0.033327434,0.034984846,0.041485526,3.2456825
1906,2026-07-27,0.084423386,0.030220874,0.026083132,0.035588644,3.2365801
1733,2026-07-27,0.12273596,0.12864701,0.038053203,0.041675843,3.2252934
2227,2026-07-27,0.045761947,0.105822004,0.014213162,0.018794946,3.2194614
6456,2026-07-27,0.10833459,0.02540627,0.033755522,0.037558366,3.2092938
9937,2026-07-27,0.05959669,0.21227668,0.01858182,0.020599445,3.2070854
3036,2026-07-27,0.089840844,0.17071623,0.028030273,0.028132716,3.2050219
9931,2026-07-27,0.06500202,0.18901396,0.020316042,0.023365853,3.1993837
6153,2026-07-27,0.09407495,0.015747832,0.029420337,0.03347377,3.1975076
1268,2026-07-27,0.06938938,0.14228044,0.021701347,0.026532786,3.1973214
6486,2026-07-27,0.0629123,0.18882647,0.019769214,0.021467589,3.1821759
2029,2026-07-27,0.075063094,0.07064647,0.023647632,0.023557935,3.1740987
1539,2026-07-27,0.08249553,0.23547913,0.02609108,0.03365185,3.1617076
2739,2026-07-27,0.07286289,0.14370228,0.023088226,0.029882282,3.1557095
4438,2026-07-27,0.07961156,0.11101643,0.02537608,0.026978068,3.1371443
8112,2026-07-27,0.054898094,0.08149775,0.017554998,0.019171305,3.1270278
3673,2026-07-27,0.09664496,0.031689115,0.030967461,0.027150456,3.1207545
5210,2026-07-27,0.072485454,0.06346645,0.023306312,0.02242281,3.1099877
8433,2026-07-27,0.07944404,0.21404757,0.02559667,0.03356488,3.1035652
6290,2026-07-27,0.1299915,0.013091371,0.04193315,0.03934817,3.0998962
9136,2026-07-27,0.19822139,0.1855216,0.06400022,0.058286715,3.0971503
1903,2026-07-27,0.0629462,0.118783705,0.020452147,0.025062744,3.0775802
2723,2026-07-27,0.05748845,0.10742116,0.01874585,0.026791418,3.0665655
1475,2026-07-27,0.10087178,0.24693206,0.032914173,0.03801053,3.0645983
5315,2026-07-27,0.08728512,0.121333726,0.028626611,0.031230858,3.0489836
8482,2026-07-27,0.06408023,0.07542436,0.021019151,0.023242576,3.0485141
1597,2026-07-27,0.11502764,-0.025200367,0.037941985,0.044480488,3.031592
6156,2026-07-27,0.11716833,0.02026133,0.038905676,0.03852045,3.0115225
1615,2026-07-27,0.07379688,0.14603278,0.024534946,0.02472529,3.0077047
2250,2026-07-27,0.095708445,0.13805479,0.03187696,0.033533823,3.0023394
5534,2026-07-27,0.07032926,0.1070041,0.023428645,0.025167426,3.001721
2379,2026-07-27,0.07429297,0.10357273,0.024839463,0.022611164,2.9908047
1471,2026-07-27,0.07497409,0.0723654,0.025135752,0.024165947,2.9826484
2548,2026-07-27,0.07445252,0.12889296,0.024998546,0.025643704,2.978155
5452,2026-07-27,0.08612553,0.04734957,0.02893792,0.028920336,2.976114
2482,2026-07-27,0.07464797,0.11942075,0.02514664,0.026893465,2.9683886
1304,2026-07-27,0.08001993,0.12842005,0.026997408,0.032801945,2.9638758
1905,2026-07-27,0.08606776,0.04462955,0.02908181,0.035581496,2.959403
2436,2026-07-27,0.118219845,0.07121674,0.040214203,0.037052426,2.9396806
4543,2026-07-27,0.06755435,0.03694841,0.022996698,0.027431043,2.9374394
3675,2026-07-27,0.0695888,0.042512543,0.023695579,0.027421977,2.9366603
1445,2026-07-27,0.07004895,0.081525214,0.023956329,0.028868157,2.923905
6654,2026-07-27,0.1096242,0.01775914,0.037547488,0.04111725,2.919537
2949,2026-07-27,0.07276232,0.10708277,0.024942216,0.03051567,2.9171185
1110,2026-07-27,0.07251278,0.10984565,0.024895692,0.027558368,2.9125469
2409,2026-07-27,0.061810635,-0.004730593,0.021308867,0.021383435,2.900564
2428,2026-07-27,0.08103347,-0.012852321,0.02799701,0.03564987,2.8942583
6804,2026-07-27,0.05885523,0.06437789,0.020352975,0.022237308,2.8915842
3708,2026-07-27,0.11406591,0.31616065,0.03948635,0.036285527,2.8886697
6024,2026-07-27,0.07394877,0.09410364,0.025806732,0.031064328,2.8653727
5353,2026-07-27,0.069825,0.06896114,0.024407653,0.02919244,2.8606658
2393,2026-07-27,0.080430955,0.16764702,0.028132768,0.03140186,2.858876
2108,2026-07-27,0.07775517,0.09379638,0.027332852,0.03293955,2.8446474
4417,2026-07-27,0.06684553,0.11647021,0.023580253,0.027900845,2.8346894
3580,2026-07-27,0.07348145,-0.0027822286,0.026087204,0.02919509,2.8166542
5450,2026-07-27,0.07128588,0.11058227,0.025308112,0.02742874,2.8166094
1339,2026-07-27,0.0906559,0.1808548,0.03221038,0.031806458,2.8144062
6573,2026-07-27,0.070586875,0.078261785,0.025201835,0.02458913,2.8007514
2610,2026-07-27,0.040495638,0.07137964,0.014583481,0.020562004,2.7766252
3163,2026-07-27,0.14226548,0.031250942,0.051692374,0.06000788,2.7521029
6207,2026-07-27,0.10865262,-0.07338312,0.03976359,0.0419629,2.7323966
7788,2026-07-27,0.069472544,-0.046440244,0.025633482,0.024913657,2.7101207
2024,2026-07-27,0.0682933,0.13533728,0.0252479,0.02746821,2.704803
1453,2026-07-27,0.060980473,0.15647504,0.022562537,0.023434574,2.7026114
6168,2026-07-27,0.09921826,-0.067841396,0.03676641,0.03492528,2.6985383
2607,2026-07-27,0.06416128,0.14388508,0.023816962,0.027893245,2.693819
9926,2026-07-27,0.044137117,0.14585114,0.01642894,0.026606843,2.6863832
8927,2026-07-27,0.054253187,0.17612585,0.020276746,0.02677919,2.6755037
2453,2026-07-27,0.06336348,0.039622307,0.023689317,0.029352585,2.6746573
8924,2026-07-27,0.039700676,0.16328456,0.014844458,0.019406117,2.6742642
4304,2026-07-27,0.05565787,0.050677612,0.020912113,0.01969478,2.6613863
6443,2026-07-27,0.086678535,-0.06443034,0.032584127,0.0410261,2.6600645
2399,2026-07-27,0.11766681,0.118713394,0.044282977,0.047117792,2.6570969
2641,2026-07-27,0.054586187,0.027541311,0.020544097,0.024815828,2.656896
9934,2026-07-27,0.04738246,0.06667303,0.017866487,0.021402724,2.6518815
8473,2026-07-27,0.085165426,-0.02516234,0.032159485,0.03400136,2.6481388
1805,2026-07-27,0.07335584,0.091496974,0.02784907,0.035292644,2.6339552
2705,2026-07-27,0.050491333,0.14392883,0.019231891,0.020746076,2.6252596
4609,2026-07-27,0.039153967,0.056466497,0.01500474,0.019687615,2.609266
5443,2026-07-27,0.11557191,0.111469075,0.044765733,0.048565503,2.5816472
9918,2026-07-27,0.06922819,0.17639329,0.026849667,0.029341077,2.5782669
6190,2026-07-27,0.12298603,0.043530624,0.047772646,0.05496785,2.574349
4534,2026-07-27,0.062689625,0.11029196,0.024481544,0.031009892,2.5605845
8422,2026-07-27,0.05532585,0.01367964,0.021610374,0.023322176,2.560034
6534,2026-07-27,0.042601775,0.017426254,0.016652009,0.021946818,2.558203
3629,2026-07-27,0.049520247,0.083862446,0.019385245,0.024867991,2.5544012
7805,2026-07-27,0.068578005,0.12914175,0.026875857,0.032037187,2.5515633
3715,2026-07-27,0.15276892,-0.086134516,0.06011185,0.0643459,2.541369
2241,2026-07-27,0.043240022,-0.06701889,0.017152408,0.020867445,2.5207832
9962,2026-07-27,0.0612352,0.1399993,0.024385564,0.026603082,2.511022
1434,2026-07-27,0.082216345,0.15276526,0.03283597,0.030671403,2.5037737
2489,2026-07-27,0.050270233,-0.027155826,0.020169776,0.026496347,2.492231
2542,2026-07-27,0.24749096,0.62758446,0.099776864,0.13372098,2.4804196
8021,2026-07-27,0.10665839,-0.052902427,0.043112464,0.041218005,2.4738998
3227,2026-07-27,0.07452129,0.09779581,0.030168489,0.03685206,2.4700878
4572,2026-07-27,0.05556681,0.1439884,0.0225384,0.023909697,2.465319
1236,2026-07-27,0.055779073,0.11229771,0.022628518,0.028398627,2.4648812
6125,2026-07-27,0.12135859,-0.21839462,0.049360696,0.054055672,2.458558
3078,2026-07-27,0.07205768,0.06282787,0.029332692,0.030356927,2.4564817
3388,2026-07-27,0.07870994,0.057354044,0.032152753,0.03105885,2.447924
3545,2026-07-27,0.0792912,-0.052147467,0.03258081,0.039806228,2.4336033
3498,2026-07-27,0.0948158,0.045078073,0.03897775,0.038134545,2.4325
5607,2026-07-27,0.053485654,0.062690645,0.022166893,0.031532742,2.412753
2006,2026-07-27,0.060660314,0.16305806,0.025156347,0.03346025,2.4112365
4563,2026-07-27,0.041985076,0.005380949,0.017493444,0.022016574,2.3999093
6805,2026-07-27,0.039196514,0.04557073,0.016339809,0.01877225,2.3986888
2063,2026-07-27,0.04685985,0.15584515,0.019609295,0.022945646,2.3895535
3303,2026-07-27,0.07692456,0.035680294,0.03219844,0.03865328,2.3890033
6196,2026-07-27,0.045426764,-0.014264759,0.019130195,0.01592672,2.3744864
2882,2026-07-27,0.025617464,0.027204854,0.010851529,0.01327743,2.3605063
6128,2026-07-27,0.070277385,0.11416707,0.02988233,0.033101887,2.3517253
4807,2026-07-27,0.07947814,0.08766039,0.03414174,0.037153475,2.3278196
6240,2026-07-27,0.102916874,0.17956896,0.044377714,0.045656502,2.3190594
4721,2026-07-27,0.06834788,0.038088672,0.030085111,0.03227336,2.2717419
2049,2026-07-27,0.057384152,0.11358395,0.025407195,0.030139545,2.2584898
2382,2026-07-27,0.05575102,0.025470443,0.024739932,0.028218003,2.253392
2347,2026-07-27,0.047776327,0.15022026,0.021220265,0.028293526,2.251342
2748,2026-07-27,0.04943464,0.17611136,0.022009777,0.021088012,2.2459288
1101,2026-07-27,0.039784793,0.10272069,0.017789345,0.016410459,2.2363136
2440,2026-07-27,0.06335638,0.03858451,0.028491382,0.03035414,2.2236252
6158,2026-07-27,0.053331487,0.21697174,0.02399064,0.029737914,2.2229195
8069,2026-07-27,0.08157226,0.14360495,0.036698647,0.04891731,2.2226987
2608,2026-07-27,0.040326465,0.13155991,0.018159958,0.020881206,2.220503
2524,2026-07-27,0.06684319,0.090580784,0.030203963,0.03367888,2.212987
3135,2026-07-27,0.04456201,-0.025106804,0.020266486,0.018457796,2.1986945
6722,2026-07-27,0.044738352,0.08085488,0.020351574,0.021114342,2.1981668
5225,2026-07-27,0.033820808,0.06468426,0.015390283,0.02034935,2.1974
5465,2026-07-27,0.046995282,0.002792152,0.02145664,0.024155835,2.1901422
4173,2026-07-27,0.049021084,0.16804259,0.022518538,0.029031003,2.1768246
6245,2026-07-27,0.06042991,0.09761305,0.02781598,0.028317686,2.1724107
8050,2026-07-27,0.053121638,0.023807663,0.024554856,0.022638315,2.1632981
3052,2026-07-27,0.093802564,0.19063686,0.043371484,0.053822402,2.1627207
9945,2026-07-27,0.03620468,0.15622821,0.016740898,0.025158744,2.1625195
4706,2026-07-27,0.048856456,0.07948213,0.022701941,0.02487591,2.1519878
9110,2026-07-27,0.04647906,0.029350448,0.021611106,0.028030695,2.150603
1516,2026-07-27,0.06513328,0.07527209,0.030361071,0.039924197,2.1452186
1725,2026-07-27,0.0830957,0.056693513,0.03896078,0.0460445,2.132749
8938,2026-07-27,0.04682541,0.20087035,0.021973586,0.02309332,2.1308892
2471,2026-07-27,0.06683658,0.13703176,0.03144069,0.03628424,2.1257312
2397,2026-07-27,0.07586931,0.07285592,0.035720892,0.036568303,2.1238883
4160,2026-07-27,0.064476304,0.1579352,0.030469533,0.030401098,2.1160214
6266,2026-07-27,0.05976802,0.13096121,0.028344868,0.02869055,2.1085267
3149,2026-07-27,0.088355385,-0.24528153,0.04238458,0.066409305,2.0845625
1789,2026-07-27,0.06252421,0.1250544,0.030207586,0.027726192,2.0697496
6669,2026-07-27,0.025902113,0.05877568,0.012516874,0.021551872,2.0692103
1443,2026-07-27,0.046298083,0.01999254,0.022442926,0.021207325,2.0628335
5283,2026-07-27,0.05586707,0.1101713,0.027619299,0.030680167,2.0226815
3491,2026-07-27,0.05163868,0.08755617,0.025668154,0.030959029,2.0117018
4971,2026-07-27,0.16970046,0.09708852,0.08449879,0.09723506,2.0082943
4533,2026-07-27,0.05683229,-0.013007692,0.028361727,0.027106712,2.0037668
6189,2026-07-27,0.0459817,0.031614505,0.023018077,0.025309807,1.9975475
3048,2026-07-27,0.050979212,-0.05785509,0.025607815,0.036499057,1.99069
1454,2026-07-27,0.054326765,0.12754278,0.027483048,0.036546748,1.9766654
5493,2026-07-27,0.051749326,0.01779809,0.026323548,0.032147218,1.9658202
8074,2026-07-27,0.06386583,-0.022619503,0.03267857,0.031953003,1.9543046
8183,2026-07-27,0.05403777,0.12992853,0.027709235,0.023139127,1.9501014
6890,2026-07-27,0.051124375,0.10442437,0.026481578,0.03043961,1.9304909
6282,2026-07-27,0.046333987,-0.0795969,0.024053661,0.028122025,1.9261957
7780,2026-07-27,0.031495493,0.014559908,0.01635541,0.0151266735,1.9255749
3374,2026-07-27,0.06136798,-0.039329913,0.03212236,0.03487822,1.910385
2745,2026-07-27,0.028600555,0.11224256,0.015009094,0.019089289,1.9054214
5483,2026-07-27,0.059862297,-0.0042799558,0.031459156,0.03408346,1.9027972
5516,2026-07-27,0.046597037,0.095648356,0.024538113,0.026199099,1.8988885
3548,2026-07-27,0.06877093,0.10957863,0.036325954,0.03770455,1.8931104
1582,2026-07-27,0.0594484,-0.11993696,0.031563375,0.029276425,1.8834019
8467,2026-07-27,0.04063785,-0.0040314025,0.021687321,0.026309513,1.8737204
2034,2026-07-27,0.0441531,0.10438442,0.023594774,0.025923925,1.8712292
5457,2026-07-27,0.069249265,0.036485218,0.037019722,0.039396863,1.8705542
6550,2026-07-27,0.06165242,0.041517984,0.033020668,0.040583495,1.8670293
1219,2026-07-27,0.034327287,0.19236402,0.018395832,0.01896853,1.8659347
1722,2026-07-27,0.029421134,0.008844341,0.015918665,0.017853776,1.8481001
6179,2026-07-27,0.05157211,0.06882405,0.028215997,0.03705235,1.8276967
6015,2026-07-27,0.079189315,0.04593695,0.04339302,0.049680486,1.8248901
8147,2026-07-27,0.051532704,0.014087616,0.028342169,0.030743506,1.8181702
1537,2026-07-27,0.028938094,0.118585154,0.01594094,0.017250787,1.8152179
4956,2026-07-27,0.06875672,-0.0055697937,0.03814344,0.035383943,1.8025359
3287,2026-07-27,0.040347885,0.006289333,0.022623647,0.025583351,1.7833598
1530,2026-07-27,0.042288028,0.082663454,0.02372834,0.030346898,1.7820987
1568,2026-07-27,0.039461058,-0.04807205,0.022257835,0.025377821,1.7728268
8487,2026-07-27,0.03995444,0.13982274,0.02277269,0.029791042,1.7544122
4420,2026-07-27,0.030659767,0.12950553,0.017595254,0.02474546,1.742403
6115,2026-07-27,0.03525219,0.1099314,0.020315541,0.020474125,1.7351472
6175,2026-07-27,0.043984283,-0.04485923,0.02547775,0.028758101,1.7263124
3206,2026-07-27,0.03951602,0.040266775,0.023015602,0.02197319,1.7168486
5903,2026-07-27,0.034717638,0.09578435,0.02029079,0.028858982,1.7109205
3455,2026-07-27,0.050668787,0.004771037,0.029704647,0.037655707,1.7056954
6615,2026-07-27,0.047654763,0.045736738,0.028002564,0.026337018,1.7017392
4741,2026-07-27,0.03812665,0.019636022,0.02275766,0.024254482,1.675259
2412,2026-07-27,0.03986342,0.09919526,0.023905305,0.021372046,1.6674856
1795,2026-07-27,0.051540557,0.24330316,0.030946461,0.03261736,1.6654211
6167,2026-07-27,0.076813154,0.07713621,0.046561185,0.05651739,1.6496897
1108,2026-07-27,0.03988036,0.08699549,0.02418416,0.02299387,1.64896
2367,2026-07-27,0.043555204,-0.018802699,0.026416387,0.027382467,1.6487324
4714,2026-07-27,0.050255693,-0.011465143,0.030628558,0.028875735,1.640758
5011,2026-07-27,0.05023903,-0.018709604,0.030814439,0.033163413,1.6303201
2404,2026-07-27,0.039048385,0.062219873,0.023980878,0.025158854,1.6282455
6499,2026-07-27,0.039685074,-0.007138675,0.02466052,0.02066365,1.6091901
1460,2026-07-27,0.039538432,-0.0023491308,0.02461595,0.027792217,1.6061466
8454,2026-07-27,0.050124213,-0.06478153,0.031276047,0.023207441,1.6025878
3045,2026-07-27,0.0347111,0.13183549,0.021773634,0.025789352,1.5941072
8076,2026-07-27,0.03772507,-0.04364613,0.02367188,0.027233677,1.5935986
0056,2026-07-27,0.04837414,-0.00042243005,0.030542426,0.034098875,1.5837823
3322,2026-07-27,0.042501036,-0.0040317946,0.02685691,0.030283233,1.5824401
5906,2026-07-27,0.03219011,0.06695249,0.020391854,0.017133206,1.5784996
2459,2026-07-27,0.03834828,0.096655145,0.024493875,0.029567316,1.5655634
3171,2026-07-27,0.038280997,0.08930192,0.024534147,0.025788225,1.5602514
6661,2026-07-27,0.025507351,0.14860773,0.01641888,0.02198599,1.5534432
3520,2026-07-27,0.036435504,-0.0096253175,0.023650764,0.033720654,1.5404984
6530,2026-07-27,0.047471073,0.042982705,0.030818658,0.03787201,1.5402855
8444,2026-07-27,0.025782006,0.088728875,0.017068814,0.022124495,1.5103858
3511,2026-07-27,0.041377798,0.02353407,0.0276337,0.026661625,1.497313
2496,2026-07-27,0.031180441,0.15197805,0.020956734,0.025507359,1.4877772
1525,2026-07-27,0.045200117,0.12130145,0.03049162,0.029653141,1.4823297
6841,2026-07-27,0.028980024,0.0066252872,0.0202333,0.022720674,1.4322227
8996,2026-07-27,0.033717223,0.045431454,0.0244026,0.024847407,1.3816495
3705,2026-07-27,0.046111323,0.12970562,0.033423167,0.039269634,1.3795804
3022,2026-07-27,0.04381866,0.05145434,0.032124143,0.031891573,1.363999
4169,2026-07-27,0.033848047,0.029265884,0.024841229,0.021429898,1.3625206
6962,2026-07-27,0.044893507,0.02518972,0.033065774,0.034497537,1.3576622
1538,2026-07-27,0.0496382,0.11584285,0.037620354,0.048702896,1.3194156
6114,2026-07-27,0.055655066,0.057435416,0.042235333,0.050371114,1.317706
6431,2026-07-27,0.026841989,0.028256798,0.02041303,0.023697348,1.3148794
5460,2026-07-27,0.04425281,-0.016121423,0.03383304,0.040981516,1.3079375
2897,2026-07-27,0.026405696,0.08342711,0.020325206,0.020998433,1.2990961
9927,2026-07-27,0.03237019,0.11899818,0.025047293,0.028257139,1.2923112
7732,2026-07-27,0.03117016,0.105274536,0.02415405,0.026583986,1.2904199
6936,2026-07-27,0.029521996,0.15191785,0.023103084,0.026943356,1.2777826
6113,2026-07-27,0.02598697,-0.0817279,0.02060678,0.022832057,1.2610271
3027,2026-07-27,0.03344304,-0.01617632,0.026564265,0.027886892,1.2589011
1560,2026-07-27,0.022565207,0.01346738,0.018030228,0.017272338,1.2514514
2228,2026-07-27,0.020776307,0.06105195,0.016616056,0.019367117,1.2503002
6838,2026-07-27,0.03918783,0.008930841,0.03155417,0.032206345,1.241883
6228,2026-07-27,0.03548099,-0.018718781,0.028832057,0.027416103,1.2305664
2313,2026-07-27,0.027936216,0.005075596,0.02309907,0.02455486,1.2093563
6668,2026-07-27,0.026605448,-0.048685677,0.02214623,0.025507972,1.2012991
1233,2026-07-27,0.024229761,0.108813636,0.020272821,0.024309138,1.1951255
4960,2026-07-27,0.05865573,-0.20476623,0.049338173,0.03901577,1.1888268
6667,2026-07-27,0.02785707,-0.036520436,0.02352735,0.025685795,1.1839789
3596,2026-07-27,0.044167653,0.22580929,0.037582606,0.04504915,1.175184
3047,2026-07-27,0.043957368,-0.10085116,0.037527066,0.040141895,1.1713198
2891,2026-07-27,0.013580764,-0.04425658,0.011614106,0.014535259,1.1692328
8067,2026-07-27,0.04504215,0.09721365,0.038539074,0.038819116,1.1687095
8358,2026-07-27,0.0645789,-0.19152689,0.05678385,0.04808536,1.1372558
2239,2026-07-27,0.030118458,0.01576018,0.026545418,0.021380756,1.1345582
8463,2026-07-27,0.021086866,0.097282484,0.018832566,0.022071999,1.1196427
6728,2026-07-27,0.022428151,0.13608623,0.02025316,0.02115282,1.1073356
1470,2026-07-27,0.020815667,0.117647536,0.018916383,0.019114891,1.100346
6542,2026-07-27,0.01914652,-0.0176856,0.017651925,0.022748968,1.0846089
4416,2026-07-27,0.048091657,0.16149504,0.044456784,0.04326059,1.0817376
2890,2026-07-27,0.013664501,-0.0015090115,0.012870837,0.016343338,1.0615813
1711,2026-07-27,0.021909736,0.002623786,0.020701155,0.02291783,1.0583311
3701,2026-07-27,0.06628538,-0.08724637,0.063022815,0.056687206,1.0517514
5548,2026-07-27,0.047379237,0.11020014,0.045482554,0.047650654,1.0416784
8034,2026-07-27,0.024104178,0.09573198,0.023181552,0.019796534,1.0397551
8289,2026-07-27,0.05070878,-0.16304916,0.049037363,0.06299691,1.0340635
5314,2026-07-27,0.04628771,-0.07860889,0.04479805,0.052799277,1.0332298
3018,2026-07-27,0.02058249,0.03770934,0.019964509,0.02369639,1.0309024
3490,2026-07-27,0.030986529,-0.11751605,0.030412553,0.03211417,1.0188395
2514,2026-07-27,0.02844124,0.024940757,0.02850937,0.0305281,0.9975753
6914,2026-07-27,0.019397724,0.14619592,0.019809108,0.028391207,0.97918314
8101,2026-07-27,0.025475256,0.008423853,0.026338,0.028653309,0.96720666
6916,2026-07-27,0.03063535,-0.0247297,0.03172218,0.033209924,0.9657087
2104,2026-07-27,0.037642475,-0.104068734,0.039197262,0.04376494,0.9603098
3558,2026-07-27,0.032314114,-0.076803364,0.034414988,0.049999814,0.9389275
6799,2026-07-27,0.034326088,-0.018789422,0.036559813,0.033665363,0.9388765
3323,2026-07-27,0.04063865,-0.04211414,0.043350346,0.047790617,0.9374254
9904,2026-07-27,0.018782588,0.07112607,0.02016674,0.022095017,0.9313184
1418,2026-07-27,0.029196016,0.10005359,0.031356305,0.026523268,0.9310755
8942,2026-07-27,0.014965681,0.110139355,0.016119715,0.021294318,0.928351
5348,2026-07-27,0.023241078,0.06780095,0.025039483,0.032983247,0.92814016
5529,2026-07-27,0.03182962,0.094509535,0.034354758,0.044014636,0.9264713
6508,2026-07-27,0.021178154,0.16178559,0.023411829,0.031973474,0.9045534
2505,2026-07-27,0.0383197,-0.0026014259,0.042437997,0.041318793,0.90293604
3438,2026-07-27,0.028726023,0.030897005,0.03197945,0.031186793,0.89823705
4739,2026-07-27,0.054022957,-0.04006748,0.06106539,0.07503563,0.8846594
2115,2026-07-27,0.015362748,0.022750385,0.01773922,0.017609812,0.8659841
1319,2026-07-27,0.016219314,0.010416915,0.018891891,0.024358878,0.85848767
3645,2026-07-27,0.041045714,-0.19618133,0.047912885,0.06028628,0.85665596
4538,2026-07-27,0.021304825,0.09972281,0.024930432,0.029091991,0.8545368
1593,2026-07-27,0.020118257,0.10489223,0.023702912,0.031925417,0.8487315
2338,2026-07-27,0.036164045,-0.07607439,0.042627987,0.04557828,0.848344
8032,2026-07-27,0.025356747,-0.015977949,0.03015582,0.030778,0.8408296
1527,2026-07-27,0.023582624,0.104943134,0.02819705,0.02945066,0.8363211
5015,2026-07-27,0.013604757,0.09044307,0.016300434,0.021505961,0.8345742
6532,2026-07-27,0.018373307,0.090848275,0.022398394,0.018238423,0.8202591
9951,2026-07-27,0.022379015,0.1755693,0.027399933,0.03872735,0.81672454
6227,2026-07-27,0.02085818,0.021449927,0.026053023,0.027485622,0.80057424
2420,2026-07-27,0.017465906,0.009258335,0.02193108,0.02415943,0.7963634
4552,2026-07-27,0.0256767,0.04854993,0.03228216,0.032910656,0.795359
3002,2026-07-27,0.028455893,-0.03861644,0.036097746,0.04120121,0.7882793
2834,2026-07-27,0.016693305,0.016651886,0.021208705,0.018498681,0.7870597
8182,2026-07-27,0.027598357,0.046522062,0.03549249,0.031112138,0.7775611
1210,2026-07-27,0.013687164,0.047528815,0.01795183,0.022541182,0.7623959
1583,2026-07-27,0.019199492,0.076177806,0.025379881,0.02666026,0.7564549
3540,2026-07-27,0.033503637,-0.023979723,0.04442652,0.054881383,0.75411904
6874,2026-07-27,0.013697856,0.15502499,0.018313663,0.023592414,0.7479174
4555,2026-07-27,0.027563592,0.032830123,0.03789057,0.040153835,0.72743344
1815,2026-07-27,0.040990416,-0.11707959,0.05648652,0.05722684,0.72565436
3492,2026-07-27,0.015142438,0.08826197,0.020918362,0.029892962,0.723848
9906,2026-07-27,0.019373508,-0.027159465,0.026991043,0.028895622,0.7177488
1742,2026-07-27,0.022186905,0.007505922,0.031288225,0.03143199,0.70909095
4760,2026-07-27,0.013821777,-0.06590153,0.019923091,0.022234274,0.69372183
4161,2026-07-27,0.026940096,0.1610086,0.03912005,0.041850753,0.68863434
7767,2026-07-27,0.013903559,0.115007654,0.020401321,0.026720172,0.68146944
3515,2026-07-27,0.020607952,0.05063243,0.030287215,0.025069477,0.68039507
2360,2026-07-27,0.017704362,0.0056262678,0.026108805,0.030458385,0.6780733
3630,2026-07-27,0.020350138,0.0067821806,0.030145003,0.02887125,0.6750526
5481,2026-07-27,0.0227199,-0.014109712,0.03369232,0.03442136,0.6743147
2511,2026-07-27,0.040292837,0.10130494,0.06007149,0.06267769,0.6707369
2645,2026-07-27,0.01797316,-0.07494858,0.026990922,0.026044615,0.6658718
8923,2026-07-27,0.014476467,0.13161676,0.02180384,0.02483676,0.66391075
6263,2026-07-27,0.015660571,-0.026496215,0.023647046,0.022384832,0.6622353
3669,2026-07-27,0.017116014,0.02957085,0.026135795,0.030323993,0.65486276
5258,2026-07-27,0.015670031,0.09492793,0.023985837,0.031435717,0.65327626
1723,2026-07-27,0.012603384,0.035649076,0.019396145,0.023205929,0.6497546
7750,2026-07-27,0.0115676485,0.031840153,0.018071102,0.017603138,0.6400832
6965,2026-07-27,0.011764649,0.036242127,0.018530432,0.021861518,0.63484836
6233,2026-07-27,0.023092456,-0.042035088,0.03647214,0.03670816,0.633136
8341,2026-07-27,0.011949569,0.11238715,0.019025765,0.024355836,0.62803996
2504,2026-07-27,0.012877085,0.061382078,0.02051226,0.020114627,0.62774444
6576,2026-07-27,0.011352289,0.021842664,0.018230282,0.017748453,0.62268186
8086,2026-07-27,0.01256069,-0.08158635,0.020307763,0.027454518,0.6184862
8926,2026-07-27,0.015577179,0.017517246,0.025687516,0.025431367,0.6063869
5009,2026-07-27,0.01289541,0.019251486,0.021478722,0.023936504,0.60035276
3294,2026-07-27,0.016703764,-0.0566844,0.027973047,0.03110282,0.5971165
2323,2026-07-27,0.01425245,0.04184894,0.023996307,0.030258205,0.59391874
6655,2026-07-27,0.013774143,0.07376205,0.023317186,0.022330375,0.59070385
5701,2026-07-27,0.0150683625,-0.05248475,0.026025245,0.03066785,0.578968
4744,2026-07-27,0.013676233,0.115865424,0.024136567,0.029689668,0.5665953
6215,2026-07-27,0.020989383,-0.08648885,0.037675768,0.03410896,0.5570909
6751,2026-07-27,0.011459564,0.0039633657,0.02100934,0.028208667,0.54542494
8937,2026-07-27,0.017582571,-0.014000638,0.03227105,0.035977572,0.5448235
6462,2026-07-27,0.018040879,-0.041607097,0.03311294,0.038028955,0.54481226
6788,2026-07-27,0.0143554155,0.09878005,0.026654273,0.042690247,0.5385582
6435,2026-07-27,0.017943872,-0.05512116,0.03402457,0.022080256,0.5273644
6198,2026-07-27,0.012232798,0.09853809,0.024056638,0.030611945,0.50847876
2646,2026-07-27,0.012575507,0.039215818,0.024983345,0.031439263,0.5033355
6161,2026-07-27,0.01011272,0.04603695,0.020118056,0.028671287,0.5026438
3035,2026-07-27,0.026172582,0.08341004,0.052361846,0.05449098,0.49983117
6796,2026-07-27,0.010025719,0.03155958,0.020091645,0.022841502,0.49897456
3094,2026-07-27,0.014489088,-0.07099421,0.02965347,0.02526369,0.48859712
3653,2026-07-27,0.01152701,0.04409649,0.024067543,0.02146356,0.4789243
3213,2026-07-27,0.01925662,-0.048345573,0.040475044,0.03938722,0.47575352
6494,2026-07-27,0.012219121,0.025536586,0.02578757,0.026753435,0.47381926
2369,2026-07-27,0.021088291,-0.14213303,0.044953924,0.041600864,0.4690986
3430,2026-07-27,0.0157417,-0.0085332,0.03364606,0.03417724,0.46784776
6863,2026-07-27,0.008485994,0.018049741,0.018357925,0.020291142,0.46222717
1109,2026-07-27,0.009799955,0.09937884,0.021406535,0.021533513,0.45778066
7828,2026-07-27,0.0108953295,-6.710653e-05,0.023896396,0.022724006,0.4559212
8081,2026-07-27,0.012280377,0.05425477,0.027100336,0.026606597,0.4531281
1340,2026-07-27,0.013177594,0.14378826,0.02951852,0.033632483,0.44640273
6670,2026-07-27,0.007846862,0.18104172,0.01791392,0.022043072,0.43800706
1784,2026-07-27,0.010014289,0.057097517,0.023024663,0.02640443,0.43491858
1225,2026-07-27,0.008152992,-0.023451168,0.019078815,0.026549071,0.4273098
3465,2026-07-27,0.018291643,-0.026413508,0.04432869,0.04345715,0.41262737
3376,2026-07-27,0.018685242,-0.06035978,0.046506546,0.039713215,0.40176797
2337,2026-07-27,0.008998736,-0.026743293,0.022501338,0.024377681,0.39990225
5471,2026-07-27,0.014502486,-0.031054182,0.036816347,0.043566003,0.39390364
2376,2026-07-27,0.011298362,-0.060406502,0.029312078,0.029000714,0.38543758
6846,2026-07-27,0.009398057,0.04119218,0.024452858,0.027849672,0.38431796
2911,2026-07-27,0.0064787446,0.009650584,0.016859524,0.026434002,0.38425523
6598,2026-07-27,0.007670471,-0.00084649835,0.02043888,0.019836511,0.37526986
6741,2026-07-27,0.007496254,0.03510749,0.020204492,0.023303835,0.37100083
4536,2026-07-27,0.007806899,0.054892678,0.021194097,0.02255133,0.36833513
2022,2026-07-27,0.008100746,0.104312375,0.022042183,0.026319008,0.36749437
2308,2026-07-27,0.0073333825,-0.021871997,0.019960405,0.019434286,0.36737806
5211,2026-07-27,0.016641526,0.044078447,0.04532914,0.039833546,0.36711836
6872,2026-07-27,0.007981315,-0.032702997,0.022234108,0.026911957,0.35895103
2038,2026-07-27,0.011005058,0.0588542,0.030860223,0.029372413,0.35659826
3691,2026-07-27,0.009354886,-0.08942771,0.027490309,0.036430657,0.3402852
6756,2026-07-27,0.01038476,-0.07473896,0.030864216,0.03240606,0.3364551
6176,2026-07-27,0.008962763,0.09083564,0.027162516,0.028583437,0.3299559
4930,2026-07-27,0.004128857,0.06932397,0.013429847,0.01826781,0.307416
4114,2026-07-27,0.006231299,0.04474666,0.020309487,0.024552189,0.30680203
5907,2026-07-27,0.006766954,0.004852094,0.022148818,0.023692766,0.30550835
2233,2026-07-27,0.01047458,-0.046034265,0.034398586,0.03897213,0.3044973
2634,2026-07-27,0.006502789,-0.059957154,0.021358991,0.023531845,0.30443782
2642,2026-07-27,0.008152108,0.11383529,0.028381372,0.028170373,0.28722432
2348,2026-07-27,0.0075595737,0.05608116,0.027028855,0.027083308,0.27967498
1533,2026-07-27,0.005649106,-0.08606883,0.020295111,0.027762178,0.2783344
5525,2026-07-27,0.008546803,0.04200878,0.031917337,0.039063327,0.26777095
2415,2026-07-27,0.0099740345,0.024699612,0.037555493,0.04447846,0.2655742
1565,2026-07-27,0.00479973,0.098173425,0.01811204,0.020077137,0.26498756
3040,2026-07-27,0.0053486135,0.03225565,0.02025327,0.024535816,0.26407337
1810,2026-07-27,0.0076316744,-0.08593426,0.02914648,0.038221914,0.26182964
5201,2026-07-27,0.009009716,0.06725376,0.035981577,0.03624444,0.2503911
3557,2026-07-27,0.0050198436,0.026461214,0.02362409,0.029003484,0.21247934
6909,2026-07-27,0.005116218,-0.05725519,0.02428005,0.029331442,0.21070825
6918,2026-07-27,0.006161797,0.097871654,0.03186467,0.03837309,0.19336788
6957,2026-07-27,0.005332413,0.11326187,0.031078663,0.03277109,0.17157243
5243,2026-07-27,0.005344656,-0.03545226,0.03304734,0.0367212,0.16172238
2385,2026-07-27,0.003088394,0.029746078,0.019872043,0.018554281,0.15540619
6270,2026-07-27,0.003208069,-0.09555163,0.02394436,0.028104657,0.13397455
8114,2026-07-27,0.0037086622,-0.00045311698,0.032153126,0.03490051,0.11534017
2423,2026-07-27,0.0025736927,-0.06595374,0.023590337,0.026369646,0.10909482
2910,2026-07-27,0.0024953748,0.07973786,0.02343846,0.023452856,0.10646042
1909,2026-07-27,0.0040758033,0.019669076,0.042887326,0.043257214,0.09503293
1717,2026-07-27,0.006216003,-0.0069246953,0.06725427,0.06719228,0.092424035
3296,2026-07-27,0.001831129,-0.065895356,0.021500463,0.031517807,0.085163
2478,2026-07-27,0.0027902317,-0.24590483,0.038704094,0.036712997,0.07208952
2886,2026-07-27,0.00060416025,-0.007497129,0.013251351,0.017059911,0.04558891
2354,2026-07-27,0.0011823153,0.027874364,0.026038393,0.030416109,0.04540487
4190,2026-07-27,0.000553676,-0.01193968,0.0205616,0.019163586,0.026926361
6834,2026-07-27,0.00046970596,-0.13675424,0.030517196,0.027044097,0.015391013
4907,2026-07-27,0.00019424285,0.0145029845,0.022519447,0.027748486,0.008625178
8107,2026-07-27,0.00020888081,0.08211624,0.027056953,0.034723297,0.0077197566
1528,2026-07-27,0.00032997678,0.05711388,0.045369666,0.045307186,0.007272911
3010,2026-07-27,7.9196194e-05,0.0751176,0.021781126,0.022010554,0.003635834
2801,2026-07-27,5.328382e-05,-0.059394497,0.016584747,0.016909081,0.0032126273
5902,2026-07-27,-0.00019128533,0.078381345,0.016873892,0.019174563,-0.0113355
8435,2026-07-27,-0.00027958056,0.10703726,0.021712396,0.02378675,-0.012875948
1783,2026-07-27,-0.00050176255,0.071229115,0.023144454,0.02996623,-0.021678666
6276,2026-07-27,-0.0013853759,0.02648652,0.055428006,0.05147665,-0.024993699
5439,2026-07-27,-0.00090890325,-0.03052843,0.03294655,0.034165714,-0.02758637
6776,2026-07-27,-0.0006984498,0.029526735,0.024263011,0.028300552,-0.02878542
4119,2026-07-27,-0.00096115744,0.100297645,0.025914473,0.026617127,-0.037088167
6982,2026-07-27,-0.0013518967,-0.06104695,0.02783159,0.031363964,-0.048572436
2537,2026-07-27,-0.0016076236,0.009744416,0.026423348,0.030620478,-0.060838725
1558,2026-07-27,-0.0015128697,0.08941051,0.022838729,0.026677327,-0.066238515
8070,2026-07-27,-0.0028459146,-0.075287595,0.028354313,0.03458112,-0.10036618
3066,2026-07-27,-0.004307744,-0.09731436,0.042510547,0.049353234,-0.10133116
4966,2026-07-27,-0.003193406,0.018460087,0.029863972,0.03185471,-0.10692814
5704,2026-07-27,-0.0024791772,0.06463827,0.019756477,0.02603978,-0.12548046
3310,2026-07-27,-0.002665848,0.08087055,0.02111893,0.02915557,-0.12622428
2755,2026-07-27,-0.0026704497,0.015153629,0.019873869,0.027537026,-0.13436313
2353,2026-07-27,-0.0029283145,-0.005186529,0.021015277,0.02098838,-0.13933554
5487,2026-07-27,-0.0059690275,0.06579663,0.03998482,0.04913441,-0.14927863
6163,2026-07-27,-0.004656138,-0.0033307658,0.026089057,0.022670709,-0.17846407
3164,2026-07-27,-0.0032292986,0.09380584,0.017270096,0.019322922,-0.18697706
2539,2026-07-27,-0.004641618,0.067714736,0.023674056,0.027866008,-0.1960552
6762,2026-07-27,-0.0038276648,0.00266929,0.01924028,0.020612946,-0.19892983
8072,2026-07-27,-0.0045697596,0.03188096,0.02092155,0.019402688,-0.21841311
9902,2026-07-27,-0.004604214,0.061382208,0.018098162,0.021721698,-0.2543882
6415,2026-07-27,-0.0043861736,-0.07580993,0.016447807,0.021703893,-0.26665604
2867,2026-07-27,-0.0062081623,0.021837536,0.022381734,0.026879726,-0.2773639
6185,2026-07-27,-0.011521952,0.10966266,0.040547494,0.053715326,-0.28415242
6785,2026-07-27,-0.008512167,-0.044499803,0.029423365,0.029285543,-0.28928974
1216,2026-07-27,-0.0056207264,0.028676175,0.018753966,0.02238557,-0.2996927
6902,2026-07-27,-0.00799401,-0.061227385,0.02661717,0.027385702,-0.30032155
6617,2026-07-27,-0.0074550738,-0.035644557,0.024286907,0.026455361,-0.30694592
3588,2026-07-27,-0.017205054,-0.08882733,0.054106377,0.048154216,-0.31797984
6625,2026-07-27,-0.004818308,0.08386507,0.015110065,0.020325236,-0.31885958
2923,2026-07-27,-0.013370437,0.030909272,0.040218923,0.038134262,-0.3324332
4953,2026-07-27,-0.0057053254,-0.008066531,0.016828984,0.019633891,-0.33899766
8261,2026-07-27,-0.009499512,-0.16552325,0.027992304,0.034261595,-0.33934942
6510,2026-07-27,-0.010882342,-0.012275563,0.031633142,0.029592281,-0.34400624
3017,2026-07-27,-0.012836961,0.02204957,0.036936745,0.03530178,-0.34752965
2606,2026-07-27,-0.00810467,0.06818692,0.02305885,0.027167736,-0.35146236
2375,2026-07-27,-0.018074285,-0.20799227,0.05047245,0.054414425,-0.35809493
3332,2026-07-27,-0.010937434,0.029985663,0.02951836,0.034389347,-0.37051728
6127,2026-07-27,-0.01665819,-0.23631017,0.04413815,0.03852469,-0.37740174
4107,2026-07-27,-0.006174913,0.08761913,0.016132718,0.023168806,-0.38273343
5464,2026-07-27,-0.012594907,-0.123967186,0.031736538,0.036534358,-0.39684576
2248,2026-07-27,-0.0066392184,0.050609622,0.016563319,0.018586284,-0.40081444
6592,2026-07-27,-0.0126885725,0.10968311,0.03120669,0.030479254,-0.4065848
4950,2026-07-27,-0.011079105,0.07441414,0.02698791,0.033897635,-0.4105058
4736,2026-07-27,-0.0059732846,0.06857397,0.014284452,0.016708365,-0.41813758
6171,2026-07-27,-0.026380423,-0.014647647,0.0624233,0.06604761,-0.42259863
6205,2026-07-27,-0.010712918,-0.07678036,0.025244195,0.029709809,-0.42435473
5364,2026-07-27,-0.019366128,0.15663008,0.044974905,0.0531806,-0.430589
2887,2026-07-27,-0.007228138,-0.041797925,0.016711114,0.021406215,-0.4325089
5302,2026-07-27,-0.012880421,-0.16700333,0.029667495,0.035153627,-0.43414474
2498,2026-07-27,-0.029696826,-0.2776757,0.067337014,0.0756547,-0.4410113
3025,2026-07-27,-0.009341593,0.018082684,0.020371648,0.018266574,-0.45853603
3188,2026-07-27,-0.0108085405,0.014760756,0.023279049,0.025547516,-0.4642834
6177,2026-07-27,-0.007896767,0.08556109,0.01694773,0.020522859,-0.46592087
2734,2026-07-27,-0.015756242,0.123999424,0.033785336,0.03353858,-0.46634957
8403,2026-07-27,-0.012803867,0.12387042,0.027072132,0.025128558,-0.47293633
4105,2026-07-27,-0.011444221,0.071856484,0.023765381,0.021291357,-0.4815298
1762,2026-07-27,-0.015248705,-0.08598384,0.031073758,0.029581934,-0.49071032
3105,2026-07-27,-0.015825521,-0.06612018,0.031569313,0.032120354,-0.5012786
5356,2026-07-27,-0.0158979,0.0062424378,0.031223904,0.044222467,-0.5091417
1586,2026-07-27,-0.012165568,-0.053222425,0.023777746,0.027773691,-0.5116152
6579,2026-07-27,-0.016099537,-0.042758975,0.030424362,0.038552303,-0.5291486
9907,2026-07-27,-0.01137437,0.008962754,0.02145235,0.02383735,-0.5301908
9911,2026-07-27,-0.011759385,0.07357797,0.022143766,0.023092149,-0.5310232
6183,2026-07-27,-0.009062141,0.06518218,0.016801985,0.018038794,-0.5393173
2434,2026-07-27,-0.01884559,-0.002694799,0.034065966,0.03805448,-0.5531925
8176,2026-07-27,-0.01597676,0.045293037,0.028432313,0.024657471,-0.5619029
3317,2026-07-27,-0.022476796,-0.13917395,0.039781433,0.043799505,-0.564993
7747,2026-07-27,-0.011785378,0.027787931,0.020643545,0.024459522,-0.57087123
4949,2026-07-27,-0.013944936,-0.12988918,0.02430101,0.029233493,-0.5738182
2501,2026-07-27,-0.01082344,-0.0022529797,0.018793115,0.023586303,-0.57589513
6885,2026-07-27,-0.015591264,0.0062160706,0.02695385,0.02892141,-0.5784215
3609,2026-07-27,-0.017369218,-0.02673459,0.029997775,0.029347632,-0.57899755
5521,2026-07-27,-0.014906021,-0.0012639958,0.025607454,0.031172136,-0.5820742
1598,2026-07-27,-0.015438201,-0.024858445,0.02646611,0.032981806,-0.58329755
6641,2026-07-27,-0.015258116,0.051723003,0.025395649,0.032166753,-0.60079247
2380,2026-07-27,-0.016721332,0.014679989,0.02772545,0.032789018,-0.6030823
6761,2026-07-27,-0.019884657,-0.046967156,0.03240045,0.038080398,-0.6136965
6123,2026-07-27,-0.010551602,0.05040274,0.017099548,0.021757897,-0.61703295
2820,2026-07-27,-0.008609474,0.009445518,0.01378711,0.016508188,-0.6244129
4581,2026-07-27,-0.015128618,0.04366428,0.024092093,0.02887981,-0.6279234
5278,2026-07-27,-0.01445978,0.014268221,0.022843402,0.035902392,-0.6329682
3529,2026-07-27,-0.010790308,0.033830147,0.016580313,0.020612074,-0.6507511
6968,2026-07-27,-0.014502524,0.08345319,0.022146353,0.030304978,-0.6548197
3211,2026-07-27,-0.020930909,0.027889706,0.03136161,0.037051804,-0.6673842
4942,2026-07-27,-0.016110638,0.079856634,0.023450624,0.030239925,-0.6869732
6716,2026-07-27,-0.017125694,-0.082133465,0.02470042,0.034627084,-0.69330806
6767,2026-07-27,-0.019303966,0.039110456,0.027830943,0.034315974,-0.6935903
6202,2026-07-27,-0.02243353,-0.20273815,0.03169707,0.039336618,-0.7077255
1786,2026-07-27,-0.013898222,-0.012066039,0.019423638,0.024996933,-0.7154945
8271,2026-07-27,-0.029077208,0.04542566,0.039743673,0.051636726,-0.73160017
6192,2026-07-27,-0.019379476,0.039580517,0.026386635,0.03123909,-0.73441505
1541,2026-07-27,-0.01898706,0.07194321,0.025566192,0.025607303,-0.7426337
2597,2026-07-27,-0.035849847,-0.0568414,0.047776885,0.0457452,-0.750344
1730,2026-07-27,-0.016341558,0.11614621,0.021370767,0.025069559,-0.764633
8024,2026-07-27,-0.0188948,0.0024698605,0.02425443,0.026457593,-0.7789926
7723,2026-07-27,-0.0263805,-0.023718888,0.03371354,0.036350247,-0.78246665
6222,2026-07-27,-0.016703164,-0.04162534,0.021240883,0.026085844,-0.7863316
8401,2026-07-27,-0.015009643,0.13289952,0.019037532,0.02446918,-0.78838235
6213,2026-07-27,-0.018935578,-0.14846325,0.024009602,0.022343324,-0.788634
1472,2026-07-27,-0.02631986,0.08247141,0.03332539,0.042062953,-0.78976035
3290,2026-07-27,-0.02366742,-0.14203206,0.029828478,0.038150955,-0.79342383
3289,2026-07-27,-0.04237652,-0.2821846,0.05282679,0.06846957,-0.8021634
2516,2026-07-27,-0.045995276,0.06754234,0.05729397,0.05808319,-0.8027804
1626,2026-07-27,-0.025665617,0.041415285,0.03194129,0.04045344,-0.8034996
3081,2026-07-27,-0.029950885,-0.028104512,0.03721341,0.03623648,-0.8048196
8935,2026-07-27,-0.013489543,-0.13334659,0.01675491,0.02259355,-0.8050618
9929,2026-07-27,-0.021679338,-0.0486181,0.026761984,0.032672316,-0.81004936
7705,2026-07-27,-0.01572283,0.027205218,0.019350214,0.025457894,-0.8124984
3324,2026-07-27,-0.025180232,0.017494552,0.030862764,0.039675437,-0.815851
2363,2026-07-27,-0.048620503,-0.24958439,0.05945844,0.066024,-0.8177088
8042,2026-07-27,-0.038144153,-0.29748777,0.046194613,0.053275354,-0.82570946
4526,2026-07-27,-0.033902142,-0.07620977,0.04101778,0.042041864,-0.826503
1712,2026-07-27,-0.01423619,0.078664936,0.017199835,0.023334945,-0.8276453
4104,2026-07-27,-0.014816775,0.06875278,0.017823245,0.019318987,-0.8312708
2947,2026-07-27,-0.02066723,-0.03431513,0.024854358,0.02718688,-0.8315
3209,2026-07-27,-0.043268044,-0.05679222,0.05179027,0.058831025,-0.8354312
9950,2026-07-27,-0.031489905,0.077009335,0.03748721,0.04043569,-0.83999497
3605,2026-07-27,-0.026394403,-0.06582192,0.03137184,0.03759406,-0.84131384
6201,2026-07-27,-0.026553126,0.06450531,0.031428657,0.041339457,-0.84484303
3716,2026-07-27,-0.01626989,0.027090851,0.019059187,0.018527577,-0.85360605
2064,2026-07-27,-0.02392712,-0.078111015,0.027476117,0.033862058,-0.8708017
7402,2026-07-27,-0.034981623,-0.15165074,0.0400495,0.05176414,-0.8734379
6609,2026-07-27,-0.024268024,-0.01907719,0.02763589,0.03031388,-0.8781026
1708,2026-07-27,-0.02627829,-0.07859382,0.029870773,0.039452326,-0.8797031
6509,2026-07-27,-0.028349897,-0.10799485,0.032181025,0.03915885,-0.8809234
3252,2026-07-27,-0.019818159,0.029400272,0.02228168,0.02336854,-0.88939744
2332,2026-07-27,-0.029056378,-0.11555041,0.03239136,0.03395511,-0.89701337
3071,2026-07-27,-0.03609644,-0.06750871,0.039966065,0.03417784,-0.9031546
6899,2026-07-27,-0.022909706,-0.086810775,0.024946043,0.031378243,-0.91833353
2480,2026-07-27,-0.015731415,-0.024854476,0.016968217,0.022175983,-0.927056
4166,2026-07-27,-0.019669443,0.015559312,0.021104615,0.025381254,-0.9319531
6166,2026-07-27,-0.033105403,-0.051660735,0.034937892,0.038176596,-0.947523
6182,2026-07-27,-0.028544879,-0.09352154,0.030038226,0.03611348,-0.9502534
7749,2026-07-27,-0.023004409,-0.104365975,0.024181608,0.018816385,-0.95127904
4402,2026-07-27,-0.02401442,0.01929587,0.025045896,0.029756416,-0.9587783
4590,2026-07-27,-0.03948558,0.08489697,0.0408989,0.042058352,-0.96542
9933,2026-07-27,-0.038942702,-0.083327465,0.03999598,0.04050618,-0.9736411
2328,2026-07-27,-0.02504414,-0.09648875,0.02570161,0.038033333,-0.97438115
1463,2026-07-27,-0.019631295,0.095522724,0.020024855,0.023955856,-0.98029745
3532,2026-07-27,-0.0227862,-0.060321547,0.02322363,0.022898646,-0.9811222
6111,2026-07-27,-0.017638262,0.03712509,0.017844144,0.0229826,-0.98840684
1473,2026-07-27,-0.01934014,0.092012055,0.019560691,0.018460857,-0.9886743
3014,2026-07-27,-0.021273939,-0.013297415,0.021291364,0.0252474,-0.99913466
8421,2026-07-27,-0.029347293,0.03996953,0.029242061,0.025908975,-1.0035644
6570,2026-07-27,-0.033813152,-0.0453912,0.03359983,0.034659196,-1.0063189
3663,2026-07-27,-0.03198269,-0.14761768,0.031761337,0.0377848,-1.0069376
3167,2026-07-27,-0.021650271,-0.10437959,0.02136799,0.021759683,-1.0131631
8121,2026-07-27,-0.02711658,-0.19491164,0.02658694,0.0338849,-1.0198827
6994,2026-07-27,-0.02872626,0.04508261,0.027767293,0.0330694,-1.0344986
6498,2026-07-27,-0.0282275,-0.09019187,0.0272556,0.03282838,-1.0356207
4994,2026-07-27,-0.016829707,0.045571767,0.016170606,0.017891956,-1.0406948
8349,2026-07-27,-0.027690705,0.061477754,0.026328934,0.030369367,-1.0516815
3042,2026-07-27,-0.032606985,-0.15734033,0.030715799,0.03538968,-1.061536
1727,2026-07-27,-0.06945267,-0.07060362,0.06515762,0.0802016,-1.0659015
3556,2026-07-27,-0.020310044,-0.04372944,0.0188772,0.024818864,-1.0758464
8110,2026-07-27,-0.032501902,-0.1465358,0.03013779,0.02932375,-1.0784076
3011,2026-07-27,-0.037804104,-0.08415087,0.03495662,0.03826501,-1.0814267
2754,2026-07-27,-0.022918161,-0.057945468,0.021066703,0.019561647,-1.0878339
5508,2026-07-27,-0.059090484,-0.06662853,0.05425765,0.0628866,-1.0890518
3617,2026-07-27,-0.02595432,-0.041609272,0.0237227,0.02620395,-1.0940249
5478,2026-07-27,-0.042717297,0.016653698,0.038976025,0.04549485,-1.095961
4138,2026-07-27,-0.019724548,0.12952767,0.017904315,0.024197962,-1.1016029
6581,2026-07-27,-0.020101028,0.078141704,0.018066872,0.023521576,-1.1125288
4426,2026-07-27,-0.030875262,0.03471096,0.027632361,0.036028184,-1.1173184
0053,2026-07-27,-0.03867137,-0.12771507,0.03427477,0.045038752,-1.1282423
4977,2026-07-27,-0.05199361,-0.069105044,0.04606194,0.046808004,-1.1287514
5498,2026-07-27,-0.05933933,-0.26178393,0.052362595,0.06096301,-1.1332173
6869,2026-07-27,-0.02626147,-0.0715806,0.023136865,0.02973744,-1.1349996
2883,2026-07-27,-0.021598777,-0.040561233,0.018964816,0.019182922,-1.1388266
6568,2026-07-27,-0.026942702,-0.117312305,0.02350518,0.026753305,-1.1461966
4506,2026-07-27,-0.020981586,0.011600846,0.01829224,0.016541984,-1.1469584
3114,2026-07-27,-0.03704745,-0.16720833,0.03183523,0.02192367,-1.1636884
6465,2026-07-27,-0.028119434,-0.11174652,0.023900872,0.022980299,-1.1764532
2433,2026-07-27,-0.02784505,0.006329429,0.023653092,0.029650893,-1.1771768
2377,2026-07-27,-0.023655793,-0.06944973,0.020082105,0.023873206,-1.1778952
6971,2026-07-27,-0.028905954,0.07331499,0.024514878,0.027485779,-1.1790707
3015,2026-07-27,-0.042989273,-0.12035982,0.036192212,0.04320519,-1.1877717
6792,2026-07-27,-0.025112681,-0.12091533,0.021093672,0.026657546,-1.1904751
8941,2026-07-27,-0.024116436,0.056258876,0.020228375,0.027841058,-1.1921493
6124,2026-07-27,-0.044067625,-0.06509927,0.03689759,0.03992512,-1.1942903
2065,2026-07-27,-0.029490922,0.0060584205,0.024551274,0.029663663,-1.2011483
2103,2026-07-27,-0.029334959,-0.021179834,0.02418057,0.030434255,-1.2131122
3518,2026-07-27,-0.034157116,-0.09223574,0.02804539,0.03496294,-1.2178792
3176,2026-07-27,-0.025687296,0.0012710479,0.020968722,0.025623815,-1.2249707
1295,2026-07-27,-0.029931167,0.116443045,0.02426389,0.0329173,-1.2335175
4952,2026-07-27,-0.03050721,-0.06760466,0.024608973,0.027322676,-1.239628
6231,2026-07-27,-0.0331006,-0.047089297,0.026542488,0.03020907,-1.2470328
2390,2026-07-27,-0.03467946,-0.12901092,0.027687686,0.030408997,-1.2524776
2373,2026-07-27,-0.025201015,0.0071388185,0.020094573,0.025564916,-1.254058
2547,2026-07-27,-0.02379868,-0.00927764,0.018873977,0.022262435,-1.2608588
7709,2026-07-27,-0.033133462,-0.067428954,0.026185377,0.03008585,-1.2652938
6597,2026-07-27,-0.028503569,-0.048909053,0.022455847,0.025467161,-1.2692596
6596,2026-07-27,-0.016845949,0.042902593,0.013222161,0.018235113,-1.2739729
8040,2026-07-27,-0.032476854,-0.11940036,0.025392007,0.025806975,-1.2789683
6690,2026-07-27,-0.024473138,0.020899734,0.018973993,0.01785458,-1.2897574
2017,2026-07-27,-0.042835854,-0.07955638,0.03304204,0.03927981,-1.2963655
7722,2026-07-27,-0.024947582,0.0038920296,0.019170025,0.02031454,-1.301317
3702,2026-07-27,-0.039283905,0.06598855,0.03006548,0.030079953,-1.3065681
8916,2026-07-27,-0.02183361,0.055080555,0.016687522,0.018691724,-1.308301
6246,2026-07-27,-0.031617183,-0.104107365,0.023837384,0.033439692,-1.326314
9949,2026-07-27,-0.024559986,0.038395748,0.01842938,0.022870606,-1.3325816
6028,2026-07-27,-0.020850336,0.089821085,0.015623177,0.019336877,-1.3344917
3073,2026-07-27,-0.04917454,0.03453815,0.036751896,0.04105762,-1.3379773
2316,2026-07-27,-0.046612572,-0.05919235,0.03473806,0.034147635,-1.3417915
1521,2026-07-27,-0.03895967,-0.0071768225,0.0288087,0.025458071,-1.3523109
2752,2026-07-27,-0.022295346,0.11861142,0.016303143,0.016916284,-1.3674651
3443,2026-07-27,-0.028945277,-0.020334352,0.020928789,0.020908572,-1.3829703
7610,2026-07-27,-0.035908103,-0.084023155,0.025890527,0.025408164,-1.3868669
5490,2026-07-27,-0.055726368,-0.044565342,0.03995334,0.037510134,-1.3947514
3232,2026-07-27,-0.04303768,-0.034671698,0.030852627,0.034788802,-1.3948985
2892,2026-07-27,-0.02579858,-0.046600472,0.01829592,0.015495877,-1.4099958
1325,2026-07-27,-0.035749253,0.0010167827,0.025345646,0.033615835,-1.4104135
6753,2026-07-27,-0.039232764,-0.11387736,0.027569296,0.033047814,-1.4230084
3006,2026-07-27,-0.03965981,-0.08095172,0.027756063,0.02527364,-1.4288186
9958,2026-07-27,-0.10797264,-0.17663656,0.07411454,0.0896995,-1.4568151
8033,2026-07-27,-0.04518457,-0.111359835,0.030890252,0.032195523,-1.462698
2727,2026-07-27,-0.027030198,0.030697811,0.018450256,0.021553272,-1.4649516
5381,2026-07-27,-0.05161666,-0.17882554,0.03519826,0.04869031,-1.4664133
6525,2026-07-27,-0.04518668,-0.16392508,0.03078171,0.034914304,-1.467924
8059,2026-07-27,-0.04049944,-0.024931284,0.027390959,0.035007507,-1.4785157
4123,2026-07-27,-0.06452271,0.21053109,0.04352011,0.03712142,-1.4825613
3489,2026-07-27,-0.090692304,-0.12874232,0.061156735,0.062630385,-1.4829246
4973,2026-07-27,-0.047089186,-0.16112861,0.03169043,0.03156033,-1.485865
6516,2026-07-27,-0.040813487,0.090590335,0.027338643,0.030831594,-1.4928317
5292,2026-07-27,-0.041777488,-0.0567714,0.027888093,0.03743309,-1.4979866
5488,2026-07-27,-0.046029933,-0.04982496,0.030412462,0.03587867,-1.5134723
4999,2026-07-27,-0.030599697,0.03954013,0.020213861,0.026315538,-1.5137228
4540,2026-07-27,-0.042684913,-0.05170732,0.02811196,0.028964,-1.5183357
2352,2026-07-27,-0.047868375,0.003383314,0.03134951,0.031968225,-1.5268772
1309,2026-07-27,-0.05004635,-0.06995506,0.032522857,0.034977723,-1.5387583
4406,2026-07-27,-0.055019878,0.049659736,0.035490684,0.037516404,-1.5502189
6928,2026-07-27,-0.044767294,-0.012967473,0.02883372,0.03621904,-1.5525482
8103,2026-07-27,-0.04129994,-0.06152823,0.02647191,0.03518265,-1.5600832
8466,2026-07-27,-0.032275446,0.004718786,0.020632774,0.022985112,-1.5642047
2762,2026-07-27,-0.028918946,0.009043465,0.018443307,0.023355743,-1.5679064
6419,2026-07-27,-0.03842809,0.011261087,0.024221174,0.032744262,-1.586484
6129,2026-07-27,-0.057928585,-0.20075658,0.03638271,0.036350477,-1.5921572
6578,2026-07-27,-0.043074504,0.05365744,0.0269297,0.03178902,-1.5994571
2484,2026-07-27,-0.052919514,-0.10137083,0.033043914,0.033117194,-1.6014421
8255,2026-07-27,-0.045115795,-0.123771496,0.027959801,0.029413672,-1.6135373
6651,2026-07-27,-0.043756094,-0.124608226,0.027016744,0.02812957,-1.6195318
3019,2026-07-27,-0.10737478,-0.09757316,0.06579428,0.05688484,-1.6319526
3268,2026-07-27,-0.047460746,-0.054211345,0.029017003,0.030954055,-1.6355621
6224,2026-07-27,-0.035530586,-0.13952221,0.02146979,0.024465352,-1.6548336
6146,2026-07-27,-0.03897868,-0.017635405,0.023383312,0.024427913,-1.6668731
5209,2026-07-27,-0.030835764,0.02767988,0.01846107,0.017751776,-1.6702225
8929,2026-07-27,-0.04197331,0.025836324,0.02480354,0.024700793,-1.6921625
6558,2026-07-27,-0.06991282,-0.17908126,0.041310623,0.04950358,-1.6923282
3218,2026-07-27,-0.036450338,-0.013105368,0.021532258,0.026854225,-1.692746
5455,2026-07-27,-0.07289939,-0.11534352,0.0429607,0.049083818,-1.696846
5531,2026-07-27,-0.054507818,0.0067920457,0.032106865,0.04412863,-1.697647
4905,2026-07-27,-0.04628264,0.039128087,0.02719983,0.026115352,-1.7015157
3191,2026-07-27,-0.06035517,-0.27208602,0.03536427,0.040992655,-1.7066227
3026,2026-07-27,-0.04041261,-0.08277454,0.023414515,0.02717682,-1.7258902
2812,2026-07-27,-0.03388972,0.007821674,0.019539163,0.023887977,-1.7343621
6237,2026-07-27,-0.051540516,-0.112209715,0.029693786,0.026955443,-1.7356756
6629,2026-07-27,-0.040638257,-0.00707815,0.023262464,0.02927455,-1.7468704
8089,2026-07-27,-0.04410518,-0.08351086,0.024965618,0.03160945,-1.766566
3360,2026-07-27,-0.0786583,-0.20887755,0.044466555,0.056588028,-1.7688919
5206,2026-07-27,-0.06954737,-0.21151647,0.039225113,0.052495938,-1.7729867
3501,2026-07-27,-0.040996134,0.021315102,0.02302556,0.025188265,-1.7803847
3033,2026-07-27,-0.052015446,-0.08230665,0.029186808,0.03412174,-1.782095
1788,2026-07-27,-0.028829634,0.114080064,0.016072867,0.018412102,-1.7935717
5310,2026-07-27,-0.041311882,-0.027798962,0.02291498,0.033971474,-1.8027544
2356,2026-07-27,-0.0517405,-0.030962799,0.02869221,0.027345259,-1.8032315
6725,2026-07-27,-0.058447395,-0.050571118,0.032268733,0.03183812,-1.8112142
8416,2026-07-27,-0.040433727,0.06177859,0.022285553,0.021462118,-1.8142656
6020,2026-07-27,-0.04189749,-0.051438473,0.022930307,0.031249,-1.8270868
6919,2026-07-27,-0.06323326,-0.08281089,0.034583736,0.035336778,-1.8283575
2388,2026-07-27,-0.0707064,-0.072770685,0.038541835,0.042521253,-1.8344889
1423,2026-07-27,-0.04140402,0.005487063,0.022423511,0.02737883,-1.8463733
4163,2026-07-27,-0.04388594,0.028640952,0.023723979,0.027138026,-1.8497778
8083,2026-07-27,-0.037425406,0.037562147,0.02017999,0.023707977,-1.854488
8249,2026-07-27,-0.040574234,-0.12855005,0.021618564,0.023767918,-1.8767369
6016,2026-07-27,-0.079138994,-0.1377138,0.04195024,0.04482286,-1.8864518
6472,2026-07-27,-0.06848437,-0.09311216,0.036282655,0.040653262,-1.8874718
3313,2026-07-27,-0.059782855,-0.056939103,0.031637046,0.036195267,-1.8895875
6829,2026-07-27,-0.098151274,-0.088371985,0.05175267,0.051761575,-1.8965085
2719,2026-07-27,-0.06867138,-0.0953867,0.03603131,0.031457,-1.905828
6807,2026-07-27,-0.039956614,0.026654594,0.02079066,0.020490827,-1.9217615
4916,2026-07-27,-0.09244878,-0.18082055,0.047468968,0.05411327,-1.9475214
2540,2026-07-27,-0.04272207,-0.06159223,0.021921037,0.025442457,-1.9488183
4749,2026-07-27,-0.061144777,-0.041719276,0.030788332,0.031342927,-1.9859078
5871,2026-07-27,-0.14677174,0.012292963,0.07353523,0.060911752,-1.9959108
9938,2026-07-27,-0.1272935,-0.026894705,0.06363174,0.07985838,-2.0004404
6271,2026-07-27,-0.074411474,-0.16066366,0.03707569,0.031046089,-2.006961
4569,2026-07-27,-0.05214401,-0.007941453,0.025715766,0.02189213,-2.027627
5511,2026-07-27,-0.10059988,-0.001629218,0.049356278,0.050003108,-2.0381975
6517,2026-07-27,-0.06644907,-0.14762942,0.032561775,0.035412952,-2.0406451
3059,2026-07-27,-0.0720491,-0.2225626,0.035187375,0.036763575,-2.047526
5299,2026-07-27,-0.06017697,-0.1378116,0.029278815,0.026836824,-2.0552373
3587,2026-07-27,-0.060864385,-0.07069533,0.029547703,0.029952887,-2.059799
2458,2026-07-27,-0.072649635,-0.03157924,0.035238292,0.04867492,-2.061609
4430,2026-07-27,-0.10343138,-0.0046972404,0.049939476,0.051682256,-2.0710933
2637,2026-07-27,-0.056851223,0.073667355,0.027378455,0.026023593,-2.076419
4747,2026-07-27,-0.050022103,0.013469861,0.02387986,0.028033243,-2.0946524
5603,2026-07-27,-0.034364097,0.10554043,0.016289202,0.020787485,-2.1094947
2732,2026-07-27,-0.049034275,0.072647244,0.023182286,0.027096108,-2.11507
4414,2026-07-27,-0.114895515,0.033335935,0.05419975,0.055501807,-2.1198142
2331,2026-07-27,-0.07928435,-0.1758688,0.03736388,0.0405755,-2.121895
1240,2026-07-27,-0.046047974,0.082500696,0.021681082,0.023238271,-2.12378
2243,2026-07-27,-0.05162578,-0.051329922,0.024202514,0.028857475,-2.132987
3437,2026-07-27,-0.11643624,-0.18252763,0.054134525,0.058912992,-2.1508288
1796,2026-07-27,-0.05548107,-0.11609693,0.025742695,0.032637656,-2.1551323
2527,2026-07-27,-0.07959929,-0.014261393,0.036666628,0.038452044,-2.1708329
4577,2026-07-27,-0.05047547,-0.09805753,0.02308278,0.025744569,-2.1866207
5489,2026-07-27,-0.07021699,-0.20616938,0.031957235,0.035362467,-2.1971488
5220,2026-07-27,-0.06776541,-0.055532586,0.03070699,0.029486075,-2.2067678
8044,2026-07-27,-0.056587618,-0.1285583,0.0255981,0.030159445,-2.2105315
2926,2026-07-27,-0.045954593,0.0162181,0.020748513,0.016710151,-2.2147312
5205,2026-07-27,-0.061323803,-0.03426461,0.027628737,0.02333489,-2.2194855
6856,2026-07-27,-0.066904016,-0.017045856,0.030118024,0.03279142,-2.2213209
6877,2026-07-27,-0.12576135,-0.23828857,0.05617286,0.052874673,-2.238788
4989,2026-07-27,-0.12415485,-0.46205157,0.055429377,0.06763511,-2.2398343
3207,2026-07-27,-0.08106013,-0.17803517,0.03602211,0.03726928,-2.2502255
2485,2026-07-27,-0.09915924,-0.17000976,0.043845844,0.0416846,-2.261491
2707,2026-07-27,-0.039744873,0.024163207,0.017508466,0.020683559,-2.2699077
3057,2026-07-27,-0.066830374,-0.1005825,0.029440407,0.031023543,-2.269945
8111,2026-07-27,-0.07070221,-0.22857621,0.031136028,0.034370497,-2.2706795
3527,2026-07-27,-0.06285233,-0.10579529,0.027671143,0.02916119,-2.2713213
6679,2026-07-27,-0.047229733,-0.05155145,0.020767212,0.03017003,-2.2741358
6284,2026-07-27,-0.06045432,-0.118746944,0.02644692,0.032955334,-2.2857873
3357,2026-07-27,-0.057256866,-0.15469638,0.025033178,0.03350471,-2.2871478
6658,2026-07-27,-0.082910664,-0.16778183,0.036229175,0.04180356,-2.2884424
2881,2026-07-27,-0.04691731,-0.14730462,0.02049833,0.025676925,-2.2887242
3284,2026-07-27,-0.06976823,-0.15751275,0.030415498,0.033393025,-2.2937627
5301,2026-07-27,-0.06781368,0.0063490923,0.029561484,0.03048504,-2.29391
4566,2026-07-27,-0.09730002,-0.07059323,0.04238396,0.045419727,-2.2956262
1734,2026-07-27,-0.062725805,-0.03647174,0.027038679,0.03370034,-2.319769
2114,2026-07-27,-0.040395904,0.07635608,0.017361924,0.017568152,-2.3265612
6923,2026-07-27,-0.053560354,0.07873416,0.0230009,0.029174091,-2.3285186
2492,2026-07-27,-0.10139157,-0.3101116,0.043409694,0.03518563,-2.335636
5876,2026-07-27,-0.03866685,0.0078269,0.016542228,0.016753966,-2.337322
6186,2026-07-27,-0.08087029,-0.12155803,0.034578223,0.03436804,-2.3386962
4904,2026-07-27,-0.05229878,0.04273459,0.022172613,0.023903288,-2.3586044
1308,2026-07-27,-0.07746107,-0.1982924,0.032642152,0.041585192,-2.3729656
2849,2026-07-27,-0.0345145,-0.10252999,0.014518506,0.015614994,-2.3771126
3694,2026-07-27,-0.07615189,-0.097910784,0.031880144,0.029258208,-2.3886187
6951,2026-07-27,-0.05001053,0.03356434,0.020934198,0.029924728,-2.3888252
6894,2026-07-27,-0.048292097,-0.044472106,0.020073617,0.022647278,-2.4056299
6118,2026-07-27,-0.06340649,-0.09079625,0.026348133,0.033572454,-2.4063976
1569,2026-07-27,-0.06697219,-0.10966684,0.027756024,0.032077525,-2.4128015
2901,2026-07-27,-0.065470114,-0.020712681,0.027093563,0.034656134,-2.416356
1785,2026-07-27,-0.08930176,-0.24305661,0.036910377,0.041908056,-2.4193559
3141,2026-07-27,-0.10146608,-0.20081577,0.04192419,0.04561846,-2.42017
4911,2026-07-27,-0.057450477,0.008975768,0.023605809,0.02765809,-2.43364
1580,2026-07-27,-0.036419433,0.047642536,0.014933376,0.013581878,-2.438631
2495,2026-07-27,-0.08121966,-0.105306946,0.03315011,0.028600108,-2.4499831
5523,2026-07-27,-0.102904096,-0.05236554,0.04186843,0.036675174,-2.4577384
6173,2026-07-27,-0.06469082,-0.1412119,0.026159283,0.03223881,-2.472864
4939,2026-07-27,-0.11685988,-0.28666684,0.047131512,0.051420648,-2.4793901
3339,2026-07-27,-0.079249576,-0.18789893,0.031766023,0.040874068,-2.494712
8499,2026-07-27,-0.104539625,-0.013525174,0.04189709,0.03688008,-2.495093
4303,2026-07-27,-0.059478767,0.070373945,0.023784796,0.01869395,-2.5006003
3622,2026-07-27,-0.057306834,0.0044876765,0.022726698,0.025487525,-2.5214534
3483,2026-07-27,-0.10392647,-0.15009731,0.04117995,0.03891746,-2.523654
8409,2026-07-27,-0.06861456,0.09151922,0.02712454,0.0329932,-2.5295184
2072,2026-07-27,-0.06929428,0.007868918,0.02711045,0.026795847,-2.5559046
6695,2026-07-27,-0.10423907,-0.22181845,0.04077906,0.039369382,-2.5561285
3563,2026-07-27,-0.108428046,-0.07830818,0.042378016,0.032647606,-2.5585315
6103,2026-07-27,-0.04995308,0.011567323,0.019502264,0.020120028,-2.5612679
1414,2026-07-27,-0.06949482,0.02651075,0.027124409,0.026971603,-2.5619824
2941,2026-07-27,-0.055384763,0.0049440507,0.021601837,0.022294408,-2.5637727
2406,2026-07-27,-0.077163555,-0.1855512,0.029974423,0.030890722,-2.5742273
6666,2026-07-27,-0.04118955,-0.07966576,0.015851624,0.018933734,-2.5982797
1526,2026-07-27,-0.07008195,-0.025934512,0.026890151,0.030785576,-2.6061342
6859,2026-07-27,-0.060168497,-0.14719267,0.022962052,0.026725207,-2.6202307
2067,2026-07-27,-0.060368102,0.009074097,0.022909017,0.0328729,-2.635009
8426,2026-07-27,-0.057451326,-0.0013580596,0.021732923,0.027024735,-2.6433942
2007,2026-07-27,-0.076124094,0.009994545,0.028785123,0.03778387,-2.644472
6560,2026-07-27,-0.11678858,-0.1601018,0.043743834,0.044969928,-2.6697686
1519,2026-07-27,-0.070958704,-0.08506158,0.026278682,0.025934098,-2.7001355
9930,2026-07-27,-0.05850959,0.040365636,0.021661263,0.022749133,-2.7009914
2457,2026-07-27,-0.090362936,-0.23123828,0.0333818,0.03393419,-2.706871
6613,2026-07-27,-0.06174772,-0.16194807,0.022659292,0.037053008,-2.7249303
8472,2026-07-27,-0.07013359,-0.14984311,0.02563092,0.030322803,-2.7361817
6112,2026-07-27,-0.08383768,-0.116923615,0.030595815,0.038724415,-2.7400787
6194,2026-07-27,-0.064717375,0.018651342,0.023535293,0.024756558,-2.7496843
2025,2026-07-27,-0.06334628,-0.07839791,0.023002254,0.031115012,-2.7537966
6257,2026-07-27,-0.06652411,-0.1281729,0.024120772,0.025644805,-2.757845
5306,2026-07-27,-0.0740924,-0.044964828,0.026824549,0.02901209,-2.762009
5288,2026-07-27,-0.070304744,0.032924406,0.025408784,0.026545221,-2.7668376
1529,2026-07-27,-0.11483164,-0.11371902,0.041341655,0.04165052,-2.7775586
3354,2026-07-27,-0.0975321,-0.19068883,0.03469211,0.04141106,-2.811282
1220,2026-07-27,-0.044318255,0.058594387,0.015748389,0.021714477,-2.8139665
9924,2026-07-27,-0.040354002,0.03898048,0.014332819,0.021953844,-2.8153
8068,2026-07-27,-0.061149955,0.007991569,0.021709917,0.031562995,-2.8165534
1455,2026-07-27,-0.17470102,-0.25853655,0.061801363,0.06322912,-2.8267694
4771,2026-07-27,-0.097558804,0.0009453714,0.03438477,0.031762045,-2.8371856
3380,2026-07-27,-0.07438641,-0.12775834,0.026092403,0.022757655,-2.8507745
2438,2026-07-27,-0.07541237,-0.1137447,0.026349796,0.020455599,-2.8618631
6672,2026-07-27,-0.13362072,-0.111781955,0.046650402,0.046899613,-2.8642383
3550,2026-07-27,-0.054797497,-0.16894254,0.0190973,0.02412049,-2.869234
8429,2026-07-27,-0.053347766,-0.06323329,0.018580578,0.028455345,-2.871003
1709,2026-07-27,-0.0533483,-0.07977355,0.018496854,0.021336664,-2.8840263
6133,2026-07-27,-0.102278285,-0.22380301,0.03539159,0.03754703,-2.889822
2430,2026-07-27,-0.047920123,0.059821565,0.016546113,0.018959424,-2.8959808
8099,2026-07-27,-0.07712259,-0.0036753986,0.02657623,0.028116548,-2.9018295
3312,2026-07-27,-0.077303536,-0.0963202,0.02659616,0.031487618,-2.9064581
8424,2026-07-27,-0.18755531,-0.08503327,0.06391094,0.07007852,-2.9345896
5276,2026-07-27,-0.055300463,-0.10648651,0.018842205,0.021608716,-2.9347694
4148,2026-07-27,-0.06178843,-0.07462207,0.020971047,0.023933891,-2.9462278
6577,2026-07-27,-0.072813526,0.041607086,0.024611896,0.025771668,-2.9583485
5864,2026-07-27,-0.06510618,-0.096572764,0.021969661,0.024131807,-2.9633238
3051,2026-07-27,-0.10513394,-0.1795233,0.035395183,0.035958435,-2.9702058
6208,2026-07-27,-0.103745885,-0.21256217,0.034923453,0.03760608,-2.9705803
6285,2026-07-27,-0.09229733,-0.075304225,0.030843515,0.03066642,-2.9923418
6703,2026-07-27,-0.06542798,0.004646374,0.02181316,0.021925284,-2.9993353
6165,2026-07-27,-0.10950968,-0.08677825,0.036383048,0.035517707,-3.009827
3260,2026-07-27,-0.092899695,-0.13284606,0.030678257,0.02940333,-3.0280945
3712,2026-07-27,-0.06581119,-0.053590305,0.021717787,0.019201223,-3.0301502
4768,2026-07-27,-0.111571774,-0.24826357,0.03681251,0.038157504,-3.030729
8046,2026-07-27,-0.08030666,-0.082720324,0.026387246,0.027949827,-3.0432737
6620,2026-07-27,-0.09942019,-0.06903255,0.032658484,0.03489349,-3.0441446
6488,2026-07-27,-0.06542394,-0.10744678,0.021430476,0.025918309,-3.0527036
4513,2026-07-27,-0.072087616,-0.0395892,0.023569768,0.02519495,-3.0583482
2633,2026-07-27,-0.06532745,0.026845137,0.021343017,0.016668497,-3.0606914
2640,2026-07-27,-0.059723027,0.035868596,0.019463353,0.025691029,-3.0683284
4770,2026-07-27,-0.1406875,-0.09364832,0.045770682,0.041960634,-3.07368
6223,2026-07-27,-0.1463164,-0.1602505,0.047542226,0.051716276,-3.0775447
6294,2026-07-27,-0.06597951,0.0515315,0.021387974,0.02115793,-3.084744
6664,2026-07-27,-0.07620606,-0.034762397,0.024681639,0.02925903,-3.0874355
5388,2026-07-27,-0.06979108,-0.08627143,0.02254876,0.0238046,-3.094981
4707,2026-07-27,-0.09266165,-0.1400664,0.029877635,0.03145197,-3.1012678
0052,2026-07-27,-0.1944147,-0.3500171,0.062590085,0.072063155,-3.1061087
6446,2026-07-27,-0.060655102,-0.08906617,0.019510075,0.017236745,-3.1087523
9914,2026-07-27,-0.09075173,-0.09579577,0.029095564,0.03145443,-3.1189845
6265,2026-07-27,-0.09035716,-0.10388431,0.028862115,0.03389298,-3.1305408
5608,2026-07-27,-0.09275867,-0.12756036,0.029600892,0.037474472,-3.1335385
8043,2026-07-27,-0.12123568,-0.37519366,0.038618535,0.031350065,-3.1392322
4175,2026-07-27,-0.06932754,0.02416,0.021999868,0.021141432,-3.1511276
5263,2026-07-27,-0.069523215,-0.055187766,0.022045098,0.02435539,-3.1535382
3570,2026-07-27,-0.054810144,0.025923263,0.017361805,0.021674246,-3.1567562
4133,2026-07-27,-0.06638548,0.033980012,0.020978974,0.019445455,-3.1642306
4154,2026-07-27,-0.0925316,-0.044640318,0.029162195,0.027141254,-3.1728897
6692,2026-07-27,-0.086914234,-0.08375987,0.027388947,0.03690101,-3.1732166
2424,2026-07-27,-0.07656612,-0.12686306,0.024085704,0.024458338,-3.1787713
9919,2026-07-27,-0.21014427,-0.15356645,0.06602564,0.064434744,-3.1827197
3693,2026-07-27,-0.14551309,-0.043488126,0.04569696,0.043082826,-3.184236
8933,2026-07-27,-0.14513165,-0.07137241,0.04547592,0.051153176,-3.1913257
1440,2026-07-27,-0.08833285,-0.11660968,0.027547976,0.029242797,-3.206393
2421,2026-07-27,-0.097777,0.0047430447,0.030305011,0.032464016,-3.2263236
6947,2026-07-27,-0.067740716,-0.087853,0.020991256,0.018308915,-3.2269382
2028,2026-07-27,-0.080214456,0.026064662,0.024768393,0.023012977,-3.2384505
8105,2026-07-27,-0.079853676,-0.053565267,0.024557991,0.025390934,-3.2515047
2616,2026-07-27,-0.055121977,0.043878872,0.01689368,0.024140397,-3.2626827
4503,2026-07-27,-0.06801306,-0.09502808,0.020827819,0.02939062,-3.2653344
6811,2026-07-27,-0.07529398,-0.0027239325,0.023043439,0.024531124,-3.2673385
4923,2026-07-27,-0.11998078,-0.2439106,0.03669942,0.039126392,-3.2691936
6735,2026-07-27,-0.117010556,-0.18316208,0.035787836,0.036954816,-3.269471
3055,2026-07-27,-0.07270297,-0.15554823,0.022153385,0.023089413,-3.2816513
3029,2026-07-27,-0.09975917,-0.11201975,0.030361159,0.034018945,-3.2856414
6204,2026-07-27,-0.08423517,-0.14830828,0.025621723,0.026482288,-3.2875183
3402,2026-07-27,-0.119561866,-0.20565414,0.036306534,0.037351053,-3.293032
3441,2026-07-27,-0.111706465,-0.3430113,0.03392086,0.048886772,-3.2930524
6191,2026-07-27,-0.08832574,-0.10515032,0.026788834,0.029268203,-3.296987
4527,2026-07-27,-0.04406061,0.034236256,0.013283371,0.016373027,-3.3167253
1522,2026-07-27,-0.06543853,-0.04800632,0.01965806,0.02169513,-3.3286703
3265,2026-07-27,-0.11507333,-0.064190336,0.034250174,0.030692283,-3.3596902
1310,2026-07-27,-0.09729526,-0.1866084,0.028954875,0.04345727,-3.3601217
3593,2026-07-27,-0.10797025,-0.114963785,0.031944577,0.036411066,-3.3798187
6206,2026-07-27,-0.06210225,-0.10898109,0.018219208,0.022753064,-3.408427
8477,2026-07-27,-0.1330252,-0.2002651,0.03897918,0.051660612,-3.412637
3321,2026-07-27,-0.073326714,-0.14705826,0.021471579,0.025729343,-3.4149003
4139,2026-07-27,-0.08496069,-0.06552711,0.02483597,0.02293632,-3.420735
6584,2026-07-27,-0.08928671,-0.11727466,0.026061786,0.027630385,-3.425831
6881,2026-07-27,-0.077754065,0.009238767,0.022652378,0.023510505,-3.4323385
2472,2026-07-27,-0.12875777,-0.3537243,0.037386518,0.037868537,-3.4438708
6412,2026-07-27,-0.06000563,-0.11852719,0.017366277,0.018792996,-3.4550972
2722,2026-07-27,-0.069283836,0.041233893,0.020030828,0.020168625,-3.4586875
2493,2026-07-27,-0.097661756,-0.31039935,0.028222525,0.039889015,-3.4602962
6203,2026-07-27,-0.071504034,0.008215178,0.020632096,0.025510628,-3.465502
1563,2026-07-27,-0.11045122,-0.28601983,0.031801257,0.039471243,-3.4730625
6411,2026-07-27,-0.102360934,-0.14808457,0.029283369,0.032829415,-3.4954119
6752,2026-07-27,-0.094055295,0.020492392,0.026847865,0.02765167,-3.5031385
6605,2026-07-27,-0.06391696,0.018818747,0.01820116,0.018072383,-3.5115042
2451,2026-07-27,-0.079398915,-0.13345958,0.022601139,0.028431358,-3.512894
6794,2026-07-27,-0.064631015,-0.015254111,0.018388847,0.020116761,-3.5144944
2474,2026-07-27,-0.15322676,-0.1753883,0.043505255,0.043412544,-3.521948
5291,2026-07-27,-0.09420483,-0.15800165,0.026719997,0.030417688,-3.5254982
3169,2026-07-27,-0.12508251,-0.18090938,0.03545133,0.034496035,-3.5281887
6719,2026-07-27,-0.104842514,-0.27515736,0.0296373,0.045388706,-3.5373998
2497,2026-07-27,-0.10266931,-0.21792237,0.028961677,0.03275362,-3.5448835
6174,2026-07-27,-0.14327425,-0.28888988,0.040253982,0.041797407,-3.5591683
8096,2026-07-27,-0.13792022,-0.16138254,0.038738858,0.03330062,-3.5601633
3005,2026-07-27,-0.08262472,-0.011494992,0.023174558,0.028717248,-3.5651662
3543,2026-07-27,-0.10363671,-0.21905947,0.028997656,0.029933155,-3.5738454
2207,2026-07-27,-0.08063535,0.0024710472,0.022417631,0.02626499,-3.5968006
9912,2026-07-27,-0.072247736,-0.052527167,0.020034777,0.017934991,-3.6059363
2461,2026-07-27,-0.12143734,-0.20478964,0.033608045,0.03589507,-3.613234
6546,2026-07-27,-0.06700851,-0.11397775,0.018535335,0.025702829,-3.6149817
3664,2026-07-27,-0.09124381,-0.054349612,0.025101086,0.024973484,-3.6349094
6589,2026-07-27,-0.09804515,-0.11667128,0.026964622,0.03588747,-3.6359313
2070,2026-07-27,-0.07865992,-0.1755453,0.02156607,0.021388479,-3.6472232
5244,2026-07-27,-0.10276557,-0.15278037,0.028153239,0.030426793,-3.6500921
3325,2026-07-27,-0.11585508,-0.11710481,0.03148586,0.041563243,-3.6794744
9910,2026-07-27,-0.08518349,-0.08975709,0.023123795,0.028693184,-3.6836429
8104,2026-07-27,-0.09572021,-0.18897457,0.025848396,0.03236941,-3.702996
4554,2026-07-27,-0.096588545,-0.040390905,0.026045615,0.027880564,-3.7082953
6561,2026-07-27,-0.08029485,-0.05895334,0.021627346,0.02250708,-3.712482
4129,2026-07-27,-0.06533632,0.064983316,0.017592153,0.018731235,-3.7137356
6574,2026-07-27,-0.12166478,-0.074897505,0.032752763,0.031788453,-3.7145283
6143,2026-07-27,-0.1142993,-0.11631355,0.030709395,0.028613025,-3.721844
6449,2026-07-27,-0.09917622,-0.30445117,0.026606135,0.02997887,-3.7274294
7584,2026-07-27,-0.090073414,-0.05368352,0.024074478,0.024900693,-3.7412927
6612,2026-07-27,-0.08449132,-0.05026168,0.022556785,0.023482703,-3.7455502
6538,2026-07-27,-0.115442805,-0.23897757,0.030802388,0.03284627,-3.7477307
3305,2026-07-27,-0.08312338,-0.13750842,0.022038613,0.023886228,-3.7715445
8234,2026-07-27,-0.16689491,-0.20297532,0.044201896,0.041149687,-3.7756557
1410,2026-07-27,-0.09384168,0.045105346,0.02483284,0.02122744,-3.7787826
2726,2026-07-27,-0.09970919,-0.030144135,0.026285058,0.030952243,-3.7932348
3221,2026-07-27,-0.34831092,-0.4580211,0.09180123,0.087311424,-3.7941444
4523,2026-07-27,-0.10043602,-0.12405386,0.02634489,0.029683502,-3.8122082
0051,2026-07-27,-0.11267768,-0.2522912,0.02952701,0.042664856,-3.815959
2009,2026-07-27,-0.079343416,-0.078637466,0.020786777,0.025328742,-3.8168302
3095,2026-07-27,-0.071385816,-0.094818495,0.018669471,0.024735892,-3.8234608
6591,2026-07-27,-0.123513766,-0.06770248,0.03229909,0.046555273,-3.823945
1512,2026-07-27,-0.10122229,0.01043183,0.026418865,0.038917687,-3.8312948
3205,2026-07-27,-0.07507775,-0.013648764,0.019476363,0.02599752,-3.8546157
1504,2026-07-27,-0.07746164,-0.03557006,0.020078456,0.02320177,-3.8577557
1419,2026-07-27,-0.071346305,-0.03295509,0.018480424,0.021839082,-3.8604333
6169,2026-07-27,-0.09554345,-0.07656928,0.024738774,0.035390336,-3.861937
2419,2026-07-27,-0.120387144,-0.17383243,0.031166095,0.03935885,-3.862636
6187,2026-07-27,-0.111387976,-0.034189295,0.028774763,0.035372976,-3.8708956
5309,2026-07-27,-0.13901043,-0.21951069,0.035843838,0.03689063,-3.878116
3504,2026-07-27,-0.075560756,-0.15059294,0.01947549,0.019250821,-3.879588
2321,2026-07-27,-0.115862496,-0.12117586,0.029673811,0.03406962,-3.9044056
3288,2026-07-27,-0.12055499,-0.121381156,0.030858012,0.036670856,-3.9066381
2467,2026-07-27,-0.11894612,-0.21604468,0.030195106,0.034754828,-3.9391212
8932,2026-07-27,-0.25404608,-0.15889126,0.06441074,0.06299681,-3.944096
1215,2026-07-27,-0.068314455,-0.028522547,0.017291646,0.020706423,-3.9504917
6221,2026-07-27,-0.11096032,-0.057632037,0.028047353,0.03432428,-3.9560368
4754,2026-07-27,-0.11502239,-0.045092575,0.028983949,0.029110515,-3.968349
7751,2026-07-27,-0.076887175,-0.08069392,0.01931166,0.023795478,-3.9811797
2465,2026-07-27,-0.10332542,-0.20192048,0.025902344,0.028083501,-3.9888835
7704,2026-07-27,-0.082442075,-0.13554262,0.020541416,0.027305914,-4.013261
3338,2026-07-27,-0.26013947,-0.3613247,0.064769596,0.06487149,-4.0163207
4585,2026-07-27,-0.124004774,-0.19070816,0.030806487,0.039328538,-4.0251503
2939,2026-07-27,-0.07650604,-0.005231956,0.01893912,0.017650986,-4.039364
6184,2026-07-27,-0.06180901,-0.020380849,0.015282179,0.017216004,-4.044251
6274,2026-07-27,-0.11104142,-0.13576011,0.027451755,0.026941173,-4.044819
0057,2026-07-27,-0.1752166,-0.49006253,0.043303635,0.051648535,-4.0461397
6225,2026-07-27,-0.077684835,-0.10385075,0.019147845,0.02787675,-4.056894
3625,2026-07-27,-0.11617031,-0.09911941,0.02860737,0.03612569,-4.0607104
3147,2026-07-27,-0.12046827,-0.24495532,0.02961068,0.03497741,-4.0682683
6875,2026-07-27,-0.113487914,-0.16384634,0.02787303,0.031397775,-4.071457
6416,2026-07-27,-0.11595831,-0.08040414,0.028461592,0.028703725,-4.07406
5469,2026-07-27,-0.103292145,-0.09404982,0.025280295,0.02093685,-4.0857143
8442,2026-07-27,-0.25804764,-0.13681445,0.06290752,0.062064808,-4.101951
3522,2026-07-27,-0.10582388,-0.10722086,0.025792068,0.03199233,-4.102803
6151,2026-07-27,-0.12819315,-0.19896646,0.031044893,0.03854113,-4.1291504
4737,2026-07-27,-0.10085271,-0.013465856,0.024315512,0.027764734,-4.147499
6496,2026-07-27,-0.09448682,-0.071841024,0.0227724,0.023319786,-4.148999
2371,2026-07-27,-0.09029157,-0.12909576,0.021667648,0.027724003,-4.166922
6865,2026-07-27,-0.0818126,-0.031942844,0.019609494,0.022046056,-4.1718783
5016,2026-07-27,-0.05801074,0.028651949,0.013868505,0.015762554,-4.1826105
6698,2026-07-27,-0.10958869,-0.23737851,0.026195522,0.030868914,-4.1833296
2061,2026-07-27,-0.16983907,-0.30457172,0.040533658,0.042939767,-4.189972
6277,2026-07-27,-0.09877307,-0.07518234,0.023486126,0.021078985,-4.2054133
1752,2026-07-27,-0.116341434,-0.010430009,0.027640557,0.029592186,-4.208932
2702,2026-07-27,-0.11728369,-0.032029107,0.027844394,0.029482245,-4.21196
6491,2026-07-27,-0.12829919,-0.036666337,0.030451227,0.032512847,-4.21313
1721,2026-07-27,-0.20112734,-0.3033268,0.04740342,0.048807114,-4.242797
4951,2026-07-27,-0.095158406,-0.115186885,0.02233524,0.022495607,-4.2602696
6461,2026-07-27,-0.0943402,-0.036255997,0.022141708,0.023688281,-4.260554
2880,2026-07-27,-0.069300696,-0.16335398,0.01620788,0.018785723,-4.2754774
8084,2026-07-27,-0.13251448,-0.15359205,0.030892977,0.03365487,-4.2893305
6130,2026-07-27,-0.11166397,-0.054477897,0.026020724,0.026315045,-4.2911825
2743,2026-07-27,-0.10185606,-0.028624166,0.023725208,0.025440732,-4.292977
2401,2026-07-27,-0.13217463,-0.28669342,0.03068213,0.039647534,-4.3077297
7757,2026-07-27,-0.08868971,0.025381906,0.02048658,0.016599823,-4.32895
6823,2026-07-27,-0.10449702,-0.04476921,0.02412558,0.031808637,-4.331199
4991,2026-07-27,-0.16470551,-0.3568694,0.038010687,0.052188333,-4.333023
8404,2026-07-27,-0.107684225,-0.12319199,0.024820365,0.022789693,-4.3383684
2351,2026-07-27,-0.12355893,-0.23830071,0.028326184,0.028250491,-4.3618503
3224,2026-07-27,-0.10734151,-0.053117923,0.024547374,0.030805048,-4.3726525
9921,2026-07-27,-0.14429064,-0.10438641,0.032968383,0.03452994,-4.3765044
1718,2026-07-27,-0.18199798,-0.27315277,0.04152142,0.042999346,-4.383126
1760,2026-07-27,-0.12978208,0.020502063,0.029578464,0.032787483,-4.3875737
6241,2026-07-27,-0.11512,-0.07529309,0.026200334,0.02522634,-4.3936696
2221,2026-07-27,-0.24380909,-0.2026251,0.055342052,0.044833276,-4.4054146
3494,2026-07-27,-0.076570235,-0.037443496,0.017337011,0.021644466,-4.4163218
8277,2026-07-27,-0.1359518,-0.2067513,0.030657526,0.034210183,-4.434388
3130,2026-07-27,-0.08515205,-0.06260239,0.019188715,0.020222427,-4.43738
5905,2026-07-27,-0.17663717,-0.18700667,0.03961972,0.038813777,-4.458202
3623,2026-07-27,-0.17090222,-0.2356423,0.03826565,0.036508273,-4.4660883
7642,2026-07-27,-0.0981107,-0.02155123,0.021872103,0.021605745,-4.4854493
6821,2026-07-27,-0.12007826,-0.042188987,0.026764445,0.027887784,-4.4863167
2904,2026-07-27,-0.24084641,-0.13708238,0.053424202,0.04277566,-4.508105
4806,2026-07-27,-0.16834351,-0.20675842,0.037274804,0.043505765,-4.5161605
3004,2026-07-27,-0.13412698,-0.15623719,0.029681053,0.03657997,-4.5187902
3628,2026-07-27,-0.20982097,-0.22468853,0.046395708,0.05171313,-4.5223246
3189,2026-07-27,-0.19146125,-0.20037511,0.042198136,0.03610113,-4.5370893
3024,2026-07-27,-0.10245312,-0.13645464,0.022553278,0.030633999,-4.542514
8443,2026-07-27,-0.09606084,-0.081288114,0.021130934,0.02466804,-4.5457664
4142,2026-07-27,-0.104495764,-0.08012654,0.022969529,0.030261336,-4.549123
3552,2026-07-27,-0.16529934,-0.12195946,0.036255695,0.04676197,-4.55914
1813,2026-07-27,-0.104975894,-0.028952336,0.022977125,0.021480417,-4.5685143
2230,2026-07-27,-0.10982947,-0.11765141,0.024039209,0.024572328,-4.568574
9917,2026-07-27,-0.061549846,-0.022759167,0.013434138,0.020211518,-4.581259
4549,2026-07-27,-0.1735311,-0.22987741,0.03767177,0.03849724,-4.606274
1413,2026-07-27,-0.12631443,-0.07043371,0.027366247,0.025931139,-4.615533
1229,2026-07-27,-0.1246216,-0.11938422,0.026851604,0.03178537,-4.64095
6150,2026-07-27,-0.18914318,-0.3051887,0.04075067,0.04926725,-4.6413603
2929,2026-07-27,-0.09159913,-0.10240027,0.019729689,0.020671241,-4.64247
4439,2026-07-27,-0.09002095,-0.05840896,0.019343555,0.0225996,-4.653555
8436,2026-07-27,-0.09118201,0.07096304,0.01958686,0.025994392,-4.6550264
3564,2026-07-27,-0.16047768,-0.19823575,0.034462087,0.037669573,-4.6565094
1449,2026-07-27,-0.16338393,-0.12795986,0.035063796,0.0498551,-4.6594863
2630,2026-07-27,-0.13449258,-0.25847802,0.0288042,0.035750564,-4.6690383
4582,2026-07-27,-0.118692845,0.0074447994,0.025417378,0.02653161,-4.669568
5223,2026-07-27,-0.14211641,-0.17095086,0.030326476,0.02989138,-4.6860614
1312,2026-07-27,-0.19041763,-0.32228687,0.040611323,0.05132687,-4.6886663
2417,2026-07-27,-0.24108747,-0.34394825,0.0512175,0.066069186,-4.707039
8131,2026-07-27,-0.27771324,-0.4511223,0.05888302,0.05935175,-4.716275
6569,2026-07-27,-0.07670463,-0.04721303,0.016176445,0.020201147,-4.741455
2464,2026-07-27,-0.24640487,-0.19920969,0.051803946,0.056936756,-4.756397
8279,2026-07-27,-0.093234554,0.002837098,0.019498963,0.023142591,-4.781268
5468,2026-07-27,-0.1057854,-0.20190834,0.022108262,0.032519244,-4.784664
1232,2026-07-27,-0.09093447,0.0014979283,0.018993294,0.023033768,-4.7874627
3043,2026-07-27,-0.16403209,-0.17892161,0.03420622,0.035849493,-4.795248
3541,2026-07-27,-0.22319104,-0.1275797,0.046538796,0.04102857,-4.795703
5604,2026-07-27,-0.09124767,0.041591816,0.018978443,0.01970306,-4.8077106
1231,2026-07-27,-0.10858975,-0.089285865,0.02245071,0.020724835,-4.8365917
2486,2026-07-27,-0.3242455,-0.27052003,0.067007124,0.050003365,-4.8388987
4903,2026-07-27,-0.22118181,-0.32767105,0.04569325,0.042432223,-4.840474
2753,2026-07-27,-0.106477804,-0.06952736,0.02192807,0.022158483,-4.855555
8028,2026-07-27,-0.1791487,-0.08195981,0.036894385,0.030523676,-4.855586
3706,2026-07-27,-0.08136597,-0.06424788,0.016704965,0.017413713,-4.870474
7777,2026-07-27,-0.14845762,-0.18787426,0.030401574,0.03412554,-4.8830605
6830,2026-07-27,-0.19520153,-0.24338885,0.039900083,0.044907857,-4.8921366
6763,2026-07-27,-0.11223302,-0.05339661,0.022918709,0.029535446,-4.896791
6953,2026-07-27,-0.15767655,-0.11099275,0.03214977,0.03363754,-4.9042854
3672,2026-07-27,-0.10562369,-0.043027513,0.021511333,0.022298908,-4.9099135
6441,2026-07-27,-0.1867156,-0.20339912,0.03781199,0.038159575,-4.9378695
4716,2026-07-27,-0.19881001,-0.26149556,0.0400761,0.050211202,-4.960689
8109,2026-07-27,-0.19482571,-0.20682882,0.039136957,0.041705187,-4.9779224
6593,2026-07-27,-0.102289185,-0.0052774497,0.020485012,0.017469406,-4.9931235
8411,2026-07-27,-0.13483413,-0.1860022,0.026898988,0.027993165,-5.0124235
2916,2026-07-27,-0.09819649,-0.019230343,0.019574644,0.022876557,-5.0162582
6645,2026-07-27,-0.15185688,-0.18578967,0.030240688,0.030492635,-5.021442
6931,2026-07-27,-0.13502018,-0.015298146,0.026838824,0.029618075,-5.030591
4121,2026-07-27,-0.17821361,-0.09525189,0.03536719,0.044803914,-5.0388107
6683,2026-07-27,-0.15833698,-0.14138421,0.03133912,0.0263193,-5.0522137
5234,2026-07-27,-0.14919196,-0.22917433,0.02950918,0.035026994,-5.05561
4976,2026-07-27,-0.16542473,-0.28409183,0.032642175,0.03689004,-5.067667
3432,2026-07-27,-0.159352,-0.20357086,0.03141516,0.037127487,-5.072294
6712,2026-07-27,-0.15005079,-0.1334473,0.029539848,0.037042063,-5.079434
8440,2026-07-27,-0.12011123,-0.06777159,0.023595074,0.025034586,-5.0903053
3088,2026-07-27,-0.13907498,-0.15153442,0.027223578,0.03188588,-5.1084347
6104,2026-07-27,-0.14753312,-0.22888298,0.028848145,0.041691754,-5.113951
3583,2026-07-27,-0.079481505,-0.108506456,0.015511203,0.017936137,-5.123805
3447,2026-07-27,-0.13427538,-0.23130512,0.026194813,0.026709635,-5.1258335
3390,2026-07-27,-0.23082975,-0.16352564,0.044863127,0.04646175,-5.1450853
6835,2026-07-27,-0.11740691,-0.16013211,0.02281654,0.02517435,-5.1454673
5392,2026-07-27,-0.25248685,-0.42118594,0.049015015,0.053018853,-5.1511097
3631,2026-07-27,-0.11485219,-0.18434006,0.02228751,0.022393845,-5.1529775
1535,2026-07-27,-0.09852355,-0.017655747,0.019097093,0.0202192,-5.158816
3308,2026-07-27,-0.16690175,-0.14554733,0.032186102,0.037010573,-5.1853614
5398,2026-07-27,-0.15430816,-0.14295194,0.029750956,0.025882827,-5.1864877
6261,2026-07-27,-0.21564744,-0.29074845,0.041575044,0.03256609,-5.18682
8027,2026-07-27,-0.14772962,-0.15798527,0.028424148,0.025012514,-5.197145
2756,2026-07-27,-0.10140074,0.040847484,0.019495256,0.027793873,-5.2010365
6451,2026-07-27,-0.3479897,-0.3413887,0.06661554,0.059564076,-5.223774
6732,2026-07-27,-0.19195738,-0.22144502,0.03662236,0.03127546,-5.241392
5432,2026-07-27,-0.089950435,-0.15169284,0.01713156,0.022038918,-5.2502623
6757,2026-07-27,-0.16797854,-0.253849,0.03183893,0.040163588,-5.2757196
4205,2026-07-27,-0.11066578,-0.010160381,0.020916386,0.020504301,-5.2906127
3499,2026-07-27,-0.14515954,-0.051050264,0.027356906,0.02991842,-5.305945
4722,2026-07-27,-0.18237033,-0.3096193,0.034323044,0.037690677,-5.313195
6292,2026-07-27,-0.14744742,-0.1771409,0.027744114,0.02650493,-5.3143563
3362,2026-07-27,-0.20801906,-0.40351665,0.0389064,0.044895936,-5.346517
8437,2026-07-27,-0.23429455,-0.12991287,0.043587346,0.050499417,-5.375165
8085,2026-07-27,-0.22407211,-0.16994886,0.04166016,0.039034124,-5.378442
8423,2026-07-27,-0.08904932,-0.028850682,0.016550839,0.021803416,-5.3800254
3013,2026-07-27,-0.115799636,-0.16560021,0.021502087,0.025668183,-5.3852563
2431,2026-07-27,-0.20288195,-0.22927122,0.037669264,0.041138448,-5.385732
8383,2026-07-27,-0.1104112,-0.07594735,0.020486867,0.031015018,-5.3891015
2342,2026-07-27,-0.26412228,-0.45630684,0.048836887,0.05581928,-5.408143
8227,2026-07-27,-0.20516609,-0.25063345,0.037826978,0.03247432,-5.4236603
4576,2026-07-27,-0.16210245,-0.29004937,0.029874139,0.034315057,-5.425998
2359,2026-07-27,-0.27744,-0.38287762,0.05090328,0.057110224,-5.4502296
2614,2026-07-27,-0.13280442,-0.13030721,0.024320245,0.027282089,-5.4604287
3594,2026-07-27,-0.21690683,-0.29695854,0.03953593,0.047846504,-5.486183
4108,2026-07-27,-0.14371185,-0.08517889,0.026193734,0.028511321,-5.4862876
7811,2026-07-27,-0.07914588,-0.027505469,0.014415246,0.018651683,-5.4900475
6482,2026-07-27,-0.18488643,-0.07303633,0.033643857,0.02768251,-5.4952364
6689,2026-07-27,-0.12660025,-0.077672176,0.02293541,0.028133735,-5.5196195
1468,2026-07-27,-0.13106704,-0.0062384335,0.023695592,0.029746069,-5.53105
4560,2026-07-27,-0.14677681,-0.16736759,0.026517326,0.028030839,-5.5349197
9105,2026-07-27,-0.16140884,-0.22718306,0.029081732,0.03663206,-5.5499887
2231,2026-07-27,-0.14221829,-0.21059269,0.02559776,0.0328051,-5.5556707
3632,2026-07-27,-0.13519353,-0.08396456,0.02425381,0.030698739,-5.573885
6218,2026-07-27,-0.23376872,-0.33474743,0.04182362,0.053105235,-5.589261
8045,2026-07-27,-0.12784079,-0.12457195,0.02285909,0.022812579,-5.592314
6671,2026-07-27,-0.106333815,-0.04786539,0.01900502,0.019274753,-5.594744
5530,2026-07-27,-0.2084076,-0.19768819,0.03722907,0.032204982,-5.5978303
7738,2026-07-27,-0.113194354,-0.046170123,0.020193683,0.028326744,-5.6051564
3115,2026-07-27,-0.14293513,-0.120775424,0.025434146,0.026483783,-5.619591
1608,2026-07-27,-0.16066585,-0.28930685,0.028496014,0.037997253,-5.637989
6933,2026-07-27,-0.18089773,-0.12323146,0.03199319,0.03546153,-5.6540804
2736,2026-07-27,-0.110696554,0.0077253473,0.019571386,0.025227625,-5.6557517
4502,2026-07-27,-0.12263077,-0.10875649,0.021606667,0.01546453,-5.675336
8438,2026-07-27,-0.1110552,-0.14142309,0.019560322,0.022737293,-5.677285
6693,2026-07-27,-0.17694706,-0.3625473,0.031160764,0.034347817,-5.678339
6138,2026-07-27,-0.174113,-0.1679168,0.030569598,0.033468306,-5.69544
2915,2026-07-27,-0.12962513,-0.09751923,0.022749737,0.031727582,-5.6976233
2014,2026-07-27,-0.1682671,-0.15718612,0.029496502,0.03191225,-5.7044525
6603,2026-07-27,-0.31981552,-0.30463934,0.055931397,0.054276302,-5.717894
4147,2026-07-27,-0.17520332,-0.20011644,0.030537866,0.034602232,-5.7370605
7820,2026-07-27,-0.17488785,-0.21184315,0.030355161,0.03899541,-5.761198
6541,2026-07-27,-0.11805505,-0.1364958,0.02044672,0.024031013,-5.773507
7819,2026-07-27,-0.13003397,-0.059450127,0.022432292,0.023793908,-5.796473
6720,2026-07-27,-0.1319511,-0.084497556,0.022732284,0.022132384,-5.8043127
3083,2026-07-27,-0.16370973,-0.20607261,0.028195357,0.03961556,-5.8060594
3031,2026-07-27,-0.1834075,-0.27883825,0.031516716,0.038026404,-5.8191876
6742,2026-07-27,-0.1490703,-0.23756081,0.025605492,0.029650524,-5.821582
1441,2026-07-27,-0.14616503,-0.07154651,0.02498613,0.027797528,-5.8496127
6272,2026-07-27,-0.09900498,-0.19237484,0.016916774,0.020650614,-5.8521276
8215,2026-07-27,-0.15433732,-0.30488995,0.026318142,0.027772449,-5.864071
6906,2026-07-27,-0.14463145,-0.22181873,0.024622723,0.031545486,-5.8736625
6903,2026-07-27,-0.12582187,-0.22028357,0.021415524,0.024036156,-5.8749905
6101,2026-07-27,-0.1406993,-0.22836526,0.023818167,0.029726157,-5.906978
8102,2026-07-27,-0.15092753,-0.14118266,0.025463745,0.028520139,-5.926921
7744,2026-07-27,-0.16248557,-0.23272237,0.027390406,0.033523463,-5.931991
1466,2026-07-27,-0.186106,-0.1840863,0.03135277,0.038053397,-5.935682
6005,2026-07-27,-0.10400446,-0.14554961,0.017410427,0.019572712,-5.973345
6140,2026-07-27,-0.16944109,-0.2272699,0.028315388,0.035895444,-5.9838524
3611,2026-07-27,-0.1595998,-0.07886446,0.026609173,0.032829825,-5.9976983
6438,2026-07-27,-0.2365187,-0.37761113,0.03939734,0.047479182,-6.003266
2850,2026-07-27,-0.09933301,-0.0657264,0.01647941,0.017120076,-6.0273385
2912,2026-07-27,-0.18569294,-0.082305685,0.030777525,0.040406805,-6.033198
2365,2026-07-27,-0.21252845,-0.3657856,0.03522169,0.03724029,-6.033851
8171,2026-07-27,-0.17121951,-0.24559695,0.028336046,0.039093383,-6.0422497
6697,2026-07-27,-0.134787,-0.06693627,0.022256391,0.03070057,-6.0558305
4510,2026-07-27,-0.1444691,-0.1719305,0.023851594,0.029761164,-6.0567455
4442,2026-07-27,-0.15686223,-0.14896427,0.025820266,0.021081917,-6.074924
7765,2026-07-27,-0.12686543,-0.067108504,0.02081491,0.021466488,-6.0946374
4541,2026-07-27,-0.20796436,-0.27571908,0.03404268,0.03476328,-6.1087513
6432,2026-07-27,-0.15100975,-0.39502722,0.024662329,0.049971268,-6.1228456
6120,2026-07-27,-0.306567,-0.4912056,0.049925864,0.051195398,-6.140322
3349,2026-07-27,-0.22793058,-0.16088758,0.037053138,0.046949845,-6.1512856
7556,2026-07-27,-0.18213043,-0.24717227,0.029595861,0.026753228,-6.1537075
6188,2026-07-27,-0.1278696,-0.24458031,0.020711025,0.023898976,-6.173689
6526,2026-07-27,-0.14635652,-0.21093445,0.023688925,0.018855153,-6.1780066
7822,2026-07-27,-0.10772242,-0.11700567,0.017419366,0.019094184,-6.1837053
4131,2026-07-27,-0.19109955,-0.13389346,0.030901967,0.03264666,-6.183858
4702,2026-07-27,-0.1720201,-0.15735476,0.027814936,0.026444647,-6.184228
3128,2026-07-27,-0.24480033,-0.24680465,0.039534684,0.042750947,-6.191883
7753,2026-07-27,-0.20927194,-0.20449734,0.03371506,0.045277737,-6.206892
2426,2026-07-27,-0.30911332,-0.40702972,0.049794383,0.047114227,-6.2076707
1736,2026-07-27,-0.17970553,0.025532218,0.028920868,0.028428925,-6.213483
3178,2026-07-27,-0.17419319,-0.1722985,0.028030869,0.03472119,-6.2141128
3234,2026-07-27,-0.1667021,-0.25494704,0.026753874,0.031656206,-6.230719
2102,2026-07-27,-0.12837568,-0.01965567,0.020571638,0.024529574,-6.2401175
7760,2026-07-27,-0.098201156,-0.024169836,0.015715431,0.01604592,-6.248311
7730,2026-07-27,-0.10837994,-0.13754228,0.017343676,0.014174482,-6.2485995
3577,2026-07-27,-0.20413777,-0.2575896,0.0326106,0.035095785,-6.259668
6283,2026-07-27,-0.1576977,-0.26024744,0.025105396,0.0241274,-6.2811766
7842,2026-07-27,-0.14532916,-0.08848344,0.023112135,0.03036818,-6.28773
2476,2026-07-27,-0.23340626,-0.352514,0.03707633,0.050719988,-6.2951207
2368,2026-07-27,-0.14841819,-0.20588502,0.02356876,0.027918136,-6.2969747
7821,2026-07-27,-0.14622624,-0.06191061,0.02321368,0.027448263,-6.298869
5245,2026-07-27,-0.21434717,-0.2414419,0.034022473,0.03410267,-6.299979
8462,2026-07-27,-0.16020614,-0.06781481,0.025398333,0.026206648,-6.307494
8489,2026-07-27,-0.20836534,-0.1893885,0.0329366,0.03345687,-6.3260636
2855,2026-07-27,-0.22543408,-0.32579046,0.03554977,0.042828422,-6.341187
2712,2026-07-27,-0.13252649,-0.029406456,0.020885406,0.023664791,-6.345107
6209,2026-07-27,-0.20079952,-0.24709247,0.031610683,0.033598505,-6.3520675
4772,2026-07-27,-0.21925494,-0.28801093,0.034488063,0.02693264,-6.357231
4556,2026-07-27,-0.15398748,-0.054562714,0.024220897,0.023482805,-6.3573666
8476,2026-07-27,-0.16747767,-0.103096694,0.026336404,0.026075695,-6.3589287
1235,2026-07-27,-0.1425767,-0.05595254,0.022400657,0.023653112,-6.36456
7714,2026-07-27,-0.22599016,-0.26402572,0.03537285,0.03902057,-6.3886223
2302,2026-07-27,-0.20171331,-0.33426324,0.031545445,0.043519557,-6.3941693
6895,2026-07-27,-0.14228779,-0.18403147,0.022126473,0.026282003,-6.4303675
6913,2026-07-27,-0.18099798,-0.14351556,0.028112058,0.031489775,-6.4382176
2530,2026-07-27,-0.21259445,-0.20852305,0.0329607,0.03627615,-6.449742
3416,2026-07-27,-0.13085388,-0.12881145,0.020237511,0.023049256,-6.465588
6952,2026-07-27,-0.17234106,-0.030309308,0.026588283,0.023963153,-6.4815984
5484,2026-07-27,-0.20209393,-0.32191566,0.031083103,0.032006603,-6.50152
6214,2026-07-27,-0.14176911,-0.14906979,0.021802764,0.02457528,-6.5020475
2506,2026-07-27,-0.23215097,-0.16704227,0.03567003,0.040013425,-6.5081096
3713,2026-07-27,-0.1780991,-0.20183541,0.02735821,0.02898709,-6.509658
6684,2026-07-27,-0.2933161,-0.2750349,0.045036454,0.054712422,-6.5127153
6504,2026-07-27,-0.15907949,-0.06745316,0.024358114,0.030325564,-6.5305943
6423,2026-07-27,-0.116051,-0.134868,0.017768001,0.019625416,-6.531093
8374,2026-07-27,-0.1937248,-0.2943984,0.029651081,0.039793167,-6.5332613
7712,2026-07-27,-0.1678855,-0.25265056,0.025690692,0.027235638,-6.534622
2466,2026-07-27,-0.14280017,-0.1950628,0.02184756,0.02299861,-6.5359077
4745,2026-07-27,-0.17696263,-0.10060271,0.027061922,0.030476315,-6.538933
6523,2026-07-27,-0.14206004,-0.008574245,0.021721281,0.0275873,-6.5398307
3229,2026-07-27,-0.2024424,-0.28163025,0.030846989,0.025571221,-6.56258
3379,2026-07-27,-0.26530924,-0.3757091,0.04042655,0.042273816,-6.562586
8091,2026-07-27,-0.16860907,-0.2942615,0.025645657,0.032022595,-6.57431
8155,2026-07-27,-0.20596583,-0.18450855,0.0313028,0.04081481,-6.57958
4931,2026-07-27,-0.23484682,-0.12848748,0.035594806,0.034598146,-6.597598
2425,2026-07-27,-0.17091669,-0.2677994,0.025901604,0.039149553,-6.5984364
3297,2026-07-27,-0.27272767,-0.21714564,0.04125247,0.051066987,-6.611024
4946,2026-07-27,-0.23849554,-0.304852,0.036014445,0.03253266,-6.6220355
8940,2026-07-27,-0.17617014,-0.09617558,0.026423104,0.030013656,-6.667024
3551,2026-07-27,-0.18755116,-0.20637928,0.028091403,0.020121502,-6.6762233
6657,2026-07-27,-0.26204294,-0.2032444,0.03923788,0.028134106,-6.678146
6547,2026-07-27,-0.17395754,-0.19772498,0.026026182,0.029819638,-6.683687
7795,2026-07-27,-0.15488113,-0.24211961,0.023160279,0.021125572,-6.687072
1506,2026-07-27,-0.13630104,-0.053710565,0.020259539,0.023908714,-6.7274146
8210,2026-07-27,-0.13006957,-0.13804156,0.019273108,0.019754928,-6.7484093
6548,2026-07-27,-0.3454555,-0.49993545,0.051163364,0.05643733,-6.7518773
6831,2026-07-27,-0.16603503,-0.22774555,0.024570556,0.028352916,-6.757204
5272,2026-07-27,-0.25623873,-0.311627,0.037555344,0.040238034,-6.8227816
5328,2026-07-27,-0.14428823,-0.31611663,0.021128353,0.029865645,-6.828805
3581,2026-07-27,-0.29763216,-0.40800974,0.043492846,0.041184478,-6.8430867
6426,2026-07-27,-0.29291755,-0.4221243,0.04271704,0.053021636,-6.856999
2845,2026-07-27,-0.13369459,-0.13613825,0.019450363,0.023260264,-6.873276
1313,2026-07-27,-0.19242719,-0.26314908,0.027980862,0.031137116,-6.8768544
3092,2026-07-27,-0.2554563,-0.2795786,0.037109334,0.041338395,-6.8836975
7792,2026-07-27,-0.16853854,-0.23717266,0.024480911,0.02724416,-6.884207
4198,2026-07-27,-0.15701453,-0.11728562,0.02273004,0.031806104,-6.9074945
6873,2026-07-27,-0.18049599,-0.13717212,0.02609428,0.02968553,-6.916806
8201,2026-07-27,-0.20569947,-0.24630828,0.029701306,0.029190496,-6.9253707
6616,2026-07-27,-0.17285243,-0.21229376,0.024913294,0.027312228,-6.9378815
4157,2026-07-27,-0.18303537,-0.15557626,0.026325887,0.027741015,-6.952412
2543,2026-07-27,-0.24698724,-0.2732954,0.03550117,0.036079712,-6.956962
6234,2026-07-27,-0.34583086,-0.28350595,0.04969697,0.041141745,-6.9586515
1513,2026-07-27,-0.33622485,-0.38450858,0.048307,0.056815423,-6.9600244
3372,2026-07-27,-0.19477078,-0.3044635,0.027973324,0.03387619,-6.962484
2312,2026-07-27,-0.2453232,-0.2928242,0.035200182,0.045026653,-6.9691753
8272,2026-07-27,-0.15537433,-0.053689968,0.022269567,0.02721049,-6.976667
8342,2026-07-27,-0.13105948,-0.07144306,0.018771151,0.017590139,-6.981591
6870,2026-07-27,-0.19228229,-0.25309005,0.02750318,0.03297889,-6.9910207
7827,2026-07-27,-0.13441941,-0.08536587,0.019185033,0.018168759,-7.006108
6142,2026-07-27,-0.1786082,-0.17159586,0.025383241,0.030353142,-7.036184
1773,2026-07-27,-0.19227953,-0.2585765,0.027305966,0.033147138,-7.0414095
1256,2026-07-27,-0.28415892,-0.38201228,0.040338892,0.049932443,-7.044117
6843,2026-07-27,-0.15806726,-0.0743633,0.022418484,0.025169373,-7.0504413
3419,2026-07-27,-0.17658788,-0.18337965,0.02499095,0.026997618,-7.06579
3058,2026-07-27,-0.2524881,-0.29068202,0.03568824,0.038997594,-7.0746284
7721,2026-07-27,-0.22630908,-0.2271485,0.031922027,0.034855127,-7.0892115
1570,2026-07-27,-0.13897651,-0.24691136,0.019582607,0.02488107,-7.096574
5355,2026-07-27,-0.18626384,-0.1925517,0.02619924,0.028865824,-7.109242
2429,2026-07-27,-0.3433253,-0.42536354,0.048218243,0.04957917,-7.120089
6791,2026-07-27,-0.16320102,-0.1014417,0.022845719,0.024291929,-7.143302
1477,2026-07-27,-0.17914924,-0.15195218,0.025077324,0.024866827,-7.143589
4764,2026-07-27,-0.20247765,-0.3007551,0.028329866,0.032088168,-7.146892
4558,2026-07-27,-0.14942391,-0.13936819,0.020898875,0.01791827,-7.1495123
4564,2026-07-27,-0.25094613,-0.33088246,0.035071984,0.032671712,-7.15497
3555,2026-07-27,-0.16806848,-0.21216434,0.023422278,0.02812183,-7.175276
3217,2026-07-27,-0.17983185,-0.21439515,0.025018107,0.025377953,-7.1877804
5474,2026-07-27,-0.17919835,-0.25885558,0.024923688,0.029109428,-7.189593
6949,2026-07-27,-0.14809647,-0.15206878,0.020512879,0.023861054,-7.2193303
3467,2026-07-27,-0.21421306,-0.29279545,0.0296422,0.034275204,-7.226381
3264,2026-07-27,-0.18322276,-0.18405867,0.025353672,0.033380393,-7.2263904
1707,2026-07-27,-0.18961567,-0.07692861,0.026212823,0.029082755,-7.2334228
6614,2026-07-27,-0.17634304,-0.10087928,0.024304425,0.032033026,-7.2552953
7810,2026-07-27,-0.1396527,-0.119370714,0.019194819,0.02285939,-7.275162
8478,2026-07-27,-0.21230857,-0.17510507,0.028980685,0.026375294,-7.3256116
6955,2026-07-27,-0.1876324,-0.14174262,0.025609167,0.028389553,-7.326481
3704,2026-07-27,-0.2909705,-0.33592016,0.03968439,0.043280255,-7.3319306
5213,2026-07-27,-0.16736187,-0.0778546,0.022794183,0.0185533,-7.341984
1591,2026-07-27,-0.22324511,-0.21662988,0.030392023,0.037127122,-7.345275
5344,2026-07-27,-0.25071752,-0.30608833,0.033932414,0.032912,-7.388515
4726,2026-07-27,-0.16952147,-0.10284556,0.02292293,0.019055028,-7.3949566
4127,2026-07-27,-0.22361939,-0.22971462,0.030226922,0.031783994,-7.3977757
7547,2026-07-27,-0.1489724,-0.121687196,0.02013244,0.022490306,-7.399253
3150,2026-07-27,-0.21076863,-0.28277248,0.028474478,0.030817032,-7.401759
4720,2026-07-27,-0.59411407,-0.7366296,0.080192275,0.11194225,-7.4085274
6243,2026-07-27,-0.1959985,-0.17325026,0.026445897,0.036516275,-7.4110208
9941,2026-07-27,-0.24572738,-0.16920903,0.0331108,0.04067044,-7.421142
8906,2026-07-27,-0.27207595,-0.30456716,0.03664518,0.030131252,-7.4244013
2413,2026-07-27,-0.22033043,-0.2852441,0.029649394,0.033705667,-7.4309444
5878,2026-07-27,-0.10664852,-0.0020487616,0.014321285,0.017440349,-7.446334
2364,2026-07-27,-0.2076053,-0.31926474,0.027854433,0.032820664,-7.4529552
3122,2026-07-27,-0.19203724,-0.29014358,0.025695078,0.029004306,-7.4734063
2731,2026-07-27,-0.14587344,-0.009830082,0.01943095,0.018480174,-7.5068865
3479,2026-07-27,-0.18364851,-0.19169347,0.02444373,0.027474206,-7.5128055
3152,2026-07-27,-0.3008967,-0.39579293,0.040044308,0.050404817,-7.513907
6235,2026-07-27,-0.2978133,-0.3995818,0.039564166,0.044338383,-7.527159
6531,2026-07-27,-0.22937839,-0.2961019,0.030456392,0.03944588,-7.5311236
5287,2026-07-27,-0.15315452,-0.079878956,0.020293372,0.025746973,-7.54665
2442,2026-07-27,-0.21899554,-0.20596553,0.02898701,0.027836682,-7.554694
3060,2026-07-27,-0.36711457,-0.47893098,0.048535507,0.052743655,-7.5636797
4168,2026-07-27,-0.23244217,-0.22471969,0.030669434,0.032138962,-7.578705
6910,2026-07-27,-0.14475296,-0.15428357,0.01885872,0.019137707,-7.675245
9802,2026-07-27,-0.23715064,-0.20131792,0.030816598,0.029990584,-7.695299
8488,2026-07-27,-0.16997649,-0.20432147,0.02201314,0.028665159,-7.721241
4743,2026-07-27,-0.22334915,-0.26696497,0.028879128,0.034757543,-7.733662
6937,2026-07-27,-0.21444947,-0.23687816,0.02770287,0.033397935,-7.7407765
2729,2026-07-27,-0.21438855,-0.18129228,0.027450891,0.023976987,-7.8096094
4562,2026-07-27,-0.32695606,-0.39237753,0.041830733,0.051277168,-7.815982
3521,2026-07-27,-0.28070778,-0.34123558,0.035887245,0.036538925,-7.8217196
6126,2026-07-27,-0.25339445,-0.30569568,0.03227166,0.03757064,-7.8516755
6533,2026-07-27,-0.33342278,-0.44805443,0.042433597,0.04181857,-7.8573337
8222,2026-07-27,-0.24468651,-0.23382804,0.031075869,0.027378382,-7.8735895
1264,2026-07-27,-0.16392635,-0.122778215,0.020811968,0.019765504,-7.876164
5227,2026-07-27,-0.3241546,-0.31287244,0.041150767,0.031518407,-7.877052
3259,2026-07-27,-0.30915126,-0.2931127,0.039227,0.039725322,-7.8808827
7736,2026-07-27,-0.16678803,-0.08395173,0.021041423,0.025054194,-7.926275
6199,2026-07-27,-0.23184064,-0.22733359,0.029222086,0.03724688,-7.9334755
7803,2026-07-27,-0.15545069,-0.109916545,0.019564047,0.015690487,-7.9453263
3373,2026-07-27,-0.14032476,-0.11016238,0.017659113,0.026768526,-7.9458585
6279,2026-07-27,-0.20594257,-0.19706072,0.025883287,0.025424045,-7.9562774
6197,2026-07-27,-0.19532222,-0.1986104,0.024547411,0.028326206,-7.956613
4441,2026-07-27,-0.124230914,-0.075768374,0.015596144,0.013808493,-7.964978
4178,2026-07-27,-0.13335475,-0.06485,0.016739536,0.017210094,-7.9659786
2444,2026-07-27,-0.27584112,-0.2786528,0.03459308,0.04223434,-7.9736514
1623,2026-07-27,-0.20800593,-0.12911299,0.026042823,0.025518693,-7.9867663
9103,2026-07-27,-0.19618031,-0.20395765,0.024526391,0.03822271,-7.9984174
6674,2026-07-27,-0.18879314,-0.16362496,0.02355783,0.026250763,-8.013689
2838,2026-07-27,-0.22379227,-0.29061046,0.027864987,0.031962547,-8.031019
6840,2026-07-27,-0.26223975,-0.24878474,0.032596864,0.03361911,-8.044692
2305,2026-07-27,-0.30895913,-0.417589,0.03823431,0.037949495,-8.080467
2254,2026-07-27,-0.17507264,-0.15771872,0.021650447,0.025317704,-8.085956
5345,2026-07-27,-0.3066261,-0.3099266,0.037897408,0.036321454,-8.090739
2101,2026-07-27,-0.27659902,-0.06370738,0.034087855,0.031925857,-8.11406
6708,2026-07-27,-0.31900343,-0.24587803,0.039266348,0.049581982,-8.123886
8088,2026-07-27,-0.19823933,-0.17419569,0.02436927,0.024680149,-8.134474
8047,2026-07-27,-0.21866922,-0.22525544,0.026697917,0.028198564,-8.19019
6901,2026-07-27,-0.26617286,-0.36116555,0.032414783,0.045257535,-8.211212
2889,2026-07-27,-0.15677123,-0.24341495,0.019090042,0.024955131,-8.211769
8936,2026-07-27,-0.21393602,-0.24152139,0.025692744,0.030477852,-8.3263855
3689,2026-07-27,-0.24047723,-0.3349748,0.028787378,0.04187481,-8.353274
7703,2026-07-27,-0.26005748,-0.30507475,0.031097302,0.028660996,-8.362433
6643,2026-07-27,-0.269801,-0.2839319,0.032200832,0.036184385,-8.378436
6715,2026-07-27,-0.3586213,-0.41276208,0.042789474,0.047798768,-8.380868
3054,2026-07-27,-0.21613541,-0.2717504,0.025760977,0.040944263,-8.389706
6733,2026-07-27,-0.21328753,-0.14453475,0.025385551,0.020836432,-8.401595
3523,2026-07-27,-0.25078338,-0.32365265,0.029755421,0.04061599,-8.427875
3030,2026-07-27,-0.28919584,-0.40882605,0.034308784,0.034351982,-8.428962
2405,2026-07-27,-0.23786807,-0.33504304,0.02821256,0.03677005,-8.430984
6739,2026-07-27,-0.16784464,-0.16957863,0.019900594,0.021220855,-8.433728
8066,2026-07-27,-0.17963545,-0.13456449,0.021220157,0.017331304,-8.464923
2247,2026-07-27,-0.19130561,-0.16724913,0.022506252,0.03681712,-8.499732
3041,2026-07-27,-0.5537383,-0.6635701,0.06485692,0.08674495,-8.537713
4729,2026-07-27,-0.3065305,-0.3123233,0.03584181,0.03439495,-8.552078
4195,2026-07-27,-0.1290218,-0.07826039,0.0150683,0.017889436,-8.561896
3219,2026-07-27,-0.27909577,-0.37657654,0.032432243,0.030043924,-8.605238
1710,2026-07-27,-0.47864762,-0.66534346,0.055394538,0.07771287,-8.640545
1599,2026-07-27,-0.17632689,-0.036383513,0.02040129,0.023894817,-8.642505
2258,2026-07-27,-0.20851752,-0.27584732,0.02372854,0.02058051,-8.787255
3485,2026-07-27,-0.22169341,-0.21608332,0.025180241,0.018528707,-8.803911
4968,2026-07-27,-0.27199942,-0.399562,0.03087983,0.035231374,-8.808035
3257,2026-07-27,-0.22325982,-0.33625945,0.025244066,0.025354605,-8.843701
3363,2026-07-27,-0.2924053,-0.35963568,0.033019423,0.04595103,-8.855287
1514,2026-07-27,-0.24078442,-0.29315212,0.027130742,0.036549866,-8.8746395
7734,2026-07-27,-0.19363846,-0.1756773,0.021813048,0.024686106,-8.876778
1524,2026-07-27,-0.15270558,-0.18781853,0.0171096,0.019104961,-8.924618
4583,2026-07-27,-0.17912666,-0.20374145,0.019991655,0.021679753,-8.959623
6275,2026-07-27,-0.17617191,-0.28405046,0.01964694,0.02866742,-8.966432
1467,2026-07-27,-0.22714338,-0.15580304,0.025215616,0.030602729,-9.007687
5321,2026-07-27,-0.34332493,-0.39320004,0.038083762,0.0469789,-9.014759
8240,2026-07-27,-0.2790577,-0.39104134,0.03094815,0.035144024,-9.016651
7799,2026-07-27,-0.2917563,-0.31680697,0.032117467,0.031922143,-9.0837555
3228,2026-07-27,-0.16389123,-0.25700006,0.018040704,0.023629002,-9.084022
7786,2026-07-27,-0.21870823,-0.13061808,0.024062755,0.027337437,-9.088699
1587,2026-07-27,-0.12953578,-0.080722965,0.0141925,0.020472571,-9.126415
2374,2026-07-27,-0.3007702,-0.39393717,0.032925203,0.04231588,-9.134676
6727,2026-07-27,-0.4163585,-0.43539557,0.04526364,0.06955982,-9.198318
8054,2026-07-27,-0.20034215,-0.30174586,0.021777688,0.028475283,-9.199
7768,2026-07-27,-0.29737827,-0.286267,0.032178257,0.035831332,-9.241303
7711,2026-07-27,-0.16549172,-0.2626971,0.01786043,0.016604992,-9.265312
6418,2026-07-27,-0.32180694,-0.28822574,0.034659144,0.040722396,-9.28464
1444,2026-07-27,-0.43669587,-0.46721134,0.04702768,0.043975513,-9.285735
8039,2026-07-27,-0.18032068,-0.16803862,0.019342607,0.02808804,-9.321978
3450,2026-07-27,-0.30062115,-0.2547993,0.03217571,0.03205353,-9.342819
6680,2026-07-27,-0.18810183,-0.14551404,0.0200307,0.0186707,-9.390208
4188,2026-07-27,-0.27937168,-0.20317109,0.029703747,0.029695263,-9.40495
1536,2026-07-27,-0.32025227,-0.3800948,0.033916235,0.049871128,-9.442169
2601,2026-07-27,-0.20992282,-0.25750595,0.022017168,0.028905522,-9.534073
2023,2026-07-27,-0.2534808,-0.22449607,0.02657247,0.0303228,-9.538867
6291,2026-07-27,-0.23330508,-0.27670348,0.024433888,0.028145574,-9.548031
8455,2026-07-27,-0.29945233,-0.35345104,0.031300563,0.02802792,-9.5666895
5222,2026-07-27,-0.3901559,-0.43053696,0.04074257,0.04075822,-9.57589
6535,2026-07-27,-0.21271436,-0.32098165,0.022101607,0.022126103,-9.623949
3466,2026-07-27,-0.27998066,-0.3835539,0.028968437,0.033638168,-9.664691
6640,2026-07-27,-0.20079695,-0.19852823,0.020772805,0.026602553,-9.665872
3230,2026-07-27,-0.30868417,-0.3852513,0.031900823,0.04017688,-9.676067
8092,2026-07-27,-0.32411063,-0.37265435,0.033487145,0.040980607,-9.6783695
1447,2026-07-27,-0.4148059,-0.482967,0.04276687,0.05101613,-9.699008
6861,2026-07-27,-0.2315781,-0.33865815,0.023710335,0.029767822,-9.766557
2460,2026-07-27,-0.3268884,-0.41576397,0.03337191,0.03410559,-9.795023
4934,2026-07-27,-0.32540277,-0.4455129,0.03319737,0.043513197,-9.80177
1799,2026-07-27,-0.20804809,-0.14845452,0.021214124,0.022442315,-9.806593
7740,2026-07-27,-0.26865095,-0.30296746,0.027329907,0.02674349,-9.829566
4419,2026-07-27,-0.24473333,-0.22053614,0.024867889,0.030469384,-9.840943
6552,2026-07-27,-0.24288402,-0.30984285,0.024485582,0.03043844,-9.919065
6721,2026-07-27,-0.15211602,-0.09454736,0.015294479,0.016799977,-9.945162
1439,2026-07-27,-0.3034001,-0.3424015,0.030384663,0.039222516,-9.984975
7631,2026-07-27,-0.22715591,-0.19506173,0.022727381,0.030473346,-9.994372
4128,2026-07-27,-0.28489667,-0.33728632,0.028173588,0.03084724,-10.111831
3685,2026-07-27,-0.28577358,-0.29201776,0.028119117,0.02719558,-10.162602
2913,2026-07-27,-0.32826084,-0.37967104,0.032114144,0.036935482,-10.221373
3709,2026-07-27,-0.36438385,-0.2996169,0.035582826,0.041617602,-10.240154
6226,2026-07-27,-0.30404833,-0.4051714,0.0296518,0.040114906,-10.2536125
8431,2026-07-27,-0.4348351,-0.5133482,0.042093,0.050238557,-10.330097
6492,2026-07-27,-0.16680549,-0.0754538,0.016138013,0.01948599,-10.335545
6969,2026-07-27,-0.25645432,-0.20473246,0.024782088,0.027038217,-10.347957
6908,2026-07-27,-0.2962438,-0.27842197,0.028626116,0.033378355,-10.348363
2314,2026-07-27,-0.28681532,-0.33417118,0.02768386,0.034278043,-10.360006
6160,2026-07-27,-0.29968753,-0.31684968,0.028878493,0.033145506,-10.377174
6210,2026-07-27,-0.25174645,-0.24100097,0.024113331,0.028039264,-10.439703
1316,2026-07-27,-0.2851743,-0.29195628,0.027090978,0.033566855,-10.526154
6925,2026-07-27,-0.2986303,-0.30577356,0.028253425,0.039034337,-10.569328
8450,2026-07-27,-0.34040776,-0.34646136,0.03197188,0.032637186,-10.646767
3272,2026-07-27,-0.32015064,-0.3408824,0.029953107,0.035890266,-10.688038
1435,2026-07-27,-0.28300723,-0.35495007,0.026150716,0.031489495,-10.821746
3049,2026-07-27,-0.2604965,-0.4131317,0.023965813,0.037769295,-10.86905
3686,2026-07-27,-0.2472923,-0.22594166,0.022722239,0.022554269,-10.882792
6922,2026-07-27,-0.28349954,-0.26205844,0.025624663,0.032561976,-11.06311
6803,2026-07-27,-0.20350118,-0.1395317,0.018390262,0.018698622,-11.065101
1515,2026-07-27,-0.32198074,-0.33475754,0.029021606,0.03641065,-11.094136
7818,2026-07-27,-0.18874954,-0.15433031,0.016829774,0.01168183,-11.214549
1609,2026-07-27,-0.4428372,-0.53879666,0.0392953,0.0644651,-11.269183
6789,2026-07-27,-0.3792305,-0.44340047,0.033551853,0.03897702,-11.302482
6469,2026-07-27,-0.33244476,-0.38371286,0.029268546,0.02938181,-11.358043
6152,2026-07-27,-0.35181516,-0.37599963,0.030860119,0.04565259,-11.399948
4542,2026-07-27,-0.30875257,-0.44936532,0.026987681,0.041365594,-11.440076
5251,2026-07-27,-0.41935533,-0.5399294,0.036581077,0.047432516,-11.46341
8038,2026-07-27,-0.28834426,-0.37885433,0.025035087,0.029116375,-11.517146
4171,2026-07-27,-0.2902627,-0.14688557,0.024901278,0.03336512,-11.65607
7772,2026-07-27,-0.20814545,-0.19012465,0.017626846,0.015304476,-11.807764
6934,2026-07-27,-0.3441621,-0.49800605,0.029127533,0.04019691,-11.815291
3576,2026-07-27,-0.2380614,-0.29762235,0.019889068,0.027700389,-11.968858
6782,2026-07-27,-0.24712886,-0.19065514,0.02038022,0.027803745,-12.125322
3508,2026-07-27,-0.36153018,-0.37040398,0.029106926,0.022651456,-12.420335
4174,2026-07-27,-0.4472163,-0.36106223,0.035056077,0.032259297,-12.756805
6117,2026-07-27,-0.20135184,-0.25617057,0.015706088,0.025226358,-12.81917
7728,2026-07-27,-0.2856184,-0.26721913,0.02218177,0.025319926,-12.875687
2349,2026-07-27,-0.7316606,-0.72430557,0.05625127,0.06513576,-13.006776
6983,2026-07-27,-0.29034603,-0.27516666,0.022164045,0.02393327,-13.099276
2740,2026-07-27,-0.24757257,-0.16078529,0.018453697,0.021264974,-13.415153
4943,2026-07-27,-0.3513689,-0.30355605,0.024595007,0.026120698,-14.285607
6141,2026-07-27,-0.3706316,-0.4353395,0.025722485,0.03784332,-14.408297
2208,2026-07-27,-0.40822142,-0.36518136,0.028147256,0.029004727,-14.502547
9955,2026-07-27,-0.40364873,-0.31911495,0.027330084,0.03426207,-14.768852
6144,2026-07-27,-0.338726,-0.29724696,0.021189576,0.025436258,-15.984748
3710,2026-07-27,-0.33137837,-0.32350197,0.02055847,0.027668895,-16.11804
