stock_id,Date,Score_20d,Score_60d,Unc_20d,Unc_60d,SQ_20d
3293,2026-08-18,0.26093107,0.27568942,0.0154908905,0.02170724,16.843075
6789,2026-08-18,0.17541179,0.20426655,0.012729658,0.016754663,13.77869
3030,2026-08-18,0.22698209,0.1397941,0.01682732,0.019133395,13.488101
1268,2026-08-18,0.1688151,0.10127973,0.013394974,0.013577221,12.601928
6227,2026-08-18,0.18449682,0.104402035,0.0147770895,0.02025351,12.484484
6982,2026-08-18,0.14249079,0.12217355,0.011468475,0.013972845,12.42348
1476,2026-08-18,0.16095035,0.15354827,0.013098457,0.01282166,12.286796
3592,2026-08-18,0.19465761,0.11617536,0.015999157,0.01500274,12.165981
3593,2026-08-18,0.22674721,0.10537584,0.01980015,0.020175569,11.451214
2816,2026-08-18,0.12690407,0.13829163,0.01156185,0.014040976,10.975155
3014,2026-08-18,0.20974657,0.17365763,0.019159915,0.016634798,10.946584
3533,2026-08-18,0.13368684,0.09429637,0.012365288,0.014513761,10.810587
3086,2026-08-18,0.16712163,0.16900389,0.015718482,0.017047789,10.631497
8464,2026-08-18,0.110893846,0.14096484,0.010474933,0.012153211,10.585581
4305,2026-08-18,0.14002742,0.10286024,0.01344603,0.015041684,10.4132595
3044,2026-08-18,0.1590949,0.12226664,0.015373804,0.020973878,10.347768
1777,2026-08-18,0.1333718,0.10528794,0.012958685,0.0149923125,10.291284
5609,2026-08-18,0.12746792,0.117813304,0.012556191,0.0130455075,10.15099
6691,2026-08-18,0.1501913,0.14939862,0.0149247525,0.015242303,10.062562
3227,2026-08-18,0.16862349,0.089316495,0.017436821,0.023761222,9.669987
3557,2026-08-18,0.14075658,0.14007132,0.014763822,0.015991855,9.533239
5288,2026-08-18,0.11149401,0.10351334,0.011721314,0.01476908,9.511263
6573,2026-08-18,0.18933694,0.25787592,0.02006186,0.03127694,9.437186
5272,2026-08-18,0.1124711,0.04580697,0.0121220285,0.0184679,9.277475
3611,2026-08-18,0.13446495,0.061358467,0.01449917,0.012325629,9.273336
6264,2026-08-18,0.1262059,0.14177129,0.013609812,0.018696114,9.272474
3661,2026-08-18,0.09657793,0.07648193,0.010448541,0.012230174,9.242313
0061,2026-08-18,0.14950348,0.16483097,0.016199276,0.017748104,9.228453
6023,2026-08-18,0.15000735,0.1554256,0.016377613,0.016710391,9.158733
2459,2026-08-18,0.12841272,0.106678136,0.014026552,0.016529437,9.154322
2486,2026-08-18,0.3150337,0.2404078,0.034531068,0.036552455,9.122932
1539,2026-08-18,0.10810461,0.1072059,0.011996587,0.014224965,9.0105295
1817,2026-08-18,0.1206514,0.0996357,0.013561441,0.016139569,8.895994
4107,2026-08-18,0.09267399,0.042695794,0.010559887,0.0140389865,8.775208
6951,2026-08-18,0.13559207,0.11417588,0.015644606,0.018229399,8.666463
1342,2026-08-18,0.15223603,0.15512523,0.017770581,0.02198054,8.566262
3596,2026-08-18,0.18645494,0.16375424,0.02189602,0.02393651,8.515082
2727,2026-08-18,0.11068641,0.042896803,0.013123439,0.014707288,8.433611
2535,2026-08-18,0.09695692,0.1284321,0.011521552,0.013506912,8.4145355
5209,2026-08-18,0.10394984,0.031551678,0.012363755,0.014745413,8.406946
8069,2026-08-18,0.17037947,0.14981136,0.020415785,0.01785013,8.345069
2832,2026-08-18,0.13129659,0.15348734,0.015911767,0.016568972,8.251021
1264,2026-08-18,0.10911013,0.022959523,0.013246593,0.015881753,8.236223
4126,2026-08-18,0.14561623,0.09371816,0.017727492,0.016081285,8.213684
3465,2026-08-18,0.1282002,0.08488776,0.015687406,0.015349242,8.171653
6661,2026-08-18,0.12776333,0.15628658,0.015739605,0.016037954,8.116799
2527,2026-08-18,0.16100743,0.08712969,0.019983124,0.026704285,8.056767
6515,2026-08-18,0.11524038,0.051052015,0.014306131,0.013332836,8.054751
5234,2026-08-18,0.12409537,0.07097698,0.015411661,0.019600414,8.051521
1537,2026-08-18,0.116053,0.08871487,0.014413763,0.013246046,8.050982
2605,2026-08-18,0.10326101,0.116828784,0.013030857,0.016057003,7.923737
2752,2026-08-18,0.10151779,0.03621286,0.012953622,0.015246894,7.8364143
8176,2026-08-18,0.0911855,0.007869279,0.011663213,0.0121053895,7.817544
4506,2026-08-18,0.1172392,0.1221614,0.015031128,0.014455517,7.7992415
6229,2026-08-18,0.14986207,0.12884402,0.019321721,0.019408105,7.7557435
2414,2026-08-18,0.11326667,0.111347795,0.0147141935,0.016063765,7.69726
6015,2026-08-18,0.1372403,0.14796172,0.017990043,0.02031244,7.6282573
3529,2026-08-18,0.10400722,0.107820615,0.013658931,0.017802687,7.614037
5904,2026-08-18,0.17924884,0.11811041,0.023569416,0.0260688,7.6048226
8024,2026-08-18,0.13540824,0.15550712,0.017838465,0.017701186,7.5903754
1593,2026-08-18,0.1445048,0.106457986,0.019039867,0.020922739,7.589192
8481,2026-08-18,0.15488201,0.10466037,0.020780036,0.026196476,7.453046
4961,2026-08-18,0.168918,0.10105239,0.022770783,0.021914477,7.4178643
1788,2026-08-18,0.10655299,0.03982078,0.014365645,0.015013918,7.4166923
6542,2026-08-18,0.107963435,0.0857281,0.014634622,0.019253662,7.376757
4766,2026-08-18,0.11130367,-0.0015529698,0.015111504,0.0133353,7.365005
7749,2026-08-18,0.10938584,-0.03517515,0.014911572,0.011810221,7.335142
5274,2026-08-18,0.10978808,0.12003104,0.014999211,0.014276423,7.3191023
4535,2026-08-18,0.104286306,0.071479,0.014325184,0.017160712,7.2794194
2726,2026-08-18,0.08994773,0.0668139,0.012407655,0.012539952,7.24879
5355,2026-08-18,0.12138775,0.109852806,0.016793441,0.02216263,7.227853
9944,2026-08-18,0.09745394,0.12095097,0.013546727,0.019333359,7.1933794
2207,2026-08-18,0.12872852,0.13875057,0.01794372,0.021706492,7.173616
0051,2026-08-18,0.16514984,0.13321838,0.023084342,0.031404417,7.153883
2421,2026-08-18,0.14271298,0.0913465,0.020109834,0.021733103,7.096323
2488,2026-08-18,0.09312738,0.08357337,0.013155194,0.015749728,7.0785956
4123,2026-08-18,0.1487538,0.095599174,0.021029241,0.018553905,7.0733285
2474,2026-08-18,0.09618547,0.10476857,0.01362321,0.015375991,7.059893
9905,2026-08-18,0.10862687,0.115911804,0.015414136,0.016450128,7.0467668
3709,2026-08-18,0.13990238,0.03159934,0.019921817,0.016764885,7.0222187
6739,2026-08-18,0.13836932,0.075333826,0.019718101,0.019259324,7.0170197
7708,2026-08-18,0.15268983,0.10924361,0.021882271,0.024112044,6.977468
8299,2026-08-18,0.10277421,0.032863736,0.014749016,0.015428154,6.967736
3010,2026-08-18,0.09407914,0.07574487,0.013555164,0.01505596,6.9399524
8081,2026-08-18,0.08837649,0.020080468,0.012734551,0.014320272,6.9393535
6223,2026-08-18,0.08698954,0.047291055,0.012552161,0.012821708,6.929692
1519,2026-08-18,0.14537863,0.1904528,0.021052398,0.020698436,6.905234
3264,2026-08-18,0.13126515,0.06886304,0.019113809,0.024667675,6.8671966
6988,2026-08-18,0.09304608,0.08486317,0.013600598,0.016854124,6.8408194
2850,2026-08-18,0.11566702,0.16652173,0.016930435,0.017668998,6.8314953
6679,2026-08-18,0.08624873,-0.055772815,0.012807055,0.015182862,6.7339444
4807,2026-08-18,0.13339405,0.1358251,0.019841515,0.020662986,6.722638
1726,2026-08-18,0.104303844,0.084888354,0.01563243,0.018811282,6.6718464
2731,2026-08-18,0.057123724,0.0009882275,0.0085691055,0.012132448,6.665463
6667,2026-08-18,0.083255656,-0.029937617,0.012537163,0.014373059,6.6401796
8930,2026-08-18,0.084072225,0.036506034,0.012686472,0.012657154,6.6263967
6121,2026-08-18,0.1304726,0.13341403,0.019720288,0.017518567,6.6158257
2369,2026-08-18,0.1537034,0.1075427,0.02332196,0.033171576,6.5902185
7743,2026-08-18,0.100152135,0.05972565,0.0152232405,0.017390182,6.578465
8016,2026-08-18,0.09359587,0.03404014,0.014257295,0.017183878,6.56431
6664,2026-08-18,0.10700704,-0.011129064,0.016408933,0.016110368,6.5208697
2753,2026-08-18,0.069752686,0.003639389,0.01074312,0.011766332,6.492173
6177,2026-08-18,0.11067524,0.08572817,0.01708699,0.0191261,6.4767847
3209,2026-08-18,0.122192666,0.04676663,0.018884223,0.016348336,6.470279
5403,2026-08-18,0.07118692,0.02702413,0.011055925,0.010217612,6.4382205
3702,2026-08-18,0.102150634,0.0825274,0.01598031,0.015294835,6.3918805
1213,2026-08-18,0.11731339,0.06960799,0.018434832,0.017417934,6.363336
0055,2026-08-18,0.119182065,0.14610983,0.018836001,0.019212516,6.327019
4527,2026-08-18,0.079561345,0.044521607,0.012650154,0.014202987,6.288861
3130,2026-08-18,0.08272035,0.038193338,0.013177042,0.012602687,6.277135
2433,2026-08-18,0.08819556,0.05461801,0.014072648,0.014150767,6.2667165
2388,2026-08-18,0.102243766,0.046091046,0.016318483,0.021277454,6.265135
2067,2026-08-18,0.07985668,0.059657168,0.012760072,0.012116663,6.2578344
6670,2026-08-18,0.09025052,0.06040959,0.014424254,0.017157827,6.256425
4966,2026-08-18,0.1386219,0.034899823,0.022243269,0.020978563,6.231803
4904,2026-08-18,0.113571405,0.13635466,0.018224142,0.020350546,6.2315784
8435,2026-08-18,0.13519783,0.08715744,0.021900551,0.019498983,6.17298
5464,2026-08-18,0.15698427,0.044713505,0.025456138,0.025704177,6.166611
8277,2026-08-18,0.08288734,0.089586735,0.013513305,0.013826759,6.1333036
5536,2026-08-18,0.09783526,0.055195086,0.015959937,0.01382026,6.1296687
2912,2026-08-18,0.1244469,0.16609925,0.020306421,0.022987913,6.1281486
8390,2026-08-18,0.097381786,-0.0037736967,0.015954096,0.012407104,6.103491
7728,2026-08-18,0.095964335,0.048821438,0.015748167,0.014828612,6.0932956
1808,2026-08-18,0.27930444,0.36368868,0.045838676,0.054021288,6.093072
8021,2026-08-18,0.22097185,0.19209495,0.03626758,0.040817123,6.092653
5533,2026-08-18,0.072404854,0.07209843,0.011932853,0.013409074,6.0671816
6781,2026-08-18,0.11101887,0.09587983,0.018356645,0.01922518,6.0475545
5478,2026-08-18,0.07509799,0.076198496,0.012420989,0.012354085,6.045569
6216,2026-08-18,0.09218939,0.06719691,0.015345807,0.017030858,6.0070724
6803,2026-08-18,0.07053288,0.016951017,0.011784707,0.011824229,5.9846115
8284,2026-08-18,0.0669928,0.0029244472,0.01119676,0.015208463,5.982696
6996,2026-08-18,0.13666229,0.050514903,0.02304529,0.018975992,5.929904
4973,2026-08-18,0.10326966,-0.030946735,0.01749863,0.019594913,5.9012485
1472,2026-08-18,0.07146187,0.0076872436,0.012119361,0.0144134,5.896018
8941,2026-08-18,0.08307983,0.04359757,0.014109838,0.014477787,5.887661
7767,2026-08-18,0.10248707,0.0816173,0.01741172,0.016541043,5.885759
2444,2026-08-18,0.085510045,0.031353943,0.01464375,0.017754829,5.8389554
2404,2026-08-18,0.08561101,0.07509669,0.01472206,0.016583985,5.8147564
3419,2026-08-18,0.07502039,0.069492914,0.012953349,0.016199093,5.791135
6183,2026-08-18,0.0645889,0.03508414,0.011170652,0.014056432,5.7814994
2908,2026-08-18,0.07849438,0.076975666,0.013580728,0.012759537,5.77941
8446,2026-08-18,0.054221056,0.00535111,0.009412016,0.011430155,5.7602215
4432,2026-08-18,0.11206711,0.080323555,0.019518398,0.020805925,5.74132
2852,2026-08-18,0.116820745,0.12985846,0.020369366,0.01965973,5.734838
6189,2026-08-18,0.07591901,0.036403652,0.013241051,0.012575171,5.733176
3213,2026-08-18,0.09163621,0.050955422,0.015983807,0.01823428,5.7327065
3526,2026-08-18,0.112528615,0.018438557,0.019719554,0.018186418,5.7061586
5876,2026-08-18,0.1369854,0.16014458,0.024054954,0.023335107,5.694449
5543,2026-08-18,0.12394403,0.100747876,0.021851804,0.031021016,5.6717677
3217,2026-08-18,0.0881761,0.015161062,0.015573423,0.016546646,5.6615963
4946,2026-08-18,0.06899468,-0.047936406,0.012189191,0.016399754,5.659852
6154,2026-08-18,0.07049494,0.027053723,0.012468741,0.015355284,5.6532803
6192,2026-08-18,0.082048066,0.019685093,0.014633013,0.012346498,5.606669
5871,2026-08-18,0.11105798,0.1105699,0.019981695,0.015436262,5.557708
6947,2026-08-18,0.08718934,0.11332188,0.01571345,0.0187316,5.5483546
4104,2026-08-18,0.061564088,0.039112587,0.011115072,0.009937072,5.538295
3494,2026-08-18,0.07983699,0.03798516,0.014449979,0.01583486,5.5246763
6735,2026-08-18,0.110487744,0.013684013,0.020038925,0.022890607,5.513381
6903,2026-08-18,0.08284345,-0.1127472,0.015089258,0.02194869,5.4898634
7716,2026-08-18,0.08382736,0.038570814,0.015291802,0.017206151,5.4814916
5388,2026-08-18,0.08906557,0.06255708,0.016283443,0.017135832,5.469365
6474,2026-08-18,0.089685075,0.042626437,0.016537383,0.016880807,5.422844
6026,2026-08-18,0.104915574,0.09495902,0.019436516,0.023933617,5.397581
1737,2026-08-18,0.06745448,0.064999156,0.01252188,0.016126651,5.386499
2885,2026-08-18,0.10736472,0.10170006,0.019936748,0.023947062,5.3849974
3499,2026-08-18,0.07688308,0.053308006,0.014281954,0.018024754,5.3828554
6568,2026-08-18,0.07675271,-0.0817431,0.0143091045,0.018874297,5.363532
4915,2026-08-18,0.07908621,0.08411033,0.014751748,0.017015006,5.360778
6160,2026-08-18,0.08135174,0.06977036,0.015193641,0.018193748,5.353976
4207,2026-08-18,0.061666958,0.030578058,0.011675481,0.013090143,5.2812963
8087,2026-08-18,0.07571383,0.00312416,0.014372507,0.020051982,5.267596
3432,2026-08-18,0.07651685,0.02093062,0.014549079,0.018741934,5.2588615
1471,2026-08-18,0.09185178,0.10208225,0.017502917,0.01990841,5.2474985
8059,2026-08-18,0.09664142,0.018199049,0.018511964,0.014560676,5.2202024
4764,2026-08-18,0.09009636,-0.0027053268,0.017359836,0.018818954,5.1896324
3490,2026-08-18,0.11077407,0.065616705,0.021435793,0.021186605,5.167474
2458,2026-08-18,0.067293644,0.029396744,0.013068129,0.013537226,5.149053
3005,2026-08-18,0.0813448,0.102447554,0.01580049,0.01719782,5.1479197
8942,2026-08-18,0.055577714,0.051003344,0.010824094,0.0129524,5.1341553
3413,2026-08-18,0.079400204,0.0071253153,0.0154690575,0.015966997,5.1325088
1477,2026-08-18,0.07754218,0.05821549,0.015115458,0.013324007,5.1296525
5529,2026-08-18,0.10999794,0.11053146,0.02194845,0.024269123,5.0114217
3491,2026-08-18,0.0997406,0.03756225,0.020100009,0.018346114,4.96197
3131,2026-08-18,0.06048344,-0.012794026,0.012195955,0.01203849,4.9588966
6609,2026-08-18,0.069804095,0.08826564,0.014140452,0.017667457,4.9361334
3679,2026-08-18,0.053681873,0.013553682,0.010890726,0.012612104,4.9286838
6877,2026-08-18,0.109947585,0.08669049,0.022365997,0.023454767,4.915617
6170,2026-08-18,0.07437904,0.056288067,0.015174613,0.020739233,4.9012213
6605,2026-08-18,0.06965848,0.047846396,0.014232679,0.014179752,4.8939195
1586,2026-08-18,0.07929349,0.03409942,0.01629867,0.018700592,4.8647294
6894,2026-08-18,0.05529007,-0.08613253,0.011371674,0.013164794,4.8616595
3023,2026-08-18,0.06782709,0.07672726,0.014016009,0.014388264,4.838913
5356,2026-08-18,0.07434719,0.047214318,0.015421533,0.013600827,4.820686
8383,2026-08-18,0.094973646,0.025758673,0.019741705,0.01817601,4.8105693
4583,2026-08-18,0.08075125,-0.0035648635,0.016854737,0.01389179,4.7907276
1512,2026-08-18,0.061166987,0.041346516,0.012831155,0.009870392,4.7666965
1731,2026-08-18,0.07119032,0.012229967,0.014961711,0.013680033,4.7578487
4995,2026-08-18,0.06489022,0.039981302,0.013671373,0.017747683,4.7460833
2412,2026-08-18,0.06711246,0.07231423,0.01416424,0.016282164,4.7378273
6263,2026-08-18,0.06833053,-0.032793283,0.014461484,0.015382329,4.724674
5547,2026-08-18,0.0653691,0.056173027,0.013861702,0.01763985,4.715466
4770,2026-08-18,0.05780537,-0.013818237,0.012343584,0.013722901,4.6826506
4582,2026-08-18,0.09123818,-0.012521158,0.019502617,0.022220427,4.678013
5516,2026-08-18,0.10721148,0.09543998,0.022959687,0.025245681,4.6693497
3380,2026-08-18,0.07080415,0.0594404,0.015192287,0.0113220755,4.660226
6234,2026-08-18,0.09767617,0.02880413,0.021049695,0.022690319,4.640045
6140,2026-08-18,0.05360357,-0.034108113,0.011576021,0.01489746,4.6301694
5434,2026-08-18,0.056509495,0.07579083,0.012209542,0.01292907,4.627927
4111,2026-08-18,0.06504084,0.035816256,0.014078875,0.015086075,4.619419
0052,2026-08-18,0.090690725,0.16568372,0.019640738,0.022393273,4.617245
1722,2026-08-18,0.05570457,0.05696017,0.012090199,0.016312933,4.6070347
6412,2026-08-18,0.07677363,0.03916317,0.01666806,0.013368186,4.605756
1102,2026-08-18,0.057073496,0.10725672,0.012536155,0.01669913,4.552348
6104,2026-08-18,0.088735595,-0.029481506,0.019944634,0.016964253,4.448873
2329,2026-08-18,0.053289246,-0.03859102,0.012013992,0.019257784,4.4352293
9912,2026-08-18,0.06558307,0.040371902,0.014787516,0.017314866,4.43473
8455,2026-08-18,0.07753779,0.030282175,0.017505746,0.026018016,4.4290233
6983,2026-08-18,0.07081894,-0.046895497,0.016066976,0.020512057,4.4074583
6510,2026-08-18,0.068774775,0.027363546,0.015635211,0.015002148,4.3984294
1216,2026-08-18,0.07954233,0.08998061,0.018099312,0.016684487,4.3945284
3088,2026-08-18,0.09592579,0.013097908,0.021970585,0.019414457,4.3659024
6908,2026-08-18,0.04821776,0.03083614,0.011055132,0.016233074,4.3611774
3467,2026-08-18,0.055989243,-0.06390355,0.012898617,0.022211391,4.34038
2534,2026-08-18,0.06930184,0.10902634,0.015968105,0.017726358,4.339745
2426,2026-08-18,0.12281381,0.1255266,0.028505329,0.031028626,4.3083
4953,2026-08-18,0.052585773,-0.0018952519,0.012221886,0.012319527,4.3022385
1418,2026-08-18,0.07039526,0.11672918,0.016433071,0.022796897,4.283495
2385,2026-08-18,0.05007714,0.029597927,0.011713656,0.014066993,4.2747426
6138,2026-08-18,0.056659088,-0.0031583617,0.013266887,0.013076035,4.270393
4749,2026-08-18,0.07031546,0.024476506,0.01646653,0.017809972,4.2699456
6581,2026-08-18,0.048411295,0.00921454,0.011349574,0.012909902,4.2650967
3033,2026-08-18,0.08757469,0.054104496,0.020543396,0.02103241,4.2627044
4536,2026-08-18,0.060779978,0.05819349,0.014266503,0.015913526,4.260029
6625,2026-08-18,0.061910085,0.021990636,0.014532217,0.016815864,4.2599025
6115,2026-08-18,0.05565439,0.048955992,0.013068962,0.010320339,4.2581906
6231,2026-08-18,0.049406312,-0.056449905,0.011621548,0.011670502,4.250902
6165,2026-08-18,0.056729253,0.030793345,0.013366881,0.014625023,4.243698
1773,2026-08-18,0.06836985,0.0043417118,0.016147563,0.01651666,4.2338037
6561,2026-08-18,0.044098567,0.005614112,0.010434083,0.011409161,4.2259912
6509,2026-08-18,0.080040574,-0.0022415258,0.018981544,0.016659506,4.2165356
4979,2026-08-18,0.097057804,0.038197156,0.02315238,0.02672139,4.19195
2838,2026-08-18,0.05213619,0.13540898,0.012469396,0.011994627,4.1807966
2537,2026-08-18,0.08250234,0.11922663,0.019733656,0.017997473,4.1805816
3218,2026-08-18,0.07214197,-0.011807381,0.017295675,0.013651501,4.1708574
1339,2026-08-18,0.054156426,0.00363398,0.012993141,0.011661966,4.167757
3715,2026-08-18,0.11585086,0.15546308,0.027805084,0.032234956,4.166385
4529,2026-08-18,0.10135064,0.09760297,0.024519952,0.027920473,4.1332264
2480,2026-08-18,0.049550902,0.049319107,0.012066711,0.014737303,4.106073
1468,2026-08-18,0.057328805,0.09454484,0.013963904,0.017084954,4.1052055
3259,2026-08-18,0.06478352,-0.009404439,0.015781278,0.020274824,4.104827
3680,2026-08-18,0.07457757,0.008700911,0.018189305,0.018579815,4.0998526
3349,2026-08-18,0.04961661,0.049694594,0.012115651,0.01408211,4.094911
7768,2026-08-18,0.037795026,-0.06758159,0.0092467535,0.01235085,4.0869412
6962,2026-08-18,0.065449506,0.059414275,0.016117804,0.01650171,4.0604444
5015,2026-08-18,0.067430496,0.08974318,0.016607009,0.019936735,4.060119
3211,2026-08-18,0.111244746,0.11123049,0.027436998,0.030333651,4.0544047
4771,2026-08-18,0.040857088,-0.025259875,0.010142668,0.012610095,4.0278416
3303,2026-08-18,0.05118058,0.015296473,0.012733401,0.016422426,4.01908
3711,2026-08-18,0.09322392,0.068698645,0.023254069,0.020907428,4.008757
2402,2026-08-18,0.058370743,0.0075093554,0.014588956,0.016181218,4.000748
2493,2026-08-18,0.21647267,0.2543724,0.054424576,0.054121498,3.9774072
6936,2026-08-18,0.046649512,-0.0029254018,0.011901282,0.014762121,3.9193754
6844,2026-08-18,0.057329077,0.058572974,0.01469355,0.015209184,3.9013836
3290,2026-08-18,0.05803775,-0.0069076875,0.014889049,0.014299285,3.897754
4772,2026-08-18,0.044237327,-0.09760436,0.01135559,0.017708264,3.8953001
6190,2026-08-18,0.07188482,-0.018561713,0.018461622,0.013639717,3.8935323
9925,2026-08-18,0.058386542,0.08503204,0.015127191,0.018880134,3.8594527
6143,2026-08-18,0.04448251,-0.063601665,0.011554095,0.016775943,3.8496015
7713,2026-08-18,0.053077675,0.0021970714,0.013866674,0.0139550455,3.8274388
6949,2026-08-18,0.06251035,0.046705827,0.016375108,0.01756048,3.8171675
1783,2026-08-18,0.040053956,0.010312498,0.010603001,0.013466304,3.777249
3163,2026-08-18,0.099952474,0.056331184,0.026534822,0.027874403,3.7666998
3164,2026-08-18,0.04728844,-0.034647718,0.012585476,0.012309846,3.7570834
2702,2026-08-18,0.04638302,0.010371184,0.012437532,0.012188415,3.7289786
7610,2026-08-18,0.056313373,-0.047892716,0.01516435,0.0177138,3.713292
5525,2026-08-18,0.14563471,0.19386654,0.039343614,0.039697614,3.701516
6535,2026-08-18,0.05540235,0.0061081927,0.015043216,0.016132195,3.6826346
2353,2026-08-18,0.08263963,0.14274743,0.022654941,0.022609076,3.6475918
3034,2026-08-18,0.051102087,0.05407168,0.014143263,0.017731503,3.6129196
8424,2026-08-18,0.05595996,0.0010331708,0.015495398,0.016961925,3.611159
3228,2026-08-18,0.058494013,0.01068663,0.016330108,0.014886267,3.581754
1712,2026-08-18,0.048592553,0.013323661,0.013710828,0.014244387,3.543842
3285,2026-08-18,0.05199985,0.06844661,0.014838094,0.015699202,3.5042467
3581,2026-08-18,0.06652132,-0.02929088,0.019123508,0.02117338,3.4783282
2484,2026-08-18,0.08588196,0.06828274,0.024730219,0.024797201,3.4726136
6788,2026-08-18,0.075738445,-0.092352964,0.02183337,0.019133609,3.4687717
5534,2026-08-18,0.07811039,0.12383027,0.022673028,0.02440515,3.444928
1591,2026-08-18,0.069334425,-0.02298973,0.02036586,0.026551314,3.4042766
6560,2026-08-18,0.048115768,-0.008800326,0.014152064,0.017361658,3.3996713
4933,2026-08-18,0.078560926,0.009321212,0.023190118,0.02792962,3.3875437
2115,2026-08-18,0.04076232,0.034675863,0.01207302,0.015344017,3.3760352
8432,2026-08-18,0.038289938,-0.004369689,0.0113433795,0.012600937,3.3752341
8034,2026-08-18,0.074122936,0.0015930724,0.0219735,0.02533931,3.3731341
3058,2026-08-18,0.046975113,0.033623863,0.013973982,0.01679036,3.361372
4924,2026-08-18,0.042313423,0.0064641363,0.012587186,0.018176494,3.3613598
1730,2026-08-18,0.055510964,0.037582375,0.016524341,0.014209371,3.3591418
9958,2026-08-18,0.05920815,0.028830992,0.017678868,0.018790673,3.3489022
2406,2026-08-18,0.088125005,-0.0046966313,0.026360631,0.0270683,3.342927
2880,2026-08-18,0.07482823,0.10719116,0.022483248,0.022981899,3.328029
8926,2026-08-18,0.09387515,0.187798,0.02821397,0.037346844,3.3271396
1734,2026-08-18,0.058311917,0.05285256,0.017586136,0.018192213,3.3156004
5016,2026-08-18,0.03802677,0.028495712,0.011478442,0.014381506,3.3125973
9945,2026-08-18,0.08402736,0.11792444,0.025369965,0.022524195,3.3119497
2383,2026-08-18,0.054498833,0.056823917,0.01645848,0.013138614,3.3110907
2889,2026-08-18,0.0732925,0.10786807,0.022181947,0.02506089,3.304002
4534,2026-08-18,0.054473504,0.0019824752,0.016668843,0.022911228,3.2677875
3512,2026-08-18,0.09569133,0.09393393,0.029386949,0.026425293,3.256142
1760,2026-08-18,0.04064346,0.032833084,0.012491094,0.014233704,3.2535346
2423,2026-08-18,0.04875749,0.032898687,0.015055113,0.018274017,3.238385
2506,2026-08-18,0.06062669,0.08730832,0.018728891,0.018378096,3.2368948
6968,2026-08-18,0.07124348,0.008583446,0.022105567,0.028539952,3.2227292
1256,2026-08-18,0.05040753,-0.039469905,0.015681878,0.017319951,3.214176
5484,2026-08-18,0.050419696,0.031437144,0.01570893,0.019907812,3.2094154
2937,2026-08-18,0.035292108,0.022334227,0.011000553,0.014803844,3.2079203
6214,2026-08-18,0.05137708,0.041484,0.016015433,0.023955904,3.207773
3402,2026-08-18,0.046833977,-0.024680972,0.01468178,0.01406113,3.1897213
2305,2026-08-18,0.06410589,0.048128344,0.02011477,0.024037048,3.1868474
6281,2026-08-18,0.046302725,0.00609093,0.014560351,0.012838892,3.179837
6556,2026-08-18,0.038777772,0.0014401719,0.012195778,0.016996311,3.1793456
5289,2026-08-18,0.046591565,-0.083425745,0.014691796,0.01394987,3.1710482
5345,2026-08-18,0.15843137,0.27822196,0.0503161,0.057121567,3.1486588
9927,2026-08-18,0.058112383,0.0052129845,0.018509004,0.014782175,3.139512
4153,2026-08-18,0.04466264,0.03101716,0.014355475,0.014711271,3.1109753
5251,2026-08-18,0.06324682,-0.04323219,0.02048655,0.021860125,3.0870852
3376,2026-08-18,0.053756986,-0.02512602,0.017435364,0.016674582,3.0830386
1229,2026-08-18,0.035799343,0.08245722,0.011615561,0.014087531,3.0817504
4105,2026-08-18,0.04886889,0.053323667,0.015898354,0.0172564,3.0736399
5353,2026-08-18,0.049400847,0.010625049,0.016088814,0.013674258,3.0703182
0057,2026-08-18,0.06656309,-0.092830546,0.021715175,0.03347967,3.0651388
4116,2026-08-18,0.038720068,0.0013557873,0.012698912,0.011561846,3.0488453
5511,2026-08-18,0.04032756,0.061166685,0.013250894,0.014954398,3.0431545
3356,2026-08-18,0.033499237,-0.016130948,0.011164883,0.013401192,3.000142
3483,2026-08-18,0.046467654,-0.02571125,0.015574334,0.02153663,2.983413
8049,2026-08-18,0.04627915,-0.0036302744,0.015561809,0.017792458,2.9737017
7715,2026-08-18,0.048270036,-0.028373519,0.016244117,0.019494165,2.9713566
8101,2026-08-18,0.05520989,-0.03563213,0.01864947,0.016563404,2.960241
3570,2026-08-18,0.043625545,-0.025738573,0.014783375,0.016334364,2.950787
6114,2026-08-18,0.04509844,-0.013918454,0.015343976,0.015055162,2.9389708
2420,2026-08-18,0.049016077,0.008446961,0.016699554,0.018195394,2.9349968
6491,2026-08-18,0.031095618,0.00020581136,0.010595641,0.0118626,2.9344788
2352,2026-08-18,0.05049759,0.060557477,0.0172122,0.015845178,2.9336548
2114,2026-08-18,0.036035117,0.019526089,0.012301426,0.013215235,2.9291065
2424,2026-08-18,0.045958076,0.021916125,0.015710194,0.01860059,2.9251804
1419,2026-08-18,0.03677012,-0.037273344,0.012569446,0.013432664,2.9251244
6123,2026-08-18,0.032760784,-0.024573864,0.011263064,0.013509406,2.9084337
6217,2026-08-18,0.1288596,-0.00369534,0.04432522,0.051946133,2.907074
5439,2026-08-18,0.047058463,-0.09257367,0.016242485,0.018939165,2.8970668
5475,2026-08-18,0.069232486,-0.04755283,0.023909591,0.029105008,2.8954737
8928,2026-08-18,0.039377496,0.0016386054,0.01362526,0.013921919,2.8898242
2887,2026-08-18,0.049993467,0.10814174,0.017339716,0.020615665,2.8830106
3016,2026-08-18,0.0562276,0.06953373,0.019571345,0.025650905,2.8728085
3563,2026-08-18,0.042593844,-0.016936993,0.014831886,0.015920483,2.8715818
2355,2026-08-18,0.042856224,-0.008079881,0.014937141,0.017503144,2.8689127
3686,2026-08-18,0.050005957,-0.013993342,0.017450374,0.022509482,2.8654454
8032,2026-08-18,0.047614414,0.0069765733,0.016619371,0.016993709,2.8648224
2633,2026-08-18,0.03588762,0.06946419,0.012529471,0.015856953,2.864028
6134,2026-08-18,0.051098075,-0.032662693,0.017905364,0.018839706,2.8536265
8050,2026-08-18,0.060403336,0.03983299,0.021218196,0.023320429,2.8466365
6146,2026-08-18,0.040117208,-0.005046568,0.014119736,0.016895764,2.841014
2440,2026-08-18,0.054118134,-0.041248783,0.019121053,0.019949466,2.8301425
4440,2026-08-18,0.038539365,-0.02034293,0.013622622,0.01284989,2.8288634
9950,2026-08-18,0.037023213,0.01847556,0.013088553,0.014909967,2.828455
3135,2026-08-18,0.07029234,-0.09836594,0.024935294,0.015742343,2.8188767
6210,2026-08-18,0.05145526,0.025705894,0.018449804,0.020814752,2.7887814
9951,2026-08-18,0.04180686,0.011216781,0.014995992,0.017153429,2.787683
2107,2026-08-18,0.034005664,0.06813925,0.012317978,0.0170428,2.760429
2316,2026-08-18,0.048984963,-0.039323244,0.017764786,0.017124912,2.757264
5410,2026-08-18,0.049027514,-0.014382851,0.01780263,0.015501466,2.7537932
2373,2026-08-18,0.043819763,0.018646335,0.015941381,0.015213487,2.7486334
6266,2026-08-18,0.0525757,-0.017552078,0.019138096,0.01804222,2.7470315
6128,2026-08-18,0.03912648,0.03518598,0.014285655,0.014719462,2.7386734
3450,2026-08-18,0.08216301,-0.021057475,0.030013993,0.03181703,2.737399
6202,2026-08-18,0.05566031,-0.018975278,0.020396965,0.021947103,2.7287188
2449,2026-08-18,0.055783633,-0.036355384,0.020513251,0.0179681,2.7192624
8083,2026-08-18,0.038150016,-0.015417997,0.014054738,0.013577574,2.714195
1611,2026-08-18,0.051400118,0.08061781,0.019003568,0.021579806,2.704619
8067,2026-08-18,0.032483865,0.0057246606,0.012098825,0.011585271,2.6846557
4417,2026-08-18,0.0384307,0.017691556,0.014339113,0.01599049,2.6799438
6417,2026-08-18,0.041169763,-0.07009769,0.015386182,0.019279413,2.6755881
7556,2026-08-18,0.025861312,-0.08119929,0.00970716,0.016685592,2.6638734
3028,2026-08-18,0.046738546,-0.06135231,0.017554056,0.018399728,2.662398
3705,2026-08-18,0.03821873,0.04652388,0.014447745,0.014994027,2.6451244
6606,2026-08-18,0.044651326,0.02134561,0.016907264,0.01629386,2.640799
2025,2026-08-18,0.030647984,0.03683693,0.011668608,0.01930511,2.626308
2338,2026-08-18,0.0446601,-0.049431548,0.017007392,0.01869592,2.6257684
8476,2026-08-18,0.060516395,-0.054238398,0.023153013,0.025390465,2.613646
4558,2026-08-18,0.0386217,-0.008111866,0.014812836,0.016128954,2.607137
6187,2026-08-18,0.038350347,0.028892484,0.014721059,0.015442794,2.604958
9939,2026-08-18,0.037493296,0.04584342,0.014514245,0.01537441,2.5830288
2431,2026-08-18,0.039252326,0.036860254,0.015222687,0.014761572,2.5783718
2755,2026-08-18,0.031813975,-0.03926344,0.012392296,0.018545961,2.567031
3406,2026-08-18,0.04698806,-0.05348229,0.018400846,0.018875761,2.5534427
2330,2026-08-18,0.05008719,0.03447102,0.019918216,0.017390536,2.514516
1240,2026-08-18,0.03981196,0.0124919275,0.0160549,0.017569132,2.4795845
2462,2026-08-18,0.027424045,0.00043948565,0.01110967,0.01230513,2.468262
4931,2026-08-18,0.06532693,0.001219975,0.026499607,0.030159717,2.4651108
6768,2026-08-18,0.03859633,-0.01458627,0.015661804,0.020337202,2.464203
9904,2026-08-18,0.047117405,0.102206506,0.019247133,0.02080941,2.4478948
5703,2026-08-18,0.032188,0.008134054,0.013238616,0.013815719,2.431188
6109,2026-08-18,0.039189,0.02678436,0.016239986,0.01857489,2.4129694
9941,2026-08-18,0.035251763,0.06372588,0.014646843,0.016771784,2.4066179
6863,2026-08-18,0.046043996,0.0100110015,0.019179985,0.019697595,2.4005022
2882,2026-08-18,0.041661996,0.038602497,0.017409164,0.019976689,2.3929696
6654,2026-08-18,0.049714573,0.056980416,0.020796685,0.026398228,2.3903897
4554,2026-08-18,0.034095358,-0.044777554,0.014359414,0.014127089,2.3742602
4555,2026-08-18,0.028124979,-0.008119973,0.011904709,0.015007233,2.3623102
6613,2026-08-18,0.044066295,-0.003333412,0.01867369,0.017741982,2.3596802
8114,2026-08-18,0.051693957,-0.07042249,0.021947222,0.020457508,2.3552685
4768,2026-08-18,0.052695956,-0.03062519,0.022409817,0.022066627,2.3513625
2105,2026-08-18,0.032906245,0.039269313,0.014005405,0.01517563,2.3493712
3045,2026-08-18,0.046619475,0.06119264,0.019863453,0.022281157,2.3468795
2354,2026-08-18,0.023271242,0.01506547,0.009951143,0.01396929,2.3383148
2478,2026-08-18,0.047818728,-0.011866041,0.020574246,0.031802755,2.3240902
6782,2026-08-18,0.018857377,-0.03727647,0.008135885,0.012408522,2.3175178
6291,2026-08-18,0.03565355,-0.039400864,0.015393864,0.013266444,2.315938
2439,2026-08-18,0.03776044,0.026849989,0.016315104,0.01759677,2.3143048
4729,2026-08-18,0.029719358,-0.038770255,0.012902081,0.017282344,2.303276
3694,2026-08-18,0.04530535,-0.05537097,0.019697754,0.02016024,2.2999094
3689,2026-08-18,0.034237623,-0.075117685,0.014918738,0.01480165,2.2947872
0050,2026-08-18,0.060141325,0.10478284,0.026537927,0.025657272,2.266155
8433,2026-08-18,0.033201817,-0.0033804802,0.014788786,0.01582241,2.2449152
1580,2026-08-18,0.030330889,-0.018908966,0.013555497,0.014400652,2.237369
8064,2026-08-18,0.041144323,-0.098842524,0.018403195,0.02968061,2.2355947
6246,2026-08-18,0.09637921,0.047471073,0.043521058,0.05463459,2.2144914
6690,2026-08-18,0.025124824,-0.06142395,0.011464319,0.013346276,2.1913757
1513,2026-08-18,0.025634144,0.011518919,0.011702626,0.013283582,2.1902735
2441,2026-08-18,0.045833237,-0.024631273,0.021116786,0.018870773,2.1703618
2732,2026-08-18,0.020552414,-0.029772107,0.009476156,0.010345316,2.1686265
7794,2026-08-18,0.033172227,-0.04394219,0.015421351,0.019279877,2.150919
1707,2026-08-18,0.02499441,-0.043096736,0.011666664,0.0146704195,2.142195
8341,2026-08-18,0.033727113,0.032252986,0.015810136,0.014440916,2.1331239
8201,2026-08-18,0.028598627,-0.01622558,0.01346303,0.0147596095,2.1240764
8155,2026-08-18,0.03893696,-0.061337646,0.018367602,0.021505633,2.1197565
1503,2026-08-18,0.024799807,0.024687152,0.011747071,0.01406102,2.1109684
8111,2026-08-18,0.06396058,-0.043217573,0.030352686,0.039050512,2.1071768
6213,2026-08-18,0.03715662,-0.023803523,0.017633194,0.0168492,2.1070778
6028,2026-08-18,0.033010975,0.02781954,0.015780931,0.018219046,2.091694
3105,2026-08-18,0.046439312,-0.043341152,0.022302592,0.022225171,2.082145
6526,2026-08-18,0.026858043,-0.02057439,0.012989138,0.014516021,2.0675716
8487,2026-08-18,0.03214065,0.018841308,0.015569702,0.018134627,2.0641747
6161,2026-08-18,0.035812892,-0.06330669,0.017583016,0.018787289,2.036673
3535,2026-08-18,0.05390443,-0.118451506,0.026528252,0.033881858,2.0318866
8416,2026-08-18,0.031503096,-0.016195806,0.015508917,0.016513154,2.0311582
4205,2026-08-18,0.02933526,-0.022525473,0.01444826,0.015307221,2.0302258
6164,2026-08-18,0.030728225,-0.032249272,0.015152237,0.01863531,2.0278323
6464,2026-08-18,0.027713427,0.0052566705,0.013743268,0.013503295,2.0163624
2481,2026-08-18,0.039352886,-0.06487304,0.019885287,0.020989625,1.9788957
3531,2026-08-18,0.03390651,0.043960195,0.017219642,0.01832064,1.9689456
3546,2026-08-18,0.02706901,-0.04913814,0.013815414,0.012795711,1.959192
4502,2026-08-18,0.028415807,0.020758081,0.014507488,0.018646404,1.9585642
9911,2026-08-18,0.030353976,0.044332035,0.015503367,0.01568672,1.9577694
5548,2026-08-18,0.028912691,0.019653125,0.014833663,0.016409013,1.9489955
8444,2026-08-18,0.03495879,0.071550325,0.018002113,0.018231042,1.9418192
1402,2026-08-18,0.03531389,0.021907281,0.018203286,0.016796311,1.9398667
2345,2026-08-18,0.028777571,-0.021179033,0.014839973,0.015971629,1.9390622
7718,2026-08-18,0.026507651,-0.02710836,0.013758896,0.014738945,1.9264427
6261,2026-08-18,0.032785323,-0.06196375,0.017156884,0.017958878,1.9108021
2886,2026-08-18,0.033384103,0.044964917,0.01747108,0.018450798,1.9107114
3095,2026-08-18,0.029674547,-0.080966584,0.015536067,0.01927326,1.9099194
5220,2026-08-18,0.023356192,-0.01782786,0.012272184,0.012475219,1.9030263
2718,2026-08-18,0.033452626,0.013097972,0.01782452,0.020569822,1.8766705
6442,2026-08-18,0.024564045,0.020234298,0.013126937,0.019127877,1.8711276
6276,2026-08-18,0.037068836,-0.094730616,0.01989659,0.020820158,1.8629813
9929,2026-08-18,0.02652466,0.021375136,0.014237544,0.01297219,1.8628772
2428,2026-08-18,0.028950267,-0.03097368,0.015672507,0.01518866,1.8470829
2063,2026-08-18,0.033089943,-0.00022180912,0.01798412,0.0147018535,1.839851
3556,2026-08-18,0.023227394,-0.028042462,0.012633032,0.013737742,1.8384782
2362,2026-08-18,0.023652129,0.09198074,0.01290706,0.017698541,1.8323535
1781,2026-08-18,0.021786826,0.031764496,0.011989213,0.013807889,1.8170508
2851,2026-08-18,0.051742364,0.063520916,0.028525172,0.03244504,1.8138559
3118,2026-08-18,0.021865014,-0.051929746,0.012136399,0.016520437,1.801458
3372,2026-08-18,0.028542645,-0.0013523003,0.015998473,0.015972134,1.783974
6590,2026-08-18,0.02470128,-0.03529727,0.013942611,0.017508198,1.7715124
2314,2026-08-18,0.028198684,-0.040815093,0.015922328,0.01653368,1.7709038
2313,2026-08-18,0.020647926,-0.025761258,0.011753827,0.01682561,1.7565486
6674,2026-08-18,0.02634438,-0.010866687,0.015177191,0.01623403,1.7356732
4552,2026-08-18,0.024593063,0.010253429,0.014293997,0.016358243,1.7203965
3332,2026-08-18,0.02645252,0.0036221973,0.015638,0.01803203,1.6914458
4167,2026-08-18,0.026730426,-0.014894739,0.015824044,0.013987728,1.6891217
2547,2026-08-18,0.03309594,0.0792772,0.01986333,0.020343127,1.6660991
3122,2026-08-18,0.026286101,-0.02726655,0.015902234,0.018132525,1.6528777
4745,2026-08-18,0.027748559,-0.017447991,0.017255822,0.016320873,1.6079761
4133,2026-08-18,0.027020426,0.028152818,0.016827561,0.016410355,1.6056291
3551,2026-08-18,0.020358346,-0.104146436,0.01270073,0.012988765,1.6028011
6151,2026-08-18,0.023888944,-0.051993426,0.014920396,0.01895144,1.6009859
3305,2026-08-18,0.03394204,-0.09328842,0.021303523,0.022539405,1.5931847
8210,2026-08-18,0.02744505,-0.039073046,0.017551934,0.014256793,1.563559
6171,2026-08-18,0.023346497,0.05122757,0.01493628,0.016764892,1.5629684
3545,2026-08-18,0.030186962,0.007533551,0.019437708,0.018980755,1.5529305
3017,2026-08-18,0.032748643,0.070829004,0.021105027,0.019368744,1.5516253
6456,2026-08-18,0.03212846,-0.019505523,0.020823019,0.023486985,1.5428559
7760,2026-08-18,0.02128573,-0.0073321783,0.013807935,0.017403258,1.5414461
5546,2026-08-18,0.024779439,0.012708399,0.016181028,0.020898378,1.5312939
6683,2026-08-18,0.026692264,-0.03108746,0.017666671,0.016826814,1.5107969
6924,2026-08-18,0.03433723,-0.014331208,0.022734586,0.02573329,1.5102856
4102,2026-08-18,0.017511606,0.027109114,0.011687171,0.010586594,1.4982332
6547,2026-08-18,0.033445623,0.047191773,0.022499584,0.023088025,1.4864335
6771,2026-08-18,0.024882512,-0.018525265,0.016746467,0.017205274,1.4857478
3577,2026-08-18,0.029159458,-0.0010157767,0.020045526,0.02064034,1.454589
2066,2026-08-18,0.015727807,0.0025323655,0.010916504,0.010787139,1.4406046
3567,2026-08-18,0.022308648,-0.0871456,0.015589351,0.021522868,1.4309266
5386,2026-08-18,0.03815737,-0.19514741,0.026755432,0.03346727,1.4261009
2303,2026-08-18,0.026015155,-0.03692951,0.018274052,0.021460058,1.4235338
2308,2026-08-18,0.022783807,0.0170561,0.016049068,0.021598743,1.4195458
1608,2026-08-18,0.027071476,0.02484663,0.01910447,0.027639674,1.416949
4974,2026-08-18,0.019715788,-0.036221012,0.0139758205,0.0141694695,1.410606
5452,2026-08-18,0.02636196,-0.034569643,0.018707471,0.018864172,1.4090922
1303,2026-08-18,0.03053764,-0.036571383,0.021923753,0.026341066,1.3928386
1776,2026-08-18,0.01641318,-0.021020047,0.011869135,0.013909878,1.3827289
3528,2026-08-18,0.01814608,-0.056191586,0.013165729,0.0155024985,1.3781768
4580,2026-08-18,0.017927257,-0.02805466,0.013180234,0.014151918,1.3600591
5880,2026-08-18,0.02167952,0.024134945,0.015949372,0.014589902,1.3591858
2393,2026-08-18,0.025252875,0.01172721,0.018585673,0.018310908,1.358655
2890,2026-08-18,0.018358894,0.012319444,0.013622702,0.016786931,1.3475701
6525,2026-08-18,0.020668188,-0.108051844,0.015412007,0.021452619,1.3409575
4760,2026-08-18,0.017506199,-0.10586222,0.013067503,0.014652561,1.3395718
9943,2026-08-18,0.016584607,-0.03060304,0.012399699,0.013188121,1.3373929
2707,2026-08-18,0.012803882,-0.04264389,0.009578349,0.012785601,1.3366129
3191,2026-08-18,0.025289353,0.030106349,0.019063683,0.021260692,1.3265027
7723,2026-08-18,0.036592826,-0.10370059,0.027763657,0.031663332,1.3179643
6139,2026-08-18,0.018051604,-0.07487138,0.013734359,0.015357989,1.3142433
2390,2026-08-18,0.02316143,-0.022926591,0.01762595,0.021726293,1.3139783
1103,2026-08-18,0.019510968,0.04239464,0.015009103,0.01584753,1.2998556
3022,2026-08-18,0.026935158,-0.011001126,0.02073311,0.02329489,1.2990746
2482,2026-08-18,0.019231252,-0.008892018,0.01483872,0.013335123,1.295931
2356,2026-08-18,0.022047408,0.021823796,0.017056707,0.022464944,1.2925189
6885,2026-08-18,0.025745165,0.037467577,0.019933514,0.017776301,1.2914869
3703,2026-08-18,0.016185235,0.035483155,0.012532686,0.0130858375,1.2913388
6722,2026-08-18,0.020364719,-0.013828725,0.015789382,0.019301582,1.2896913
8086,2026-08-18,0.03008662,-0.064648956,0.023337133,0.0258238,1.2891613
6290,2026-08-18,0.020270366,-0.052530065,0.015723087,0.016063204,1.2891283
2367,2026-08-18,0.02676847,-0.038675588,0.020775566,0.019719305,1.2883972
6805,2026-08-18,0.014007667,0.0023350173,0.010874119,0.008933576,1.2880473
2504,2026-08-18,0.017624497,0.013992998,0.013720999,0.014063433,1.2843972
1558,2026-08-18,0.018225161,-0.022617873,0.014332502,0.016611695,1.2715079
9946,2026-08-18,0.021545617,0.0048781284,0.017118365,0.015598228,1.2585523
3665,2026-08-18,0.01578512,0.045209732,0.012647389,0.010659485,1.2479944
3276,2026-08-18,0.028516194,0.043361057,0.022931023,0.019090025,1.2435098
2498,2026-08-18,0.02153683,-0.07685501,0.017335527,0.019461254,1.2422806
6821,2026-08-18,0.019944131,-0.081966706,0.016149292,0.016550744,1.2349085
2520,2026-08-18,0.012933386,0.055342633,0.010543445,0.014580807,1.2265592
8423,2026-08-18,0.01722389,-0.03595191,0.014111849,0.013739767,1.2204404
6874,2026-08-18,0.01590507,-0.07790138,0.013079896,0.012769587,1.2159007
3541,2026-08-18,0.01779646,-0.045843743,0.014672598,0.011902495,1.2128218
4581,2026-08-18,0.018021567,-0.027033838,0.014867163,0.011525626,1.212091
2701,2026-08-18,0.015724804,0.012669865,0.013260765,0.015532942,1.1857249
3617,2026-08-18,0.014805658,-0.013870688,0.012499024,0.015889008,1.1844503
4755,2026-08-18,0.019015782,-0.02696172,0.01614922,0.0193948,1.1774318
3532,2026-08-18,0.027442038,0.06893365,0.0240059,0.0260195,1.1430897
6527,2026-08-18,0.016170373,-0.018368622,0.014151419,0.016647447,1.1425872
3527,2026-08-18,0.013699791,-0.03986032,0.011994559,0.019700931,1.1420718
8038,2026-08-18,0.0211218,-0.06941964,0.01861251,0.017437814,1.1347564
1451,2026-08-18,0.013744581,-0.015547616,0.012184295,0.0136197405,1.1279645
7757,2026-08-18,0.025437802,-0.055677,0.022583885,0.02454061,1.1263198
5203,2026-08-18,0.017341405,-0.09504298,0.0156150665,0.015291671,1.1104848
2712,2026-08-18,0.0157278,0.0018284802,0.014177619,0.015228622,1.1092618
3171,2026-08-18,0.012062583,-0.042002104,0.010926869,0.014489882,1.1038368
6277,2026-08-18,0.01752203,0.019464899,0.016105253,0.019001257,1.0879023
4550,2026-08-18,0.014602184,-0.012081815,0.013421528,0.018025476,1.0878863
2204,2026-08-18,0.010122529,0.0369696,0.009333135,0.010522174,1.0844636
2947,2026-08-18,0.013283964,-0.0324228,0.012288808,0.013165839,1.0808927
6862,2026-08-18,0.01757618,-0.049334884,0.016334243,0.020911323,1.0759668
3036,2026-08-18,0.020166194,-0.0046242154,0.018849265,0.025578573,1.0698096
2379,2026-08-18,0.016231919,0.030965019,0.015186016,0.017006116,1.0688024
2013,2026-08-18,0.013082709,-0.03067355,0.012278957,0.014079033,1.0653709
2415,2026-08-18,0.015338908,0.037086714,0.014816911,0.01727248,1.03516
6643,2026-08-18,0.033316843,-0.08224846,0.03235831,0.03230854,1.0295907
2501,2026-08-18,0.015294636,0.04607372,0.0151513005,0.016874012,1.0093936
3518,2026-08-18,0.015406801,-0.08385041,0.015298235,0.014433195,1.0070308
2340,2026-08-18,0.013638354,-0.053762577,0.013585813,0.01828863,1.0037934
6021,2026-08-18,0.024724664,0.05845361,0.024883073,0.025884818,0.99359393
2897,2026-08-18,0.012743978,0.07062888,0.013040245,0.013099642,0.97720563
2069,2026-08-18,0.01321036,-0.012193796,0.0135251805,0.016364297,0.97665113
4585,2026-08-18,0.015517554,-0.019765416,0.016027648,0.0151615795,0.9681137
2059,2026-08-18,0.011028036,-0.016145466,0.011458338,0.013547353,0.9623623
4958,2026-08-18,0.022796785,-0.10040889,0.023777382,0.020009786,0.9587189
2706,2026-08-18,0.010371205,0.015112687,0.010828456,0.011226937,0.9576848
8131,2026-08-18,0.015402108,-0.05387997,0.016241906,0.016366873,0.948236
6811,2026-08-18,0.014222771,0.0004252177,0.015079732,0.016432708,0.9431088
8091,2026-08-18,0.014164048,-0.051681366,0.015097965,0.01643326,0.9380807
2327,2026-08-18,0.021118961,-0.09646005,0.022698343,0.028550401,0.93037766
6472,2026-08-18,0.016912004,-0.06579357,0.018292554,0.02225534,0.9244789
1615,2026-08-18,0.009616832,-0.0013512509,0.01040333,0.013070535,0.9243105
8039,2026-08-18,0.015275033,-0.055373672,0.01657706,0.020884158,0.92140055
2485,2026-08-18,0.0222605,-0.15825853,0.02422778,0.023550874,0.91876274
2515,2026-08-18,0.017441988,-0.008601401,0.019203085,0.018380698,0.9082436
7747,2026-08-18,0.011193586,-0.04037676,0.012386044,0.012900649,0.9036527
3324,2026-08-18,0.014537539,-0.039345298,0.016094286,0.016800674,0.9032172
6435,2026-08-18,0.016165832,-0.080652855,0.018426428,0.019184107,0.8772701
8107,2026-08-18,0.01358417,-0.06095303,0.015507973,0.017640213,0.875891
4108,2026-08-18,0.012372418,-0.025243513,0.014142186,0.013295395,0.8747971
3317,2026-08-18,0.015618724,-0.07976346,0.01791426,0.01935227,0.87181115
6703,2026-08-18,0.012413402,-0.06443135,0.014318272,0.017990416,0.86690176
6175,2026-08-18,0.0135541465,-0.0533064,0.015675662,0.016940849,0.8646067
4960,2026-08-18,0.018185187,-0.115697935,0.021098072,0.028576175,0.86189514
7805,2026-08-18,0.011428914,-0.11373141,0.0134740835,0.015229631,0.8481516
8105,2026-08-18,0.023576828,-0.0711819,0.028003527,0.02783475,0.84189343
7734,2026-08-18,0.012493384,-0.041771166,0.014918716,0.015116834,0.83737415
7822,2026-08-18,0.012407033,-0.08832741,0.014866691,0.018835543,0.83449626
5905,2026-08-18,0.014379319,0.02011137,0.017437492,0.02205297,0.8245735
2496,2026-08-18,0.014056192,0.0027853819,0.017110702,0.018448692,0.8214374
6222,2026-08-18,0.022142528,0.0034410143,0.026968261,0.03002082,0.82102835
4154,2026-08-18,0.011607423,-0.004099564,0.014213787,0.017426336,0.8165738
6285,2026-08-18,0.013199449,-0.03589417,0.016371485,0.01516062,0.806197
4114,2026-08-18,0.011058753,0.011276607,0.013910752,0.013705639,0.7949217
6020,2026-08-18,0.013962139,0.036202922,0.017636545,0.02011737,0.79161465
4939,2026-08-18,0.018965073,0.021787426,0.024046356,0.02846374,0.7886552
7803,2026-08-18,0.011356393,-0.04115491,0.014410927,0.018943632,0.78798574
1459,2026-08-18,0.009638904,-0.045209564,0.012286037,0.01646686,0.7844774
1340,2026-08-18,0.010762353,-0.027203606,0.013734987,0.012833138,0.7835151
6219,2026-08-18,0.016537625,0.044932857,0.02133715,0.021827793,0.7750262
2948,2026-08-18,0.014002689,-0.015553151,0.018071432,0.017702347,0.77480936
3357,2026-08-18,0.015125443,-0.07269621,0.019796772,0.024540769,0.76399726
7827,2026-08-18,0.013366371,-0.01533384,0.017810946,0.020880857,0.7504161
3522,2026-08-18,0.007742672,-0.023247663,0.010378669,0.011827905,0.74594593
2034,2026-08-18,0.014168674,0.022648657,0.019107247,0.016237436,0.74149525
2247,2026-08-18,0.009949579,0.009512069,0.013443661,0.013414089,0.7400394
8027,2026-08-18,0.01673449,-0.12802772,0.023820344,0.024659252,0.7024998
1438,2026-08-18,0.021294555,0.073747866,0.030404093,0.029787669,0.70036143
6669,2026-08-18,0.007779662,-0.00020529404,0.011167042,0.015092739,0.6966003
5469,2026-08-18,0.009549181,-0.046665594,0.0137758935,0.016039055,0.6931302
6486,2026-08-18,0.011521125,0.0038516964,0.016832177,0.018123029,0.68442965
2745,2026-08-18,0.009725434,-0.053270884,0.014233482,0.014399371,0.6832306
3624,2026-08-18,0.017782496,-0.082714684,0.02613092,0.02960269,0.6804895
2618,2026-08-18,0.00923635,0.016457085,0.013682971,0.014809554,0.6749758
3150,2026-08-18,0.008912949,-0.016048709,0.013375777,0.017773263,0.6663002
2610,2026-08-18,0.006678848,-0.0023502996,0.010115606,0.012909046,0.66018665
6684,2026-08-18,0.011431801,-0.0694263,0.017634925,0.022642337,0.64821106
2401,2026-08-18,0.010519368,-0.03872784,0.016581321,0.015985673,0.6343724
6914,2026-08-18,0.0063010324,-0.030396432,0.010004868,0.01412053,0.6297337
6409,2026-08-18,0.008238654,0.055332854,0.013232654,0.01467901,0.62255317
2596,2026-08-18,0.014469807,-0.015153368,0.023272233,0.026352579,0.621736
1533,2026-08-18,0.008490676,-0.008489087,0.013990611,0.01747882,0.6068405
2736,2026-08-18,0.007942189,-0.009856119,0.013119525,0.016322967,0.6053256
3178,2026-08-18,0.009086682,-0.07710392,0.015557535,0.017247062,0.584032
4942,2026-08-18,0.009680031,-0.0077817794,0.016674476,0.0150875505,0.580495
7705,2026-08-18,0.0090934895,-0.058257475,0.01588973,0.016928673,0.5722512
5706,2026-08-18,0.0075405836,-0.049043782,0.013273141,0.015869252,0.56806564
6838,2026-08-18,0.010905217,0.015487052,0.019211274,0.018336445,0.56761724
9962,2026-08-18,0.0070093432,-0.009034118,0.012504864,0.01522113,0.5604845
5310,2026-08-18,0.009097394,-0.0061316625,0.01628167,0.01982339,0.5587163
4971,2026-08-18,0.013689845,-0.12221958,0.024607493,0.025579434,0.5563057
1795,2026-08-18,0.0073783267,-0.025616657,0.013305111,0.014694681,0.5545066
6534,2026-08-18,0.007947137,-0.019364912,0.014500306,0.013634133,0.548029
4999,2026-08-18,0.008153688,-0.075755134,0.015181757,0.01975498,0.53703606
2536,2026-08-18,0.017355064,0.022799646,0.032589287,0.03583211,0.5325226
5299,2026-08-18,0.011631926,-0.05330236,0.02201124,0.025195098,0.5284299
2317,2026-08-18,0.007191682,-0.026938992,0.013669003,0.017375706,0.5260922
8213,2026-08-18,0.010266095,-0.019530749,0.019738168,0.021268735,0.52008754
3555,2026-08-18,0.014862102,-0.078997515,0.028708572,0.03441227,0.51767063
6552,2026-08-18,0.007552954,-0.083801076,0.015405612,0.014560554,0.49024105
2548,2026-08-18,0.007389555,-0.025734628,0.015082402,0.01927683,0.48991302
2739,2026-08-18,0.0072774957,-0.036323283,0.014986213,0.016480207,0.4855803
2617,2026-08-18,0.0070837806,0.033533227,0.01566355,0.014236572,0.4522173
3360,2026-08-18,0.009386644,-0.053052936,0.021261223,0.020093895,0.44147047
2395,2026-08-18,0.0069361166,0.01577573,0.015778612,0.016090818,0.4395619
6136,2026-08-18,0.006004564,-0.007201108,0.013711948,0.013316363,0.4378755
6470,2026-08-18,0.0077380603,-0.055414107,0.017849838,0.015397685,0.4334844
7821,2026-08-18,0.007002287,-0.054425426,0.016521927,0.016644122,0.42379215
8367,2026-08-18,0.0067532584,-0.021924503,0.015985603,0.015784366,0.42243236
3615,2026-08-18,0.013118034,-0.023647942,0.031365134,0.036093634,0.41822287
1609,2026-08-18,0.0043872613,0.011821839,0.010670395,0.013474714,0.4111235
2101,2026-08-18,0.007922705,-0.026407707,0.019314859,0.021620324,0.41016582
9942,2026-08-18,0.006696573,-0.007978917,0.016747596,0.019029737,0.3998289
4532,2026-08-18,0.00606503,-0.014597002,0.015172323,0.013244035,0.39971665
5522,2026-08-18,0.005436836,0.0044719125,0.013650678,0.01322565,0.39825404
3672,2026-08-18,0.0063962117,0.046188522,0.016256046,0.018028833,0.39344242
8466,2026-08-18,0.007331337,0.02838442,0.018746393,0.015597596,0.391059
2884,2026-08-18,0.0073946575,0.0035154338,0.019066397,0.02125633,0.38781682
4120,2026-08-18,0.005378394,-0.036587667,0.014003395,0.018387599,0.38405043
6574,2026-08-18,0.0057038376,-0.10194803,0.015305939,0.014183258,0.37263083
2432,2026-08-18,0.0049221367,-0.04982072,0.013576479,0.013310364,0.36252213
4138,2026-08-18,0.0054036407,-0.046180878,0.015004976,0.01771227,0.36009926
1315,2026-08-18,0.004395745,0.015519221,0.012750403,0.014382465,0.34472638
5206,2026-08-18,0.0050783367,-0.04108621,0.014812631,0.014573281,0.34281513
3158,2026-08-18,0.0031316776,-0.059825234,0.009313734,0.011813607,0.33620685
2845,2026-08-18,0.006031745,0.03641743,0.018240167,0.017303789,0.33066663
6910,2026-08-18,0.004493739,-0.08039926,0.013626502,0.01594505,0.32975516
9908,2026-08-18,0.0049517867,0.042503778,0.015094638,0.01686168,0.32802767
6730,2026-08-18,0.004423675,-0.03672433,0.013521681,0.016277337,0.32713005
4711,2026-08-18,0.0060621817,-0.029727569,0.018653387,0.018708222,0.3249735
3306,2026-08-18,0.0051440885,-0.07158491,0.016141977,0.019450478,0.31865796
2820,2026-08-18,0.0041312627,0.034037996,0.012990154,0.014449075,0.3180058
5228,2026-08-18,0.0054401015,-0.047776874,0.01774464,0.019832753,0.3065599
2606,2026-08-18,0.0038830892,0.032255642,0.012963423,0.016059186,0.29951885
3311,2026-08-18,0.0038690253,-0.06977741,0.013104667,0.012397455,0.29521772
6443,2026-08-18,0.005367374,-0.103780076,0.019215416,0.022738798,0.27931193
5704,2026-08-18,0.003916228,0.0032607166,0.014675122,0.015467954,0.26684353
1514,2026-08-18,0.0033133982,-0.04624798,0.012872682,0.013323919,0.25737765
6584,2026-08-18,0.0038998346,-0.08580485,0.015455091,0.02064928,0.25231698
2243,2026-08-18,0.004631729,0.07629117,0.018887615,0.019467674,0.24521273
1452,2026-08-18,0.002702438,0.0015032887,0.0117103215,0.012964142,0.23075432
2945,2026-08-18,0.0033628652,-0.0143223265,0.015571277,0.016558884,0.21595205
2206,2026-08-18,0.002344052,0.034876432,0.011590795,0.012217871,0.20221649
6199,2026-08-18,0.0064651114,0.0041935956,0.032012783,0.02653588,0.20194776
0056,2026-08-18,0.0022346003,0.0017665622,0.0111712245,0.012816269,0.2000139
3588,2026-08-18,0.0036996263,-0.08467496,0.019205391,0.020306997,0.19262475
6228,2026-08-18,0.002787974,-0.05663266,0.014529215,0.014447362,0.19187424
8437,2026-08-18,0.0023848221,-0.036045216,0.012666683,0.018359134,0.18826033
6585,2026-08-18,0.0020975354,0.05505665,0.012065968,0.016266199,0.17382456
3645,2026-08-18,0.002741009,-0.0933793,0.018128011,0.01904306,0.15119462
6831,2026-08-18,0.0023578575,-0.008119843,0.016015848,0.018005135,0.14721107
2434,2026-08-18,0.0036003545,-0.055148654,0.024921708,0.026082529,0.14446081
3530,2026-08-18,0.0026082525,-0.054349396,0.018741954,0.019776972,0.13915908
5348,2026-08-18,0.0022679635,-0.04600805,0.016631054,0.014440133,0.136361
1617,2026-08-18,0.0029361588,0.028364928,0.02258671,0.021442162,0.1299892
6548,2026-08-18,0.0024743897,-0.04097573,0.020165551,0.021419045,0.12269771
2637,2026-08-18,0.0021737113,0.019164253,0.018321618,0.015641158,0.11863541
3625,2026-08-18,0.0021251466,-0.034247342,0.018766798,0.019316299,0.11323366
2408,2026-08-18,0.0019415753,-0.06609867,0.019391375,0.024140323,0.10012055
8093,2026-08-18,0.0018892104,0.014195111,0.020612245,0.024364907,0.091650315
1220,2026-08-18,0.0011245979,0.014312933,0.012681887,0.01599634,0.08867049
6579,2026-08-18,0.0013364874,-0.07845162,0.01594421,0.018230462,0.083817475
5902,2026-08-18,0.001357996,-0.041126575,0.017870883,0.018815057,0.07598506
6725,2026-08-18,0.0010718661,-0.13329536,0.015593772,0.013041504,0.0687324
4991,2026-08-18,0.002073427,-0.19910079,0.03991314,0.04732919,0.05194718
6672,2026-08-18,0.0009515067,-0.04912939,0.020641647,0.019925496,0.04609422
3492,2026-08-18,0.0005459418,-0.045290843,0.012246856,0.017452653,0.04457448
9933,2026-08-18,0.00075161003,0.045722067,0.017687133,0.01905976,0.042492334
4754,2026-08-18,0.00076044217,-0.08538299,0.01791895,0.015633175,0.04243551
4747,2026-08-18,0.00049312465,-0.050235055,0.012362965,0.015444275,0.03988402
2464,2026-08-18,0.0009693429,-0.027744275,0.027763307,0.029329387,0.034913275
3704,2026-08-18,0.0001691008,-0.03858238,0.015705612,0.02116379,0.0107662175
6245,2026-08-18,0.00010886208,-0.072695345,0.014521406,0.016293496,0.007496146
3363,2026-08-18,-1.5556316e-05,-0.09656822,0.034445945,0.041407812,-0.00045160222
5007,2026-08-18,-3.5788555e-05,-0.0034378113,0.012526006,0.015061946,-0.0028569119
4972,2026-08-18,-0.000416613,-0.07561688,0.017833192,0.018502412,-0.023360353
7791,2026-08-18,-0.00067624636,-0.047148976,0.016420517,0.014679939,-0.041180503
3268,2026-08-18,-0.00044529463,-0.04976822,0.009575333,0.012098162,-0.04649949
1531,2026-08-18,-0.0007266784,-0.037109297,0.015288246,0.015016333,-0.04752873
4543,2026-08-18,-0.00087290443,-0.049297605,0.017339544,0.018938657,-0.050338928
2109,2026-08-18,-0.000817035,0.009501437,0.016073873,0.018438235,-0.050826836
6155,2026-08-18,-0.0012408817,-0.06314586,0.023474397,0.026431078,-0.05285882
5269,2026-08-18,-0.0010573531,-0.08094894,0.016857117,0.014063495,-0.06272071
3021,2026-08-18,-0.0007697632,0.015620345,0.011188026,0.010657756,-0.06879626
3516,2026-08-18,-0.00125462,-0.013205157,0.012884829,0.016910879,-0.09736432
5212,2026-08-18,-0.0018639656,-0.07542132,0.017043063,0.02094578,-0.109361574
8150,2026-08-18,-0.0022677528,-0.12387131,0.018621773,0.019091755,-0.1217731
2248,2026-08-18,-0.002115465,-0.0073274127,0.01637335,0.018014746,-0.12919383
4439,2026-08-18,-0.0015811705,0.004648657,0.012097634,0.016586551,-0.13069
3265,2026-08-18,-0.0023460283,-0.0841104,0.017771594,0.01814495,-0.13200258
6168,2026-08-18,-0.0021963308,-0.08279409,0.016174223,0.018314337,-0.13578364
3321,2026-08-18,-0.0018241241,0.021598998,0.013343642,0.015534865,-0.13669337
6451,2026-08-18,-0.008016879,0.03020316,0.05775006,0.07147821,-0.13881786
2360,2026-08-18,-0.0019470045,-8.394768e-05,0.01355461,0.016667046,-0.14363089
1413,2026-08-18,-0.0013298386,0.0043125288,0.0089426115,0.009792558,-0.14869146
6278,2026-08-18,-0.0037869022,-0.041808017,0.022442559,0.02646564,-0.16873002
1540,2026-08-18,-0.0025942286,-0.051940195,0.015247741,0.016508771,-0.17012739
1714,2026-08-18,-0.0026658773,-0.035024866,0.015657518,0.021767784,-0.17025094
1709,2026-08-18,-0.0031645792,-0.010716764,0.017279282,0.016293317,-0.18313238
6269,2026-08-18,-0.0035830743,0.051293056,0.01943612,0.025857475,-0.18434183
6925,2026-08-18,-0.0027719613,-0.13354507,0.014858942,0.026124384,-0.18653917
8163,2026-08-18,-0.0025649446,-0.008083592,0.012575762,0.017941628,-0.20394315
8936,2026-08-18,-0.0028118452,-0.044968605,0.01312459,0.01612788,-0.21422619
4744,2026-08-18,-0.0035021754,-0.05014552,0.015672823,0.014153008,-0.22344103
3390,2026-08-18,-0.0029163952,-0.08805394,0.01111568,0.012285462,-0.26234406
7786,2026-08-18,-0.0047556525,-0.018443627,0.017835107,0.02071952,-0.26663062
4951,2026-08-18,-0.0043863133,-0.12849312,0.016318206,0.015262,-0.26878226
1215,2026-08-18,-0.0036366296,-0.02548445,0.013406644,0.013771171,-0.27123556
5701,2026-08-18,-0.004562722,-0.032944538,0.016601609,0.015540457,-0.27481958
4735,2026-08-18,-0.003597618,-0.023376213,0.012992803,0.017422916,-0.27687183
6144,2026-08-18,-0.0031396828,0.0019376199,0.0110956095,0.012052576,-0.28294072
3710,2026-08-18,-0.0055111838,-0.022033952,0.018940516,0.01735326,-0.2909579
1104,2026-08-18,-0.004894765,0.018105416,0.016611239,0.017863778,-0.2946481
7765,2026-08-18,-0.004911577,-0.097746305,0.01619765,0.016381005,-0.30320904
2542,2026-08-18,-0.006835053,-0.022284707,0.022025697,0.02605488,-0.31030768
7782,2026-08-18,-0.0051085497,-0.112469815,0.01637028,0.020252759,-0.3120434
5276,2026-08-18,-0.004093895,-0.010866185,0.0128294835,0.013947567,-0.31907567
2006,2026-08-18,-0.0056819576,0.022915725,0.017490003,0.02065985,-0.3248503
6124,2026-08-18,-0.0054799304,0.005335651,0.0167475,0.014358225,-0.3271893
3583,2026-08-18,-0.0053832,-0.038343493,0.016363675,0.013418705,-0.32895246
1906,2026-08-18,-0.0066603506,0.04055573,0.020087052,0.01773806,-0.3315578
5344,2026-08-18,-0.0076592653,-0.088638715,0.023033801,0.018593395,-0.33250841
4977,2026-08-18,-0.008464919,-0.061012704,0.025146881,0.033651166,-0.33660567
4568,2026-08-18,-0.004660437,-0.058493916,0.013505134,0.017288538,-0.34506077
5205,2026-08-18,-0.006262493,-0.053382494,0.01731881,0.017034851,-0.36157978
3236,2026-08-18,-0.007065475,-0.10572648,0.01944415,0.021346513,-0.3633541
3374,2026-08-18,-0.0069944016,-0.080659784,0.018689033,0.02197659,-0.37423164
4528,2026-08-18,-0.005532115,-0.08445083,0.014516134,0.018542293,-0.38107488
9949,2026-08-18,-0.0075348685,-0.090576366,0.019639196,0.017743599,-0.38364527
4183,2026-08-18,-0.0063089975,-0.03446447,0.016426539,0.021114698,-0.38405007
2438,2026-08-18,-0.006933397,-0.087997876,0.01795086,0.027827328,-0.38622165
6208,2026-08-18,-0.0045566033,-0.10414515,0.011696702,0.011737345,-0.38952976
8092,2026-08-18,-0.0057716803,-0.06432225,0.014457369,0.017402763,-0.39919302
5284,2026-08-18,-0.012675403,-0.11289051,0.031327948,0.030499049,-0.4045908
1590,2026-08-18,-0.005619509,-0.004181842,0.013404456,0.016823763,-0.41919565
8046,2026-08-18,-0.006580256,-0.057801556,0.01565019,0.01766086,-0.42043164
1307,2026-08-18,-0.004949652,-0.02614776,0.011455853,0.012926956,-0.43202546
1727,2026-08-18,-0.008973403,-0.1523269,0.020691523,0.022452107,-0.43365434
2915,2026-08-18,-0.0058037383,0.022927905,0.013268399,0.014906879,-0.43737763
8940,2026-08-18,-0.006548354,-0.07585726,0.014676529,0.017496679,-0.44614825
2603,2026-08-18,-0.006585868,0.042947643,0.014521434,0.013328659,-0.45349616
6645,2026-08-18,-0.004635931,0.018817253,0.010165442,0.012917103,-0.45600328
6550,2026-08-18,-0.006395986,-0.0702932,0.013639786,0.017076617,-0.46888688
3169,2026-08-18,-0.00539649,-0.1073421,0.011424338,0.01763831,-0.4723265
6944,2026-08-18,-0.0069433986,-0.073727414,0.0140468925,0.016459305,-0.4942662
6592,2026-08-18,-0.0075691347,0.022442954,0.015301657,0.018813461,-0.4946288
3048,2026-08-18,-0.007113032,-0.050923213,0.014343185,0.0161032,-0.4958826
2855,2026-08-18,-0.018676365,-0.06151714,0.03764232,0.03684655,-0.49614024
3083,2026-08-18,-0.006696117,-0.063744694,0.013478603,0.015712986,-0.4967592
7769,2026-08-18,-0.007027271,-0.044204492,0.013815697,0.010458564,-0.50860715
6715,2026-08-18,-0.010424844,-0.06675057,0.019975562,0.018975543,-0.52185374
4545,2026-08-18,-0.004832353,0.010682428,0.009138326,0.013329819,-0.5287428
8996,2026-08-18,-0.009737665,-0.032415204,0.01826888,0.020936063,-0.5329901
6776,2026-08-18,-0.007918398,-0.03386154,0.01481714,0.015788896,-0.5343719
3587,2026-08-18,-0.010643818,-0.13358234,0.019904517,0.02149691,-0.534717
8410,2026-08-18,-0.010303099,-0.06381418,0.01902336,0.018329099,-0.541574
5493,2026-08-18,-0.00847833,-0.09092747,0.015073221,0.017678013,-0.562439
1437,2026-08-18,-0.008023826,0.0042522396,0.014110872,0.012801927,-0.56858695
5009,2026-08-18,-0.0059045036,-0.050957035,0.0103310635,0.014917675,-0.5714738
2867,2026-08-18,-0.0085125845,0.008708447,0.014749235,0.016864954,-0.5771152
5223,2026-08-18,-0.008256888,-0.029305514,0.014290604,0.016456166,-0.57774395
6125,2026-08-18,-0.013599206,-0.089305684,0.023329968,0.025091743,-0.58288217
6642,2026-08-18,-0.009185533,-0.07530438,0.015739046,0.012089358,-0.5835773
6169,2026-08-18,-0.008719893,-0.119958706,0.01476831,0.017083514,-0.59040624
6194,2026-08-18,-0.009121937,-0.09522212,0.0154469265,0.018495983,-0.5904959
6721,2026-08-18,-0.008696977,-0.050412383,0.014517887,0.016688667,-0.5990113
0053,2026-08-18,-0.010650709,-0.12588257,0.016557679,0.019918973,-0.6432101
9914,2026-08-18,-0.01794037,-0.024367364,0.02760835,0.025702074,-0.64979327
4178,2026-08-18,-0.010011536,0.008102589,0.015287374,0.014531426,-0.6548464
1570,2026-08-18,-0.010183583,-0.07296625,0.015257847,0.01707532,-0.6673888
4169,2026-08-18,-0.013601388,-0.022074124,0.019440435,0.018072791,-0.6996082
6240,2026-08-18,-0.016023012,-0.017980577,0.022600641,0.021596119,-0.7089313
2211,2026-08-18,-0.008539513,-0.011166069,0.011512402,0.013437055,-0.7417019
5457,2026-08-18,-0.017303428,-0.042385824,0.023262013,0.017835258,-0.74381715
4503,2026-08-18,-0.011684477,-0.107656546,0.015701484,0.01624078,-0.7441165
7772,2026-08-18,-0.0146756135,-0.15931469,0.019652693,0.01622444,-0.74671024
6904,2026-08-18,-0.009216257,-0.039546873,0.012274788,0.014544938,-0.75076705
3481,2026-08-18,-0.015769405,-0.11651475,0.020683264,0.029672734,-0.76238656
9910,2026-08-18,-0.010882841,0.015086625,0.013834679,0.01876754,-0.78657806
5340,2026-08-18,-0.018085035,-0.1301678,0.022661457,0.027837407,-0.7980174
3152,2026-08-18,-0.018636247,-0.20893243,0.023220168,0.027030844,-0.80255425
6506,2026-08-18,-0.014025594,-0.026879013,0.017263986,0.020523442,-0.81237215
6887,2026-08-18,-0.01617465,-0.018492615,0.019727081,0.022803003,-0.81987953
7828,2026-08-18,-0.015637487,-0.057796143,0.018900828,0.019006412,-0.82730025
5312,2026-08-18,-0.01027463,-0.07223745,0.012397359,0.016732082,-0.8287088
2357,2026-08-18,-0.012162389,-0.039112378,0.014549722,0.014041837,-0.83586156
6411,2026-08-18,-0.011514238,-0.07410345,0.013764697,0.01532841,-0.8364442
2419,2026-08-18,-0.015301849,-0.07062598,0.018263623,0.01952045,-0.83778614
4721,2026-08-18,-0.018378051,-0.1629282,0.02180917,0.023439866,-0.84263676
2704,2026-08-18,-0.008358373,0.02671585,0.009896636,0.01334836,-0.84448177
3605,2026-08-18,-0.012342495,-0.035786662,0.014296947,0.01929434,-0.8632355
2233,2026-08-18,-0.014610996,-0.12130917,0.016869904,0.026170786,-0.86604697
5455,2026-08-18,-0.021241482,-0.040203765,0.024513967,0.029718041,-0.8664699
3038,2026-08-18,-0.00997425,-0.034056358,0.011443407,0.014802734,-0.8715392
8042,2026-08-18,-0.022781309,-0.122246,0.026101494,0.028086089,-0.8727637
5328,2026-08-18,-0.017437836,-0.03884422,0.019900901,0.0252282,-0.8761895
2916,2026-08-18,-0.0105025135,-0.0652813,0.011950441,0.015309867,-0.87876546
1218,2026-08-18,-0.015007859,-0.04699216,0.017039582,0.013932578,-0.8807128
3515,2026-08-18,-0.007825888,-0.05224211,0.008857247,0.012054658,-0.8834578
3162,2026-08-18,-0.016416252,-0.07811573,0.018462364,0.018193744,-0.8891257
3232,2026-08-18,-0.01260843,-0.06972442,0.014173158,0.017323894,-0.88953644
4161,2026-08-18,-0.013467951,-0.055585623,0.015117918,0.017047957,-0.8908012
4572,2026-08-18,-0.012074053,-0.051312692,0.013477972,0.018322939,-0.8957696
2301,2026-08-18,-0.016508602,-0.059979077,0.018228805,0.018702928,-0.905583
8450,2026-08-18,-0.013612093,-0.086153,0.0146431085,0.0163835,-0.9295269
6207,2026-08-18,-0.035410237,-0.14392942,0.038054,0.030624367,-0.9305016
4551,2026-08-18,-0.017075831,-0.07844389,0.018174564,0.0162692,-0.93949383
4306,2026-08-18,-0.01244126,0.009657862,0.013172045,0.0170014,-0.94444823
3597,2026-08-18,-0.011739091,-0.04447771,0.012406349,0.014009744,-0.9461401
6732,2026-08-18,-0.015324842,-0.14087792,0.016014123,0.020870263,-0.95689815
6697,2026-08-18,-0.015432755,-0.08920231,0.016113171,0.015125246,-0.95771325
4588,2026-08-18,-0.015052402,-0.050131097,0.015560781,0.015535893,-0.96726733
8070,2026-08-18,-0.015525919,-0.046283014,0.01599801,0.021114172,-0.97043
8401,2026-08-18,-0.014301284,-0.08382638,0.014593993,0.015667396,-0.97987604
2729,2026-08-18,-0.01097531,-0.07878967,0.011183468,0.015180451,-0.9812992
7704,2026-08-18,-0.011043471,-0.06226859,0.011242138,0.01375883,-0.982241
8935,2026-08-18,-0.014777426,-0.025346398,0.014958345,0.017225107,-0.98783904
8104,2026-08-18,-0.019722708,-0.055174913,0.019718045,0.019048937,-1.0001857
3443,2026-08-18,-0.00979237,-0.009781508,0.009771979,0.012409838,-1.001984
5210,2026-08-18,-0.012971591,-0.017587394,0.012921821,0.01432302,-1.0037739
8240,2026-08-18,-0.01549289,-0.0916879,0.0152440835,0.018359931,-1.0162548
2382,2026-08-18,-0.020002,-0.08047158,0.019665007,0.019621167,-1.017085
6494,2026-08-18,-0.015622944,-0.0759833,0.015247187,0.020948565,-1.0245771
6259,2026-08-18,-0.02751991,-0.031593345,0.026764078,0.027070872,-1.028202
5903,2026-08-18,-0.011362234,0.008877798,0.01090437,0.014299117,-1.0418935
8923,2026-08-18,-0.014955049,-0.04825311,0.014155764,0.016540553,-1.056389
2442,2026-08-18,-0.027656393,-0.010551275,0.026172938,0.019000957,-1.0566386
4416,2026-08-18,-0.033341844,-0.04196102,0.031493865,0.033383485,-1.0586438
2734,2026-08-18,-0.012727318,-0.044984713,0.01177778,0.01395605,-1.0805295
1752,2026-08-18,-0.01952189,-0.036801144,0.017776268,0.01738026,-1.0981379
6239,2026-08-18,-0.025520423,-0.15187031,0.023143549,0.021972997,-1.1026537
3310,2026-08-18,-0.015851032,-0.052935768,0.014363762,0.015654767,-1.1034664
6129,2026-08-18,-0.015796233,-0.014091956,0.014284998,0.01863626,-1.1057143
6799,2026-08-18,-0.017439129,-0.101863526,0.015720775,0.018568931,-1.1092341
6861,2026-08-18,-0.019217694,-0.18604918,0.0172953,0.017514534,-1.1110871
5523,2026-08-18,-0.02438732,-0.03269485,0.021883927,0.024156569,-1.1143432
1506,2026-08-18,-0.013152347,0.0103066405,0.01160299,0.012219763,-1.1334331
2065,2026-08-18,-0.014720756,-0.03670729,0.012790322,0.012723404,-1.1508392
8289,2026-08-18,-0.019290743,-0.10806834,0.016742695,0.017198065,-1.1521199
3231,2026-08-18,-0.01770416,-0.048888482,0.0153443245,0.018927626,-1.1537169
4401,2026-08-18,-0.016205197,-0.047447044,0.013938552,0.015833996,-1.1625335
2471,2026-08-18,-0.01675584,-0.091081284,0.014307191,0.01854849,-1.1710663
3015,2026-08-18,-0.01417667,-0.02765516,0.012037418,0.015289592,-1.1776191
1324,2026-08-18,-0.016698131,-0.07241381,0.014163873,0.019257689,-1.1788409
2509,2026-08-18,-0.018744385,-0.040586375,0.015840461,0.015703848,-1.1832484
2836,2026-08-18,-0.012566427,0.039692707,0.010403951,0.013356289,-1.2077353
4168,2026-08-18,-0.01615258,-0.020421393,0.013341449,0.016278256,-1.2106158
2015,2026-08-18,-0.016443422,0.02237987,0.013550815,0.012518927,-1.2133741
4188,2026-08-18,-0.02070365,-0.035454873,0.017017784,0.01608941,-1.2165176
8477,2026-08-18,-0.013853254,-0.030583985,0.01126063,0.010732087,-1.2301286
1341,2026-08-18,-0.01399096,-0.017857315,0.0113708945,0.016655423,-1.2303103
5347,2026-08-18,-0.022709787,-0.090710446,0.01842641,0.017548887,-1.2323916
6127,2026-08-18,-0.022910532,-0.11457046,0.018564327,0.022060486,-1.2340494
2640,2026-08-18,-0.017090864,-0.07555056,0.0138048865,0.01717814,-1.2379403
5301,2026-08-18,-0.023449242,-0.0883247,0.01861095,0.0239175,-1.2599025
7753,2026-08-18,-0.023106448,-0.114517294,0.018312117,0.023427395,-1.2617431
6751,2026-08-18,-0.021630796,-0.07091905,0.017116306,0.019024348,-1.2636799
2344,2026-08-18,-0.0148201855,-0.09929577,0.011615643,0.0153087815,-1.2757717
9926,2026-08-18,-0.017698491,6.965722e-05,0.013840268,0.016758632,-1.2786754
2368,2026-08-18,-0.021246884,-0.06888442,0.016360797,0.018538805,-1.2985666
6570,2026-08-18,-0.022645902,-0.057377506,0.01739249,0.021014454,-1.3019757
1612,2026-08-18,-0.02426651,-0.0521739,0.018630203,0.018932084,-1.302466
8403,2026-08-18,-0.027291205,-0.0753105,0.02090965,0.021270415,-1.3051342
1232,2026-08-18,-0.015260653,0.0047373236,0.011678199,0.012551748,-1.3066523
5287,2026-08-18,-0.013465995,-0.056123924,0.010297679,0.014865874,-1.3075458
6283,2026-08-18,-0.019089397,-0.07447326,0.014583382,0.022646613,-1.3088931
1907,2026-08-18,-0.022001112,0.007770536,0.016522389,0.015108166,-1.3315133
6257,2026-08-18,-0.021971544,-0.094869055,0.016474802,0.018997274,-1.3335644
2762,2026-08-18,-0.021608878,-0.0070823953,0.016195929,0.015392968,-1.3341342
7631,2026-08-18,-0.017037712,-0.091078185,0.012763713,0.014820712,-1.3347509
8358,2026-08-18,-0.041888103,-0.12732124,0.031104565,0.03057352,-1.3466433
3558,2026-08-18,-0.021322977,-0.054627012,0.015806012,0.018611576,-1.3489568
5371,2026-08-18,-0.05586026,-0.014006653,0.04137817,0.070134334,-1.3499609
2467,2026-08-18,-0.019265365,-0.05832529,0.014216939,0.019473305,-1.3550041
5398,2026-08-18,-0.01727357,-0.08732818,0.012700252,0.017242078,-1.3599894
3035,2026-08-18,-0.029012455,-0.076000676,0.021326846,0.03400985,-1.3603088
8033,2026-08-18,-0.07076049,-0.03007355,0.05188769,0.055021394,-1.3636978
4720,2026-08-18,-0.025165467,-0.11979354,0.018395241,0.020548912,-1.3679678
5604,2026-08-18,-0.01892749,-0.014435682,0.013769356,0.016157903,-1.3745099
1453,2026-08-18,-0.022856625,-0.04880239,0.016577536,0.023413377,-1.3786877
1762,2026-08-18,-0.02033627,-0.08575459,0.014645906,0.016599422,-1.3884345
3229,2026-08-18,-0.027043076,-0.0127751995,0.019284185,0.020341542,-1.4022721
3189,2026-08-18,-0.030151255,-0.06831375,0.021479968,0.024116168,-1.4036264
4542,2026-08-18,-0.040326957,-0.09921922,0.02869244,0.027272513,-1.4054418
6416,2026-08-18,-0.021364411,-0.05586001,0.01498159,0.013466845,-1.4259491
6142,2026-08-18,-0.015967641,0.0077177417,0.0111803785,0.014901683,-1.4280566
3257,2026-08-18,-0.021363366,-0.12750714,0.014858328,0.018809294,-1.4377074
2904,2026-08-18,-0.022950627,-0.09136489,0.015829632,0.016698977,-1.4497606
6226,2026-08-18,-0.040713374,-0.12481131,0.028075466,0.03611808,-1.450089
5864,2026-08-18,-0.028716322,-0.08202228,0.019662749,0.023272606,-1.4603686
1535,2026-08-18,-0.020831304,-0.049174085,0.014190238,0.015348259,-1.467899
2347,2026-08-18,-0.018374126,-0.032096826,0.012486827,0.012993034,-1.471363
1565,2026-08-18,-0.020162772,-0.12106045,0.013663624,0.015943676,-1.4755453
7740,2026-08-18,-0.04483183,-0.059687965,0.030342638,0.035242386,-1.4774705
3011,2026-08-18,-0.018627575,-0.09105956,0.012540054,0.010896336,-1.4853277
1527,2026-08-18,-0.017680505,-0.019618655,0.011877813,0.012431776,-1.4884067
6209,2026-08-18,-0.040183686,-0.10244762,0.026573222,0.024986025,-1.5121303
3716,2026-08-18,-0.022094758,-0.08024035,0.014576689,0.012701652,-1.5156556
4162,2026-08-18,-0.02296888,0.012664262,0.015125887,0.014916785,-1.5184143
2949,2026-08-18,-0.019114507,-0.019383486,0.012567314,0.012193164,-1.5208489
2387,2026-08-18,-0.028860442,-0.061287712,0.018772261,0.019782804,-1.5373163
6225,2026-08-18,-0.041942324,-0.064319745,0.027233433,0.03274593,-1.5400476
8415,2026-08-18,-0.016920183,0.022467326,0.010956796,0.01547534,-1.5441228
8261,2026-08-18,-0.042817593,-0.084822066,0.027312089,0.02946917,-1.5676584
5315,2026-08-18,-0.027703412,-0.08396533,0.017652445,0.021593222,-1.5692921
6754,2026-08-18,-0.032763947,-0.05588951,0.020648431,0.019614626,-1.5866755
6126,2026-08-18,-0.023812326,-0.11420392,0.014963265,0.015380461,-1.5912794
3479,2026-08-18,-0.033796884,-0.092015855,0.021079719,0.022220172,-1.6032131
5443,2026-08-18,-0.03242899,-0.11280448,0.02021169,0.021511918,-1.6043878
5514,2026-08-18,-0.025502129,-0.023822937,0.015854226,0.0182075,-1.6084367
6916,2026-08-18,-0.019118713,-0.005043778,0.011848639,0.016446212,-1.6134427
3666,2026-08-18,-0.040637814,-0.07144679,0.025176598,0.03046949,-1.6140465
2455,2026-08-18,-0.03226896,-0.11733417,0.019892652,0.023891862,-1.6220732
6419,2026-08-18,-0.032967616,-0.15917912,0.020291189,0.025321621,-1.6246456
4767,2026-08-18,-0.027638478,-0.07878814,0.016814189,0.01874731,-1.6436615
6184,2026-08-18,-0.0211406,-0.030998586,0.0128426915,0.016448898,-1.6459908
6272,2026-08-18,-0.04054811,-0.08354616,0.024493355,0.02568451,-1.6554062
1733,2026-08-18,-0.02243388,-0.03899259,0.013547455,0.015716769,-1.6558257
2324,2026-08-18,-0.025658408,-0.026666734,0.015459686,0.017841686,-1.6595906
2891,2026-08-18,-0.027085276,0.0037445987,0.01625022,0.017092913,-1.6666611
7750,2026-08-18,-0.01756988,-0.07963089,0.010517347,0.01010984,-1.6704031
4806,2026-08-18,-0.029514274,-0.018801289,0.017609302,0.02543085,-1.6759664
1604,2026-08-18,-0.018438125,-0.047652107,0.0109996395,0.014815166,-1.6760957
2608,2026-08-18,-0.025022,-0.014349229,0.0149129545,0.01572243,-1.6777575
2740,2026-08-18,-0.02191464,-0.09026496,0.013003317,0.012469827,-1.685182
6461,2026-08-18,-0.028160969,-0.054686613,0.016492235,0.018693944,-1.7074255
2748,2026-08-18,-0.024689844,-0.06327629,0.014379845,0.017633714,-1.7168562
6596,2026-08-18,-0.023256792,-0.06787907,0.013471425,0.012812661,-1.7262514
2377,2026-08-18,-0.02937607,-0.06316063,0.01700273,0.022145081,-1.727625
5438,2026-08-18,-0.022253625,-0.020998485,0.012820195,0.014949819,-1.7356904
6640,2026-08-18,-0.033049174,-0.05446291,0.018951252,0.019568268,-1.7438124
2453,2026-08-18,-0.027174836,-0.09075393,0.01557082,0.015897956,-1.745129
3019,2026-08-18,-0.0292702,-0.10217077,0.016766597,0.022038748,-1.7456408
6790,2026-08-18,-0.029985432,-0.0008891498,0.017145326,0.013769243,-1.7487962
3052,2026-08-18,-0.025768386,-0.04820635,0.01470993,0.01665599,-1.751649
4967,2026-08-18,-0.05646881,-0.14865328,0.03216595,0.027137412,-1.7554917
1626,2026-08-18,-0.026734281,-0.030091727,0.015081528,0.015504133,-1.7725332
6955,2026-08-18,-0.023985347,-0.11488881,0.013515595,0.015796253,-1.774511
6612,2026-08-18,-0.023749258,-0.038012464,0.013358152,0.014706977,-1.7777519
2397,2026-08-18,-0.036234673,-0.06381702,0.020377256,0.020486685,-1.7781047
2539,2026-08-18,-0.025473999,-0.03859635,0.01426764,0.017076002,-1.7853137
2430,2026-08-18,-0.024969757,-0.07586363,0.013968975,0.015822578,-1.7873873
2020,2026-08-18,-0.027407534,-0.053353615,0.015142095,0.018301051,-1.809903
1432,2026-08-18,-0.032496523,-0.108557016,0.017926332,0.02077419,-1.8126804
4173,2026-08-18,-0.021727825,-0.06526388,0.011984024,0.014361484,-1.8129145
2705,2026-08-18,-0.024519946,-0.053354956,0.0134904655,0.01531333,-1.8174412
3094,2026-08-18,-0.038062897,-0.12054296,0.020910492,0.025462529,-1.8201903
3540,2026-08-18,-0.03514041,-0.09832155,0.019283278,0.020636503,-1.822231
8080,2026-08-18,-0.0259776,0.014292763,0.014234082,0.015929185,-1.8248999
3252,2026-08-18,-0.022713332,-0.03894437,0.012437993,0.012797627,-1.8259783
6248,2026-08-18,-0.028578987,-0.030207498,0.015597554,0.0161571,-1.8321562
6244,2026-08-18,-0.033494417,-0.10883954,0.018255083,0.01787776,-1.8346989
3289,2026-08-18,-0.030490534,-0.16987874,0.016565032,0.018180484,-1.8405454
2883,2026-08-18,-0.025817653,0.009480799,0.013997085,0.015554944,-1.8443702
3707,2026-08-18,-0.033436317,-0.11453451,0.018115317,0.024671156,-1.8456464
2010,2026-08-18,-0.03331936,-0.03727928,0.018019713,0.017429102,-1.8489479
2425,2026-08-18,-0.044549745,-0.018250369,0.024053251,0.028658811,-1.8520528
8048,2026-08-18,-0.036360677,-0.14967223,0.01962218,0.01724157,-1.8529451
1109,2026-08-18,-0.029234251,-0.030292038,0.015662357,0.018799847,-1.8664103
6830,2026-08-18,-0.07870633,-0.14766926,0.04208586,0.041025653,-1.8700929
9924,2026-08-18,-0.030851517,-0.07983603,0.01646271,0.014877735,-1.8739104
5309,2026-08-18,-0.031439524,-0.110298954,0.0167636,0.020700112,-1.8753519
8421,2026-08-18,-0.030666355,-0.037105188,0.01635082,0.015348263,-1.8754091
4195,2026-08-18,-0.027652482,-0.101567954,0.014735438,0.019089824,-1.8764699
6901,2026-08-18,-0.06605472,-0.14049396,0.03506476,0.030353408,-1.8837384
3691,2026-08-18,-0.031569947,-0.2234697,0.016736485,0.02482922,-1.8861822
3653,2026-08-18,-0.022334367,0.0014849154,0.011830157,0.013685045,-1.8877585
9931,2026-08-18,-0.0213145,-0.028669395,0.011229932,0.015901629,-1.8978388
8182,2026-08-18,-0.03622829,-0.092792705,0.019047644,0.022608992,-1.901883
6719,2026-08-18,-0.026778305,-0.12134127,0.014059439,0.014183276,-1.9045141
6112,2026-08-18,-0.030815251,-0.086993665,0.016085673,0.016072694,-1.9155763
8109,2026-08-18,-0.021626603,-0.07225665,0.011242056,0.015000964,-1.9235519
3037,2026-08-18,-0.034131233,-0.057525802,0.017689507,0.022149619,-1.9293529
6512,2026-08-18,-0.021316115,-0.08144813,0.0110229645,0.01440439,-1.933616
2926,2026-08-18,-0.024909956,-0.06669415,0.012820686,0.015708843,-1.9427987
6206,2026-08-18,-0.02747053,-0.055037327,0.014029088,0.014616389,-1.9579726
3632,2026-08-18,-0.0354391,-0.1257314,0.018002661,0.014832819,-1.9684385
2495,2026-08-18,-0.033032298,-0.10222439,0.01676875,0.019195484,-1.9697549
4406,2026-08-18,-0.024404865,-0.046946295,0.0123840505,0.011557709,-1.9705099
2643,2026-08-18,-0.027035275,-0.04849423,0.013698465,0.01894072,-1.9734548
7744,2026-08-18,-0.0220148,-0.11134796,0.011154219,0.019191343,-1.9734979
5508,2026-08-18,-0.028627591,-0.03682777,0.0145007325,0.016722757,-1.9740807
1442,2026-08-18,-0.03701657,-0.01108711,0.01874608,0.01946147,-1.9745246
3078,2026-08-18,-0.03561754,-0.11308882,0.018019294,0.023151988,-1.9765239
6279,2026-08-18,-0.019498888,-0.07816818,0.009807341,0.014633444,-1.9879905
4908,2026-08-18,-0.062498644,-0.17592534,0.03132553,0.033847567,-1.9950708
5324,2026-08-18,-0.02859983,0.022455225,0.014297599,0.012738151,-2.000184
2328,2026-08-18,-0.025753414,-0.07600088,0.012780345,0.014216363,-2.0149221
6708,2026-08-18,-0.02863762,-0.053795166,0.014206016,0.015947549,-2.0157378
5906,2026-08-18,-0.028691696,-0.10161359,0.01409692,0.018023409,-2.0351722
1457,2026-08-18,-0.032978427,-0.053480577,0.016193535,0.01868712,-2.0363922
1735,2026-08-18,-0.04088956,-0.12567474,0.019911807,0.024057448,-2.0534303
2062,2026-08-18,-0.04306906,-0.062431328,0.020965707,0.022863166,-2.0541644
6756,2026-08-18,-0.02530629,-0.07752776,0.012306987,0.013564514,-2.0560868
1460,2026-08-18,-0.023013629,-0.002176805,0.011173409,0.014170934,-2.059494
8442,2026-08-18,-0.03786781,-0.038377095,0.018274413,0.026134685,-2.0720632
6767,2026-08-18,-0.035032034,-0.04755413,0.016870253,0.017557463,-2.0764334
7738,2026-08-18,-0.0231402,-0.10533548,0.011084852,0.016951978,-2.0873632
9802,2026-08-18,-0.047383174,-0.03899089,0.022618197,0.0214603,-2.0948212
9921,2026-08-18,-0.06757148,-0.081408426,0.032231893,0.03198265,-2.0963519
8096,2026-08-18,-0.05560381,-0.107853584,0.026461259,0.025542649,-2.1012495
6918,2026-08-18,-0.028167006,-0.069258146,0.01335553,0.01924763,-2.1088564
4938,2026-08-18,-0.03118956,-0.029370932,0.014780522,0.018765835,-2.110037
9110,2026-08-18,-0.031940658,-0.02714359,0.01504075,0.0143784555,-2.123467
8076,2026-08-18,-0.034273975,-0.08527998,0.016110968,0.015676273,-2.127237
6757,2026-08-18,-0.030808095,-0.03157335,0.014434176,0.013683209,-2.1342375
6188,2026-08-18,-0.03253365,-0.07122287,0.015226328,0.01580995,-2.1365304
3693,2026-08-18,-0.04121078,-0.10802207,0.019212935,0.023887895,-2.144838
3024,2026-08-18,-0.036544245,-0.056203105,0.016818507,0.020417297,-2.17273
6117,2026-08-18,-0.030977368,-0.14919172,0.014227465,0.014811368,-2.1771405
2607,2026-08-18,-0.032108728,-0.020733891,0.014726134,0.012584634,-2.1802428
9917,2026-08-18,-0.022287607,0.0035969238,0.0102166785,0.011915298,-2.181279
1294,2026-08-18,-0.030594114,-0.09199956,0.013983534,0.017149037,-2.1877108
2008,2026-08-18,-0.032701474,-0.011837615,0.014940757,0.015230809,-2.1885962
8088,2026-08-18,-0.040515263,-0.15214415,0.018490976,0.022781556,-2.1909645
6698,2026-08-18,-0.02741357,-0.09490556,0.012507172,0.019285986,-2.1916525
2892,2026-08-18,-0.029523326,-0.034168012,0.013455573,0.021680813,-2.1939707
6971,2026-08-18,-0.029876681,-0.10649327,0.013558313,0.014167098,-2.2034066
2106,2026-08-18,-0.037444837,0.014430549,0.016934425,0.015698204,-2.2110362
3026,2026-08-18,-0.06050986,-0.04392288,0.027357614,0.0346324,-2.2117298
6706,2026-08-18,-0.039319593,-0.1678455,0.017765481,0.022577748,-2.2131333
4952,2026-08-18,-0.039829876,-0.09369823,0.017936343,0.023599446,-2.2205002
1323,2026-08-18,-0.021739893,-0.046115197,0.009779408,0.012903927,-2.2228003
1101,2026-08-18,-0.034087308,-0.0070757223,0.015322041,0.013079318,-2.2245786
3287,2026-08-18,-0.031552438,-0.07860662,0.014110221,0.017734572,-2.2359822
1805,2026-08-18,-0.024318593,-0.04479224,0.010777753,0.013164376,-2.25616
5302,2026-08-18,-0.03777307,-0.045754667,0.016626852,0.015102586,-2.2716746
2027,2026-08-18,-0.023412693,-0.021481805,0.010218962,0.014917125,-2.2908785
9935,2026-08-18,-0.036582552,-0.040153965,0.015963655,0.016852757,-2.2914715
2235,2026-08-18,-0.04017947,-0.11163406,0.01747459,0.021819102,-2.2991767
1538,2026-08-18,-0.044459898,-0.1069293,0.019334659,0.022081474,-2.2993734
2724,2026-08-18,-0.0520881,-0.0926346,0.022620557,0.02552299,-2.3025868
6872,2026-08-18,-0.026270593,-0.06304956,0.01129821,0.013809097,-2.3249936
6284,2026-08-18,-0.03581308,-0.09591249,0.015362573,0.019075645,-2.3310385
5460,2026-08-18,-0.029968739,-0.10973332,0.0127703445,0.014454012,-2.346561
2545,2026-08-18,-0.033680312,-0.07151667,0.014318971,0.014066452,-2.3519819
3219,2026-08-18,-0.047989424,-0.15926589,0.020354606,0.022255361,-2.3575532
3188,2026-08-18,-0.050993193,-0.05917777,0.02141014,0.023509951,-2.3816197
2906,2026-08-18,-0.03225803,-0.048725415,0.013539806,0.01625878,-2.3822827
2007,2026-08-18,-0.028698837,-0.03390355,0.012038359,0.016221374,-2.3837512
2751,2026-08-18,-0.040018786,-0.09702093,0.016707638,0.020976974,-2.3950956
1217,2026-08-18,-0.032166354,-0.022999605,0.013378025,0.013656173,-2.4042375
6024,2026-08-18,-0.045784935,-0.021270854,0.01899354,0.02021974,-2.4104261
2505,2026-08-18,-0.035841215,-0.028789053,0.0148043,0.017905397,-2.4208367
1210,2026-08-18,-0.035818372,-0.021888228,0.014768284,0.012245743,-2.4251935
6531,2026-08-18,-0.03651934,-0.029980648,0.015021673,0.018777117,-2.4309483
3031,2026-08-18,-0.050445996,-0.09771277,0.020681169,0.019406319,-2.4391057
2645,2026-08-18,-0.051723104,-0.06898484,0.02085288,0.018956482,-2.4802628
6414,2026-08-18,-0.035865474,-0.1010958,0.014381247,0.019524207,-2.4937325
1445,2026-08-18,-0.03299711,-0.0824485,0.013198359,0.016752914,-2.4999022
3062,2026-08-18,-0.03374435,-0.114481315,0.013444917,0.013735704,-2.5096354
6186,2026-08-18,-0.048136648,-0.13240404,0.01917771,0.0217012,-2.5099
6969,2026-08-18,-0.061018758,-0.085822344,0.024193276,0.027094623,-2.5220327
6180,2026-08-18,-0.03097843,-0.028157316,0.012267508,0.014419655,-2.5250366
1720,2026-08-18,-0.031400453,-0.027372751,0.01239522,0.013259764,-2.5330667
5215,2026-08-18,-0.033668716,-0.061108105,0.013263271,0.015710197,-2.5383012
3059,2026-08-18,-0.042170603,-0.044034448,0.016580671,0.017324122,-2.5432057
5432,2026-08-18,-0.05474412,-0.20366102,0.021517696,0.021807436,-2.544026
2597,2026-08-18,-0.035453077,-0.03827887,0.013934614,0.0141730495,-2.5440629
2812,2026-08-18,-0.030957485,-0.028789552,0.012163436,0.0146323,-2.5449173
2002,2026-08-18,-0.03661378,-0.035798382,0.014358588,0.014714771,-2.5497794
3673,2026-08-18,-0.044240996,-0.083944164,0.01730681,0.020222982,-2.556129
2834,2026-08-18,-0.028294642,-0.018811913,0.011016439,0.017475137,-2.5681686
3041,2026-08-18,-0.04432811,-0.12538017,0.01719391,0.022990303,-2.5779786
6449,2026-08-18,-0.02693954,-0.10418129,0.010414589,0.017294463,-2.5864632
8102,2026-08-18,-0.034192696,-0.03936781,0.013135091,0.015480854,-2.6029582
6156,2026-08-18,-0.05244847,-0.034628768,0.020145083,0.015347482,-2.6034079
6016,2026-08-18,-0.044121776,-0.053147092,0.016905269,0.021442795,-2.609788
4728,2026-08-18,-0.03763717,-0.03958308,0.014380759,0.013613217,-2.6170075
3607,2026-08-18,-0.03947339,-0.09979336,0.015029878,0.017116189,-2.626153
6720,2026-08-18,-0.035509847,-0.15169986,0.013450077,0.016096696,-2.639926
4155,2026-08-18,-0.031747982,-0.044609915,0.01193446,0.015124858,-2.6599712
6185,2026-08-18,-0.029795181,-0.069816194,0.011193848,0.01744905,-2.6615083
8272,2026-08-18,-0.041934505,-0.118161574,0.015747292,0.02031148,-2.662797
4106,2026-08-18,-0.03212512,-0.06319963,0.012049857,0.015639817,-2.6657953
3051,2026-08-18,-0.0322338,-0.13134085,0.012071433,0.014262213,-2.6700335
2405,2026-08-18,-0.05568052,-0.094897814,0.02084458,0.020484865,-2.6710947
8121,2026-08-18,-0.053620804,-0.13522996,0.019977462,0.0223676,-2.6839306
3489,2026-08-18,-0.063880175,-0.12255872,0.023788985,0.025624888,-2.685171
6577,2026-08-18,-0.045074847,-0.13170646,0.016781624,0.019622615,-2.6858044
1234,2026-08-18,-0.039750505,-0.03284728,0.014797691,0.015650721,-2.6860824
4420,2026-08-18,-0.03528098,-0.10863836,0.013130311,0.018027125,-2.6867828
2923,2026-08-18,-0.0461836,-0.062815554,0.017134093,0.01782304,-2.695264
3260,2026-08-18,-0.050058022,-0.18293259,0.01847594,0.020464284,-2.7092159
2472,2026-08-18,-0.039491724,-0.09808453,0.014516776,0.020574784,-2.7202322
2024,2026-08-18,-0.038535755,-0.029784806,0.01406098,0.014928817,-2.7404218
1802,2026-08-18,-0.05302746,-0.087692745,0.0193175,0.014190589,-2.7449055
4763,2026-08-18,-0.06685735,-0.15086262,0.024325065,0.02990671,-2.7483833
1467,2026-08-18,-0.03763288,-0.038043104,0.013691427,0.016745754,-2.7484446
8215,2026-08-18,-0.05701101,-0.09931335,0.020588499,0.027656361,-2.7689362
6111,2026-08-18,-0.037398648,-0.12940904,0.013478262,0.015874837,-2.774532
2450,2026-08-18,-0.027621675,-0.05365913,0.0099515,0.013528623,-2.7753503
1711,2026-08-18,-0.04966844,-0.113322414,0.017813917,0.022448285,-2.7880251
5488,2026-08-18,-0.047552805,-0.06287229,0.017046161,0.016047956,-2.7894852
6120,2026-08-18,-0.047763266,-0.06761279,0.017096896,0.02004113,-2.793517
6899,2026-08-18,-0.043357156,-0.11316629,0.0154633,0.01856568,-2.8036933
4569,2026-08-18,-0.052048165,-0.09642866,0.018551726,0.016998766,-2.8054187
3050,2026-08-18,-0.03998337,-0.076116435,0.014247135,0.015513892,-2.8062177
2615,2026-08-18,-0.041767538,-0.042744335,0.014881999,0.017888831,-2.8063924
3338,2026-08-18,-0.047941625,-0.12749082,0.017038148,0.016069282,-2.8136163
7795,2026-08-18,-0.070348695,-0.1679099,0.024992157,0.027745645,-2.8147182
1446,2026-08-18,-0.043347932,-0.062202152,0.015362776,0.016248286,-2.8214374
6182,2026-08-18,-0.07062631,-0.177141,0.025015626,0.030156817,-2.823175
1708,2026-08-18,-0.045104895,-0.039350946,0.015942162,0.016761491,-2.8291059
8054,2026-08-18,-0.077927954,-0.22698678,0.027497213,0.038297284,-2.8339279
4736,2026-08-18,-0.030637024,-0.036732595,0.010783889,0.009376357,-2.840736
2351,2026-08-18,-0.05375443,-0.13885584,0.018900935,0.019230472,-2.8438587
1713,2026-08-18,-0.03941365,-0.09344399,0.013838957,0.020944525,-2.8478158
6961,2026-08-18,-0.052080635,-0.09863211,0.018264866,0.01614153,-2.8512547
2436,2026-08-18,-0.06745083,-0.13262154,0.023651265,0.026753416,-2.8517704
3325,2026-08-18,-0.037525892,-0.061877225,0.013134667,0.014958746,-2.8567939
1521,2026-08-18,-0.043669228,-0.038574245,0.015239978,0.016263485,-2.8652508
6692,2026-08-18,-0.04413662,-0.107510306,0.015398755,0.022475703,-2.86606
6482,2026-08-18,-0.052339263,-0.12976195,0.01816275,0.020145167,-2.881523
5013,2026-08-18,-0.04374338,-0.05974067,0.0151533885,0.016507573,-2.8865156
5498,2026-08-18,-0.09047784,-0.27906114,0.03128596,0.031424038,-2.8918707
4513,2026-08-18,-0.06279226,-0.10740461,0.02166673,0.030617947,-2.8979619
1434,2026-08-18,-0.038455155,0.004057198,0.013259663,0.014372767,-2.899942
6614,2026-08-18,-0.026618587,-0.0879277,0.009174437,0.015634725,-2.90107
6438,2026-08-18,-0.03391695,-0.16661184,0.0116612455,0.014413085,-2.9082692
8342,2026-08-18,-0.04029905,-0.07276399,0.013823934,0.014292021,-2.9149542
6994,2026-08-18,-0.055615194,-0.1115257,0.019069664,0.020364305,-2.9162693
6727,2026-08-18,-0.0789759,-0.10495877,0.027068289,0.027838076,-2.9175463
3071,2026-08-18,-0.043584727,-0.113522895,0.014918994,0.017384863,-2.9212294
1439,2026-08-18,-0.045312326,-0.041047286,0.015487976,0.019255826,-2.9254565
8279,2026-08-18,-0.024609962,-0.07535057,0.008392667,0.013797666,-2.9319677
8068,2026-08-18,-0.044265192,-0.11509361,0.01509037,0.013797824,-2.933146
5364,2026-08-18,-0.037429277,-0.10196457,0.012674952,0.014306693,-2.9527783
6197,2026-08-18,-0.050243877,-0.057481803,0.016959105,0.018480493,-2.9624743
7751,2026-08-18,-0.047013704,-0.10349696,0.015775181,0.020128341,-2.9800432
3296,2026-08-18,-0.062950976,-0.04809638,0.02111046,0.017152425,-2.981839
9934,2026-08-18,-0.04749834,-0.042977896,0.015888467,0.015745604,-2.9892972
6113,2026-08-18,-0.04541789,-0.114860535,0.015186614,0.018620854,-2.9904559
6237,2026-08-18,-0.06277512,-0.14739071,0.020907944,0.02197628,-3.0023093
3484,2026-08-18,-0.038832944,-0.05414434,0.01279805,0.014186704,-3.0340488
5489,2026-08-18,-0.05554843,-0.07184734,0.018282948,0.021645246,-3.038098
8938,2026-08-18,-0.03475875,-0.06369653,0.01134196,0.015495936,-3.0643456
9940,2026-08-18,-0.03864254,-0.008711752,0.012542378,0.014023123,-3.0807123
6693,2026-08-18,-0.05496998,-0.115530156,0.017790226,0.017991103,-3.089724
8183,2026-08-18,-0.037700422,-0.090478234,0.012175435,0.011296568,-3.0961788
6834,2026-08-18,-0.07683112,-0.11994906,0.024813158,0.03008408,-3.0962613
3523,2026-08-18,-0.08931403,-0.049759492,0.028841,0.030319871,-3.0966656
6179,2026-08-18,-0.06819941,-0.115978114,0.02198777,0.026347091,-3.1015565
6271,2026-08-18,-0.054046758,-0.13329938,0.0174178,0.021827187,-3.102783
5243,2026-08-18,-0.050718285,-0.1235781,0.016284915,0.020068942,-3.1142423
8422,2026-08-18,-0.063616514,-0.11630858,0.020367518,0.021732243,-3.1232765
6523,2026-08-18,-0.047009546,-0.11515331,0.015034823,0.014967336,-3.126503
7712,2026-08-18,-0.067466065,-0.15025799,0.021576246,0.023758458,-3.1267226
6641,2026-08-18,-0.03830103,-0.06573598,0.012237613,0.015763726,-3.1295235
2371,2026-08-18,-0.0749788,-0.12422768,0.023830798,0.027139744,-3.1461663
6582,2026-08-18,-0.040700477,0.015424373,0.012925254,0.017033398,-3.1486676
2332,2026-08-18,-0.062777065,-0.12988707,0.0198224,0.02086998,-3.1668162
9906,2026-08-18,-0.044754166,-0.06124539,0.014130853,0.019250518,-3.1669
2028,2026-08-18,-0.051190972,-0.04462639,0.01601965,0.014189944,-3.1953118
3054,2026-08-18,-0.10564404,-0.13154908,0.03305237,0.029892625,-3.1961656
6195,2026-08-18,-0.03821168,-0.08288538,0.011953656,0.016674455,-3.196385
6423,2026-08-18,-0.07452307,-0.20679626,0.023248922,0.026322389,-3.205304
5285,2026-08-18,-0.051710285,-0.10698993,0.016094042,0.019824222,-3.2128084
5314,2026-08-18,-0.062194195,-0.2041876,0.019235812,0.024687579,-3.233082
5201,2026-08-18,-0.03186433,-0.10586406,0.009796675,0.01330567,-3.2522337
6655,2026-08-18,-0.040957287,-0.10908673,0.012587203,0.016399425,-3.2536247
2849,2026-08-18,-0.0480548,0.025807118,0.014739693,0.016578013,-3.2600095
4538,2026-08-18,-0.054026533,-0.113990866,0.016569586,0.018035594,-3.2603874
4560,2026-08-18,-0.060533892,-0.0714339,0.018533299,0.023199495,-3.266047
5607,2026-08-18,-0.041886654,-0.03609089,0.012793458,0.012566884,-3.2738123
2337,2026-08-18,-0.048742913,-0.0965553,0.014842723,0.017279824,-3.283739
3373,2026-08-18,-0.045881193,-0.08983076,0.01395432,0.0125457775,-3.2877204
5603,2026-08-18,-0.060600378,-0.102192715,0.018411467,0.018521361,-3.2912688
3622,2026-08-18,-0.05586989,-0.09002382,0.016927084,0.017970975,-3.300426
2911,2026-08-18,-0.033544715,-0.069729365,0.010146099,0.011467392,-3.3058429
2881,2026-08-18,-0.046418294,-0.035967622,0.01399154,0.017815184,-3.31736
7721,2026-08-18,-0.050278388,-0.13861783,0.015151835,0.018885313,-3.3180845
2460,2026-08-18,-0.04403535,-0.08364879,0.013240626,0.015505734,-3.3255243
2719,2026-08-18,-0.041936416,-0.12397812,0.0126017425,0.014771643,-3.3275626
6235,2026-08-18,-0.0561459,-0.12881427,0.016737316,0.016800907,-3.3543339
4916,2026-08-18,-0.07286113,-0.14363103,0.021566596,0.024788411,-3.3782682
2023,2026-08-18,-0.046254016,-0.060865328,0.01368984,0.015194703,-3.3784645
6902,2026-08-18,-0.042235985,-0.10150015,0.012498814,0.01514684,-3.3789291
5512,2026-08-18,-0.046543185,-0.0021841046,0.013761895,0.015612159,-3.3817873
1474,2026-08-18,-0.04975068,-0.08756139,0.014651157,0.017610868,-3.3954508
3090,2026-08-18,-0.09485872,-0.16030441,0.027905772,0.030094828,-3.3991292
3717,2026-08-18,-0.07943975,-0.17547515,0.023358738,0.025472939,-3.4007125
5211,2026-08-18,-0.05225634,-0.15868291,0.015363909,0.016068993,-3.4010184
6415,2026-08-18,-0.04919117,-0.061659805,0.014430382,0.018236026,-3.408625
1614,2026-08-18,-0.05126916,-0.052497763,0.0150267575,0.014604865,-3.4116306
6666,2026-08-18,-0.059593096,-0.043391712,0.017437216,0.018237239,-3.4173849
6741,2026-08-18,-0.054388292,-0.074947596,0.015872197,0.013308967,-3.4264233
6728,2026-08-18,-0.044520643,-0.10492591,0.012963281,0.015514209,-3.4341004
8271,2026-08-18,-0.059270326,-0.24558356,0.017211428,0.019965205,-3.443461
3708,2026-08-18,-0.08183023,-0.094153784,0.023711024,0.02118036,-3.4510016
6846,2026-08-18,-0.048630554,-0.119249426,0.014041216,0.015405798,-3.463168
4433,2026-08-18,-0.04487012,-0.11681341,0.012943985,0.017338622,-3.4662163
3706,2026-08-18,-0.048983224,-0.052223567,0.01409908,0.013145974,-3.4739678
6198,2026-08-18,-0.062024646,-0.054141182,0.017834833,0.01809815,-3.47753
4989,2026-08-18,-0.051793233,-0.15394373,0.014829108,0.022909917,-3.492438
3114,2026-08-18,-0.07502338,-0.11407035,0.021452347,0.020217225,-3.497048
7810,2026-08-18,-0.03519798,-0.17772052,0.010049206,0.015097137,-3.5022147
6593,2026-08-18,-0.050284456,-0.15805954,0.014349624,0.016459448,-3.503991
6835,2026-08-18,-0.05247011,-0.107954346,0.014955805,0.021041516,-3.5081096
2511,2026-08-18,-0.044971738,0.0037783138,0.012751812,0.012383039,-3.5264173
2722,2026-08-18,-0.049743246,-0.086101755,0.014082799,0.01812826,-3.531948
4950,2026-08-18,-0.03918496,-0.05279637,0.011082122,0.014351774,-3.5355525
8234,2026-08-18,-0.07309914,-0.12921885,0.020663837,0.027709994,-3.537368
3167,2026-08-18,-0.0583462,-0.12746532,0.016473575,0.023155658,-3.5415907
3437,2026-08-18,-0.054303423,-0.14947423,0.015291303,0.018530421,-3.5510297
6274,2026-08-18,-0.06261925,-0.13000259,0.01759147,0.019879354,-3.5594344
1582,2026-08-18,-0.08479321,-0.16032277,0.023808895,0.024299491,-3.5612593
1813,2026-08-18,-0.05654491,-0.13530569,0.015827123,0.01840207,-3.572433
6763,2026-08-18,-0.048572674,-0.09644141,0.013585172,0.012431141,-3.5751553
3272,2026-08-18,-0.0515009,-0.12515911,0.014338141,0.018161548,-3.5916307
8147,2026-08-18,-0.068020985,-0.16286135,0.018881261,0.021402005,-3.6023748
3008,2026-08-18,-0.056565914,-0.06279044,0.015685614,0.014819158,-3.605999
2227,2026-08-18,-0.046530772,-0.028618645,0.012900125,0.015146568,-3.6067219
3294,2026-08-18,-0.0666984,-0.13498856,0.018417304,0.01853334,-3.6213107
1319,2026-08-18,-0.05262696,-0.06360139,0.014508533,0.014830337,-3.627061
8916,2026-08-18,-0.05861885,-0.09731202,0.016150903,0.01739499,-3.6292226
4129,2026-08-18,-0.045802094,-0.07918153,0.012584277,0.014713348,-3.6393392
6485,2026-08-18,-0.08171462,-0.20068438,0.022446701,0.029314032,-3.6402223
1463,2026-08-18,-0.07410195,-0.06957969,0.020297509,0.021652596,-3.6506104
6166,2026-08-18,-0.07525287,-0.119215675,0.020597938,0.023719989,-3.65324
3623,2026-08-18,-0.06892691,-0.18908958,0.0188429,0.025986666,-3.6577835
1597,2026-08-18,-0.06194545,-0.12627953,0.016870484,0.017906236,-3.6716065
9918,2026-08-18,-0.055671897,-0.052516375,0.015135358,0.014574489,-3.6780245
8097,2026-08-18,-0.044238567,-0.075073786,0.011966564,0.016640797,-3.696539
2321,2026-08-18,-0.06337856,-0.13023533,0.017131753,0.018228175,-3.6992629
4919,2026-08-18,-0.09706197,-0.19791931,0.026166957,0.029240891,-3.7091918
6752,2026-08-18,-0.044607546,-0.16033359,0.011953465,0.018273083,-3.7314548
2375,2026-08-18,-0.092238985,-0.17196625,0.024663368,0.03236806,-3.7397668
4909,2026-08-18,-0.07862935,-0.21704657,0.021008702,0.029258782,-3.7425258
6637,2026-08-18,-0.06767908,-0.09466599,0.018042117,0.0174261,-3.7509637
1587,2026-08-18,-0.058303125,-0.10766244,0.015526677,0.01944749,-3.7547874
5245,2026-08-18,-0.05073085,-0.07815938,0.013506456,0.015912509,-3.7557664
5483,2026-08-18,-0.083290674,-0.19926955,0.02214809,0.02595734,-3.7604558
1416,2026-08-18,-0.05947552,-0.07798172,0.015778536,0.014567699,-3.769155
4956,2026-08-18,-0.086425535,-0.21255766,0.02286605,0.022329919,-3.779479
3485,2026-08-18,-0.07765928,-0.19214453,0.020527612,0.02384815,-3.7829776
6671,2026-08-18,-0.06463,-0.10654571,0.017082175,0.017066706,-3.7832546
2754,2026-08-18,-0.04999239,-0.06463833,0.013150806,0.013863894,-3.8011806
4192,2026-08-18,-0.057724085,-0.14982262,0.015160227,0.016587691,-3.807349
6292,2026-08-18,-0.056844603,-0.085205965,0.014893508,0.016263124,-3.8164809
2029,2026-08-18,-0.053521413,-0.051937383,0.013899117,0.015557929,-3.850429
1618,2026-08-18,-0.051962897,-0.088233806,0.0134740425,0.016266217,-3.8562324
2392,2026-08-18,-0.05832881,-0.03486261,0.015101514,0.013837331,-3.8621922
9938,2026-08-18,-0.07016713,-0.11466029,0.018120093,0.01804359,-3.8721247
2031,2026-08-18,-0.054797597,-0.06475245,0.014126643,0.016981956,-3.87875
4905,2026-08-18,-0.067890294,-0.13847889,0.017481009,0.018577354,-3.8834379
5351,2026-08-18,-0.08732282,-0.1265173,0.022475332,0.024679968,-3.885101
5425,2026-08-18,-0.10049539,-0.11009469,0.025820052,0.029589633,-3.8919945
2483,2026-08-18,-0.07981728,-0.11389613,0.020484995,0.023774741,-3.8961875
5490,2026-08-18,-0.08578003,-0.12680165,0.021967104,0.023525646,-3.9047534
7820,2026-08-18,-0.06641612,-0.14856382,0.016999044,0.019948144,-3.9068205
3027,2026-08-18,-0.05908772,-0.077716,0.015067273,0.015707288,-3.9213333
7770,2026-08-18,-0.06392573,-0.13689646,0.01628654,0.022098502,-3.9248238
2049,2026-08-18,-0.077273384,-0.06611513,0.019651454,0.0146289505,-3.9319966
3537,2026-08-18,-0.07467059,-0.13044931,0.018951818,0.019579543,-3.9398146
2609,2026-08-18,-0.04892303,-0.018355217,0.012414214,0.012448978,-3.9405708
3046,2026-08-18,-0.061294965,-0.10375526,0.015549493,0.017069839,-3.9416733
4906,2026-08-18,-0.06453046,-0.15259513,0.016306125,0.020856852,-3.9571943
3081,2026-08-18,-0.0666605,-0.16406263,0.016813422,0.021326251,-3.9644837
9930,2026-08-18,-0.05852421,-0.08460627,0.014756888,0.01785538,-3.9656222
6651,2026-08-18,-0.043106463,-0.0953329,0.010794694,0.012661583,-3.9929311
6807,2026-08-18,-0.05941185,-0.065508805,0.014874076,0.017388465,-3.9940536
6770,2026-08-18,-0.07860344,-0.1525912,0.019655159,0.020507185,-3.9989216
1718,2026-08-18,-0.13316873,-0.21511854,0.033203043,0.033732235,-4.010618
8499,2026-08-18,-0.07134131,-0.13134718,0.017784918,0.017073594,-4.011112
3313,2026-08-18,-0.06886458,-0.079942934,0.017146003,0.021741427,-4.016129
6265,2026-08-18,-0.1303405,-0.16956344,0.032326654,0.038592245,-4.031858
6958,2026-08-18,-0.054173637,-0.025911264,0.013435166,0.01365845,-4.0319266
4706,2026-08-18,-0.054799933,-0.056832783,0.013556241,0.017193042,-4.042115
1227,2026-08-18,-0.053830266,-0.022770472,0.013282794,0.011930863,-4.052326
2349,2026-08-18,-0.055203624,-0.15299536,0.013537615,0.017076993,-4.077494
2061,2026-08-18,-0.12259194,-0.23655741,0.029963238,0.027642537,-4.091275
8349,2026-08-18,-0.042138,-0.041633584,0.010227631,0.013401731,-4.1196127
1736,2026-08-18,-0.11675787,-0.17844394,0.028324524,0.026903622,-4.122002
6196,2026-08-18,-0.050038554,-0.04913751,0.01212579,0.015265768,-4.1262817
6158,2026-08-18,-0.046086892,-0.0752106,0.011148663,0.011372147,-4.133478
7711,2026-08-18,-0.061875712,-0.14485759,0.014925185,0.021086099,-4.1454473
2108,2026-08-18,-0.06864441,-0.04802743,0.016553529,0.018884497,-4.146564
3354,2026-08-18,-0.084650606,-0.16808751,0.020395037,0.024547732,-4.150346
8409,2026-08-18,-0.038655035,-0.047261048,0.009296388,0.013737257,-4.157623
2342,2026-08-18,-0.09744069,-0.19064252,0.02340793,0.027711986,-4.1625433
7811,2026-08-18,-0.052385364,-0.097747736,0.012534114,0.017422087,-4.1790895
4121,2026-08-18,-0.05826216,-0.0912207,0.013937247,0.016516147,-4.1800203
4934,2026-08-18,-0.05356547,-0.07023193,0.012811894,0.019193647,-4.180591
5225,2026-08-18,-0.07011799,-0.14104995,0.01676993,0.018962674,-4.180924
3297,2026-08-18,-0.08497336,-0.23871054,0.020279443,0.022821136,-4.189916
9103,2026-08-18,-0.06871878,-0.10570573,0.016378215,0.016181553,-4.195487
8478,2026-08-18,-0.06504307,-0.08462716,0.015494759,0.017008984,-4.1974754
1304,2026-08-18,-0.065904394,-0.08881211,0.01569632,0.018274913,-4.1984487
3455,2026-08-18,-0.10059032,-0.16160354,0.023849143,0.027325172,-4.217598
3266,2026-08-18,-0.05641726,-0.06310168,0.013360224,0.014512905,-4.222462
6204,2026-08-18,-0.076848745,-0.14622895,0.018183025,0.02429345,-4.226168
2801,2026-08-18,-0.046999946,-0.068989664,0.011058721,0.012836531,-4.2496505
6997,2026-08-18,-0.082294375,-0.14021666,0.019275576,0.019185798,-4.269139
6465,2026-08-18,-0.07269754,-0.07991111,0.016997423,0.02049785,-4.276723
8066,2026-08-18,-0.04560857,-0.12836812,0.010638091,0.010254064,-4.2868857
2543,2026-08-18,-0.06838911,-0.15146281,0.015888132,0.01833701,-4.304144
4702,2026-08-18,-0.064229086,-0.10265986,0.014919598,0.014897905,-4.304726
8462,2026-08-18,-0.06482775,-0.06808324,0.015006207,0.012354532,-4.319774
6785,2026-08-18,-0.1066421,-0.16694126,0.024634875,0.032050118,-4.3287315
1603,2026-08-18,-0.060888242,-0.07186637,0.014050591,0.01791803,-4.333192
3438,2026-08-18,-0.06852986,-0.17592075,0.015801586,0.016352102,-4.336623
6517,2026-08-18,-0.14069803,-0.1893384,0.03239787,0.03714809,-4.3426833
3713,2026-08-18,-0.069600806,-0.06261833,0.015997702,0.017795779,-4.3504033
2399,2026-08-18,-0.075534835,-0.098254435,0.017344773,0.021261385,-4.354654
4943,2026-08-18,-0.05969941,-0.108968735,0.013705171,0.017050829,-4.355659
6405,2026-08-18,-0.09235226,-0.22230642,0.021201463,0.024584275,-4.3557324
3168,2026-08-18,-0.054559756,-0.117132045,0.012509349,0.014029118,-4.36117
3508,2026-08-18,-0.068403624,-0.11494977,0.015679913,0.022500828,-4.362222
1473,2026-08-18,-0.055330787,-0.06551274,0.012672172,0.013866138,-4.365978
1541,2026-08-18,-0.06138426,-0.07683324,0.014045546,0.018251479,-4.370061
2546,2026-08-18,-0.06371713,-0.03994517,0.014569949,0.019333225,-4.3728876
1723,2026-08-18,-0.051924847,-0.03938759,0.011847933,0.014009756,-4.3822384
2072,2026-08-18,-0.053813078,-0.15874277,0.012262535,0.015161426,-4.388056
7730,2026-08-18,-0.06496178,-0.113388665,0.014797455,0.01348964,-4.389768
2323,2026-08-18,-0.088769816,-0.09800824,0.020132199,0.020565998,-4.4091263
1436,2026-08-18,-0.063732825,-0.05957434,0.014409436,0.015160763,-4.422685
1326,2026-08-18,-0.064719714,-0.09244798,0.014602612,0.019292504,-4.431761
2903,2026-08-18,-0.04616655,-0.004895091,0.010389652,0.010599671,-4.4430847
1338,2026-08-18,-0.06169981,-0.094340086,0.013860928,0.015115712,-4.4510264
1231,2026-08-18,-0.06713905,-0.11950828,0.0150798615,0.013951047,-4.451937
6859,2026-08-18,-0.07337556,-0.1348208,0.016470108,0.024687707,-4.454804
4175,2026-08-18,-0.061231542,-0.16462837,0.013731783,0.018816926,-4.458786
2743,2026-08-18,-0.08200094,-0.20410043,0.01838759,0.022606395,-4.459338
2636,2026-08-18,-0.040713675,-0.037377898,0.009118992,0.012243615,-4.4642224
7642,2026-08-18,-0.074621394,-0.0884692,0.016698375,0.017363952,-4.468514
2497,2026-08-18,-0.060402535,-0.10027954,0.013514198,0.016721623,-4.46923
3221,2026-08-18,-0.08559536,-0.17090626,0.01915112,0.021821074,-4.469237
8929,2026-08-18,-0.081178255,-0.17054017,0.01815605,0.020681968,-4.4708943
6895,2026-08-18,-0.08823601,-0.16858165,0.019723646,0.020789662,-4.4733887
5213,2026-08-18,-0.05221312,-0.08468796,0.011666208,0.016413352,-4.475203
8028,2026-08-18,-0.06873301,-0.13063663,0.015345678,0.016860114,-4.4786897
1464,2026-08-18,-0.050698377,-0.061073456,0.011307307,0.012881006,-4.4832864
4590,2026-08-18,-0.06702272,-0.0787237,0.014918699,0.013333622,-4.49223
6270,2026-08-18,-0.08780933,-0.08270494,0.01948906,0.020293355,-4.505339
2374,2026-08-18,-0.06483188,-0.104737096,0.014360561,0.018880583,-4.514264
6616,2026-08-18,-0.07282157,-0.077093296,0.016089417,0.014265124,-4.5257726
6922,2026-08-18,-0.061623987,-0.1441445,0.013605537,0.015009846,-4.5289984
3029,2026-08-18,-0.06640207,-0.10134781,0.014602778,0.013943205,-4.5469103
8443,2026-08-18,-0.0436697,-0.106320225,0.009580258,0.013334458,-4.557825
9928,2026-08-18,-0.05252952,-0.051654473,0.011517741,0.016180005,-4.560353
3149,2026-08-18,-0.1338514,-0.17791939,0.029241895,0.035821762,-4.5772276
4526,2026-08-18,-0.09851101,-0.16847302,0.02145933,0.024738386,-4.5903773
3630,2026-08-18,-0.062021516,-0.070381664,0.01350751,0.014643494,-4.5912924
1475,2026-08-18,-0.048982773,-0.0691077,0.010666709,0.014144465,-4.591686
8249,2026-08-18,-0.0660658,-0.1427332,0.01436882,0.01632435,-4.5975385
6662,2026-08-18,-0.05011085,-0.13059744,0.010864961,0.019612601,-4.611727
3687,2026-08-18,-0.056253377,-0.10308933,0.012192837,0.016012348,-4.613263
1423,2026-08-18,-0.040942546,-0.086685546,0.008867976,0.012259084,-4.616378
5244,2026-08-18,-0.07181982,-0.12404733,0.015506601,0.017409122,-4.6312656
6695,2026-08-18,-0.10392542,-0.15139097,0.022436537,0.027509062,-4.631766
3284,2026-08-18,-0.078260146,-0.036529172,0.016851079,0.020193899,-4.643946
2642,2026-08-18,-0.076402806,-0.12733,0.01639974,0.019811822,-4.658498
4716,2026-08-18,-0.11541072,-0.16738945,0.024747236,0.02834507,-4.663392
8043,2026-08-18,-0.0994669,-0.112975106,0.021281758,0.034647148,-4.6735907
5538,2026-08-18,-0.04912009,-0.016812427,0.010507346,0.010271902,-4.6743884
2376,2026-08-18,-0.099316485,-0.13280508,0.021219742,0.022585236,-4.680161
3147,2026-08-18,-0.13831536,-0.24435885,0.029550867,0.024097316,-4.680427
3003,2026-08-18,-0.058283523,-0.046841454,0.012440727,0.0139462,-4.6845202
8463,2026-08-18,-0.09082473,-0.102957726,0.019347146,0.02518986,-4.6942344
4707,2026-08-18,-0.105806,-0.25432622,0.022499876,0.028665826,-4.702306
1201,2026-08-18,-0.07558927,-0.047881737,0.01601003,0.014364863,-4.721075
6173,2026-08-18,-0.123859115,-0.20138277,0.026227387,0.03134021,-4.7223306
2634,2026-08-18,-0.07602239,-0.11064024,0.016029293,0.022448746,-4.74242
1441,2026-08-18,-0.06373379,-0.15965655,0.013432234,0.017626438,-4.744486
1528,2026-08-18,-0.08797134,-0.19545466,0.018509066,0.022541638,-4.7526217
3141,2026-08-18,-0.06794378,-0.15067983,0.014275562,0.017657042,-4.759114
7709,2026-08-18,-0.08103362,-0.17286545,0.016995557,0.019572595,-4.767649
2465,2026-08-18,-0.18846728,-0.14995244,0.039516285,0.049182806,-4.7692366
5014,2026-08-18,-0.050853394,-0.07792965,0.010646486,0.019151974,-4.776094
5306,2026-08-18,-0.0552311,-0.03577405,0.011560704,0.013175897,-4.777073
9902,2026-08-18,-0.08537779,-0.09967048,0.017797137,0.014904379,-4.797007
8482,2026-08-18,-0.06512203,-0.028691944,0.0135736065,0.0147834625,-4.797342
6152,2026-08-18,-0.075823136,-0.1225805,0.01578074,0.021492619,-4.8044853
5519,2026-08-18,-0.06968676,-0.09946875,0.0144813,0.019128514,-4.8118577
8932,2026-08-18,-0.16421992,-0.34393346,0.03412494,0.047500305,-4.812173
4541,2026-08-18,-0.084123,-0.13135067,0.017476384,0.028236495,-4.813249
8440,2026-08-18,-0.0661417,-0.15493457,0.013710754,0.020605743,-4.823723
7547,2026-08-18,-0.08655815,-0.15306808,0.017855538,0.018909547,-4.84742
1785,2026-08-18,-0.16492751,-0.19715644,0.033890173,0.03770703,-4.866386
6598,2026-08-18,-0.060741607,-0.051315762,0.012470332,0.012459488,-4.8704987
4994,2026-08-18,-0.0689325,-0.13337155,0.0141406385,0.01512337,-4.8744354
2910,2026-08-18,-0.08999554,-0.09920362,0.018428346,0.023692595,-4.8832736
1721,2026-08-18,-0.07003358,-0.109768756,0.0143081285,0.016745498,-4.8943286
8074,2026-08-18,-0.11530021,-0.2508473,0.023539806,0.0242592,-4.897887
5471,2026-08-18,-0.06604406,-0.14049625,0.013441882,0.017259069,-4.912939
8255,2026-08-18,-0.07273514,-0.12394125,0.014752963,0.016733218,-4.929871
6492,2026-08-18,-0.05489355,-0.09584667,0.011114275,0.013419575,-4.9385686
2302,2026-08-18,-0.1284023,-0.15158151,0.025959326,0.03176955,-4.946097
3207,2026-08-18,-0.0735662,-0.19151029,0.0148113435,0.020945594,-4.966547
8489,2026-08-18,-0.065704696,-0.16592471,0.013188214,0.014866206,-4.981699
2363,2026-08-18,-0.07880275,-0.11328519,0.015799897,0.026771454,-4.9872327
1515,2026-08-18,-0.15452848,-0.17249003,0.030967949,0.034198362,-4.9897876
4907,2026-08-18,-0.06908347,-0.097125664,0.013841566,0.016708896,-4.990655
6508,2026-08-18,-0.0732626,-0.08246807,0.01462706,0.016294586,-5.008361
3511,2026-08-18,-0.06494305,-0.10312896,0.012960604,0.01814021,-5.0104175
6854,2026-08-18,-0.06020159,-0.13817382,0.012009169,0.017096655,-5.0125513
9937,2026-08-18,-0.06421408,-0.02925885,0.012709594,0.01785969,-5.0520124
1806,2026-08-18,-0.104488485,-0.092010565,0.020671131,0.0190292,-5.054558
6591,2026-08-18,-0.09013314,-0.18467362,0.017830657,0.018740082,-5.05467
4441,2026-08-18,-0.062372208,-0.10744433,0.012288547,0.013319583,-5.075224
6203,2026-08-18,-0.072344415,-0.15763544,0.014183155,0.014745564,-5.100368
3288,2026-08-18,-0.094490744,-0.14740899,0.018474264,0.02386026,-5.114446
9955,2026-08-18,-0.10980795,-0.20978299,0.02140747,0.023495048,-5.129183
2466,2026-08-18,-0.09798954,-0.18640317,0.019088361,0.022440113,-5.133201
3498,2026-08-18,-0.12273073,-0.1772556,0.023898644,0.027407613,-5.1352534
6505,2026-08-18,-0.09211812,-0.11690917,0.017928917,0.023012942,-5.1376767
3416,2026-08-18,-0.0728413,-0.10292133,0.014119812,0.012704554,-5.1584353
8072,2026-08-18,-0.10176834,-0.20852397,0.019682672,0.020789342,-5.170191
4523,2026-08-18,-0.08185946,-0.13840038,0.015829707,0.019584145,-5.170929
2409,2026-08-18,-0.10257957,-0.2143252,0.01981134,0.020675931,-5.17756
3669,2026-08-18,-0.08159012,-0.13254002,0.015747724,0.021346388,-5.180745
4741,2026-08-18,-0.09069786,-0.19570401,0.01749912,0.024560157,-5.182699
2528,2026-08-18,-0.07409863,-0.07395802,0.014258597,0.015996497,-5.1964045
4556,2026-08-18,-0.12090616,-0.15931939,0.023176547,0.029940562,-5.216521
6913,2026-08-18,-0.073634215,-0.14258581,0.014075527,0.015986416,-5.230993
5230,2026-08-18,-0.080482736,-0.10130189,0.015377828,0.018562501,-5.2333465
4139,2026-08-18,-0.07973693,-0.07984433,0.015228246,0.015809992,-5.2357764
4113,2026-08-18,-0.10827044,-0.13523015,0.02066883,0.021165734,-5.23809
8084,2026-08-18,-0.17170046,-0.21222964,0.03274761,0.032748375,-5.242985
4442,2026-08-18,-0.09957238,-0.15862378,0.018972622,0.021285895,-5.247937
1314,2026-08-18,-0.10751512,-0.12953684,0.020483326,0.023344781,-5.248653
3684,2026-08-18,-0.09517954,-0.19647461,0.018110594,0.0210017,-5.2551723
7732,2026-08-18,-0.059365645,-0.09835291,0.011289221,0.01303828,-5.2581472
4576,2026-08-18,-0.0772528,-0.13051112,0.014654261,0.017586455,-5.2713356
1504,2026-08-18,-0.08024907,-0.13888429,0.015221314,0.01842636,-5.2718053
4968,2026-08-18,-0.088677995,-0.22776055,0.016818967,0.019984167,-5.272186
2427,2026-08-18,-0.06750965,-0.087206654,0.012754065,0.014581367,-5.292772
6761,2026-08-18,-0.10689898,-0.1745243,0.020150969,0.024499245,-5.3046417
3550,2026-08-18,-0.097473316,-0.19128743,0.018312462,0.019919464,-5.3224955
6909,2026-08-18,-0.103401795,-0.21396232,0.01942555,0.020109916,-5.322705
8411,2026-08-18,-0.06792715,-0.053018283,0.012752943,0.01212788,-5.3259726
3714,2026-08-18,-0.095677614,-0.114085816,0.017947959,0.0233587,-5.3305383
1598,2026-08-18,-0.07328985,-0.11962169,0.013734907,0.016128689,-5.3356395
2359,2026-08-18,-0.12279697,-0.11019062,0.022851195,0.022781258,-5.3735304
3093,2026-08-18,-0.08788492,-0.17354015,0.016324038,0.021404063,-5.3834434
6843,2026-08-18,-0.079149626,-0.16193965,0.014694716,0.017178548,-5.385898
2454,2026-08-18,-0.059984256,-0.06177875,0.011125446,0.013210664,-5.3911424
8473,2026-08-18,-0.08928109,-0.059103813,0.016559664,0.021639684,-5.391154
3548,2026-08-18,-0.14003992,-0.23605318,0.025922883,0.02574273,-5.401965
2939,2026-08-18,-0.10059835,-0.15361825,0.018596523,0.018548483,-5.409234
2492,2026-08-18,-0.10888689,-0.2164347,0.020114917,0.023706332,-5.4129715
3444,2026-08-18,-0.14612709,-0.27549186,0.02697713,0.030405536,-5.416502
2038,2026-08-18,-0.10146529,-0.137012,0.018729461,0.02345658,-5.417127
8227,2026-08-18,-0.08540963,-0.25038806,0.01575286,0.022848545,-5.421505
1584,2026-08-18,-0.10076378,-0.13102676,0.018512813,0.020778568,-5.442627
1313,2026-08-18,-0.07491973,-0.09899766,0.013719948,0.013042051,-5.460244
6742,2026-08-18,-0.084767826,-0.12498038,0.015513402,0.014154226,-5.463815
8933,2026-08-18,-0.10343849,-0.10924063,0.018893236,0.020133091,-5.4746056
8429,2026-08-18,-0.0689604,-0.08702961,0.012594878,0.014601317,-5.4748387
6498,2026-08-18,-0.10502345,-0.2175188,0.019158915,0.018579653,-5.4814153
3043,2026-08-18,-0.10846143,-0.19966513,0.019728668,0.022004751,-5.4973774
2070,2026-08-18,-0.09138221,-0.14364195,0.016564086,0.022712018,-5.5165553
2612,2026-08-18,-0.0844562,-0.10356113,0.015286534,0.015416895,-5.524514
3594,2026-08-18,-0.13418457,-0.21915203,0.024283964,0.024226844,-5.525418
1203,2026-08-18,-0.08306802,-0.058431268,0.0150265675,0.014897345,-5.527709
2103,2026-08-18,-0.111494996,-0.09673918,0.020095283,0.016246853,-5.5480404
5011,2026-08-18,-0.07743255,-0.06260933,0.013923878,0.016477698,-5.5607347
6153,2026-08-18,-0.06394851,-0.12806644,0.011474472,0.018719751,-5.572626
3501,2026-08-18,-0.085569,-0.13315584,0.01535386,0.016859103,-5.572763
2365,2026-08-18,-0.102696545,-0.20826338,0.018397082,0.020906398,-5.581916
4563,2026-08-18,-0.08311486,-0.15578859,0.014888121,0.019178202,-5.5822544
6147,2026-08-18,-0.12280865,-0.1936903,0.02196907,0.021526754,-5.5898156
8426,2026-08-18,-0.09527996,-0.14447801,0.01694635,0.023644384,-5.6221156
3047,2026-08-18,-0.12224212,-0.1599843,0.021734504,0.019192353,-5.624076
3430,2026-08-18,-0.13265818,-0.2204123,0.023567459,0.025126223,-5.628632
4171,2026-08-18,-0.09950283,-0.12396316,0.017572526,0.016885692,-5.662087
9907,2026-08-18,-0.07220073,-0.062129784,0.012749171,0.016389465,-5.6627264
6796,2026-08-18,-0.09075366,-0.13282472,0.016014945,0.018392283,-5.6664567
1301,2026-08-18,-0.07623065,-0.10221974,0.013426828,0.01843598,-5.677065
3004,2026-08-18,-0.08435413,-0.14064655,0.014828628,0.0143386405,-5.688216
1417,2026-08-18,-0.078038245,-0.13780692,0.013704078,0.018105991,-5.6941113
6791,2026-08-18,-0.071605876,-0.2010917,0.012569542,0.019060832,-5.6963234
6923,2026-08-18,-0.073452644,-0.16775656,0.012826982,0.019611524,-5.7259703
3128,2026-08-18,-0.06436418,-0.13370273,0.011204463,0.01701586,-5.7439995
4426,2026-08-18,-0.08145342,-0.09146557,0.014098565,0.01818322,-5.7770166
3362,2026-08-18,-0.11438377,-0.16605063,0.01979116,0.020185037,-5.7792463
6243,2026-08-18,-0.17264134,-0.31245294,0.029857583,0.027703164,-5.7819667
2429,2026-08-18,-0.10395852,-0.14696755,0.017963316,0.022318779,-5.7869453
3006,2026-08-18,-0.11590563,-0.22108288,0.019999072,0.018080745,-5.7952604
2516,2026-08-18,-0.07712189,-0.05445036,0.013267866,0.016881907,-5.812244
3056,2026-08-18,-0.095816754,-0.093659945,0.01645899,0.01546391,-5.8211913
6841,2026-08-18,-0.0913318,-0.13402124,0.015671808,0.018461626,-5.827405
2461,2026-08-18,-0.09914115,-0.13427186,0.01700898,0.019273939,-5.8284106
4927,2026-08-18,-0.13703844,-0.34848613,0.023427306,0.029127736,-5.849268
3224,2026-08-18,-0.118379325,-0.22917703,0.020215515,0.024989326,-5.855575
8906,2026-08-18,-0.07849528,-0.10388093,0.01340243,0.015348064,-5.856357
2417,2026-08-18,-0.13302892,-0.19214617,0.0226838,0.02847549,-5.864232
6558,2026-08-18,-0.074662276,-0.13810346,0.012723687,0.017568659,-5.8675137
6792,2026-08-18,-0.0975976,-0.14876932,0.016568458,0.01877727,-5.8902106
5426,2026-08-18,-0.16369285,-0.16567388,0.027737023,0.025606155,-5.901388
4714,2026-08-18,-0.12402792,-0.22072731,0.021008637,0.024617396,-5.9033823
6469,2026-08-18,-0.097736485,-0.16698821,0.016535448,0.022221657,-5.9103675
6122,2026-08-18,-0.105405666,-0.15911244,0.017831787,0.020599533,-5.910779
1616,2026-08-18,-0.11450292,-0.16822882,0.019346902,0.022400472,-5.918105
3447,2026-08-18,-0.11820102,-0.18093452,0.019938612,0.019055665,-5.9279494
6716,2026-08-18,-0.109407015,-0.20738181,0.018454146,0.020887254,-5.928266
9105,2026-08-18,-0.1217696,-0.20371571,0.020445883,0.026914695,-5.9554114
1233,2026-08-18,-0.06493173,-0.06826925,0.010884577,0.013152692,-5.964932
6753,2026-08-18,-0.13164783,-0.23522715,0.022029184,0.028729698,-5.9757934
7736,2026-08-18,-0.08888225,-0.13110211,0.014869613,0.0161084,-5.9770403
2477,2026-08-18,-0.084268965,-0.11875376,0.014078958,0.01574985,-5.9850297
7780,2026-08-18,-0.0861939,-0.08536259,0.014374039,0.013184467,-5.996081
5468,2026-08-18,-0.10113528,-0.11057717,0.016836043,0.01812214,-6.0067124
3576,2026-08-18,-0.084779836,-0.10780108,0.014092219,0.016597819,-6.0156474
6804,2026-08-18,-0.09322771,-0.09219913,0.015473083,0.012559306,-6.0247645
3040,2026-08-18,-0.12372252,-0.19831608,0.020526115,0.016003154,-6.0272727
1809,2026-08-18,-0.13404718,-0.2102732,0.022230126,0.03134916,-6.029707
7818,2026-08-18,-0.08759363,-0.11529064,0.014473234,0.01538138,-6.0516934
3049,2026-08-18,-0.09702945,-0.15164255,0.016031237,0.016549641,-6.0521464
1312,2026-08-18,-0.11579729,-0.21692728,0.019040776,0.02473697,-6.081223
1440,2026-08-18,-0.09452842,-0.08598283,0.0155383125,0.01656106,-6.083179
6873,2026-08-18,-0.10357826,-0.16831556,0.017009718,0.021527577,-6.0889997
3205,2026-08-18,-0.078091845,-0.12716788,0.01278618,0.014125775,-6.107042
3701,2026-08-18,-0.098900765,-0.19769563,0.01616628,0.019169977,-6.117341
8110,2026-08-18,-0.11254755,-0.24004179,0.018387532,0.026018584,-6.120529
3042,2026-08-18,-0.10644285,-0.14236173,0.017376184,0.02071785,-6.125437
3055,2026-08-18,-0.103317134,-0.1667119,0.016805688,0.02316863,-6.1473823
4739,2026-08-18,-0.1298136,-0.31243065,0.021093134,0.023536202,-6.154014
6516,2026-08-18,-0.07739612,-0.14059326,0.0125750555,0.012516106,-6.154244
1725,2026-08-18,-0.10685323,-0.14305118,0.017350622,0.019271465,-6.158112
4131,2026-08-18,-0.08561856,-0.14985003,0.013896045,0.017546356,-6.160918
1444,2026-08-18,-0.087155946,-0.026329838,0.014066208,0.013088218,-6.1956816
3073,2026-08-18,-0.11317692,-0.17666848,0.018245725,0.020580126,-6.202588
6890,2026-08-18,-0.086386316,-0.09699791,0.013894527,0.016553113,-6.216843
6906,2026-08-18,-0.09150205,-0.14097907,0.014692068,0.018288052,-6.227566
8908,2026-08-18,-0.09746672,-0.093090266,0.015590891,0.019177094,-6.251116
6191,2026-08-18,-0.0867031,-0.14823695,0.013861024,0.01910908,-6.2547216
6224,2026-08-18,-0.14450945,-0.22082001,0.023000034,0.021661332,-6.2827373
1470,2026-08-18,-0.0766092,-0.09372416,0.01215619,0.016383126,-6.3015547
1732,2026-08-18,-0.075563446,-0.13124152,0.011979744,0.015014277,-6.3070745
3323,2026-08-18,-0.15761264,-0.24581395,0.024988588,0.029889025,-6.3071322
4746,2026-08-18,-0.1409227,-0.18407948,0.022323906,0.020688633,-6.312353
1623,2026-08-18,-0.09265002,-0.16390519,0.014669432,0.017592324,-6.315425
6167,2026-08-18,-0.17405662,-0.23001169,0.027556054,0.028256262,-6.3162274
4903,2026-08-18,-0.13291663,-0.20226127,0.020954978,0.025256416,-6.3426595
6689,2026-08-18,-0.09580473,-0.18327405,0.015100766,0.016863303,-6.343942
2616,2026-08-18,-0.10758244,-0.13025212,0.016949663,0.019793248,-6.3467984
8488,2026-08-18,-0.10881194,-0.103056744,0.01711842,0.01752859,-6.3560524
5515,2026-08-18,-0.10078522,-0.07092281,0.015827404,0.018553138,-6.3673644
3308,2026-08-18,-0.12947,-0.17921363,0.020329276,0.02081445,-6.368335
7703,2026-08-18,-0.10092805,-0.21885188,0.015841596,0.019160926,-6.3706765
1599,2026-08-18,-0.0761415,-0.15879045,0.011914504,0.014961421,-6.39012
6431,2026-08-18,-0.083184436,-0.08086063,0.012992375,0.013785986,-6.4020653
3466,2026-08-18,-0.12650831,-0.2433606,0.019752068,0.026528459,-6.404489
5222,2026-08-18,-0.12146993,-0.19335337,0.018944288,0.020913886,-6.411617
7722,2026-08-18,-0.104169115,-0.14090902,0.0162221,0.015806647,-6.4210362
8011,2026-08-18,-0.08919029,-0.158001,0.013860836,0.018576404,-6.4342337
4722,2026-08-18,-0.10429481,-0.17770633,0.01619491,0.025452616,-6.4395766
6221,2026-08-18,-0.07808161,-0.1041633,0.012113194,0.0137601085,-6.4454646
1717,2026-08-18,-0.15751562,-0.1745932,0.024436569,0.026235536,-6.4456334
8089,2026-08-18,-0.087149985,-0.14155358,0.0135192,0.019398253,-6.4459095
6201,2026-08-18,-0.080090314,-0.13556519,0.012414166,0.015636623,-6.4510064
4137,2026-08-18,-0.073950194,-0.06224086,0.011454205,0.009609488,-6.4555974
1309,2026-08-18,-0.11103285,-0.22502689,0.01719218,0.0191979,-6.457959
8085,2026-08-18,-0.09898803,-0.10344477,0.015319816,0.018717205,-6.461015
2524,2026-08-18,-0.090205275,-0.07723901,0.013921447,0.012148387,-6.479125
2646,2026-08-18,-0.09991242,-0.042337004,0.015393705,0.014520705,-6.490051
6462,2026-08-18,-0.14204182,-0.26241693,0.021845216,0.026263028,-6.5018954
1409,2026-08-18,-0.20822556,-0.19904293,0.03198401,0.026290968,-6.510099
8924,2026-08-18,-0.07700222,-0.13454501,0.0118189445,0.014891671,-6.5146008
8040,2026-08-18,-0.09731326,-0.21653144,0.014923526,0.019021392,-6.5203586
6620,2026-08-18,-0.1049517,-0.1110316,0.016077042,0.017438883,-6.5276423
2901,2026-08-18,-0.09764627,-0.13215205,0.014939627,0.018405307,-6.5356207
6931,2026-08-18,-0.083277814,-0.1336071,0.012736574,0.015132191,-6.537965
6446,2026-08-18,-0.12171829,-0.14077449,0.018506553,0.018184647,-6.5766816
2538,2026-08-18,-0.101686746,-0.14072917,0.015429051,0.018553546,-6.5901756
5530,2026-08-18,-0.10366435,-0.05795416,0.015726103,0.016814971,-6.5914464
4540,2026-08-18,-0.12430718,-0.19649775,0.018855456,0.018487295,-6.592287
1524,2026-08-18,-0.12944816,-0.18596846,0.019611172,0.017910678,-6.600399
6967,2026-08-18,-0.12519862,-0.21181604,0.018943133,0.022233611,-6.6088333
8047,2026-08-18,-0.11783435,-0.17712116,0.017799828,0.02130139,-6.6195993
3032,2026-08-18,-0.078719534,-0.15669066,0.011838736,0.017807566,-6.6487575
8099,2026-08-18,-0.114693604,-0.18053961,0.017247751,0.02242468,-6.649386
6658,2026-08-18,-0.12105306,-0.22820123,0.018149367,0.02221096,-6.6694555
2491,2026-08-18,-0.102508776,-0.12711668,0.015350535,0.021663053,-6.6774287
2348,2026-08-18,-0.08015604,-0.0667758,0.011998035,0.015417587,-6.6802073
6441,2026-08-18,-0.12537839,-0.20965648,0.01874438,0.022692073,-6.6884956
2929,2026-08-18,-0.08571673,-0.07260012,0.012800816,0.014683777,-6.695669
1337,2026-08-18,-0.11617718,-0.14607458,0.017339276,0.016221255,-6.699846
6215,2026-08-18,-0.12006419,-0.23490892,0.017916571,0.023956109,-6.7009187
6952,2026-08-18,-0.104482934,-0.13823673,0.015567478,0.014269642,-6.711185
6233,2026-08-18,-0.12783708,-0.20164356,0.019010982,0.02511555,-6.7240267
6617,2026-08-18,-0.1259936,-0.16079164,0.0187336,0.020042123,-6.725182
5278,2026-08-18,-0.10135853,-0.11189083,0.015067495,0.015647305,-6.7265196
4930,2026-08-18,-0.0646646,-0.14013793,0.009609591,0.014768621,-6.7284727
6578,2026-08-18,-0.08797117,-0.13256355,0.0130247045,0.015255434,-6.7536592
3434,2026-08-18,-0.118509084,-0.15350342,0.017532298,0.020884063,-6.7590866
4157,2026-08-18,-0.096647106,-0.15982164,0.014291186,0.017867928,-6.7622337
2540,2026-08-18,-0.14097196,-0.11707942,0.020829378,0.021555504,-6.767614
2221,2026-08-18,-0.13069141,-0.14753075,0.019251239,0.023353936,-6.7883744
6150,2026-08-18,-0.11170294,-0.20070158,0.016451485,0.024324404,-6.7894263
4935,2026-08-18,-0.08346646,-0.10122096,0.012275955,0.012785841,-6.7986293
2413,2026-08-18,-0.11244926,-0.20592591,0.016538845,0.019055963,-6.7986884
3646,2026-08-18,-0.07660101,-0.11972448,0.011264151,0.013410966,-6.7998214
1465,2026-08-18,-0.07023185,-0.11912977,0.010322384,0.013654506,-6.8031807
2457,2026-08-18,-0.10332811,-0.17467068,0.015152362,0.020263698,-6.818824
4148,2026-08-18,-0.10602299,-0.11710375,0.015529901,0.01522975,-6.8265834
6174,2026-08-18,-0.09831659,-0.1422401,0.014374439,0.016500054,-6.8392057
3504,2026-08-18,-0.11243067,-0.18054806,0.016406128,0.024694903,-6.85255
2723,2026-08-18,-0.06820111,-0.05437281,0.009950478,0.009366746,-6.853365
2380,2026-08-18,-0.084019355,-0.18561265,0.012244545,0.017435368,-6.861218
4530,2026-08-18,-0.11709466,-0.15873085,0.017037535,0.020151155,-6.872343
6875,2026-08-18,-0.10201265,-0.10352442,0.014823976,0.018980213,-6.881134
1454,2026-08-18,-0.08593071,-0.13468835,0.012452064,0.017185874,-6.900367
1583,2026-08-18,-0.10644614,-0.09407487,0.0154192345,0.012814269,-6.9030166
3025,2026-08-18,-0.13115983,-0.2337931,0.018978415,0.021396652,-6.910636
4438,2026-08-18,-0.11122217,-0.13038307,0.016071374,0.018745517,-6.9200835
1517,2026-08-18,-0.12150672,-0.14253616,0.017512841,0.020980233,-6.9377537
2014,2026-08-18,-0.09030514,-0.072964,0.0130142085,0.0132258795,-6.938432
6934,2026-08-18,-0.13662736,-0.14969662,0.019686438,0.017380768,-6.939824
5381,2026-08-18,-0.16592719,-0.26834723,0.02388397,0.023474697,-6.9469285
7402,2026-08-18,-0.15975532,-0.20448662,0.022978153,0.026676895,-6.9521847
5465,2026-08-18,-0.116863504,-0.1441037,0.016805451,0.018601272,-6.9534907
6733,2026-08-18,-0.11145326,-0.1425216,0.015996354,0.01834608,-6.966981
6005,2026-08-18,-0.09129556,-0.07362353,0.013094922,0.015303997,-6.9712973
1295,2026-08-18,-0.11775368,-0.18939076,0.016793827,0.019683333,-7.0113063
3591,2026-08-18,-0.110683374,-0.2485211,0.015755393,0.022814058,-7.0246644
1595,2026-08-18,-0.16345757,-0.2978897,0.023252787,0.026086248,-7.0292883
6953,2026-08-18,-0.100630745,-0.20483,0.014191398,0.019557118,-7.090468
3322,2026-08-18,-0.13358372,-0.19527037,0.01882925,0.026322858,-7.0941024
4430,2026-08-18,-0.09156626,-0.16999075,0.012892357,0.015761128,-7.1018167
6432,2026-08-18,-0.14373972,-0.15615918,0.02021493,0.021341346,-7.11022
1447,2026-08-18,-0.12828352,-0.06473465,0.01798382,0.017558685,-7.1328773
2012,2026-08-18,-0.12720247,-0.09534405,0.017809544,0.016841015,-7.1419754
1530,2026-08-18,-0.0955098,-0.09618251,0.0133406,0.013791107,-7.1587963
4164,2026-08-18,-0.07746531,-0.09133235,0.010816471,0.013043312,-7.1611295
6477,2026-08-18,-0.14693454,-0.19267757,0.020517122,0.024642888,-7.1612077
4557,2026-08-18,-0.08530794,-0.08874815,0.011892307,0.015483398,-7.172769
6425,2026-08-18,-0.14425401,-0.2856973,0.020072931,0.03040146,-7.1861367
6533,2026-08-18,-0.11682974,-0.21215327,0.016251989,0.020426635,-7.1882
6541,2026-08-18,-0.12519924,-0.12306146,0.017328387,0.019895433,-7.224678
1108,2026-08-18,-0.09767646,-0.0980084,0.013490156,0.01894028,-7.2400365
4923,2026-08-18,-0.14696035,-0.1720488,0.020281963,0.02287927,-7.245507
3057,2026-08-18,-0.10441058,-0.2215591,0.01438148,0.022769969,-7.259567
6220,2026-08-18,-0.117624246,-0.17704399,0.016198076,0.01617021,-7.26117
2905,2026-08-18,-0.10513889,-0.08526943,0.014432323,0.016578328,-7.284455
8103,2026-08-18,-0.16071688,-0.20117325,0.022059854,0.024003075,-7.285161
6282,2026-08-18,-0.100425705,-0.14775337,0.013730363,0.0151595995,-7.3136005
8917,2026-08-18,-0.09111722,-0.09613619,0.012412109,0.014541608,-7.340402
7819,2026-08-18,-0.13581964,-0.23715693,0.018401887,0.023809098,-7.3803444
6588,2026-08-18,-0.22153607,-0.3310434,0.029803738,0.033188984,-7.4329143
6118,2026-08-18,-0.09494177,-0.15132761,0.012762933,0.015611686,-7.438285
8937,2026-08-18,-0.24959365,-0.3470197,0.03354312,0.0400904,-7.4407573
3552,2026-08-18,-0.11998506,-0.1676585,0.016117478,0.01862109,-7.4439445
3663,2026-08-18,-0.10357203,-0.20571838,0.013900755,0.016681017,-7.4502845
6530,2026-08-18,-0.2311354,-0.34648255,0.030973982,0.032411333,-7.4620028
1236,2026-08-18,-0.13880338,-0.20041126,0.018553702,0.017695451,-7.4807653
6576,2026-08-18,-0.12214071,-0.10117577,0.016214985,0.018577302,-7.532118
2614,2026-08-18,-0.1361298,-0.21306057,0.018018147,0.014834427,-7.5547304
6116,2026-08-18,-0.15442708,-0.2618288,0.020386575,0.027502589,-7.5745683
6488,2026-08-18,-0.1372058,-0.20834033,0.01811089,0.028625717,-7.575454
1568,2026-08-18,-0.14715068,-0.18859024,0.019417357,0.02170865,-7.577916
3379,2026-08-18,-0.18998973,-0.29272202,0.02494246,0.0314906,-7.6168156
5450,2026-08-18,-0.14822769,-0.16066399,0.019458117,0.018746229,-7.61739
3346,2026-08-18,-0.09376337,-0.07760053,0.012299482,0.01314542,-7.6227393
4911,2026-08-18,-0.099056594,-0.15186052,0.012974376,0.014092866,-7.634198
4160,2026-08-18,-0.1346274,-0.23348983,0.017610773,0.01960378,-7.6441708
8045,2026-08-18,-0.15031822,-0.24270777,0.019579688,0.023275997,-7.676861
6275,2026-08-18,-0.15258814,-0.24241784,0.019861495,0.021054069,-7.6822243
6649,2026-08-18,-0.11479008,-0.16433655,0.0149199935,0.02332261,-7.693193
6597,2026-08-18,-0.085728325,-0.10088148,0.011130855,0.018386278,-7.701171
1532,2026-08-18,-0.111171596,-0.085036375,0.014419385,0.014708141,-7.709336
8905,2026-08-18,-0.1295314,-0.13584787,0.01679986,0.018147508,-7.709808
2258,2026-08-18,-0.12025962,-0.104863934,0.01554131,0.012929649,-7.7375636
5202,2026-08-18,-0.14576076,-0.20167616,0.018835654,0.019935874,-7.738145
1815,2026-08-18,-0.14788154,-0.25715107,0.019091787,0.027204962,-7.745414
6538,2026-08-18,-0.18228136,-0.21897411,0.02349772,0.030525982,-7.7570763
3013,2026-08-18,-0.101621956,-0.23167633,0.013074285,0.023283293,-7.7720637
2201,2026-08-18,-0.058638487,-0.026928153,0.007542589,0.0086506745,-7.773288
1904,2026-08-18,-0.16196127,-0.07637863,0.020812515,0.02068257,-7.7815433
4571,2026-08-18,-0.11196553,-0.15223645,0.014357374,0.013713196,-7.7979255
1325,2026-08-18,-0.1015834,-0.16735658,0.012972504,0.015456323,-7.830066
6496,2026-08-18,-0.16439678,-0.25651637,0.020992558,0.018040447,-7.83082
3388,2026-08-18,-0.19348842,-0.28833333,0.024623273,0.026637305,-7.85763
4109,2026-08-18,-0.15359999,-0.18237537,0.019509973,0.020688904,-7.872493
6426,2026-08-18,-0.20872808,-0.3587914,0.026426826,0.032216612,-7.8980417
2489,2026-08-18,-0.13690953,-0.14953274,0.0173231,0.026507938,-7.902837
8436,2026-08-18,-0.10527372,-0.118682384,0.01330623,0.0130571015,-7.911017
3652,2026-08-18,-0.13184671,-0.17174634,0.016663294,0.0208331,-7.9119287
6546,2026-08-18,-0.15874547,-0.2622941,0.019919178,0.025227923,-7.969079
1789,2026-08-18,-0.1203304,-0.09372374,0.015095291,0.014057247,-7.9708586
4912,2026-08-18,-0.089968726,-0.15802886,0.011268341,0.015775416,-7.9834948
3018,2026-08-18,-0.14953884,-0.16841221,0.018687055,0.020459576,-8.001842
1742,2026-08-18,-0.15002885,-0.18600097,0.018727055,0.022660304,-8.010915
1336,2026-08-18,-0.10597824,-0.10359671,0.013192242,0.0139094265,-8.032767
5258,2026-08-18,-0.11787222,-0.18391556,0.014670901,0.015337021,-8.033875
5227,2026-08-18,-0.1508452,-0.21189849,0.018728476,0.020122461,-8.053893
1526,2026-08-18,-0.13729177,-0.15314166,0.0169987,0.022296855,-8.076129
4190,2026-08-18,-0.13724011,-0.14052938,0.016990598,0.01964,-8.07694
6569,2026-08-18,-0.114858896,-0.17148978,0.014166117,0.014292774,-8.1074295
2236,2026-08-18,-0.076444305,-0.13040978,0.009418051,0.016126283,-8.115925
2032,2026-08-18,-0.12066232,-0.18123963,0.014848727,0.017297044,-8.125558
4419,2026-08-18,-0.11192671,-0.14514202,0.013765058,0.016899237,-8.13063
3520,2026-08-18,-0.097438544,-0.120686576,0.011983121,0.015612563,-8.130637
1321,2026-08-18,-0.11736571,-0.12608856,0.014428083,0.011703966,-8.133968
3066,2026-08-18,-0.11377868,-0.14215462,0.013977125,0.012561814,-8.139767
6965,2026-08-18,-0.121311806,-0.12064048,0.014894082,0.013998022,-8.14442
3230,2026-08-18,-0.18381223,-0.17422625,0.02256718,0.022097897,-8.144752
1449,2026-08-18,-0.11693187,-0.12709744,0.014351592,0.014980038,-8.147091
2641,2026-08-18,-0.13144127,-0.16379948,0.016100269,0.015444254,-8.16341
1443,2026-08-18,-0.08564847,-0.0998913,0.010480795,0.011880348,-8.1711645
6712,2026-08-18,-0.12294717,-0.12803343,0.0150057115,0.01667244,-8.192812
2514,2026-08-18,-0.11587381,-0.14894311,0.014134547,0.018022662,-8.197335
2476,2026-08-18,-0.25412136,-0.45808995,0.03070674,0.035965648,-8.275482
7842,2026-08-18,-0.18617646,-0.23231384,0.022482703,0.024507148,-8.280507
3712,2026-08-18,-0.18769066,-0.20553643,0.022591162,0.023539579,-8.307777
6133,2026-08-18,-0.21004356,-0.27097356,0.025268065,0.027544536,-8.312281
2230,2026-08-18,-0.17453124,-0.25599417,0.02099258,0.026083598,-8.313553
2312,2026-08-18,-0.14401922,-0.2205608,0.01732226,0.022137366,-8.313632
4402,2026-08-18,-0.09913842,-0.0804162,0.011912036,0.014339445,-8.321843
3206,2026-08-18,-0.13919507,-0.22512214,0.0167134,0.016015695,-8.327853
6108,2026-08-18,-0.16936888,-0.19632418,0.020316616,0.020353016,-8.336061
4142,2026-08-18,-0.17221273,-0.19833498,0.020594412,0.018293297,-8.361704
7788,2026-08-18,-0.15503557,-0.16868664,0.018526683,0.020397276,-8.36778
6937,2026-08-18,-0.12781347,-0.19041567,0.015243569,0.021697937,-8.384197
3564,2026-08-18,-0.12621331,-0.13101543,0.015013045,0.017585274,-8.40635
1525,2026-08-18,-0.11792985,-0.121659465,0.014013782,0.014348577,-8.414676
4304,2026-08-18,-0.13211966,-0.19272622,0.015658595,0.015005961,-8.436978
4166,2026-08-18,-0.1240898,-0.09458378,0.014700389,0.013012908,-8.440685
3138,2026-08-18,-0.17244339,-0.36076376,0.020399537,0.032127034,-8.452885
8454,2026-08-18,-0.10815441,-0.099994026,0.012785596,0.011132776,-8.458421
8467,2026-08-18,-0.14378949,-0.1921647,0.016918054,0.02177477,-8.498672
6629,2026-08-18,-0.101404175,-0.12738013,0.011906443,0.0147019755,-8.516032
8354,2026-08-18,-0.13930425,-0.18034658,0.016345104,0.016542884,-8.522168
5283,2026-08-18,-0.11074254,-0.14105515,0.012957569,0.0152712865,-8.545893
6230,2026-08-18,-0.11897101,-0.1493954,0.013875808,0.013590538,-8.57337
5392,2026-08-18,-0.15697059,-0.198252,0.018299842,0.02239277,-8.577233
4577,2026-08-18,-0.1804499,-0.28967443,0.021024818,0.02281229,-8.582301
6205,2026-08-18,-0.10830547,-0.20225933,0.012611704,0.017407224,-8.587014
5292,2026-08-18,-0.13730831,-0.21466851,0.015976675,0.020662257,-8.5937605
1702,2026-08-18,-0.078105025,-0.06347004,0.00905687,0.011596521,-8.62289
8112,2026-08-18,-0.18638743,-0.16102508,0.021510573,0.027116563,-8.664519
3002,2026-08-18,-0.152499,-0.19685338,0.01753673,0.024043573,-8.695481
2364,2026-08-18,-0.15481178,-0.18669692,0.017790478,0.019538967,-8.701457
1710,2026-08-18,-0.17250888,-0.21584278,0.019818023,0.023353595,-8.704207
5291,2026-08-18,-0.20987289,-0.37447733,0.023988167,0.02852189,-8.748652
1560,2026-08-18,-0.1309086,-0.09822122,0.014954456,0.016381595,-8.753233
8931,2026-08-18,-0.12129019,-0.13543947,0.013790185,0.017209684,-8.794763
2030,2026-08-18,-0.16935304,-0.15786381,0.019243198,0.02082185,-8.800213
2611,2026-08-18,-0.15478186,-0.14417012,0.017561885,0.018728362,-8.813009
7792,2026-08-18,-0.13717605,-0.2588304,0.015559756,0.0202706,-8.815513
9919,2026-08-18,-0.14365605,-0.18287496,0.016265158,0.017568948,-8.831591
1235,2026-08-18,-0.15210396,-0.16802908,0.017157083,0.017635122,-8.864857
7584,2026-08-18,-0.13303266,-0.21090509,0.0149812875,0.021289174,-8.879329
2228,2026-08-18,-0.124728136,-0.16582179,0.01400329,0.019670742,-8.906424
4413,2026-08-18,-0.21067819,-0.226696,0.023566155,0.021772671,-8.939484
3580,2026-08-18,-0.11800156,-0.22213882,0.01319761,0.02113009,-8.940454
1784,2026-08-18,-0.13520132,-0.24501267,0.015096113,0.022013344,-8.955441
8404,2026-08-18,-0.12754253,-0.12229175,0.014190724,0.016687922,-8.987105
6418,2026-08-18,-0.14840265,-0.21002556,0.016501984,0.022111159,-8.992474
4566,2026-08-18,-0.18493971,-0.22023468,0.020546596,0.023972398,-9.000552
6141,2026-08-18,-0.24483374,-0.28788415,0.027172053,0.02621879,-9.010166
5531,2026-08-18,-0.110160924,-0.12368868,0.012213987,0.014928852,-9.018505
3092,2026-08-18,-0.16885382,-0.25334248,0.018687349,0.020406345,-9.035245
3631,2026-08-18,-0.13198033,-0.16086885,0.014562622,0.013288118,-9.062328
2451,2026-08-18,-0.19994853,-0.32025674,0.021876838,0.028106743,-9.139318
2601,2026-08-18,-0.12877244,-0.11121252,0.014020545,0.020173542,-9.183897
3060,2026-08-18,-0.13621844,-0.21218519,0.014806629,0.017821498,-9.199206
4564,2026-08-18,-0.15232036,-0.21493743,0.016472872,0.022732671,-9.246178
6130,2026-08-18,-0.18587372,-0.2316403,0.020101389,0.021645917,-9.246349
6823,2026-08-18,-0.18639275,-0.30927926,0.020150438,0.023814473,-9.2496
6657,2026-08-18,-0.13333191,-0.19314991,0.01436117,0.017967189,-9.283548
4198,2026-08-18,-0.12212756,-0.114838615,0.01312905,0.015199828,-9.301378
4533,2026-08-18,-0.13032922,-0.2280303,0.014002436,0.019382657,-9.306946
1786,2026-08-18,-0.17179808,-0.26484928,0.018416684,0.022650322,-9.327888
8374,2026-08-18,-0.18008977,-0.25923193,0.019302752,0.015829455,-9.329263
3441,2026-08-18,-0.19758955,-0.29218107,0.021095105,0.028218122,-9.366162
3312,2026-08-18,-0.15907088,-0.19840398,0.016957602,0.027024034,-9.379952
1810,2026-08-18,-0.21115643,-0.33631906,0.022473624,0.029798647,-9.395327
1435,2026-08-18,-0.1825077,-0.10637181,0.019422827,0.023486817,-9.396072
2468,2026-08-18,-0.16246256,-0.21681972,0.017276894,0.02427711,-9.402914
4174,2026-08-18,-0.20223857,-0.21547061,0.021499937,0.017707575,-9.406035
6532,2026-08-18,-0.20112029,-0.30628815,0.021280486,0.02545955,-9.450481
6869,2026-08-18,-0.21086536,-0.18039948,0.022247208,0.015351156,-9.477859
6957,2026-08-18,-0.15174226,-0.09830098,0.015999854,0.013594696,-9.483385
1110,2026-08-18,-0.13652918,-0.11129932,0.014370983,0.0134669375,-9.499676
1796,2026-08-18,-0.14158195,-0.18629456,0.014893158,0.01851443,-9.505871
2241,2026-08-18,-0.16068608,-0.19148308,0.016898021,0.015517273,-9.508602
4737,2026-08-18,-0.1713392,-0.16169722,0.017988054,0.017726636,-9.524636
6101,2026-08-18,-0.24310634,-0.35943446,0.025494007,0.029866979,-9.535449
2102,2026-08-18,-0.14145117,-0.10699658,0.014801104,0.011757452,-9.556152
2250,2026-08-18,-0.21365683,-0.2727102,0.022355886,0.026523724,-9.556645
6624,2026-08-18,-0.15286855,-0.25168917,0.01590809,0.020238375,-9.608881
2530,2026-08-18,-0.13620855,-0.17660707,0.0141577525,0.013217579,-9.620095
5608,2026-08-18,-0.27538994,-0.3136241,0.02858562,0.026702045,-9.633526
8171,2026-08-18,-0.15391131,-0.23377685,0.015941272,0.022974132,-9.654289
5481,2026-08-18,-0.11197436,-0.15718266,0.011577059,0.014126046,-9.671255
8431,2026-08-18,-0.16198914,-0.2844059,0.016723812,0.022140829,-9.685558
2913,2026-08-18,-0.103907175,-0.14194702,0.010714428,0.015766498,-9.696969
4949,2026-08-18,-0.1487019,-0.27426612,0.015291729,0.02358826,-9.7237
3675,2026-08-18,-0.13157624,-0.26348788,0.013478952,0.02356741,-9.760883
6743,2026-08-18,-0.23954786,-0.22706059,0.024499202,0.026526466,-9.777383
3226,2026-08-18,-0.12862055,-0.17393626,0.013142664,0.013389617,-9.785746
4976,2026-08-18,-0.17446677,-0.24667257,0.01778907,0.023980716,-9.806975
8472,2026-08-18,-0.13133545,-0.12606122,0.013357146,0.013588023,-9.831862
3628,2026-08-18,-0.18779118,-0.26534367,0.019089496,0.023432013,-9.836894
2331,2026-08-18,-0.19913746,-0.22253956,0.020202953,0.020545933,-9.856361
6504,2026-08-18,-0.17097282,-0.21150221,0.01731283,0.017158864,-9.8749275
6668,2026-08-18,-0.1419156,-0.17396562,0.014366584,0.016810738,-9.877485
3609,2026-08-18,-0.18146117,-0.20966354,0.018174116,0.017924558,-9.984045
6218,2026-08-18,-0.17882405,-0.2613733,0.01785786,0.021444695,-10.013184
4726,2026-08-18,-0.12724449,-0.13796519,0.012622852,0.013095504,-10.079688
5521,2026-08-18,-0.2054107,-0.2564271,0.020366093,0.026309201,-10.085421
2208,2026-08-18,-0.12874924,-0.15516363,0.012757478,0.016467886,-10.091269
2630,2026-08-18,-0.16177732,-0.19174264,0.016009578,0.021011215,-10.104402
1799,2026-08-18,-0.18724242,-0.25366366,0.018527023,0.021659294,-10.105904
6294,2026-08-18,-0.16975878,-0.26346317,0.01675918,0.01920493,-10.128697
1903,2026-08-18,-0.15214531,-0.108441874,0.015002164,0.018635323,-10.140882
4128,2026-08-18,-0.15489788,-0.18881169,0.015216995,0.014265711,-10.178599
8071,2026-08-18,-0.2132021,-0.1900031,0.020831492,0.021001041,-10.234115
1305,2026-08-18,-0.14326362,-0.21765941,0.013965216,0.018133659,-10.257869
2231,2026-08-18,-0.17484802,-0.23452231,0.017023746,0.017265312,-10.270227
1466,2026-08-18,-0.16733055,-0.2061531,0.016275326,0.020701041,-10.280609
2613,2026-08-18,-0.20960976,-0.25529733,0.020370208,0.023523929,-10.289511
2756,2026-08-18,-0.18533754,-0.25329405,0.017972171,0.022988541,-10.3119
3234,2026-08-18,-0.23168707,-0.30120727,0.022362968,0.024327172,-10.359838
4163,2026-08-18,-0.18971163,-0.17318358,0.018296454,0.020993274,-10.368198
1529,2026-08-18,-0.17164479,-0.2587669,0.016531827,0.019791912,-10.382059
8222,2026-08-18,-0.21453701,-0.28810063,0.020618843,0.024687152,-10.404396
1219,2026-08-18,-0.14627655,-0.16697691,0.014049824,0.018490937,-10.410531
1308,2026-08-18,-0.14628543,-0.17399508,0.013990887,0.020339265,-10.455017
4303,2026-08-18,-0.17693052,-0.2521339,0.016752293,0.022173867,-10.56094
5474,2026-08-18,-0.1540959,-0.24482809,0.014530784,0.023966916,-10.604059
8927,2026-08-18,-0.14919199,-0.1045058,0.014033768,0.016662521,-10.630171
2239,2026-08-18,-0.17205365,-0.18703964,0.01616923,0.017902412,-10.640149
3339,2026-08-18,-0.19618048,-0.2869028,0.0183804,0.023378529,-10.672771
6928,2026-08-18,-0.16758381,-0.16711067,0.015693365,0.016750317,-10.67796
3521,2026-08-18,-0.14291714,-0.17373337,0.013334437,0.014225099,-10.717094
8044,2026-08-18,-0.14662968,-0.13959725,0.013644897,0.013283997,-10.74533
6840,2026-08-18,-0.17053254,-0.21261615,0.015856305,0.016655646,-10.754194
2104,2026-08-18,-0.2067643,-0.23592116,0.019133007,0.017393017,-10.806115
4549,2026-08-18,-0.19441734,-0.2731578,0.017950691,0.019811817,-10.8300295
1909,2026-08-18,-0.1698843,-0.11044934,0.015603308,0.018573573,-10.8870125
1522,2026-08-18,-0.18204859,-0.18892609,0.01665662,0.022016367,-10.928847
2022,2026-08-18,-0.17747341,-0.23370472,0.016237786,0.021722227,-10.928983
6794,2026-08-18,-0.11570525,-0.16706918,0.010554116,0.013581674,-10.962007
3685,2026-08-18,-0.1634647,-0.17440997,0.014817805,0.019425066,-11.030895
1225,2026-08-18,-0.14485869,-0.20153932,0.012982237,0.017293273,-11.157363
5487,2026-08-18,-0.16598581,-0.23813988,0.014795151,0.019053524,-11.218175
8162,2026-08-18,-0.15195356,-0.20705591,0.013492872,0.017058138,-11.260931
1414,2026-08-18,-0.2473313,-0.23962541,0.021896867,0.020641085,-11.294766
4743,2026-08-18,-0.14569369,-0.22067036,0.012885017,0.016855225,-11.306339
1569,2026-08-18,-0.22542375,-0.33361226,0.019927599,0.024413826,-11.311571
6603,2026-08-18,-0.25066936,-0.2912923,0.022062564,0.026228094,-11.361236
1410,2026-08-18,-0.24302918,-0.321393,0.0212174,0.023838669,-11.453699
8438,2026-08-18,-0.19050236,-0.28626207,0.016597936,0.018399294,-11.476781
4414,2026-08-18,-0.1622203,-0.1439764,0.014084053,0.0190527,-11.517195
7714,2026-08-18,-0.26099783,-0.31184086,0.022644578,0.024198169,-11.525333
1455,2026-08-18,-0.13888685,-0.15779224,0.01204915,0.015079348,-11.525737
4510,2026-08-18,-0.20077866,-0.3275689,0.017377183,0.022656886,-11.55349
3176,2026-08-18,-0.18966328,-0.2139932,0.016376002,0.018030016,-11.581075
6499,2026-08-18,-0.22530816,-0.34473947,0.019391447,0.02735655,-11.618346
1310,2026-08-18,-0.20622638,-0.28349558,0.017570639,0.021547297,-11.73632
6829,2026-08-18,-0.20486006,-0.27003607,0.017408777,0.02303219,-11.766954
1563,2026-08-18,-0.23195115,-0.21943909,0.01934696,0.022541337,-11.988403
6589,2026-08-18,-0.24407856,-0.2524247,0.020042837,0.020190341,-12.1772375
4147,2026-08-18,-0.26785347,-0.30157837,0.0219378,0.025629612,-12.209121
2017,2026-08-18,-0.2128124,-0.22415493,0.017394865,0.021906067,-12.233504
5263,2026-08-18,-0.1500781,-0.20074059,0.012097391,0.016982587,-12.404798
5907,2026-08-18,-0.19828564,-0.21504924,0.0158494,0.01858799,-12.509819
2033,2026-08-18,-0.258818,-0.2687174,0.020609442,0.022224147,-12.557615
4561,2026-08-18,-0.22138484,-0.28112036,0.017626345,0.02152192,-12.559171
9136,2026-08-18,-0.2304676,-0.2701047,0.018342642,0.022188507,-12.563895
1316,2026-08-18,-0.34163564,-0.39372283,0.02698397,0.036095437,-12.660219
4562,2026-08-18,-0.22606668,-0.34795335,0.017814588,0.020585038,-12.689262
5321,2026-08-18,-0.2560345,-0.27920374,0.020117968,0.019298125,-12.726025
7799,2026-08-18,-0.2161295,-0.24395005,0.016963447,0.019527525,-12.740144
1605,2026-08-18,-0.16758737,-0.19523051,0.012731027,0.014988292,-13.1626625
2009,2026-08-18,-0.169678,-0.17813677,0.012774801,0.013673672,-13.281202
6148,2026-08-18,-0.1872688,-0.27818143,0.0140366545,0.020631544,-13.340462
1456,2026-08-18,-0.17754644,-0.19111194,0.013280907,0.015851814,-13.367541
6919,2026-08-18,-0.17954667,-0.17584756,0.013356934,0.015619344,-13.4412
1536,2026-08-18,-0.22004159,-0.29044247,0.016277209,0.017642036,-13.517555
6933,2026-08-18,-0.224014,-0.32821274,0.016468663,0.023028582,-13.601614
6870,2026-08-18,-0.2589303,-0.2276044,0.018725444,0.025494058,-13.826987
4119,2026-08-18,-0.24593577,-0.19611046,0.017271962,0.02512776,-14.238193
1905,2026-08-18,-0.19614959,-0.17371029,0.013594035,0.016316969,-14.428031
4127,2026-08-18,-0.25468037,-0.24223058,0.016986301,0.02190013,-14.992397
6163,2026-08-18,-0.21493794,-0.35157695,0.013935562,0.019337084,-15.422594
7777,2026-08-18,-0.33793232,-0.34115392,0.02080728,0.025265459,-16.240282
3543,2026-08-18,-0.23173475,-0.29212016,0.014228163,0.020318275,-16.285902
