Ticker,Date,Exp_Alpha_5d,Exp_Alpha_20d,Exp_Alpha_60d,Uncertainty,Volume,Close,Turnover_5D,Slippage_Est,Net_Alpha_20d,Signal_Quality_Raw,Signal_Quality,Confidence,Suggested_Weight
3032,2026-08-11,0.14232294,0.23428625,0.21624847,0.02614207,480257.0,78.5999984741211,37748199.467185974,0.004,0.23028624868392944,8.808691785246134,8.808691785246134,中信心,0.0085
4536,2026-08-11,0.08296884,0.14584683,0.156954,0.016190572,298710.0,171.5,51228765.0,0.004,0.14184682881832122,8.760534755263675,8.760534755263675,高信心,0.0084
6188,2026-08-11,0.078971006,0.17245117,0.11425673,0.01932017,394245.0,71.80000305175781,28306792.20314026,0.004,0.1684511682987213,8.718476721526535,8.718476721526535,高信心,0.0084
6016,2026-08-11,0.2298082,0.2636653,0.1250111,0.031658188,2908723.0,18.649999618530273,54247682.84041023,0.004,0.2596652886867523,8.201894060656722,8.201894060656722,中信心,0.0079
2535,2026-08-11,0.0821274,0.1523022,0.14798526,0.019276952,384774.0,88.5,34052499.0,0.004,0.14830220556259155,7.692840030872177,7.692840030872177,高信心,0.0074
2414,2026-08-11,0.1677084,0.28364474,0.38687703,0.036602017,1952949.0,51.900001525878906,101358056.07996368,0.004,0.27964473581314087,7.6399372142843545,7.6399372142843545,中信心,0.0074
6015,2026-08-11,0.1188712,0.15873002,0.09252192,0.02062638,1239551.0,15.100000381469727,18717220.57285118,0.004,0.15473001515865326,7.501195960354841,7.501195960354841,高信心,0.0072
6570,2026-08-11,0.29775003,0.4742768,0.54708683,0.06389521,408500.0,57.0,23284500.0,0.004,0.4702768108844757,7.360011152979872,7.360011152979872,低信心,0.0071
2461,2026-08-11,0.11462914,0.25970638,0.23435646,0.03676414,745541.0,17.25,12860582.25,0.004,0.25570637798309326,6.9551314400844575,6.9551314400844575,中信心,0.0067
6585,2026-08-11,0.07860707,0.19053057,0.21595635,0.026975779,360584.0,117.0,42188328.0,0.004,0.18653056836128235,6.914486256760317,6.914486256760317,中信心,0.0067
6161,2026-08-11,0.270173,0.447137,0.44544238,0.06448207,197069.0,53.099998474121094,10464363.59929657,0.004,0.4431369981765747,6.8721449808435136,6.8721449808435136,低信心,0.0066
3213,2026-08-11,0.18025468,0.3101167,0.37408784,0.044643965,587541.0,136.0,79905576.0,0.004,0.306116708278656,6.856690827684341,6.856690827684341,中信心,0.0066
1256,2026-08-11,0.08369513,0.14036074,0.1973703,0.019988177,60471.0,179.5,10854544.5,0.004,0.1363607428073883,6.821728519342115,6.821728519342115,高信心,0.0066
3071,2026-08-11,0.17320518,0.20705909,0.21736445,0.03000844,429828.0,24.950000762939453,10724208.92793274,0.004,0.2030590853691101,6.766506741771375,6.766506741771375,中信心,0.0065
9934,2026-08-11,0.07259582,0.20315625,0.24264027,0.029467056,7588891.0,11.399999618530273,86513354.50506783,0.004,0.1991562477350235,6.758377579731466,6.758377579731466,中信心,0.0065
9935,2026-08-11,0.09614302,0.20728795,0.28302267,0.030628283,623335.0,20.100000381469727,12529033.737783432,0.004,0.2032879523038864,6.637045781216714,6.637045781216714,中信心,0.0064
2834,2026-08-11,0.11521401,0.1955948,0.21523444,0.02887699,30302103.0,16.399999618530273,496954477.64066505,0.004,0.19159480249881744,6.634630747277772,6.634630747277772,中信心,0.0064
5410,2026-08-11,0.15615511,0.18058132,0.17927238,0.026931401,301644.0,34.650001525878906,10451965.060272217,0.004,0.17658131635189056,6.55646381219793,6.55646381219793,中信心,0.0063
2069,2026-08-11,0.082382426,0.17078492,0.21690546,0.026001092,772539.0,20.049999237060547,15489406.360599518,0.004,0.16678492045402527,6.414288458539458,6.414288458539458,中信心,0.0062
2855,2026-08-11,0.1398571,0.12917915,0.106767215,0.019677794,3004298.0,46.20000076293945,138798569.89209747,0.004,0.12517914986610412,6.361119021612173,6.361119021612173,高信心,0.0061
6023,2026-08-11,0.07995617,0.15415409,0.1274276,0.023778656,691740.0,87.0,60181380.0,0.004,0.15015409207344055,6.314392748707056,6.314392748707056,高信心,0.0061
5515,2026-08-11,0.07136784,0.14178443,0.17561537,0.02201257,315662.0,43.650001525878906,13778646.781661987,0.004,0.1377844295501709,6.259067592473664,6.259067592473664,高信心,0.006
1609,2026-08-11,0.041383967,0.17833963,0.17727341,0.027923735,3620496.0,37.150001525878906,134501431.92443848,0.004,0.1743396303653717,6.243197285374885,6.243197285374885,中信心,0.006
2480,2026-08-11,0.09276331,0.18375072,0.16837025,0.02885865,156058.0,153.0,23876874.0,0.004,0.179750718832016,6.228444016864177,6.228444016864177,中信心,0.006
3546,2026-08-11,0.0944324,0.16553797,0.20065375,0.0265015,250605.0,73.9000015258789,18519709.882392883,0.004,0.1615379682779312,6.095197517138409,6.095197517138409,中信心,0.0059
2364,2026-08-11,0.3338352,0.5767532,0.54428375,0.09466054,233040.0,76.0,17711040.0,0.004,0.5727531991004944,6.050537434071582,6.050537434071582,低信心,0.0058
4973,2026-08-11,0.39973366,0.7407018,0.49850067,0.12541598,2302923.0,156.0,359255988.0,0.004,0.7367017946243286,5.874019605324769,5.874019605324769,低信心,0.0057
8438,2026-08-11,0.21824344,0.48995146,0.31961086,0.08430073,255066.0,67.0,17089422.0,0.004,0.4859514615535736,5.764430815395006,5.764430815395006,低信心,0.0056
5203,2026-08-11,0.065372266,0.11770999,0.08839667,0.01986484,384364.0,65.80000305175781,25291152.37298584,0.004,0.11370998686552047,5.723895038457095,5.723895038457095,高信心,0.0055
8162,2026-08-11,0.4433628,0.54693526,0.31269577,0.095096834,183735.0,55.900001525878906,10270786.78035736,0.004,0.5429352602958679,5.709228556509163,5.709228556509163,低信心,0.0055
5880,2026-08-11,0.12341093,0.20987894,0.26823938,0.036114074,51312967.0,24.0,1231511208.0,0.004,0.20587893640995025,5.700637468041375,5.700637468041375,中信心,0.0055
1342,2026-08-11,0.056545123,0.15053946,0.14239553,0.025708368,219648.0,102.5,22513920.0,0.004,0.14653945779800415,5.699846692205794,5.699846692205794,高信心,0.0055
1617,2026-08-11,0.119697876,0.34463137,0.45471507,0.06004807,672169.0,19.0,12771211.0,0.004,0.3406313738822937,5.672550535603317,5.672550535603317,低信心,0.0055
3592,2026-08-11,0.102707006,0.17630489,0.16753584,0.030438073,647879.0,239.0,154843081.0,0.004,0.172304891705513,5.660648419245969,5.660648419245969,中信心,0.0055
2850,2026-08-11,0.08642595,0.09492698,0.10853542,0.016090047,158225.0,159.0,25157775.0,0.004,0.09092698311805725,5.650781079580938,5.650781079580938,高信心,0.0054
6592,2026-08-11,0.10074668,0.1345918,0.13065234,0.023188256,452149.0,61.0,27581089.0,0.004,0.13059180295467376,5.631565028924136,5.631565028924136,高信心,0.0054
2851,2026-08-11,0.058617137,0.15257218,0.174089,0.026460133,875137.0,35.900001525878906,31417419.63535309,0.004,0.14857218480110168,5.614732395748255,5.614732395748255,中信心,0.0054
6214,2026-08-11,0.15779318,0.1762228,0.14899902,0.030842269,1285539.0,143.0,183832077.0,0.004,0.1722228012084961,5.583805035783273,5.583805035783273,中信心,0.0054
3528,2026-08-11,0.11555476,0.26110753,0.1879811,0.046429247,360277.0,91.0,32785207.0,0.004,0.25710753417015075,5.537501125363902,5.537501125363902,低信心,0.0053
6894,2026-08-11,0.14089271,0.19080856,0.11083485,0.033840608,38078.0,345.0,13136910.0,0.004,0.18680856442451477,5.52008563533935,5.52008563533935,中信心,0.0053
2405,2026-08-11,0.062556826,0.13567886,0.114043556,0.023875713,1066834.0,15.949999809265137,17016002.096517563,0.004,0.13167885756492614,5.514948993085343,5.514948993085343,高信心,0.0053
2885,2026-08-11,0.13985328,0.18211791,0.13593909,0.03253423,12030660.0,68.4000015258789,822897162.3573303,0.004,0.17811790919303894,5.47461675648635,5.47461675648635,中信心,0.0053
6742,2026-08-11,0.5590579,0.7719186,1.3632274,0.14122862,257522.0,43.04999923706055,11086321.903526306,0.004,0.7679185948371887,5.437376551144633,5.437376551144633,低信心,0.0052
2801,2026-08-11,0.08579467,0.18297562,0.2712344,0.032943808,16525483.0,23.100000381469727,381738663.6039715,0.004,0.1789756200313568,5.432589904013703,5.432589904013703,中信心,0.0052
8341,2026-08-11,0.03896334,0.09587609,0.13589363,0.017046988,139942.0,76.9000015258789,10761540.013534546,0.004,0.09187609022855758,5.389262878214849,5.389262878214849,高信心,0.0052
6224,2026-08-11,0.31565648,0.32035145,0.26861933,0.058845997,864134.0,59.79999923706055,51675212.54071808,0.004,0.3163514516353607,5.375830157084237,5.375830157084237,低信心,0.0052
3691,2026-08-11,0.4061704,0.77795446,0.6449696,0.14480641,665823.0,118.0,78567114.0,0.004,0.7739544591903686,5.344715729521137,5.344715729521137,低信心,0.0051
4961,2026-08-11,0.1527656,0.32840595,0.30422884,0.061352637,592643.0,173.0,102527239.0,0.004,0.3244059464931488,5.287477201086542,5.287477201086542,低信心,0.0051
2101,2026-08-11,0.06643506,0.13640162,0.18879798,0.025073597,2274548.0,33.79999923706055,76879720.6646576,0.004,0.13240162348747253,5.2803090363250975,5.2803090363250975,高信心,0.0051
3046,2026-08-11,0.06619117,0.1448946,0.1938202,0.027178966,1551205.0,60.29999923706055,93537660.3165245,0.004,0.14089459991455078,5.183766646863758,5.183766646863758,中信心,0.005
4912,2026-08-11,0.054955836,0.09356478,0.016993007,0.017540049,159465.0,89.19999694824219,14224277.51335144,0.004,0.08956477856636047,5.106010382829265,5.106010382829265,高信心,0.0049
3135,2026-08-11,0.25724828,0.40688288,0.31867006,0.079139665,2219454.0,167.0,370648818.0,0.004,0.4028828821182251,5.090719057661023,5.090719057661023,低信心,0.0049
4560,2026-08-11,0.052901696,0.13085535,0.20043844,0.024944052,315200.0,32.0,10086400.0,0.004,0.12685535168647766,5.085391281375462,5.085391281375462,高信心,0.0049
6782,2026-08-11,0.117836304,0.15511163,0.09551393,0.03021121,219571.0,212.0,46549052.0,0.004,0.151111625790596,5.001673936904167,5.001673936904167,中信心,0.0048
5228,2026-08-11,0.70391357,1.5147008,1.4119794,0.30883425,763276.0,41.849998474121094,31943099.435333252,0.004,1.5107007703781128,4.891607037176853,4.891607037176853,低信心,0.0047
4953,2026-08-11,0.11832105,0.21402699,0.20320559,0.04298103,167498.0,125.0,20937250.0,0.004,0.21002698755264282,4.8863909529463765,4.8863909529463765,中信心,0.0047
3617,2026-08-11,0.13318591,0.25233847,0.23511577,0.051080294,316643.0,229.0,72511247.0,0.004,0.2483384690284729,4.861632462589419,4.861632462589419,低信心,0.0047
1714,2026-08-11,0.3124403,0.5084476,0.3978124,0.106425405,22994252.0,16.649999618530273,382854287.028389,0.004,0.5044475874900818,4.739872565633202,4.739872565633202,低信心,0.0046
2476,2026-08-11,0.103874,0.15628901,0.07395482,0.03213219,1580265.0,124.5,196742992.5,0.004,0.1522890112400055,4.739306002640717,4.739306002640717,中信心,0.0046
2497,2026-08-11,0.0671926,0.1264767,0.086678855,0.025853477,277076.0,47.54999923706055,13174963.588607788,0.004,0.1224767050743103,4.737156429547977,4.737156429547977,中信心,0.0046
6719,2026-08-11,0.9051475,1.3276602,1.1367778,0.2810723,832061.0,206.5,171820596.5,0.004,1.3236602029800415,4.709306054390429,4.709306054390429,低信心,0.0045
2392,2026-08-11,0.07534027,0.09318931,0.12672465,0.019035315,4052700.0,39.599998474121094,160486913.81607056,0.004,0.0891893065571785,4.685219002188249,4.685219002188249,高信心,0.0045
9941,2026-08-11,0.046957772,0.09958157,0.0890593,0.020608075,1103529.0,85.4000015258789,94241378.28385162,0.004,0.09558156943321228,4.637838839891461,4.637838839891461,高信心,0.0045
6757,2026-08-11,0.079889975,0.12248589,0.14781408,0.025556117,908988.0,56.099998474121094,50994225.412994385,0.004,0.11848589098453521,4.636121065474478,4.636121065474478,高信心,0.0045
1709,2026-08-11,0.10802455,0.3744201,0.47172984,0.079932176,4284800.0,27.399999618530273,117403518.36547852,0.004,0.3704201064109802,4.634122331009823,4.634122331009823,低信心,0.0045
1307,2026-08-11,0.052594602,0.08311868,0.07948418,0.017196205,885386.0,31.0,27446966.0,0.004,0.07911867713928222,4.600670764357777,4.600670764357777,高信心,0.0044
2033,2026-08-11,0.6290566,0.5738226,0.51847976,0.12642267,2975721.0,20.549999237060547,61151064.27970505,0.004,0.5698226175308228,4.507246223987815,4.507246223987815,低信心,0.0043
2387,2026-08-11,0.08212355,0.09850764,0.08097943,0.020990819,659885.0,37.150001525878906,24514728.756904602,0.004,0.09450764274597168,4.502117841183464,4.502117841183464,高信心,0.0043
4938,2026-08-11,0.07855853,0.11014525,0.10946509,0.023719894,12158478.0,89.0,1082104542.0,0.004,0.10614524847269058,4.474757504206106,4.474757504206106,高信心,0.0043
6005,2026-08-11,0.054745182,0.12239876,0.19237329,0.0266116,13129261.0,30.0,393877830.0,0.004,0.11839875644445419,4.4489736086661855,4.4489736086661855,中信心,0.0043
5508,2026-08-11,0.03146359,0.09732687,0.074318804,0.021075668,198675.0,54.599998474121094,10847654.696846008,0.004,0.09332686728239059,4.4279706376679675,4.4279706376679675,高信心,0.0043
2880,2026-08-11,0.10572969,0.1232985,0.112091385,0.02709933,24773604.0,43.650001525878906,1081367852.4015198,0.004,0.1192985034584999,4.402105158715021,4.402105158715021,中信心,0.0042
2248,2026-08-11,0.076330185,0.1253546,0.17110398,0.027784888,281332.0,56.900001525878906,16007791.229278564,0.004,0.12135460293292999,4.367490547269018,4.367490547269018,中信心,0.0042
2241,2026-08-11,0.151228,0.2109479,0.29603207,0.04830199,337054.0,33.349998474121094,11240750.385696411,0.004,0.2069479010105133,4.284370457268436,4.284370457268436,低信心,0.0041
4207,2026-08-11,0.049359463,0.1027105,0.15324564,0.023117235,615353.0,20.450000762939453,12583969.319477081,0.004,0.09871050035953521,4.269811239053304,4.269811239053304,高信心,0.0041
7749,2026-08-11,0.19213115,0.4335208,0.5195303,0.10073405,76268.0,359.5,27418346.0,0.004,0.4295207939147949,4.26386655985546,4.26386655985546,低信心,0.0041
2442,2026-08-11,0.03825651,0.0940635,0.09134259,0.021402184,770378.0,19.5,15022371.0,0.004,0.09006349807977676,4.207948565223827,4.207948565223827,高信心,0.0041
1907,2026-08-11,0.10244862,0.12696335,0.19015484,0.029350854,1994121.0,30.25,60322160.25,0.004,0.12296334719657898,4.189287132499061,4.189287132499061,中信心,0.004
3305,2026-08-11,0.038828686,0.20619334,0.022424905,0.04883729,2812217.0,112.5,316374412.5,0.004,0.20219334280490875,4.140057990860057,4.140057990860057,低信心,0.004
4771,2026-08-11,0.017881183,0.11202804,0.11373781,0.026413536,525619.0,201.5,105912228.5,0.004,0.10802803999185562,4.089719396868924,4.089719396868924,中信心,0.0039
4956,2026-08-11,0.16720702,0.34397906,0.15745264,0.08463493,826152.0,30.700000762939453,25362867.030303955,0.004,0.3399790606498718,4.016959080928783,4.016959080928783,低信心,0.0039
4532,2026-08-11,0.046764586,0.07743326,0.08107582,0.018431468,1422944.0,23.700000762939453,33723773.88562012,0.004,0.0734332582950592,3.9839080471664094,3.9839080471664094,高信心,0.0038
3141,2026-08-11,0.10865346,0.18165544,0.05112275,0.04471896,794625.0,77.69999694824219,61742360.07499695,0.004,0.17765543675422668,3.9726209371846473,3.9726209371846473,中信心,0.0038
3062,2026-08-11,0.036803965,0.09294825,-0.02068112,0.02254333,1338633.0,20.899999618530273,27977429.189352036,0.004,0.08894825047254562,3.9454821025009923,3.9454821025009923,高信心,0.0038
2331,2026-08-11,0.02535762,0.12796377,0.092316166,0.031427167,1676666.0,19.200000762939453,32191988.47919464,0.004,0.12396376645565033,3.944352575507614,3.944352575507614,中信心,0.0038
2897,2026-08-11,0.055184525,0.09943544,0.115544885,0.02426625,4006743.0,10.149999618530273,40668439.92154884,0.004,0.09543544119596481,3.932684525575357,3.932684525575357,高信心,0.0038
3622,2026-08-11,0.032887172,0.073412046,0.030606525,0.017730769,215302.0,54.900001525878906,11820080.12852478,0.004,0.06941204583644867,3.914558428752422,3.914558428752422,高信心,0.0038
3556,2026-08-11,0.17430112,0.4839586,0.48734036,0.12296551,279089.0,63.79999923706055,17805877.98707199,0.004,0.4799586019515991,3.9031653348206237,3.9031653348206237,低信心,0.0038
8390,2026-08-11,0.0346728,0.09616224,0.08695731,0.023639627,841422.0,99.0999984741211,83384918.91609192,0.004,0.09216223722696304,3.89846838941015,3.89846838941015,高信心,0.0038
2423,2026-08-11,0.08368864,0.14220047,0.16940029,0.035460785,154753.0,72.9000015258789,11281493.936134338,0.004,0.13820046997070312,3.897166377006471,3.897166377006471,中信心,0.0038
1718,2026-08-11,0.13451912,0.26929268,0.28571668,0.068229206,21000810.0,10.199999809265137,214208257.99441338,0.004,0.2652926824092865,3.8882000309466247,3.8882000309466247,低信心,0.0037
2207,2026-08-11,0.06852977,0.08101705,0.13732423,0.019979537,345183.0,511.0,176388513.0,0.004,0.07701704716682434,3.8546035093417346,3.8546035093417346,高信心,0.0037
5306,2026-08-11,0.08806087,0.11693549,0.10978362,0.029713882,432579.0,99.5999984741211,43084867.73993683,0.004,0.11293549156188964,3.8006373419613144,3.8006373419613144,中信心,0.0037
4739,2026-08-11,0.14132887,0.27591622,-0.002843532,0.07191382,1527628.0,87.4000015258789,133514689.53097534,0.004,0.2719162187576294,3.7810872878887025,3.7810872878887025,低信心,0.0036
4766,2026-08-11,0.118812956,0.30284742,0.12866195,0.0795125,245878.0,343.0,84336154.0,0.004,0.2988474152088165,3.7584488676618264,3.7584488676618264,低信心,0.0036
6189,2026-08-11,0.036794107,0.08959874,0.07507532,0.022944536,424069.0,49.29999923706055,20906601.37646103,0.004,0.08559873765707016,3.7305180639885847,3.7305180639885847,高信心,0.0036
6903,2026-08-11,0.18383057,0.34537223,0.46419525,0.09229926,277291.0,316.0,87623956.0,0.004,0.3413722298145294,3.6984970039951306,3.6984970039951306,低信心,0.0036
8163,2026-08-11,0.11553169,0.1556702,0.117933415,0.041189056,870259.0,31.899999618530273,27761261.768022537,0.004,0.15167019581794738,3.682204321276788,3.682204321276788,中信心,0.0035
8076,2026-08-11,0.04244476,0.086910866,0.08373211,0.022523355,1007107.0,23.700000762939453,23868436.668361664,0.004,0.08291086620092392,3.6809429738062005,3.6809429738062005,高信心,0.0035
8109,2026-08-11,0.03640251,0.19446307,0.15480998,0.051883884,183941.0,132.5,24372182.5,0.004,0.1904630742073059,3.670878034357615,3.670878034357615,低信心,0.0035
2362,2026-08-11,0.037430722,0.08790886,0.10360571,0.023009483,1969776.0,47.29999923706055,93170403.29718018,0.004,0.08390885657072067,3.6465491197385322,3.6465491197385322,高信心,0.0035
6949,2026-08-11,0.099089414,0.22954185,0.30667406,0.0618616,266523.0,1020.0,271853460.0,0.004,0.2255418530702591,3.645851553840257,3.645851553840257,低信心,0.0035
6108,2026-08-11,0.14689451,0.25512585,0.2805625,0.06914252,2028892.0,19.549999237060547,39664837.05207825,0.004,0.25112585043907165,3.6319506842784803,3.6319506842784803,低信心,0.0035
2867,2026-08-11,0.120719366,0.1980925,0.39594954,0.05385756,13132935.0,9.479999542236328,124500217.78821945,0.004,0.1940925053358078,3.6037448244850943,3.6037448244850943,低信心,0.0035
3008,2026-08-11,0.062137682,0.08671184,0.0611433,0.023101317,1541660.0,4355.0,6713929300.0,0.004,0.08271183884143829,3.5802399742900124,3.5802399742900124,高信心,0.0034
6589,2026-08-11,0.115339465,0.08763235,-0.030508896,0.02336556,1429658.0,52.599998474121094,75200008.61851501,0.004,0.08363235062360763,3.57914671537519,3.57914671537519,高信心,0.0034
3013,2026-08-11,0.00077469746,0.109235086,0.008872415,0.029415725,871198.0,86.0,74923028.0,0.004,0.10523508554697036,3.577389577042565,3.577389577042565,中信心,0.0034
3221,2026-08-11,0.23930867,0.52328086,0.25908786,0.14540178,2518783.0,48.25,121531279.75,0.004,0.5192808589935303,3.5713270382764994,3.5713270382764994,低信心,0.0034
8105,2026-08-11,0.28630334,0.5480274,0.23724002,0.1524852,3043153.0,17.149999618530273,52190072.78912926,0.004,0.5440273962020874,3.5677154916518585,3.5677154916518585,低信心,0.0034
6177,2026-08-11,-0.0061474266,0.09246965,0.12112233,0.025093414,1308712.0,48.25,63145354.0,0.004,0.08846964752674102,3.525471727251613,3.525471727251613,高信心,0.0034
6829,2026-08-11,0.84507775,0.9895185,0.15868863,0.280825,915949.0,206.0,188685494.0,0.004,0.9855185232162476,3.5093563805926316,3.5093563805926316,低信心,0.0034
1528,2026-08-11,0.10046428,0.14350966,0.17029314,0.039933097,764185.0,19.0,14519515.0,0.004,0.1395096561908722,3.4934973788045163,3.4934973788045163,中信心,0.0034
5386,2026-08-11,0.20675744,0.26584724,0.199558,0.07533268,1940757.0,274.5,532737796.5,0.004,0.26184723591804504,3.4758323971194076,3.4758323971194076,低信心,0.0033
4755,2026-08-11,0.033286978,0.12040908,0.0297451,0.033638667,159480.0,119.0,18978120.0,0.004,0.11640907889604568,3.4604707418395786,3.4604707418395786,中信心,0.0033
9942,2026-08-11,0.04472233,0.08727479,0.09139988,0.024136882,145705.0,117.5,17120337.5,0.004,0.08327478981018066,3.4499625124827076,3.4499625124827076,高信心,0.0033
5292,2026-08-11,-0.004387841,0.15003376,0.1624124,0.042457502,190074.0,179.5,34118283.0,0.004,0.14603375709056854,3.4394468631219826,3.4394468631219826,中信心,0.0033
3609,2026-08-11,0.14878969,0.40890965,0.62738127,0.118198596,652001.0,23.950000762939453,15615424.447437286,0.004,0.4049096486568451,3.4256433026709163,3.4256433026709163,低信心,0.0033
6509,2026-08-11,-0.01740095,0.06527267,0.007425746,0.018170701,785902.0,47.70000076293945,37487525.99959564,0.004,0.06127266651391983,3.3718728124169086,3.3718728124169086,高信心,0.0032
6146,2026-08-11,0.0629886,0.10047289,0.10666536,0.028749745,270116.0,192.0,51862272.0,0.004,0.09647288984060287,3.355491758413868,3.355491758413868,中信心,0.0032
6277,2026-08-11,0.03031238,0.15681042,0.24579233,0.045576844,179394.0,80.0,14351520.0,0.004,0.1528104177713394,3.3527347627148303,3.3527347627148303,低信心,0.0032
2609,2026-08-11,0.09063094,0.0908502,0.09551065,0.02626173,22709498.0,52.0,1180893896.0,0.004,0.08685019677877426,3.3069751540742436,3.3069751540742436,中信心,0.0032
2838,2026-08-11,0.03222669,0.072890505,0.0467137,0.020899989,3861933.0,19.899999618530273,76852465.22678947,0.004,0.068890505194664,3.296040457946626,3.296040457946626,高信心,0.0032
4952,2026-08-11,0.0252212,0.097953096,0.116322584,0.028540883,415663.0,49.0,20367487.0,0.004,0.09395309603214264,3.2917623037899064,3.2917623037899064,中信心,0.0032
6435,2026-08-11,0.31356823,0.63008463,0.52329737,0.19246694,503292.0,259.5,130604274.0,0.004,0.6260846338272095,3.252929420914108,3.252929420914108,低信心,0.0031
4721,2026-08-11,-0.011267746,0.06855532,-0.053748332,0.019973371,429643.0,73.5,31578760.5,0.004,0.0645553178191185,3.2319073510263614,3.2319073510263614,高信心,0.0031
8932,2026-08-11,0.11146541,0.13314794,0.05639073,0.04013284,2293884.0,105.0,240857820.0,0.004,0.1291479400396347,3.2179314944429978,3.2179314944429978,中信心,0.0031
6902,2026-08-11,0.057214104,0.1322528,0.0031280066,0.039914884,101689.0,128.0,13016192.0,0.004,0.12825279748439788,3.2130768730241184,3.2130768730241184,中信心,0.0031
1710,2026-08-11,0.16023383,0.1604278,0.29793644,0.04887402,6143806.0,14.949999809265137,91849898.528162,0.004,0.15642779386043548,3.200567431120076,3.200567431120076,低信心,0.0031
2027,2026-08-11,0.054665327,0.07460971,0.10721038,0.022217967,14968262.0,46.45000076293945,695275781.3198776,0.004,0.07060971176624298,3.177902565045344,3.177902565045344,高信心,0.0031
3045,2026-08-11,0.05176656,0.0665595,0.08399828,0.020121684,14375957.0,109.5,1574167291.5,0.004,0.06255950099229812,3.1089043250182073,3.1089043250182073,高信心,0.003
6691,2026-08-11,0.043373242,0.08338618,0.030472009,0.025568172,339612.0,728.0,247237536.0,0.004,0.07938618278503418,3.104761507196038,3.104761507196038,高信心,0.003
4916,2026-08-11,-0.0072474875,0.13924459,0.07432995,0.043777023,6361605.0,104.5,664787722.5,0.004,0.13524458622932434,3.08932618433294,3.08932618433294,中信心,0.003
8121,2026-08-11,0.29545224,0.22576068,0.2226208,0.072290674,1025718.0,30.299999237060547,31079254.61743927,0.004,0.22176068341732025,3.0675827045816764,3.0675827045816764,低信心,0.003
2883,2026-08-11,0.039985944,0.06356674,0.083873115,0.019513005,21395194.0,31.049999237060547,664320757.3767624,0.004,0.059566736876964566,3.0525120266287353,3.0525120266287353,高信心,0.0029
3218,2026-08-11,0.038748622,0.06894622,0.084105015,0.0214414,200409.0,146.0,29259714.0,0.004,0.0649462199807167,3.0288689278072125,3.0288689278072125,高信心,0.0029
3003,2026-08-11,0.100819364,0.4171377,0.41850504,0.13682295,4882827.0,70.5,344239303.5,0.004,0.4131377122402191,3.0194838374663746,3.0194838374663746,低信心,0.0029
5864,2026-08-11,0.09442911,0.16636807,0.15333767,0.05446615,2847379.0,30.450000762939453,86702692.72237778,0.004,0.16236806726455688,2.981027463536137,2.981027463536137,低信心,0.0029
2401,2026-08-11,0.025008257,0.13719878,0.19609715,0.04468517,2330724.0,27.399999618530273,63861836.71089935,0.004,0.1331987760066986,2.980760729322491,2.980760729322491,中信心,0.0029
2457,2026-08-11,0.025456699,0.08605291,0.0071967067,0.027644506,1163804.0,23.25,27058443.0,0.004,0.08205290949344635,2.9680379009178504,2.9680379009178504,中信心,0.0029
4722,2026-08-11,0.28914362,0.76052606,0.4416264,0.25513026,739994.0,215.0,159098710.0,0.004,0.7565260610580444,2.9652423547606905,2.9652423547606905,低信心,0.0029
4580,2026-08-11,0.071862295,0.10585062,0.09126278,0.034467638,237328.0,78.80000305175781,18701447.124267578,0.004,0.10185062205791473,2.954878234927162,2.954878234927162,中信心,0.0028
8071,2026-08-11,0.7034588,1.0785706,1.4677142,0.36377326,448104.0,23.25,10418418.0,0.004,1.0745706043243408,2.9539489003942982,2.9539489003942982,低信心,0.0028
8415,2026-08-11,0.025902145,0.053366423,0.05109502,0.016902294,840826.0,38.20000076293945,32119553.84149933,0.004,0.04936642265319824,2.920520812215072,2.920520812215072,高信心,0.0028
6642,2026-08-11,0.021134846,0.17047171,0.25237232,0.057245478,1507502.0,86.0,129645172.0,0.004,0.16647171294689178,2.9079818249306433,2.9079818249306433,低信心,0.0028
3229,2026-08-11,0.6701247,0.8951429,0.5890579,0.30661252,1494841.0,51.0,76236891.0,0.004,0.891142912864685,2.9064043561179496,2.9064043561179496,低信心,0.0028
9933,2026-08-11,0.010213717,0.06891056,0.046794973,0.022471633,1579147.0,38.650001525878906,61034033.9595871,0.004,0.06491056150197982,2.8884270641877516,2.8884270641877516,高信心,0.0028
4169,2026-08-11,0.9395181,1.2375048,1.1257197,0.42742223,264197.0,153.5,40554239.5,0.004,1.2335048398971558,2.885909627871926,2.885909627871926,低信心,0.0028
4157,2026-08-11,0.49692425,1.335097,5.1513844,0.46147454,1614346.0,9.020000457763672,14561401.658988953,0.004,1.3310969552993774,2.884436568837971,2.884436568837971,低信心,0.0028
2338,2026-08-11,-0.011725101,0.11565716,0.055518493,0.03872794,811710.0,39.900001525878906,32387230.238571167,0.004,0.11165715819597244,2.8830421226176437,2.8830421226176437,中信心,0.0028
8462,2026-08-11,0.04201843,0.052757785,0.079446964,0.016938793,124860.0,169.5,21163770.0,0.004,0.04875778472423553,2.8782987697375177,2.8782987697375177,高信心,0.0028
6637,2026-08-11,0.07985377,0.15606414,0.10837457,0.052850015,180463.0,61.099998474121094,11026289.024635315,0.004,0.15206413781642913,2.877222720437446,2.877222720437446,低信心,0.0028
3094,2026-08-11,0.41225487,0.63894147,0.74177676,0.22139926,1501322.0,37.599998474121094,56449704.90916443,0.004,0.6349414668083191,2.8678442570696303,2.8678442570696303,低信心,0.0028
6278,2026-08-11,0.02914278,0.19949637,0.11301856,0.06827326,4302117.0,167.5,720604597.5,0.004,0.19549637353420257,2.8633979302493686,2.8633979302493686,低信心,0.0028
4142,2026-08-11,0.043375533,0.12159737,0.1113925,0.041075468,843416.0,17.399999618530273,14675438.07826233,0.004,0.11759737199544906,2.862889196272938,2.862889196272938,中信心,0.0028
6153,2026-08-11,0.10997816,0.2571086,0.0866531,0.08850392,2176157.0,16.799999237060547,36559435.93972397,0.004,0.253108598947525,2.859825249229118,2.859825249229118,低信心,0.0028
6409,2026-08-11,0.0223812,0.073642425,0.099388994,0.024392499,719365.0,1010.0,726558650.0,0.004,0.06964242523908615,2.8549584268976553,2.8549584268976553,高信心,0.0028
1563,2026-08-11,0.1642623,0.086929604,-0.015534447,0.029318623,4032517.0,62.099998474121094,250419299.54686737,0.004,0.08292960441112518,2.828467577455936,2.828467577455936,中信心,0.0027
2353,2026-08-11,0.018867737,0.100817986,0.17956768,0.034503818,12483540.0,31.049999237060547,387613907.4758148,0.004,0.09681798583269119,2.8059267440238487,2.8059267440238487,中信心,0.0027
1808,2026-08-11,0.052379053,0.11410138,0.12972039,0.03957627,2158036.0,32.45000076293945,70028269.8464508,0.004,0.11010138010978698,2.781934820050787,2.781934820050787,中信心,0.0027
6271,2026-08-11,0.083193764,0.22995323,0.0567314,0.08220163,4611234.0,195.5,901496247.0,0.004,0.22595322942733764,2.7487348546412824,2.7487348546412824,低信心,0.0026
3715,2026-08-11,0.018946258,0.1744737,0.052833866,0.06382802,12477593.0,122.0,1522266346.0,0.004,0.17047370290756225,2.67078679572956,2.67078679572956,低信心,0.0026
3293,2026-08-11,0.030525489,0.057640348,0.05604462,0.020116383,1799486.0,804.0,1446786744.0,0.004,0.053640347629785534,2.666368007667837,2.666368007667837,高信心,0.0026
5607,2026-08-11,0.011393616,0.055517145,0.027927872,0.019398903,645315.0,50.20000076293945,32394813.492336273,0.004,0.051517144501209255,2.6555360922893403,2.6555360922893403,高信心,0.0026
6533,2026-08-11,0.37564924,0.51612675,0.22711979,0.19478075,4569736.0,250.0,1142434000.0,0.004,0.5121267518997192,2.629233748753594,2.629233748753594,低信心,0.0025
2072,2026-08-11,0.07504708,0.062593624,0.088220485,0.022428412,277713.0,152.5,42351232.5,0.004,0.05859362399578094,2.612356641035455,2.612356641035455,高信心,0.0025
2472,2026-08-11,0.25528985,0.5177323,0.63854235,0.19914725,6107015.0,244.5,1493165167.5,0.004,0.5137323222160339,2.579647651899834,2.579647651899834,低信心,0.0025
2707,2026-08-11,0.008410442,0.076135166,0.0417214,0.027988844,226699.0,180.0,40805820.0,0.004,0.07213516598939895,2.577190724947,2.577190724947,中信心,0.0025
9945,2026-08-11,0.02562256,0.06256995,0.12350607,0.022810193,4876279.0,27.049999237060547,131903343.22969437,0.004,0.058569953501224514,2.567597120065167,2.567597120065167,高信心,0.0025
1537,2026-08-11,0.042200733,0.07186297,0.099654645,0.026451327,100593.0,127.0,12775311.0,0.004,0.06786297327280044,2.565482155704139,2.565482155704139,中信心,0.0025
6220,2026-08-11,0.1296993,0.11851392,0.07741847,0.04474477,452229.0,25.549999237060547,11554450.604976654,0.004,0.11451391941308975,2.559212213180682,2.559212213180682,中信心,0.0025
6805,2026-08-11,0.07639072,0.062646635,-0.047356013,0.022957012,3275252.0,1790.0,5862701080.0,0.004,0.058646634876728054,2.5545170947781464,2.5545170947781464,高信心,0.0025
6024,2026-08-11,0.020732101,0.05251423,0.0383605,0.019011209,277425.0,61.599998474121094,17089379.576683044,0.004,0.04851422896981239,2.5517407734340263,2.5517407734340263,高信心,0.0025
6605,2026-08-11,0.07341304,0.06091444,0.040346924,0.022347074,820181.0,138.5,113595068.5,0.004,0.05691443821787834,2.54672673807894,2.54672673807894,高信心,0.0025
2347,2026-08-11,0.0904996,0.13037336,0.19544773,0.04962405,5285927.0,91.0,481019357.0,0.004,0.12637335872650146,2.5465640338704203,2.5465640338704203,低信心,0.0025
3044,2026-08-11,0.22084488,0.24118343,0.08225375,0.09327856,8893940.0,441.5,3926674510.0,0.004,0.23718342995643615,2.5427161272131995,2.5427161272131995,低信心,0.0024
2441,2026-08-11,0.08196275,0.09809196,0.045210004,0.03705287,13602563.0,124.0,1686717812.0,0.004,0.0940919599533081,2.539328944283518,2.539328944283518,中信心,0.0024
3550,2026-08-11,0.49644437,1.2079587,1.4824735,0.47626215,2291947.0,23.049999237060547,52829376.60138321,0.004,1.203958698272705,2.527927384589199,2.527927384589199,低信心,0.0024
3090,2026-08-11,0.27678633,0.3704197,-0.01627813,0.1453984,32363061.0,174.5,5647354144.5,0.004,0.3664197108745575,2.5200910864447237,2.5200910864447237,低信心,0.0024
2617,2026-08-11,0.025844682,0.057221055,0.0629277,0.021133551,1246948.0,29.200000762939453,36410882.551345825,0.004,0.05322105503082275,2.5182012848690425,2.5182012848690425,高信心,0.0024
3661,2026-08-11,0.0099828,0.10848039,0.07112648,0.042075474,4649070.0,3955.0,18387071850.0,0.004,0.10448038643598556,2.483107090269811,2.483107090269811,中信心,0.0024
3010,2026-08-11,0.05196344,0.06353479,0.048784915,0.024151832,712245.0,125.0,89030625.0,0.004,0.059534788787364956,2.4649195807218547,2.4649195807218547,高信心,0.0024
5475,2026-08-11,0.93362945,1.4556978,0.6347523,0.5890089,15465867.0,135.0,2087892045.0,0.004,1.451697774887085,2.4646405345019557,2.4646405345019557,低信心,0.0024
2495,2026-08-11,-0.028154338,0.06834997,0.016129963,0.026112612,828170.0,38.849998474121094,32174403.236312866,0.004,0.06434997236728668,2.464230951453172,2.464230951453172,中信心,0.0024
3028,2026-08-11,0.0917771,0.09881699,0.07656769,0.03857991,2262393.0,70.4000015258789,159272470.65213776,0.004,0.09481699085235595,2.4576142034304307,2.4576142034304307,中信心,0.0024
2753,2026-08-11,0.025364777,0.047280792,0.04903399,0.017663004,107749.0,183.0,19718067.0,0.004,0.043280792146921154,2.450225433578431,2.450225433578431,高信心,0.0024
3580,2026-08-11,0.06358593,0.17480834,0.1697699,0.06971546,500342.0,77.5999984741211,38826538.4365387,0.004,0.1708083382844925,2.450043158065166,2.450043158065166,低信心,0.0024
3209,2026-08-11,0.06475708,0.061315775,0.0063240253,0.023457834,2026474.0,56.79999923706055,115103721.65392303,0.004,0.057315774917602536,2.4432490172192867,2.4432490172192867,高信心,0.0024
2368,2026-08-11,0.0593435,0.07020322,-0.051334698,0.027108641,12928332.0,964.0,12462912048.0,0.004,0.06620322233438491,2.442054504287301,2.442054504287301,中信心,0.0024
6156,2026-08-11,0.03979853,0.12586422,0.35338032,0.049955696,1656351.0,21.75,36025634.25,0.004,0.12186422264575958,2.43939725169327,2.43939725169327,低信心,0.0024
8464,2026-08-11,0.045385133,0.053803984,0.10011958,0.020441655,882333.0,398.0,351168534.0,0.004,0.04980398407578468,2.4362776420408183,2.4362776420408183,高信心,0.0023
1773,2026-08-11,0.008284972,0.08162796,0.06787963,0.03201353,471742.0,161.0,75950462.0,0.004,0.0776279575228691,2.4247726627285724,2.4247726627285724,中信心,0.0023
8942,2026-08-11,0.02407542,0.06533177,0.07017832,0.025384972,343101.0,39.45000076293945,13535334.71176529,0.004,0.061331771969795223,2.4159709818555886,2.4159709818555886,高信心,0.0023
8131,2026-08-11,0.09899214,0.4098887,0.39582103,0.16818763,2327427.0,63.20000076293945,147093388.17568588,0.004,0.40588871455192566,2.4132945898218012,2.4132945898218012,低信心,0.0023
2478,2026-08-11,0.06265335,0.35475528,0.21492304,0.14542621,16769738.0,121.0,2029138298.0,0.004,0.35075528240203857,2.41189580196845,2.41189580196845,低信心,0.0023
7788,2026-08-11,-0.032328136,0.3321566,0.09318777,0.1373769,1726719.0,238.5,411822481.5,0.004,0.32815659856796264,2.38871457289212,2.38871457289212,低信心,0.0023
3357,2026-08-11,0.14444815,0.2868552,0.35743982,0.11872115,3801622.0,219.0,832555218.0,0.004,0.28285519099235534,2.3824972440818626,2.3824972440818626,低信心,0.0023
6491,2026-08-11,0.078357436,0.08377709,-0.008272153,0.033651646,345595.0,378.0,130634910.0,0.004,0.07977709239721298,2.3706039550507367,2.3706039550507367,中信心,0.0023
6538,2026-08-11,0.8442782,0.9420836,0.4625063,0.39585292,1011108.0,147.0,148632876.0,0.004,0.9380835971832275,2.369772055494331,2.369772055494331,低信心,0.0023
3581,2026-08-11,2.2385285,3.7046828,2.1977446,1.5781611,298090.0,115.0,34280350.0,0.004,3.7006828269958496,2.344932049600777,2.344932049600777,低信心,0.0023
6679,2026-08-11,0.098339655,0.14274324,0.09607914,0.0595034,210185.0,211.0,44349035.0,0.004,0.13874324476718902,2.3316469246714315,2.3316469246714315,低信心,0.0022
6155,2026-08-11,0.08546142,0.15649156,0.21419379,0.06547348,2870037.0,55.20000076293945,158426044.58966446,0.004,0.15249156272411346,2.3290228775320796,2.3290228775320796,低信心,0.0022
2884,2026-08-11,0.059171513,0.05727653,0.053700518,0.02300874,37251310.0,36.900001525878906,1374573395.8409882,0.004,0.05327652832865715,2.3153902979456435,2.3153902979456435,高信心,0.0022
2106,2026-08-11,0.020302447,0.056745354,0.07764792,0.022817325,1652148.0,18.899999618530273,31225596.569755554,0.004,0.052745354086160656,2.3115348687542827,2.3115348687542827,高信心,0.0022
2258,2026-08-11,0.039871346,0.06623229,0.03367032,0.027163962,545600.0,31.149999618530273,16995439.791870117,0.004,0.06223228639364242,2.2909027469545897,2.2909027469545897,中信心,0.0022
3356,2026-08-11,0.037584044,0.098765865,0.13188155,0.04141961,354597.0,58.599998474121094,20779383.658927917,0.004,0.09476586496829986,2.287891651227295,2.287891651227295,中信心,0.0022
6205,2026-08-11,0.14569883,0.24270232,0.09549114,0.10449522,274444.0,61.599998474121094,16905749.98123169,0.004,0.23870232021808624,2.284315396130335,2.284315396130335,低信心,0.0022
1229,2026-08-11,0.017496131,0.05151098,0.026848635,0.020810476,3509878.0,41.900001525878906,147063893.5556488,0.004,0.04751097849011421,2.282922120282722,2.282922120282722,高信心,0.0022
2369,2026-08-11,0.04320433,0.14617698,0.17808706,0.062473703,4208659.0,33.099998474121094,139306606.478096,0.004,0.1421769789457321,2.275752831308688,2.275752831308688,低信心,0.0022
2428,2026-08-11,0.064582385,0.10613147,0.11114179,0.04510734,726029.0,231.5,168075713.5,0.004,0.10213147169351577,2.2641373765275925,2.2641373765275925,中信心,0.0022
6449,2026-08-11,0.10576676,0.22825286,0.21317203,0.10175403,2197380.0,238.0,522976440.0,0.004,0.2242528579235077,2.203850334717718,2.203850334717718,低信心,0.0021
1558,2026-08-11,0.034318384,0.05540057,0.086196154,0.023352932,143001.0,95.4000015258789,13642295.61820221,0.004,0.05140056899189949,2.20093849959248,2.20093849959248,高信心,0.0021
4760,2026-08-11,0.11917477,0.64558196,0.6265938,0.29154158,497755.0,256.0,127425280.0,0.004,0.6415819606781006,2.200645749276313,2.200645749276313,低信心,0.0021
2889,2026-08-11,0.022908714,0.05154554,0.060045425,0.021714577,3719876.0,15.199999809265137,56542114.49048996,0.004,0.04754554173350334,2.1894670456531915,2.1894670456531915,高信心,0.0021
6138,2026-08-11,0.19075444,0.21965049,0.24006306,0.09863351,533212.0,288.0,153565056.0,0.004,0.2156504920721054,2.186359412924425,2.186359412924425,低信心,0.0021
3402,2026-08-11,0.055051614,0.080169775,0.07323122,0.035089828,467349.0,126.5,59119648.5,0.004,0.07616977459192276,2.1706463567221697,2.1706463567221697,中信心,0.0021
2492,2026-08-11,0.1062127,0.08356856,-0.08372072,0.036844745,54233249.0,300.5,16297091324.5,0.004,0.07956855809688568,2.159504740613004,2.159504740613004,中信心,0.0021
5511,2026-08-11,0.05348116,0.04663133,0.09937944,0.020019565,180513.0,70.9000015258789,12798371.975440979,0.004,0.0426313287615776,2.129376904354382,2.129376904354382,高信心,0.0021
4707,2026-08-11,0.0986695,0.17275293,0.0034721317,0.079822615,7385298.0,30.0,221558940.0,0.004,0.16875293171405792,2.1140728290689044,2.1140728290689044,低信心,0.002
2006,2026-08-11,0.03429029,0.03544997,0.08895951,0.014955724,3455975.0,85.5,295485862.5,0.004,0.031449970513582226,2.102731234907837,2.102731234907837,高信心,0.002
3360,2026-08-11,0.22148006,0.30443254,0.57913226,0.14321956,689163.0,15.899999618530273,10957691.437105179,0.004,0.30043254113197326,2.097691446868807,2.097691446868807,低信心,0.002
6548,2026-08-11,0.01207694,0.05836954,0.06471398,0.026241917,1822498.0,74.5999984741211,135958348.01908875,0.004,0.05436953967809677,2.071779552630165,2.071779552630165,中信心,0.002
2420,2026-08-11,-0.0053660003,0.034485977,0.02706272,0.01508423,745406.0,57.099998474121094,42562681.46260071,0.004,0.03048597714304924,2.0209155556768352,2.0209155556768352,高信心,0.0019
6861,2026-08-11,0.17146234,0.34009305,0.74745023,0.16640536,406943.0,218.0,88713574.0,0.004,0.33609304642677307,2.0197127072852252,2.0197127072852252,低信心,0.0019
1102,2026-08-11,-0.020137845,0.06128907,0.09545795,0.0284623,8204174.0,32.45000076293945,266225452.55928802,0.004,0.05728906831145286,2.012734562484237,2.012734562484237,中信心,0.0019
3537,2026-08-11,0.18450484,0.13989694,0.18631512,0.0676779,2065976.0,57.0,117760632.0,0.004,0.1358969441652298,2.0079662499058752,2.0079662499058752,低信心,0.0019
8255,2026-08-11,0.021152195,0.0496969,0.017043905,0.022771027,335014.0,142.0,47571988.0,0.004,0.0456968999505043,2.006711988796659,2.006711988796659,高信心,0.0019
6165,2026-08-11,0.030570762,0.04871394,0.056120276,0.02243161,215048.0,50.099998474121094,10773904.471862793,0.004,0.04471394112706184,1.9932562615125142,1.9932562615125142,高信心,0.0019
6101,2026-08-11,-0.045423016,0.08740298,0.1007613,0.042018097,466251.0,35.099998474121094,16365409.388557434,0.004,0.08340297704935073,1.9848827422344155,1.9848827422344155,中信心,0.0019
9911,2026-08-11,0.030271392,0.055153884,0.016664503,0.025795303,156933.0,82.30000305175781,12915586.378921509,0.004,0.05115388399362564,1.9829927936351948,1.9829927936351948,高信心,0.0019
3029,2026-08-11,0.061724827,0.04559778,0.011165316,0.021441303,970161.0,108.0,104777388.0,0.004,0.04159778049588203,1.9399865608605606,1.9399865608605606,高信心,0.0019
2397,2026-08-11,-0.04571224,0.08360893,0.19014913,0.041038483,1926179.0,67.69999694824219,130402312.42176819,0.004,0.07960893279314041,1.9398133061352238,1.9398133061352238,中信心,0.0019
2515,2026-08-11,0.030447861,0.04553381,0.017614612,0.021609604,5938142.0,12.050000190734863,71554612.2326107,0.004,0.04153380981087684,1.9219179926401284,1.9219179926401284,高信心,0.0019
6279,2026-08-11,0.018365074,0.05392725,0.0077658915,0.02601918,1430464.0,130.5,186675552.0,0.004,0.049927250206470486,1.9187895461806088,1.9187895461806088,中信心,0.0018
8096,2026-08-11,0.0956507,0.13925669,-0.066680804,0.07072232,4931570.0,121.5,599185755.0,0.004,0.13525668597221374,1.912476544255816,1.912476544255816,低信心,0.0018
4105,2026-08-11,0.022193957,0.04346628,0.045768898,0.02128709,501286.0,77.5999984741211,38899792.83509827,0.004,0.03946628114581108,1.853913721603268,1.853913721603268,高信心,0.0018
3545,2026-08-11,-0.0058090235,0.051032998,-0.051596284,0.025430571,642515.0,50.400001525878906,32382756.980400085,0.004,0.047032997667789456,1.849394073638857,1.849394073638857,高信心,0.0018
6180,2026-08-11,-0.014387997,0.037742976,0.041123357,0.018296767,312537.0,42.25,13204688.25,0.004,0.0337429760992527,1.844103469431943,1.844103469431943,高信心,0.0018
5490,2026-08-11,0.18467934,0.16661392,0.27258825,0.088523224,1140475.0,30.200000762939453,34442345.87011337,0.004,0.16261392152309417,1.8369426713080481,1.8369426713080481,低信心,0.0018
2597,2026-08-11,0.013268021,0.035267394,0.012292774,0.017456943,243254.0,167.5,40745045.0,0.004,0.03126739403605461,1.791012452172072,1.791012452172072,高信心,0.0017
2929,2026-08-11,-0.011241482,0.045210887,0.16177438,0.023525814,1747775.0,5.960000038146973,10416739.066672325,0.004,0.04121088674664497,1.7516560906136096,1.7516560906136096,高信心,0.0017
4931,2026-08-11,-0.017629938,0.11998565,-0.08646261,0.066415735,21481032.0,255.0,5477663160.0,0.004,0.1159856474995613,1.7463317197093255,1.7463317197093255,低信心,0.0017
2302,2026-08-11,0.23702958,0.43452224,0.22754078,0.24687466,8351310.0,46.04999923706055,384577819.1284561,0.004,0.43052224135398864,1.7438829074555102,1.7438829074555102,低信心,0.0017
4949,2026-08-11,0.12536149,0.3183063,0.23626322,0.18255253,1045889.0,74.4000015258789,77814143.19589996,0.004,0.3143062970638275,1.7217212809445137,1.7217212809445137,低信心,0.0017
6104,2026-08-11,0.021923441,0.06371239,-0.027367981,0.036444508,372495.0,93.5,34828282.5,0.004,0.05971238827705383,1.638401958609732,1.638401958609732,中信心,0.0016
2501,2026-08-11,0.051774256,0.039874475,0.027172204,0.022119483,1977266.0,22.450000762939453,44389623.20853424,0.004,0.03587447544932365,1.6217763008675423,1.6217763008675423,高信心,0.0016
2108,2026-08-11,-0.027642744,0.032659072,0.039589144,0.017928692,1347801.0,29.75,40097079.75,0.004,0.028659072428941727,1.5984141118832154,1.5984141118832154,高信心,0.0015
3706,2026-08-11,-0.024370257,0.05389514,0.06989431,0.031217996,12577318.0,90.0,1131958620.0,0.004,0.049895138204097744,1.5982300574365873,1.5982300574365873,中信心,0.0015
1723,2026-08-11,0.003020383,0.040622678,0.022304388,0.022962183,419278.0,85.19999694824219,35722484.32046509,0.004,0.036622677654027935,1.594843260750803,1.594843260750803,高信心,0.0015
1477,2026-08-11,0.037841566,0.024206119,0.015513797,0.012788298,1550907.0,221.5,343525900.5,0.004,0.020206118658185005,1.579924003401007,1.579924003401007,高信心,0.0015
4736,2026-08-11,0.017309405,0.031626847,0.039262794,0.01769325,292148.0,131.5,38417462.0,0.004,0.02762684664130211,1.5613460323502388,1.5613460323502388,高信心,0.0015
2915,2026-08-11,0.016027723,0.026703576,0.01792912,0.014540598,2193637.0,53.599998474121094,117578939.85277557,0.004,0.022703575626015663,1.561284775471531,1.561284775471531,高信心,0.0015
2820,2026-08-11,0.02706341,0.038330767,0.032021657,0.022119626,3226658.0,16.200000762939453,52271862.06174469,0.004,0.03433076730370521,1.5519798718768842,1.5519798718768842,高信心,0.0015
3479,2026-08-11,-0.032710947,0.11440706,0.09971056,0.07179139,1459693.0,141.0,205816713.0,0.004,0.11040706253051757,1.5378658929694655,1.5378658929694655,低信心,0.0015
6693,2026-08-11,0.31437957,0.9681147,0.96620435,0.6372539,1119966.0,173.5,194314101.0,0.004,0.9641146740913391,1.5129184310737556,1.5129184310737556,低信心,0.0015
7769,2026-08-11,0.030573856,0.05746715,-0.0071910718,0.035685457,349974.0,6350.0,2222334900.0,0.004,0.05346715143322944,1.4982477366796423,1.4982477366796423,中信心,0.0014
2406,2026-08-11,-0.05980088,0.076742105,0.03813007,0.04896328,5532144.0,31.75,175645572.0,0.004,0.07274210518598556,1.4856158362135365,1.4856158362135365,低信心,0.0014
6125,2026-08-11,0.013620285,0.133014,-0.0057022735,0.087982714,342508.0,49.650001525878906,17005522.722625732,0.004,0.1290139935016632,1.4663395048545285,1.4663395048545285,低信心,0.0014
1904,2026-08-11,0.011724597,0.034248225,-0.00046941097,0.02067612,4533431.0,24.5,111069059.5,0.004,0.030248225390911102,1.4628839089720658,1.4628839089720658,高信心,0.0014
3066,2026-08-11,0.101682566,0.12481608,0.21678461,0.08276799,802258.0,21.600000381469727,17328773.10603714,0.004,0.12081608241796493,1.4596780762667176,1.4596780762667176,低信心,0.0014
1504,2026-08-11,0.0072103194,0.054406285,0.035414394,0.034722164,3836676.0,67.4000015258789,258591968.25430298,0.004,0.050406285285949703,1.4516616989209656,1.4516616989209656,中信心,0.0014
5425,2026-08-11,0.032288298,0.1446188,0.10736101,0.09758809,9772325.0,86.0,840419950.0,0.004,0.14061879432201385,1.4409273992597142,1.4409273992597142,低信心,0.0014
2206,2026-08-11,0.025678372,0.033980373,0.03175846,0.020997696,623462.0,62.0,38654644.0,0.004,0.029980373293161392,1.4277254875976053,1.4277254875976053,高信心,0.0014
2542,2026-08-11,0.046640888,0.03589879,0.02187804,0.02246451,5505661.0,44.54999923706055,245277193.349514,0.004,0.03189878976345062,1.4199005206748085,1.4199005206748085,高信心,0.0014
5285,2026-08-11,-0.029626595,0.07831634,0.14975497,0.052432097,589177.0,79.0,46544983.0,0.004,0.0743163383603096,1.4173555294381446,1.4173555294381446,低信心,0.0014
2340,2026-08-11,0.01651109,0.078982264,0.010640374,0.05364626,2435277.0,31.049999237060547,75615348.9920311,0.004,0.07498226380348205,1.3976905335846708,1.3976905335846708,低信心,0.0013
2603,2026-08-11,0.06444382,0.039576232,0.033446874,0.025475264,12457997.0,218.0,2715843346.0,0.004,0.03557623243331909,1.3964462239164932,1.3964462239164932,高信心,0.0013
3005,2026-08-11,0.041761033,0.03804613,0.008129503,0.024457278,2066854.0,114.5,236654783.0,0.004,0.03404612904787063,1.3920084271207434,1.3920084271207434,高信心,0.0013
3059,2026-08-11,0.002725575,0.04727297,0.004774929,0.031165585,1308739.0,40.349998474121094,52807616.653022766,0.004,0.043272969037294384,1.3884411401497916,1.3884411401497916,中信心,0.0013
3290,2026-08-11,-0.04778034,0.07370535,0.09928005,0.05082279,554203.0,55.099998474121094,30536584.454353333,0.004,0.06970535284280777,1.3715103515695004,1.3715103515695004,低信心,0.0013
2845,2026-08-11,0.03002193,0.036293432,0.047218394,0.024210352,4637650.0,13.100000381469727,60753216.76912308,0.004,0.03229343211650848,1.3338136257227924,1.3338136257227924,高信心,0.0013
2812,2026-08-11,0.030564316,0.084395,0.2359031,0.060408004,11650410.0,18.5,215532585.0,0.004,0.08039499884843826,1.3308446784203027,1.3308446784203027,低信心,0.0013
3515,2026-08-11,0.01807584,0.036587644,0.013335423,0.02451533,1529377.0,216.0,330345432.0,0.004,0.03258764436841011,1.329221910325134,1.329221910325134,高信心,0.0013
6405,2026-08-11,-0.029175801,0.09579928,0.15884978,0.0690921,471890.0,40.400001525878906,19064356.720046997,0.004,0.0917992821931839,1.3286316756346754,1.3286316756346754,低信心,0.0013
9921,2026-08-11,0.20741244,0.086605325,0.032064985,0.06219625,9749225.0,111.5,1087038587.5,0.004,0.08260532534122467,1.3281186251968815,1.3281186251968815,低信心,0.0013
2393,2026-08-11,0.014528099,0.036649168,0.007078898,0.02481929,3105959.0,64.19999694824219,199402558.32136536,0.004,0.032649167537689205,1.3154224576842293,1.3154224576842293,高信心,0.0013
8926,2026-08-11,0.01966698,0.0672415,0.12916175,0.04809613,7894907.0,55.79999923706055,440535804.576664,0.004,0.06324149733781814,1.314870501724308,1.314870501724308,低信心,0.0013
8091,2026-08-11,0.027537754,0.17107408,0.00784259,0.12817712,354341.0,239.5,84864669.5,0.004,0.16707407748699188,1.3034523983571977,1.3034523983571977,低信心,0.0013
6234,2026-08-11,0.0038782752,0.059024867,0.08394561,0.042409156,619562.0,36.650001525878906,22706948.245376587,0.004,0.0550248666703701,1.297445578853639,1.297445578853639,中信心,0.0012
2527,2026-08-11,0.012967817,0.049285587,0.021502126,0.03520477,1197641.0,46.75,55989716.75,0.004,0.04528558692336082,1.2863116287475889,1.2863116287475889,中信心,0.0012
3034,2026-08-11,0.028355503,0.031308442,0.07216711,0.021770779,2418245.0,538.0,1301015810.0,0.004,0.02730844235420227,1.2543045746573487,1.2543045746573487,高信心,0.0012
2645,2026-08-11,-0.079584375,0.040258225,0.031149335,0.028959217,3075011.0,191.0,587327101.0,0.004,0.03625822505354881,1.252001161314539,1.252001161314539,中信心,0.0012
3162,2026-08-11,-0.02592812,0.058436595,-0.029032024,0.043719575,438200.0,66.0999984741211,28965019.331359863,0.004,0.05443659490346908,1.2451024983316508,1.2451024983316508,中信心,0.0012
6901,2026-08-11,0.06023206,0.07907086,0.089263216,0.06055045,5371135.0,16.850000381469727,90503626.7989254,0.004,0.07507085865736007,1.2397863153275999,1.2397863153275999,低信心,0.0012
2412,2026-08-11,0.02035755,0.031009495,0.03520279,0.021914214,8037873.0,136.0,1093150728.0,0.004,0.0270094952583313,1.232454088306791,1.232454088306791,高信心,0.0012
8070,2026-08-11,0.014000311,0.026112236,-0.029140564,0.017984834,1745089.0,48.54999923706055,84724069.61860275,0.004,0.022112236082553863,1.2294251307804178,1.2294251307804178,高信心,0.0012
8110,2026-08-11,0.07245865,0.048811022,-0.031113664,0.03674382,3609179.0,46.29999923706055,167104984.94641495,0.004,0.04481102219223976,1.2195195001587653,1.2195195001587653,中信心,0.0012
2539,2026-08-11,0.047323473,0.03190188,0.16739444,0.023151636,2083727.0,41.54999923706055,86578855.26024246,0.004,0.027901881098747253,1.205127600155656,1.205127600155656,高信心,0.0012
3294,2026-08-11,0.052869607,0.05963912,0.03540572,0.047765832,416271.0,31.399999618530273,13070909.241205215,0.004,0.05563911861181259,1.164806576287223,1.164806576287223,低信心,0.0011
2404,2026-08-11,0.021792537,0.030087225,0.026789574,0.02315026,1119132.0,1150.0,1287001800.0,0.004,0.026087225139141083,1.1268166521551843,1.1268166521551843,高信心,0.0011
2201,2026-08-11,-0.0034170835,0.032369547,0.11414644,0.02545682,1308943.0,27.75,36323168.25,0.004,0.028369546592235565,1.1143745488497108,1.1143745488497108,高信心,0.0011
6472,2026-08-11,0.06750551,0.06885757,0.016138798,0.05894646,765281.0,423.5,324096503.5,0.004,0.0648575729727745,1.1002607105291164,1.1002607105291164,低信心,0.0011
3041,2026-08-11,0.018456561,0.03563423,-0.059359264,0.029631734,1647575.0,23.450000762939453,38635635.00699997,0.004,0.03163423082232475,1.067543436202244,1.067543436202244,中信心,0.001
3717,2026-08-11,0.30728754,0.14545015,0.08598668,0.13329196,2196470.0,22.899999618530273,50299162.16211319,0.004,0.1414501450061798,1.0611974329297733,1.0611974329297733,低信心,0.001
7740,2026-08-11,0.19952288,0.12824985,-0.12988882,0.117872335,797412.0,159.5,127187214.0,0.004,0.12424985384941101,1.0540963784704473,1.0540963784704473,低信心,0.001
6261,2026-08-11,-0.0025923438,0.03007961,-0.05905579,0.025388094,301195.0,78.80000305175781,23734166.919174194,0.004,0.026079610645771027,1.0271973762690685,1.0271973762690685,高信心,0.001
2439,2026-08-11,-0.008598583,0.03206116,0.015880829,0.027356373,2141090.0,81.9000015258789,175355274.26704407,0.004,0.02806115961074829,1.0257256504190198,1.0257256504190198,中信心,0.001
6788,2026-08-11,0.28468564,0.6972323,0.9673976,0.68396,182370.0,355.5,64832535.0,0.004,0.6932323060035706,1.01355526371242,1.01355526371242,低信心,0.001
6753,2026-08-11,-0.122120425,0.0718739,0.39441618,0.066997565,2160548.0,141.0,304637268.0,0.004,0.06787390327453613,1.0130650497448122,1.0130650497448122,低信心,0.001
6715,2026-08-11,-0.053611483,0.11795739,0.08100975,0.112604365,363791.0,360.5,131146655.5,0.004,0.11395739084482193,1.0120067790437721,1.0120067790437721,低信心,0.001
4923,2026-08-11,-0.16554354,0.32550758,0.41663915,0.3183172,979460.0,50.0,48973000.0,0.004,0.32150758123397827,1.0100194178684048,1.0100194178684048,低信心,0.001
3014,2026-08-11,0.0077610384,0.033128962,0.0095064435,0.02890725,1245335.0,134.5,167497557.5,0.004,0.02912896192073822,1.0076348814197733,1.0076348814197733,中信心,0.001
6290,2026-08-11,0.013679312,0.047942147,-0.0648296,0.043704536,3187971.0,220.0,701353620.0,0.004,0.043942146658897396,1.0054137873691145,1.0054137873691145,中信心,0.001
2105,2026-08-11,-0.005900112,0.022668505,0.02562534,0.018941185,3844624.0,31.799999237060547,122259040.26678467,0.004,0.01866850508749485,0.9855518430193476,0.9855518430193476,高信心,0.0009
3416,2026-08-11,0.01382106,0.036438264,0.0011637822,0.033551212,791638.0,186.0,147244668.0,0.004,0.03243826395273208,0.966799599804721,0.966799599804721,中信心,0.0009
3228,2026-08-11,0.29240176,0.5407205,0.52876395,0.5567972,103351.0,146.0,15089246.0,0.004,0.536720522403717,0.9639408019505169,0.9639408019505169,低信心,0.0009
2520,2026-08-11,0.004540428,0.020784384,0.0246526,0.017555153,1105348.0,34.45000076293945,38079239.4433136,0.004,0.01678438363969326,0.9560399372418409,0.9560399372418409,高信心,0.0009
4167,2026-08-11,0.008470238,0.020700423,0.04110229,0.017664038,564371.0,18.450000762939453,10412645.380580902,0.004,0.016700423046946525,0.9453941256948,0.9453941256948,高信心,0.0009
6670,2026-08-11,0.0057869633,0.027213275,0.059032384,0.02459874,190801.0,269.0,51325469.0,0.004,0.02321327543258667,0.9436390452404182,0.9436390452404182,高信心,0.0009
6574,2026-08-11,0.01850156,0.1032964,0.116958335,0.10559388,188853.0,139.0,26250567.0,0.004,0.09929639911651611,0.9403523948321791,0.9403523948321791,低信心,0.0009
6625,2026-08-11,0.024410596,0.03208532,0.09191837,0.0305351,164565.0,76.30000305175781,12556310.002212524,0.004,0.028085321843624115,0.9197416040947803,0.9197416040947803,中信心,0.0009
7402,2026-08-11,-0.031665172,0.15726647,-0.17604671,0.16755445,1139011.0,106.5,121304671.5,0.004,0.15326646780967712,0.9147208672433775,0.9147208672433775,低信心,0.0009
6126,2026-08-11,0.019861192,0.031910952,0.07527172,0.030535802,368115.0,30.649999618530273,11282724.609575272,0.004,0.027910952180624008,0.9140103058858003,0.9140103058858003,中信心,0.0009
6291,2026-08-11,0.064556725,0.19970776,0.08751937,0.21832687,538669.0,366.0,197152854.0,0.004,0.1957077614068985,0.8963938771756382,0.8963938771756382,低信心,0.0009
1476,2026-08-11,0.046266317,0.02644798,0.04811824,0.025181912,1641424.0,332.0,544952768.0,0.004,0.022447979733347893,0.891397294358502,0.891397294358502,高信心,0.0009
2882,2026-08-11,0.011006155,0.02326088,0.075752355,0.021867298,15315549.0,99.5999984741211,1525428657.0303268,0.004,0.019260880261659622,0.8807672371756013,0.8807672371756013,高信心,0.0008
6781,2026-08-11,0.009993832,0.029632824,0.046484217,0.029336466,1650814.0,1175.0,1939706450.0,0.004,0.025632823541760445,0.873723168481982,0.873723168481982,中信心,0.0008
6263,2026-08-11,-0.034841046,0.026015228,0.031569924,0.025505725,86511.0,159.5,13798504.5,0.004,0.022015227660536766,0.8631146177702509,0.8631146177702509,高信心,0.0008
2104,2026-08-11,-0.009834628,0.020104628,0.07947909,0.018991672,2927834.0,10.399999618530273,30449472.483119965,0.004,0.016104628056287765,0.8479390511339403,0.8479390511339403,高信心,0.0008
6120,2026-08-11,-0.013384316,0.02972399,0.07082377,0.030358316,2410333.0,12.899999618530273,31093294.78053093,0.004,0.025723990708589554,0.8473178442354313,0.8473178442354313,中信心,0.0008
2030,2026-08-11,0.010788492,0.033639092,0.08659391,0.035457097,8711042.0,21.149999618530273,184238534.9770012,0.004,0.0296390919983387,0.8358906954143689,0.8358906954143689,中信心,0.0008
6510,2026-08-11,0.0028904246,0.03674876,-0.07578962,0.039491653,312503.0,2800.0,875008400.0,0.004,0.032748759448528286,0.8292367804937314,0.8292367804937314,中信心,0.0008
8213,2026-08-11,-0.023940634,0.024173455,0.038202636,0.024511084,1264079.0,32.54999923706055,41145770.48558426,0.004,0.02017345531284809,0.8230004085920596,0.8230004085920596,高信心,0.0008
2009,2026-08-11,0.01852107,0.023633998,0.0030024636,0.023887476,2373986.0,40.04999923706055,95078137.48879242,0.004,0.01963399788737297,0.8219024825520849,0.8219024825520849,高信心,0.0008
6667,2026-08-11,0.007492333,0.040505104,0.08514044,0.0452077,386535.0,225.5,87163642.5,0.004,0.03650510376691818,0.8074796171072622,0.8074796171072622,中信心,0.0008
9925,2026-08-11,0.025597313,0.017217368,0.038797982,0.016686233,514637.0,40.150001525878906,20662676.335273743,0.004,0.013217367887496948,0.7920646812272503,0.7920646812272503,高信心,0.0008
5464,2026-08-11,0.061226215,0.14976162,-0.17590018,0.1859592,467808.0,61.400001525878906,28723411.91381836,0.004,0.1457616171836853,0.7838323174068866,0.7838323174068866,低信心,0.0008
4966,2026-08-11,0.03324576,0.046564937,0.0015340508,0.056084476,621932.0,595.0,370049540.0,0.004,0.042564936637878414,0.7589297727781457,0.7589297727781457,低信心,0.0007
5522,2026-08-11,-0.0030049125,0.026056882,-0.0026083721,0.029141769,471883.0,65.0999984741211,30719582.579963684,0.004,0.022056881994009018,0.7568560816392532,0.7568560816392532,中信心,0.0007
2355,2026-08-11,-0.00047010617,0.031495046,-0.015613369,0.037020415,2444489.0,42.5,103890782.5,0.004,0.027495045870542526,0.7426795281881612,0.7426795281881612,中信心,0.0007
8042,2026-08-11,-0.085171714,0.14538364,0.18460365,0.19431339,15374634.0,116.5,1791144861.0,0.004,0.14138364112377166,0.7276025250498113,0.7276025250498113,低信心,0.0007
3380,2026-08-11,0.01884414,0.02847395,0.015045043,0.0345911,1085027.0,28.25,30652012.75,0.004,0.024473950922489166,0.7075011717959979,0.7075011717959979,中信心,0.0007
2465,2026-08-11,-0.079605885,0.06571649,0.084479526,0.08776458,5909803.0,86.9000015258789,513561889.71764374,0.004,0.06171649014949798,0.7031969572731794,0.7031969572731794,低信心,0.0007
6208,2026-08-11,0.031572822,0.017734203,-0.016294789,0.019531341,354156.0,81.9000015258789,29005376.94039917,0.004,0.013734203487634659,0.7031519227002427,0.7031519227002427,高信心,0.0007
3303,2026-08-11,-0.015072619,0.026768358,0.0573661,0.033295922,1054126.0,54.20000076293945,57133630.004234314,0.004,0.022768358424305916,0.6837977259977932,0.6837977259977932,中信心,0.0007
6739,2026-08-11,-0.008361298,0.023647087,-0.027563848,0.029090313,217083.0,1005.0,218168415.0,0.004,0.019647086694836616,0.675359217020056,0.675359217020056,中信心,0.0007
6658,2026-08-11,-0.033214375,0.029153526,0.07976692,0.03775684,214986.0,160.0,34397760.0,0.004,0.025153525829315185,0.6661802111638222,0.6661802111638222,中信心,0.0006
2211,2026-08-11,-0.0051678675,0.017655535,0.0017548534,0.020658348,487072.0,88.5,43105872.0,0.004,0.01365553466975689,0.6609857519377846,0.6609857519377846,高信心,0.0006
3022,2026-08-11,0.036872562,0.029489033,0.15593871,0.038761184,7270151.0,108.0,785176308.0,0.004,0.025489032924175262,0.6575747703251392,0.6575747703251392,中信心,0.0006
2049,2026-08-11,0.0405261,0.021542728,0.011952365,0.027027264,7295765.0,368.0,2684841520.0,0.004,0.017542727947235107,0.6490512167961149,0.6490512167961149,中信心,0.0006
2483,2026-08-11,0.18428575,0.11862453,0.9938191,0.17845386,1266458.0,35.04999923706055,44389351.933769226,0.004,0.11462453073263168,0.6423166623844565,0.6423166623844565,低信心,0.0006
6209,2026-08-11,-0.05015834,0.05327237,-0.03613337,0.07675376,3216647.0,75.0,241248525.0,0.004,0.04927237024903297,0.6419454981333933,0.6419454981333933,低信心,0.0006
6913,2026-08-11,0.07045679,0.030406836,-0.03717429,0.041934777,464136.0,147.0,68227992.0,0.004,0.026406836420297623,0.6296971058756162,0.6296971058756162,中信心,0.0006
9914,2026-08-11,0.03999527,0.029418616,0.07745901,0.04132358,12284124.0,94.30000305175781,1158392930.6881714,0.004,0.025418615624308586,0.6150967950727766,0.6150967950727766,中信心,0.0006
2607,2026-08-11,0.0073120208,0.01595967,0.023573125,0.019554807,511843.0,48.70000076293945,24926754.49050522,0.004,0.011959670767188072,0.6115662062775076,0.6115662062775076,高信心,0.0006
6922,2026-08-11,0.091013834,0.048777126,0.044691395,0.074026026,1120979.0,213.0,238768527.0,0.004,0.04477712577581405,0.6048753985989366,0.6048753985989366,低信心,0.0006
3645,2026-08-11,-0.036163077,0.019021789,-0.058093168,0.02496723,2602048.0,67.80000305175781,176418862.3408203,0.004,0.015021788612008095,0.6016360772107311,0.6016360772107311,高信心,0.0006
6526,2026-08-11,0.008590692,0.018145328,-0.07027521,0.023826918,273564.0,620.0,169609680.0,0.004,0.014145328387618065,0.5936451712860863,0.5936451712860863,高信心,0.0006
2323,2026-08-11,-0.00017001753,0.018505687,-0.023106877,0.024472805,2833273.0,10.199999809265137,28899384.05959606,0.004,0.014505686894059181,0.592702561191737,0.592702561191737,高信心,0.0006
4551,2026-08-11,0.11427913,0.07193316,-0.15636505,0.11487066,2799882.0,157.0,439581474.0,0.004,0.06793315774202346,0.5913831026488646,0.5913831026488646,低信心,0.0006
5468,2026-08-11,0.6739426,0.3223309,0.5143206,0.5763027,825854.0,30.549999237060547,25229839.0699234,0.004,0.31833089208602905,0.5523665400321778,0.5523665400321778,低信心,0.0005
1519,2026-08-11,0.0020475981,0.015302551,0.010987571,0.021380592,1956676.0,703.0,1375543228.0,0.004,0.011302550978958607,0.5286112829733547,0.5286112829733547,高信心,0.0005
6227,2026-08-11,0.09448245,0.028190732,0.010548641,0.04756597,1039487.0,131.0,136172797.0,0.004,0.0241907320022583,0.5085615614667819,0.5085615614667819,低信心,0.0005
8084,2026-08-11,0.08668905,0.06359724,0.10007992,0.1203104,994278.0,52.79999923706055,52497877.64142609,0.004,0.05959723955392837,0.4953582010516151,0.4953582010516151,低信心,0.0005
5498,2026-08-11,-0.086395495,0.050805666,-0.0050928355,0.09515256,2796556.0,51.099998474121094,142904007.3327942,0.004,0.046805665552616116,0.49189612955429574,0.49189612955429574,低信心,0.0005
6442,2026-08-11,0.0067973235,0.014703995,-0.11472445,0.021867316,2267090.0,1450.0,3287280500.0,0.004,0.010703994616866112,0.4894750191708794,0.4894750191708794,高信心,0.0005
6269,2026-08-11,0.040433407,0.030315805,0.025465835,0.054496285,7862108.0,67.4000015258789,529906091.19662476,0.004,0.026315805226564407,0.4828828851836314,0.4828828851836314,低信心,0.0005
9910,2026-08-11,0.003937582,0.014737368,-0.035630092,0.02226888,1811828.0,71.30000305175781,129183341.92926025,0.004,0.010737367630004883,0.4821475211171314,0.4821475211171314,高信心,0.0005
9958,2026-08-11,-0.03667621,0.013907504,0.027014125,0.020986853,1779124.0,113.5,201930574.0,0.004,0.009907504267990589,0.4720589607453757,0.4720589607453757,高信心,0.0005
6811,2026-08-11,-0.03363814,0.02360979,0.016828123,0.041555718,98207.0,230.5,22636713.5,0.004,0.019609789088368416,0.4718801433866031,0.4718801433866031,中信心,0.0005
3227,2026-08-11,0.025687747,0.022751983,-0.037394635,0.041088086,891850.0,209.0,186396650.0,0.004,0.018751983255147934,0.45637384506853135,0.45637384506853135,中信心,0.0004
3533,2026-08-11,0.01873118,0.015949847,-0.029521056,0.027199525,1039127.0,1990.0,2067862730.0,0.004,0.011949847176671028,0.4393241270680183,0.4393241270680183,中信心,0.0004
1560,2026-08-11,0.0024273552,0.012891247,-0.0042256606,0.020408014,780037.0,687.0,535885419.0,0.004,0.008891246937215328,0.4356529376729373,0.4356529376729373,高信心,0.0004
3596,2026-08-11,0.04541048,0.017039347,0.0020166514,0.030468298,2577885.0,169.0,435662565.0,0.004,0.013039347440004349,0.42795036776932255,0.42795036776932255,中信心,0.0004
2727,2026-08-11,0.020013232,0.014756139,-0.012875401,0.025505325,409086.0,236.5,96748839.0,0.004,0.010756139367818832,0.4217047865558256,0.4217047865558256,高信心,0.0004
6425,2026-08-11,-0.027150216,0.022847166,-0.0056917863,0.045387734,479438.0,57.900001525878906,27759460.93156433,0.004,0.018847166284918785,0.41523888001792525,0.41523888001792525,低信心,0.0004
6919,2026-08-11,-0.026999183,0.028609145,0.10540447,0.061854206,3468656.0,108.0,374614848.0,0.004,0.024609145432710647,0.3978508465062608,0.3978508465062608,低信心,0.0004
5608,2026-08-11,-0.047964334,0.013029362,0.015214753,0.023908498,866270.0,13.949999809265137,12084466.33477211,0.004,0.009029362075030804,0.37764749693720484,0.37764749693720484,高信心,0.0004
6438,2026-08-11,-0.010800199,0.012704244,-0.005924801,0.023444533,169658.0,145.0,24600410.0,0.004,0.008704243883490562,0.3712538190109416,0.3712538190109416,高信心,0.0004
1711,2026-08-11,0.056559406,0.031221407,-0.09527996,0.07452703,12675152.0,37.849998474121094,479754483.8592529,0.004,0.027221406534314155,0.3652505795521196,0.3652505795521196,低信心,0.0004
3323,2026-08-11,-0.027208775,0.023335187,-0.029257271,0.05384822,1020608.0,32.20000076293945,32863578.37866211,0.004,0.019335186764597893,0.35906161692126876,0.35906161692126876,低信心,0.0003
3615,2026-08-11,0.13995928,0.046846557,0.89113015,0.12192263,525846.0,35.900001525878906,18877872.20237732,0.004,0.04284655740857124,0.35142128724996197,0.35142128724996197,低信心,0.0003
6168,2026-08-11,-0.046600297,0.0434107,0.24242166,0.11248827,905765.0,24.600000381469727,22281819.345521927,0.004,0.039410699814558026,0.3503507530175743,0.3503507530175743,低信心,0.0003
2547,2026-08-11,-0.013279442,0.011069632,0.02092241,0.02051377,2981308.0,10.550000190734863,31452799.968639374,0.004,0.007069632135331631,0.34461182429325143,0.34461182429325143,高信心,0.0003
2466,2026-08-11,-0.17470732,0.075685345,0.05629607,0.225446,2820672.0,92.0,259501824.0,0.004,0.07168534463644027,0.31796983295936176,0.31796983295936176,低信心,0.0003
3211,2026-08-11,0.061442122,0.013503019,-0.07588455,0.030817028,20750744.0,400.0,8300297600.0,0.004,0.009503018766641617,0.3083590764097823,0.3083590764097823,中信心,0.0003
5340,2026-08-11,-0.13307908,0.07045427,-0.24426602,0.21636263,2846925.0,74.0,210672450.0,0.004,0.06645426964759826,0.3071416003273297,0.3071416003273297,低信心,0.0003
3689,2026-08-11,-0.041111406,0.011990593,-0.03601386,0.026063304,856933.0,110.0,94262630.0,0.004,0.007990592814981937,0.30657226144731925,0.30657226144731925,中信心,0.0003
8112,2026-08-11,-0.120800324,0.017865578,0.16655272,0.04635391,72786228.0,100.0,7278622800.0,0.004,0.013865577712655067,0.29911778843893594,0.29911778843893594,低信心,0.0003
2731,2026-08-11,0.010796129,0.00952887,-0.012839289,0.018755637,300497.0,145.5,43722313.5,0.004,0.005528869763016701,0.2947687082673073,0.2947687082673073,高信心,0.0003
3551,2026-08-11,-0.013960363,0.012347573,0.08812655,0.028951084,178562.0,178.0,31784036.0,0.004,0.008347573414444923,0.2883237446932911,0.2883237446932911,中信心,0.0003
3443,2026-08-11,0.0029400338,0.0111037325,-0.058891512,0.024918113,3458324.0,4955.0,17135995420.0,0.004,0.007103732511401176,0.2850716424084381,0.2850716424084381,高信心,0.0003
6579,2026-08-11,-0.034305554,0.054717656,0.3230434,0.20334524,1161225.0,159.0,184634775.0,0.004,0.050717656224966046,0.24941526746925088,0.24941526746925088,低信心,0.0002
5871,2026-08-11,0.016705753,0.008834956,0.027768891,0.02007071,12241648.0,115.5,1413910344.0,0.004,0.0048349562138319015,0.2408841263346776,0.2408841263346776,高信心,0.0002
3563,2026-08-11,-0.019198319,0.009546467,-0.09762475,0.0266616,323886.0,677.0,219270822.0,0.004,0.00554646710306406,0.20802423102650308,0.20802423102650308,中信心,0.0002
2065,2026-08-11,0.05097371,0.009398631,0.015807627,0.028565248,422139.0,37.5,15830212.5,0.004,0.005398630820214748,0.1889863409819835,0.1889863409819835,中信心,0.0002
2636,2026-08-11,0.011904393,0.0069240644,0.016628075,0.015751183,854925.0,68.0999984741211,58220391.195487976,0.004,0.002924064364284277,0.1856291482600753,0.1856291482600753,高信心,0.0002
1409,2026-08-11,0.012861005,0.010786757,0.07449708,0.03742089,30409385.0,24.25,737427586.25,0.004,0.006786756873130798,0.18135794170483852,0.18135794170483852,中信心,0.0002
6028,2026-08-11,0.0049103615,0.009618084,0.043529186,0.032894656,119355.0,87.0,10383885.0,0.004,0.005618083946406841,0.170784987928012,0.170784987928012,中信心,0.0002
5222,2026-08-11,-0.058200084,0.010869171,0.009729924,0.041129027,141074.0,115.0,16223510.0,0.004,0.0068691705390810966,0.16701109588771856,0.16701109588771856,中信心,0.0002
2489,2026-08-11,0.019914262,0.010724439,-0.014401685,0.041232854,10482723.0,32.75,343309178.25,0.004,0.006724439285695553,0.1630805485557921,0.1630805485557921,中信心,0.0002
6725,2026-08-11,0.1259184,0.013732727,0.045703433,0.07349004,106920.0,243.0,25981560.0,0.004,0.0097327266857028,0.13243420010543605,0.13243420010543605,低信心,0.0001
2374,2026-08-11,0.009541306,0.00717996,-0.11286306,0.024557738,3579977.0,71.0999984741211,254536359.2373886,0.004,0.0031799601428210734,0.1294838586222149,0.1294838586222149,高信心,0.0001
6515,2026-08-11,0.014496871,0.0069134473,-0.09115596,0.02401961,178823.0,6920.0,1237455160.0,0.004,0.0029134472869336604,0.12128947771035704,0.12128947771035704,高信心,0.0001
2312,2026-08-11,-0.011400263,0.006681507,0.055819295,0.031071136,19362755.0,32.849998474121094,636066472.2047806,0.004,0.002681506987661123,0.08629940942561938,0.08629940942561938,中信心,0.0001
3265,2026-08-11,-0.07429214,0.019603956,0.04367489,0.20364317,896407.0,159.5,142976916.5,0.004,0.015603956490755081,0.07662363418881545,0.07662363418881545,低信心,0.0001
3577,2026-08-11,-0.1952006,0.02799141,0.0109252315,0.326181,731304.0,132.0,96532128.0,0.004,0.023991410344839096,0.07355221861382867,0.07355221861382867,低信心,0.0001
6218,2026-08-11,-0.133744,0.006255339,0.14986771,0.05137613,479592.0,35.75,17145414.0,0.004,0.0022553388997912406,0.04389772165247683,0.04389772165247683,低信心,0.0
1515,2026-08-11,-0.06996597,0.0076209405,0.38190523,0.08265533,2043350.0,31.200000762939453,63752521.55895233,0.004,0.003620940450578928,0.04380717594147077,0.04380717594147077,低信心,0.0
6133,2026-08-11,0.041480884,0.0054723476,0.061030935,0.045977306,614344.0,22.0,13515568.0,0.004,0.001472347605973482,0.032022660209798784,0.032022660209798784,低信心,0.0
6243,2026-08-11,-0.090379424,0.008981817,0.16941759,0.1578773,2662410.0,45.599998474121094,121405891.93748474,0.004,0.004981817401945591,0.031554796148346116,0.031554796148346116,低信心,0.0
4967,2026-08-11,0.07656088,0.0053046783,-0.13094743,0.04221636,4369492.0,274.5,1199425554.0,0.004,0.0013046783432364463,0.030903836141917905,0.030903836141917905,中信心,0.0
4417,2026-08-11,-0.011302724,0.0044602156,0.053515043,0.022583447,407811.0,46.849998474121094,19105944.727729797,0.004,0.0004602155685424804,0.020377543694468245,0.020377543694468245,高信心,0.0
6547,2026-08-11,0.08365432,0.0050397366,-0.029283095,0.056811217,2047892.0,52.0,106490384.0,0.004,0.0010397366285324096,0.018301286397948698,0.018301286397948698,低信心,0.0
7786,2026-08-11,-0.05688467,0.004364729,-0.008877329,0.042825844,193421.0,130.5,25241440.5,0.004,0.0003647289276123046,0.008516362780431832,0.008516362780431832,中信心,0.0
8210,2026-08-11,0.015087012,0.0040211617,-0.088469885,0.025772253,2207177.0,1015.0,2240284655.0,0.004,2.116170153021804e-05,0.0008210721902505657,0.0008210721902505657,高信心,0.0
2383,2026-08-11,0.018514108,0.0039101867,-0.048843402,0.026980668,2812568.0,5535.0,15567563880.0,0.004,-8.981329947710046e-05,-0.0033286784811447866,-0.0033286784811447866,中信心,0.0
3049,2026-08-11,-0.012573165,0.003786396,0.0020065827,0.03154162,1370740.0,10.75,14735455.0,0.004,-0.0002136039976030589,-0.006771917244477695,-0.006771917244477695,中信心,0.0
7751,2026-08-11,0.019042972,0.0035607782,-0.083664134,0.025334774,337440.0,1255.0,423487200.0,0.004,-0.0004392217807471753,-0.01733603180111219,-0.01733603180111219,高信心,0.0
1517,2026-08-11,-0.0010745456,0.003347567,0.034411393,0.032712754,3037170.0,12.300000190734863,37357191.579294205,0.004,-0.0006524329502135516,-0.019943690513647336,-0.019943690513647336,中信心,0.0
4904,2026-08-11,0.012884545,0.0024470887,0.0147390375,0.03108326,4571939.0,101.0,461765839.0,0.004,-0.0015529112853109837,-0.04995812307293132,-0.04995812307293132,中信心,0.0
5876,2026-08-11,0.053241048,0.0026055926,0.025189452,0.022037169,4559105.0,43.099998474121094,196497418.54335785,0.004,-0.0013944074008613826,-0.0632723792924268,-0.0632723792924268,高信心,0.0
4576,2026-08-11,-0.011057925,0.00011412725,-0.036959946,0.052156884,1681791.0,218.5,367471333.5,0.004,-0.0038858727485639975,-0.07450211846766576,-0.07450211846766576,低信心,0.0
3430,2026-08-11,-0.25058192,-0.005343485,0.1618469,0.11843902,694426.0,112.0,77775712.0,0.004,-0.009343485157936812,-0.07888790787425103,-0.07888790787425103,低信心,0.0
4590,2026-08-11,0.109199755,-0.00031569303,-0.034016654,0.050819296,1300139.0,89.80000305175781,116752486.16770935,0.004,-0.00431569303246215,-0.08492066116885326,-0.08492066116885326,低信心,0.0
6643,2026-08-11,0.0156678,-0.014657726,-0.054032303,0.1869253,518994.0,450.0,233547300.0,0.004,-0.01865772558003664,-0.09981326892802947,-0.09981326892802947,低信心,0.0
4541,2026-08-11,-0.39350647,-0.007996107,0.4788852,0.11653656,5294291.0,66.30000305175781,351011509.4568939,0.004,-0.011996107451617718,-0.1029376954347966,-0.1029376954347966,低信心,0.0
6944,2026-08-11,0.02095116,-0.0016406254,-0.110322885,0.054484416,275722.0,740.0,204034280.0,0.004,-0.005640625414438546,-0.1035254205115516,-0.1035254205115516,低信心,0.0
2363,2026-08-11,0.060323395,-0.0024745888,-0.0721117,0.056814812,9315514.0,57.0,530984298.0,0.004,-0.006474588807672262,-0.11395751905172109,-0.11395751905172109,低信心,0.0
5274,2026-08-11,0.022400696,-0.0006148696,-0.07801345,0.03650556,171344.0,16440.0,2816895360.0,0.004,-0.0046148695829324425,-0.1264120645956414,-0.1264120645956414,中信心,0.0
8086,2026-08-11,-0.026540129,-0.0053573567,-0.10729366,0.06741398,4139273.0,116.5,482225304.5,0.004,-0.009357356742024422,-0.1388023434275114,-0.1388023434275114,低信心,0.0
5289,2026-08-11,0.018504476,-0.0010867458,-0.16894038,0.028103767,2547697.0,1470.0,3745114590.0,0.004,-0.005086745760403574,-0.1809922752109005,-0.1809922752109005,中信心,0.0
3701,2026-08-11,-0.035560012,-0.0041564493,-0.10730624,0.044515636,710203.0,41.20000076293945,29260364.14184189,0.004,-0.008156449344009161,-0.1832225075258311,-0.1832225075258311,中信心,0.0
3652,2026-08-11,0.0087274555,-0.019638538,0.41434562,0.12845348,5557252.0,37.349998474121094,207563353.7203064,0.004,-0.023638538360595703,-0.18402269027290274,-0.18402269027290274,低信心,0.0
7799,2026-08-11,-0.0901,-0.012793953,-0.15651157,0.086451165,203589.0,359.0,73088451.0,0.004,-0.016793952599167824,-0.19425716916221114,-0.19425716916221114,低信心,0.0
7712,2026-08-11,-0.08286134,-0.013164733,-0.090207405,0.084653884,202139.0,145.5,29411224.5,0.004,-0.017164732605218887,-0.2027612830840826,-0.2027612830840826,低信心,0.0
3702,2026-08-11,-0.04074056,-0.0029522015,-0.0015922795,0.034099985,12177765.0,125.5,1528309507.5,0.004,-0.006952201524749398,-0.2038709988285884,-0.2038709988285884,中信心,0.0
3605,2026-08-11,-0.01194942,-0.015582943,0.07761518,0.09426781,15631193.0,111.0,1735062423.0,0.004,-0.019582943335175514,-0.207735136448833,-0.207735136448833,低信心,0.0
1595,2026-08-11,-0.06743519,-0.017730024,0.17712606,0.09660353,452625.0,63.79999923706055,28877474.65467453,0.004,-0.021730023711919785,-0.2249379465125821,-0.2249379465125821,低信心,0.0
8996,2026-08-11,0.015716814,-0.0033295518,-0.077914394,0.030155618,1151528.0,1065.0,1226377320.0,0.004,-0.00732955177873373,-0.24304952838477523,-0.24304952838477523,中信心,0.0
9939,2026-08-11,0.015098186,-0.00032418806,0.021352164,0.017024498,4160363.0,135.5,563729186.5,0.004,-0.004324188062222675,-0.25398304890763573,-0.25398304890763573,高信心,0.0
2481,2026-08-11,0.07148378,-0.002978924,-0.087957636,0.027307076,24290736.0,141.5,3437139144.0,0.004,-0.00697892396338284,-0.2555626330067325,-0.2555626330067325,中信心,0.0
3030,2026-08-11,0.01506581,-0.0016512193,-0.089226656,0.02167837,1565333.0,302.5,473513232.5,0.004,-0.005651219325140119,-0.26067267613441436,-0.26067267613441436,高信心,0.0
5351,2026-08-11,-0.041017056,-0.0209468,0.04655881,0.09464108,12824821.0,119.5,1532566109.5,0.004,-0.024946800708770752,-0.2635910010867815,-0.2635910010867815,低信心,0.0
2881,2026-08-11,-0.015236376,-0.0038282806,0.01875694,0.029427694,11094643.0,128.0,1420114304.0,0.004,-0.007828280605375767,-0.2660084236056916,-0.2660084236056916,中信心,0.0
1618,2026-08-11,-0.041662328,-0.0036603967,-0.020593254,0.027062183,879138.0,40.79999923706055,35868829.729270935,0.004,-0.007660396672785282,-0.2830560076798576,-0.2830560076798576,中信心,0.0
2546,2026-08-11,0.023414565,-0.0006885875,-0.015810352,0.016365446,957321.0,96.19999694824219,92094277.27848816,0.004,-0.004688587490003556,-0.28647559635511477,-0.28647559635511477,高信心,0.0
7711,2026-08-11,0.00011812101,-0.009421253,-0.0879925,0.046206456,2192380.0,407.0,892298660.0,0.004,-0.013421252645552158,-0.2904564408464913,-0.2904564408464913,低信心,0.0
2474,2026-08-11,0.015481416,-0.004617929,0.013157084,0.028049665,6749879.0,206.0,1390475074.0,0.004,-0.008617928992956877,-0.30722726361800384,-0.30722726361800384,中信心,0.0
5225,2026-08-11,0.040738687,-0.0064249774,-0.02847294,0.031678807,1233471.0,63.0,77708673.0,0.004,-0.010424977444112301,-0.32907327942682857,-0.32907327942682857,中信心,0.0
8289,2026-08-11,-0.035638746,-0.017322572,0.035563406,0.060798142,423657.0,44.75,18958650.75,0.004,-0.021322571948170662,-0.35070515436124,-0.35070515436124,低信心,0.0
2015,2026-08-11,0.008332272,-0.0027362378,-0.02629725,0.01914126,303957.0,64.5999984741211,19635621.736198425,0.004,-0.006736237831413746,-0.3519039841010777,-0.3519039841010777,高信心,0.0
4162,2026-08-11,-0.07203572,-0.0064962753,0.032589924,0.029266648,327902.0,63.70000076293945,20887357.650169373,0.004,-0.010496275309473276,-0.35863063629876224,-0.35863063629876224,中信心,0.0
1712,2026-08-11,-0.0029339094,-0.0025648116,-0.008842019,0.017849391,751685.0,39.400001525878906,29616390.146980286,0.004,-0.006564811613410711,-0.36776849341712864,-0.36776849341712864,高信心,0.0
2059,2026-08-11,0.008733649,-0.0049409643,-0.053365897,0.024269199,458679.0,12315.0,5648631885.0,0.004,-0.00894096428155899,-0.3683927022361689,-0.3683927022361689,高信心,0.0
2365,2026-08-11,-0.08789154,-0.005458722,0.015551297,0.025529766,933289.0,31.049999237060547,28978622.737957,0.004,-0.00945872189104557,-0.37048326843332247,-0.37048326843332247,高信心,0.0
1809,2026-08-11,-0.06745396,-0.040522926,-0.08928879,0.1142126,7881604.0,41.95000076293945,330633293.81318665,0.004,-0.04452292555570603,-0.3898215734509107,-0.3898215734509107,低信心,0.0
8454,2026-08-11,0.040113553,-0.004178635,-0.074154235,0.020568611,686166.0,271.0,185950986.0,0.004,-0.008178634844720364,-0.3976076508802772,-0.3976076508802772,高信心,0.0
3672,2026-08-11,3.006782,-999.0,10.442509,2.4786289,18079.0,12.649999618530273,228699.3431034088,0.004,-1.0,-0.40344870738881894,-0.40344870738881894,低信心,0.0
5426,2026-08-11,0.3802791,-0.03699279,0.07318463,0.097883634,3543395.0,30.799999237060547,109136563.29660416,0.004,-0.04099278831481934,-0.4187867615812112,-0.4187867615812112,低信心,0.0
2528,2026-08-11,0.01784723,-0.004196073,0.09867104,0.019492114,538149.0,20.200000762939453,10870610.210575104,0.004,-0.008196072928607464,-0.42045990410582185,-0.42045990410582185,高信心,0.0
4976,2026-08-11,0.08554516,-0.043292966,0.105804585,0.11158207,1009150.0,35.54999923706055,35875281.73007965,0.004,-0.04729296573996544,-0.42383639541236345,-0.42383639541236345,低信心,0.0
4577,2026-08-11,-0.24478966,-0.05514795,0.21469975,0.13834794,334982.0,75.5999984741211,25324638.688858032,0.004,-0.059147949606180195,-0.4275273151638656,-0.4275273151638656,低信心,0.0
6292,2026-08-11,0.2834715,-0.04406217,0.07822798,0.10814779,995711.0,65.69999694824219,65418209.66133118,0.004,-0.048062171131372455,-0.4444078452769577,-0.4444078452769577,低信心,0.0
2637,2026-08-11,-0.0038079552,-0.0048938887,0.026635354,0.019412545,1567169.0,87.30000305175781,136813858.48262024,0.004,-0.008893888719379902,-0.45812799187302017,-0.45812799187302017,高信心,0.0
2886,2026-08-11,0.03691055,-0.009750541,-0.067354575,0.029926311,32153531.0,49.400001525878906,1588384480.4623947,0.004,-0.013750541299581528,-0.4594646370288409,-0.4594646370288409,中信心,0.0
7730,2026-08-11,0.060364645,-0.039506864,0.096209206,0.094455816,88221.0,163.0,14380023.0,0.004,-0.043506863802671436,-0.46060058406129345,-0.46060058406129345,低信心,0.0
5434,2026-08-11,-0.033377536,-0.00627068,0.045225404,0.021961104,926050.0,522.0,483398100.0,0.004,-0.010270680110901594,-0.46765464456867484,-0.46765464456867484,高信心,0.0
5469,2026-08-11,-0.07571371,-0.011409598,-0.039123006,0.03288948,2164728.0,75.9000015258789,164302858.5031128,0.004,-0.015409598402678967,-0.4685124205300935,-0.4685124205300935,中信心,0.0
6226,2026-08-11,-0.047418553,-0.026609302,0.00039971422,0.064901896,13243322.0,20.299999237060547,268839426.49614716,0.004,-0.030609301567077637,-0.47161689697959586,-0.47161689697959586,低信心,0.0
1722,2026-08-11,-0.036125638,-0.0063037914,-0.038470395,0.021517571,1220933.0,46.099998474121094,56285009.43700409,0.004,-0.010303791422396898,-0.4788325060083383,-0.4788325060083383,高信心,0.0
2204,2026-08-11,-0.015774075,-0.0060637514,-0.02565779,0.01950995,651555.0,51.79999923706055,33750548.502902985,0.004,-0.01006375141069293,-0.5158001506845628,-0.5158001506845628,高信心,0.0
2354,2026-08-11,0.018419432,-0.016073028,-0.004622801,0.03850351,17044760.0,62.70000076293945,1068706465.0041199,0.004,-0.02007302762567997,-0.5213163077503574,-0.5213163077503574,中信心,0.0
6669,2026-08-11,-0.015232876,-0.0127531,-0.07635968,0.032042883,1677502.0,5930.0,9947586860.0,0.004,-0.016753100134432316,-0.5228174377804238,-0.5228174377804238,中信心,0.0
3023,2026-08-11,-0.00805848,-0.0072059757,-0.009186809,0.021360379,1217645.0,318.5,387819932.5,0.004,-0.011205975707620382,-0.5245904645177233,-0.5245904645177233,高信心,0.0
6121,2026-08-11,-0.01548234,-0.013705254,-0.043761276,0.033258967,2669743.0,434.5,1160003333.5,0.004,-0.01770525360107422,-0.5323292837466738,-0.5323292837466738,中信心,0.0
3312,2026-08-11,-0.14837216,-0.027058871,0.001387906,0.053579085,867102.0,49.900001525878906,43268391.12309265,0.004,-0.03105887146294117,-0.579671955532423,-0.579671955532423,低信心,0.0
6265,2026-08-11,-0.13433531,-0.08026872,-0.049128313,0.14313363,6868316.0,56.099998474121094,385312517.1197815,0.004,-0.08426871830224991,-0.5887374842305563,-0.5887374842305563,低信心,0.0
2025,2026-08-11,-0.051412996,-0.020476941,0.07760621,0.04127354,2581747.0,12.699999809265137,32788186.40757084,0.004,-0.024476941019296646,-0.5930275890266301,-0.5930275890266301,中信心,0.0
2408,2026-08-11,-0.03314588,-0.014661787,-0.14306575,0.030014647,113445685.0,489.0,55474939965.0,0.004,-0.01866178707778454,-0.621735284334732,-0.621735284334732,中信心,0.0
8436,2026-08-11,-0.028812759,-0.008442878,0.0073022787,0.019986508,2899175.0,126.0,365296050.0,0.004,-0.012442877791821957,-0.6225327031421587,-0.6225327031421587,高信心,0.0
3703,2026-08-11,0.027040767,-0.010181584,-0.019194579,0.022598753,3428422.0,20.149999618530273,69082701.9921608,0.004,-0.014181584395468235,-0.6275105927149999,-0.6275105927149999,高信心,0.0
4114,2026-08-11,-0.024706721,-0.009494486,-0.0005972924,0.021273654,1990447.0,30.049999237060547,59812930.831409454,0.004,-0.013494486264884472,-0.6342987360160354,-0.6342987360160354,高信心,0.0
4441,2026-08-11,-0.035912883,-0.009625264,-0.010521995,0.020867346,221497.0,201.0,44520897.0,0.004,-0.013625264443457127,-0.6529153954690311,-0.6529153954690311,高信心,0.0
3490,2026-08-11,-0.008444274,-0.027609903,-0.027525842,0.048307046,3487160.0,32.0,111589120.0,0.004,-0.031609903365373615,-0.6543403604925264,-0.6543403604925264,低信心,0.0
6834,2026-08-11,-0.4157928,-0.14660178,0.21197532,0.22816627,10842924.0,106.0,1149349944.0,0.004,-0.15060178124904633,-0.6600499016264711,-0.6600499016264711,低信心,0.0
2745,2026-08-11,0.0027792095,-0.010991963,-0.054299295,0.022468988,142078.0,88.80000305175781,12616526.833587646,0.004,-0.014991962626576424,-0.6671994023616562,-0.6671994023616562,高信心,0.0
2836,2026-08-11,-0.021212876,-0.0067940424,-0.010554129,0.016100546,1310192.0,11.850000381469727,15525775.699798584,0.004,-0.01079404241964221,-0.6703730205222956,-0.6703730205222956,高信心,0.0
5258,2026-08-11,0.040346656,-0.012583564,-0.063032635,0.02469341,473820.0,51.400001525878906,24354348.722991943,0.004,-0.016583564035594463,-0.6715513068583256,-0.6715513068583256,高信心,0.0
3026,2026-08-11,-0.019788146,-0.02742692,-0.13348481,0.046547133,22659675.0,646.0,14638150050.0,0.004,-0.031426920831203464,-0.6751489174736253,-0.6751489174736253,低信心,0.0
8093,2026-08-11,1.2890996,-999.0,6.08112,1.4729142,14100.0,21.850000381469727,308085.00537872314,0.004,-1.0,-0.6789257240459228,-0.6789257240459228,低信心,0.0
4749,2026-08-11,-0.0105755525,-0.015435054,-0.12757844,0.02854489,588496.0,803.0,472562288.0,0.004,-0.01943505396693945,-0.680835453530981,-0.680835453530981,中信心,0.0
2208,2026-08-11,0.009138597,-0.014917556,-0.08281311,0.027629351,2395469.0,19.149999618530273,45873230.436201096,0.004,-0.018917556196451187,-0.684665781668677,-0.684665781668677,中信心,0.0
2395,2026-08-11,-0.0035879232,-0.013576225,-0.003565065,0.025643107,4154499.0,661.0,2746123839.0,0.004,-0.017576225377619267,-0.6853904299050486,-0.6853904299050486,高信心,0.0
8103,2026-08-11,-0.0805788,-0.025591446,-0.11441182,0.042680364,634151.0,80.0999984741211,50795494.132362366,0.004,-0.029591446086764336,-0.6933107184823925,-0.6933107184823925,中信心,0.0
6411,2026-08-11,0.02274237,-0.021803522,-0.16136736,0.037043408,480178.0,78.0999984741211,37501901.06730652,0.004,-0.02580352248251438,-0.6965565199307484,-0.6965565199307484,中信心,0.0
2610,2026-08-11,0.0359738,-0.011764508,-0.04166688,0.022206767,56840625.0,20.25,1151022656.25,0.004,-0.015764507740736008,-0.709864611920249,-0.709864611920249,高信心,0.0
8074,2026-08-11,-0.1240115,-0.03191713,-0.034167703,0.049531642,1342191.0,56.400001525878906,75699574.44802094,0.004,-0.03591712871193886,-0.7251204092080537,-0.7251204092080537,低信心,0.0
6640,2026-08-11,-0.068311624,-0.03478784,-0.062141273,0.052522633,679861.0,945.0,642468645.0,0.004,-0.03878784114122391,-0.7384836112390735,-0.7384836112390735,低信心,0.0
6204,2026-08-11,-0.53906286,-0.15715687,0.13146338,0.2176095,287212.0,80.5,23120566.0,0.004,-0.16115686976909638,-0.7405749020806044,-0.7405749020806044,低信心,0.0
3338,2026-08-11,-0.056737024,-0.023957837,-0.059854437,0.037005104,283472.0,63.099998474121094,17887082.767456055,0.004,-0.027957837373018265,-0.7554926210142192,-0.7554926210142192,中信心,0.0
5439,2026-08-11,0.052303746,-0.11613373,0.013108016,0.15498851,1487901.0,240.5,357840190.5,0.004,-0.12013372713327408,-0.7751087575724654,-0.7751087575724654,低信心,0.0
6112,2026-08-11,-0.048163343,-0.01671446,-0.012615716,0.02647502,462420.0,46.400001525878906,21456288.705596924,0.004,-0.020714459285140038,-0.7823856943107265,-0.7823856943107265,中信心,0.0
3558,2026-08-11,-0.025900304,-0.01695061,-0.057096716,0.026512831,100798.0,130.0,13103740.0,0.004,-0.020950609162449837,-0.7901765918800829,-0.7901765918800829,中信心,0.0
2070,2026-08-11,-0.32414898,-0.083340414,0.18365505,0.10927814,236429.0,59.0,13949311.0,0.004,-0.08734041386842728,-0.7992414033000714,-0.7992414033000714,低信心,0.0
6419,2026-08-11,-0.033572283,-0.0918016,-0.06747703,0.11754434,653772.0,151.5,99046458.0,0.004,-0.09580159866809845,-0.8150182859904259,-0.8150182859904259,低信心,0.0
6414,2026-08-11,0.033887632,-0.020725803,0.14746593,0.030276235,3389638.0,448.5,1520252643.0,0.004,-0.024725803449749947,-0.8166466685536796,-0.8166466685536796,中信心,0.0
6231,2026-08-11,0.025313027,-0.07147484,-0.15811981,0.08777552,189009.0,217.5,41109457.5,0.004,-0.0754748427271843,-0.8598523076452966,-0.8598523076452966,低信心,0.0
3444,2026-08-11,-0.17362347,-0.036466606,-0.048283204,0.046409067,503505.0,76.30000305175781,38417433.03657532,0.004,-0.04046660596132279,-0.8719359870644875,-0.8719359870644875,低信心,0.0
7795,2026-08-11,-0.085595004,-0.07729057,-0.17635575,0.09267709,1847667.0,460.0,849926820.0,0.004,-0.08129057222604752,-0.8771283119712917,-0.8771283119712917,低信心,0.0
6259,2026-08-11,-0.08957068,-0.042821646,-0.051796794,0.05272726,762658.0,30.75,23451733.5,0.004,-0.04682164573669434,-0.8879801352735534,-0.8879801352735534,低信心,0.0
3317,2026-08-11,-0.008835121,-0.037745886,-0.014984216,0.046850316,512817.0,69.19999694824219,35486934.835006714,0.004,-0.0417458855509758,-0.8910291184691769,-0.8910291184691769,低信心,0.0
4147,2026-08-11,-0.046621356,-0.02395004,-0.101989076,0.030517813,1844336.0,63.5,117115336.0,0.004,-0.027950040340423584,-0.9158298616212003,-0.9158298616212003,中信心,0.0
8081,2026-08-11,0.010314271,-0.047395524,0.05597229,0.056048833,1737295.0,270.0,469069650.0,0.004,-0.05139552363753319,-0.9169612561995863,-0.9169612561995863,低信心,0.0
3324,2026-08-11,-0.020674974,-0.026161535,-0.08475193,0.032622613,2332506.0,1045.0,2437468770.0,0.004,-0.03016153471171856,-0.9245308359827318,-0.9245308359827318,中信心,0.0
3709,2026-08-11,-0.039559294,-0.031984787,-0.045784514,0.038883645,3280301.0,71.5999984741211,234869546.5946579,0.004,-0.03598478743433953,-0.9254241321890931,-0.9254241321890931,中信心,0.0
6712,2026-08-11,-0.05112181,-0.03286619,-0.072451234,0.03787269,416771.0,151.0,62932421.0,0.004,-0.036866191118955616,-0.9733984729076203,-0.9733984729076203,中信心,0.0
2399,2026-08-11,-0.09822344,-0.0621259,-0.13041005,0.06783426,3679545.0,42.45000076293945,156196688.05727005,0.004,-0.06612589889764786,-0.9748013400560195,-0.9748013400560195,低信心,0.0
6412,2026-08-11,0.009835591,-0.015056231,-0.09465376,0.01931383,514930.0,78.80000305175781,40576485.57144165,0.004,-0.019056231059134007,-0.9866113215291163,-0.9866113215291163,高信心,0.0
6761,2026-08-11,-0.16652575,-0.106537886,-0.12585272,0.11111878,1294354.0,174.0,225217596.0,0.004,-0.11053788596391678,-0.994763389414844,-0.994763389414844,低信心,0.0
4746,2026-08-11,-0.005228783,-0.014353552,-0.018534906,0.018438833,545519.0,55.0,30003545.0,0.004,-0.018353551901876927,-0.9953209352502724,-0.9953209352502724,高信心,0.0
6122,2026-08-11,-0.015751857,-0.025148086,-0.022010362,0.029265178,240169.0,46.650001525878906,11203884.216468811,0.004,-0.02914808624982834,-0.9959648863046201,-0.9959648863046201,中信心,0.0
1319,2026-08-11,0.00060115504,-0.022808278,-0.049150895,0.026883366,3321878.0,78.80000305175781,261763996.53756714,0.004,-0.02680827797949314,-0.9971698105939307,-0.9971698105939307,中信心,0.0
2329,2026-08-11,0.0016564429,-0.03397468,-0.1630799,0.038003854,1826147.0,44.5,81263541.5,0.004,-0.037974681049585346,-0.9992061071276289,-0.9992061071276289,中信心,0.0
3611,2026-08-11,-0.009407238,-0.016893737,-0.013902196,0.020502247,62549.0,189.5,11853035.5,0.004,-0.020893737018108368,-1.0190452691899967,-1.0190452691899967,高信心,0.0
1597,2026-08-11,-0.19512092,-0.13511041,-0.1284898,0.13550718,2017889.0,148.0,298647572.0,0.004,-0.13911040806770325,-1.0265831067320592,-1.0265831067320592,低信心,0.0
2890,2026-08-11,-0.04402594,-0.03022457,-0.050883062,0.033152685,23650165.0,39.04999923706055,923538925.206356,0.004,-0.03422456914186478,-1.0323006706800197,-1.0323006706800197,中信心,0.0
2633,2026-08-11,-0.01023898,-0.03182074,0.0189648,0.0343524,7016702.0,25.700000762939453,180329246.7533188,0.004,-0.03582074055075646,-1.0427131771143405,-1.0427131771143405,中信心,0.0
3504,2026-08-11,0.055058546,-0.10587821,-0.21679302,0.104156606,473575.0,73.5999984741211,34855119.2773819,0.004,-0.10987821155786515,-1.05492260810368,-1.05492260810368,低信心,0.0
6505,2026-08-11,-0.025054745,-0.026992774,-0.05985817,0.029272404,24684073.0,71.0999984741211,1755037552.6350937,0.004,-0.03099277363717556,-1.0587348789348257,-1.0587348789348257,中信心,0.0
1232,2026-08-11,-0.022021633,-0.013932826,-0.014718229,0.016816244,327379.0,154.5,50580055.5,0.004,-0.01793282599747181,-1.06633561616753,-1.06633561616753,高信心,0.0
6477,2026-08-11,0.02483863,-0.09774432,-0.0329458,0.09535118,2076231.0,34.95000076293945,72564275.03403854,0.004,-0.10174432331323624,-1.0670371982144333,-1.0670371982144333,低信心,0.0
3707,2026-08-11,-0.13144487,-0.061828326,-0.07290916,0.0614673,2674703.0,61.900001525878906,165564119.7812729,0.004,-0.06582832643389702,-1.0709313091888006,-1.0709313091888006,低信心,0.0
3526,2026-08-11,-0.03641286,-0.04187165,-0.07070589,0.04281616,302109.0,286.5,86554228.5,0.004,-0.04587164828181267,-1.0713380278124178,-1.0713380278124178,中信心,0.0
1108,2026-08-11,0.02967361,-0.014993245,-0.03991759,0.017570112,851728.0,11.850000381469727,10092977.124908447,0.004,-0.018993244782090187,-1.0809358354590208,-1.0809358354590208,高信心,0.0
4534,2026-08-11,-0.26476178,-0.3290526,-0.22599761,0.30795145,1263672.0,34.29999923706055,43343948.635894775,0.004,-0.333052597284317,-1.0815065200708012,-1.0815065200708012,低信心,0.0
2498,2026-08-11,-0.008846405,-0.023716604,-0.09797791,0.025624443,2353438.0,40.5,95314239.0,0.004,-0.027716604337096214,-1.0816048816813744,-1.0816048816813744,高信心,0.0
6179,2026-08-11,0.017188719,-0.038984153,-0.07206032,0.03967474,898097.0,27.5,24697667.5,0.004,-0.04298415341973305,-1.0833863431099844,-1.0833863431099844,中信心,0.0
4768,2026-08-11,-0.06535934,-0.120441206,-0.34853014,0.11445616,225708.0,314.5,70985166.0,0.004,-0.12444120579957962,-1.087229541119815,-1.087229541119815,低信心,0.0
6546,2026-08-11,-0.08370359,-0.025247026,-0.039642658,0.026889248,220831.0,61.900001525878906,13669439.236961365,0.004,-0.02924702623486519,-1.0876443448703128,-1.0876443448703128,中信心,0.0
6202,2026-08-11,-0.048645463,-0.14690511,-0.2899157,0.13596919,3448918.0,64.30000305175781,221765437.92526245,0.004,-0.1509051092863083,-1.1098396575050098,-1.1098396575050098,低信心,0.0
6668,2026-08-11,-0.017667266,-0.036767982,-0.023115268,0.03671351,336856.0,35.70000076293945,12025759.457000732,0.004,-0.04076798194646836,-1.1104052025493238,-1.1104052025493238,中信心,0.0
3264,2026-08-11,0.0763987,-0.03706756,-0.08952376,0.036695953,9600332.0,219.5,2107272874.0,0.004,-0.04106755861639977,-1.1190999949953115,-1.1190999949953115,中信心,0.0
8016,2026-08-11,-0.00012499666,-0.13568807,-0.04136244,0.12433336,634118.0,306.0,194040108.0,0.004,-0.13968806648254395,-1.123487257185232,-1.123487257185232,低信心,0.0
2345,2026-08-11,-0.016675629,-0.020940742,-0.07520342,0.021765167,3427793.0,2135.0,7318338055.0,0.004,-0.024940741524100304,-1.1458490312282907,-1.1458490312282907,高信心,0.0
3450,2026-08-11,0.0029773628,-0.0691374,-0.0888234,0.06379735,4424234.0,473.5,2094874799.0,0.004,-0.07313740187883377,-1.1463839878900401,-1.1463839878900401,低信心,0.0
4906,2026-08-11,-0.007359964,-0.03710478,-0.11071748,0.035501756,5330200.0,36.0,191887200.0,0.004,-0.041104781717062,-1.1577913516592206,-1.1577913516592206,中信心,0.0
7744,2026-08-11,-0.06270791,-0.045603715,-0.042321898,0.041952074,86131.0,453.0,39017343.0,0.004,-0.04960371488332749,-1.1823619243005403,-1.1823619243005403,中信心,0.0
2606,2026-08-11,-0.028617252,-0.017067887,0.0061380174,0.017800827,2747933.0,66.4000015258789,182462755.393013,0.004,-0.021067886888980866,-1.1834676913930455,-1.1834676913930455,高信心,0.0
7777,2026-08-11,-0.10606501,-0.04394037,-0.0745107,0.04038498,1660132.0,39.849998474121094,66156257.6668396,0.004,-0.047940369039773945,-1.1870547365937312,-1.1870547365937312,中信心,0.0
7734,2026-08-11,-0.0036527778,-0.03193062,-0.103763245,0.03006724,275569.0,3230.0,890087870.0,0.004,-0.03593062171339989,-1.1949691916452474,-1.1949691916452474,中信心,0.0
3413,2026-08-11,0.014554582,-0.0802869,0.20825471,0.07052079,805341.0,305.5,246031675.5,0.004,-0.0842868977189064,-1.195189480198883,-1.195189480198883,低信心,0.0
8499,2026-08-11,-0.08463902,-0.044076674,-0.052680824,0.04016739,52882.0,265.0,14013730.0,0.004,-0.04807667368650437,-1.1968782934017892,-1.1968782934017892,中信心,0.0
2891,2026-08-11,-0.04683702,-0.022027005,0.03367051,0.021684967,28814619.0,66.80000305175781,1924816637.1352386,0.004,-0.02602700451016426,-1.2001772502880594,-1.2001772502880594,高信心,0.0
2892,2026-08-11,-0.0077729234,-0.03505988,-0.0714053,0.032463215,85113861.0,32.70000076293945,2783223319.6367226,0.004,-0.03905988046526909,-1.203167304871648,-1.203167304871648,中信心,0.0
2451,2026-08-11,0.007154958,-0.04998415,-0.2052591,0.044813108,5728438.0,286.0,1638333268.0,0.004,-0.05398414963483811,-1.2046240427542012,-1.2046240427542012,中信心,0.0
2351,2026-08-11,-0.10195902,-0.057573963,-0.17428237,0.050990853,1745361.0,169.5,295838689.5,0.004,-0.06157396295666695,-1.2075255308272832,-1.2075255308272832,低信心,0.0
6862,2026-08-11,-0.075207084,-0.054483596,-0.063309334,0.048198096,227176.0,148.0,33622048.0,0.004,-0.05848359623551369,-1.2133754054807315,-1.2133754054807315,低信心,0.0
8358,2026-08-11,-0.075883865,-0.10615446,-0.1996982,0.08862294,27577331.0,380.5,10493174445.5,0.004,-0.11015445673465729,-1.2429424324904177,-1.2429424324904177,低信心,0.0
4770,2026-08-11,-0.02902276,-0.033061568,0.0036818166,0.029707035,173431.0,218.0,37807958.0,0.004,-0.03706156769394875,-1.2475267156466272,-1.2475267156466272,中信心,0.0
7714,2026-08-11,-0.33210716,-0.24221174,-0.27357897,0.19666691,334352.0,153.5,51323032.0,0.004,-0.2462117441892624,-1.251916210744528,-1.251916210744528,低信心,0.0
2612,2026-08-11,-0.0253214,-0.021697145,-0.035650443,0.020336607,197497.0,54.099998474121094,10684587.398643494,0.004,-0.025697144955396652,-1.2635284011697396,-1.2635284011697396,高信心,0.0
9907,2026-08-11,-0.0062897624,-0.025352543,-0.023154335,0.022970835,1338720.0,14.800000190734863,19813056.255340576,0.004,-0.029352543219923973,-1.277762235190235,-1.277762235190235,高信心,0.0
4533,2026-08-11,-0.07427298,-0.036845293,-0.0013471723,0.031898823,2785882.0,26.700000762939453,74383051.52545929,0.004,-0.04084529289603234,-1.280423889498161,-1.280423889498161,中信心,0.0
6664,2026-08-11,-0.0049246936,-0.0592664,-0.034737922,0.049110007,355475.0,352.0,125127200.0,0.004,-0.06326639959216118,-1.28823264147716,-1.28823264147716,低信心,0.0
2887,2026-08-11,0.010971695,-0.036347106,-0.046405483,0.031060768,45822802.0,35.54999923706055,1629000576.1399765,0.004,-0.04034710609912873,-1.298931387561645,-1.298931387561645,中信心,0.0
6584,2026-08-11,-0.10019242,-0.0676953,-0.21166624,0.054307178,676455.0,538.0,363932790.0,0.004,-0.07169529730081559,-1.3201566049125273,-1.3201566049125273,低信心,0.0
8114,2026-08-11,-0.26407823,-0.37006408,-0.2157914,0.27365282,1347897.0,211.5,285080215.5,0.004,-0.37406407976150513,-1.3669243103497284,-1.3669243103497284,低信心,0.0
9938,2026-08-11,0.006610168,-0.030548481,-0.056291334,0.025095737,1244096.0,42.5,52874080.0,0.004,-0.034548481270670894,-1.3766124846998318,-1.3766124846998318,高信心,0.0
2615,2026-08-11,0.0153566785,-0.023496969,-0.019433599,0.019694302,13500113.0,87.0999984741211,1175859821.7004623,0.004,-0.027496968671679497,-1.396118120625109,-1.396118120625109,高信心,0.0
1314,2026-08-11,-0.038711436,-0.036141265,-0.029443681,0.028582467,23411631.0,7.699999809265137,180269554.23458576,0.004,-0.040141265183687214,-1.4043525641694004,-1.4043525641694004,中信心,0.0
6284,2026-08-11,-0.07883213,-0.073086545,-0.010576825,0.0546539,1321890.0,78.0,103107420.0,0.004,-0.07708654487133026,-1.4104233086704647,-1.4104233086704647,低信心,0.0
6561,2026-08-11,-0.025301803,-0.039638855,-0.08888703,0.030759469,54144.0,324.5,17569728.0,0.004,-0.04363885456323624,-1.4186667532173889,-1.4186667532173889,中信心,0.0
2402,2026-08-11,-0.045465913,-0.02712162,-0.049329303,0.021591656,1018993.0,55.599998474121094,56656009.245140076,0.004,-0.031121620252728462,-1.4413057863687193,-1.4413057863687193,高信心,0.0
3543,2026-08-11,-0.122827925,-0.15693423,0.0048787086,0.11073167,1217544.0,37.099998474121094,45170880.54217529,0.004,-0.1609342315196991,-1.4533582154617255,-1.4533582154617255,低信心,0.0
3441,2026-08-11,0.057772312,-0.10488173,-0.016455568,0.07469959,4948531.0,79.30000305175781,392418523.40171814,0.004,-0.10888173365592957,-1.457575351957378,-1.457575351957378,低信心,0.0
4127,2026-08-11,-0.011905614,-0.06380856,-0.045753185,0.046363533,340506.0,89.5,30475287.0,0.004,-0.06780856037139893,-1.4625093584352868,-1.4625093584352868,低信心,0.0
6174,2026-08-11,-0.19143447,-0.26824194,1.1654302,0.18423073,1005599.0,42.900001525878906,43140198.6344223,0.004,-0.27224194192886353,-1.4777147477163173,-1.4777147477163173,低信心,0.0
6485,2026-08-11,-0.07937422,-0.055256423,-0.077507414,0.040087298,277131.0,66.0,18290646.0,0.004,-0.05925642260909081,-1.478147704328174,-1.478147704328174,中信心,0.0
2010,2026-08-11,-0.05561156,-0.036674265,-0.045929607,0.027472094,1982195.0,23.0,45590485.0,0.004,-0.04067426481842995,-1.4805127119859278,-1.4805127119859278,中信心,0.0
2103,2026-08-11,-0.08457685,-0.05424939,-0.0014752272,0.03909962,38256493.0,28.649999618530273,1096048509.856306,0.004,-0.05824939095973969,-1.4897307299776905,-1.4897307299776905,中信心,0.0
5904,2026-08-11,0.011251912,-0.051763885,-0.01277042,0.037386823,19943795.0,87.0999984741211,1737104514.068184,0.004,-0.055763884723186496,-1.4914986218412776,-1.4914986218412776,中信心,0.0
6672,2026-08-11,-0.4001324,-0.1401699,-0.32097003,0.09531681,6953508.0,257.0,1787051556.0,0.004,-0.1441699036359787,-1.512517990767071,-1.512517990767071,低信心,0.0
2618,2026-08-11,-0.0019928978,-0.027813919,0.010956084,0.020945176,36603033.0,41.75,1528176627.75,0.004,-0.03181391888856888,-1.5188413288890839,-1.5188413288890839,高信心,0.0
1580,2026-08-11,-0.010141339,-0.0318393,-0.0566001,0.023480332,169517.0,113.5,19240179.5,0.004,-0.035839299947023395,-1.5262890667661715,-1.5262890667661715,高信心,0.0
3376,2026-08-11,-0.046903286,-0.07607685,-0.16221596,0.052389167,1132352.0,184.0,208352768.0,0.004,-0.08007685029506684,-1.5284710276577933,-1.5284710276577933,低信心,0.0
4915,2026-08-11,-0.0004159686,-0.03636264,-0.06352784,0.026313236,3283254.0,60.0,196995240.0,0.004,-0.04036264055967331,-1.5338708756944335,-1.5338708756944335,中信心,0.0
1909,2026-08-11,-0.07707843,-0.03622155,0.036212873,0.026179273,2000151.0,10.100000381469727,20201525.862997055,0.004,-0.040221548914909366,-1.5363303902471268,-1.5363303902471268,中信心,0.0
3491,2026-08-11,-0.021633038,-0.020413073,-0.08623608,0.015676774,1044179.0,1275.0,1331328225.0,0.004,-0.024413072779774666,-1.5571772034519429,-1.5571772034519429,高信心,0.0
3455,2026-08-11,-0.3119672,-0.34311745,-0.32476705,0.22089188,755923.0,202.0,152696446.0,0.004,-0.34711744570732117,-1.5714288816618063,-1.5714288816618063,低信心,0.0
2032,2026-08-11,-0.12428641,-0.04176437,0.036656786,0.029052658,1655846.0,17.299999237060547,28646134.53668976,0.004,-0.045764371097087864,-1.575167254602879,-1.575167254602879,中信心,0.0
2458,2026-08-11,-0.0271995,-0.04277309,-0.06565352,0.02964896,3037106.0,145.5,441898923.0,0.004,-0.04677309030294419,-1.5775093961937032,-1.5775093961937032,中信心,0.0
2014,2026-08-11,-0.08829427,-0.03903218,-0.058195706,0.027024,3383143.0,17.649999618530273,59712472.659433365,0.004,-0.04303217986226082,-1.5923100119602147,-1.5923100119602147,中信心,0.0
6190,2026-08-11,-0.06256003,-0.041159175,-0.09310369,0.028244795,933604.0,68.80000305175781,64231958.0491333,0.004,-0.045159175336360935,-1.5987928294434854,-1.5987928294434854,中信心,0.0
3663,2026-08-11,-0.1884043,-0.2542385,0.16645028,0.15941332,311175.0,63.400001525878906,19728495.47481537,0.004,-0.25823848628997803,-1.619920245381569,-1.619920245381569,低信心,0.0
1612,2026-08-11,-0.017797403,-0.03859539,-0.078212306,0.02613625,2277601.0,34.0,77438434.0,0.004,-0.04259538957476616,-1.6296814055599753,-1.6296814055599753,中信心,0.0
5534,2026-08-11,-0.02424541,-0.03328262,-0.04287572,0.022686409,802930.0,77.80000305175781,62467956.4503479,0.004,-0.03728261896967888,-1.6433176150493303,-1.6433176150493303,高信心,0.0
6175,2026-08-11,-0.10581695,-0.07193737,-0.15524486,0.046043962,2075133.0,77.5,160822807.5,0.004,-0.07593736732006073,-1.6492003967605442,-1.6492003967605442,低信心,0.0
5291,2026-08-11,-0.25135076,-0.20355923,-0.027949393,0.12395446,377660.0,56.599998474121094,21375555.423736572,0.004,-0.20755923473834992,-1.674466275330558,-1.674466275330558,低信心,0.0
4989,2026-08-11,-0.2656792,-0.22465666,-0.46568146,0.13654643,12218027.0,68.0,830825836.0,0.004,-0.22865665638446808,-1.6745584601938355,-1.6745584601938355,低信心,0.0
6196,2026-08-11,-0.030611513,-0.03209649,-0.09250693,0.021452822,880399.0,510.0,449003490.0,0.004,-0.03609649026393891,-1.6825202619254689,-1.6825202619254689,高信心,0.0
6197,2026-08-11,-0.039429568,-0.038643558,-0.09829011,0.025327252,1377706.0,301.5,415378359.0,0.004,-0.042643557578325275,-1.683635996523607,-1.683635996523607,高信心,0.0
3217,2026-08-11,-0.07413554,-0.04876714,-0.078090146,0.031172413,296618.0,148.0,43899464.0,0.004,-0.052767138272523884,-1.6926968254669146,-1.6926968254669146,中信心,0.0
6683,2026-08-11,-0.058059327,-0.053596575,-0.19781132,0.033827044,908957.0,1245.0,1131651465.0,0.004,-0.05759657481312752,-1.702628075579645,-1.702628075579645,中信心,0.0
4137,2026-08-11,-0.034651313,-0.04675506,-0.066145055,0.029681116,156686.0,96.0,15041856.0,0.004,-0.050755060553550724,-1.7099542214802017,-1.7099542214802017,中信心,0.0
4908,2026-08-11,-0.03225107,-0.15234773,-0.0819044,0.09140654,1091619.0,151.0,164834469.0,0.004,-0.15634772861003876,-1.7104467853966316,-1.7104467853966316,低信心,0.0
6207,2026-08-11,-0.19868717,-0.18706758,-0.2598987,0.10893432,3967506.0,107.0,424523142.0,0.004,-0.19106758320331574,-1.7539544121691388,-1.7539544121691388,低信心,0.0
2543,2026-08-11,-0.035301615,-0.018370176,-0.05537139,0.012727277,876075.0,39.29999923706055,34429746.83160782,0.004,-0.02237017573416233,-1.7575179021055567,-1.7575179021055567,高信心,0.0
3406,2026-08-11,-0.028507944,-0.05980406,-0.096486695,0.036287136,937151.0,538.0,504187238.0,0.004,-0.0638040595650673,-1.7582623080001258,-1.7582623080001258,中信心,0.0
3665,2026-08-11,-0.040182956,-0.050105095,-0.042544093,0.030535884,3554893.0,2200.0,7820764600.0,0.004,-0.05410509490966797,-1.7717948604901745,-1.7717948604901745,中信心,0.0
1623,2026-08-11,-0.05982387,-0.043021604,-0.041987218,0.026490374,51518.0,208.0,10715744.0,0.004,-0.04702160441875458,-1.7749779537249848,-1.7749779537249848,中信心,0.0
4123,2026-08-11,0.010879545,-0.047203884,-0.025453541,0.028759101,1768039.0,39.0,68953521.0,0.004,-0.051203883528709415,-1.7803790876205647,-1.7803790876205647,中信心,0.0
6239,2026-08-11,-0.015732445,-0.06726263,-0.112164415,0.03992053,39685978.0,282.5,11211288785.0,0.004,-0.07126262718439103,-1.7850675541326837,-1.7850675541326837,中信心,0.0
7792,2026-08-11,-0.038349226,-0.10020985,-0.2764954,0.05835683,131208.0,211.5,27750492.0,0.004,-0.10420984709262848,-1.785704708301336,-1.785704708301336,低信心,0.0
8045,2026-08-11,0.020592514,-0.04759135,-0.03790873,0.028798118,695084.0,52.400001525878906,36422402.66061401,0.004,-0.05159135097265244,-1.791421185999284,-1.791421185999284,中信心,0.0
2342,2026-08-11,-0.18040706,-0.117655054,-0.077986844,0.06757067,1608047.0,37.04999923706055,59578140.1231575,0.004,-0.12165505373477936,-1.8003854879463899,-1.8003854879463899,低信心,0.0
8040,2026-08-11,-0.13354939,-0.0698721,-0.20332362,0.040892743,284653.0,74.69999694824219,21263578.231307983,0.004,-0.07387210363149643,-1.8064403478805866,-1.8064403478805866,中信心,0.0
6223,2026-08-11,-0.01789643,-0.037600797,-0.09037059,0.02298803,486840.0,6315.0,3074394600.0,0.004,-0.04160079666972161,-1.8095933143533758,-1.8095933143533758,高信心,0.0
1513,2026-08-11,-0.0134815825,-0.036926042,-0.07524001,0.022487776,1750709.0,160.5,280988794.5,0.004,-0.0409260422885418,-1.8198429833098249,-1.8198429833098249,高信心,0.0
3048,2026-08-11,0.037981622,-0.09588773,-0.13700317,0.054786503,5284173.0,58.79999923706055,310709368.36849594,0.004,-0.09988772803544999,-1.8231845758469423,-1.8231845758469423,低信心,0.0
6426,2026-08-11,-0.16169286,-0.31698754,-0.8869367,0.17497699,1755571.0,218.0,382714478.0,0.004,-0.320987544298172,-1.834445280566254,-1.834445280566254,低信心,0.0
6532,2026-08-11,-0.34457096,-0.20366481,-0.078831986,0.11292062,420505.0,85.0,35742925.0,0.004,-0.20766480946540833,-1.8390173049329435,-1.8390173049329435,低信心,0.0
6588,2026-08-11,-0.09943414,-0.23298723,0.38090852,0.12874533,715754.0,88.30000305175781,63201080.38430786,0.004,-0.23698722505569458,-1.8407299353473718,-1.8407299353473718,低信心,0.0
2417,2026-08-11,-0.1611987,-0.058032434,-0.020173546,0.03349797,3672347.0,43.79999923706055,160848795.7982216,0.004,-0.06203243443369866,-1.8517714549685838,-1.8517714549685838,中信心,0.0
1101,2026-08-11,-0.034395073,-0.036347058,-0.0063533736,0.02146497,19778512.0,24.649999618530273,487540313.25509644,0.004,-0.04034705767035485,-1.879582301115324,-1.879582301115324,高信心,0.0
2485,2026-08-11,-0.056206096,-0.09449468,-0.049195614,0.05238976,4752931.0,42.95000076293945,204138390.07619858,0.004,-0.09849467808008194,-1.8800010142540957,-1.8800010142540957,低信心,0.0
8215,2026-08-11,-0.053448923,-0.040469326,-0.07989987,0.023509134,423272.0,24.799999237060547,10497145.277069092,0.004,-0.04446932607889176,-1.8914960828027019,-1.8914960828027019,高信心,0.0
2426,2026-08-11,-0.047992118,-0.08118711,-0.118737616,0.044678774,10865400.0,64.69999694824219,702991346.8414307,0.004,-0.08518710666894913,-1.9066146188374085,-1.9066146188374085,中信心,0.0
3138,2026-08-11,-0.05771819,-0.06909082,-0.1395058,0.03795597,216952.0,96.0,20827392.0,0.004,-0.0730908208489418,-1.9256232727935119,-1.9256232727935119,中信心,0.0
6191,2026-08-11,-0.06459303,-0.04371462,-0.071210355,0.024647223,1948958.0,86.0999984741211,167805280.8261261,0.004,-0.04771462017297745,-1.9358239347735504,-1.9358239347735504,高信心,0.0
7610,2026-08-11,-0.04805306,-0.052395154,-0.100721665,0.029124735,164707.0,1870.0,308002090.0,0.004,-0.05639515379071236,-1.9362654186672943,-1.9362654186672943,中信心,0.0
4951,2026-08-11,-0.02823067,-0.060328126,-0.11737429,0.033111077,144912.0,80.4000015258789,11650925.021118164,0.004,-0.06432812595367432,-1.9427391851564755,-1.9427391851564755,中信心,0.0
5474,2026-08-11,-0.020941107,-0.0910062,-0.2126508,0.048697103,98887.0,150.0,14833050.0,0.004,-0.09500619703531266,-1.950922001236661,-1.950922001236661,低信心,0.0
3714,2026-08-11,-0.08882071,-0.04610572,-0.073826775,0.025642833,8272002.0,56.0,463232112.0,0.004,-0.05010572010278702,-1.9539091577598955,-1.9539091577598955,高信心,0.0
6613,2026-08-11,-0.050841697,-0.15760797,-0.032935403,0.0820952,522556.0,260.5,136125838.0,0.004,-0.16160797262191773,-1.9685196037849977,-1.9685196037849977,低信心,0.0
5347,2026-08-11,-0.06319519,-0.063044876,-0.100460336,0.033984702,26643312.0,158.0,4209643296.0,0.004,-0.06704487586021424,-1.972737797253898,-1.972737797253898,中信心,0.0
6535,2026-08-11,0.035079163,-0.10325458,-0.13531026,0.05408283,165459.0,92.0999984741211,15238773.647529602,0.004,-0.10725457900762558,-1.9831173791847745,-1.9831173791847745,低信心,0.0
1569,2026-08-11,-0.06846211,-0.10801363,-0.19885778,0.056146562,279970.0,41.29999923706055,11562760.786399841,0.004,-0.11201362991333008,-1.994986584656737,-1.994986584656737,低信心,0.0
2903,2026-08-11,-0.020561982,-0.031776857,-0.03076383,0.017699217,634068.0,21.899999618530273,13886088.958122253,0.004,-0.03577685663104058,-2.021266478734747,-2.021266478734747,高信心,0.0
1708,2026-08-11,-0.06693602,-0.03618092,0.025586449,0.019839203,1880386.0,49.25,92609010.5,0.004,-0.04018092089891434,-2.0252272843174772,-2.0252272843174772,高信心,0.0
3236,2026-08-11,-0.2760786,-0.33135083,-0.06364353,0.1639467,6976036.0,46.150001525878906,321944072.0445862,0.004,-0.33535083317756653,-2.0454744421734135,-2.0454744421734135,低信心,0.0
4104,2026-08-11,-0.023373414,-0.03355592,-0.02972918,0.018336538,234478.0,71.5,16765177.0,0.004,-0.03755592116713524,-2.048035031368047,-2.048035031368047,高信心,0.0
3060,2026-08-11,-0.040198326,-0.08151673,-0.13387397,0.04174033,1278371.0,28.799999237060547,36817083.82468033,0.004,-0.08551672780513764,-2.04873029784505,-2.04873029784505,中信心,0.0
6799,2026-08-11,-0.11000266,-0.22675,-0.33172908,0.11208343,280936.0,85.5999984741211,24048121.171325684,0.004,-0.2307500013113022,-2.0587160016370953,-2.0587160016370953,低信心,0.0
1402,2026-08-11,-0.021188315,-0.058763314,0.016577495,0.030334335,20165943.0,27.299999237060547,550530228.5146065,0.004,-0.0627633140385151,-2.0689837086817096,-2.0689837086817096,中信心,0.0
2360,2026-08-11,-0.023360599,-0.050782427,-0.09182887,0.026187068,1753874.0,2080.0,3648057920.0,0.004,-0.05478242719173432,-2.0918850141810457,-2.0918850141810457,中信心,0.0
6456,2026-08-11,0.022262858,-0.1045129,-0.14900033,0.051698484,10733756.0,70.5999984741211,757803157.2215881,0.004,-0.10851290011405945,-2.098916587104141,-2.098916587104141,低信心,0.0
1795,2026-08-11,-0.13136706,-0.14447714,-0.13903198,0.070575416,1249393.0,189.0,236135277.0,0.004,-0.14847714388370514,-2.103778507413905,-2.103778507413905,低信心,0.0
2305,2026-08-11,-0.15873334,-0.17037532,-0.019440567,0.08242751,5141329.0,27.25,140101215.25,0.004,-0.1743753173351288,-2.1154734279356364,-2.1154734279356364,低信心,0.0
6525,2026-08-11,-0.11098792,-0.20956796,-0.15577902,0.100161165,1838890.0,140.5,258364045.0,0.004,-0.21356796407699585,-2.1322219576424004,-2.1322219576424004,低信心,0.0
6499,2026-08-11,-0.06473876,-0.07010153,-0.13958988,0.03468309,216442.0,62.0,13419404.0,0.004,-0.07410152935981751,-2.136470452574793,-2.136470452574793,中信心,0.0
4977,2026-08-11,-0.3214277,-0.18242325,-0.16771182,0.086881265,5228763.0,146.5,766013779.5,0.004,-0.18642324888706208,-2.14569972678486,-2.14569972678486,低信心,0.0
3114,2026-08-11,-0.25936782,-0.23520246,0.045413304,0.11026336,509663.0,36.54999923706055,18628182.26115799,0.004,-0.23920246148109436,-2.1693542638663432,-2.1693542638663432,低信心,0.0
5471,2026-08-11,-0.114954375,-0.07919237,-0.03888673,0.038100243,2083327.0,56.20000076293945,117082978.98945236,0.004,-0.08319237017631531,-2.1834556568010637,-2.1834556568010637,中信心,0.0
2454,2026-08-11,-0.05011557,-0.06396762,-0.12850423,0.030795151,7639731.0,4020.0,30711718620.0,0.004,-0.06796762281656266,-2.2070167623931884,-2.2070167623931884,中信心,0.0
1503,2026-08-11,-0.018838393,-0.039589323,-0.06560416,0.019627837,1564172.0,197.0,308141884.0,0.004,-0.04358932310342789,-2.220677747673406,-2.220677747673406,高信心,0.0
6199,2026-08-11,-0.17504412,-0.25667402,-0.31348792,0.11732233,356150.0,98.5,35080775.0,0.004,-0.26067402148246765,-2.2218429878545396,-2.2218429878545396,低信心,0.0
8916,2026-08-11,-0.010084523,-0.03697532,-0.05025519,0.018430892,409387.0,43.25,17705987.75,0.004,-0.04097532042860985,-2.223066359848526,-2.223066359848526,高信心,0.0
3705,2026-08-11,-0.027379423,-0.03892745,-0.05149389,0.019218149,215942.0,53.70000076293945,11596085.564750671,0.004,-0.04292745077610016,-2.2335770949240965,-2.2335770949240965,高信心,0.0
3131,2026-08-11,-0.029873824,-0.07978226,-0.14440836,0.037490036,686339.0,2390.0,1640350210.0,0.004,-0.08378226244449616,-2.2347279310463724,-2.2347279310463724,中信心,0.0
1210,2026-08-11,-0.014697285,-0.028338142,-0.059359867,0.0144060515,2778227.0,53.900001525878906,149746439.53923798,0.004,-0.03233814173936844,-2.2446050969866165,-2.2446050969866165,高信心,0.0
1216,2026-08-11,-0.06280742,-0.09448872,-0.04935273,0.04369406,12348389.0,75.9000015258789,937242743.9421463,0.004,-0.0984887176156044,-2.254001267082963,-2.254001267082963,中信心,0.0
5299,2026-08-11,-0.039699327,-0.1591563,-0.22507983,0.072207496,301495.0,100.5,30300247.5,0.004,-0.16315629267692566,-2.259516626873002,-2.259516626873002,低信心,0.0
9917,2026-08-11,0.0014266425,-0.045731027,-0.04240455,0.022008164,254997.0,107.5,27412177.5,0.004,-0.049731026679277424,-2.2595599935003827,-2.2595599935003827,高信心,0.0
2413,2026-08-11,-0.15553991,-0.067011565,-0.10265015,0.03137388,2089352.0,44.25,92453826.0,0.004,-0.07101156497001648,-2.2633255273903394,-2.2633255273903394,中信心,0.0
2493,2026-08-11,-0.053267077,-0.087520406,-0.22815664,0.040423237,5968065.0,239.5,1429351567.5,0.004,-0.09152040565013886,-2.263998447374683,-2.263998447374683,中信心,0.0
8261,2026-08-11,-0.22301438,-0.14389263,-0.1970767,0.065186664,7512531.0,184.0,1382305704.0,0.004,-0.14789263093471527,-2.2687211734828,-2.2687211734828,低信心,0.0
3017,2026-08-11,-0.03440427,-0.067984425,-0.052124377,0.03142436,3136898.0,2760.0,8657838480.0,0.004,-0.07198442453145981,-2.290647798873357,-2.290647798873357,中信心,0.0
3230,2026-08-11,-0.28275535,-0.28498152,0.710256,0.12605281,642026.0,41.75,26804585.5,0.004,-0.28898151898384095,-2.2925250629837266,-2.2925250629837266,低信心,0.0
2061,2026-08-11,-0.37032726,-0.27760592,-0.09302581,0.12198461,4304263.0,63.099998474121094,271598988.7322159,0.004,-0.28160592103004456,-2.308517605508852,-2.308517605508852,低信心,0.0
2912,2026-08-11,-0.049177304,-0.058374748,-0.041850798,0.026897574,3129309.0,219.0,685318671.0,0.004,-0.062374747633934025,-2.318886772177836,-2.318886772177836,中信心,0.0
4960,2026-08-11,-0.037669834,-0.06250426,-0.15111056,0.02853239,1252008.0,20.700000762939453,25916566.5552063,0.004,-0.06650426173210144,-2.330752224578159,-2.330752224578159,中信心,0.0
7767,2026-08-11,0.2500964,-999.0,1.2551455,0.4264706,83298.0,48.75,4060777.5,0.004,-1.0,-2.344821908966819,-2.344821908966819,低信心,0.0
2357,2026-08-11,0.0037205836,-0.06729926,-0.13380393,0.030197866,3049509.0,839.0,2558538051.0,0.004,-0.0712992616891861,-2.3609913201795636,-2.3609913201795636,中信心,0.0
6282,2026-08-11,-0.10324429,-0.058616932,-0.045128442,0.026286677,14519351.0,49.849998474121094,723789625.1952286,0.004,-0.06261693248152733,-2.381988071357022,-2.381988071357022,中信心,0.0
1455,2026-08-11,-0.119931124,-0.067666836,0.0256642,0.029892817,2116480.0,9.600000381469727,20318208.807373047,0.004,-0.07166683608293534,-2.3973798719568506,-2.3973798719568506,中信心,0.0
5536,2026-08-11,-0.04160045,-0.067266464,-0.09107842,0.029662399,1105059.0,941.0,1039860519.0,0.004,-0.07126646423339844,-2.4025050050811863,-2.4025050050811863,中信心,0.0
4772,2026-08-11,-0.028714193,-0.10479811,-0.27682415,0.045223374,1581631.0,251.5,397780196.5,0.004,-0.1087981083393097,-2.4057405954369195,-2.4057405954369195,中信心,0.0
3653,2026-08-11,-0.03745592,-0.061209925,-0.10424168,0.026487282,1060802.0,4065.0,4312160130.0,0.004,-0.06520992451906205,-2.461840486476558,-2.461840486476558,中信心,0.0
2221,2026-08-11,-0.120166935,-0.12861283,0.22492458,0.05382048,327270.0,49.099998474121094,16068956.50062561,0.004,-0.13261283123493195,-2.4639388598502188,-2.4639388598502188,低信心,0.0
9955,2026-08-11,-0.11298857,-0.05787928,-0.054959457,0.024931831,469287.0,25.100000381469727,11779103.879018784,0.004,-0.06187928029894829,-2.481839266226556,-2.481839266226556,高信心,0.0
2429,2026-08-11,0.07457482,-0.3397559,-0.20721921,0.13786377,499806.0,31.75,15868840.5,0.004,-0.3437558927536011,-2.493428135999035,-2.493428135999035,低信心,0.0
5009,2026-08-11,-0.10398885,-0.10963824,-0.11646911,0.045428872,1555484.0,33.25,51719843.0,0.004,-0.11363823646306992,-2.501399084935549,-2.501399084935549,低信心,0.0
3685,2026-08-11,-0.10185035,-0.2342386,0.038794387,0.094849475,479262.0,38.29999923706055,18355734.23435211,0.004,-0.23823859477043152,-2.511728059642052,-2.511728059642052,低信心,0.0
8021,2026-08-11,-0.12082794,-0.10087665,-0.16721435,0.041648407,1332028.0,439.0,584760292.0,0.004,-0.10487665170431137,-2.51808283750785,-2.51808283750785,中信心,0.0
4585,2026-08-11,-0.17502263,-0.17750083,-0.2099783,0.07189916,198169.0,308.5,61135136.5,0.004,-0.18150082910060883,-2.5243453049425737,-2.5243453049425737,低信心,0.0
6274,2026-08-11,-0.04451895,-0.059226774,-0.18029982,0.025044294,3532585.0,1605.0,5669798925.0,0.004,-0.06322677367925644,-2.524497132474943,-2.524497132474943,高信心,0.0
1608,2026-08-11,-0.07253467,-0.11015185,-0.029880524,0.045072157,8128426.0,36.45000076293945,296281133.9014969,0.004,-0.11415184968709946,-2.532590605040832,-2.532590605040832,中信心,0.0
5234,2026-08-11,-0.02675317,-0.08071689,-0.11383741,0.033325337,108151.0,335.0,36230585.0,0.004,-0.08471689307689667,-2.5420404745376968,-2.5420404745376968,中信心,0.0
6994,2026-08-11,-0.044294573,-0.08864268,-0.034412384,0.03571102,803115.0,36.29999923706055,29153073.88727188,0.004,-0.0926426791548729,-2.5941596908611517,-2.5941596908611517,中信心,0.0
3583,2026-08-11,-0.0612538,-0.0506286,-0.13337311,0.021006016,724138.0,702.0,508344876.0,0.004,-0.05462859877943993,-2.600492997020054,-2.600492997020054,高信心,0.0
1717,2026-08-11,0.023158355,-0.088842995,-0.10872417,0.035660304,18097560.0,71.9000015258789,1301214591.614685,0.004,-0.09284299546480179,-2.6034661927106066,-2.6034661927106066,中信心,0.0
6173,2026-08-11,-0.20317073,-0.21555932,-0.3603316,0.084330834,18650854.0,185.0,3450407990.0,0.004,-0.21955931866168976,-2.603516505023003,-2.603516505023003,低信心,0.0
2548,2026-08-11,0.03146543,-0.092481606,-0.13003986,0.0370293,2122070.0,93.5999984741211,198625748.76197815,0.004,-0.0964816057085991,-2.605477412679466,-2.605477412679466,中信心,0.0
8936,2026-08-11,-0.025156744,-0.05510222,-0.085684344,0.022624474,886990.0,52.0,46123480.0,0.004,-0.059102221667766575,-2.612198135187581,-2.612198135187581,高信心,0.0
6598,2026-08-11,0.06283551,-0.14974406,0.03718545,0.05842956,561907.0,27.649999618530273,15536728.33564949,0.004,-0.15374406361579895,-2.6312269434282824,-2.6312269434282824,低信心,0.0
5269,2026-08-11,-0.03918091,-0.074245945,-0.11939555,0.029592846,793721.0,1435.0,1138989635.0,0.004,-0.07824594461917878,-2.6439937908148092,-2.6439937908148092,中信心,0.0
1313,2026-08-11,-0.12782308,-0.065004215,-0.044211652,0.026073959,2766678.0,11.300000190734863,31263461.92770195,0.004,-0.06900421464443207,-2.646378647673919,-2.646378647673919,中信心,0.0
6285,2026-08-11,0.052601416,-0.09319534,-0.20166253,0.036483627,9876288.0,254.0,2508577152.0,0.004,-0.09719534152746201,-2.6640082231893,-2.6640082231893,中信心,0.0
6141,2026-08-11,-0.24254577,-0.38657504,-0.58167666,0.14591843,531609.0,34.650001525878906,18420252.66117096,0.004,-0.39057504320144654,-2.6766486854667257,-2.6766486854667257,低信心,0.0
8147,2026-08-11,-0.11521735,-0.10209897,-0.26325113,0.03953239,109406.0,127.0,13894562.0,0.004,-0.1060989716053009,-2.6837814142131062,-2.6837814142131062,中信心,0.0
1590,2026-08-11,-0.034329396,-0.07029773,-0.05552435,0.027580226,765723.0,1560.0,1194527880.0,0.004,-0.0742977329492569,-2.693779193571283,-2.693779193571283,中信心,0.0
6789,2026-08-11,-0.07715965,-0.08194189,-0.12384189,0.03187865,902889.0,440.0,397271160.0,0.004,-0.0859418877363205,-2.6958229341121163,-2.6958229341121163,中信心,0.0
2352,2026-08-11,-0.12548451,-0.07053375,-0.04344009,0.027433634,8200926.0,28.899999618530273,237006758.271595,0.004,-0.07453375244140625,-2.716775894286977,-2.716775894286977,中信心,0.0
4927,2026-08-11,-0.021249466,-0.11386498,-0.299414,0.042716037,1868804.0,33.849998474121094,63259012.5484314,0.004,-0.1178649806380272,-2.7592031672048454,-2.7592031672048454,中信心,0.0
3680,2026-08-11,-0.05732681,-0.09318622,-0.07095149,0.035208277,919267.0,445.0,409073815.0,0.004,-0.09718622201681137,-2.760244846223075,-2.760244846223075,中信心,0.0
2236,2026-08-11,-0.0757411,-0.090652674,-0.13276455,0.03417902,799445.0,136.0,108724520.0,0.004,-0.09465267443656922,-2.76923995553632,-2.76923995553632,中信心,0.0
8354,2026-08-11,-0.03516614,-0.112629555,-0.05221898,0.04158912,936393.0,17.950000762939453,16808255.064411163,0.004,-0.11662955516576767,-2.8042612959101105,-2.8042612959101105,中信心,0.0
1785,2026-08-11,-0.08143344,-0.10244368,-0.15091887,0.037375826,5706739.0,107.0,610621073.0,0.004,-0.10644368016719818,-2.847852401386787,-2.847852401386787,中信心,0.0
2379,2026-08-11,-0.042416565,-0.07026303,-0.039564133,0.02606862,2356707.0,772.0,1819377804.0,0.004,-0.07426302814483643,-2.848642456881138,-2.848642456881138,中信心,0.0
3588,2026-08-11,-0.06328704,-0.10948822,-0.18005054,0.039680205,249424.0,55.79999923706055,13917859.00970459,0.004,-0.11348821902275086,-2.8599994089285214,-2.8599994089285214,中信心,0.0
1727,2026-08-11,-0.23810717,-0.20067945,-0.12263814,0.07058101,2508905.0,76.5999984741211,192182119.17171478,0.004,-0.20467945122718811,-2.8998813105005965,-2.8998813105005965,低信心,0.0
5263,2026-08-11,-0.03135818,-0.069253616,-0.07193425,0.025208816,120532.0,94.69999694824219,11414380.032165527,0.004,-0.07325361603498459,-2.9057576434950985,-2.9057576434950985,高信心,0.0
1514,2026-08-11,-0.11676688,-0.09693108,-0.11529103,0.034685284,1087454.0,102.0,110920308.0,0.004,-0.10093107753992081,-2.909826908908447,-2.909826908908447,中信心,0.0
3147,2026-08-11,-0.16549732,-0.6604719,-0.34992182,0.22834577,490620.0,226.0,110880120.0,0.004,-0.6644719161987305,-2.9099248070293497,-2.9099248070293497,低信心,0.0
6127,2026-08-11,-0.3728162,-0.6253016,0.37560853,0.21548799,6482526.0,51.599998474121094,334498331.7084503,0.004,-0.6293015995025635,-2.9203423041526024,-2.9203423041526024,低信心,0.0
8033,2026-08-11,-0.22319482,-0.1710535,-0.061019324,0.059602857,8815933.0,189.0,1666211337.0,0.004,-0.17505349898338318,-2.9369492785779414,-2.9369492785779414,低信心,0.0
3704,2026-08-11,-0.17272152,-0.11515457,-0.06309475,0.04035813,9115689.0,45.400001525878906,413852294.50943756,0.004,-0.11915457183122635,-2.952357420710569,-2.952357420710569,中信心,0.0
1605,2026-08-11,-0.07768583,-0.06565657,-0.037142508,0.023534307,50159515.0,38.29999923706055,1921109386.231327,0.004,-0.06965657258033753,-2.959662736076405,-2.959662736076405,高信心,0.0
6147,2026-08-11,-0.16224463,-0.4246457,-0.5328322,0.14469686,31772276.0,161.5,5131222574.0,0.004,-0.42864569211006165,-2.962349909361085,-2.962349909361085,低信心,0.0
1815,2026-08-11,-0.029762499,-0.11302502,-0.17993638,0.0394975,4235431.0,88.69999694824219,375682716.77449036,0.004,-0.1170250170826912,-2.9627714106004293,-2.9627714106004293,中信心,0.0
4919,2026-08-11,-0.14635493,-0.22161081,-0.3450306,0.07605183,2976624.0,125.0,372078000.0,0.004,-0.22561081433296204,-2.966501252493476,-2.966501252493476,低信心,0.0
6176,2026-08-11,-0.014320639,-0.06312439,-0.081518106,0.022532322,2991355.0,81.69999694824219,244393694.371109,0.004,-0.06712438845634461,-2.9788945097266084,-2.9788945097266084,高信心,0.0
3673,2026-08-11,-0.04443109,-0.11910271,-0.18060242,0.041246593,3827541.0,62.900001525878906,240752334.74036407,0.004,-0.12310270899534226,-2.9844823634007556,-2.9844823634007556,中信心,0.0
1440,2026-08-11,-0.040397875,-0.06772227,-0.09080466,0.024003124,3434974.0,13.699999809265137,47059143.144830704,0.004,-0.07172226840257645,-2.9879144137447047,-2.9879144137447047,高信心,0.0
6654,2026-08-11,0.62427866,-999.0,0.93517286,0.33302584,23016.0,170.5,3924228.0,0.004,-1.0,-3.0027608327403925,-3.0027608327403925,低信心,0.0
2436,2026-08-11,-0.116440535,-0.20777966,-0.2905106,0.069210105,5137869.0,67.0,344237223.0,0.004,-0.211779660820961,-3.059908765698207,-3.059908765698207,低信心,0.0
3036,2026-08-11,-0.026568128,-0.12993383,-0.17845911,0.043711234,14105086.0,220.0,3103118920.0,0.004,-0.13393383407592774,-3.0639898066399502,-3.0639898066399502,中信心,0.0
2233,2026-08-11,-0.14351377,-0.3214868,0.110192366,0.10570669,457651.0,201.0,91987851.0,0.004,-0.32548680090904236,-3.0791213065041725,-3.0791213065041725,低信心,0.0
2536,2026-08-11,-0.12090104,-0.17946838,-0.07714217,0.059466604,2912685.0,20.950000762939453,61020752.9722023,0.004,-0.18346837842464447,-3.0851820259492873,-3.0851820259492873,低信心,0.0
6432,2026-08-11,-0.14339466,-0.31876075,-0.1701767,0.10435284,1599514.0,74.0999984741211,118523984.95933533,0.004,-0.3227607526779175,-3.092945692155616,-3.092945692155616,低信心,0.0
8088,2026-08-11,-0.13216673,-0.20741819,-0.22823928,0.06812306,1231943.0,49.20000076293945,60611596.53989792,0.004,-0.21141818845272065,-3.1034292626332975,-3.1034292626332975,低信心,0.0
7750,2026-08-11,-0.02262139,-0.05913903,-0.095207214,0.020298248,367712.0,2355.0,865961760.0,0.004,-0.06313902819156647,-3.110412117515055,-3.110412117515055,高信心,0.0
4526,2026-08-11,-0.059162736,-0.1005019,-0.15971206,0.033523563,1365176.0,30.649999618530273,41842643.879226685,0.004,-0.1045019024014473,-3.117174309973319,-3.117174309973319,中信心,0.0
2376,2026-08-11,-0.109428436,-0.1407091,-0.18612155,0.04639566,4089559.0,350.5,1433390429.5,0.004,-0.14470910215377808,-3.118955307106471,-3.118955307106471,低信心,0.0
2504,2026-08-11,-0.03303646,-0.078579746,-0.12107614,0.02645541,719645.0,30.950000762939453,22273013.299045563,0.004,-0.08257974618673325,-3.121351157731903,-3.121351157731903,中信心,0.0
6603,2026-08-11,-0.004775599,-0.1137505,-0.11500132,0.037426367,1803920.0,26.899999618530273,48525447.31185913,0.004,-0.11775050246715546,-3.1461071334725217,-3.1461071334725217,中信心,0.0
3219,2026-08-11,-0.2294069,-0.16499545,-0.22046675,0.0535603,327523.0,72.5999984741211,23778169.300239563,0.004,-0.1689954468011856,-3.1551782103349675,-3.1551782103349675,低信心,0.0
5388,2026-08-11,-0.029336179,-0.06894579,-0.031217583,0.023032894,3686094.0,91.0999984741211,335803157.7754669,0.004,-0.07294578784704209,-3.1668890180578915,-3.1668890180578915,高信心,0.0
2467,2026-08-11,-0.09146827,-0.09806822,-0.13608523,0.032079194,1096199.0,532.0,583177868.0,0.004,-0.10206822240352631,-3.1816587015838547,-3.1816587015838547,中信心,0.0
8383,2026-08-11,-0.19850197,-0.1515233,-0.1290122,0.04870827,2976046.0,68.5999984741211,204156751.05891418,0.004,-0.15552330696582795,-3.192889324791525,-3.192889324791525,低信心,0.0
6830,2026-08-11,-0.0953964,-0.16303805,-0.28991383,0.05213788,1372806.0,408.5,560791251.0,0.004,-0.16703804516792298,-3.2037137257961676,-3.2037137257961676,低信心,0.0
4542,2026-08-11,-0.18929401,-0.32428125,-0.47092107,0.10179087,1058991.0,274.5,290693029.5,0.004,-0.328281245470047,-3.2250243361408457,-3.2250243361408457,低信心,0.0
6187,2026-08-11,-0.025776604,-0.0840177,-0.16753508,0.027278205,5762596.0,1050.0,6050725800.0,0.004,-0.08801770144701004,-3.2265492871077988,-3.2265492871077988,中信心,0.0
3016,2026-08-11,-0.28960925,-0.1922739,-0.32071075,0.060709156,3758381.0,101.5,381475671.5,0.004,-0.19627389991283417,-3.23296657065166,-3.23296657065166,低信心,0.0
3712,2026-08-11,-0.064858146,-0.24179561,-0.03425561,0.07586702,1315456.0,22.399999618530273,29466213.89819336,0.004,-0.245795614361763,-3.239779039094523,-3.239779039094523,低信心,0.0
2228,2026-08-11,-0.0014527218,-0.07409475,-0.08189294,0.023920119,184338.0,74.19999694824219,13677879.037445068,0.004,-0.0780947499871254,-3.2646779536747874,-3.2646779536747874,高信心,0.0
3624,2026-08-11,-0.3284152,-0.30788535,-0.21630843,0.0952903,12266860.0,85.19999694824219,1045136434.5645142,0.004,-0.3118853487968445,-3.2729676637178025,-3.2729676637178025,低信心,0.0
2367,2026-08-11,-0.0957291,-0.09280575,-0.069901414,0.029362641,7646352.0,44.75,342174252.0,0.004,-0.09680575066804886,-3.296789692019752,-3.296789692019752,中信心,0.0
1721,2026-08-11,0.05503214,-0.18402776,-0.29801878,0.056702696,543348.0,19.799999237060547,10758289.985458374,0.004,-0.188027761220932,-3.3159702201168075,-3.3159702201168075,低信心,0.0
4540,2026-08-11,-0.23235342,-0.43896702,-0.35891774,0.13294192,2542631.0,58.29999923706055,148235385.3601265,0.004,-0.4429670193195343,-3.3320092269948334,-3.3320092269948334,低信心,0.0
9105,2026-08-11,-0.11687708,-0.114980504,-0.0711702,0.03567994,16016088.0,8.270000457763672,132453055.09158325,0.004,-0.11898050391674042,-3.3345676677320566,-3.3345676677320566,中信心,0.0
3231,2026-08-11,-0.044922505,-0.106617816,-0.118427776,0.032965213,34395319.0,191.0,6569505929.0,0.004,-0.11061781579256058,-3.3554906968912794,-3.3554906968912794,中信心,0.0
6620,2026-08-11,-0.0035014718,-0.1035515,-0.124419026,0.03179475,963003.0,76.69999694824219,73862327.16114807,0.004,-0.10755149954557419,-3.3825749585300993,-3.3825749585300993,中信心,0.0
2375,2026-08-11,-0.4083559,-0.60145706,-0.41104156,0.17859049,12792475.0,128.5,1643833037.5,0.004,-0.6054570593833923,-3.3901786702658105,-3.3901786702658105,低信心,0.0
5521,2026-08-11,-0.050124742,-0.062098343,-0.0020351761,0.019387722,1677041.0,10.350000381469727,17357374.98974037,0.004,-0.06609834292531014,-3.4091128880578325,-3.4091128880578325,高信心,0.0
8064,2026-08-11,-0.15614936,-0.29161134,-0.15401167,0.08664306,3126528.0,102.5,320469120.0,0.004,-0.29561134362220765,-3.4117900352123183,-3.4117900352123183,低信心,0.0
3033,2026-08-11,-0.0349429,-0.10866645,-0.1735267,0.03298187,8580693.0,50.400001525878906,432466940.29309845,0.004,-0.11266644978523255,-3.415908297605619,-3.415908297605619,中信心,0.0
6741,2026-08-11,-0.048401818,-0.0839686,-0.11401262,0.025638614,226960.0,55.5,12596280.0,0.004,-0.08796860212087632,-3.4309643589400287,-3.4309643589400287,高信心,0.0
5284,2026-08-11,-0.04711851,-0.19351515,-0.31044456,0.057041265,233199.0,300.5,70076299.5,0.004,-0.1975151517391205,-3.4626106994921555,-3.4626106994921555,低信心,0.0
8054,2026-08-11,-0.16818294,-0.16805063,-0.20586196,0.049470842,638142.0,84.9000015258789,54178256.77372742,0.004,-0.1720506318807602,-3.477748775225535,-3.477748775225535,低信心,0.0
3481,2026-08-11,-0.056732588,-0.11631942,-0.21565598,0.034591086,359000123.0,50.099998474121094,17985905614.509285,0.004,-0.12031941795349121,-3.4782355383123935,-3.4782355383123935,中信心,0.0
6770,2026-08-11,-0.10599121,-0.11885759,-0.18116008,0.03519619,110508166.0,67.0,7404047122.0,0.004,-0.12285759234428406,-3.49055143507639,-3.49055143507639,中信心,0.0
1227,2026-08-11,-0.032056715,-0.060189005,-0.058125563,0.018382804,789211.0,28.899999618530273,22808197.598939896,0.004,-0.06418900498747826,-3.491606117695216,-3.491606117695216,高信心,0.0
6217,2026-08-11,-0.17961843,-0.37558594,-0.60595703,0.1078099,937891.0,153.0,143497323.0,0.004,-0.3795859434604645,-3.5208494207448253,-3.5208494207448253,低信心,0.0
6706,2026-08-11,-0.16115183,-0.19315986,-0.28607208,0.055960312,2312716.0,117.0,270587772.0,0.004,-0.19715986335277558,-3.5231459076021836,-3.5231459076021836,低信心,0.0
6873,2026-08-11,-0.070331804,-0.118060425,-0.22071514,0.03457453,1057521.0,74.80000305175781,79102574.02729797,0.004,-0.1220604249238968,-3.530254693255189,-3.530254693255189,中信心,0.0
3189,2026-08-11,-0.08279225,-0.15968312,-0.25574815,0.046179164,2947931.0,842.0,2482157902.0,0.004,-0.16368312323093415,-3.5444466647677273,-3.5444466647677273,低信心,0.0
4968,2026-08-11,-0.089677446,-0.08591498,-0.17264761,0.025344875,385115.0,96.69999694824219,37240619.32472229,0.004,-0.0899149768948555,-3.547519155334099,-3.547519155334099,高信心,0.0
6213,2026-08-11,-0.085345134,-0.15119056,-0.18879728,0.04352205,16699073.0,452.0,7547980996.0,0.004,-0.15519056403636933,-3.5657099929308322,-3.5657099929308322,中信心,0.0
6962,2026-08-11,-0.07478007,-0.093968265,-0.12088786,0.027447265,2877159.0,33.79999923706055,97247972.00490189,0.004,-0.09796826475858689,-3.5691970031571967,-3.5691970031571967,中信心,0.0
8028,2026-08-11,-0.066516235,-0.13941294,-0.095258825,0.04016456,2651316.0,261.0,691993476.0,0.004,-0.14341293954849244,-3.5705451400778716,-3.5705451400778716,中信心,0.0
2301,2026-08-11,-0.09726204,-0.14257094,-0.09015562,0.040964965,48726741.0,268.5,13083129958.5,0.004,-0.14657094264030457,-3.5778712704891835,-3.5778712704891835,中信心,0.0
3498,2026-08-11,-0.32198155,-0.77116865,-0.34651226,0.21664709,2504231.0,124.5,311776759.5,0.004,-0.7751686491966248,-3.578008281858589,-3.578008281858589,低信心,0.0
6443,2026-08-11,-0.1299995,-0.17495064,-0.33383453,0.049775545,2701226.0,26.899999618530273,72662978.36956406,0.004,-0.17895064437389374,-3.5950798073521444,-3.5950798073521444,低信心,0.0
6245,2026-08-11,-0.11684307,-0.09552838,-0.06147755,0.027666127,1413203.0,87.9000015258789,124220545.85637665,0.004,-0.09952837908267975,-3.597351365951432,-3.597351365951432,中信心,0.0
8271,2026-08-11,-0.00958082,-0.14772841,-0.33541286,0.04211788,4345093.0,234.5,1018924308.5,0.004,-0.15172841334342957,-3.6023850474960644,-3.6023850474960644,中信心,0.0
2317,2026-08-11,-0.06684985,-0.114478394,-0.11426964,0.032865986,24427861.0,263.0,6424527443.0,0.004,-0.11847839438915253,-3.6047844306436243,-3.6047844306436243,中信心,0.0
2646,2026-08-11,-0.07217962,-0.07636779,-0.028004257,0.022284944,4609891.0,20.75,95655238.25,0.004,-0.08036778801679612,-3.6062097506200548,-3.6062097506200548,高信心,0.0
6462,2026-08-11,-0.111418866,-0.11543223,-0.17417164,0.033071678,629186.0,102.5,64491565.0,0.004,-0.11943223261833191,-3.6112055395213205,-3.6112055395213205,中信心,0.0
2723,2026-08-11,-0.04439675,-0.076317675,-0.10425196,0.022216706,255424.0,62.0,15836288.0,0.004,-0.0803176754117012,-3.6150301011733696,-3.6150301011733696,高信心,0.0
2484,2026-08-11,-0.13342911,-0.16993235,-0.18650585,0.04810598,15540538.0,73.30000305175781,1139121482.8259583,0.004,-0.17393235051631928,-3.615532549318669,-3.615532549318669,低信心,0.0
8024,2026-08-11,0.20819788,-999.0,1.7107528,0.27451,80820.0,13.800000190734863,1115316.0154151917,0.004,-1.0,-3.6428411450103306,-3.6428411450103306,低信心,0.0
6206,2026-08-11,-0.03423249,-0.106491804,-0.05715359,0.030284058,6397342.0,143.0,914819906.0,0.004,-0.11049180412292481,-3.648393281648439,-3.648393281648439,中信心,0.0
3078,2026-08-11,-0.049792685,-0.08278812,-0.13400918,0.023759577,456233.0,54.400001525878906,24819075.89615631,0.004,-0.08678811722993851,-3.6526097327271105,-3.6526097327271105,高信心,0.0
2344,2026-08-11,-0.13519733,-0.15440924,-0.21193911,0.04335003,194329494.0,178.0,34590649932.0,0.004,-0.1584092446565628,-3.6541058319991495,-3.6541058319991495,中信心,0.0
6488,2026-08-11,-0.09235651,-0.12734182,-0.19172682,0.03581705,8806874.0,849.0,7477036026.0,0.004,-0.13134182178974152,-3.666917372052393,-3.666917372052393,中信心,0.0
2382,2026-08-11,-0.025570182,-0.08527948,-0.16372064,0.024337148,15771170.0,315.5,4975804135.0,0.004,-0.08927947962284088,-3.6682938103128904,-3.6682938103128904,高信心,0.0
6890,2026-08-11,-0.070672125,-0.10540854,-0.111255884,0.029788455,105929.0,174.5,18484610.5,0.004,-0.10940854185819626,-3.672727177959084,-3.672727177959084,中信心,0.0
2337,2026-08-11,-0.19096406,-0.26658052,-0.31723303,0.07329011,144952455.0,132.5,19206200287.5,0.004,-0.2705805220603943,-3.691860164201035,-3.691860164201035,低信心,0.0
3176,2026-08-11,-0.096459344,-0.11437715,-0.10162166,0.031952143,384333.0,33.45000076293945,12855939.143222809,0.004,-0.11837714844942093,-3.7047108484246194,-3.7047108484246194,中信心,0.0
1736,2026-08-11,-0.10853051,-0.1409378,-0.10726502,0.038827606,1303311.0,145.0,188980095.0,0.004,-0.14493780517578125,-3.732758598841367,-3.732758598841367,中信心,0.0
1231,2026-08-11,-0.059685905,-0.09842828,-0.10931964,0.027437229,211655.0,81.19999694824219,17186385.3540802,0.004,-0.10242827916145325,-3.733049948247843,-3.733049948247843,中信心,0.0
8043,2026-08-11,-0.1675508,-0.26125807,-0.19621083,0.07097634,12496537.0,147.5,1843239207.5,0.004,-0.265258065700531,-3.7372219704428224,-3.7372219704428224,低信心,0.0
3019,2026-08-11,-0.044082046,-0.08395568,-0.06779435,0.023361294,4461946.0,138.0,615748548.0,0.004,-0.08795568281412125,-3.7648564570992664,-3.7648564570992664,高信心,0.0
6192,2026-08-11,-0.032751653,-0.10194139,-0.13677853,0.02780336,824350.0,121.0,99746350.0,0.004,-0.10594139182567597,-3.810243883041011,-3.810243883041011,中信心,0.0
2002,2026-08-11,-0.081132986,-0.083025135,-0.04559092,0.022775453,82850733.0,19.75,1636301976.75,0.004,-0.08702513509988785,-3.8208379404179666,-3.8208379404179666,高信心,0.0
2377,2026-08-11,-0.028418636,-0.11238582,-0.013927837,0.030395532,5951605.0,154.0,916547170.0,0.004,-0.11638581687211991,-3.8289175833785056,-3.8289175833785056,中信心,0.0
6823,2026-08-11,-0.03495935,-0.085913524,-0.08601667,0.023404961,308782.0,63.29999923706055,19545900.36441803,0.004,-0.0899135240316391,-3.841479585993293,-3.841479585993293,高信心,0.0
3532,2026-08-11,-0.13694455,-0.12735851,-0.102019615,0.034100022,7769042.0,284.0,2206407928.0,0.004,-0.13135851109027863,-3.8520404665846546,-3.8520404665846546,中信心,0.0
3234,2026-08-11,-0.49707404,-0.7738091,0.10619221,0.20022726,2859674.0,121.5,347450391.0,0.004,-0.7778090753555298,-3.8846118892846673,-3.8846118892846673,低信心,0.0
3015,2026-08-11,-0.061710656,-0.100891,-0.1346672,0.026761737,918715.0,57.0,52366755.0,0.004,-0.10489100152254105,-3.91929277167844,-3.91929277167844,中信心,0.0
6695,2026-08-11,-0.06333175,-0.22616164,-0.31627768,0.05849667,344336.0,49.150001525878906,16924114.92541504,0.004,-0.2301616438627243,-3.9345439645088587,-3.9345439645088587,低信心,0.0
6937,2026-08-11,-0.21540546,-0.4175902,-0.47524604,0.10708557,1052279.0,287.0,302004073.0,0.004,-0.4215902009010315,-3.9369101518439265,-3.9369101518439265,低信心,0.0
6186,2026-08-11,-0.024171002,-0.10940815,-0.15814243,0.028776113,613680.0,35.400001525878906,21724272.936401367,0.004,-0.11340814763307572,-3.940914674332887,-3.940914674332887,中信心,0.0
2316,2026-08-11,-0.25453538,-0.31202307,-0.36094266,0.07945384,3370258.0,172.0,579684376.0,0.004,-0.3160230734348297,-3.9773923967259575,-3.9773923967259575,低信心,0.0
5321,2026-08-11,-0.2452905,-0.29447478,-0.16183211,0.07501258,218360.0,55.599998474121094,12140815.666809082,0.004,-0.2984747805595398,-3.9789433961664464,-3.9789433961664464,低信心,0.0
2308,2026-08-11,-0.039347697,-0.14156052,-0.20017795,0.03641785,18600114.0,1805.0,33573205770.0,0.004,-0.14556052470207215,-3.996845966749556,-3.996845966749556,中信心,0.0
2328,2026-08-11,-0.052651715,-0.09351721,-0.15200962,0.024339905,1800491.0,46.099998474121094,83002632.35266876,0.004,-0.09751720660924912,-4.0063097740697,-4.0063097740697,高信心,0.0
4556,2026-08-11,-0.22578669,-0.43181056,-0.36756214,0.10794714,228380.0,92.0999984741211,21033797.651519775,0.004,-0.43581055784225464,-4.037221582774927,-4.037221582774927,低信心,0.0
6257,2026-08-11,-0.09521999,-0.11858354,-0.15760867,0.030306913,4511072.0,204.5,922514224.0,0.004,-0.12258353763818741,-4.044605012329273,-4.044605012329273,中信心,0.0
2634,2026-08-11,-0.09944561,-0.1154977,-0.109982826,0.029473284,31036731.0,62.79999923706055,1949106683.1208534,0.004,-0.11949770087003708,-4.054303705676343,-4.054303705676343,中信心,0.0
2434,2026-08-11,-0.32465425,-0.5545625,-0.2528122,0.13772362,906993.0,49.0,44442657.0,0.004,-0.558562509059906,-4.055647396609353,-4.055647396609353,低信心,0.0
5227,2026-08-11,-0.12179394,-0.26134428,-0.11495142,0.065211944,310710.0,34.45000076293945,10703959.737052917,0.004,-0.2653442838191986,-4.0688899012457025,-4.0688899012457025,低信心,0.0
3716,2026-08-11,-0.11278485,-0.11666192,-0.068234414,0.029616438,520588.0,35.5,18480874.0,0.004,-0.1206619211435318,-4.0740161510711985,-4.0740161510711985,中信心,0.0
1732,2026-08-11,-0.07757303,-0.0914671,-0.05470991,0.02323073,423457.0,26.100000381469727,11052227.861536026,0.004,-0.09546709740161896,-4.109340886626835,-4.109340886626835,高信心,0.0
7822,2026-08-11,-0.09513121,-0.09574638,-0.21911494,0.024237698,78781.0,854.0,67278974.0,0.004,-0.09974638307094574,-4.115170802975351,-4.115170802975351,高信心,0.0
4561,2026-08-11,-0.265852,-0.19757478,-0.0766726,0.04883714,355338.0,41.900001525878906,14888662.742202759,0.004,-0.20157477939128876,-4.127405041446578,-4.127405041446578,低信心,0.0
6139,2026-08-11,-0.04352853,-0.091133244,-0.16301952,0.023017721,3388376.0,812.0,2751361312.0,0.004,-0.0951332443356514,-4.132863954778744,-4.132863954778744,高信心,0.0
6415,2026-08-11,-0.122930996,-0.14850229,-0.17597635,0.03687356,4544541.0,466.5,2120028376.5,0.004,-0.15250229024887085,-4.1357048140620964,-4.1357048140620964,中信心,0.0
3088,2026-08-11,-0.38218763,-0.51832956,-0.24954748,0.1257641,1933397.0,139.5,269708881.5,0.004,-0.5223295607566834,-4.153215480702322,-4.153215480702322,低信心,0.0
1810,2026-08-11,-0.17326342,-0.16056004,-0.13118158,0.039437402,6208490.0,24.799999237060547,153970547.26329803,0.004,-0.1645600416660309,-4.1725840785554285,-4.1725840785554285,中信心,0.0
8476,2026-08-11,-0.18412933,-0.23800057,0.10043176,0.057970803,553177.0,19.899999618530273,11008222.088979721,0.004,-0.2420005717277527,-4.174453182614456,-4.174453182614456,低信心,0.0
3555,2026-08-11,-0.3393123,-999.0,-0.9444898,0.23915012,39265.0,164.5,6459092.5,0.004,-1.0,-4.181456474980622,-4.181456474980622,低信心,0.0
6651,2026-08-11,-0.30957142,-0.43376338,-0.52088046,0.1044685,310790.0,137.5,42733625.0,0.004,-0.43776338481903077,-4.190346300106143,-4.190346300106143,低信心,0.0
8374,2026-08-11,-0.20472653,-0.21176122,-0.31497136,0.05148133,1075211.0,82.19999694824219,88382340.91871643,0.004,-0.2157612212896347,-4.190976451122392,-4.190976451122392,低信心,0.0
8473,2026-08-11,-0.119094305,-0.123420335,-0.110518485,0.030342745,578089.0,42.04999923706055,24308642.008953094,0.004,-0.1274203353524208,-4.199229058785413,-4.199229058785413,中信心,0.0
1312,2026-08-11,-0.10339881,-0.117491536,-0.08897195,0.028881103,6419246.0,11.850000381469727,76068067.54874802,0.004,-0.12149153584241867,-4.206464317045555,-4.206464317045555,中信心,0.0
3093,2026-08-11,-0.121302955,-0.16619426,-0.16426608,0.040457636,429505.0,49.099998474121094,21088694.84462738,0.004,-0.17019426012039185,-4.206623931866321,-4.206623931866321,中信心,0.0
8227,2026-08-11,-0.27357626,-0.48071906,-0.48628223,0.115197115,1040583.0,158.0,164412114.0,0.004,-0.48471905970573426,-4.207699648723947,-4.207699648723947,低信心,0.0
2545,2026-08-11,-0.075245306,-0.089157425,-0.11878614,0.022098653,407256.0,33.900001525878906,13805979.02142334,0.004,-0.09315742486715317,-4.215334230619821,-4.215334230619821,高信心,0.0
4583,2026-08-11,-0.1254629,-0.13343295,-0.17339581,0.032557104,268764.0,500.0,134382000.0,0.004,-0.13743295454978943,-4.221159878161261,-4.221159878161261,中信心,0.0
3152,2026-08-11,-0.10383878,-0.20822018,-0.25797385,0.050049026,83004.0,224.5,18634398.0,0.004,-0.21222018384933472,-4.240161485042167,-4.240161485042167,低信心,0.0
5302,2026-08-11,-0.20525293,-0.38890165,-0.25753948,0.09263039,1151555.0,11.600000381469727,13358038.439283371,0.004,-0.39290165090560913,-4.241560806301152,-4.241560806301152,低信心,0.0
4763,2026-08-11,-0.04284399,-0.13691613,-0.1959415,0.032854825,15167516.0,51.599998474121094,782643802.4562073,0.004,-0.1409161307811737,-4.288924007570353,-4.288924007570353,中信心,0.0
3388,2026-08-11,-0.08845917,-0.15668972,-0.21885838,0.03673053,326392.0,72.5999984741211,23696058.701965332,0.004,-0.16068971836566925,-4.3747080083305905,-4.3747080083305905,中信心,0.0
7828,2026-08-11,-0.18373579,-0.2698907,-0.34569106,0.06234771,154329.0,1605.0,247698045.0,0.004,-0.273890695810318,-4.392884830399286,-4.392884830399286,低信心,0.0
1522,2026-08-11,-0.031527687,-0.0788846,-0.0915999,0.018822214,486874.0,28.25,13754190.5,0.004,-0.08288460159301758,-4.4033182719029265,-4.4033182719029265,高信心,0.0
2231,2026-08-11,-0.18499967,-0.27763873,-0.28315827,0.06381254,433045.0,103.0,44603635.0,0.004,-0.2816387333869934,-4.413463742050703,-4.413463742050703,低信心,0.0
3535,2026-08-11,-0.35572878,-0.4932642,-0.12055924,0.11239298,830099.0,89.0,73878811.0,0.004,-0.49726419830322266,-4.424295850042797,-4.424295850042797,低信心,0.0
3669,2026-08-11,-0.05083294,-0.12110982,-0.046247844,0.028186383,265643.0,38.5,10227255.5,0.004,-0.12510982090234757,-4.438504314217961,-4.438504314217961,中信心,0.0
2449,2026-08-11,-0.1292364,-0.17750761,-0.2536293,0.04069019,17559998.0,246.0,4319759508.0,0.004,-0.18150760912895203,-4.460612026888687,-4.460612026888687,中信心,0.0
7805,2026-08-11,-0.05480319,-0.101277925,-0.13226332,0.02358707,79756.0,687.0,54792372.0,0.004,-0.1052779250741005,-4.4631850842906005,-4.4631850842906005,高信心,0.0
3081,2026-08-11,-0.0633621,-0.11959786,-0.21109976,0.027538063,1157902.0,2480.0,2871596960.0,0.004,-0.12359785968065262,-4.4880923719448775,-4.4880923719448775,中信心,0.0
6863,2026-08-11,-0.04937683,-0.17297712,-0.1163417,0.03920143,661012.0,122.0,80643464.0,0.004,-0.17697711968421936,-4.514442665918614,-4.514442665918614,中信心,0.0
6716,2026-08-11,-0.5653476,-0.5002594,-0.06607752,0.11107797,1946366.0,104.5,203395247.0,0.004,-0.5042593994140625,-4.539647773152535,-4.539647773152535,低信心,0.0
3260,2026-08-11,-0.09866605,-0.29031438,-0.42784423,0.064802565,7589581.0,405.5,3077575095.5,0.004,-0.29431437635421753,-4.541638799846444,-4.541638799846444,低信心,0.0
8249,2026-08-11,-0.077176675,-0.1122088,-0.15268141,0.025566617,245299.0,42.25,10363882.75,0.004,-0.1162087985277176,-4.545155589294001,-4.545155589294001,高信心,0.0
1308,2026-08-11,-0.14119597,-0.12313693,-0.10936034,0.02792758,1113392.0,13.600000381469727,15142131.624725342,0.004,-0.12713693016767502,-4.552216116774916,-4.552216116774916,中信心,0.0
3711,2026-08-11,-0.06366345,-0.17466283,-0.21491656,0.03870476,19131951.0,629.0,12033997179.0,0.004,-0.17866282844543457,-4.615923681987234,-4.615923681987234,中信心,0.0
2421,2026-08-11,-0.08658784,-0.13313852,-0.1432736,0.029568031,2315621.0,151.5,350816581.5,0.004,-0.1371385225057602,-4.637910501536623,-4.637910501536623,中信心,0.0
7722,2026-08-11,-0.089119785,-0.13125686,-0.11526168,0.029146753,42485.0,291.5,12384377.5,0.004,-0.1352568634748459,-4.640387243290622,-4.640387243290622,中信心,0.0
3024,2026-08-11,-0.11542756,-0.12692627,-0.029263439,0.02808489,933748.0,13.199999809265137,12325473.421901703,0.004,-0.1309262731075287,-4.661638556307134,-4.661638556307134,中信心,0.0
3167,2026-08-11,-0.12618198,-0.13360558,-0.19734761,0.029476317,427599.0,635.0,271525365.0,0.004,-0.13760558450222016,-4.668185541904042,-4.668185541904042,中信心,0.0
6235,2026-08-11,-0.053772807,-0.10001807,-0.13662069,0.02215665,288622.0,39.20000076293945,11313982.62020111,0.004,-0.10401806914806366,-4.694453928017271,-4.694453928017271,高信心,0.0
6163,2026-08-11,-0.1280418,-0.21349345,-0.18950589,0.04621903,2566826.0,43.0,110373518.0,0.004,-0.2174934514760971,-4.7056106630609875,-4.7056106630609875,低信心,0.0
6869,2026-08-11,-0.05772557,-0.09292054,-0.09481859,0.020464187,327331.0,67.30000305175781,22029377.298934937,0.004,-0.09692054176330567,-4.735873574654934,-4.735873574654934,高信心,0.0
1536,2026-08-11,-0.12327439,-0.15523009,-0.2132414,0.03361933,1037526.0,51.20000076293945,53121331.99156952,0.004,-0.1592300900220871,-4.7361254592854785,-4.7361254592854785,中信心,0.0
1301,2026-08-11,-0.103751644,-0.11996182,-0.11160174,0.026089605,17015614.0,55.599998474121094,946068112.4362335,0.004,-0.12396182054281235,-4.751205258234518,-4.751205258234518,中信心,0.0
4510,2026-08-11,-0.15499169,-0.2110847,-0.26175177,0.04521923,543144.0,40.5,21997332.0,0.004,-0.21508469367027283,-4.756382148914798,-4.756382148914798,中信心,0.0
9904,2026-08-11,-0.10717382,-0.13924551,-0.08483785,0.0299887,10375460.0,24.049999237060547,249529805.08415222,0.004,-0.14324551010131836,-4.776490143285361,-4.776490143285361,中信心,0.0
8046,2026-08-11,-0.104731545,-0.15240413,-0.18626423,0.032733455,2574208.0,1150.0,2960339200.0,0.004,-0.15640412950515747,-4.77796669658936,-4.77796669658936,中信心,0.0
6182,2026-08-11,-0.23974529,-0.39052823,-0.4591002,0.08218746,40202084.0,94.0,3778995896.0,0.004,-0.39452823185920716,-4.800287595815051,-4.800287595815051,低信心,0.0
2491,2026-08-11,-0.36490536,-0.44400537,-0.3016198,0.093058586,713426.0,34.20000076293945,24399169.744300842,0.004,-0.4480053701400757,-4.814177632049841,-4.814177632049841,低信心,0.0
1802,2026-08-11,-0.14247662,-0.22471055,-0.26076254,0.047451362,26756387.0,55.900001525878906,1495682074.1270065,0.004,-0.22871055388450623,-4.819792988104158,-4.819792988104158,低信心,0.0
2330,2026-08-11,-0.046858605,-0.14300203,-0.19504699,0.03045517,16787061.0,2395.0,40205011095.0,0.004,-0.14700203323364258,-4.826674894159586,-4.826674894159586,中信心,0.0
3529,2026-08-11,-0.05917539,-0.117586896,-0.12881231,0.025171295,821154.0,2660.0,2184269640.0,0.004,-0.1215868958234787,-4.83018713977437,-4.83018713977437,高信心,0.0
5288,2026-08-11,-0.06589337,-0.10618737,-0.13290541,0.022756131,214214.0,193.5,41450409.0,0.004,-0.1101873733997345,-4.841883208560212,-4.841883208560212,高信心,0.0
6469,2026-08-11,-0.107931964,-0.20152734,-0.24841423,0.042315442,342213.0,70.9000015258789,24262902.2221756,0.004,-0.20552734220027924,-4.856914707533511,-4.856914707533511,中信心,0.0
6768,2026-08-11,-0.05172212,-0.09165482,-0.09550384,0.019654892,484455.0,67.5,32700712.5,0.004,-0.09565482223033905,-4.866470531411129,-4.866470531411129,高信心,0.0
6727,2026-08-11,-0.23418325,-0.3599175,-0.43091786,0.07448236,577710.0,390.5,225595755.0,0.004,-0.3639174916744232,-4.8858900098599705,-4.8858900098599705,低信心,0.0
3105,2026-08-11,-0.35503545,-0.5773235,-0.69195807,0.1186502,16767507.0,371.0,6220745097.0,0.004,-0.5813234963417053,-4.899432236443942,-4.899432236443942,低信心,0.0
2332,2026-08-11,-0.11052064,-0.15193923,-0.14706978,0.0316945,38616292.0,22.600000381469727,872728213.9309464,0.004,-0.15593922817707062,-4.919916962890841,-4.919916962890841,中信心,0.0
3594,2026-08-11,-0.33672753,-0.38228402,-0.28294563,0.07836733,3021225.0,56.900001525878906,171907707.1100235,0.004,-0.386284015417099,-4.929083250248921,-4.929083250248921,低信心,0.0
5314,2026-08-11,-0.14283119,-0.1449162,-0.16261095,0.030192208,2625288.0,61.099998474121094,160405092.79412842,0.004,-0.14891620659828186,-4.932109488209488,-4.932109488209488,中信心,0.0
8182,2026-08-11,-0.17941904,-0.22024797,-0.18488054,0.045305256,940702.0,39.75,37392904.5,0.004,-0.22424796903133393,-4.949602943313102,-4.949602943313102,中信心,0.0
6617,2026-08-11,-0.27280858,-0.18860006,-0.18466741,0.038750965,2082598.0,102.5,213466295.0,0.004,-0.1926000633239746,-4.970072373099249,-4.970072373099249,中信心,0.0
5484,2026-08-11,-0.32894266,-0.5153364,-0.29200953,0.10448901,669739.0,41.70000076293945,27928116.810970306,0.004,-0.5193363943099976,-4.9702013112564005,-4.9702013112564005,低信心,0.0
3587,2026-08-11,-0.20487718,-0.2923151,-0.3093902,0.059532907,496964.0,253.0,125731892.0,0.004,-0.2963150956630707,-4.977249425834198,-4.977249425834198,低信心,0.0
4903,2026-08-11,-0.22456853,-0.44369203,-0.30560246,0.08933374,2875996.0,37.650001525878906,108281253.78842163,0.004,-0.44769202852249146,-5.011398951119346,-5.011398951119346,低信心,0.0
1310,2026-08-11,-0.23098819,-0.3006815,0.055194154,0.060327,3322310.0,8.010000228881836,26611703.860416412,0.004,-0.3046815016269684,-5.050416144966702,-5.050416144966702,低信心,0.0
1326,2026-08-11,-0.12902522,-0.1545848,-0.13412681,0.03137523,19944319.0,58.20000076293945,1160759381.0163078,0.004,-0.15858479523658753,-5.05429768576806,-5.05429768576806,中信心,0.0
6116,2026-08-11,-0.16976707,-0.2003405,-0.17939216,0.040427852,47018608.0,14.199999809265137,667664224.6319122,0.004,-0.20434049451351166,-5.05432359493453,-5.05432359493453,中信心,0.0
1316,2026-08-11,-0.086236544,-0.12792407,-0.14039014,0.026012167,1666552.0,10.050000190734863,16748847.917869568,0.004,-0.13192406976222992,-5.07143427965332,-5.07143427965332,中信心,0.0
8222,2026-08-11,-0.24984388,-0.28269845,-0.05531689,0.056475982,914379.0,38.650001525878906,35340749.74523163,0.004,-0.28669845247268677,-5.0763771398478035,-5.0763771398478035,低信心,0.0
6568,2026-08-11,-0.15177578,-0.16547166,-0.26321694,0.03327434,83435.0,139.5,11639182.5,0.004,-0.1694716581106186,-5.093010600987586,-5.093010600987586,中信心,0.0
2034,2026-08-11,-0.115441896,-0.12562393,-0.09755454,0.025434807,2190109.0,20.450000762939453,44787730.72092056,0.004,-0.1296239265203476,-5.096120032118351,-5.096120032118351,高信心,0.0
3576,2026-08-11,-0.11612436,-0.22763519,-0.21992569,0.04536274,7319292.0,17.299999237060547,126623746.01582336,0.004,-0.23163518989086151,-5.106174982894312,-5.106174982894312,中信心,0.0
3362,2026-08-11,-0.200522,-0.33763477,-0.41497168,0.06689896,655629.0,174.5,114407260.5,0.004,-0.34163477206230164,-5.106651725996641,-5.106651725996641,低信心,0.0
1215,2026-08-11,-0.10225318,-0.1460631,-0.18490592,0.029351292,944975.0,109.0,103002275.0,0.004,-0.15006310427188874,-5.112483281796773,-5.112483281796773,中信心,0.0
5211,2026-08-11,0.22535568,-999.0,0.48394057,0.19472721,49360.0,20.049999237060547,989667.9623413086,0.004,-1.0,-5.1353627555089005,-5.1353627555089005,低信心,0.0
6210,2026-08-11,0.35954016,-999.0,0.7101428,0.194704,12050.0,17.299999237060547,208464.9908065796,0.004,-1.0,-5.135975079958713,-5.135975079958713,低信心,0.0
8155,2026-08-11,-0.14609502,-0.24312134,-0.28830567,0.048080206,674684.0,316.0,213200144.0,0.004,-0.24712134087085724,-5.139666206233971,-5.139666206233971,低信心,0.0
1304,2026-08-11,-0.14561269,-0.18330088,-0.22360913,0.036324967,2092683.0,11.949999809265137,25007561.450852394,0.004,-0.18730088257789612,-5.156115802635928,-5.156115802635928,中信心,0.0
6152,2026-08-11,-0.20886776,-0.23929562,-0.10396889,0.04714344,6234122.0,14.800000190734863,92265006.7890644,0.004,-0.2432956167459488,-5.16064294194681,-5.16064294194681,低信心,0.0
6446,2026-08-11,-0.078736275,-0.11131282,-0.16317147,0.022163257,5595625.0,1460.0,8169612500.0,0.004,-0.11531282150745392,-5.20264767917898,-5.20264767917898,高信心,0.0
6969,2026-08-11,-0.06973824,-999.0,-0.31043613,0.19208704,201387.0,32.79999923706055,6605493.446353912,0.004,-1.0,-5.2059462516319766,-5.2059462516319766,低信心,0.0
6831,2026-08-11,-0.21523784,-0.3226476,-0.48646328,0.06269098,319701.0,617.0,197255517.0,0.004,-0.3266476013660431,-5.21035714619327,-5.21035714619327,低信心,0.0
3322,2026-08-11,0.21527024,-999.0,0.46834564,0.19192141,151774.0,11.449999809265137,1737812.2710514069,0.004,-1.0,-5.210438911791001,-5.210438911791001,低信心,0.0
7703,2026-08-11,-0.23853807,-0.27600232,-0.30528253,0.05326477,149891.0,179.5,26905434.5,0.004,-0.28000231766700745,-5.256702808233161,-5.256702808233161,低信心,0.0
6877,2026-08-11,0.09532974,-999.0,0.6257376,0.18903364,42603.0,127.5,5431882.5,0.004,-1.0,-5.290035708936694,-5.290035708936694,低信心,0.0
8234,2026-08-11,-0.22413293,-0.23922731,-0.18919203,0.04597419,1146850.0,70.69999694824219,81082291.50009155,0.004,-0.2432273098230362,-5.290403620797074,-5.290403620797074,低信心,0.0
6870,2026-08-11,-0.15802036,-0.34228358,-0.46029186,0.06529022,43730.0,257.0,11238610.0,0.004,-0.34628357672691346,-5.3036776598241815,-5.3036776598241815,低信心,0.0
6166,2026-08-11,-0.15304205,-0.24696384,-0.279768,0.04694763,2849969.0,136.0,387595784.0,0.004,-0.25096384370326996,-5.3454991482761285,-5.3454991482761285,低信心,0.0
3191,2026-08-11,0.17467493,-999.0,0.3900523,0.18687055,44585.0,18.549999237060547,827051.7159843445,0.004,-1.0,-5.3512695465984175,-5.3512695465984175,低信心,0.0
3042,2026-08-11,-0.23766771,-0.22870757,-0.1840066,0.042566184,12164162.0,179.0,2177384998.0,0.004,-0.23270756685733796,-5.4668304103577805,-5.4668304103577805,中信心,0.0
8069,2026-08-11,-0.061639667,-0.15347642,-0.18401243,0.028796123,17618615.0,165.0,2907071475.0,0.004,-0.15747641706466675,-5.468477315825825,-5.468477315825825,中信心,0.0
4503,2026-08-11,0.45335725,-999.0,0.8016017,0.18044928,318476.0,24.450000762939453,7786738.442977905,0.004,-1.0,-5.541692840343612,-5.541692840343612,低信心,0.0
5243,2026-08-11,-0.110689975,-0.16088535,-0.2022562,0.029649436,928686.0,88.30000305175781,82002976.63412476,0.004,-0.16488534891605378,-5.5609753915219295,-5.5609753915219295,中信心,0.0
3374,2026-08-11,-0.13868341,-0.21404634,-0.31115866,0.039066564,19778391.0,334.0,6605982594.0,0.004,-0.21804634416103363,-5.581263054610137,-5.581263054610137,中信心,0.0
3055,2026-08-11,-0.28862065,-0.5148403,0.14483047,0.092771806,3556924.0,106.5,378812406.0,0.004,-0.518840304851532,-5.592590515312902,-5.592590515312902,低信心,0.0
4971,2026-08-11,-0.16976556,-0.27548152,-0.26762068,0.049708962,895441.0,465.0,416380065.0,0.004,-0.2794815220832825,-5.622243861846853,-5.622243861846853,低信心,0.0
8111,2026-08-11,-0.16717122,-0.36487496,-0.26270673,0.06548646,3011725.0,58.0,174680050.0,0.004,-0.3688749589920044,-5.632757216785607,-5.632757216785607,低信心,0.0
2313,2026-08-11,-0.2021021,-0.2583008,-0.28768775,0.04654286,26361372.0,211.5,5575430178.0,0.004,-0.2623008110523224,-5.635562177175612,-5.635562177175612,低信心,0.0
1303,2026-08-11,-0.06462418,-0.17711383,-0.24877462,0.03209303,102525921.0,190.0,19479924990.0,0.004,-0.1811138310432434,-5.643225334830691,-5.643225334830691,中信心,0.0
3289,2026-08-11,-0.084805965,-0.1917551,-0.22993365,0.034604885,580352.0,140.0,81249280.0,0.004,-0.19575510108470917,-5.656700068443263,-5.656700068443263,中信心,0.0
3149,2026-08-11,-0.19799538,-0.22557446,-0.19347998,0.04055122,17908773.0,67.5,1208842177.5,0.004,-0.22957446360588074,-5.661206160438883,-5.661206160438883,中信心,0.0
2349,2026-08-11,-0.14727646,-0.21020202,-0.25062838,0.037814047,1373955.0,11.050000190734863,15182203.01206112,0.004,-0.21420202338695526,-5.66446556349344,-5.66446556349344,中信心,0.0
4513,2026-08-11,-0.3722776,-0.4338398,-0.16277453,0.07723129,959885.0,17.0,16318045.0,0.004,-0.4378397979736328,-5.66912904895667,-5.66912904895667,低信心,0.0
1447,2026-08-11,-0.30347505,-0.51405466,0.15683746,0.09119231,1530269.0,7.0,10711883.0,0.004,-0.5180546560287476,-5.680840522431855,-5.680840522431855,低信心,0.0
2464,2026-08-11,-0.16024154,-0.28432533,-0.28504685,0.05074576,26630507.0,187.5,4993220062.5,0.004,-0.28832533144950867,-5.681650324921127,-5.681650324921127,低信心,0.0
6215,2026-08-11,-0.24993835,-0.27312532,-0.249937,0.048504066,869385.0,102.5,89111962.5,0.004,-0.2771253206729889,-5.7133275837240705,-5.7133275837240705,低信心,0.0
4979,2026-08-11,-0.08600369,-0.19582948,-0.274426,0.03485978,20555725.0,510.0,10483419750.0,0.004,-0.19982948088645935,-5.732215082728771,-5.732215082728771,中信心,0.0
2540,2026-08-11,-0.03282312,-0.15255526,-0.21259825,0.027184125,1785594.0,44.0,78566136.0,0.004,-0.15655525708198548,-5.75885729750996,-5.75885729750996,中信心,0.0
4807,2026-08-11,-0.06291643,-0.1604614,-0.15838149,0.02851367,381773.0,31.200000762939453,11911317.891269684,0.004,-0.16446139597892762,-5.767606455859699,-5.767606455859699,中信心,0.0
2427,2026-08-11,-0.14172527,-0.20731,-0.1309037,0.036251266,561718.0,21.700000762939453,12189281.028556824,0.004,-0.2113100060224533,-5.828877512602769,-5.828877512602769,中信心,0.0
3483,2026-08-11,-0.061769623,-0.22166356,-0.258796,0.038692802,216370.0,73.5,15903195.0,0.004,-0.22566356444358826,-5.83203410178392,-5.83203410178392,中信心,0.0
2371,2026-08-11,-0.22619359,-0.14252757,-0.08332596,0.025120849,15943950.0,25.950000762939453,413745514.6642685,0.004,-0.14652756536006928,-5.832674385694871,-5.832674385694871,高信心,0.0
4716,2026-08-11,-0.21078803,-0.2986172,-0.28599262,0.051842283,3910099.0,18.899999618530273,73900869.6084156,0.004,-0.3026172139644623,-5.837153884774091,-5.837153884774091,低信心,0.0
3630,2026-08-11,-0.076310016,-0.1886097,-0.21191998,0.032988757,467200.0,25.950000762939453,12123840.356445312,0.004,-0.19260970437526703,-5.838470239689598,-5.838470239689598,中信心,0.0
1582,2026-08-11,-0.1262052,-0.15041837,-0.17561679,0.026430503,890641.0,75.30000305175781,67065270.01802063,0.004,-0.15441837096214295,-5.842209286410687,-5.842209286410687,中信心,0.0
3693,2026-08-11,-0.15190986,-0.28860754,-0.32034308,0.050032638,669995.0,492.0,329637540.0,0.004,-0.29260753774642945,-5.848216496974641,-5.848216496974641,低信心,0.0
5328,2026-08-11,-0.20188545,-0.29738766,-0.29994595,0.05132415,30244237.0,66.0,1996119642.0,0.004,-0.30138765954971314,-5.872124300144656,-5.872124300144656,低信心,0.0
6762,2026-08-11,0.20918585,-999.0,0.17473832,0.17020406,2099.0,170.0,356830.0,0.004,-1.0,-5.87526610301912,-5.87526610301912,低信心,0.0
3163,2026-08-11,-0.12467387,-0.2161433,-0.28719485,0.03726692,4917906.0,683.0,3358929798.0,0.004,-0.22014329516887665,-5.907045452378147,-5.907045452378147,中信心,0.0
6530,2026-08-11,-0.5832624,-0.5876087,-0.5755283,0.09989831,1616786.0,80.30000305175781,129827920.7340393,0.004,-0.5916086950302124,-5.9220500464713615,-5.9220500464713615,低信心,0.0
6933,2026-08-11,-0.5240147,-0.90668404,-0.5611592,0.15365842,1570419.0,188.0,295238772.0,0.004,-0.9106840410232544,-5.926639912745545,-5.926639912745545,低信心,0.0
4939,2026-08-11,-0.53018326,-0.5810823,-0.32170042,0.09865244,6034580.0,61.70000076293945,372333590.60401917,0.004,-0.585082284450531,-5.930683308259774,-5.930683308259774,低信心,0.0
4163,2026-08-11,-0.22788516,-0.27633873,-0.2926986,0.04725858,237747.0,145.5,34592188.5,0.004,-0.28033872628211975,-5.9318924615876245,-5.9318924615876245,低信心,0.0
8422,2026-08-11,-0.09355723,-0.15596768,-0.120618634,0.026830798,3481546.0,26.649999618530273,92783199.5718956,0.004,-0.15996768260002137,-5.961869609971724,-5.961869609971724,中信心,0.0
5392,2026-08-11,-0.20990719,-0.264996,-0.3042291,0.044725113,2029973.0,45.29999923706055,91957775.35125351,0.004,-0.2689959921836853,-6.014294250060428,-6.014294250060428,中信心,0.0
4569,2026-08-11,-0.118442126,-0.20792682,-0.23173341,0.03484023,76331.0,167.0,12747277.0,0.004,-0.21192682468891144,-6.082645049339645,-6.082645049339645,中信心,0.0
2425,2026-08-11,-0.1609549,-0.29604003,-0.22685112,0.04917023,9291956.0,45.95000076293945,426965385.2891998,0.004,-0.30004002833366394,-6.101942960767392,-6.101942960767392,低信心,0.0
2348,2026-08-11,-0.10828589,-0.16511174,-0.14995633,0.02763275,429226.0,70.5,30260433.0,0.004,-0.1691117354631424,-6.119753218389867,-6.119753218389867,中信心,0.0
8299,2026-08-11,-0.09193719,-0.15833236,-0.25329778,0.026490757,3090035.0,2090.0,6458173150.0,0.004,-0.16233236277103424,-6.127655474709573,-6.127655474709573,中信心,0.0
5443,2026-08-11,-0.16432025,-0.36531824,-0.3315193,0.059545606,5440280.0,107.5,584830100.0,0.004,-0.369318238735199,-6.202171228233492,-6.202171228233492,低信心,0.0
4571,2026-08-11,-0.13219802,-0.18418331,-0.18513067,0.030328656,281838.0,168.0,47348784.0,0.004,-0.18818331444263459,-6.2045977487101664,-6.2045977487101664,中信心,0.0
6531,2026-08-11,-0.14774673,-0.19914502,-0.23846197,0.032566875,1362226.0,831.0,1132009806.0,0.004,-0.20314501905441285,-6.23758927485584,-6.23758927485584,中信心,0.0
6194,2026-08-11,0.07107104,-999.0,0.088582166,0.16023397,112251.0,29.850000381469727,3350692.3928203583,0.004,-1.0,-6.240834833431243,-6.240834833431243,低信心,0.0
2327,2026-08-11,-0.11054555,-0.21784107,-0.3237194,0.035501603,81510251.0,617.0,50291824867.0,0.004,-0.22184107387065888,-6.248586442384947,-6.248586442384947,中信心,0.0
3694,2026-08-11,-0.12213343,-0.19491972,-0.19263823,0.031659614,1797923.0,53.79999923706055,96728256.02829361,0.004,-0.19891972029209137,-6.282876530195741,-6.282876530195741,中信心,0.0
2409,2026-08-11,-0.10824766,-0.1888352,-0.2748256,0.030668123,459245813.0,26.100000381469727,11986315894.488375,0.004,-0.19283520364761353,-6.287600857072059,-6.287600857072059,中信心,0.0
2762,2026-08-11,-0.03234816,-0.116240166,-0.079192415,0.018979568,190702.0,82.5,15732915.0,0.004,-0.12024016612768174,-6.334908649019172,-6.334908649019172,高信心,0.0
4609,2026-08-11,0.35634333,-999.0,1.5972257,0.15721463,26000.0,4.760000228881836,123760.00595092773,0.004,-1.0,-6.360690928123071,-6.360690928123071,低信心,0.0
4743,2026-08-11,-0.10012164,-0.15407856,-0.16512273,0.024783965,2116887.0,47.29999923706055,100128753.48494339,0.004,-0.15807855808734894,-6.378001957114086,-6.378001957114086,高信心,0.0
8027,2026-08-11,-0.22069044,-0.31999722,-0.37522507,0.05075057,1716053.0,181.5,311463619.5,0.004,-0.3239972212314606,-6.383984596051534,-6.383984596051534,低信心,0.0
2356,2026-08-11,-0.12183213,-0.16454159,-0.1268615,0.026320692,14570764.0,65.0999984741211,948556714.1667786,0.004,-0.1685415872335434,-6.403144019846368,-6.403144019846368,中信心,0.0
2388,2026-08-11,-0.22731113,-0.36415222,-0.4607285,0.057325397,4174305.0,79.19999694824219,330604943.2610321,0.004,-0.3681522228717804,-6.422036872490689,-6.422036872490689,低信心,0.0
6743,2026-08-11,-0.13883038,-0.23451748,-0.21425085,0.03693002,836855.0,28.100000381469727,23515625.819234848,0.004,-0.23851748490333557,-6.45845929998149,-6.45845929998149,中信心,0.0
3363,2026-08-11,-0.31527716,-0.46344078,-0.48139197,0.072032146,4258074.0,606.0,2580392844.0,0.004,-0.46744077587127686,-6.489245733997026,-6.489245733997026,低信心,0.0
8050,2026-08-11,-0.20939532,-0.28427547,-0.19636987,0.044369873,7971043.0,61.599998474121094,491016236.6371536,0.004,-0.28827547216415406,-6.496953190803407,-6.496953190803407,中信心,0.0
2031,2026-08-11,-0.2780606,-0.27698722,-0.17315632,0.04269307,2529126.0,46.099998474121094,116592704.74085999,0.004,-0.280987224817276,-6.581411153096496,-6.581411153096496,中信心,0.0
6803,2026-08-11,-0.04713152,-0.10104694,-0.11953098,0.015920505,66861.0,269.0,17985609.0,0.004,-0.10504694217443467,-6.597802221930269,-6.597802221930269,高信心,0.0
5483,2026-08-11,-0.106777355,-0.20721278,-0.22826248,0.032002576,12871790.0,168.5,2168896615.0,0.004,-0.21121277594566346,-6.599662133417081,-6.599662133417081,中信心,0.0
8039,2026-08-11,-0.26647314,-0.37381724,-0.29951876,0.05661461,13288053.0,216.0,2870219448.0,0.004,-0.37781723523139954,-6.673375724397155,-6.673375724397155,低信心,0.0
1435,2026-08-11,-0.17198321,-999.0,-0.3720478,0.14976832,47902.0,23.600000381469727,1130487.2182731628,0.004,-1.0,-6.676934853961093,-6.676934853961093,低信心,0.0
1434,2026-08-11,-0.10766648,-0.1347149,-0.12553091,0.020393891,1998348.0,17.75,35470677.0,0.004,-0.13871490144729615,-6.801453268044054,-6.801453268044054,高信心,0.0
1905,2026-08-11,-0.15692756,-0.15156895,-0.12632598,0.022753263,1546158.0,13.399999618530273,20718516.61018753,0.004,-0.1555689492225647,-6.836914397735055,-6.836914397735055,高信心,0.0
3006,2026-08-11,-0.31258073,-0.6320595,-0.78697175,0.09295243,5518133.0,267.5,1476100577.5,0.004,-0.6360595145225525,-6.842776258219984,-6.842776258219984,低信心,0.0
4991,2026-08-11,-0.24732152,-0.3304265,-0.31084257,0.048798386,9510388.0,481.0,4574496628.0,0.004,-0.33442651414871216,-6.8530887912005705,-6.8530887912005705,低信心,0.0
2455,2026-08-11,-0.14944363,-0.25353158,-0.21551473,0.037408832,3550270.0,367.5,1304724225.0,0.004,-0.2575315752029419,-6.884061473443121,-6.884061473443121,中信心,0.0
2303,2026-08-11,-0.15274486,-0.25934166,-0.28759322,0.038244363,79709971.0,123.0,9804326433.0,0.004,-0.26334165716171265,-6.885584243997245,-6.885584243997245,中信心,0.0
6732,2026-08-11,-0.20566183,-0.4403144,-0.525478,0.064202055,138082.0,154.5,21333669.0,0.004,-0.4443144121170044,-6.920456059679793,-6.920456059679793,低信心,0.0
3675,2026-08-11,-0.419357,-0.94287276,-0.9941199,0.13661815,634353.0,272.5,172861192.5,0.004,-0.9468727626800537,-6.930746957906085,-6.930746957906085,低信心,0.0
2605,2026-08-11,-0.074999176,-0.13817097,-0.11348931,0.020450242,3426864.0,32.75,112229796.0,0.004,-0.14217097246646881,-6.951703556306803,-6.951703556306803,高信心,0.0
1526,2026-08-11,-0.27499217,-0.44703457,-0.28031376,0.06455632,1277033.0,19.0,24263627.0,0.004,-0.4510345675945282,-6.986575000718429,-6.986575000718429,低信心,0.0
4303,2026-08-11,-0.15085013,-0.19297151,-0.1961022,0.02794317,246163.0,44.599998474121094,10978869.42438507,0.004,-0.19697151267528534,-7.048751603942086,-7.048751603942086,中信心,0.0
6517,2026-08-11,-0.24538253,-0.36382732,-0.31451783,0.051981304,400181.0,61.900001525878906,24771204.510627747,0.004,-0.36782731795310974,-7.07601053154127,-7.07601053154127,低信心,0.0
4564,2026-08-11,-0.28004482,-0.40500453,0.3757703,0.057506118,931234.0,16.850000381469727,15691293.25523758,0.004,-0.40900453114509583,-7.112242051457189,-7.112242051457189,低信心,0.0
1305,2026-08-11,-0.1588885,-0.17959847,-0.11705902,0.025784744,938120.0,11.600000381469727,10882192.35786438,0.004,-0.18359846556186676,-7.120153841886397,-7.120153841886397,高信心,0.0
6143,2026-08-11,-0.11277802,-0.17296816,-0.17531027,0.024657262,659946.0,89.0,58735194.0,0.004,-0.17696816408634186,-7.176830177642091,-7.176830177642091,高信心,0.0
9802,2026-08-11,-0.09875349,-0.13337797,-0.11076819,0.019137869,1909495.0,74.9000015258789,143021178.41365814,0.004,-0.13737796926498413,-7.1779565446649585,-7.1779565446649585,高信心,0.0
3037,2026-08-11,-0.20476395,-0.27713054,-0.27120626,0.0386798,5158006.0,992.0,5116741952.0,0.004,-0.28113054418563843,-7.267961087508034,-7.267961087508034,中信心,0.0
8038,2026-08-11,-0.11728061,-999.0,-0.34449795,0.13740098,147218.0,32.45000076293945,4777224.21231842,0.004,-1.0,-7.277915333778482,-7.277915333778482,低信心,0.0
2630,2026-08-11,-0.32737964,-0.36503226,-0.35682836,0.049922694,3746719.0,48.79999923706055,182839884.34148026,0.004,-0.36903225564956665,-7.3919263903643895,-7.3919263903643895,低信心,0.0
1742,2026-08-11,0.3910546,-999.0,0.63994855,0.13496996,93001.0,17.899999618530273,1664717.864522934,0.004,-1.0,-7.409001001131848,-7.409001001131848,低信心,0.0
2486,2026-08-11,-0.19634622,-0.27747768,-0.38211474,0.037545674,3751383.0,230.5,864693781.5,0.004,-0.2814776816368103,-7.496741180796476,-7.496741180796476,中信心,0.0
6103,2026-08-11,-0.47115305,-999.0,-0.44026306,0.1327529,2281.0,28.5,65008.5,0.004,-1.0,-7.532735740399865,-7.532735740399865,低信心,0.0
6957,2026-08-11,-0.19707386,-0.40353042,-0.1958674,0.053845204,82615.0,215.5,17803532.5,0.004,-0.40753041887283326,-7.568415185312535,-7.568415185312535,低信心,0.0
2359,2026-08-11,-0.22099167,-0.37679365,-0.2543842,0.05013272,8622935.0,140.5,1211522367.5,0.004,-0.38079365277290345,-7.595559485045998,-7.595559485045998,低信心,0.0
6244,2026-08-11,-0.18637952,-0.28999668,-0.31394494,0.038074974,1540809.0,24.100000381469727,37133497.48777199,0.004,-0.2939966835975647,-7.721317814475204,-7.721317814475204,中信心,0.0
5355,2026-08-11,0.053281147,-999.0,0.60703254,0.12940553,29003.0,5.989999771118164,173727.9633617401,0.004,-1.0,-7.727585506069844,-7.727585506069844,低信心,0.0
3035,2026-08-11,-0.24441549,-0.34727204,-0.35923594,0.04541176,3091433.0,176.0,544092208.0,0.004,-0.35127203845977784,-7.7350955259448115,-7.7350955259448115,低信心,0.0
4958,2026-08-11,-0.18261503,-0.33667955,-0.41593298,0.043743107,33376511.0,490.0,16354490390.0,0.004,-0.34067954802513123,-7.788010325937416,-7.788010325937416,中信心,0.0
7723,2026-08-11,-0.041874718,-999.0,-0.044737544,0.12833506,206959.0,20.600000381469727,4263355.478948593,0.004,-1.0,-7.7920424146939204,-7.7920424146939204,低信心,0.0
6416,2026-08-11,-0.20686838,-0.286857,-0.29133886,0.03722791,886023.0,99.69999694824219,88336490.39607239,0.004,-0.290857008934021,-7.812665520261601,-7.812665520261601,中信心,0.0
2324,2026-08-11,-0.07985875,-0.1739117,-0.17894758,0.022770276,25334309.0,36.29999923706055,919635397.3714561,0.004,-0.1779117056131363,-7.812987794100662,-7.812987794100662,高信心,0.0
3339,2026-08-11,-0.28026235,-0.5510951,-0.365328,0.07103318,819865.0,37.849998474121094,31031888.99898529,0.004,-0.5550951280593872,-7.8144794887710844,-7.8144794887710844,低信心,0.0
1707,2026-08-11,-0.09929659,-0.17556618,-0.21483554,0.022720931,284568.0,89.5999984741211,25497292.36578369,0.004,-0.1795661815404892,-7.902769305430133,-7.902769305430133,高信心,0.0
3708,2026-08-11,-0.23231621,-0.42743394,-0.51954836,0.054362714,684273.0,102.5,70137982.5,0.004,-0.43143393778800965,-7.936064639651431,-7.936064639651431,低信心,0.0
2740,2026-08-11,-0.2771417,-999.0,-0.4856395,0.12440846,1029.0,30.850000381469727,31744.65039253235,0.004,-1.0,-8.037973991425897,-8.037973991425897,低信心,0.0
6821,2026-08-11,0.3354187,-999.0,0.58163136,0.12412776,79816.0,41.150001525878906,3284428.521789551,0.004,-1.0,-8.056150796985404,-8.056150796985404,低信心,0.0
6767,2026-08-11,-0.11902617,-999.0,0.24489997,0.12339578,3000.0,24.899999618530273,74699.99885559082,0.004,-1.0,-8.103939401166583,-8.103939401166583,低信心,0.0
4764,2026-08-11,-0.24118696,-0.41374886,-0.38032675,0.051488925,1520788.0,240.5,365749514.0,0.004,-0.4177488603591919,-8.113215845117985,-8.113215845117985,低信心,0.0
3523,2026-08-11,-0.20667107,-999.0,0.5067432,0.12237831,2000.0,15.449999809265137,30899.999618530273,0.004,-1.0,-8.171315857996905,-8.171315857996905,低信心,0.0
4174,2026-08-11,-0.19833466,-0.30771548,-0.19330762,0.038043022,439218.0,26.549999237060547,11661237.56490326,0.004,-0.3117154755592346,-8.193547137959438,-8.193547137959438,中信心,0.0
3492,2026-08-11,0.22665031,-999.0,0.46919614,0.12094459,15005.0,21.950000762939453,329359.7614479065,0.004,-1.0,-8.268180911501368,-8.268180911501368,低信心,0.0
8478,2026-08-11,-0.155454,-0.23295975,-0.22079477,0.028633984,118979.0,147.0,17489913.0,0.004,-0.23695974731445313,-8.275183493448703,-8.275183493448703,中信心,0.0
3508,2026-08-11,-0.3363578,-999.0,-0.6010339,0.120829836,34259.0,17.049999237060547,584115.9238624573,0.004,-1.0,-8.276033257613316,-8.276033257613316,低信心,0.0
3004,2026-08-11,-0.16961053,-0.1798561,-0.1995516,0.021392351,491911.0,127.0,62472697.0,0.004,-0.1838561066389084,-8.594076936873622,-8.594076936873622,高信心,0.0
4133,2026-08-11,0.07468746,-999.0,0.32432607,0.116334766,118419.0,20.950000762939453,2480878.140346527,0.004,-1.0,-8.595808899035129,-8.595808899035129,低信心,0.0
4128,2026-08-11,-0.17476024,-0.24553798,-0.22676264,0.028957186,1603175.0,14.699999809265137,23566672.194218636,0.004,-0.24953798139095307,-8.617182617036244,-8.617182617036244,中信心,0.0
3438,2026-08-11,0.14889319,-999.0,0.34351853,0.11508807,59182.0,59.79999923706055,3539083.5548477173,0.004,-1.0,-8.688922691943992,-8.688922691943992,低信心,0.0
4566,2026-08-11,-0.38278884,-0.56975085,-0.47714317,0.06601833,3979085.0,70.4000015258789,280127590.07160187,0.004,-0.5737508454322815,-8.690649788442883,-8.690649788442883,低信心,0.0
5488,2026-08-11,-0.089322634,-999.0,1.2713417,0.114961945,540787.0,13.350000381469727,7219506.656293869,0.004,-1.0,-8.698455126404198,-8.698455126404198,低信心,0.0
3207,2026-08-11,0.41564834,-999.0,0.6475082,0.11434851,202181.0,44.0,8895964.0,0.004,-1.0,-8.745118610692355,-8.745118610692355,低信心,0.0
8150,2026-08-11,-0.32617664,-0.44523156,-0.4474042,0.050750483,100397573.0,99.0,9939359727.0,0.004,-0.449231556892395,-8.85159499238705,-8.85159499238705,低信心,0.0
1591,2026-08-11,0.38422793,-999.0,0.61913085,0.1126486,170514.0,36.5,6223761.0,0.004,-1.0,-8.877084557877396,-8.877084557877396,低信心,0.0
5220,2026-08-11,0.112595685,-999.0,0.49556655,0.11263584,36314.0,20.649999618530273,749884.0861473083,0.004,-1.0,-8.878089830300729,-8.878089830300729,低信心,0.0
6228,2026-08-11,-0.16662814,-999.0,0.32311743,0.111912444,3158.0,18.399999618530273,58107.1987953186,0.004,-1.0,-8.935477067484166,-8.935477067484166,低信心,0.0
6423,2026-08-11,0.14828804,-999.0,0.35139567,0.11174387,46149.0,80.4000015258789,3710379.6704177856,0.004,-1.0,-8.948957010808405,-8.948957010808405,低信心,0.0
5371,2026-08-11,-0.2563037,-0.36452883,-0.31249955,0.040445514,10952770.0,87.5999984741211,959462635.2873993,0.004,-0.3685288348197937,-9.1115108062997,-9.1115108062997,中信心,0.0
5345,2026-08-11,0.042198833,-999.0,-0.06485353,0.108982176,10000.0,22.049999237060547,220499.99237060547,0.004,-1.0,-9.175728358840358,-9.175728358840358,低信心,0.0
1309,2026-08-11,-0.34115657,-0.51484686,-0.16584864,0.056540623,954750.0,13.0,12411750.0,0.004,-0.5188468613624573,-9.176370360453337,-9.176370360453337,低信心,0.0
2385,2026-08-11,-0.02502358,-0.14154966,-0.23030862,0.01569074,3321975.0,104.5,347146387.5,0.004,-0.14554966175556183,-9.275558841128769,-9.275558841128769,高信心,0.0
5450,2026-08-11,-0.008198998,-999.0,0.5884978,0.106986515,182132.0,15.149999618530273,2759299.7305221558,0.004,-1.0,-9.34688513018554,-9.34688513018554,低信心,0.0
6451,2026-08-11,-0.25581533,-0.36223745,-0.38959104,0.03892342,1152817.0,433.0,499169761.0,0.004,-0.36623745346069336,-9.408938363397377,-9.408938363397377,中信心,0.0
1529,2026-08-11,-0.21904154,-999.0,-0.022310501,0.10472471,403894.0,16.899999618530273,6825808.445926666,0.004,-1.0,-9.54875350089538,-9.54875350089538,低信心,0.0
4416,2026-08-11,-0.060201164,-999.0,0.5009652,0.10456573,194400.0,10.449999809265137,2031479.9629211426,0.004,-1.0,-9.563271172918512,-9.563271172918512,低信心,0.0
3115,2026-08-11,0.099912435,-999.0,0.78290737,0.1041784,7054.0,8.859999656677246,62498.437578201294,0.004,-1.0,-9.598826895078084,-9.598826895078084,低信心,0.0
1336,2026-08-11,0.30779836,-999.0,0.17492948,0.10206036,310572.0,16.200000762939453,5031266.636947632,0.004,-1.0,-9.798027279594676,-9.798027279594676,低信心,0.0
4726,2026-08-11,-0.028731434,-999.0,-0.046096984,0.1014071,28814.0,24.549999237060547,707383.6780166626,0.004,-1.0,-9.861145056872262,-9.861145056872262,低信心,0.0
6241,2026-08-11,0.15516393,-999.0,0.5697235,0.09885582,191836.0,14.550000190734863,2791213.836589813,0.004,-1.0,-10.115639803568465,-10.0,低信心,0.0
5309,2026-08-11,-0.30812678,-0.43088928,-0.46292394,0.042828098,4739368.0,56.29999923706055,266826414.78414917,0.004,-0.4348892786502838,-10.154061515295323,-10.0,中信心,0.0
5516,2026-08-11,0.07487034,-999.0,0.13657999,0.09846491,128329.0,13.050000190734863,1674693.4744768143,0.004,-1.0,-10.155798887564808,-10.0,低信心,0.0
3325,2026-08-11,0.018253792,-999.0,0.47454083,0.0982253,101179.0,11.699999809265137,1183794.2807016373,0.004,-1.0,-10.180572677905333,-10.0,低信心,0.0
4198,2026-08-11,-0.22502498,-999.0,-0.10957192,0.09648427,4000.0,41.95000076293945,167800.0030517578,0.004,-1.0,-10.36427610923647,-10.0,低信心,0.0
5202,2026-08-11,0.198273,-999.0,0.4323684,0.093455516,144394.0,12.300000190734863,1776046.2275409698,0.004,-1.0,-10.700163694069632,-10.0,低信心,0.0
2910,2026-08-11,-0.2234574,-999.0,0.30464706,0.09238956,24150.0,23.799999237060547,574769.9815750122,0.004,-1.0,-10.823616657168357,-10.0,低信心,0.0
4304,2026-08-11,0.05814515,-999.0,0.35662726,0.0912105,16030.0,16.0,256480.0,0.004,-1.0,-10.963530084461944,-10.0,低信心,0.0
7770,2026-08-11,-0.1648756,-999.0,-0.35587692,0.09094493,2050.0,39.75,81487.5,0.004,-1.0,-10.995544361570946,-10.0,低信心,0.0
3625,2026-08-11,0.1318704,-999.0,0.013186184,0.09039523,377991.0,17.149999618530273,6482545.505807877,0.004,-1.0,-11.062408800755902,-10.0,低信心,0.0
6129,2026-08-11,-0.10436557,-999.0,-0.3081827,0.09033834,204298.0,14.600000381469727,2982750.877933502,0.004,-1.0,-11.0693746159323,-10.0,低信心,0.0
4741,2026-08-11,0.19412507,-999.0,0.26005992,0.09003008,134275.0,42.900001525878906,5760397.70488739,0.004,-1.0,-11.107275405095116,-10.0,低信心,0.0
1471,2026-08-11,0.23097125,-999.0,0.48221695,0.08850168,95505.0,9.420000076293945,899657.1072864532,0.004,-1.0,-11.299093464329383,-10.0,低信心,0.0
5230,2026-08-11,0.23319693,-999.0,0.5486044,0.08813312,68631.0,17.700000762939453,1214768.7523612976,0.004,-1.0,-11.346343836219662,-10.0,低信心,0.0
7704,2026-08-11,0.062305372,-999.0,0.22752626,0.08708617,83929.0,64.0999984741211,5379848.771934509,0.004,-1.0,-11.482747781992126,-10.0,低信心,0.0
5381,2026-08-11,-0.18496121,-999.0,0.089067645,0.08646492,242179.0,24.25,5872840.75,0.004,-1.0,-11.56525054718727,-10.0,低信心,0.0
4178,2026-08-11,0.0392457,-999.0,0.3305268,0.08575393,179191.0,18.0,3225438.0,0.004,-1.0,-11.661137017464721,-10.0,低信心,0.0
8421,2026-08-11,-0.018762453,-999.0,0.029614666,0.08519163,682723.0,13.5,9216760.5,0.004,-1.0,-11.738104822823068,-10.0,低信心,0.0
6730,2026-08-11,0.101462685,-999.0,0.3862239,0.08498861,8000.0,34.54999923706055,276399.9938964844,0.004,-1.0,-11.76614448950795,-10.0,低信心,0.0
1752,2026-08-11,0.05335842,-999.0,0.24458975,0.08314973,49631.0,32.099998474121094,1593155.024269104,0.004,-1.0,-12.026352691889521,-10.0,低信心,0.0
6198,2026-08-11,-0.18624732,-999.0,-0.24734029,0.08224669,3001.0,19.5,58519.5,0.004,-1.0,-12.158396274768101,-10.0,低信心,0.0
3011,2026-08-11,0.17500575,-999.0,0.2964401,0.08209796,373415.0,11.5,4294272.5,0.004,-1.0,-12.180422131099935,-10.0,低信心,0.0
6418,2026-08-11,0.20924616,-999.0,0.5027437,0.08159401,56144.0,32.70000076293945,1835908.8428344727,0.004,-1.0,-12.255651259366642,-10.0,低信心,0.0
3321,2026-08-11,-0.19075394,-999.0,-0.416129,0.08006827,173001.0,19.0,3287019.0,0.004,-1.0,-12.489186509551988,-10.0,低信心,0.0
2719,2026-08-11,-0.07126343,-999.0,-0.28303373,0.07945975,30210.0,21.200000762939453,640452.0230484009,0.004,-1.0,-12.584830006748216,-10.0,低信心,0.0
3465,2026-08-11,0.13176732,-999.0,0.2610985,0.07944522,32313.0,30.049999237060547,971005.6253471375,0.004,-1.0,-12.58713144246823,-10.0,低信心,0.0
5310,2026-08-11,0.14171085,-999.0,0.57422346,0.07866031,2000.0,24.899999618530273,49799.99923706055,0.004,-1.0,-12.712730430427264,-10.0,低信心,0.0
4175,2026-08-11,0.0048955656,-999.0,0.04470808,0.078642316,11064.0,50.0,553200.0,0.004,-1.0,-12.715639032310415,-10.0,低信心,0.0
3593,2026-08-11,0.28586978,-999.0,0.39807975,0.07802122,5006.0,12.399999618530273,62074.39809036255,0.004,-1.0,-12.816861782865011,-10.0,低信心,0.0
3349,2026-08-11,-0.18316936,-999.0,-0.3782673,0.07793845,137544.0,23.25,3197898.0,0.004,-1.0,-12.830472764370334,-10.0,低信心,0.0
5011,2026-08-11,-0.013130047,-999.0,0.90074795,0.076980494,142514.0,18.399999618530273,2622257.5456352234,0.004,-1.0,-12.990135285712807,-10.0,低信心,0.0
3372,2026-08-11,-0.0022708632,-999.0,-0.13070962,0.076741934,483983.0,16.25,7864723.75,0.004,-1.0,-13.030515922798857,-10.0,低信心,0.0
7709,2026-08-11,0.069891065,-999.0,0.19837256,0.07662162,15490.0,72.5999984741211,1124573.9763641357,0.004,-1.0,-13.05097629217257,-10.0,低信心,0.0
3313,2026-08-11,0.09721341,-999.0,0.23124088,0.07646324,75055.0,10.300000190734863,773066.5143156052,0.004,-1.0,-13.078009474165865,-10.0,低信心,0.0
6523,2026-08-11,-0.006345291,-999.0,0.1109977,0.076367564,29686.0,90.4000015258789,2683614.445297241,0.004,-1.0,-13.09439332527806,-10.0,低信心,0.0
4183,2026-08-11,-0.27220047,-999.0,-0.46150276,0.076158985,4000.0,14.800000190734863,59200.00076293945,0.004,-1.0,-13.13025488112917,-10.0,低信心,0.0
6240,2026-08-11,0.027010273,-999.0,0.23409812,0.07590665,8000.0,19.049999237060547,152399.99389648438,0.004,-1.0,-13.173903176945142,-10.0,低信心,0.0
4139,2026-08-11,-0.024331443,-999.0,0.21473332,0.07552753,15051.0,35.0,526785.0,0.004,-1.0,-13.240030868280376,-10.0,低信心,0.0
6657,2026-08-11,0.09970967,-999.0,0.0644952,0.074369736,91126.0,30.350000381469727,2765674.1347618103,0.004,-1.0,-13.446149324109678,-10.0,低信心,0.0
6967,2026-08-11,0.16551508,-999.0,0.5496608,0.07329508,36089.0,68.69999694824219,2479314.1898651123,0.004,-1.0,-13.643294886076763,-10.0,低信心,0.0
2424,2026-08-11,0.24928021,-999.0,0.54329836,0.07295779,25000.0,8.649999618530273,216249.99046325684,0.004,-1.0,-13.706367707161183,-10.0,低信心,0.0
9103,2026-08-11,-0.22347625,-999.0,0.023614507,0.072941445,538992.0,5.179999828338623,2791978.467475891,0.004,-1.0,-13.709439336542607,-10.0,低信心,0.0
5348,2026-08-11,-0.12895122,-999.0,-0.047623377,0.07280077,25101.0,16.950000762939453,425461.9691505432,0.004,-1.0,-13.73593000226787,-10.0,低信心,0.0
3310,2026-08-11,0.09573039,-999.0,0.22467633,0.072742276,76886.0,70.69999694824219,5435839.965362549,0.004,-1.0,-13.746975373528809,-10.0,低信心,0.0
1413,2026-08-11,-0.30116928,-999.0,-0.1029262,0.072057605,5119.0,9.489999771118164,48579.30882835388,0.004,-1.0,-13.877593459243624,-10.0,低信心,0.0
6552,2026-08-11,0.24336924,-999.0,0.42594433,0.07171873,77551.0,24.399999618530273,1892244.3704166412,0.004,-1.0,-13.94316490268759,-10.0,低信心,0.0
8047,2026-08-11,0.1231368,-999.0,0.034077,0.071236506,29700.0,46.04999923706055,1367684.9773406982,0.004,-1.0,-14.037549564203161,-10.0,低信心,0.0
6624,2026-08-11,0.12688997,-999.0,0.3631614,0.071205825,1304.0,43.54999923706055,56789.19900512695,0.004,-1.0,-14.043598042861428,-10.0,低信心,0.0
6229,2026-08-11,0.12826663,-999.0,0.19286759,0.07074629,35003.0,23.649999618530273,827820.9366474152,0.004,-1.0,-14.134817819734318,-10.0,低信心,0.0
6597,2026-08-11,-0.22471514,-999.0,-0.18556859,0.07044793,6000.0,67.9000015258789,407400.00915527344,0.004,-1.0,-14.194680236201277,-10.0,低信心,0.0
3664,2026-08-11,0.19161166,-999.0,-0.25261685,0.06941206,10103.0,6.099999904632568,61628.29903650284,0.004,-1.0,-14.406511140547652,-10.0,低信心,0.0
8104,2026-08-11,0.16507006,-999.0,0.27561963,0.06930738,227749.0,31.850000381469727,7253805.736879349,0.004,-1.0,-14.428270170331075,-10.0,低信心,0.0
6494,2026-08-11,0.0772434,-999.0,0.46345642,0.06927304,111070.0,54.900001525878906,6097743.16947937,0.004,-1.0,-14.435422385759045,-10.0,低信心,0.0
2243,2026-08-11,-0.06778873,-999.0,-0.26872092,0.06903036,195978.0,40.29999923706055,7897913.250480652,0.004,-1.0,-14.4861702329742,-10.0,低信心,0.0
2415,2026-08-11,0.24452044,-999.0,0.3304634,0.06896544,212506.0,30.149999618530273,6407055.818935394,0.004,-1.0,-14.499805812530607,-10.0,低信心,0.0
3122,2026-08-11,0.14913127,-999.0,0.31537288,0.06776161,119031.0,25.950000762939453,3088854.540813446,0.004,-1.0,-14.757401778109,-10.0,低信心,0.0
4555,2026-08-11,-0.17783648,-999.0,0.08410651,0.066761166,180126.0,47.849998474121094,8619028.825149536,0.004,-1.0,-14.978543782348321,-10.0,低信心,0.0
3178,2026-08-11,-0.11706065,-999.0,-0.20515732,0.06662557,34025.0,58.099998474121094,1976852.4480819702,0.004,-1.0,-15.009026927356846,-10.0,低信心,0.0
5403,2026-08-11,0.077075414,-999.0,0.11900883,0.06641631,44658.0,92.4000015258789,4126399.2681427,0.004,-1.0,-15.05631664793289,-10.0,低信心,0.0
6130,2026-08-11,0.00031916398,-999.0,0.08655652,0.06630774,101208.0,25.5,2580804.0,0.004,-1.0,-15.08096893775686,-10.0,低信心,0.0
6465,2026-08-11,0.21205375,-999.0,0.30486634,0.06616926,135917.0,46.75,6354119.75,0.004,-1.0,-15.112529334364122,-10.0,低信心,0.0
6735,2026-08-11,-0.012982524,-999.0,0.22981098,0.065014176,61742.0,64.5,3982359.0,0.004,-1.0,-15.381024637444822,-10.0,低信心,0.0
6887,2026-08-11,0.2334947,-999.0,0.48268345,0.06491529,11000.0,36.45000076293945,400950.008392334,0.004,-1.0,-15.404453870041458,-10.0,低信心,0.0
6461,2026-08-11,-0.16936144,-999.0,-0.07789435,0.064785756,115833.0,15.899999618530273,1841744.6558132172,0.004,-1.0,-15.435253810261846,-10.0,低信心,0.0
8067,2026-08-11,0.0010127055,-999.0,0.25953254,0.06477596,8002.0,13.350000381469727,106826.70305252075,0.004,-1.0,-15.437588392098839,-10.0,低信心,0.0
3489,2026-08-11,-0.14529155,-999.0,0.049036853,0.06449521,319047.0,25.950000762939453,8279269.893413544,0.004,-1.0,-15.504786614967767,-10.0,低信心,0.0
6246,2026-08-11,-0.17713796,-999.0,-0.012785568,0.06430778,31990.0,12.149999618530273,388678.48779678345,0.004,-1.0,-15.54997684031449,-10.0,低信心,0.0
3567,2026-08-11,0.02815892,-999.0,0.2634458,0.06414496,19354.0,26.25,508042.5,0.004,-1.0,-15.589446339954875,-10.0,低信心,0.0
5701,2026-08-11,-0.26094687,-999.0,-0.24191545,0.064117834,84644.0,4.150000095367432,351272.6080722809,0.004,-1.0,-15.59604196384706,-10.0,低信心,0.0
8431,2026-08-11,-0.07726696,-999.0,-0.1249663,0.064082146,166123.0,48.75,8098496.25,0.004,-1.0,-15.604727491642342,-10.0,低信心,0.0
8472,2026-08-11,-0.15142335,-999.0,-0.031633697,0.06402091,1007.0,72.5999984741211,73108.19846343994,0.004,-1.0,-15.619653259240941,-10.0,低信心,0.0
2230,2026-08-11,-0.066214725,-999.0,0.077202454,0.06383357,265210.0,27.200000762939453,7213712.202339172,0.004,-1.0,-15.665492765820963,-10.0,低信心,0.0
4572,2026-08-11,0.10261515,-999.0,0.17843197,0.06308556,14002.0,141.5,1981283.0,0.004,-1.0,-15.851236309889712,-10.0,低信心,0.0
8444,2026-08-11,0.07384703,-999.0,-0.10157518,0.06295326,6000.0,4.989999771118164,29939.998626708984,0.004,-1.0,-15.88454808038934,-10.0,低信心,0.0
6222,2026-08-11,0.12484383,-999.0,0.2955171,0.06281421,13000.0,20.149999618530273,261949.99504089355,0.004,-1.0,-15.91971073127887,-10.0,低信心,0.0
6804,2026-08-11,0.15414038,-999.0,0.2706838,0.06258648,399515.0,20.350000381469727,8130130.402402878,0.004,-1.0,-15.977637119600626,-10.0,低信心,0.0
7708,2026-08-11,-0.029743548,-999.0,0.120370194,0.062308274,15628.0,92.9000015258789,1451841.2238464355,0.004,-1.0,-16.048975673707872,-10.0,低信心,0.0
6674,2026-08-11,0.12803954,-999.0,0.3593566,0.061832335,7510.0,15.25,114527.5,0.004,-1.0,-16.172506767125395,-10.0,低信心,0.0
6148,2026-08-11,-0.010193244,-999.0,0.13266218,0.06138102,286281.0,28.350000381469727,8116066.459207535,0.004,-1.0,-16.291416152468486,-10.0,低信心,0.0
8089,2026-08-11,0.020081708,-999.0,0.30475834,0.061262336,61717.0,18.299999237060547,1129421.0529136658,0.004,-1.0,-16.32297713181757,-10.0,低信心,0.0
6492,2026-08-11,-0.15847561,-999.0,-0.20404205,0.061201602,229533.0,37.900001525878906,8699301.050239563,0.004,-1.0,-16.339174973345827,-10.0,低信心,0.0
3308,2026-08-11,0.17342204,-999.0,0.1766771,0.061075747,39361.0,19.299999237060547,759667.2699699402,0.004,-1.0,-16.372843601930423,-10.0,低信心,0.0
6733,2026-08-11,-0.12540485,-999.0,-0.093692884,0.06105535,57419.0,25.700000762939453,1475668.3438072205,0.004,-1.0,-16.37831297470013,-10.0,低信心,0.0
1468,2026-08-11,0.060464725,-999.0,0.06973647,0.06054796,34000.0,13.399999618530273,455599.9870300293,0.004,-1.0,-16.515560999310487,-10.0,低信心,0.0
4911,2026-08-11,-0.15365154,-999.0,-0.09971631,0.060439344,8260.0,28.25,233345.0,0.004,-1.0,-16.54524035536504,-10.0,低信心,0.0
6225,2026-08-11,0.088573135,-999.0,-0.155286,0.060196478,109319.0,30.450000762939453,3328763.633403778,0.004,-1.0,-16.611992088438882,-10.0,低信心,0.0
6606,2026-08-11,0.19965614,-999.0,0.3424895,0.060134444,261040.0,27.100000381469727,7074184.099578857,0.004,-1.0,-16.629128414863015,-10.0,低信心,0.0
3623,2026-08-11,-0.22268191,-999.0,-0.05989647,0.060033564,17195.0,21.549999237060547,370552.2368812561,0.004,-1.0,-16.65707166527928,-10.0,低信心,0.0
3268,2026-08-11,0.19476028,-999.0,0.43709886,0.059998456,58498.0,20.0,1169960.0,0.004,-1.0,-16.666818121789664,-10.0,低信心,0.0
4744,2026-08-11,0.0043307017,-999.0,0.3324996,0.059815105,39525.0,27.5,1086937.5,0.004,-1.0,-16.717906093525826,-10.0,低信心,0.0
3054,2026-08-11,0.17887646,-999.0,0.33832017,0.059639383,159151.0,48.0,7639248.0,0.004,-1.0,-16.76716303781114,-10.0,低信心,0.0
6708,2026-08-11,0.15561233,-999.0,0.49389982,0.059556562,5015.0,38.900001525878906,195083.50765228271,0.004,-1.0,-16.790479429344217,-10.0,低信心,0.0
6270,2026-08-11,0.10773322,-999.0,0.5328353,0.058821324,260220.0,30.0,7806600.0,0.004,-1.0,-17.00034876510743,-10.0,低信心,0.0
3276,2026-08-11,-0.0107325995,-999.0,0.3797516,0.058601283,479851.0,14.850000381469727,7125787.53304863,0.004,-1.0,-17.0641822193602,-10.0,低信心,0.0
3522,2026-08-11,0.023926578,-999.0,0.27694237,0.058576763,188743.0,11.75,2217730.25,0.004,-1.0,-17.07132505589421,-10.0,低信心,0.0
3288,2026-08-11,0.16794468,-999.0,0.22305718,0.05847227,33914.0,22.200000762939453,752890.8258743286,0.004,-1.0,-17.101832291920044,-10.0,低信心,0.0
6968,2026-08-11,0.11741815,-999.0,0.34914055,0.058292177,35730.0,44.150001525878906,1577479.5545196533,0.004,-1.0,-17.15466691973488,-10.0,低信心,0.0
4562,2026-08-11,0.050915446,-999.0,0.09941615,0.058185738,207429.0,32.0,6637728.0,0.004,-1.0,-17.186047361793996,-10.0,低信心,0.0
3018,2026-08-11,-0.15901266,-999.0,0.04819339,0.05793701,77948.0,12.949999809265137,1009426.5851325989,0.004,-1.0,-17.25982664266899,-10.0,低信心,0.0
1444,2026-08-11,-0.21258572,-999.0,-0.3274475,0.05786863,1143564.0,7.139999866485596,8165046.807317734,0.004,-1.0,-17.280221652013033,-10.0,低信心,0.0
8477,2026-08-11,0.18210548,-999.0,0.42279166,0.05776146,36052.0,15.899999618530273,573226.7862472534,0.004,-1.0,-17.31228238355803,-10.0,低信心,0.0
4995,2026-08-11,0.077084094,-999.0,0.15011045,0.057431854,93556.0,50.79999923706055,4752644.7286224365,0.004,-1.0,-17.411637298895883,-10.0,低信心,0.0
3086,2026-08-11,0.114286646,-999.0,0.1783514,0.057398718,137313.0,26.649999618530273,3659391.3976192474,0.004,-1.0,-17.421688916083788,-10.0,低信心,0.0
3354,2026-08-11,0.24537224,-999.0,0.15846954,0.05734993,71216.0,20.649999618530273,1470610.372833252,0.004,-1.0,-17.43650892889215,-10.0,低信心,0.0
1796,2026-08-11,0.110017225,-999.0,0.17406374,0.057232905,19001.0,30.75,584280.75,0.004,-1.0,-17.47216139124603,-10.0,低信心,0.0
4406,2026-08-11,-0.061964862,-999.0,0.18654814,0.05710668,2000.0,10.100000381469727,20200.000762939453,0.004,-1.0,-17.510779775189718,-10.0,低信心,0.0
6441,2026-08-11,-0.2751156,-999.0,-0.13617182,0.057012692,291355.0,23.0,6701165.0,0.004,-1.0,-17.539646911600357,-10.0,低信心,0.0
1516,2026-08-11,0.10359621,-999.0,0.1415164,0.056984726,45980.0,15.399999618530273,708091.982460022,0.004,-1.0,-17.548254496358727,-10.0,低信心,0.0
1438,2026-08-11,0.047959004,-999.0,0.01999693,0.05692356,23070.0,22.450000762939453,517921.5176010132,0.004,-1.0,-17.567110127436347,-10.0,低信心,0.0
2314,2026-08-11,0.088641316,-999.0,-0.19650824,0.056848794,244721.0,11.5,2814291.5,0.004,-1.0,-17.59021368893549,-10.0,低信心,0.0
2380,2026-08-11,-0.013511123,-999.0,-0.035026774,0.056714516,14743.0,19.299999237060547,284539.88875198364,0.004,-1.0,-17.63185979399591,-10.0,低信心,0.0
6167,2026-08-11,0.10128864,-999.0,0.4097153,0.05632387,152799.0,10.5,1604389.5,0.004,-1.0,-17.754146805019605,-10.0,低信心,0.0
3284,2026-08-11,-0.053544067,-999.0,0.23322795,0.05602428,110627.0,20.950000762939453,2317635.734401703,0.004,-1.0,-17.84908596358137,-10.0,低信心,0.0
6928,2026-08-11,0.015153368,-999.0,-0.10500845,0.055899795,97140.0,48.5,4711290.0,0.004,-1.0,-17.888833717463733,-10.0,低信心,0.0
8277,2026-08-11,0.07578472,-999.0,0.59062916,0.05570036,42332.0,7.980000019073486,337809.3608074188,0.004,-1.0,-17.952882983262686,-10.0,低信心,0.0
5452,2026-08-11,0.035912108,-999.0,0.07183854,0.055694778,330754.0,26.850000381469727,8880745.026172638,0.004,-1.0,-17.95468298819836,-10.0,低信心,0.0
5460,2026-08-11,0.13845444,-999.0,0.22375228,0.055632778,49279.0,16.049999237060547,790927.9124031067,0.004,-1.0,-17.97469224414122,-10.0,低信心,0.0
6895,2026-08-11,-0.21389332,-999.0,-0.83988106,0.055458397,19531.0,118.0,2304658.0,0.004,-1.0,-18.031210024565958,-10.0,低信心,0.0
5205,2026-08-11,-0.14204808,-999.0,-0.20638973,0.055105433,2179.0,21.75,47393.25,0.004,-1.0,-18.146702252219367,-10.0,低信心,0.0
7743,2026-08-11,0.10549475,-999.0,0.4357609,0.054273292,1000.0,21.100000381469727,21100.000381469727,0.004,-1.0,-18.42492983801931,-10.0,低信心,0.0
6692,2026-08-11,0.14902721,-999.0,0.30897182,0.05425573,16270.0,23.600000381469727,383972.00620651245,0.004,-1.0,-18.430893347697094,-10.0,低信心,0.0
6924,2026-08-11,-0.19607309,-999.0,-0.46302205,0.05422957,44653.0,119.5,5336033.5,0.004,-1.0,-18.43978505237918,-10.0,低信心,0.0
6109,2026-08-11,0.036346562,-999.0,0.4327756,0.053954355,81151.0,11.199999809265137,908891.1845216751,0.004,-1.0,-18.533841957036717,-10.0,低信心,0.0
3296,2026-08-11,0.10310612,-999.0,0.5237046,0.053884633,18851.0,23.100000381469727,435458.1071910858,0.004,-1.0,-18.557822865886834,-10.0,低信心,0.0
2460,2026-08-11,-0.107222825,-999.0,-0.19064547,0.053498358,305953.0,31.350000381469727,9591626.666711807,0.004,-1.0,-18.691813816244466,-10.0,低信心,0.0
6997,2026-08-11,-0.12052775,-999.0,-0.103189126,0.05329459,3000.0,69.0,207000.0,0.004,-1.0,-18.76327854350206,-10.0,低信心,0.0
1466,2026-08-11,-0.23518413,-999.0,0.120670035,0.05310628,449532.0,16.75,7529661.0,0.004,-1.0,-18.829811370413154,-10.0,低信心,0.0
9110,2026-08-11,-0.037866544,-999.0,0.13349292,0.0530715,11000.0,3.140000104904175,34540.00115394592,0.004,-1.0,-18.842150866105033,-10.0,低信心,0.0
3467,2026-08-11,0.09425902,-999.0,0.2638145,0.05289152,47620.0,45.900001525878906,2185758.0726623535,0.004,-1.0,-18.906265972504876,-10.0,低信心,0.0
6195,2026-08-11,0.2346646,-999.0,0.42408875,0.052806184,69159.0,28.850000381469727,1995237.1763820648,0.004,-1.0,-18.936818075359145,-10.0,低信心,0.0
6272,2026-08-11,0.11508794,-999.0,0.17322165,0.052693345,77649.0,25.0,1941225.0,0.004,-1.0,-18.97736915368861,-10.0,低信心,0.0
3511,2026-08-11,0.143653,-999.0,0.4452378,0.052650053,477110.0,20.5,9780755.0,0.004,-1.0,-18.99297303290381,-10.0,低信心,0.0
6909,2026-08-11,0.20457736,-999.0,0.1061391,0.052442547,198723.0,40.79999923706055,8107898.248386383,0.004,-1.0,-19.068123523241393,-10.0,低信心,0.0
4806,2026-08-11,0.02248074,-999.0,0.36512676,0.052251235,5366.0,10.199999809265137,54733.19897651672,0.004,-1.0,-19.1379380754169,-10.0,低信心,0.0
6855,2026-08-11,0.012839538,-999.0,-0.01950008,0.051719572,7083.0,117.0,828711.0,0.004,-1.0,-19.33466674973809,-10.0,低信心,0.0
3432,2026-08-11,0.13605274,-999.0,0.4142994,0.05150563,24150.0,16.049999237060547,387607.4815750122,0.004,-1.0,-19.41497728407759,-10.0,低信心,0.0
2949,2026-08-11,-0.21013908,-999.0,-0.026600368,0.051257502,3054.0,62.20000076293945,189958.8023300171,0.004,-1.0,-19.508959236384722,-10.0,低信心,0.0
6158,2026-08-11,-0.014479314,-999.0,-0.00410133,0.051146206,43752.0,16.5,721908.0,0.004,-1.0,-19.55141090610495,-10.0,低信心,0.0
8080,2026-08-11,0.09508245,-999.0,0.5263678,0.050716445,12002.0,28.049999237060547,336656.0908432007,0.004,-1.0,-19.717082257263655,-10.0,低信心,0.0
7757,2026-08-11,-0.17959234,-999.0,-0.3614727,0.050684053,11857.0,91.0,1078987.0,0.004,-1.0,-19.72968289311842,-10.0,低信心,0.0
7820,2026-08-11,-0.35082597,-999.0,-0.16837825,0.050648153,80303.0,121.0,9716663.0,0.004,-1.0,-19.743667488769514,-10.0,低信心,0.0
4706,2026-08-11,0.15635973,-999.0,0.32183608,0.050553795,4199.0,31.75,133318.25,0.004,-1.0,-19.780518011636687,-10.0,低信心,0.0
6840,2026-08-11,-0.029770464,-999.0,-0.01486936,0.050373357,78744.0,68.0,5354592.0,0.004,-1.0,-19.851370735800657,-10.0,低信心,0.0
4946,2026-08-11,-0.28391546,-999.0,-0.44776726,0.050128724,24213.0,82.5,1997572.5,0.004,-1.0,-19.94824515414189,-10.0,低信心,0.0
6680,2026-08-11,-0.07202099,-999.0,-0.09939599,0.04981872,6014.0,51.900001525878906,312126.60917663574,0.004,-1.0,-20.07237333212496,-10.0,低信心,0.0
6123,2026-08-11,0.114877,-999.0,0.28238803,0.0497889,68971.0,43.45000076293945,2996790.002620697,0.004,-1.0,-20.08439539364929,-10.0,低信心,0.0
3043,2026-08-11,-0.029651238,-999.0,-0.044368513,0.04928573,30350.0,20.350000381469727,617622.5115776062,0.004,-1.0,-20.289438225347034,-10.0,低信心,0.0
5906,2026-08-11,0.09827925,-999.0,0.116725095,0.049256194,2010.0,39.45000076293945,79294.5015335083,0.004,-1.0,-20.30160356190116,-10.0,低信心,0.0
6203,2026-08-11,0.051837943,-999.0,0.012768285,0.04912275,72318.0,60.70000076293945,4389702.655174255,0.004,-1.0,-20.35675243786171,-10.0,低信心,0.0
6233,2026-08-11,-0.02010834,-999.0,0.111474134,0.04911071,235332.0,22.450000762939453,5283203.579544067,0.004,-1.0,-20.36174306267524,-10.0,低信心,0.0
7556,2026-08-11,0.054822512,-999.0,0.010382429,0.049006652,21199.0,223.0,4727377.0,0.004,-1.0,-20.40497739671896,-10.0,低信心,0.0
1735,2026-08-11,0.018119408,-999.0,-0.013548192,0.048827384,103043.0,20.149999618530273,2076316.410692215,0.004,-1.0,-20.479892188067552,-10.0,低信心,0.0
8937,2026-08-11,0.08918584,-999.0,0.045526274,0.04876895,66620.0,23.399999618530273,1558907.9745864868,0.004,-1.0,-20.504430671218294,-10.0,低信心,0.0
5315,2026-08-11,-0.057041,-999.0,-0.021401701,0.048525203,127230.0,19.100000381469727,2430093.0485343933,0.004,-1.0,-20.6074238495433,-10.0,低信心,0.0
3540,2026-08-11,0.063259125,-999.0,0.009377646,0.048521068,181045.0,20.75,3756683.75,0.004,-1.0,-20.60918002343639,-10.0,低信心,0.0
3057,2026-08-11,-0.2827739,-999.0,-0.4110476,0.048274193,357340.0,16.75,5985445.0,0.004,-1.0,-20.714573517106906,-10.0,低信心,0.0
5344,2026-08-11,0.16702408,-999.0,0.21740147,0.048202347,8000.0,13.800000190734863,110400.0015258789,0.004,-1.0,-20.745448100067645,-10.0,低信心,0.0
4502,2026-08-11,0.033227734,-999.0,0.15516084,0.047913566,1000.0,15.699999809265137,15699.999809265137,0.004,-1.0,-20.870480784900103,-10.0,低信心,0.0
8935,2026-08-11,-0.08565307,-999.0,0.25353757,0.047849726,120616.0,18.100000381469727,2183149.6460113525,0.004,-1.0,-20.898325248498793,-10.0,低信心,0.0
3686,2026-08-11,0.10884405,-999.0,0.112511806,0.047592755,64151.0,14.649999618530273,939812.1255283356,0.004,-1.0,-21.011160508994664,-10.0,低信心,0.0
3021,2026-08-11,0.21291637,-999.0,0.278047,0.047458977,131544.0,21.100000381469727,2775578.4501800537,0.004,-1.0,-21.070386202760766,-10.0,低信心,0.0
6150,2026-08-11,-0.045100864,-999.0,-0.06754168,0.047439545,144336.0,59.20000076293945,8544691.310119629,0.004,-1.0,-21.079016396429164,-10.0,低信心,0.0
6219,2026-08-11,-0.0627112,-999.0,-0.06610642,0.047306065,66502.0,12.350000381469727,821299.7253684998,0.004,-1.0,-21.138492622939655,-10.0,低信心,0.0
7631,2026-08-11,0.10202469,-999.0,0.17596841,0.047139928,61825.0,138.0,8531850.0,0.004,-1.0,-21.212990118138535,-10.0,低信心,0.0
3285,2026-08-11,0.16244456,-999.0,0.32650274,0.046777707,40144.0,37.29999923706055,1497371.1693725586,0.004,-1.0,-21.377248485573418,-10.0,低信心,0.0
6556,2026-08-11,0.13682699,-999.0,0.16798244,0.046718586,30534.0,60.20000076293945,1838146.8232955933,0.004,-1.0,-21.404299893957457,-10.0,低信心,0.0
1781,2026-08-11,0.11129349,-999.0,0.37577102,0.046614222,32009.0,11.050000190734863,353699.45610523224,0.004,-1.0,-21.45222069085887,-10.0,低信心,0.0
1799,2026-08-11,-0.039890084,-999.0,-0.2291488,0.046423107,215442.0,31.0,6678702.0,0.004,-1.0,-21.54053338357724,-10.0,低信心,0.0
1506,2026-08-11,0.0070964983,-999.0,0.12541027,0.046363574,198976.0,10.600000381469727,2109145.6759033203,0.004,-1.0,-21.568192243305926,-10.0,低信心,0.0
3390,2026-08-11,0.25412038,-999.0,0.38971883,0.046064332,243497.0,22.200000762939453,5405633.585773468,0.004,-1.0,-21.708299691530545,-10.0,低信心,0.0
6113,2026-08-11,-0.050837025,-999.0,0.12822731,0.045907717,138436.0,24.600000381469727,3405525.652809143,0.004,-1.0,-21.782356301081663,-10.0,低信心,0.0
4702,2026-08-11,0.10459908,-999.0,0.24722907,0.045667138,41034.0,9.670000076293945,396798.78313064575,0.004,-1.0,-21.897105518116685,-10.0,低信心,0.0
9136,2026-08-11,-0.20215152,-999.0,-0.1250389,0.04566577,318650.0,11.399999618530273,3632609.8784446716,0.004,-1.0,-21.89776107836307,-10.0,低信心,0.0
5432,2026-08-11,-0.14621836,-999.0,-0.24936505,0.045639083,51361.0,115.0,5906515.0,0.004,-1.0,-21.910565766438754,-10.0,低信心,0.0
8092,2026-08-11,0.12920594,-999.0,0.22455508,0.04505768,99008.0,13.050000190734863,1292054.4188842773,0.004,-1.0,-22.193282755757235,-10.0,中信心,0.0
4523,2026-08-11,0.010370765,-999.0,0.14535138,0.044902205,102393.0,25.700000762939453,2631500.1781196594,0.004,-1.0,-22.270125834480154,-10.0,中信心,0.0
3713,2026-08-11,0.07928875,-999.0,0.35089785,0.044882353,77148.0,15.0,1157220.0,0.004,-1.0,-22.279975993259786,-10.0,中信心,0.0
6578,2026-08-11,0.18058895,-999.0,0.29838887,0.044841845,28002.0,18.350000381469727,513836.7106819153,0.004,-1.0,-22.300102621751908,-10.0,中信心,0.0
4188,2026-08-11,-0.060341526,-999.0,0.024926564,0.044574007,9004.0,9.989999771118164,89949.95793914795,0.004,-1.0,-22.43409692790413,-10.0,中信心,0.0
8924,2026-08-11,-0.058112048,-999.0,-0.20516144,0.044546552,72877.0,51.79999923706055,3775028.5443992615,0.004,-1.0,-22.447923431583266,-10.0,中信心,0.0
8085,2026-08-11,-0.14983758,-999.0,0.041180875,0.044498723,162628.0,11.350000381469727,1845827.8620376587,0.004,-1.0,-22.472050813612682,-10.0,中信心,0.0
4934,2026-08-11,-0.10402497,-999.0,-0.21625312,0.044260602,350332.0,14.199999809265137,4974714.333179474,0.004,-1.0,-22.592946965854058,-10.0,中信心,0.0
3150,2026-08-11,-0.008941829,-999.0,0.2540938,0.044178486,53031.0,17.799999237060547,943951.7595405579,0.004,-1.0,-22.634940561616414,-10.0,中信心,0.0
6114,2026-08-11,-0.11905234,-999.0,0.092279576,0.044114858,11041.0,27.0,298107.0,0.004,-1.0,-22.667586761310762,-10.0,中信心,0.0
6807,2026-08-11,0.04871809,-999.0,0.14543654,0.044077367,6000.0,37.95000076293945,227700.00457763672,0.004,-1.0,-22.686866918026038,-10.0,中信心,0.0
3085,2026-08-11,0.029857814,-999.0,0.14203797,0.04396272,3306.0,11.850000381469727,39176.101261138916,0.004,-1.0,-22.746028296084006,-10.0,中信心,0.0
5489,2026-08-11,-0.0077151656,-999.0,0.022609286,0.0439625,107361.0,41.599998474121094,4466217.436180115,0.004,-1.0,-22.746142013099846,-10.0,中信心,0.0
2482,2026-08-11,-0.11344318,-999.0,0.034993544,0.043954697,179351.0,16.0,2869616.0,0.004,-1.0,-22.750180668002514,-10.0,中信心,0.0
6684,2026-08-11,0.043057032,-999.0,0.013107034,0.043885827,167369.0,50.0,8368450.0,0.004,-1.0,-22.785881410229205,-10.0,中信心,0.0
6142,2026-08-11,0.027276933,-999.0,0.12536192,0.043671634,627158.0,9.350000381469727,5863927.539241791,0.004,-1.0,-22.897635073724654,-10.0,中信心,0.0
7715,2026-08-11,0.067016006,-999.0,0.17089936,0.043649465,47627.0,33.79999923706055,1609792.5636634827,0.004,-1.0,-22.909264327408323,-10.0,中信心,0.0
3531,2026-08-11,0.18700448,-999.0,0.35754445,0.043479834,15000.0,21.350000381469727,320250.0057220459,0.004,-1.0,-22.998639883815663,-10.0,中信心,0.0
3518,2026-08-11,0.116385475,-999.0,0.08641661,0.043179695,338594.0,27.899999618530273,9446772.47083664,0.004,-1.0,-23.158498205841674,-10.0,中信心,0.0
2390,2026-08-11,0.0564514,-999.0,0.08922448,0.04310848,308077.0,10.399999618530273,3204000.682477951,0.004,-1.0,-23.196755786670575,-10.0,中信心,0.0
6934,2026-08-11,0.022994053,-999.0,-0.01770661,0.043045808,43142.0,72.5,3127795.0,0.004,-1.0,-23.230527250335324,-10.0,中信心,0.0
3226,2026-08-11,0.040127926,-999.0,0.09039414,0.042946946,24001.0,51.400001525878906,1233651.4366226196,0.004,-1.0,-23.284001536679906,-10.0,中信心,0.0
3484,2026-08-11,0.002101944,-999.0,-0.0003388688,0.042880505,192716.0,50.20000076293945,9674343.34703064,0.004,-1.0,-23.32007774185825,-10.0,中信心,0.0
8933,2026-08-11,-0.13101402,-999.0,-0.11452905,0.042774018,267632.0,4.699999809265137,1257870.348953247,0.004,-1.0,-23.378132541206135,-10.0,中信心,0.0
3631,2026-08-11,-0.0115894135,-999.0,0.08608052,0.04273651,72097.0,34.150001525878906,2462112.6600112915,0.004,-1.0,-23.398649072114193,-10.0,中信心,0.0
4168,2026-08-11,0.15627533,-999.0,0.36200383,0.042729374,123870.0,22.899999618530273,2836622.952747345,0.004,-1.0,-23.402557568659432,-10.0,中信心,0.0
3710,2026-08-11,-0.122564726,-999.0,-0.015291812,0.042673606,300597.0,5.190000057220459,1560098.4472002983,0.004,-1.0,-23.433140262428726,-10.0,中信心,0.0
8032,2026-08-11,0.03716547,-999.0,0.14381166,0.042557675,81659.0,38.099998474121094,3111207.7753982544,0.004,-1.0,-23.496972800944516,-10.0,中信心,0.0
2431,2026-08-11,-0.0636638,-999.0,0.17181431,0.04255427,201517.0,10.449999809265137,2105852.6115636826,0.004,-1.0,-23.49885283143472,-10.0,中信心,0.0
4545,2026-08-11,0.18033734,-999.0,0.30795777,0.0425325,52038.0,32.599998474121094,1696438.7205963135,0.004,-1.0,-23.5108806228054,-10.0,中信心,0.0
7584,2026-08-11,0.03369355,-999.0,0.45902953,0.04242335,4001.0,26.25,105026.25,0.004,-1.0,-23.571370328179196,-10.0,中信心,0.0
5525,2026-08-11,-0.078831926,-999.0,0.021480866,0.042338144,65446.0,22.049999237060547,1443084.2500686646,0.004,-1.0,-23.618806216486337,-10.0,中信心,0.0
6908,2026-08-11,0.13620697,-999.0,0.2427063,0.042325508,18058.0,32.75,591399.5,0.004,-1.0,-23.625857391368637,-10.0,中信心,0.0
2440,2026-08-11,0.10542481,-999.0,0.3432502,0.042283196,313885.0,15.75,4943688.75,0.004,-1.0,-23.649498699493428,-10.0,中信心,0.0
4550,2026-08-11,0.117293425,-999.0,0.31262314,0.042253047,17406.0,24.200000762939453,421225.2132797241,0.004,-1.0,-23.666372903854217,-10.0,中信心,0.0
9912,2026-08-11,-0.01353164,-999.0,0.051030077,0.042222347,22286.0,12.449999809265137,277460.69574928284,0.004,-1.0,-23.68358045614515,-10.0,中信心,0.0
6996,2026-08-11,0.116590485,-999.0,0.21218936,0.042147346,41105.0,176.5,7255032.5,0.004,-1.0,-23.72572442728593,-10.0,中信心,0.0
8906,2026-08-11,-0.025786778,-999.0,0.0029512611,0.04213292,17505.0,28.25,494516.25,0.004,-1.0,-23.73384680322377,-10.0,中信心,0.0
5543,2026-08-11,0.026079714,-999.0,0.1316659,0.042015843,3027.0,26.200000762939453,79307.40230941772,0.004,-1.0,-23.799980317072457,-10.0,中信心,0.0
6169,2026-08-11,-0.16181141,-999.0,-0.16359816,0.041946303,20200.0,12.699999809265137,256539.99614715576,0.004,-1.0,-23.839435786916738,-10.0,中信心,0.0
1467,2026-08-11,-0.07291961,-999.0,0.007800295,0.04185604,601538.0,9.170000076293945,5516103.505893707,0.004,-1.0,-23.890845007432862,-10.0,中信心,0.0
3379,2026-08-11,-0.24223636,-999.0,-0.13934477,0.04185023,314751.0,29.600000381469727,9316629.720067978,0.004,-1.0,-23.894160358486122,-10.0,中信心,0.0
6140,2026-08-11,-0.025065029,-999.0,0.04317677,0.041748058,65672.0,17.100000381469727,1122991.2250518799,0.004,-1.0,-23.95263715021968,-10.0,中信心,0.0
3434,2026-08-11,0.06200601,-999.0,0.14279065,0.04170029,222987.0,29.899999618530273,6667311.21493721,0.004,-1.0,-23.98007522531504,-10.0,中信心,0.0
2115,2026-08-11,0.18879543,-999.0,0.36391637,0.04168979,98581.0,23.0,2267363.0,0.004,-1.0,-23.98611348150695,-10.0,中信心,0.0
2601,2026-08-11,-0.14949611,-999.0,-0.07747468,0.04161692,1372608.0,6.230000019073486,8551347.86618042,0.004,-1.0,-24.028111683737293,-10.0,中信心,0.0
5546,2026-08-11,0.16189536,-999.0,0.38158786,0.0415522,20000.0,13.550000190734863,271000.00381469727,0.004,-1.0,-24.065535676119957,-10.0,中信心,0.0
6577,2026-08-11,-0.10002559,-999.0,0.16495521,0.041466802,36722.0,80.30000305175781,2948776.7120666504,0.004,-1.0,-24.115096104471053,-10.0,中信心,0.0
1539,2026-08-11,0.14286627,-999.0,0.18535905,0.041449215,182417.0,16.399999618530273,2991638.730413437,0.004,-1.0,-24.12532800585115,-10.0,中信心,0.0
3494,2026-08-11,-0.032442175,-999.0,0.16068812,0.041335586,22027.0,7.099999904632568,156391.69789934158,0.004,-1.0,-24.191645341808304,-10.0,中信心,0.0
2067,2026-08-11,0.0043131844,-999.0,0.36097986,0.04133051,18200.0,6.449999809265137,117389.99652862549,0.004,-1.0,-24.194617282517406,-10.0,中信心,0.0
5487,2026-08-11,0.030494727,-999.0,0.021476459,0.041325934,44000.0,29.399999618530273,1293599.983215332,0.004,-1.0,-24.197295489098504,-10.0,中信心,0.0
3564,2026-08-11,0.11087332,-999.0,0.09627819,0.04131016,153397.0,46.5,7132960.5,0.004,-1.0,-24.20653417954836,-10.0,中信心,0.0
6573,2026-08-11,-0.20121792,-999.0,-0.44118348,0.04126402,272179.0,17.049999237060547,4640651.742343903,0.004,-1.0,-24.23360128208068,-10.0,中信心,0.0
3447,2026-08-11,0.21587461,-999.0,0.23026833,0.041160263,73860.0,27.149999618530273,2005298.971824646,0.004,-1.0,-24.29468785902109,-10.0,中信心,0.0
2468,2026-08-11,0.016747149,-999.0,0.108268216,0.04113379,245528.0,34.599998474121094,8495268.425354004,0.004,-1.0,-24.310322480383146,-10.0,中信心,0.0
3027,2026-08-11,0.08435817,-999.0,0.20831002,0.041120082,174073.0,18.350000381469727,3194239.6164035797,0.004,-1.0,-24.3184271280977,-10.0,中信心,0.0
5353,2026-08-11,0.13937302,-999.0,0.29140112,0.041040264,32142.0,28.450000762939453,914439.9245223999,0.004,-1.0,-24.365722211178614,-10.0,中信心,0.0
8107,2026-08-11,-0.068506636,-999.0,0.004085621,0.040991396,188710.0,12.100000381469727,2283391.071987152,0.004,-1.0,-24.394769376285236,-10.0,中信心,0.0
4909,2026-08-11,-0.0029838195,-999.0,-0.08896985,0.040990297,136740.0,38.349998474121094,5243978.791351318,0.004,-1.0,-24.395423390539587,-10.0,中信心,0.0
3501,2026-08-11,-0.036813077,-999.0,0.036454972,0.0408774,117733.0,39.150001525878906,4609247.129646301,0.004,-1.0,-24.462796854740436,-10.0,中信心,0.0
6785,2026-08-11,-0.12639847,-999.0,-0.15022662,0.04082652,46937.0,98.80000305175781,4637375.743240356,0.004,-1.0,-24.493282847093962,-10.0,中信心,0.0
6856,2026-08-11,0.04753181,-999.0,0.24906896,0.040819433,4000.0,44.79999923706055,179199.9969482422,0.004,-1.0,-24.49753656144004,-10.0,中信心,0.0
6237,2026-08-11,0.20595208,-999.0,0.19379188,0.040689282,181368.0,34.5,6257196.0,0.004,-1.0,-24.575893500461515,-10.0,中信心,0.0
5215,2026-08-11,0.19084445,-999.0,0.35528043,0.040680885,94286.0,38.5,3630011.0,0.004,-1.0,-24.580966003263597,-10.0,中信心,0.0
1213,2026-08-11,-0.02475849,-999.0,0.19692025,0.040648643,27113.0,7.769999980926514,210668.00948286057,0.004,-1.0,-24.600463076457103,-10.0,中信心,0.0
6164,2026-08-11,0.10652754,-999.0,0.15904215,0.04057218,448480.0,11.75,5269640.0,0.004,-1.0,-24.64682351385696,-10.0,中信心,0.0
6843,2026-08-11,-0.012516963,-999.0,0.11688928,0.040544495,1000.0,40.0,40000.0,0.004,-1.0,-24.663653516660652,-10.0,中信心,0.0
4994,2026-08-11,0.07233119,-999.0,0.13071685,0.040535443,9002.0,87.0999984741211,784074.1862640381,0.004,-1.0,-24.66916131702688,-10.0,中信心,0.0
2235,2026-08-11,0.045953337,-999.0,0.21461058,0.040530324,2199.0,27.549999237060547,60582.44832229614,0.004,-1.0,-24.67227669299867,-10.0,中信心,0.0
4754,2026-08-11,0.025325926,-999.0,0.12802903,0.040423386,51738.0,37.650001525878906,1947935.7789459229,0.004,-1.0,-24.737544439220308,-10.0,中信心,0.0
4543,2026-08-11,0.07876846,-999.0,0.13551828,0.04041263,69122.0,31.600000381469727,2184255.2263679504,0.004,-1.0,-24.744127617850697,-10.0,中信心,0.0
4711,2026-08-11,0.040208187,-999.0,0.2204613,0.040289365,171569.0,16.700000762939453,2865202.430896759,0.004,-1.0,-24.819830903487095,-10.0,中信心,0.0
7753,2026-08-11,0.04228987,-999.0,0.16378877,0.040216178,11372.0,37.79999923706055,429861.59132385254,0.004,-1.0,-24.864997930660643,-10.0,中信心,0.0
4554,2026-08-11,0.119424075,-999.0,0.391215,0.04021539,39163.0,30.75,1204262.25,0.004,-1.0,-24.865483921317253,-10.0,中信心,0.0
3516,2026-08-11,-0.09309802,-999.0,0.025580676,0.040150076,7000.0,26.100000381469727,182700.0026702881,0.004,-1.0,-24.905933695132997,-10.0,中信心,0.0
6498,2026-08-11,0.034261577,-999.0,-0.08349394,0.04009538,108662.0,73.5,7986657.0,0.004,-1.0,-24.939907407493433,-10.0,中信心,0.0
3520,2026-08-11,0.050135955,-999.0,-0.08086887,0.039990585,533623.0,18.5,9872025.5,0.004,-1.0,-25.00526131005605,-10.0,中信心,0.0
6662,2026-08-11,-0.07818051,-999.0,0.003619382,0.03989353,4051.0,28.799999237060547,116668.79690933228,0.004,-1.0,-25.06609384574212,-10.0,中信心,0.0
6560,2026-08-11,0.11489173,-999.0,0.15286875,0.039629057,7111.0,32.5,231107.5,0.004,-1.0,-25.23337374150601,-10.0,中信心,0.0
5210,2026-08-11,-0.044199634,-999.0,0.14138508,0.039552733,137222.0,28.549999237060547,3917687.9953079224,0.004,-1.0,-25.282064612572455,-10.0,中信心,0.0
1439,2026-08-11,0.051217534,-999.0,0.14466575,0.039549954,25000.0,28.850000381469727,721250.0095367432,0.004,-1.0,-25.283841068909336,-10.0,中信心,0.0
3521,2026-08-11,-0.13368413,-999.0,0.049183886,0.039451353,6005.0,12.25,73561.25,0.004,-1.0,-25.34703151247213,-10.0,中信心,0.0
6754,2026-08-11,0.047794197,-999.0,0.1431984,0.03932923,9015.0,42.5,383137.5,0.004,-1.0,-25.4257354019293,-10.0,中信心,0.0
6230,2026-08-11,-0.09691902,-999.0,-0.20740782,0.03926931,30151.0,109.5,3301534.5,0.004,-1.0,-25.46453171039572,-10.0,中信心,0.0
3632,2026-08-11,-0.0092319,-999.0,-0.052919585,0.0392144,14776.0,8.0,118208.0,0.004,-1.0,-25.500188043796392,-10.0,中信心,0.0
3666,2026-08-11,-0.009427627,-999.0,0.06288585,0.03916804,65006.0,25.049999237060547,1628400.250404358,0.004,-1.0,-25.530368137515563,-10.0,中信心,0.0
6791,2026-08-11,0.08134421,-999.0,0.016915191,0.039154693,24087.0,101.0,2432787.0,0.004,-1.0,-25.539071139942475,-10.0,中信心,0.0
5398,2026-08-11,0.04914069,-999.0,0.07134578,0.0391123,19039.0,14.0,266546.0,0.004,-1.0,-25.566752220794417,-10.0,中信心,0.0
6776,2026-08-11,0.011801825,-999.0,0.03750003,0.039066873,155552.0,53.70000076293945,8353142.518676758,0.004,-1.0,-25.59647997626059,-10.0,中信心,0.0
2024,2026-08-11,0.010868908,-999.0,0.09905742,0.039056335,5263.0,13.5,71050.5,0.004,-1.0,-25.60338667844038,-10.0,中信心,0.0
1813,2026-08-11,-0.1795814,-999.0,-0.29368055,0.039018407,8501.0,11.449999809265137,97336.44837856293,0.004,-1.0,-25.628273378987135,-10.0,中信心,0.0
2948,2026-08-11,0.08108894,-999.0,0.31206894,0.03900786,7032.0,36.0,253152.0,0.004,-1.0,-25.63520214803023,-10.0,中信心,0.0
4131,2026-08-11,-0.08055942,-999.0,0.048526354,0.038983718,11001.0,32.20000076293945,354232.2083930969,0.004,-1.0,-25.651078273233903,-10.0,中信心,0.0
6771,2026-08-11,0.046567034,-999.0,0.022227282,0.038979974,26100.0,38.5,1004850.0,0.004,-1.0,-25.65354192400043,-10.0,中信心,0.0
1817,2026-08-11,0.023515683,-999.0,0.060000483,0.03891675,24382.0,38.54999923706055,939926.0813980103,0.004,-1.0,-25.69521611378835,-10.0,中信心,0.0
8101,2026-08-11,-0.048502944,-999.0,-0.11835211,0.038909204,20082.0,11.350000381469727,227930.70766067505,0.004,-1.0,-25.70020023211377,-10.0,中信心,0.0
6929,2026-08-11,-0.0070275366,-999.0,0.17171988,0.038889423,9000.0,23.100000381469727,207900.00343322754,0.004,-1.0,-25.713272426598497,-10.0,中信心,0.0
3092,2026-08-11,0.12190924,-999.0,0.029408999,0.03887387,116824.0,23.5,2745364.0,0.004,-1.0,-25.723559812265815,-10.0,中信心,0.0
3597,2026-08-11,0.115147576,-999.0,0.40927333,0.038830657,10001.0,27.149999618530273,271527.14618492126,0.004,-1.0,-25.75218598450679,-10.0,中信心,0.0
5514,2026-08-11,0.108397655,-999.0,0.25655362,0.038803417,7229.0,13.899999618530273,100483.09724235535,0.004,-1.0,-25.770263105169587,-10.0,中信心,0.0
6925,2026-08-11,-0.17337126,-999.0,-0.3448916,0.038792744,12163.0,54.400001525878906,661667.2185592651,0.004,-1.0,-25.77735303471916,-10.0,中信心,0.0
1806,2026-08-11,-0.067760654,-999.0,-0.053494956,0.03864276,74332.0,8.0,594656.0,0.004,-1.0,-25.87739993473664,-10.0,中信心,0.0
6875,2026-08-11,-0.023181926,-999.0,0.017222848,0.03855778,142813.0,32.45000076293945,4634281.958957672,0.004,-1.0,-25.934432232202695,-10.0,中信心,0.0
8102,2026-08-11,-0.07615371,-999.0,-0.003030545,0.03845975,22000.0,68.69999694824219,1511399.9328613281,0.004,-1.0,-26.000532921150818,-10.0,中信心,0.0
3373,2026-08-11,-0.17546791,-999.0,-0.13220866,0.038381815,53482.0,16.399999618530273,877104.7795982361,0.004,-1.0,-26.053327339141955,-10.0,中信心,0.0
4735,2026-08-11,0.041758943,-999.0,0.11629556,0.038299717,190010.0,34.900001525878906,6631349.289932251,0.004,-1.0,-26.109172894010175,-10.0,中信心,0.0
6988,2026-08-11,-0.078970544,-999.0,0.20742044,0.03822829,28000.0,12.699999809265137,355599.9946594238,0.004,-1.0,-26.157956035492166,-10.0,中信心,0.0
8455,2026-08-11,-0.096863426,-999.0,-0.18423323,0.03820409,1000.0,24.649999618530273,24649.999618530273,0.004,-1.0,-26.17452474745505,-10.0,中信心,0.0
3437,2026-08-11,0.11331024,-999.0,0.0737172,0.03817139,359052.0,17.5,6283410.0,0.004,-1.0,-26.19694730717485,-10.0,中信心,0.0
4154,2026-08-11,-0.011945349,-999.0,0.2660123,0.038105916,35000.0,12.199999809265137,426999.9933242798,0.004,-1.0,-26.24195661713907,-10.0,中信心,0.0
4943,2026-08-11,-0.10455106,-999.0,-0.1816236,0.03795431,10355.0,8.600000381469727,89053.00395011902,0.004,-1.0,-26.34677453153054,-10.0,中信心,0.0
7721,2026-08-11,-0.08218292,-999.0,0.0074344515,0.03780882,42200.0,63.20000076293945,2667040.032196045,0.004,-1.0,-26.44815624342332,-10.0,中信心,0.0
3073,2026-08-11,0.065878816,-999.0,0.21351461,0.03746744,288669.0,22.799999237060547,6581652.979763031,0.004,-1.0,-26.689130298830058,-10.0,中信心,0.0
2537,2026-08-11,0.08044192,-999.0,0.22155234,0.037460927,393403.0,10.949999809265137,4307762.774964333,0.004,-1.0,-26.693769528552245,-10.0,中信心,0.0
6838,2026-08-11,-0.0040913764,-999.0,0.054756958,0.03737771,21020.0,23.299999237060547,489765.9839630127,0.004,-1.0,-26.753197377137667,-10.0,中信心,0.0
6916,2026-08-11,0.09425081,-999.0,0.4390346,0.03737558,11000.0,18.700000762939453,205700.00839233398,0.004,-1.0,-26.754722596452037,-10.0,中信心,0.0
6698,2026-08-11,0.15096696,-999.0,-0.026109057,0.037214514,198058.0,32.400001525878906,6417079.502212524,0.004,-1.0,-26.87051553644393,-10.0,中信心,0.0
3047,2026-08-11,0.0919137,-999.0,0.18263382,0.037195466,535491.0,14.300000190734863,7657521.402136803,0.004,-1.0,-26.884275277044722,-10.0,中信心,0.0
1432,2026-08-11,-0.023566237,-999.0,-0.0022952917,0.037174664,119531.0,15.300000190734863,1828824.322798729,0.004,-1.0,-26.899318647283277,-10.0,中信心,0.0
3257,2026-08-11,-0.12542364,-999.0,-0.20490389,0.037035305,182132.0,51.79999923706055,9434437.461044312,0.004,-1.0,-27.000534809543126,-10.0,中信心,0.0
3128,2026-08-11,-0.07273961,-999.0,-0.0524978,0.03694442,151561.0,21.75,3296451.75,0.004,-1.0,-27.066956256944824,-10.0,中信心,0.0
5276,2026-08-11,-0.024373002,-999.0,-0.097395815,0.036902945,5328.0,18.850000381469727,100432.8020324707,0.004,-1.0,-27.097374839332478,-10.0,中信心,0.0
2462,2026-08-11,0.12374387,-999.0,0.22478653,0.03685862,170916.0,19.649999618530273,3358499.33480072,0.004,-1.0,-27.12996203519799,-10.0,中信心,0.0
6134,2026-08-11,-0.02951905,-999.0,-0.00315158,0.036712322,138928.0,27.799999237060547,3862198.2940063477,0.004,-1.0,-27.238069976967388,-10.0,中信心,0.0
1783,2026-08-11,0.073487185,-999.0,0.21584126,0.03658717,167042.0,40.25,6723440.5,0.004,-1.0,-27.331238758152725,-10.0,中信心,0.0
4160,2026-08-11,-0.033083275,-999.0,-0.04143433,0.036531694,15625.0,40.20000076293945,628125.011920929,0.004,-1.0,-27.372742837272998,-10.0,中信心,0.0
1730,2026-08-11,0.12674767,-999.0,0.275036,0.036483288,27505.0,51.400001525878906,1413757.0419692993,0.004,-1.0,-27.40906029564384,-10.0,中信心,0.0
4720,2026-08-11,-0.04043285,-999.0,-0.028745258,0.036356892,417689.0,19.899999618530273,8312010.940664291,0.004,-1.0,-27.504345758143117,-10.0,中信心,0.0
6474,2026-08-11,0.07006771,-999.0,0.22353895,0.03635246,40529.0,39.099998474121094,1584683.8381576538,0.004,-1.0,-27.50769975519946,-10.0,中信心,0.0
4129,2026-08-11,-0.07036828,-999.0,-0.10571889,0.036334205,23661.0,86.4000015258789,2044310.4361038208,0.004,-1.0,-27.52151895437783,-10.0,中信心,0.0
4113,2026-08-11,-0.069438964,-999.0,0.030268263,0.0362972,291985.0,14.649999618530273,4277580.138616562,0.004,-1.0,-27.54957791800937,-10.0,中信心,0.0
2596,2026-08-11,0.059201233,-999.0,0.06097797,0.036273826,61821.0,32.150001525878906,1987545.2443313599,0.004,-1.0,-27.5673285682934,-10.0,中信心,0.0
6641,2026-08-11,0.12901054,-999.0,0.25871748,0.036119573,5076.0,17.950000762939453,91114.20387268066,0.004,-1.0,-27.685054994605014,-10.0,中信心,0.0
4190,2026-08-11,0.0095556555,-999.0,-0.08062057,0.03605678,7106.0,25.200000762939453,179071.20542144775,0.004,-1.0,-27.733267652879075,-10.0,中信心,0.0
4171,2026-08-11,-0.117443,-999.0,-0.0312827,0.036034487,34510.0,17.0,586670.0,0.004,-1.0,-27.750423903067464,-10.0,中信心,0.0
2438,2026-08-11,-0.15097901,-999.0,-0.17691486,0.0360233,275607.0,19.25,5305434.75,0.004,-1.0,-27.759041566776443,-10.0,中信心,0.0
4558,2026-08-11,-0.08465627,-999.0,0.15436031,0.036023073,32050.0,18.299999237060547,586514.9755477905,0.004,-1.0,-27.75921667301956,-10.0,中信心,0.0
3591,2026-08-11,0.06514856,-999.0,0.12898444,0.03595048,407158.0,21.450000762939453,8733539.410636902,0.004,-1.0,-27.815269249711754,-10.0,中信心,0.0
8049,2026-08-11,0.08516194,-999.0,0.2315716,0.03580917,112265.0,26.600000381469727,2986249.042825699,0.004,-1.0,-27.92502891221516,-10.0,中信心,0.0
6124,2026-08-11,-0.041243594,-999.0,-0.11936744,0.035772722,9010.0,27.100000381469727,244171.00343704224,0.004,-1.0,-27.953480472376413,-10.0,中信心,0.0
1565,2026-08-11,-0.14621776,-999.0,-0.2999083,0.035766862,66947.0,94.5999984741211,6333186.097846985,0.004,-1.0,-27.958060116887584,-10.0,中信心,0.0
3346,2026-08-11,0.062065642,-999.0,0.13581571,0.03569831,211472.0,21.0,4440912.0,0.004,-1.0,-28.011747518512024,-10.0,中信心,0.0
6951,2026-08-11,0.13953272,-999.0,0.37376848,0.0356682,6436.0,71.4000015258789,459530.40982055664,0.004,-1.0,-28.035391782537594,-10.0,中信心,0.0
2321,2026-08-11,0.029240344,-999.0,0.0869099,0.035558198,38002.0,15.600000381469727,592831.2144966125,0.004,-1.0,-28.12212062649569,-10.0,中信心,0.0
3499,2026-08-11,0.06671297,-999.0,0.18830244,0.03550666,10176.0,13.050000190734863,132796.80194091797,0.004,-1.0,-28.162939906503837,-10.0,中信心,0.0
6151,2026-08-11,0.0078968955,-999.0,0.083219305,0.035440788,40384.0,35.150001525878906,1419497.6616210938,0.004,-1.0,-28.215282338388988,-10.0,中信心,0.0
8068,2026-08-11,0.038468104,-999.0,0.14867766,0.035422977,116798.0,17.950000762939453,2096524.1891098022,0.004,-1.0,-28.22946853476756,-10.0,中信心,0.0
2444,2026-08-11,0.049036067,-999.0,0.19362831,0.035418686,153451.0,11.199999809265137,1718651.1707315445,0.004,-1.0,-28.232888885336287,-10.0,中信心,0.0
6751,2026-08-11,0.024891024,-999.0,0.05950659,0.035360057,3000.0,41.349998474121094,124049.99542236328,0.004,-1.0,-28.279699006369572,-10.0,中信心,0.0
1418,2026-08-11,0.10398803,-999.0,0.22472085,0.035305094,2249.0,18.0,40482.0,0.004,-1.0,-28.323723567005196,-10.0,中信心,0.0
3051,2026-08-11,-0.051076,-999.0,-0.088500775,0.035272837,303817.0,23.149999618530273,7033363.434103012,0.004,-1.0,-28.349625103551176,-10.0,中信心,0.0
9902,2026-08-11,0.024024133,-999.0,0.31440276,0.035226878,69949.0,13.800000190734863,965296.213341713,0.004,-1.0,-28.386610522744835,-10.0,中信心,0.0
2250,2026-08-11,0.049905885,-999.0,0.10402082,0.035140004,48693.0,59.70000076293945,2906972.137149811,0.004,-1.0,-28.45678643405433,-10.0,中信心,0.0
4729,2026-08-11,0.027990544,-999.0,0.1916811,0.035122927,85358.0,19.899999618530273,1698624.167438507,0.004,-1.0,-28.47062170076344,-10.0,中信心,0.0
8087,2026-08-11,0.09328462,-999.0,0.22841485,0.035114318,6007.0,29.450000762939453,176906.1545829773,0.004,-1.0,-28.477601781248765,-10.0,中信心,0.0
6615,2026-08-11,-0.08415831,-999.0,-0.0317618,0.03498931,5865.0,34.599998474121094,202928.99105072021,0.004,-1.0,-28.579343462470984,-10.0,中信心,0.0
6591,2026-08-11,0.048585672,-999.0,-0.07109502,0.03497156,117314.0,44.150001525878906,5179413.279006958,0.004,-1.0,-28.593846424244038,-10.0,中信心,0.0
6899,2026-08-11,0.05403366,-999.0,0.1657233,0.034960024,15292.0,51.0,779892.0,0.004,-1.0,-28.603282464433363,-10.0,中信心,0.0
7782,2026-08-11,0.09799636,-999.0,0.2954453,0.03484036,3000.0,25.549999237060547,76649.99771118164,0.004,-1.0,-28.701521364626263,-10.0,中信心,0.0
6144,2026-08-11,0.009238417,-999.0,0.20671113,0.034748867,116701.0,14.550000190734863,1697999.5722589493,0.004,-1.0,-28.777089772661,-10.0,中信心,0.0
3206,2026-08-11,0.007681046,-999.0,0.10329851,0.034694795,67253.0,34.79999923706055,2340404.348690033,0.004,-1.0,-28.821938199710722,-10.0,中信心,0.0
6609,2026-08-11,-0.029185526,-999.0,-0.020960743,0.0346693,120135.0,38.95000076293945,4679258.341655731,0.004,-1.0,-28.843133312996812,-10.0,中信心,0.0
5529,2026-08-11,-0.023704922,-999.0,0.1565478,0.034659162,45394.0,21.350000381469727,969161.9173164368,0.004,-1.0,-28.851568612951656,-10.0,中信心,0.0
3025,2026-08-11,-0.019669425,-999.0,-0.066513665,0.03465878,82383.0,55.0,4531065.0,0.004,-1.0,-28.851888017439546,-10.0,中信心,0.0
2734,2026-08-11,-0.038390968,-999.0,0.029057404,0.034570828,20833.0,15.050000190734863,313536.6539735794,0.004,-1.0,-28.925286930255734,-10.0,中信心,0.0
9949,2026-08-11,-0.11760472,-999.0,-0.030955473,0.034483053,31124.0,24.0,746976.0,0.004,-1.0,-28.998913008486138,-10.0,中信心,0.0
5272,2026-08-11,0.031158056,-999.0,0.13556267,0.034451086,64447.0,18.100000381469727,1166490.7245845795,0.004,-1.0,-29.02581994409483,-10.0,中信心,0.0
8443,2026-08-11,-0.10073312,-999.0,-0.13458326,0.034400947,48625.0,11.5,559187.5,0.004,-1.0,-29.06812325941866,-10.0,中信心,0.0
8905,2026-08-11,0.088289075,-999.0,0.16531058,0.034394905,11903.0,34.650001525878906,412438.9681625366,0.004,-1.0,-29.073229734823048,-10.0,中信心,0.0
4402,2026-08-11,-0.058339823,-999.0,-0.02158438,0.034326844,13009.0,16.600000381469727,215949.40496253967,0.004,-1.0,-29.130872584459148,-10.0,中信心,0.0
3306,2026-08-11,0.02041756,-999.0,0.10665274,0.034217976,98059.0,44.5,4363625.5,0.004,-1.0,-29.223552639973107,-10.0,中信心,0.0
8272,2026-08-11,-0.10856014,-999.0,-0.02302703,0.03417404,3272.0,64.9000015258789,212352.80499267578,0.004,-1.0,-29.26112299036211,-10.0,中信心,0.0
5245,2026-08-11,-0.05864578,-999.0,0.11063256,0.034128718,37701.0,23.700000762939453,893513.7287635803,0.004,-1.0,-29.299979719757168,-10.0,中信心,0.0
3557,2026-08-11,0.04566447,-999.0,0.0001740401,0.034113724,77985.0,25.149999618530273,1961322.7202510834,0.004,-1.0,-29.312857810686445,-10.0,中信心,0.0
4432,2026-08-11,0.07732853,-999.0,0.1879927,0.03394163,11000.0,16.0,176000.0,0.004,-1.0,-29.461477785259245,-10.0,中信心,0.0
5438,2026-08-11,0.0012826788,-999.0,0.06968482,0.03388062,50431.0,17.399999618530273,877499.3807621002,0.004,-1.0,-29.51452771778163,-10.0,中信心,0.0
6872,2026-08-11,-0.13150619,-999.0,0.032736454,0.033871137,31218.0,15.800000190734863,493244.40595436096,0.004,-1.0,-29.52279212650627,-10.0,中信心,0.0
4924,2026-08-11,0.074633434,-999.0,0.2471983,0.033755098,27089.0,9.979999542236328,270348.2075996399,0.004,-1.0,-29.62427890024569,-10.0,中信心,0.0
4426,2026-08-11,-0.069214776,-999.0,0.04451108,0.033723842,151500.0,7.949999809265137,1204424.9711036682,0.004,-1.0,-29.65173380634342,-10.0,中信心,0.0
3259,2026-08-11,0.11257037,-999.0,0.35590515,0.033701796,6243.0,14.300000190734863,89274.90119075775,0.004,-1.0,-29.6711301228857,-10.0,中信心,0.0
3548,2026-08-11,-0.12023214,-999.0,-0.2131465,0.033621293,97564.0,75.0999984741211,7327056.25112915,0.004,-1.0,-29.74217318538815,-10.0,中信心,0.0
9929,2026-08-11,-0.08001987,-999.0,0.057905737,0.033524733,1002.0,11.449999809265137,11472.899808883667,0.004,-1.0,-29.82783545076696,-10.0,中信心,0.0
6971,2026-08-11,-0.022770606,-999.0,-0.0115112895,0.033471745,9850.0,25.600000381469727,252160.0037574768,0.004,-1.0,-29.87505396331396,-10.0,中信心,0.0
8240,2026-08-11,0.09476483,-999.0,0.10001459,0.033465117,140455.0,42.25,5934223.75,0.004,-1.0,-29.880970117188284,-10.0,中信心,0.0
5251,2026-08-11,0.00018263956,-999.0,0.08227933,0.033176467,60239.0,25.799999237060547,1554166.1540412903,0.004,-1.0,-30.140940362954986,-10.0,中信心,0.0
1530,2026-08-11,-0.024464605,-999.0,0.014091804,0.033170488,95510.0,28.799999237060547,2750687.927131653,0.004,-1.0,-30.146373204357438,-10.0,中信心,0.0
3527,2026-08-11,0.109245926,-999.0,0.06918944,0.03312595,42605.0,51.20000076293945,2181376.0325050354,0.004,-1.0,-30.18690535912106,-10.0,中信心,0.0
6982,2026-08-11,0.05431574,-999.0,0.07223416,0.033103522,10256.0,49.099998474121094,503569.58435058594,0.004,-1.0,-30.207355104588153,-10.0,中信心,0.0
2916,2026-08-11,-0.028630352,-999.0,-0.053304322,0.03301219,43277.0,40.900001525878906,1770029.3660354614,0.004,-1.0,-30.29092554539597,-10.0,中信心,0.0
6154,2026-08-11,0.051118985,-999.0,0.15742725,0.033009652,106737.0,13.800000190734863,1472970.620358467,0.004,-1.0,-30.293253452765978,-10.0,中信心,0.0
7547,2026-08-11,-0.16837263,-999.0,-0.10747315,0.033003435,23373.0,54.400001525878906,1271491.2356643677,0.004,-1.0,-30.298960219243394,-10.0,中信心,0.0
8409,2026-08-11,-0.010916763,-999.0,0.111514606,0.03298208,4005.0,17.950000762939453,71889.75305557251,0.004,-1.0,-30.318575874751577,-10.0,中信心,0.0
4950,2026-08-11,-0.031054027,-999.0,0.16394004,0.032971766,19869.0,15.600000381469727,309956.407579422,0.004,-1.0,-30.328060856898592,-10.0,中信心,0.0
8929,2026-08-11,-0.10079693,-999.0,-0.08341789,0.032966856,15972.0,13.449999809265137,214823.39695358276,0.004,-1.0,-30.332577642667733,-10.0,中信心,0.0
2254,2026-08-11,0.061641898,-999.0,-0.05586784,0.03292605,1147.0,60.900001525878906,69852.3017501831,0.004,-1.0,-30.37016911935993,-10.0,中信心,0.0
8411,2026-08-11,0.11233379,-999.0,0.22949243,0.032924145,159118.0,13.0,2068534.0,0.004,-1.0,-30.37192502248176,-10.0,中信心,0.0
5704,2026-08-11,0.031786565,-999.0,0.2160255,0.032807894,11531.0,21.549999237060547,248493.04120254517,0.004,-1.0,-30.479541550140965,-10.0,中信心,0.0
3297,2026-08-11,-0.15361598,-999.0,-0.09936448,0.03279078,59362.0,28.399999618530273,1685880.777355194,0.004,-1.0,-30.495448780547655,-10.0,中信心,0.0
8928,2026-08-11,0.02466943,-999.0,0.13503946,0.032773744,35172.0,23.600000381469727,830059.2134170532,0.004,-1.0,-30.511299794962504,-10.0,中信心,0.0
6542,2026-08-11,0.08553424,-999.0,0.118289135,0.03277326,10000.0,45.900001525878906,459000.01525878906,0.004,-1.0,-30.5117506441687,-10.0,中信心,0.0
8466,2026-08-11,0.15107772,-999.0,0.32657546,0.032768134,18000.0,16.600000381469727,298800.0068664551,0.004,-1.0,-30.516523526621185,-10.0,中信心,0.0
4747,2026-08-11,-0.029107805,-999.0,-0.0020541032,0.03276231,99267.0,56.099998474121094,5568878.548530579,0.004,-1.0,-30.521946861077765,-10.0,中信心,0.0
4192,2026-08-11,-0.12693019,-999.0,-0.2187797,0.032755055,2001.0,19.0,38019.0,0.004,-1.0,-30.528708776617826,-10.0,中信心,0.0
6558,2026-08-11,0.01735964,-999.0,0.12035791,0.032738235,267477.0,26.799999237060547,7168383.395931244,0.004,-1.0,-30.544392811819165,-10.0,中信心,0.0
9951,2026-08-11,0.009292666,-999.0,0.048122007,0.032706607,23062.0,53.29999923706055,1229204.5824050903,0.004,-1.0,-30.57392873548058,-10.0,中信心,0.0
4442,2026-08-11,-0.07328804,-999.0,-0.22331503,0.032689344,177429.0,52.5,9315022.5,0.004,-1.0,-30.59007410275745,-10.0,中信心,0.0
3419,2026-08-11,0.068843335,-999.0,0.23997442,0.032674003,72183.0,12.149999618530273,877023.4224643707,0.004,-1.0,-30.60443598537885,-10.0,中信心,0.0
6266,2026-08-11,-0.09418433,-999.0,-0.051411342,0.032590102,130989.0,25.0,3274725.0,0.004,-1.0,-30.683222597608967,-10.0,中信心,0.0
6794,2026-08-11,-0.0095721,-999.0,0.0621085,0.03256423,30000.0,74.69999694824219,2240999.9084472656,0.004,-1.0,-30.707599538851994,-10.0,中信心,0.0
1460,2026-08-11,-0.09175663,-999.0,-0.032633375,0.03253713,175238.0,6.670000076293945,1168837.4733695984,0.004,-1.0,-30.733176352272917,-10.0,中信心,0.0
2911,2026-08-11,-0.038937267,-999.0,-0.09329222,0.0324702,155672.0,6.96999979019165,1085033.8073387146,0.004,-1.0,-30.79652256356135,-10.0,中信心,0.0
6645,2026-08-11,-0.029465051,-999.0,0.16146074,0.032457516,6052.0,13.300000190734863,80491.60115432739,0.004,-1.0,-30.808557679682902,-10.0,中信心,0.0
5905,2026-08-11,-0.1220379,-999.0,-0.1505255,0.032450896,467446.0,8.079999923706055,3776963.6443367004,0.004,-1.0,-30.814842297404535,-10.0,中信心,0.0
3512,2026-08-11,0.045453534,-999.0,0.26152351,0.032403868,28437.0,19.700000762939453,560208.9216957092,0.004,-1.0,-30.859562815459704,-10.0,中信心,0.0
1586,2026-08-11,-0.12839885,-999.0,-0.056548797,0.03238345,359576.0,18.299999237060547,6580240.525665283,0.004,-1.0,-30.879019695313566,-10.0,中信心,0.0
8467,2026-08-11,-0.121229365,-999.0,-0.19905816,0.032380976,64563.0,106.0,6843678.0,0.004,-1.0,-30.881378480454924,-10.0,中信心,0.0
8034,2026-08-11,0.023083074,-999.0,-0.0993141,0.03228517,85232.0,18.899999618530273,1610884.7674865723,0.004,-1.0,-30.973016881064556,-10.0,中信心,0.0
5201,2026-08-11,-0.11529294,-999.0,-0.10134645,0.032245755,1013.0,26.0,26338.0,0.004,-1.0,-31.010873628666342,-10.0,中信心,0.0
4433,2026-08-11,-0.08496577,-999.0,-0.10247629,0.03224141,37306.0,20.049999237060547,747985.2715377808,0.004,-1.0,-31.015051404932592,-10.0,中信心,0.0
1599,2026-08-11,-0.0227501,-999.0,-0.07953232,0.032235604,28126.0,23.850000381469727,670805.1107292175,0.004,-1.0,-31.02063905863178,-10.0,中信心,0.0
4529,2026-08-11,0.036841966,-999.0,-0.0038064572,0.032215554,18001.0,4.21999979019165,75964.2162232399,0.004,-1.0,-31.03994431124188,-10.0,中信心,0.0
4972,2026-08-11,-0.14358173,-999.0,-0.16828439,0.032208215,10479.0,16.549999237060547,173427.44200515747,0.004,-1.0,-31.04701671679527,-10.0,中信心,0.0
5223,2026-08-11,0.11494578,-999.0,0.32245153,0.032171488,12000.0,23.799999237060547,285599.99084472656,0.004,-1.0,-31.082459534454593,-10.0,中信心,0.0
1339,2026-08-11,0.13137887,-999.0,0.2521219,0.032170605,153092.0,45.400001525878906,6950377.0335998535,0.004,-1.0,-31.08331253859571,-10.0,中信心,0.0
6689,2026-08-11,-0.06515797,-999.0,-0.09734358,0.03210388,118821.0,65.0,7723365.0,0.004,-1.0,-31.147913086986346,-10.0,中信心,0.0
6906,2026-08-11,-0.09370074,-999.0,-0.2410237,0.032071564,69565.0,72.5,5043462.5,0.004,-1.0,-31.179298286654387,-10.0,中信心,0.0
2756,2026-08-11,-0.18828723,-999.0,-0.2711087,0.032049004,17200.0,56.5,971800.0,0.004,-1.0,-31.201245746282527,-10.0,中信心,0.0
6593,2026-08-11,-0.10439204,-999.0,-0.20729537,0.031939756,13458.0,32.45000076293945,436712.11026763916,0.004,-1.0,-31.307964246921898,-10.0,中信心,0.0
5364,2026-08-11,-0.079229765,-999.0,-0.08925476,0.031927373,31000.0,8.800000190734863,272800.00591278076,0.004,-1.0,-31.320106497631993,-10.0,中信心,0.0
1338,2026-08-11,0.0057180384,-999.0,0.07146566,0.031689323,332175.0,15.149999618530273,5032451.123285294,0.004,-1.0,-31.55537530772419,-10.0,中信心,0.0
6283,2026-08-11,0.14943433,-999.0,0.27416018,0.031493325,86512.0,20.149999618530273,1743216.766998291,0.004,-1.0,-31.75175395215132,-10.0,中信心,0.0
9928,2026-08-11,-0.038084257,-999.0,0.04632931,0.03144079,48793.0,18.25,890472.25,0.004,-1.0,-31.804805896050173,-10.0,中信心,0.0
5301,2026-08-11,-0.075676985,-999.0,0.057215672,0.03139653,6900.0,5.349999904632568,36914.99934196472,0.004,-1.0,-31.84964019643554,-10.0,中信心,0.0
6649,2026-08-11,0.028055338,-999.0,0.10349397,0.03133173,37003.0,35.54999923706055,1315456.6217689514,0.004,-1.0,-31.915510684755283,-10.0,中信心,0.0
2516,2026-08-11,0.008287317,-999.0,0.05133809,0.03129041,105516.0,14.100000381469727,1487775.6402511597,0.004,-1.0,-31.957655746504972,-10.0,中信心,0.0
3050,2026-08-11,0.06759191,-999.0,0.106931545,0.031255126,558091.0,11.550000190734863,6445951.156447411,0.004,-1.0,-31.993729866516524,-10.0,中信心,0.0
2611,2026-08-11,-0.046150666,-999.0,0.08509558,0.031227406,218672.0,14.050000190734863,3072341.641708374,0.004,-1.0,-32.02212718250912,-10.0,中信心,0.0
5455,2026-08-11,0.14566511,-999.0,0.219086,0.031210097,5120.0,28.5,145920.0,0.004,-1.0,-32.039886538400715,-10.0,中信心,0.0
8410,2026-08-11,0.0019104643,-999.0,0.09093742,0.03115782,7000.0,31.899999618530273,223299.9973297119,0.004,-1.0,-32.09364175505599,-10.0,中信心,0.0
4907,2026-08-11,0.17536096,-999.0,0.26304105,0.031127714,100755.0,44.95000076293945,4528937.326869965,0.004,-1.0,-32.124680912352076,-10.0,中信心,0.0
6910,2026-08-11,-0.06597571,-999.0,-0.008746745,0.031082725,9006.0,25.100000381469727,226050.60343551636,0.004,-1.0,-32.17117598880342,-10.0,中信心,0.0
4419,2026-08-11,-0.04348548,-999.0,-0.013931112,0.031068252,9980.0,46.599998474121094,465067.9847717285,0.004,-1.0,-32.186162042155665,-10.0,中信心,0.0
4568,2026-08-11,0.07983729,-999.0,0.23866826,0.030997705,15000.0,40.25,603750.0,0.004,-1.0,-32.25941217390405,-10.0,中信心,0.0
6792,2026-08-11,0.016391832,-999.0,0.0786839,0.030896885,40268.0,58.099998474121094,2339570.738555908,0.004,-1.0,-32.36467421131775,-10.0,中信心,0.0
6496,2026-08-11,-0.07856223,-999.0,0.048356734,0.030886827,2475.0,24.950000762939453,61751.25188827515,0.004,-1.0,-32.37521341420761,-10.0,中信心,0.0
3687,2026-08-11,-0.13842115,-999.0,-0.18272655,0.03086994,21567.0,65.69999694824219,1416951.8341827393,0.004,-1.0,-32.39292300878922,-10.0,中信心,0.0
2751,2026-08-11,0.032564323,-999.0,0.22808622,0.03081283,9250.0,54.0,499500.0,0.004,-1.0,-32.45296027352636,-10.0,中信心,0.0
4584,2026-08-11,0.022306085,-999.0,0.23497432,0.030810636,5000.0,39.95000076293945,199750.00381469727,0.004,-1.0,-32.455271353524644,-10.0,中信心,0.0
8083,2026-08-11,0.02879838,-999.0,0.14506727,0.03080708,60504.0,159.5,9650388.0,0.004,-1.0,-32.459017257718,-10.0,中信心,0.0
1225,2026-08-11,-0.10318578,-999.0,-0.15118857,0.030805219,129124.0,24.600000381469727,3176450.449256897,0.004,-1.0,-32.460977873884836,-10.0,中信心,0.0
5244,2026-08-11,-0.004377469,-999.0,0.08379243,0.030752791,82090.0,33.25,2729492.5,0.004,-1.0,-32.51631609243299,-10.0,中信心,0.0
2712,2026-08-11,0.01147114,-999.0,0.2220959,0.030744297,7000.0,14.5,101500.0,0.004,-1.0,-32.525299013901154,-10.0,中信心,0.0
6952,2026-08-11,0.00727966,-999.0,-0.065486215,0.030726783,35599.0,39.29999923706055,1399040.6728401184,0.004,-1.0,-32.54383802777414,-10.0,中信心,0.0
1568,2026-08-11,0.034841347,-999.0,0.109429374,0.03072123,206438.0,28.5,5883483.0,0.004,-1.0,-32.549719798965334,-10.0,中信心,0.0
3224,2026-08-11,0.02832359,-999.0,0.14607769,0.030708347,24687.0,36.54999923706055,902309.8311653137,0.004,-1.0,-32.56337583259007,-10.0,中信心,0.0
6666,2026-08-11,0.056842264,-999.0,0.072439894,0.030678898,29097.0,42.20000076293945,1227893.4221992493,0.004,-1.0,-32.59463212788182,-10.0,中信心,0.0
1475,2026-08-11,0.09350987,-999.0,0.23908803,0.030644016,40045.0,27.149999618530273,1087221.7347240448,0.004,-1.0,-32.63173303766048,-10.0,中信心,0.0
3530,2026-08-11,0.04254983,-999.0,0.043615144,0.030606518,91530.0,55.5,5079915.0,0.004,-1.0,-32.67171177522105,-10.0,中信心,0.0
2419,2026-08-11,-0.033101495,-999.0,-0.11792763,0.030604763,293727.0,24.649999618530273,7240370.437952042,0.004,-1.0,-32.67358482665812,-10.0,中信心,0.0
1535,2026-08-11,0.002005614,-999.0,-0.01258284,0.030554201,55050.0,46.04999923706055,2535052.458000183,0.004,-1.0,-32.7276517433128,-10.0,中信心,0.0
8463,2026-08-11,0.024979072,-999.0,0.1464329,0.030520674,49042.0,20.799999237060547,1020073.5625839233,0.004,-1.0,-32.76360259020411,-10.0,中信心,0.0
2913,2026-08-11,-0.12484214,-999.0,-0.17268181,0.030515833,892227.0,11.0,9814497.0,0.004,-1.0,-32.768800019531724,-10.0,中信心,0.0
9962,2026-08-11,0.14698549,-999.0,0.21422057,0.030386837,211489.0,10.350000381469727,2188911.230676651,0.004,-1.0,-32.90790277464999,-10.0,中信心,0.0
4549,2026-08-11,-0.06819231,-999.0,-0.13001314,0.030366385,72863.0,92.69999694824219,6754399.8776397705,0.004,-1.0,-32.93006560731079,-10.0,中信心,0.0
6671,2026-08-11,-0.035997488,-999.0,-0.12850137,0.030363126,3026.0,22.649999618530273,68538.89884567261,0.004,-1.0,-32.933600693330035,-10.0,中信心,0.0
4728,2026-08-11,0.06855608,-999.0,0.06352482,0.030285899,4042.0,387.5,1566275.0,0.004,-1.0,-33.017576523717025,-10.0,中信心,0.0
3646,2026-08-11,-0.0049038148,-999.0,0.044994406,0.030255161,19665.0,23.299999237060547,458194.48499679565,0.004,-1.0,-33.05111922792244,-10.0,中信心,0.0
8201,2026-08-11,-0.11839965,-999.0,0.0076539,0.030250542,34950.0,12.0,419400.0,0.004,-1.0,-33.05616607864469,-10.0,中信心,0.0
4166,2026-08-11,-0.023149725,-999.0,0.043177884,0.03022511,173051.0,24.5,4239749.5,0.004,-1.0,-33.083979873941296,-10.0,中信心,0.0
1762,2026-08-11,-0.082805686,-999.0,-0.008468856,0.03022184,219135.0,36.099998474121094,7910773.165626526,0.004,-1.0,-33.08755828076878,-10.0,中信心,0.0
6470,2026-08-11,0.03660498,-999.0,-0.021699449,0.03021109,35789.0,42.29999923706055,1513874.67269516,0.004,-1.0,-33.09933272470171,-10.0,中信心,0.0
9905,2026-08-11,0.05102205,-999.0,0.22086932,0.030194448,237070.0,21.549999237060547,5108858.319129944,0.004,-1.0,-33.11757394242868,-10.0,中信心,0.0
3095,2026-08-11,0.0037102634,-999.0,0.07739952,0.030169804,1002.0,38.0,38076.0,0.004,-1.0,-33.14462563404338,-10.0,中信心,0.0
6160,2026-08-11,0.10717354,-999.0,0.35125962,0.030116538,28227.0,14.149999618530273,399412.039232254,0.004,-1.0,-33.20324542356067,-10.0,中信心,0.0
9919,2026-08-11,-0.1253559,-999.0,-0.064985014,0.030114494,199400.0,13.899999618530273,2771659.9239349365,0.004,-1.0,-33.20549824769502,-10.0,中信心,0.0
1593,2026-08-11,0.10562096,-999.0,0.27790254,0.030112341,28033.0,31.600000381469727,885842.8106937408,0.004,-1.0,-33.207872566404966,-10.0,中信心,0.0
8442,2026-08-11,0.08236735,-999.0,0.135556,0.03003265,47084.0,44.04999923706055,2074050.1640777588,0.004,-1.0,-33.29598647200514,-10.0,中信心,0.0
3205,2026-08-11,-0.07240141,-999.0,-0.04664382,0.029994478,33127.0,49.79999923706055,1649724.5747261047,0.004,-1.0,-33.33835776871154,-10.0,中信心,0.0
4933,2026-08-11,0.06728241,-999.0,0.04478992,0.029973378,51330.0,55.400001525878906,2843682.0783233643,0.004,-1.0,-33.361825838975136,-10.0,中信心,0.0
6720,2026-08-11,-0.10250925,-999.0,-0.17989063,0.029955082,15311.0,140.5,2151195.5,0.004,-1.0,-33.382202783899494,-10.0,中信心,0.0
1436,2026-08-11,-0.061439913,-999.0,-0.13666274,0.029951395,149022.0,37.25,5551069.5,0.004,-1.0,-33.386311057381675,-10.0,中信心,0.0
7705,2026-08-11,0.048185352,-999.0,0.098488286,0.029942727,13034.0,30.799999237060547,401447.19005584717,0.004,-1.0,-33.3959764407826,-10.0,中信心,0.0
2453,2026-08-11,0.054952264,-999.0,0.09141584,0.029891374,165478.0,52.20000076293945,8637951.726249695,0.004,-1.0,-33.453348525760845,-10.0,中信心,0.0
1570,2026-08-11,0.050750177,-999.0,0.23296936,0.029851697,27004.0,33.70000076293945,910034.820602417,0.004,-1.0,-33.497810232641136,-10.0,中信心,0.0
6294,2026-08-11,0.0014131949,-999.0,-0.0155692445,0.029838191,66254.0,27.0,1788858.0,0.004,-1.0,-33.51297226418767,-10.0,中信心,0.0
8488,2026-08-11,0.05157711,-999.0,0.1676143,0.029796854,299050.0,10.149999618530273,3035357.3859214783,0.004,-1.0,-33.55946382210683,-10.0,中信心,0.0
4413,2026-08-11,0.005294293,-999.0,0.12344178,0.029734598,13320.0,15.5,206460.0,0.004,-1.0,-33.62972474999965,-10.0,中信心,0.0
2477,2026-08-11,0.009805635,-999.0,0.07657015,0.029704796,151659.0,21.950000762939453,3328915.1657066345,0.004,-1.0,-33.66346375115703,-10.0,中信心,0.0
8059,2026-08-11,0.1462643,-999.0,0.09560066,0.029693766,211578.0,14.850000381469727,3141933.380710602,0.004,-1.0,-33.67596857057119,-10.0,中信心,0.0
6846,2026-08-11,0.019200759,-999.0,0.02135222,0.029675847,34110.0,59.599998474121094,2032955.9479522705,0.004,-1.0,-33.696301854884524,-10.0,中信心,0.0
4155,2026-08-11,-0.032919608,-999.0,0.047631383,0.029633159,331043.0,14.649999618530273,4849779.823717117,0.004,-1.0,-33.74484148619102,-10.0,中信心,0.0
6697,2026-08-11,0.034968507,-999.0,0.12238644,0.029590229,34062.0,41.099998474121094,1399948.1480255127,0.004,-1.0,-33.79379769328626,-10.0,中信心,0.0
4714,2026-08-11,0.00906304,-999.0,0.036245104,0.029560404,511394.0,10.5,5369637.0,0.004,-1.0,-33.82789245411249,-10.0,中信心,0.0
6431,2026-08-11,0.0057042097,-999.0,-0.13377184,0.029518325,191695.0,19.0,3642205.0,0.004,-1.0,-33.87611321935981,-10.0,中信心,0.0
3311,2026-08-11,-0.013350036,-999.0,-0.028031252,0.029496817,87800.0,32.349998474121094,2840329.866027832,0.004,-1.0,-33.900813562575614,-10.0,中信心,0.0
1720,2026-08-11,0.009942251,-999.0,0.022913419,0.029429311,129150.0,56.400001525878906,7284060.197067261,0.004,-1.0,-33.978573794714244,-10.0,中信心,0.0
6953,2026-08-11,-0.06652415,-999.0,-0.13905732,0.029367687,7974.0,220.5,1758267.0,0.004,-1.0,-34.049870382770706,-10.0,中信心,0.0
4420,2026-08-11,-0.020719836,-999.0,-0.044741347,0.029336916,6979.0,35.29999923706055,246358.69467544556,0.004,-1.0,-34.085583385193544,-10.0,中信心,0.0
1725,2026-08-11,0.064354874,-999.0,0.2134568,0.0293026,47617.0,30.600000381469727,1457080.218164444,0.004,-1.0,-34.12549876047617,-10.0,中信心,0.0
2726,2026-08-11,0.017348325,-999.0,0.17304936,0.02925219,20020.0,8.84000015258789,176976.80305480957,0.004,-1.0,-34.1843056055302,-10.0,中信心,0.0
4120,2026-08-11,0.056956828,-999.0,0.13013516,0.029230485,29435.0,49.29999923706055,1451145.4775428772,0.004,-1.0,-34.20968865266421,-10.0,中信心,0.0
1325,2026-08-11,-0.13153191,-999.0,-0.11771461,0.029208802,301115.0,26.299999237060547,7919324.270267487,0.004,-1.0,-34.235083226240604,-10.0,中信心,0.0
1541,2026-08-11,0.08177001,-999.0,0.18308152,0.029208489,26135.0,21.5,561902.5,0.004,-1.0,-34.235449990355015,-10.0,中信心,0.0
2732,2026-08-11,-0.007234178,-999.0,0.005107408,0.029093958,15506.0,63.900001525878906,990833.4236602783,0.004,-1.0,-34.370215509534205,-10.0,中信心,0.0
6026,2026-08-11,0.07844375,-999.0,0.1362153,0.029041953,716103.0,13.949999809265137,9989636.713414192,0.004,-1.0,-34.43175969293082,-10.0,中信心,0.0
3541,2026-08-11,-0.13013567,-999.0,-0.045519367,0.02901898,29954.0,21.450000762939453,642513.3228530884,0.004,-1.0,-34.459017830764,-10.0,中信心,0.0
1587,2026-08-11,0.031202203,-999.0,0.14646275,0.028940527,124277.0,24.25,3013717.25,0.004,-1.0,-34.55242702600563,-10.0,中信心,0.0
9950,2026-08-11,0.024898073,-999.0,0.20019452,0.028935984,14040.0,10.5,147420.0,0.004,-1.0,-34.55785161976579,-10.0,中信心,0.0
5493,2026-08-11,-0.029681249,-999.0,0.0055020065,0.028911697,33633.0,80.0,2690640.0,0.004,-1.0,-34.58688065095147,-10.0,中信心,0.0
1454,2026-08-11,-0.028577555,-999.0,0.0013667991,0.028881922,1121.0,12.800000190734863,14348.800213813782,0.004,-1.0,-34.62253504214163,-10.0,中信心,0.0
2530,2026-08-11,-0.021137351,-999.0,-0.08315392,0.02884877,249716.0,19.25,4807033.0,0.004,-1.0,-34.66232213856357,-10.0,中信心,0.0
6512,2026-08-11,-0.024993626,-999.0,0.024972465,0.028803619,4199.0,19.899999618530273,83560.09839820862,0.004,-1.0,-34.716654460106405,-10.0,中信心,0.0
4102,2026-08-11,-0.13836439,-999.0,-0.10146104,0.028718768,29456.0,18.850000381469727,555245.6112365723,0.004,-1.0,-34.8192228608074,-10.0,中信心,0.0
3607,2026-08-11,0.07712981,-999.0,0.17279917,0.028677147,182197.0,14.149999618530273,2578087.48049736,0.004,-1.0,-34.869756255056764,-10.0,中信心,0.0
1527,2026-08-11,-0.02668955,-999.0,0.008180522,0.02865295,140225.0,32.70000076293945,4585357.606983185,0.004,-1.0,-34.89920298876613,-10.0,中信心,0.0
1456,2026-08-11,0.008540321,-999.0,0.05925281,0.028609244,60135.0,13.800000190734863,829863.011469841,0.004,-1.0,-34.95251512889837,-10.0,中信心,0.0
6417,2026-08-11,0.06963291,-999.0,0.012009471,0.028593894,61566.0,111.0,6833826.0,0.004,-1.0,-34.97127802942814,-10.0,中信心,0.0
6527,2026-08-11,0.009905289,-999.0,0.09521624,0.028590055,18091.0,74.69999694824219,1351397.6447906494,0.004,-1.0,-34.97597361148155,-10.0,中信心,0.0
6576,2026-08-11,0.16153431,-999.0,0.06804392,0.028560095,49526.0,79.5,3937317.0,0.004,-1.0,-35.01266347981341,-10.0,中信心,0.0
6854,2026-08-11,0.018395692,-999.0,-0.1586545,0.028525516,71611.0,93.69999694824219,6709950.481460571,0.004,-1.0,-35.05510374528805,-10.0,中信心,0.0
6796,2026-08-11,0.05643606,-999.0,0.17291266,0.028465286,111026.0,60.0,6661560.0,0.004,-1.0,-35.129275212182435,-10.0,中信心,0.0
1437,2026-08-11,-0.008162386,-999.0,0.038932696,0.02843932,96796.0,30.399999618530273,2942598.3630752563,0.004,-1.0,-35.16134732694116,-10.0,中信心,0.0
2459,2026-08-11,0.082493715,-999.0,0.20108016,0.028396545,57273.0,65.80000305175781,3768563.574783325,0.004,-1.0,-35.21431138877709,-10.0,中信心,0.0
4588,2026-08-11,0.014934746,-999.0,0.115288734,0.028362866,31364.0,52.099998474121094,1634064.352142334,0.004,-1.0,-35.256123908118965,-10.0,中信心,0.0
4767,2026-08-11,0.027047405,-999.0,0.09989696,0.028353568,14000.0,26.5,371000.0,0.004,-1.0,-35.26768546246888,-10.0,中信心,0.0
2736,2026-08-11,-0.032090273,-999.0,0.03549413,0.0283521,30020.0,11.449999809265137,343728.9942741394,0.004,-1.0,-35.269511176455325,-10.0,中信心,0.0
6541,2026-08-11,-0.08340181,-999.0,-0.15210816,0.028286554,191226.0,39.20000076293945,7496059.34589386,0.004,-1.0,-35.35123589520217,-10.0,中信心,0.0
3570,2026-08-11,-0.04691274,-999.0,-0.06893524,0.028245648,60945.0,163.5,9964507.5,0.004,-1.0,-35.402429995138746,-10.0,中信心,0.0
2705,2026-08-11,-0.0076431646,-999.0,0.033334423,0.02824552,63517.0,16.100000381469727,1022623.7242298126,0.004,-1.0,-35.40259107725918,-10.0,中信心,0.0
1734,2026-08-11,0.045074876,-999.0,0.05370373,0.02822475,184327.0,31.549999237060547,5815516.709369659,0.004,-1.0,-35.42864262342163,-10.0,中信心,0.0
4535,2026-08-11,0.046179526,-999.0,0.15785986,0.028214175,10011.0,29.25,292821.75,0.004,-1.0,-35.441920260006874,-10.0,中信心,0.0
1446,2026-08-11,0.088805296,-999.0,0.14136489,0.028187282,88928.0,14.0,1244992.0,0.004,-1.0,-35.4757334223898,-10.0,中信心,0.0
8176,2026-08-11,0.078060485,-999.0,0.26181972,0.028177619,72153.0,9.880000114440918,712871.6482572556,0.004,-1.0,-35.4878992530612,-10.0,中信心,0.0
1465,2026-08-11,-0.04330587,-999.0,-0.013516557,0.028165903,152160.0,12.350000381469727,1879176.0580444336,0.004,-1.0,-35.502660463162556,-10.0,中信心,0.0
1805,2026-08-11,0.0015415044,-999.0,0.11907593,0.028161889,36199.0,9.989999771118164,361628.0017147064,0.004,-1.0,-35.507720586387315,-10.0,中信心,0.0
3287,2026-08-11,-0.01795998,-999.0,0.038343113,0.02813654,171704.0,32.25,5537454.0,0.004,-1.0,-35.539709021981466,-10.0,中信心,0.0
7642,2026-08-11,0.010917962,-999.0,0.114318006,0.028117288,12231.0,79.19999694824219,968695.1626739502,0.004,-1.0,-35.564042692147154,-10.0,中信心,0.0
4557,2026-08-11,0.017160358,-999.0,0.072348945,0.027954573,110103.0,50.0,5505150.0,0.004,-1.0,-35.77104279471932,-10.0,中信心,0.0
8426,2026-08-11,0.020230262,-999.0,0.03662703,0.027875932,72724.0,21.299999237060547,1549021.1445159912,0.004,-1.0,-35.87195297385849,-10.0,中信心,0.0
6021,2026-08-11,-0.0030014226,-999.0,-0.066523634,0.027870752,78042.0,34.900001525878906,2723665.9190826416,0.004,-1.0,-35.87861984198518,-10.0,中信心,0.0
1470,2026-08-11,0.045262408,-999.0,0.14530738,0.027815878,22000.0,23.399999618530273,514799.991607666,0.004,-1.0,-35.94939652431055,-10.0,中信心,0.0
2496,2026-08-11,-0.005557052,-999.0,-0.04120675,0.027775966,24859.0,59.20000076293945,1471652.8189659119,0.004,-1.0,-36.0010522613527,-10.0,中信心,0.0
8066,2026-08-11,-0.09964485,-999.0,-0.15450376,0.027761467,20431.0,14.600000381469727,298292.607793808,0.004,-1.0,-36.0198536571391,-10.0,中信心,0.0
8423,2026-08-11,0.026441904,-999.0,0.2353145,0.02769388,6062.0,18.0,109116.0,0.004,-1.0,-36.10775584696208,-10.0,中信心,0.0
4563,2026-08-11,-0.025416791,-999.0,0.01756365,0.02762944,124924.0,40.29999923706055,5034437.104690552,0.004,-1.0,-36.19196682212056,-10.0,中信心,0.0
1323,2026-08-11,0.043061893,-999.0,0.20191427,0.027618088,195273.0,21.549999237060547,4208133.001018524,0.004,-1.0,-36.20684352488571,-10.0,中信心,0.0
3002,2026-08-11,0.03333936,-999.0,0.09049528,0.027584499,91261.0,16.799999237060547,1533184.7303733826,0.004,-1.0,-36.25093025912751,-10.0,中信心,0.0
4119,2026-08-11,-0.17235604,-999.0,-0.13853087,0.027578942,172428.0,52.900001525878906,9121441.463104248,0.004,-1.0,-36.2582333915428,-10.0,中信心,0.0
2923,2026-08-11,-0.075776495,-999.0,-0.20360065,0.02750662,221324.0,26.0,5754424.0,0.004,-1.0,-36.353563211261395,-10.0,中信心,0.0
4109,2026-08-11,-0.079712,-999.0,-0.038063344,0.027471073,35093.0,11.300000190734863,396550.90669345856,0.004,-1.0,-36.40060188662832,-10.0,中信心,0.0
6965,2026-08-11,0.023053491,-999.0,0.02200244,0.027449878,45163.0,75.9000015258789,3427871.768913269,0.004,-1.0,-36.42870707792013,-10.0,中信心,0.0
6722,2026-08-11,0.12117389,-999.0,0.21554776,0.027420875,25122.0,33.04999923706055,830282.0808334351,0.004,-1.0,-36.46723656631871,-10.0,中信心,0.0
1459,2026-08-11,0.056445956,-999.0,0.11944065,0.027393635,438411.0,13.699999809265137,6006230.616379738,0.004,-1.0,-36.50349705314671,-10.0,中信心,0.0
2743,2026-08-11,-0.06415215,-999.0,-0.18573792,0.027361738,57628.0,56.79999923706055,3273270.356033325,0.004,-1.0,-36.54605058672217,-10.0,中信心,0.0
8171,2026-08-11,-0.07711281,-999.0,-0.0152054485,0.027352335,65522.0,20.5,1343201.0,0.004,-1.0,-36.55861318973307,-10.0,中信心,0.0
1512,2026-08-11,-0.014336959,-999.0,0.16987441,0.02726861,72448.0,6.559999942779541,475258.8758544922,0.004,-1.0,-36.67085661929114,-10.0,中信心,0.0
1525,2026-08-11,0.055769507,-999.0,0.078451924,0.02724493,10009.0,67.5,675607.5,0.004,-1.0,-36.70273026639395,-10.0,中信心,0.0
3684,2026-08-11,-0.104230195,-999.0,-0.096675,0.027174566,5090.0,52.900001525878906,269261.00776672363,0.004,-1.0,-36.79776139049749,-10.0,中信心,0.0
4111,2026-08-11,-0.018345842,-999.0,0.03104196,0.027159804,60815.0,29.850000381469727,1815327.7731990814,0.004,-1.0,-36.817760385070585,-10.0,中信心,0.0
3158,2026-08-11,-0.057737853,-999.0,-0.09269468,0.027121875,22981.0,84.0,1930404.0,0.004,-1.0,-36.86924690294251,-10.0,中信心,0.0
1584,2026-08-11,-0.09859388,-999.0,-0.071808726,0.027065592,298974.0,17.899999618530273,5351634.48595047,0.004,-1.0,-36.9459145541758,-10.0,中信心,0.0
2534,2026-08-11,-0.03296451,-999.0,-0.08313023,0.027062997,211143.0,17.049999237060547,3599987.988910675,0.004,-1.0,-36.94945661259393,-10.0,中信心,0.0
5016,2026-08-11,0.08822231,-999.0,0.31824028,0.027062228,1000.0,24.149999618530273,24149.999618530273,0.004,-1.0,-36.95050690115118,-10.0,中信心,0.0
2642,2026-08-11,-0.1271801,-999.0,-0.17442012,0.027019959,20289.0,20.450000762939453,414910.06547927856,0.004,-1.0,-37.00830874308521,-10.0,中信心,0.0
6508,2026-08-11,-0.028827457,-999.0,0.07573163,0.026992142,21859.0,26.25,573798.75,0.004,-1.0,-37.04644622940383,-10.0,中信心,0.0
1463,2026-08-11,0.027202666,-999.0,0.07405056,0.026971685,43553.0,17.850000381469727,777421.066614151,0.004,-1.0,-37.07454410480048,-10.0,中信心,0.0
3058,2026-08-11,-0.12324909,-999.0,-0.021495998,0.026932452,293799.0,8.239999771118164,2420903.6927547455,0.004,-1.0,-37.12854912731425,-10.0,中信心,0.0
5014,2026-08-11,-0.094140165,-999.0,-0.0067055845,0.026889252,630294.0,11.25,7090807.5,0.004,-1.0,-37.18819771477954,-10.0,中信心,0.0
1219,2026-08-11,-0.06429892,-999.0,-0.12638481,0.026879948,338995.0,10.850000381469727,3678095.87931633,0.004,-1.0,-37.20106912615851,-10.0,中信心,0.0
1324,2026-08-11,-0.110401325,-999.0,-0.046011224,0.026871061,34338.0,10.0,343380.0,0.004,-1.0,-37.21337164344096,-10.0,中信心,0.0
1583,2026-08-11,0.0054543996,-999.0,0.026964895,0.02679421,32612.0,49.54999923706055,1615924.5751190186,0.004,-1.0,-37.320102666776684,-10.0,中信心,0.0
6118,2026-08-11,0.023016937,-999.0,0.020418655,0.026727729,69000.0,15.699999809265137,1083299.9868392944,0.004,-1.0,-37.41292779025214,-10.0,中信心,0.0
2947,2026-08-11,-0.08251206,-999.0,-0.058281343,0.026712887,10627.0,62.79999923706055,667375.5918922424,0.004,-1.0,-37.43371346171559,-10.0,中信心,0.0
6136,2026-08-11,0.06275248,-999.0,0.1411422,0.026696106,268887.0,25.049999237060547,6735619.144855499,0.004,-1.0,-37.45724256779856,-10.0,中信心,0.0
4527,2026-08-11,0.04012412,-999.0,0.1569517,0.026650308,21647.0,41.0,887527.0,0.004,-1.0,-37.52161065540086,-10.0,中信心,0.0
6703,2026-08-11,0.024615483,-999.0,0.12772794,0.026634078,43796.0,107.5,4708070.0,0.004,-1.0,-37.54447324012373,-10.0,中信心,0.0
1733,2026-08-11,0.027938593,-999.0,0.0893607,0.026587298,173474.0,30.850000381469727,5351672.966175079,0.004,-1.0,-37.61053023002442,-10.0,中信心,0.0
6242,2026-08-11,-0.027857443,-999.0,-0.051067613,0.026581807,1000.0,34.29999923706055,34299.99923706055,0.004,-1.0,-37.61829924963928,-10.0,中信心,0.0
6216,2026-08-11,-0.020476941,-999.0,-0.006753691,0.026550375,233330.0,22.5,5249925.0,0.004,-1.0,-37.662832669258144,-10.0,中信心,0.0
6885,2026-08-11,-0.0018693408,-999.0,0.085237235,0.026539506,235511.0,20.600000381469727,4851526.689840317,0.004,-1.0,-37.67825587876503,-10.0,中信心,0.0
7732,2026-08-11,0.07304096,-999.0,0.15042232,0.026518453,68000.0,34.70000076293945,2359600.051879883,0.004,-1.0,-37.70816819751582,-10.0,中信心,0.0
8401,2026-08-11,0.0081862,-999.0,0.067152716,0.026460856,37659.0,23.0,866157.0,0.004,-1.0,-37.79024356353782,-10.0,中信心,0.0
2908,2026-08-11,0.07209406,-999.0,0.15546013,0.026410602,111838.0,21.799999237060547,2438068.3146743774,0.004,-1.0,-37.86214821961744,-10.0,中信心,0.0
6961,2026-08-11,0.06398526,-999.0,0.11026815,0.026407529,8075.0,51.599998474121094,416669.98767852783,0.004,-1.0,-37.86655453026388,-10.0,中信心,0.0
3466,2026-08-11,-0.067648366,-999.0,-0.120145805,0.026336858,168273.0,25.850000381469727,4349857.114191055,0.004,-1.0,-37.96815933205234,-10.0,中信心,0.0
5706,2026-08-11,-0.027231596,-999.0,-0.031271443,0.026322449,105844.0,45.5,4815902.0,0.004,-1.0,-37.98894305482182,-10.0,中信心,0.0
8424,2026-08-11,0.048678562,-999.0,0.06291114,0.026266117,6001.0,69.0,414069.0,0.004,-1.0,-38.07041344553356,-10.0,中信心,0.0
6865,2026-08-11,-0.043307018,-999.0,-0.023356957,0.026264817,8001.0,25.25,202025.25,0.004,-1.0,-38.072297885174564,-10.0,中信心,0.0
1218,2026-08-11,-0.008286539,-999.0,-0.1017021,0.026257394,465951.0,15.699999809265137,7315430.6111269,0.004,-1.0,-38.08306004354856,-10.0,中信心,0.0
4935,2026-08-11,0.05457327,-999.0,0.11101756,0.02621705,35000.0,34.900001525878906,1221500.0534057617,0.004,-1.0,-38.14166035970195,-10.0,中信心,0.0
6128,2026-08-11,0.08983891,-999.0,0.30835056,0.026184674,258116.0,20.25,5226849.0,0.004,-1.0,-38.18881948044031,-10.0,中信心,0.0
2506,2026-08-11,0.068425514,-999.0,0.0801972,0.026176665,81447.0,8.569999694824219,698000.7651443481,0.004,-1.0,-38.20050381289292,-10.0,中信心,0.0
4148,2026-08-11,-0.040723227,-999.0,-0.009005447,0.026143795,166145.0,32.5,5399712.5,0.004,-1.0,-38.248530746531515,-10.0,中信心,0.0
3031,2026-08-11,-0.033461135,-999.0,0.02791554,0.026082316,310566.0,22.950000762939453,7127489.936943054,0.004,-1.0,-38.33868266319246,-10.0,中信心,0.0
8404,2026-08-11,-0.033078924,-999.0,-0.07628261,0.026064998,247367.0,16.149999618530273,3994976.955636978,0.004,-1.0,-38.364155804213155,-10.0,中信心,0.0
4581,2026-08-11,0.05333418,-999.0,0.16762066,0.025969952,74410.0,51.5,3832115.0,0.004,-1.0,-38.50455606947949,-10.0,中信心,0.0
2538,2026-08-11,-0.033239454,-999.0,-0.04668421,0.025969105,347813.0,9.130000114440918,3175532.729804039,0.004,-1.0,-38.50581261994719,-10.0,中信心,0.0
5531,2026-08-11,0.038822573,-999.0,-0.009635107,0.025962772,1300547.0,7.449999809265137,9689074.901940346,0.004,-1.0,-38.51520482461181,-10.0,中信心,0.0
6183,2026-08-11,0.031536583,-999.0,0.008169715,0.025868183,34408.0,93.5,3217148.0,0.004,-1.0,-38.65603295754763,-10.0,中信心,0.0
1341,2026-08-11,-0.04005456,-999.0,-0.0992874,0.025838204,12026.0,58.70000076293945,705926.2091751099,0.004,-1.0,-38.700882628330945,-10.0,中信心,0.0
6841,2026-08-11,-0.045316212,-999.0,-0.13960247,0.025835415,132318.0,55.599998474121094,7356880.598098755,0.004,-1.0,-38.70505939807452,-10.0,高信心,0.0
4161,2026-08-11,0.071393766,-999.0,0.1450909,0.025791923,42000.0,22.899999618530273,961799.9839782715,0.004,-1.0,-38.770324976331416,-10.0,高信心,0.0
8482,2026-08-11,0.017120508,-999.0,-0.0053758677,0.025704468,1000.0,50.099998474121094,50099.998474121094,0.004,-1.0,-38.90222903227256,-10.0,高信心,0.0
4121,2026-08-11,-0.13578159,-999.0,-0.05303838,0.025679404,14456.0,13.149999618530273,190096.39448547363,0.004,-1.0,-38.94019712104,-10.0,高信心,0.0
8432,2026-08-11,0.09670408,-999.0,0.24796511,0.025590817,22160.0,50.400001525878906,1116864.0338134766,0.004,-1.0,-39.07499063648741,-10.0,高信心,0.0
2063,2026-08-11,0.014643178,-999.0,0.099251464,0.025568806,30099.0,24.600000381469727,740435.4114818573,0.004,-1.0,-39.10862698262672,-10.0,高信心,0.0
3252,2026-08-11,-0.09778644,-999.0,-0.058729414,0.02552718,89004.0,16.049999237060547,1428514.132095337,0.004,-1.0,-39.17239773089855,-10.0,高信心,0.0
2022,2026-08-11,-0.044780683,-999.0,0.001428298,0.02552484,413415.0,7.800000190734863,3224637.0788526535,0.004,-1.0,-39.17598794111039,-10.0,高信心,0.0
6614,2026-08-11,-0.04976744,-999.0,-0.03266603,0.025452394,28200.0,36.099998474121094,1018019.9569702148,0.004,-1.0,-39.28749105299474,-10.0,高信心,0.0
5209,2026-08-11,-0.020713862,-999.0,-0.0010044815,0.025448078,17790.0,160.0,2846400.0,0.004,-1.0,-39.294153570955444,-10.0,高信心,0.0
5523,2026-08-11,-0.012564585,-999.0,-0.04586379,0.025425846,25112.0,30.350000381469727,762149.2095794678,0.004,-1.0,-39.32851129453853,-10.0,高信心,0.0
1533,2026-08-11,0.078432165,-999.0,0.10059967,0.025421849,172216.0,32.099998474121094,5528133.337219238,0.004,-1.0,-39.334694919431676,-10.0,高信心,0.0
7728,2026-08-11,-0.09440457,-999.0,-0.32707316,0.025365902,11619.0,598.0,6948162.0,0.004,-1.0,-39.42144713406926,-10.0,高信心,0.0
2616,2026-08-11,-0.11781953,-999.0,-0.08769714,0.025344202,36135.0,13.350000381469727,482402.26378440857,0.004,-1.0,-39.455198616134425,-10.0,高信心,0.0
6756,2026-08-11,0.060172778,-999.0,0.03551856,0.025327377,97650.0,99.9000015258789,9755235.149002075,0.004,-1.0,-39.481408132287015,-10.0,高信心,0.0
1726,2026-08-11,0.09428139,-999.0,0.14945449,0.025323896,24627.0,77.4000015258789,1906129.8375778198,0.004,-1.0,-39.48683543931393,-10.0,高信心,0.0
1449,2026-08-11,-0.011152595,-999.0,0.16464977,0.025285896,216956.0,12.649999618530273,2744493.317237854,0.004,-1.0,-39.546174188347955,-10.0,高信心,0.0
6482,2026-08-11,0.021953274,-999.0,0.110092245,0.025271565,19855.0,27.5,546012.5,0.004,-1.0,-39.56859944701194,-10.0,高信心,0.0
8183,2026-08-11,-0.0544752,-999.0,-0.0244529,0.025246752,111872.0,30.149999618530273,3372940.7573242188,0.004,-1.0,-39.607485593278355,-10.0,高信心,0.0
1452,2026-08-11,0.0029535582,-999.0,0.1522494,0.02524084,12174.0,11.300000190734863,137566.20232200623,0.004,-1.0,-39.61676228876126,-10.0,高信心,0.0
6918,2026-08-11,-0.029619617,-999.0,0.06213327,0.025223773,43098.0,73.80000305175781,3180632.531524658,0.004,-1.0,-39.64356751774624,-10.0,高信心,0.0
1784,2026-08-11,-0.10389773,-999.0,-0.10724973,0.025210323,66277.0,61.5,4076035.5,0.004,-1.0,-39.66471723486553,-10.0,高信心,0.0
6516,2026-08-11,-0.0011585635,-999.0,0.016574265,0.02518177,42403.0,60.599998474121094,2569621.7352981567,0.004,-1.0,-39.70968950429134,-10.0,高信心,0.0
6504,2026-08-11,0.017565103,-999.0,0.011456686,0.025150208,16047.0,38.70000076293945,621018.9122428894,0.004,-1.0,-39.759521621642435,-10.0,高信心,0.0
5603,2026-08-11,-0.1367827,-999.0,-0.15517661,0.025149034,17326.0,14.199999809265137,246029.19669532776,0.004,-1.0,-39.76137674690324,-10.0,高信心,0.0
1259,2026-08-11,0.09501663,-999.0,0.14154665,0.025144653,17230.0,61.20000076293945,1054476.0131454468,0.004,-1.0,-39.76830407771276,-10.0,高信心,0.0
5206,2026-08-11,0.009906429,-999.0,0.0004629443,0.025137344,114696.0,22.0,2523312.0,0.004,-1.0,-39.77986678468642,-10.0,高信心,0.0
6569,2026-08-11,0.027171606,-999.0,0.05509754,0.025131714,39026.0,95.0,3707470.0,0.004,-1.0,-39.78877913422367,-10.0,高信心,0.0
6616,2026-08-11,0.054380465,-999.0,0.1945892,0.025130741,11030.0,8.760000228881836,96622.80252456665,0.004,-1.0,-39.79031848876647,-10.0,高信心,0.0
6931,2026-08-11,-0.092678785,-999.0,-0.14210726,0.025055079,76584.0,39.5,3025068.0,0.004,-1.0,-39.91047437235539,-10.0,高信心,0.0
6276,2026-08-11,0.004746637,-999.0,-0.17200229,0.025050819,6077.0,19.450000762939453,118197.65463638306,0.004,-1.0,-39.91726084201953,-10.0,高信心,0.0
2029,2026-08-11,0.060099404,-999.0,0.10177844,0.025014317,402466.0,21.299999237060547,8572525.49294281,0.004,-1.0,-39.9755079599428,-10.0,高信心,0.0
7791,2026-08-11,-0.039579555,-999.0,-0.11308864,0.025011392,22964.0,59.5,1366358.0,0.004,-1.0,-39.9801817428193,-10.0,高信心,0.0
7718,2026-08-11,0.089828536,-999.0,0.23744869,0.024983924,18000.0,47.349998474121094,852299.9725341797,0.004,-1.0,-40.02413595852413,-10.0,高信心,0.0
9924,2026-08-11,-0.050133165,-999.0,-0.12069709,0.024972292,183367.0,38.5,7059629.5,0.004,-1.0,-40.04277865548322,-10.0,高信心,0.0
1236,2026-08-11,0.005192734,-999.0,0.06608798,0.024932189,147801.0,25.200000762939453,3724585.312763214,0.004,-1.0,-40.107183795730194,-10.0,高信心,0.0
5478,2026-08-11,0.05556565,-999.0,0.071340956,0.024923734,49590.0,99.5,4934205.0,0.004,-1.0,-40.120788275336636,-10.0,高信心,0.0
2107,2026-08-11,0.054711517,-999.0,0.1383618,0.024922626,213570.0,25.5,5446035.0,0.004,-1.0,-40.12257231833445,-10.0,高信心,0.0
1777,2026-08-11,0.025985567,-999.0,0.11950503,0.024898315,15178.0,74.80000305175781,1135314.44631958,0.004,-1.0,-40.161747278032045,-10.0,高信心,0.0
1417,2026-08-11,-0.03389219,-999.0,-0.0074557406,0.024893757,82228.0,8.300000190734863,682492.4156837463,0.004,-1.0,-40.16910034970484,-10.0,高信心,0.0
1268,2026-08-11,0.035200115,-999.0,0.11052973,0.024863027,23082.0,182.5,4212465.0,0.004,-1.0,-40.21874609748776,-10.0,高信心,0.0
2109,2026-08-11,0.08106198,-999.0,0.17936605,0.0248354,84944.0,14.649999618530273,1244429.5675964355,0.004,-1.0,-40.26348339174442,-10.0,高信心,0.0
1442,2026-08-11,-0.012736279,-999.0,0.016172793,0.024790222,112568.0,29.850000381469727,3360154.842941284,0.004,-1.0,-40.33685783421187,-10.0,高信心,0.0
5015,2026-08-11,0.08552742,-999.0,0.10919013,0.024773974,19224.0,22.100000381469727,424850.407333374,0.004,-1.0,-40.36331143842743,-10.0,高信心,0.0
3083,2026-08-11,0.118601784,-999.0,0.13906527,0.024760265,158361.0,24.549999237060547,3887762.4291801453,0.004,-1.0,-40.38565857578265,-10.0,高信心,0.0
2064,2026-08-11,-0.038729977,-999.0,0.21142292,0.024706932,32000.0,12.550000190734863,401600.0061035156,0.004,-1.0,-40.472832731623214,-10.0,高信心,0.0
1240,2026-08-11,-0.036598556,-999.0,0.038124677,0.024685014,22609.0,55.79999923706055,1261582.182750702,0.004,-1.0,-40.508766975047465,-10.0,高信心,0.0
9944,2026-08-11,-0.0067798644,-999.0,0.02678889,0.024651201,66891.0,17.25,1153869.75,0.004,-1.0,-40.56432820427577,-10.0,高信心,0.0
3118,2026-08-11,0.058451407,-999.0,0.2105737,0.024638139,3165.0,32.099998474121094,101596.49517059326,0.004,-1.0,-40.58583386181941,-10.0,高信心,0.0
9918,2026-08-11,0.01780849,-999.0,0.10658329,0.024583707,2245.0,42.650001525878906,95749.25342559814,0.004,-1.0,-40.67569343730429,-10.0,高信心,0.0
2702,2026-08-11,0.0777918,-999.0,0.15515351,0.024579637,38705.0,12.449999809265137,481877.2426176071,0.004,-1.0,-40.68242821708483,-10.0,高信心,0.0
3038,2026-08-11,0.09280105,-999.0,0.15497084,0.024575507,183165.0,20.5,3754882.5,0.004,-1.0,-40.68926390960052,-10.0,高信心,0.0
7765,2026-08-11,-0.097993776,-999.0,-0.1114346,0.024477314,31857.0,225.5,7183753.5,0.004,-1.0,-40.85248607580681,-10.0,高信心,0.0
5312,2026-08-11,-0.068674676,-999.0,-0.15188302,0.024460923,41179.0,88.69999694824219,3652577.174331665,0.004,-1.0,-40.879860228837586,-10.0,高信心,0.0
5903,2026-08-11,-0.041789133,-999.0,-0.14364973,0.024453832,15860.0,185.5,2942030.0,0.004,-1.0,-40.891714032231334,-10.0,高信心,0.0
5324,2026-08-11,-0.043328293,-999.0,0.12787805,0.02444837,630022.0,12.25,7717769.5,0.004,-1.0,-40.900848047211994,-10.0,高信心,0.0
1340,2026-08-11,0.014652188,-999.0,0.118331484,0.024418462,228067.0,5.21999979019165,1190509.6921496391,0.004,-1.0,-40.95094262827458,-10.0,高信心,0.0
3164,2026-08-11,-0.013661158,-999.0,0.009247956,0.02441783,16521.0,16.549999237060547,273422.5373954773,0.004,-1.0,-40.95200156219489,-10.0,高信心,0.0
2066,2026-08-11,0.13316251,-999.0,0.21740386,0.024399893,78138.0,61.599998474121094,4813300.680770874,0.004,-1.0,-40.982105673760486,-10.0,高信心,0.0
4164,2026-08-11,-0.054323453,-999.0,-0.09263752,0.024364335,297792.0,26.700000762939453,7951046.627197266,0.004,-1.0,-41.04191348700103,-10.0,高信心,0.0
1540,2026-08-11,0.122663945,-999.0,0.20658016,0.02434165,178666.0,19.649999618530273,3510786.83184433,0.004,-1.0,-41.08016084951856,-10.0,高信心,0.0
6690,2026-08-11,0.027720451,-999.0,0.053237446,0.024340218,22923.0,164.0,3759372.0,0.004,-1.0,-41.082578237129034,-10.0,高信心,0.0
3266,2026-08-11,0.074671745,-999.0,0.09750093,0.024327502,20125.0,13.850000381469727,278731.25767707825,0.004,-1.0,-41.10405171321461,-10.0,高信心,0.0
7810,2026-08-11,-0.11249469,-999.0,-0.17111428,0.024300376,21252.0,196.0,4165392.0,0.004,-1.0,-41.149932910248125,-10.0,高信心,0.0
6763,2026-08-11,-0.04577819,-999.0,-0.07725968,0.024261469,162297.0,43.0,6978771.0,0.004,-1.0,-41.21592032559347,-10.0,高信心,0.0
8433,2026-08-11,0.054421015,-999.0,0.17369166,0.024255816,20350.0,55.5,1129425.0,0.004,-1.0,-41.22552582670719,-10.0,高信心,0.0
2939,2026-08-11,9.105752e-05,-999.0,0.20044486,0.024232915,26000.0,20.450000762939453,531700.0198364258,0.004,-1.0,-41.26448424209276,-10.0,高信心,0.0
2614,2026-08-11,-0.040957194,-999.0,-0.04590494,0.024224332,417848.0,18.0,7521264.0,0.004,-1.0,-41.27910430639197,-10.0,高信心,0.0
1713,2026-08-11,-0.0044736904,-999.0,-0.014810365,0.024222149,219534.0,44.900001525878906,9857076.9349823,0.004,-1.0,-41.282824430298454,-10.0,高信心,0.0
8440,2026-08-11,-0.076178536,-999.0,-0.0068764254,0.02421548,33863.0,19.75,668794.25,0.004,-1.0,-41.29419210215978,-10.0,高信心,0.0
8048,2026-08-11,0.044705287,-999.0,0.10918927,0.024211003,77943.0,51.900001525878906,4045241.8189315796,0.004,-1.0,-41.30182910317323,-10.0,高信心,0.0
2754,2026-08-11,-0.024475764,-999.0,-0.0606978,0.024152363,104904.0,72.4000015258789,7595049.760070801,0.004,-1.0,-41.40210212845634,-10.0,高信心,0.0
4528,2026-08-11,-0.05211947,-999.0,0.023349594,0.0241109,17313.0,15.149999618530273,262291.9433956146,0.004,-1.0,-41.47329659424682,-10.0,高信心,0.0
1264,2026-08-11,-0.093489505,-999.0,-0.13677038,0.024070516,22513.0,258.0,5808354.0,0.004,-1.0,-41.5428750109202,-10.0,高信心,0.0
2007,2026-08-11,-0.01989719,-999.0,0.043081388,0.024010146,194082.0,7.139999866485596,1385745.4540872574,0.004,-1.0,-41.64732447405089,-10.0,高信心,0.0
6721,2026-08-11,-0.019616809,-999.0,-0.030436369,0.024001248,20220.0,51.900001525878906,1049418.0308532715,0.004,-1.0,-41.66276352310849,-10.0,高信心,0.0
4126,2026-08-11,0.0030079558,-999.0,0.033758778,0.023989717,84340.0,77.19999694824219,6511047.742614746,0.004,-1.0,-41.6827895953996,-10.0,高信心,0.0
3169,2026-08-11,0.04097205,-999.0,0.014296298,0.023976615,90207.0,102.0,9201114.0,0.004,-1.0,-41.705565901160924,-10.0,高信心,0.0
6185,2026-08-11,0.009309127,-999.0,0.087340675,0.02395376,82276.0,13.600000381469727,1118953.6313858032,0.004,-1.0,-41.745356170397464,-10.0,高信心,0.0
6835,2026-08-11,0.04651677,-999.0,0.10258253,0.023921235,5132.0,31.049999237060547,159348.59608459473,0.004,-1.0,-41.802114621083675,-10.0,高信心,0.0
7760,2026-08-11,0.13493559,-999.0,0.33070362,0.02391537,210046.0,32.599998474121094,6847499.279495239,0.004,-1.0,-41.81236329832919,-10.0,高信心,0.0
6550,2026-08-11,-0.11031091,-999.0,-0.27347857,0.023899488,811642.0,11.0,8928062.0,0.004,-1.0,-41.840149189372354,-10.0,高信心,0.0
4506,2026-08-11,0.061452515,-999.0,0.09329559,0.023892442,24938.0,122.0,3042436.0,0.004,-1.0,-41.85248821806944,-10.0,高信心,0.0
2937,2026-08-11,0.056231216,-999.0,0.14898287,0.023869053,4551.0,45.45000076293945,206842.95347213745,0.004,-1.0,-41.89349766608036,-10.0,高信心,0.0
5465,2026-08-11,0.061423097,-999.0,0.08424739,0.023850787,67336.0,21.549999237060547,1451090.748626709,0.004,-1.0,-41.92557865157878,-10.0,高信心,0.0
6859,2026-08-11,0.087002076,-999.0,-0.14257342,0.023839032,20800.0,99.19999694824219,2063359.9365234375,0.004,-1.0,-41.94625150988122,-10.0,高信心,0.0
8446,2026-08-11,0.07038382,-999.0,0.13563973,0.023819955,33486.0,85.5999984741211,2866401.548904419,0.004,-1.0,-41.97984451680997,-10.0,高信心,0.0
3272,2026-08-11,0.085220255,-999.0,0.12208141,0.023818867,21050.0,13.949999809265137,293647.4959850311,0.004,-1.0,-41.98176161543999,-10.0,高信心,0.0
3628,2026-08-11,-0.0025988868,-999.0,0.029902784,0.023793986,28449.0,65.4000015258789,1860564.643409729,0.004,-1.0,-42.025659820603565,-10.0,高信心,0.0
4414,2026-08-11,0.0147512555,-999.0,0.12060617,0.02375903,155139.0,8.279999732971191,1284550.8785734177,0.004,-1.0,-42.087488865104135,-10.0,高信心,0.0
8487,2026-08-11,0.03306456,-999.0,0.09043183,0.023748724,36187.0,72.0999984741211,2609082.64478302,0.004,-1.0,-42.10575241699643,-10.0,高信心,0.0
1337,2026-08-11,-0.075088024,-999.0,-0.1350396,0.023715023,337057.0,4.710000038146973,1587538.4828577042,0.004,-1.0,-42.16558534760375,-10.0,高信心,0.0
2227,2026-08-11,0.018125804,-999.0,-0.034989152,0.023696247,13230.0,49.0,648270.0,0.004,-1.0,-42.19899337882436,-10.0,高信心,0.0
2755,2026-08-11,-0.023609526,-999.0,-0.005196879,0.0236905,60626.0,103.5,6274791.0,0.004,-1.0,-42.209231861213496,-10.0,高信心,0.0
1731,2026-08-11,-0.010875632,-999.0,0.061113898,0.023689795,302245.0,21.049999237060547,6362257.019405365,0.004,-1.0,-42.21048630074034,-10.0,高信心,0.0
4440,2026-08-11,0.04938342,-999.0,0.16859014,0.02368368,170300.0,17.399999618530273,2963219.9350357056,0.004,-1.0,-42.221384477165714,-10.0,高信心,0.0
1789,2026-08-11,-0.034199618,-999.0,-0.048816804,0.023657013,365943.0,18.950000762939453,6934620.129192352,0.004,-1.0,-42.26897674009564,-10.0,高信心,0.0
1233,2026-08-11,-0.011816516,-999.0,0.09057704,0.023610726,24316.0,28.0,680848.0,0.004,-1.0,-42.35183780568202,-10.0,高信心,0.0
6115,2026-08-11,0.054597463,-999.0,0.14178382,0.023603536,110913.0,45.099998474121094,5002176.130760193,0.004,-1.0,-42.36473793950076,-10.0,高信心,0.0
8429,2026-08-11,-0.08631699,-999.0,-0.10863624,0.023601942,115088.0,6.019999980926514,692829.7578048706,0.004,-1.0,-42.36759975924367,-10.0,高信心,0.0
1441,2026-08-11,-0.14102918,-999.0,-0.18321906,0.023600267,10170.0,8.880000114440918,90309.60116386414,0.004,-1.0,-42.37060575491716,-10.0,高信心,0.0
8450,2026-08-11,-0.104963906,-999.0,0.0072972584,0.023588834,22803.0,15.100000381469727,344325.3086986542,0.004,-1.0,-42.391140853282224,-10.0,高信心,0.0
1786,2026-08-11,-0.107374065,-999.0,-0.19688646,0.023581043,105361.0,51.20000076293945,5394483.280384064,0.004,-1.0,-42.40514677406832,-10.0,高信心,0.0
2905,2026-08-11,0.048529927,-999.0,-0.01052404,0.023517022,496677.0,16.399999618530273,8145502.610532761,0.004,-1.0,-42.52058245503654,-10.0,高信心,0.0
1110,2026-08-11,0.02527524,-999.0,0.027830282,0.023501536,249095.0,16.299999237060547,4060248.309955597,0.004,-1.0,-42.54859964805353,-10.0,高信心,0.0
6486,2026-08-11,0.029644106,-999.0,0.12220238,0.023454994,24719.0,75.0,1853925.0,0.004,-1.0,-42.633025542052025,-10.0,高信心,0.0
7736,2026-08-11,-0.019779576,-999.0,-0.097964205,0.023450641,4300.0,70.0,301000.0,0.004,-1.0,-42.64093891713946,-10.0,高信心,0.0
1321,2026-08-11,0.018216014,-999.0,0.03838891,0.023424845,82354.0,31.950000762939453,2631210.3628311157,0.004,-1.0,-42.68789372054811,-10.0,高信心,0.0
1201,2026-08-11,-0.017467743,-999.0,-0.042195298,0.023419939,252382.0,12.149999618530273,3066441.2037239075,0.004,-1.0,-42.696835960429844,-10.0,高信心,0.0
7811,2026-08-11,-0.037948273,-999.0,-0.07650043,0.023310874,39037.0,71.0999984741211,2775530.640434265,0.004,-1.0,-42.8965944299162,-10.0,高信心,0.0
2832,2026-08-11,0.10036804,-999.0,0.19835167,0.023308966,85939.0,58.20000076293945,5001649.865566254,0.004,-1.0,-42.90010446329892,-10.0,高信心,0.0
1445,2026-08-11,0.0062658777,-999.0,0.06708079,0.023300145,180527.0,10.199999809265137,1841375.3655672073,0.004,-1.0,-42.916345842472566,-10.0,高信心,0.0
5520,2026-08-11,0.02628142,-999.0,0.06189902,0.023275046,9001.0,83.4000015258789,750683.413734436,0.004,-1.0,-42.96262361326198,-10.0,高信心,0.0
3052,2026-08-11,0.034387015,-999.0,0.12337888,0.023249669,406159.0,10.800000190734863,4386517.277468681,0.004,-1.0,-43.00951467834286,-10.0,高信心,0.0
1473,2026-08-11,-0.017556604,-999.0,0.093684055,0.023221485,61815.0,20.200000762939453,1248663.0471611023,0.004,-1.0,-43.06171264643199,-10.0,高信心,0.0
2514,2026-08-11,-0.08366237,-999.0,-0.07494559,0.023215828,50253.0,12.199999809265137,613086.5904150009,0.004,-1.0,-43.07220476812436,-10.0,高信心,0.0
1235,2026-08-11,0.03280798,-999.0,0.04649869,0.023201358,4435.0,36.25,160768.75,0.004,-1.0,-43.099068121811996,-10.0,高信心,0.0
6874,2026-08-11,0.11727257,-999.0,0.2109031,0.023194825,67878.0,78.19999694824219,5308059.392852783,0.004,-1.0,-43.11120547356479,-10.0,高信心,0.0
8437,2026-08-11,0.018567344,-999.0,0.11327891,0.023194233,42333.0,9.079999923706055,384383.6367702484,0.004,-1.0,-43.112306375586755,-10.0,高信心,0.0
8349,2026-08-11,0.01652472,-999.0,0.037615754,0.023193728,75470.0,39.70000076293945,2996159.0575790405,0.004,-1.0,-43.11324461005053,-10.0,高信心,0.0
6248,2026-08-11,0.019234853,-999.0,0.08570846,0.023191221,76212.0,17.950000762939453,1368005.4581451416,0.004,-1.0,-43.11790522847183,-10.0,高信心,0.0
1474,2026-08-11,-0.05717573,-999.0,-0.0018795234,0.023185194,33012.0,10.100000381469727,333421.2125930786,0.004,-1.0,-43.12911422749033,-10.0,高信心,0.0
7713,2026-08-11,-0.0192114,-999.0,0.012440693,0.0231774,30152.0,70.5999984741211,2128731.153991699,0.004,-1.0,-43.14361559229975,-10.0,高信心,0.0
8941,2026-08-11,0.0028633636,-999.0,0.053946298,0.023121562,6450.0,43.79999923706055,282509.9950790405,0.004,-1.0,-43.24780255184721,-10.0,高信心,0.0
5548,2026-08-11,0.022711191,-999.0,0.15271656,0.023095772,29055.0,20.450000762939453,594174.7721672058,0.004,-1.0,-43.29609366462943,-10.0,高信心,0.0
5457,2026-08-11,-0.047618754,-999.0,-0.14496677,0.02309499,212456.0,28.549999237060547,6065618.637908936,0.004,-1.0,-43.29756019666819,-10.0,高信心,0.0
6752,2026-08-11,-0.031743117,-999.0,-0.040924072,0.0230301,81975.0,101.5,8320462.5,0.004,-1.0,-43.41954889747676,-10.0,高信心,0.0
6212,2026-08-11,0.07627873,-999.0,0.1870217,0.023029612,2048.0,29.0,59392.0,0.004,-1.0,-43.420468947061686,-10.0,高信心,0.0
8011,2026-08-11,0.036738805,-999.0,-0.016514163,0.022998365,572066.0,16.200000762939453,9267469.636451721,0.004,-1.0,-43.47946150251585,-10.0,高信心,0.0
1906,2026-08-11,-0.023499543,-999.0,-0.03351643,0.022969851,110255.0,11.100000381469727,1223830.5420589447,0.004,-1.0,-43.53343190309869,-10.0,高信心,0.0
2926,2026-08-11,-0.045928545,-999.0,-0.035831764,0.022938693,26100.0,30.350000381469727,792135.0099563599,0.004,-1.0,-43.59256211647388,-10.0,高信心,0.0
6790,2026-08-11,0.022610085,-999.0,0.049542665,0.02288829,128077.0,38.25,4898945.25,0.004,-1.0,-43.68855476875548,-10.0,高信心,0.0
5283,2026-08-11,-0.011007949,-999.0,-0.06675357,0.02287584,71159.0,54.0,3842586.0,0.004,-1.0,-43.712330736831646,-10.0,高信心,0.0
3040,2026-08-11,-0.088595256,-999.0,-0.090505004,0.022869373,56436.0,38.0,2144568.0,0.004,-1.0,-43.72469136546522,-10.0,高信心,0.0
4930,2026-08-11,-0.080869414,-999.0,-0.14573614,0.022815673,37449.0,16.299999237060547,610418.6714286804,0.004,-1.0,-43.82759938113938,-10.0,高信心,0.0
8481,2026-08-11,0.047909457,-999.0,0.18350849,0.022812568,15000.0,40.75,611250.0,0.004,-1.0,-43.833564515047875,-10.0,高信心,0.0
5481,2026-08-11,-0.0871727,-999.0,-0.12112484,0.022808826,27226.0,19.549999237060547,532268.2792282104,0.004,-1.0,-43.84075560765812,-10.0,高信心,0.0
2035,2026-08-11,0.057749737,-999.0,0.11860344,0.022807594,19404.0,26.799999237060547,520027.18519592285,0.004,-1.0,-43.843122132617566,-10.0,高信心,0.0
1416,2026-08-11,0.04181547,-999.0,0.119505644,0.022801762,193725.0,10.949999809265137,2121288.7130498886,0.004,-1.0,-43.85433527144764,-10.0,高信心,0.0
5601,2026-08-11,-0.04455926,-999.0,-0.024481487,0.02279284,11000.0,29.5,324500.0,0.004,-1.0,-43.87150093770302,-10.0,高信心,0.0
7747,2026-08-11,0.05896245,-999.0,0.056612555,0.022792457,2320.0,116.0,269120.0,0.004,-1.0,-43.87223947025548,-10.0,高信心,0.0
2028,2026-08-11,0.040282797,-999.0,0.105238646,0.022778146,99426.0,15.550000190734863,1546074.3189640045,0.004,-1.0,-43.899801634757246,-10.0,高信心,0.0
6111,2026-08-11,0.0056302412,-999.0,0.075187854,0.022776477,128897.0,37.599998474121094,4846527.003318787,0.004,-1.0,-43.90301822004462,-10.0,高信心,0.0
6923,2026-08-11,0.033742134,-999.0,0.10349622,0.022702733,60529.0,74.9000015258789,4533622.192359924,0.004,-1.0,-44.045619590295296,-10.0,高信心,0.0
9927,2026-08-11,0.06509047,-999.0,0.082096614,0.02270258,112177.0,69.19999694824219,7762648.057662964,0.004,-1.0,-44.04591590441527,-10.0,高信心,0.0
4974,2026-08-11,0.016379762,-999.0,0.071306825,0.02270209,48809.0,69.30000305175781,3382463.848953247,0.004,-1.0,-44.04686630465166,-10.0,高信心,0.0
4430,2026-08-11,0.0027010585,-999.0,0.09340474,0.022685004,8549.0,17.399999618530273,148752.5967388153,0.004,-1.0,-44.08004035648226,-10.0,高信心,0.0
1626,2026-08-11,0.035043675,-999.0,0.02269872,0.022654047,43499.0,9.539999961853027,414980.45834064484,0.004,-1.0,-44.140273863760065,-10.0,高信心,0.0
5530,2026-08-11,-0.05338711,-999.0,-0.122914284,0.02260419,187436.0,49.650001525878906,9306197.686004639,0.004,-1.0,-44.23762851051687,-10.0,高信心,0.0
2017,2026-08-11,-0.05655856,-999.0,-0.06003759,0.022556247,406871.0,8.899999618530273,3621151.744791031,0.004,-1.0,-44.331650087156994,-10.0,高信心,0.0
2505,2026-08-11,0.03567086,-999.0,0.10366681,0.022540582,218040.0,18.149999618530273,3957425.916824341,0.004,-1.0,-44.36245752740061,-10.0,高信心,0.0
6629,2026-08-11,-0.11760749,-999.0,-0.15287879,0.02252907,27050.0,114.5,3097225.0,0.004,-1.0,-44.385127026963794,-10.0,高信心,0.0
8931,2026-08-11,-0.043068044,-999.0,-0.028587997,0.02251585,53465.0,40.400001525878906,2159986.0815811157,0.004,-1.0,-44.4111846475394,-10.0,高信心,0.0
8072,2026-08-11,-0.020918429,-999.0,-0.08529256,0.022457661,66763.0,25.950000762939453,1732499.9009361267,0.004,-1.0,-44.52625134336568,-10.0,高信心,0.0
1611,2026-08-11,0.0582714,-999.0,0.114815235,0.022446454,310635.0,11.899999618530273,3696556.3815021515,0.004,-1.0,-44.5484823528582,-10.0,高信心,0.0
4153,2026-08-11,0.018808525,-999.0,0.1821286,0.022441097,9041.0,33.0,298353.0,0.004,-1.0,-44.55911615287834,-10.0,高信心,0.0
6506,2026-08-11,0.05309782,-999.0,0.21214107,0.02241386,37443.0,17.149999618530273,642147.435716629,0.004,-1.0,-44.613262249617456,-10.0,高信心,0.0
6275,2026-08-11,-0.02056528,-999.0,-0.09788314,0.022369364,170828.0,43.79999923706055,7482266.269668579,0.004,-1.0,-44.70199845162339,-10.0,高信心,0.0
2062,2026-08-11,0.06821899,-999.0,0.12530658,0.02236037,126639.0,18.75,2374481.25,0.004,-1.0,-44.719979535481755,-10.0,高信心,0.0
2450,2026-08-11,0.030377332,-999.0,0.0865063,0.022357699,237948.0,28.25,6722031.0,0.004,-1.0,-44.72532191022211,-10.0,高信心,0.0
5533,2026-08-11,0.10301437,-999.0,0.18137309,0.022357333,109999.0,13.949999809265137,1534486.0290193558,0.004,-1.0,-44.726052208436194,-10.0,高信心,0.0
8416,2026-08-11,0.01635616,-999.0,0.070648216,0.022310223,3000.0,169.0,507000.0,0.004,-1.0,-44.82049101174821,-10.0,高信心,0.0
6184,2026-08-11,-0.02291293,-999.0,-0.03622813,0.022212306,31183.0,42.150001525878906,1314363.497581482,0.004,-1.0,-45.01806203387346,-10.0,高信心,0.0
8489,2026-08-11,-0.086547695,-999.0,-0.056500204,0.022212284,30899.0,22.950000762939453,709132.0735740662,0.004,-1.0,-45.01810733253807,-10.0,高信心,0.0
2906,2026-08-11,0.020396058,-999.0,0.13703166,0.022204664,99313.0,13.449999809265137,1335759.8310575485,0.004,-1.0,-45.03355571726051,-10.0,高信心,0.0
8097,2026-08-11,-0.06240783,-999.0,0.05436659,0.022181896,138008.0,51.099998474121094,7052208.589416504,0.004,-1.0,-45.079775289201294,-10.0,高信心,0.0
9946,2026-08-11,-0.0063593737,-999.0,-0.04894049,0.022108393,146597.0,18.149999618530273,2660735.4940776825,0.004,-1.0,-45.22964509359396,-10.0,高信心,0.0
4173,2026-08-11,-0.040430434,-999.0,-0.012752126,0.022095194,26027.0,17.75,461979.25,0.004,-1.0,-45.25666208427619,-10.0,高信心,0.0
8099,2026-08-11,0.003639876,-999.0,0.102925465,0.022064105,42898.0,57.400001525878906,2462345.2654571533,0.004,-1.0,-45.32042805939805,-10.0,高信心,0.0
3056,2026-08-11,-0.021500994,-999.0,-0.040248323,0.022050096,571604.0,14.100000381469727,8059616.618049622,0.004,-1.0,-45.34921990723221,-10.0,高信心,0.0
6844,2026-08-11,0.03280934,-999.0,0.05317015,0.02204696,13136.0,60.70000076293945,797355.2100219727,0.004,-1.0,-45.35566776765793,-10.0,高信心,0.0
8284,2026-08-11,0.04395987,-999.0,0.10066438,0.022017216,27602.0,62.79999923706055,1733405.5789413452,0.004,-1.0,-45.416939092830184,-10.0,高信心,0.0
8435,2026-08-11,0.050020825,-999.0,0.17829533,0.021991823,19358.0,53.599998474121094,1037588.7704620361,0.004,-1.0,-45.469378580568794,-10.0,高信心,0.0
2722,2026-08-11,-0.044943962,-999.0,-0.045226034,0.02197119,24142.0,22.0,531124.0,0.004,-1.0,-45.512075637724934,-10.0,高信心,0.0
1776,2026-08-11,0.056922927,-999.0,0.14966512,0.021946954,46211.0,17.049999237060547,787897.5147438049,0.004,-1.0,-45.56233382086286,-10.0,高信心,0.0
2020,2026-08-11,0.04701248,-999.0,0.058995984,0.021913327,467407.0,21.200000762939453,9909028.756603241,0.004,-1.0,-45.63224672157169,-10.0,高信心,0.0
1419,2026-08-11,-0.032548957,-999.0,-0.06471069,0.021869252,63331.0,65.4000015258789,4141847.496635437,0.004,-1.0,-45.72421075259366,-10.0,高信心,0.0
1315,2026-08-11,0.049121745,-999.0,0.127291,0.021864327,16240.0,64.4000015258789,1045856.0247802734,0.004,-1.0,-45.73450943865238,-10.0,高信心,0.0
4999,2026-08-11,-0.06968895,-999.0,-0.024974247,0.02180649,49770.0,18.950000762939453,943141.5379714966,0.004,-1.0,-45.85580476343691,-10.0,高信心,0.0
1598,2026-08-11,-0.02952648,-999.0,-0.037302192,0.021796918,363141.0,20.600000381469727,7480704.738527298,0.004,-1.0,-45.87594145198343,-10.0,高信心,0.0
3232,2026-08-11,0.041359913,-999.0,0.17276634,0.021778964,20053.0,19.700000762939453,395044.11529922485,0.004,-1.0,-45.913758701872716,-10.0,高信心,0.0
9960,2026-08-11,0.034690924,-999.0,0.15722348,0.021721944,43621.0,31.149999618530273,1358794.133359909,0.004,-1.0,-46.034275056362674,-10.0,高信心,0.0
1451,2026-08-11,0.0596616,-999.0,0.13291757,0.021708952,150599.0,17.5,2635482.5,0.004,-1.0,-46.06182348125451,-10.0,高信心,0.0
6117,2026-08-11,-0.055044334,-999.0,-0.11616931,0.021701729,142318.0,66.5,9464147.0,0.004,-1.0,-46.077154277314186,-10.0,高信心,0.0
1410,2026-08-11,-0.011146682,-999.0,0.038933836,0.02169632,62101.0,25.549999237060547,1586680.502620697,0.004,-1.0,-46.088641268609436,-10.0,高信心,0.0
6728,2026-08-11,-0.0703186,-999.0,-0.18907109,0.021687752,31166.0,105.5,3288013.0,0.004,-1.0,-46.106848642140285,-10.0,高信心,0.0
9906,2026-08-11,0.0079234075,-999.0,0.11994433,0.021628639,51944.0,40.849998474121094,2121912.320739746,0.004,-1.0,-46.23285674771045,-10.0,高信心,0.0
4552,2026-08-11,0.020988448,-999.0,0.02421158,0.021616643,62146.0,17.700000762939453,1099984.2474136353,0.004,-1.0,-46.25851094151898,-10.0,高信心,0.0
5878,2026-08-11,-0.01181011,-999.0,0.118937396,0.02161208,4000.0,38.900001525878906,155600.00610351562,0.004,-1.0,-46.26827816661861,-10.0,高信心,0.0
2748,2026-08-11,-0.011219327,-999.0,0.027976636,0.021601332,34434.0,38.5,1325709.0,0.004,-1.0,-46.2912972819354,-10.0,高信心,0.0
1521,2026-08-11,0.123662084,-999.0,0.25265935,0.021569919,22685.0,25.0,567125.0,0.004,-1.0,-46.358710828156156,-10.0,高信心,0.0
3188,2026-08-11,0.0049501164,-999.0,0.034573298,0.021545725,112858.0,23.100000381469727,2607019.8430519104,0.004,-1.0,-46.41076504541482,-10.0,高信心,0.0
2432,2026-08-11,0.13141935,-999.0,0.2665922,0.021507118,25776.0,28.399999618530273,732038.3901672363,0.004,-1.0,-46.494072312461945,-10.0,高信心,0.0
5547,2026-08-11,0.055116106,-999.0,0.29112974,0.021440407,34060.0,19.799999237060547,674387.9740142822,0.004,-1.0,-46.63872928681705,-10.0,高信心,0.0
2643,2026-08-11,-0.032230876,-999.0,0.0032225621,0.02141047,12464.0,62.900001525878906,783985.6190185547,0.004,-1.0,-46.703937192545474,-10.0,高信心,0.0
2706,2026-08-11,-0.07750317,-999.0,-0.107913285,0.021384722,22202.0,12.5,277525.0,0.004,-1.0,-46.76017047439975,-10.0,高信心,0.0
6936,2026-08-11,0.035359837,-999.0,0.13161568,0.021373583,20043.0,32.04999923706055,642378.1347084045,0.004,-1.0,-46.78453790511034,-10.0,高信心,0.0
2511,2026-08-11,-0.03809659,-999.0,-0.03729446,0.021364119,1006096.0,8.25,8300292.0,0.004,-1.0,-46.805262036922976,-10.0,高信心,0.0
1614,2026-08-11,0.0018453023,-999.0,-0.0013165077,0.021362772,16052.0,30.950000762939453,496809.4122467041,0.004,-1.0,-46.80821246587061,-10.0,高信心,0.0
4108,2026-08-11,-0.050959367,-999.0,-0.08673344,0.021336945,82990.0,11.100000381469727,921189.0316581726,0.004,-1.0,-46.86486910209588,-10.0,高信心,0.0
6534,2026-08-11,0.017319676,-999.0,-0.054710906,0.021320965,70352.0,93.69999694824219,6591982.185302734,0.004,-1.0,-46.89999172719342,-10.0,高信心,0.0
1295,2026-08-11,-0.07712598,-999.0,-0.11742913,0.021264618,34384.0,46.75,1607452.0,0.004,-1.0,-47.02426124377808,-10.0,高信心,0.0
1524,2026-08-11,-0.034478705,-999.0,-0.06628747,0.021202015,246232.0,27.200000762939453,6697510.587860107,0.004,-1.0,-47.16310392732078,-10.0,高信心,0.0
6582,2026-08-11,0.025234552,-999.0,0.11876812,0.021106526,26935.0,31.649999618530273,852492.7397251129,0.004,-1.0,-47.376465460650124,-10.0,高信心,0.0
2904,2026-08-11,-0.061551236,-999.0,-0.076492816,0.021080654,26500.0,13.0,344500.0,0.004,-1.0,-47.43460751058899,-10.0,高信心,0.0
4106,2026-08-11,-0.0401624,-999.0,0.005992485,0.021038616,373942.0,24.600000381469727,9198973.342647552,0.004,-1.0,-47.52938385159901,-10.0,高信心,0.0
3168,2026-08-11,0.067397594,-999.0,0.17583396,0.021006389,22048.0,42.150001525878906,929323.2336425781,0.004,-1.0,-47.60229879513287,-10.0,高信心,0.0
6596,2026-08-11,-0.0014824899,-999.0,-0.04343577,0.020972356,43452.0,87.30000305175781,3793359.7326049805,0.004,-1.0,-47.67954060329565,-10.0,高信心,0.0
8938,2026-08-11,0.0060932497,-999.0,-0.010052298,0.020971954,94737.0,52.900001525878906,5011587.44455719,0.004,-1.0,-47.68045525623128,-10.0,高信心,0.0
1109,2026-08-11,-0.028494585,-999.0,-0.031396843,0.020959433,70328.0,13.550000190734863,952944.4134140015,0.004,-1.0,-47.70893714386868,-10.0,高信心,0.0
1464,2026-08-11,0.013315954,-999.0,0.017021716,0.020820832,424210.0,10.199999809265137,4326941.919088364,0.004,-1.0,-48.02651343151347,-10.0,高信心,0.0
2901,2026-08-11,0.045349084,-999.0,0.0491047,0.020785404,5362.0,23.75,127347.5,0.004,-1.0,-48.10836788649358,-10.0,高信心,0.0
1532,2026-08-11,-0.029300956,-999.0,-0.01022483,0.020743381,272915.0,21.850000381469727,5963192.85410881,0.004,-1.0,-48.20582389150453,-10.0,高信心,0.0
9931,2026-08-11,0.00031975022,-999.0,0.062302828,0.020695793,11184.0,33.79999923706055,378019.19146728516,0.004,-1.0,-48.31666490572925,-10.0,高信心,0.0
2524,2026-08-11,-0.06793113,-999.0,-0.08363042,0.020568686,65462.0,34.599998474121094,2264985.100112915,0.004,-1.0,-48.61522958878288,-10.0,高信心,0.0
6881,2026-08-11,-0.04754757,-999.0,-0.13241877,0.020545883,5158.0,199.0,1026442.0,0.004,-1.0,-48.669181755021114,-10.0,高信心,0.0
8927,2026-08-11,-0.0011710208,-999.0,-0.008082165,0.020534238,374521.0,19.600000381469727,7340611.742868423,0.004,-1.0,-48.696781393755806,-10.0,高信心,0.0
5538,2026-08-11,0.08004759,-999.0,0.13486487,0.020497365,230717.0,33.95000076293945,7832842.326023102,0.004,-1.0,-48.78437826670408,-10.0,高信心,0.0
6590,2026-08-11,-0.011727487,-999.0,-0.0005064607,0.020468505,2282.0,64.19999694824219,146504.39303588867,0.004,-1.0,-48.85315904789689,-10.0,高信心,0.0
4438,2026-08-11,-0.007664228,-999.0,-0.04487868,0.020443989,75691.0,61.400001525878906,4647427.5154953,0.004,-1.0,-48.911740182501966,-10.0,高信心,0.0
3552,2026-08-11,0.042659957,-999.0,0.02102559,0.020439126,55693.0,44.349998474121094,2469984.465019226,0.004,-1.0,-48.923377866134416,-10.0,高信心,0.0
2701,2026-08-11,-0.0003147678,-999.0,0.010285209,0.020413434,8003.0,10.649999618530273,85231.94694709778,0.004,-1.0,-48.9849476948546,-10.0,高信心,0.0
1414,2026-08-11,0.045335773,-999.0,0.009829651,0.020405157,232036.0,19.299999237060547,4478294.622970581,0.004,-1.0,-49.00481804891656,-10.0,高信心,0.0
2718,2026-08-11,-0.07410585,-999.0,-0.14235297,0.020366585,19380.0,44.599998474121094,864347.9704284668,0.004,-1.0,-49.0976222257746,-10.0,高信心,0.0
1234,2026-08-11,-0.025033418,-999.0,-0.04804232,0.020327106,101988.0,33.5,3416598.0,0.004,-1.0,-49.19297362760065,-10.0,高信心,0.0
1531,2026-08-11,0.04302674,-999.0,0.15273502,0.0203181,99737.0,13.050000190734863,1301567.869023323,0.004,-1.0,-49.21477707679003,-10.0,高信心,0.0
5604,2026-08-11,-0.065510765,-999.0,-0.0010640899,0.020306697,8830.0,30.600000381469727,270198.0033683777,0.004,-1.0,-49.242412001821215,-10.0,高信心,0.0
4401,2026-08-11,-0.014753184,-999.0,0.059120618,0.020304136,18028.0,13.949999809265137,251490.59656143188,0.004,-1.0,-49.24862306910674,-10.0,高信心,0.0
4737,2026-08-11,0.0040811873,-999.0,0.081162825,0.02029953,57832.0,56.5,3267508.0,0.004,-1.0,-49.259797900018754,-10.0,高信心,0.0
8403,2026-08-11,-0.102766104,-999.0,-0.12521572,0.02028893,385401.0,19.299999237060547,7438239.005962372,0.004,-1.0,-49.28553329257961,-10.0,高信心,0.0
1220,2026-08-11,0.043443628,-999.0,-0.0043071466,0.020279843,17788.0,11.149999618530273,198336.1932144165,0.004,-1.0,-49.30761361272461,-10.0,高信心,0.0
9943,2026-08-11,-0.03185866,-999.0,-0.10690282,0.020214582,57618.0,51.900001525878906,2990374.287918091,0.004,-1.0,-49.466792246090954,-10.0,高信心,0.0
1903,2026-08-11,-0.025943117,-999.0,-0.04595893,0.02020509,75564.0,47.099998474121094,3559064.2846984863,0.004,-1.0,-49.490029832056635,-10.0,高信心,0.0
1702,2026-08-11,-0.04737178,-999.0,-0.063595675,0.020095425,114361.0,33.349998474121094,3813939.1754989624,0.004,-1.0,-49.76009422768316,-10.0,高信心,0.0
2488,2026-08-11,0.06721805,-999.0,0.1626111,0.020093232,191460.0,50.29999923706055,9630437.853927612,0.004,-1.0,-49.76552318412045,-10.0,高信心,0.0
2640,2026-08-11,0.0026775051,-999.0,0.03435359,0.020042978,41245.0,148.5,6124882.5,0.004,-1.0,-49.89029506378991,-10.0,高信心,0.0
1603,2026-08-11,0.0055747884,-999.0,0.003514958,0.020030253,194057.0,29.399999618530273,5705275.725973129,0.004,-1.0,-49.921989712481555,-10.0,高信心,0.0
1103,2026-08-11,-0.005831201,-999.0,0.008786145,0.019975638,151503.0,13.199999809265137,1999839.571103096,0.004,-1.0,-50.05847265739949,-10.0,高信心,0.0
8342,2026-08-11,-0.028818285,-999.0,0.023692375,0.019945627,4783.0,88.0999984741211,421382.2927017212,0.004,-1.0,-50.133788736029665,-10.0,高信心,0.0
2752,2026-08-11,-0.048308197,-999.0,-0.02786839,0.019945314,2282.0,178.5,407337.0,0.004,-1.0,-50.13457525150823,-10.0,高信心,0.0
2704,2026-08-11,0.05201129,-999.0,0.052235704,0.019943329,41331.0,46.150001525878906,1907425.713066101,0.004,-1.0,-50.139566454635194,-10.0,高信心,0.0
6170,2026-08-11,0.020689448,-999.0,0.040225945,0.019935727,89617.0,46.599998474121094,4176152.06325531,0.004,-1.0,-50.158683616841635,-10.0,高信心,0.0
2816,2026-08-11,0.1133904,-999.0,0.23326553,0.01993455,175752.0,34.0,5975568.0,0.004,-1.0,-50.161645480811266,-10.0,高信心,0.0
2471,2026-08-11,0.0049148654,-999.0,0.09234493,0.019920584,153340.0,50.099998474121094,7682333.7660217285,0.004,-1.0,-50.196811521002786,-10.0,高信心,0.0
2373,2026-08-11,-0.0068321717,-999.0,-0.018159593,0.01982856,28944.0,53.400001525878906,1545609.644165039,0.004,-1.0,-50.42976225432593,-10.0,高信心,0.0
2038,2026-08-11,-0.037651267,-999.0,0.030100847,0.019824866,265133.0,13.0,3446729.0,0.004,-1.0,-50.43915748796192,-10.0,高信心,0.0
2729,2026-08-11,0.011218715,-999.0,0.03786443,0.019823119,4447.0,161.0,715967.0,0.004,-1.0,-50.44360284743211,-10.0,高信心,0.0
4138,2026-08-11,-0.029185852,-999.0,-0.059858475,0.019819127,12452.0,51.099998474121094,636297.1809997559,0.004,-1.0,-50.45376187052726,-10.0,高信心,0.0
5287,2026-08-11,-0.09525349,-999.0,-0.1636302,0.019748822,29343.0,147.0,4313421.0,0.004,-1.0,-50.633367489994676,-10.0,高信心,0.0
2852,2026-08-11,0.08089351,-999.0,0.17552407,0.019748181,250438.0,26.700000762939453,6686694.791069031,0.004,-1.0,-50.63501025817709,-10.0,高信心,0.0
6958,2026-08-11,0.036226176,-999.0,0.0885395,0.019728413,37976.0,17.5,664580.0,0.004,-1.0,-50.68574494993839,-10.0,高信心,0.0
5907,2026-08-11,0.08040123,-999.0,0.19305247,0.019717572,145081.0,4.960000038146973,719601.7655344009,0.004,-1.0,-50.71361023387902,-10.0,高信心,0.0
5013,2026-08-11,-0.046672963,-999.0,0.10035035,0.019712338,11101.0,26.149999618530273,290291.14576530457,0.004,-1.0,-50.727075061430426,-10.0,高信心,0.0
1423,2026-08-11,-0.017036559,-999.0,-0.0076052872,0.019694496,12124.0,36.099998474121094,437676.38150024414,0.004,-1.0,-50.77302904811537,-10.0,高信心,0.0
6914,2026-08-11,0.011655923,-999.0,0.03321534,0.019686189,64258.0,147.5,9478055.0,0.004,-1.0,-50.79445372851396,-10.0,高信心,0.0
2247,2026-08-11,-0.0020158617,-999.0,-0.023228478,0.019669138,25318.0,229.0,5797822.0,0.004,-1.0,-50.838483853479886,-10.0,高信心,0.0
3171,2026-08-11,0.123690896,-999.0,0.28450742,0.019662067,14010.0,63.5,889635.0,0.004,-1.0,-50.856764756673336,-10.0,高信心,0.0
8940,2026-08-11,-0.027117077,-999.0,-0.033481397,0.019648585,21652.0,15.300000190734863,331275.60412979126,0.004,-1.0,-50.89165821665171,-10.0,高信心,0.0
2114,2026-08-11,0.045577567,-999.0,0.07943911,0.019621817,30565.0,88.0,2689720.0,0.004,-1.0,-50.96108105234781,-10.0,高信心,0.0
2613,2026-08-11,-0.04653229,-999.0,-0.04863068,0.01955945,125888.0,20.5,2580704.0,0.004,-1.0,-51.123566422385814,-10.0,高信心,0.0
3130,2026-08-11,-0.0554242,-999.0,-0.14838308,0.019556688,44442.0,203.0,9021726.0,0.004,-1.0,-51.13078704916231,-10.0,高信心,0.0
7738,2026-08-11,0.0011611375,-999.0,0.07348832,0.019554945,8020.0,169.0,1355380.0,0.004,-1.0,-51.135345419924036,-10.0,高信心,0.0
2849,2026-08-11,0.03768332,-999.0,0.018749427,0.019533433,192335.0,14.399999618530273,2769623.92663002,0.004,-1.0,-51.191656633263946,-10.0,高信心,0.0
2608,2026-08-11,-0.032615885,-999.0,-0.056883905,0.019516716,280851.0,28.600000381469727,8032338.707136154,0.004,-1.0,-51.235503117146415,-10.0,高信心,0.0
1737,2026-08-11,0.015786847,-999.0,0.053170595,0.01944386,118587.0,31.899999618530273,3782925.2547626495,0.004,-1.0,-51.42747098007736,-10.0,高信心,0.0
5512,2026-08-11,-0.013450519,-999.0,-0.022897163,0.019432222,561294.0,7.78000020980835,4366867.437764168,0.004,-1.0,-51.458268907169966,-10.0,高信心,0.0
1457,2026-08-11,0.042164978,-999.0,0.05927299,0.019389274,50678.0,14.149999618530273,717093.6806678772,0.004,-1.0,-51.572247421103825,-10.0,高信心,0.0
1616,2026-08-11,0.027995285,-999.0,0.04062788,0.019335786,189881.0,19.600000381469727,3721667.672433853,0.004,-1.0,-51.714902038827674,-10.0,高信心,0.0
2433,2026-08-11,0.018232906,-999.0,0.051806077,0.019327728,8458.0,41.900001525878906,354390.2129058838,0.004,-1.0,-51.7364610613131,-10.0,高信心,0.0
1104,2026-08-11,-0.029818118,-999.0,-0.06667618,0.019290619,369299.0,26.649999618530273,9841818.209123611,0.004,-1.0,-51.835981643139995,-10.0,高信心,0.0
8279,2026-08-11,-0.018432213,-999.0,-0.022065882,0.019209504,3609.0,88.5999984741211,319757.394493103,0.004,-1.0,-52.054853992718904,-10.0,高信心,0.0
6464,2026-08-11,0.059777506,-999.0,0.07119236,0.019129926,13100.0,76.19999694824219,998219.9600219727,0.004,-1.0,-52.271383503468755,-10.0,高信心,0.0
6581,2026-08-11,0.050343562,-999.0,0.044450935,0.019102583,7046.0,108.0,760968.0,0.004,-1.0,-52.34620137482281,-10.0,高信心,0.0
1472,2026-08-11,0.020343969,-999.0,0.056734793,0.019099824,12021.0,89.0,1069869.0,0.004,-1.0,-52.35376131300869,-10.0,高信心,0.0
1217,2026-08-11,-0.044661127,-999.0,-0.044347174,0.01909772,244902.0,9.859999656677246,2414733.635919571,0.004,-1.0,-52.359530999370264,-10.0,高信心,0.0
9940,2026-08-11,0.013140514,-999.0,-0.005213682,0.019068932,418589.0,21.049999237060547,8811298.130641937,0.004,-1.0,-52.438570780571226,-10.0,高信心,0.0
4942,2026-08-11,0.023623101,-999.0,0.057666916,0.019030893,47315.0,34.099998474121094,1613441.4278030396,0.004,-1.0,-52.543379459309214,-10.0,高信心,0.0
2239,2026-08-11,-0.014443739,-999.0,-0.027794087,0.01895558,166492.0,19.200000762939453,3196646.5270233154,0.004,-1.0,-52.752128303585735,-10.0,高信心,0.0
7821,2026-08-11,0.04237658,-999.0,0.07501598,0.01888969,246343.0,39.70000076293945,9779817.287944794,0.004,-1.0,-52.93612869116144,-10.0,高信心,0.0
5902,2026-08-11,-0.01838412,-999.0,-0.049331237,0.018866083,11000.0,34.400001525878906,378400.01678466797,0.004,-1.0,-53.0023642566413,-10.0,高信心,0.0
8044,2026-08-11,-0.005739695,-999.0,-0.06799347,0.018847916,354592.0,26.950000762939453,9556254.670532227,0.004,-1.0,-53.053447351556684,-10.0,高信心,0.0
2013,2026-08-11,0.010660371,-999.0,0.019885229,0.0188474,172992.0,41.400001525878906,7161869.063964844,0.004,-1.0,-53.054899627024305,-10.0,高信心,0.0
2739,2026-08-11,0.055440493,-999.0,0.12498961,0.018764671,36376.0,34.29999923706055,1247696.7722473145,0.004,-1.0,-53.2887947613155,-10.0,高信心,0.0
2945,2026-08-11,0.049684446,-999.0,0.14233851,0.018761585,57163.0,40.5,2315101.5,0.004,-1.0,-53.297560648246225,-10.0,高信心,0.0
1203,2026-08-11,0.027582426,-999.0,0.025280107,0.018750066,15582.0,45.95000076293945,715992.9118881226,0.004,-1.0,-53.330300821444375,-10.0,高信心,0.0
2509,2026-08-11,0.0045874477,-999.0,0.07879947,0.01870687,113238.0,13.5,1528713.0,0.004,-1.0,-53.45344086463659,-10.0,高信心,0.0
4538,2026-08-11,0.07208672,-999.0,0.13051929,0.018698964,17000.0,17.450000762939453,296650.0129699707,0.004,-1.0,-53.47603732349536,-10.0,高信心,0.0
1615,2026-08-11,0.03756541,-999.0,0.051146485,0.01865996,154365.0,42.25,6521921.25,0.004,-1.0,-53.58780906614316,-10.0,高信心,0.0
4305,2026-08-11,0.07044304,-999.0,0.23565918,0.018614544,9344.0,43.45000076293945,405996.80712890625,0.004,-1.0,-53.718548782166835,-10.0,高信心,0.0
9908,2026-08-11,0.022846878,-999.0,0.04585445,0.018439097,93633.0,29.049999237060547,2720038.57856369,0.004,-1.0,-54.22964798213163,-10.0,高信心,0.0
5007,2026-08-11,0.04659563,-999.0,0.07285974,0.018390326,167495.0,56.400001525878906,9446718.255577087,0.004,-1.0,-54.3734582380303,-10.0,高信心,0.0
1760,2026-08-11,0.029872008,-999.0,0.08588265,0.01837808,70413.0,59.29999923706055,4175490.8462791443,0.004,-1.0,-54.40968445537809,-10.0,高信心,0.0
3679,2026-08-11,0.028315732,-999.0,0.00819913,0.0183412,80934.0,108.5,8781339.0,0.004,-1.0,-54.51908515085311,-10.0,高信心,0.0
7780,2026-08-11,-0.004428894,-999.0,-0.06290303,0.018301036,490362.0,16.799999237060547,8238081.225883484,0.004,-1.0,-54.63872846988718,-10.0,高信心,0.0
6281,2026-08-11,0.010769931,-999.0,0.010871123,0.018156853,14827.0,51.5,763590.5,0.004,-1.0,-55.07259092060326,-10.0,高信心,0.0
6612,2026-08-11,0.05990471,-999.0,0.16833869,0.018131975,22015.0,74.0999984741211,1631311.4664077759,0.004,-1.0,-55.14814761932301,-10.0,高信心,0.0
2012,2026-08-11,-0.0039144694,-999.0,0.07043635,0.01813109,35726.0,15.149999618530273,541248.8863716125,0.004,-1.0,-55.15083857649093,-10.0,高信心,0.0
9930,2026-08-11,-0.022657411,-999.0,-0.07448233,0.018110018,79845.0,62.29999923706055,4974343.439083099,0.004,-1.0,-55.215006377992445,-10.0,高信心,0.0
4116,2026-08-11,0.005991436,-999.0,0.09009698,0.018077457,2343.0,39.400001525878906,92314.20357513428,0.004,-1.0,-55.314453484401795,-10.0,高信心,0.0
8917,2026-08-11,-0.001207685,-999.0,0.0051778047,0.01798516,6000.0,53.0,318000.0,0.004,-1.0,-55.59830517988046,-10.0,高信心,0.0
6201,2026-08-11,-0.048147645,-999.0,-0.08519644,0.017973952,5528.0,45.45000076293945,251247.6042175293,0.004,-1.0,-55.63297119684932,-10.0,高信心,0.0
2008,2026-08-11,0.06341509,-999.0,0.14591043,0.017959032,16381.0,30.75,503715.75,0.004,-1.0,-55.67918671003013,-10.0,高信心,0.0
6020,2026-08-11,0.04520828,-999.0,0.0026890498,0.017936554,153000.0,21.0,3213000.0,0.004,-1.0,-55.748960945679876,-10.0,高信心,0.0
8930,2026-08-11,0.04968903,-999.0,0.1403045,0.017732907,16041.0,30.100000381469727,482834.1061191559,0.004,-1.0,-56.38915223574779,-10.0,高信心,0.0
1788,2026-08-11,0.019168956,-999.0,0.035198648,0.017654732,15390.0,130.5,2008395.0,0.004,-1.0,-56.63882946125632,-10.0,高信心,0.0
6655,2026-08-11,0.010193034,-999.0,0.030913197,0.017603552,5127.0,118.5,607549.5,0.004,-1.0,-56.803489694406274,-10.0,高信心,0.0
4439,2026-08-11,-0.009098549,-999.0,-0.00072885386,0.017571807,25077.0,102.5,2570392.5,0.004,-1.0,-56.906104504093506,-10.0,高信心,0.0
9926,2026-08-11,0.026264306,-999.0,0.045960363,0.01747364,11471.0,49.04999923706055,562652.5412483215,0.004,-1.0,-57.22578495454839,-10.0,高信心,0.0
5213,2026-08-11,-0.04765955,-999.0,-0.10568334,0.017380193,188865.0,20.899999618530273,3947278.42795372,0.004,-1.0,-57.53344970672854,-10.0,高信心,0.0
5278,2026-08-11,0.0015989548,-999.0,0.009559694,0.01716755,29853.0,24.700000762939453,737369.1227760315,0.004,-1.0,-58.246037693271184,-10.0,高信心,0.0
2641,2026-08-11,-0.0125898905,-999.0,0.011111517,0.0171299,558909.0,17.299999237060547,9669125.273586273,0.004,-1.0,-58.374048638470335,-10.0,高信心,0.0
4306,2026-08-11,0.044488594,-999.0,0.03727699,0.017089918,542331.0,14.300000190734863,7755333.403441429,0.004,-1.0,-58.510606098750635,-10.0,高信心,0.0
1453,2026-08-11,-0.0023586547,-999.0,0.039399575,0.01706068,67487.0,11.0,742357.0,0.004,-1.0,-58.61087345741011,-10.0,高信心,0.0
5356,2026-08-11,0.019723658,-999.0,0.10297426,0.01702938,238441.0,25.649999618530273,6116011.559041977,0.004,-1.0,-58.71859352982069,-10.0,高信心,0.0
4905,2026-08-11,-0.038985945,-999.0,0.007449528,0.016820526,34072.0,69.30000305175781,2361189.703979492,0.004,-1.0,-59.447638730114576,-10.0,高信心,0.0
1604,2026-08-11,-0.018452639,-999.0,-0.015236471,0.016714241,109085.0,23.25,2536226.25,0.004,-1.0,-59.82563843008752,-10.0,高信心,0.0
8367,2026-08-11,0.010165862,-999.0,0.032905955,0.016650483,23070.0,40.45000076293945,933181.5176010132,0.004,-1.0,-60.05471013167448,-10.0,高信心,0.0
4107,2026-08-11,0.029075067,-999.0,0.04301278,0.016457202,58726.0,114.5,6724127.0,0.004,-1.0,-60.759977953650605,-10.0,高信心,0.0
5609,2026-08-11,0.07780708,-999.0,0.17880033,0.016422205,87596.0,79.4000015258789,6955122.533660889,0.004,-1.0,-60.88945521002783,-10.0,高信心,0.0
5519,2026-08-11,0.06005948,-999.0,0.089616396,0.015942287,179677.0,27.75,4986036.75,0.004,-1.0,-62.722323428962504,-10.0,高信心,0.0
1294,2026-08-11,-0.023068655,-999.0,0.027730806,0.015874317,20680.0,59.099998474121094,1222187.9684448242,0.004,-1.0,-62.99086753061952,-10.0,高信心,0.0
9937,2026-08-11,0.01012648,-999.0,0.02808561,0.015588964,14023.0,55.099998474121094,772667.2786026001,0.004,-1.0,-64.14382759632744,-10.0,高信心,0.0
8908,2026-08-11,0.02666535,-999.0,-0.007961582,0.015327052,36532.0,39.900001525878906,1457626.8557434082,0.004,-1.0,-65.23986025105401,-10.0,高信心,0.0
2023,2026-08-11,-0.004599294,-999.0,-0.04494208,0.01528914,528649.0,13.850000381469727,7321788.8516635895,0.004,-1.0,-65.4016240922962,-10.0,高信心,0.0
2430,2026-08-11,-0.07133368,-999.0,-0.10888941,0.015220022,53186.0,17.100000381469727,909480.6202888489,0.004,-1.0,-65.69861047681003,-10.0,高信心,0.0
2102,2026-08-11,-0.010364882,-999.0,-0.015408443,0.014983126,234327.0,18.799999237060547,4405347.421222687,0.004,-1.0,-66.73729161568748,-10.0,高信心,0.0
4205,2026-08-11,-0.0726603,-999.0,-0.107397795,0.014420441,10656.0,70.0,745920.0,0.004,-1.0,-69.34119544162525,-10.0,高信心,0.0
6221,2026-08-11,-0.020195413,-999.0,-0.098853484,0.013995707,121781.0,20.549999237060547,2502599.4570884705,0.004,-1.0,-71.44537499542547,-10.0,高信心,0.0
