stock_id,Date,Score_5d,Score_10d,Unc_5d,Unc_10d,SQ_5d
4155,2026-08-24,0.09658792,0.09615679,0.00770703,0.010747214,12.530818
3611,2026-08-24,0.10111863,0.10125794,0.0086574955,0.011380986,11.678545
6606,2026-08-24,0.07644645,0.068933874,0.0068861498,0.010542084,11.099868
7631,2026-08-24,0.07913952,0.1105532,0.0073038223,0.010175538,10.833874
1568,2026-08-24,0.06989671,0.065098256,0.006571954,0.007926844,10.633988
6968,2026-08-24,0.19128615,0.15910977,0.018508645,0.020682085,10.334404
5547,2026-08-24,0.10182556,0.11658418,0.010309262,0.012238782,9.876137
5209,2026-08-24,0.10025323,0.10814674,0.010614892,0.010471903,9.443694
6914,2026-08-24,0.09923638,0.116752766,0.010581928,0.010169833,9.377024
3310,2026-08-24,0.08691638,0.08939903,0.009303034,0.01164491,9.341795
1777,2026-08-24,0.10520258,0.14466591,0.011385163,0.013400408,9.239511
6807,2026-08-24,0.09074187,0.06949064,0.00984997,0.009550773,9.211465
6192,2026-08-24,0.0866668,0.08626294,0.0095194345,0.012138236,9.10324
1615,2026-08-24,0.09154579,0.11831881,0.010067029,0.012920997,9.092722
1788,2026-08-24,0.088821426,0.10643135,0.009865718,0.009517622,9.002125
4506,2026-08-24,0.09113536,0.09896386,0.010224223,0.010565535,8.912799
1294,2026-08-24,0.067169175,0.062096555,0.0075501907,0.009561087,8.895177
6936,2026-08-24,0.065959565,0.09096298,0.00742555,0.010247201,8.88159
5493,2026-08-24,0.08452673,0.07640729,0.009541825,0.010522829,8.857621
6581,2026-08-24,0.074270114,0.10079053,0.008384277,0.0101860715,8.857204
5347,2026-08-24,0.10099934,0.081601575,0.011436522,0.0136384675,8.830526
3434,2026-08-24,0.101111285,0.09097028,0.011453762,0.011497411,8.827009
9905,2026-08-24,0.07178398,0.103591524,0.008161018,0.013844985,8.794882
4974,2026-08-24,0.085520044,0.09083934,0.009725331,0.00945431,8.792631
8423,2026-08-24,0.099048205,0.11017354,0.011486216,0.010831395,8.622472
4771,2026-08-24,0.07228966,0.08673762,0.008414577,0.011098218,8.589983
1264,2026-08-24,0.06656052,0.06007292,0.007754057,0.010974373,8.582854
2067,2026-08-24,0.08826229,0.07595216,0.010305057,0.010461033,8.564117
1737,2026-08-24,0.07590423,0.06045742,0.0088756,0.008585639,8.551047
1776,2026-08-24,0.07627726,0.07174402,0.008929958,0.009961581,8.540771
8424,2026-08-24,0.06515933,0.10056894,0.007631864,0.008372618,8.536682
7718,2026-08-24,0.08570016,0.09478112,0.010054506,0.009276582,8.52271
7708,2026-08-24,0.17009722,0.1894296,0.020008728,0.017706392,8.500726
4721,2026-08-24,0.06513355,0.055667378,0.0077358945,0.009864328,8.418565
6843,2026-08-24,0.07166934,0.07951065,0.008553546,0.008196017,8.377924
2488,2026-08-24,0.06495364,0.065471776,0.0077649513,0.009599957,8.3639
4572,2026-08-24,0.057855163,0.068249814,0.006988157,0.0073257308,8.277845
7547,2026-08-24,0.087459125,0.08250397,0.010636208,0.011734593,8.222
4107,2026-08-24,0.09348683,0.11545602,0.011438056,0.013296686,8.1726
3541,2026-08-24,0.06687274,0.08610261,0.008206211,0.008190889,8.1480465
6123,2026-08-24,0.07784964,0.10729101,0.009591794,0.009671791,8.115429
2752,2026-08-24,0.07336124,0.098257475,0.009125058,0.008654274,8.038656
9925,2026-08-24,0.061201055,0.082987525,0.0076245475,0.009349522,8.025792
4116,2026-08-24,0.08254153,0.0964695,0.010292386,0.009529749,8.01889
8435,2026-08-24,0.10043087,0.1272382,0.012662265,0.012274652,7.930882
4736,2026-08-24,0.07104327,0.09128295,0.00896055,0.011287876,7.9275646
2845,2026-08-24,0.072321676,0.079835765,0.009150609,0.011552718,7.902618
6498,2026-08-24,0.06989551,0.07445407,0.008956185,0.009680367,7.8032904
8349,2026-08-24,0.04940743,0.05507254,0.0063442183,0.009492962,7.7865615
1268,2026-08-24,0.07719026,0.107003175,0.009986751,0.013721214,7.7284923
6690,2026-08-24,0.07720481,0.09513532,0.010020897,0.009627875,7.7036123
2734,2026-08-24,0.062386114,0.0791186,0.008110826,0.008758895,7.6907606
7753,2026-08-24,0.07362049,0.08212679,0.009590249,0.0106290635,7.6757984
4568,2026-08-24,0.06628179,0.08233539,0.00868441,0.008954257,7.6313944
4417,2026-08-24,0.06889379,0.098338164,0.009029089,0.010185913,7.6293592
6951,2026-08-24,0.096318915,0.111602515,0.012690542,0.012240114,7.5892205
3597,2026-08-24,0.07629881,0.0850244,0.010146454,0.012081925,7.51901
6585,2026-08-24,0.09695158,0.09522807,0.012895484,0.010353712,7.517675
3356,2026-08-24,0.091789864,0.10457328,0.01222393,0.011268681,7.508416
4550,2026-08-24,0.07020065,0.089172155,0.009365147,0.010694429,7.495147
3702,2026-08-24,0.077350125,0.061409615,0.010373513,0.011123625,7.4557834
6957,2026-08-24,0.06375513,0.085866004,0.0085595045,0.01181781,7.4475904
8416,2026-08-24,0.07624169,0.09285059,0.010351466,0.011417708,7.3645916
3150,2026-08-24,0.0638951,0.0686667,0.0086763,0.009182862,7.3634768
6028,2026-08-24,0.0937997,0.106023595,0.012804566,0.011387249,7.3249164
5356,2026-08-24,0.08291266,0.09753927,0.011335314,0.0103233615,7.313899
3046,2026-08-24,0.09537937,0.08430803,0.013104327,0.010437986,7.2779083
3073,2026-08-24,0.07670959,0.057212234,0.010573666,0.008464699,7.2540913
1256,2026-08-24,0.0806603,0.096704766,0.011204329,0.011400082,7.198387
3171,2026-08-24,0.067195736,0.071327545,0.00938026,0.01230767,7.1627626
6279,2026-08-24,0.054647487,0.06620053,0.0076586227,0.0090322755,7.134488
5488,2026-08-24,0.07120269,0.06679048,0.010023928,0.010988791,7.1025634
1817,2026-08-24,0.07651003,0.110005625,0.01077365,0.01236146,7.100929
3607,2026-08-24,0.042918902,0.0437341,0.006059165,0.0070493286,7.0821342
2506,2026-08-24,0.049498055,0.063196935,0.006997251,0.008033781,7.0729184
1565,2026-08-24,0.07753908,0.08676984,0.010963818,0.012234121,7.0716248
6625,2026-08-24,0.065788545,0.08836377,0.009323814,0.010576069,7.0552125
6752,2026-08-24,0.077246174,0.09069226,0.010981258,0.010140485,7.0337243
1730,2026-08-24,0.09147988,0.10670122,0.013035675,0.011727905,7.017118
3570,2026-08-24,0.060821533,0.06745751,0.008673388,0.010522875,7.0116224
4529,2026-08-24,0.061220918,0.060788494,0.008738443,0.010148369,7.005128
3218,2026-08-24,0.08561156,0.08951542,0.012222297,0.012742534,7.0039663
2471,2026-08-24,0.07465574,0.07764325,0.010665108,0.009656355,6.999342
4161,2026-08-24,0.07590439,0.109958395,0.01085932,0.012939317,6.9891486
6183,2026-08-24,0.063371204,0.08149174,0.0090910895,0.009912099,6.9699273
4953,2026-08-24,0.07314707,0.07414379,0.010518714,0.010568048,6.953333
2732,2026-08-24,0.06705329,0.09292182,0.009650813,0.009620831,6.9472218
3118,2026-08-24,0.069009766,0.07336521,0.010006928,0.009549679,6.8955097
2364,2026-08-24,0.09917673,0.074219,0.014395126,0.014638835,6.889126
5548,2026-08-24,0.06209224,0.077501774,0.009101011,0.010169913,6.8218155
2915,2026-08-24,0.079893075,0.11317636,0.011719985,0.012108782,6.816242
5015,2026-08-24,0.06820215,0.0875841,0.010059324,0.013207705,6.7793193
2603,2026-08-24,0.081378855,0.098602965,0.012112869,0.01405903,6.717825
6561,2026-08-24,0.059575733,0.06318804,0.008872987,0.010010429,6.713525
8072,2026-08-24,0.068734474,0.06615044,0.010257729,0.00980759,6.700096
3213,2026-08-24,0.0696769,0.05149261,0.0104790805,0.008003503,6.6485076
6899,2026-08-24,0.056805983,0.053457037,0.008553037,0.010827412,6.6408386
2916,2026-08-24,0.05441862,0.055740815,0.008201022,0.00900754,6.634781
5520,2026-08-24,0.06042428,0.08012714,0.009114906,0.008949342,6.6284447
9941,2026-08-24,0.060250625,0.081969365,0.009094485,0.010456072,6.624234
8383,2026-08-24,0.058459196,0.04212491,0.008829143,0.010339271,6.6204133
2885,2026-08-24,0.06295684,0.058287907,0.009516765,0.00972907,6.614666
6803,2026-08-24,0.06894758,0.08389923,0.010429627,0.011047142,6.610109
3551,2026-08-24,0.07553526,0.07880759,0.011427485,0.010563512,6.609385
6438,2026-08-24,0.05234944,0.044283375,0.007924905,0.00868177,6.604853
6641,2026-08-24,0.06545122,0.08873711,0.009920223,0.0111935055,6.597092
5534,2026-08-24,0.076860316,0.087502815,0.011652582,0.011947379,6.5954237
4401,2026-08-24,0.058325175,0.07462082,0.008857226,0.009166706,6.5842953
4441,2026-08-24,0.062027834,0.029848063,0.009453257,0.010670969,6.560837
6154,2026-08-24,0.073238954,0.09203944,0.011169645,0.010505077,6.5563765
4754,2026-08-24,0.05932745,0.09230423,0.009057882,0.010970083,6.5490913
6229,2026-08-24,0.06492645,0.06862613,0.00996442,0.010954142,6.5151744
2008,2026-08-24,0.071778186,0.07538722,0.011022055,0.011099676,6.511642
2423,2026-08-24,0.060963012,0.05966418,0.009370229,0.0091951415,6.5053377
0061,2026-08-24,0.13453837,0.123353906,0.020745141,0.02190054,6.4849825
1752,2026-08-24,0.07454134,0.08847575,0.011505778,0.0102147125,6.4780374
6953,2026-08-24,0.071550824,0.083922386,0.01104655,0.011421336,6.4766235
5287,2026-08-24,0.08568304,0.11568245,0.013232224,0.012615775,6.4748425
5230,2026-08-24,0.067037486,0.07595176,0.010386813,0.010047346,6.453474
6728,2026-08-24,0.057302825,0.08508995,0.008884605,0.010414901,6.4489503
2929,2026-08-24,0.072094925,0.08009647,0.011195852,0.011152264,6.438856
6703,2026-08-24,0.060183406,0.08389033,0.009384491,0.012513734,6.412388
5306,2026-08-24,0.07332615,0.08511218,0.011464528,0.010105235,6.395357
2755,2026-08-24,0.053952742,0.05596745,0.008457032,0.008915327,6.378876
6903,2026-08-24,0.071669325,0.06918314,0.011273356,0.011672076,6.356844
6570,2026-08-24,0.067610614,0.052489337,0.0106376745,0.009907797,6.3551726
6259,2026-08-24,0.049975548,0.02470705,0.007883631,0.011158815,6.33835
4536,2026-08-24,0.0570794,0.080959685,0.009007434,0.008570473,6.3362174
5403,2026-08-24,0.06356663,0.08558557,0.010036956,0.0101067,6.3326273
5902,2026-08-24,0.057879265,0.080170915,0.009152628,0.011625359,6.323096
4702,2026-08-24,0.06269169,0.06771696,0.009920205,0.012719785,6.3189588
3628,2026-08-24,0.06348439,0.054453436,0.010050137,0.008511801,6.3161407
9937,2026-08-24,0.05054588,0.065815486,0.008004617,0.009265144,6.313802
1339,2026-08-24,0.05550434,0.07759724,0.008790343,0.00808735,6.3135223
2535,2026-08-24,0.06329544,0.09487197,0.010041549,0.0091831535,6.3027263
2597,2026-08-24,0.058511972,0.067256406,0.009284221,0.010156387,6.3016243
5353,2026-08-24,0.05040912,0.059161656,0.008016437,0.008850807,6.287435
3130,2026-08-24,0.0629218,0.09365949,0.010023042,0.0097886855,6.2770886
4205,2026-08-24,0.048329394,0.05399063,0.0077160057,0.008014336,6.2627134
3303,2026-08-24,0.0506653,0.054982953,0.0080977185,0.009234148,6.2559648
2433,2026-08-24,0.05097952,0.0577772,0.008159628,0.008963809,6.2470093
3052,2026-08-24,0.053281035,0.08961656,0.008534563,0.0109410165,6.2422404
1584,2026-08-24,0.04914385,0.049184833,0.007883492,0.011071401,6.232976
6913,2026-08-24,0.072704814,0.05048585,0.0116659915,0.011111124,6.2316675
8032,2026-08-24,0.05817442,0.057516,0.009341174,0.008491929,6.227075
6128,2026-08-24,0.0574462,0.06991959,0.009233116,0.009530978,6.2210827
1593,2026-08-24,0.10208668,0.14059372,0.016420074,0.01376691,6.216809
1295,2026-08-24,0.046909485,0.038048882,0.0075453077,0.008660311,6.216217
6411,2026-08-24,0.06460903,0.06220559,0.010394451,0.010094224,6.2151246
6894,2026-08-24,0.055940986,0.050254535,0.009020869,0.012149021,6.2005982
1525,2026-08-24,0.052829377,0.06545301,0.008578104,0.0076313596,6.157913
4438,2026-08-24,0.05811452,0.06971688,0.009438397,0.010174844,6.1565924
9927,2026-08-24,0.060098894,0.07092229,0.009764424,0.011221281,6.1542535
6908,2026-08-24,0.057710834,0.045983825,0.009382178,0.009201489,6.150457
6494,2026-08-24,0.076836206,0.07775172,0.012502326,0.011586875,6.1452613
4554,2026-08-24,0.060259726,0.088449076,0.009805051,0.012960748,6.1451573
8067,2026-08-24,0.059553787,0.05828724,0.009721709,0.008966215,6.125225
1472,2026-08-24,0.06468674,0.06358598,0.010584632,0.009668515,6.1108055
5508,2026-08-24,0.060737725,0.07789915,0.009962161,0.010662614,6.09623
2751,2026-08-24,0.054372225,0.0949303,0.008926,0.013471468,6.0907607
6509,2026-08-24,0.057326254,0.039330352,0.009417954,0.008055988,6.086265
8464,2026-08-24,0.049723696,0.03579839,0.008174572,0.010335362,6.0819836
4807,2026-08-24,0.0601454,0.042048223,0.009893645,0.009414672,6.078581
4728,2026-08-24,0.05893858,0.078364566,0.009702506,0.012655841,6.073947
4432,2026-08-24,0.05682504,0.058184363,0.009385754,0.008569235,6.0537477
7736,2026-08-24,0.06264928,0.061014608,0.010349257,0.009462636,6.0529203
4126,2026-08-24,0.085244864,0.11618016,0.014119069,0.01304287,6.0371423
6590,2026-08-24,0.06341148,0.071976036,0.010523767,0.010803232,6.024977
8928,2026-08-24,0.044627927,0.08400278,0.0074195354,0.007357731,6.0141115
5511,2026-08-24,0.07493721,0.11103158,0.012470112,0.010759919,6.0088634
1783,2026-08-24,0.060351934,0.082507834,0.010059973,0.012550454,5.9986176
6196,2026-08-24,0.060052086,0.049874187,0.010020199,0.006870571,5.9925046
8432,2026-08-24,0.064511314,0.08967672,0.010764701,0.009962676,5.9923
1232,2026-08-24,0.051094104,0.07697671,0.008544678,0.011625597,5.978941
4138,2026-08-24,0.048417285,0.069455385,0.008128811,0.008073648,5.955524
6263,2026-08-24,0.061353873,0.070999175,0.010304764,0.0122277755,5.9533553
2891,2026-08-24,0.051834606,0.0523264,0.0087107625,0.007946441,5.949956
8048,2026-08-24,0.052678604,0.04884886,0.008882843,0.006948594,5.929709
5609,2026-08-24,0.05428349,0.080066316,0.009166312,0.009706052,5.9214177
8403,2026-08-24,0.05559497,0.08416451,0.009476438,0.010732554,5.8660336
4729,2026-08-24,0.04558599,0.035931695,0.0077738836,0.0070656207,5.863238
3014,2026-08-24,0.057718158,0.043355115,0.009863348,0.009450977,5.851188
8462,2026-08-24,0.06185589,0.07786965,0.010574183,0.009980087,5.849155
9931,2026-08-24,0.061330866,0.094624,0.010488518,0.010949374,5.846872
1726,2026-08-24,0.052858297,0.07321405,0.009078912,0.009896357,5.8214545
4105,2026-08-24,0.066390626,0.08724143,0.011434108,0.01105807,5.805859
8941,2026-08-24,0.06159939,0.10231913,0.010609341,0.012361862,5.805599
2468,2026-08-24,0.0738761,0.06271237,0.012724174,0.01491627,5.8055077
6419,2026-08-24,0.057081334,0.0481553,0.009840672,0.008904077,5.799963
1457,2026-08-24,0.048638448,0.07084291,0.008385577,0.009238667,5.7995586
2855,2026-08-24,0.04790973,0.026901687,0.008269636,0.008742769,5.7927504
5220,2026-08-24,0.06556977,0.06443726,0.011322585,0.009013435,5.790549
8942,2026-08-24,0.050058246,0.0846727,0.008656347,0.012505938,5.782169
4930,2026-08-24,0.0509681,0.052513156,0.008837412,0.00854908,5.766658
4527,2026-08-24,0.060431473,0.08620021,0.010494802,0.011646752,5.75768
9908,2026-08-24,0.052071072,0.07572274,0.009082003,0.009098825,5.732804
2250,2026-08-24,0.063114,0.06865697,0.011046181,0.01109529,5.7131314
2753,2026-08-24,0.06291226,0.09836267,0.011017152,0.008454772,5.709874
7786,2026-08-24,0.07347557,0.07044568,0.012904703,0.013328953,5.6932635
2063,2026-08-24,0.07256346,0.08541282,0.0127748465,0.008135852,5.679738
6239,2026-08-24,0.049960025,0.033138976,0.008800186,0.0102169365,5.6765103
4535,2026-08-24,0.057800468,0.083170176,0.010193954,0.012369346,5.669517
4961,2026-08-24,0.055620167,0.058402028,0.009824999,0.012317726,5.66051
4175,2026-08-24,0.05474476,0.080816716,0.009675028,0.010222509,5.657772
4912,2026-08-24,0.052749768,0.053752597,0.009330455,0.009348464,5.6528983
5301,2026-08-24,0.04962321,0.028489193,0.008790525,0.0082139885,5.6444373
3512,2026-08-24,0.042964492,0.055038534,0.0076129837,0.008859794,5.6428404
2459,2026-08-24,0.056607127,0.08610358,0.0100976825,0.013080444,5.605397
4588,2026-08-24,0.060098764,0.07643624,0.010735149,0.0080434475,5.5977955
1512,2026-08-24,0.052673765,0.044975672,0.0094320215,0.0106901,5.583976
5007,2026-08-24,0.049726035,0.07179221,0.008927417,0.007971844,5.569412
2420,2026-08-24,0.0579526,0.060681175,0.010410546,0.008541387,5.5661855
8341,2026-08-24,0.06363236,0.08267616,0.01143245,0.010381597,5.5654554
3706,2026-08-24,0.062966086,0.035918314,0.01132789,0.010552185,5.55801
4106,2026-08-24,0.052363276,0.07663998,0.009429219,0.0074988995,5.5527105
4581,2026-08-24,0.043219402,0.04225291,0.0077930866,0.008961451,5.545153
8489,2026-08-24,0.05473516,0.08097326,0.009892551,0.009492007,5.5324078
8081,2026-08-24,0.040835954,0.028071094,0.0073864916,0.009501028,5.527716
6147,2026-08-24,0.061439514,0.033025376,0.011194745,0.0096420925,5.487756
6270,2026-08-24,0.072331384,0.058484375,0.013190422,0.011940538,5.4832134
1259,2026-08-24,0.049043607,0.07177691,0.008965705,0.011520699,5.469524
6655,2026-08-24,0.058407888,0.05869515,0.010690494,0.008445262,5.4630237
5310,2026-08-24,0.06301901,0.08370458,0.01153945,0.010380057,5.460706
1451,2026-08-24,0.056621674,0.06925666,0.010376124,0.009222795,5.4563937
3168,2026-08-24,0.061194472,0.06284885,0.011216757,0.010151144,5.4551435
6474,2026-08-24,0.062191598,0.07997432,0.011400707,0.01266574,5.4545865
3592,2026-08-24,0.039466083,0.035287958,0.007247722,0.0076819193,5.4445577
3010,2026-08-24,0.046346538,0.04863618,0.008527262,0.009246214,5.4344645
8481,2026-08-24,0.06366932,0.087882034,0.011732812,0.010881908,5.426141
1582,2026-08-24,0.04692154,0.044003896,0.008650383,0.008316205,5.4235883
3652,2026-08-24,0.043711748,0.005475451,0.008067452,0.0128435595,5.417612
3036,2026-08-24,0.08070561,0.06394166,0.014959429,0.012990797,5.394605
2546,2026-08-24,0.05689219,0.07533296,0.010549314,0.012937804,5.3924637
8176,2026-08-24,0.04806327,0.057683,0.008945142,0.007487428,5.372514
2385,2026-08-24,0.0522037,0.04968747,0.009747876,0.008491435,5.3548427
4111,2026-08-24,0.05352645,0.08036312,0.010007376,0.012741532,5.3481655
6195,2026-08-24,0.04821096,0.062090125,0.009035865,0.010184024,5.334921
6136,2026-08-24,0.04936822,0.07048289,0.009253559,0.010210465,5.334476
6670,2026-08-24,0.04856024,0.057361975,0.009104721,0.008408244,5.3329372
3499,2026-08-24,0.040187303,0.04215639,0.0075550573,0.009973577,5.318555
6691,2026-08-24,0.05169832,0.04208107,0.009720979,0.0113734435,5.317674
6902,2026-08-24,0.05655578,0.039897863,0.010650556,0.009809763,5.3096266
1735,2026-08-24,0.052183032,0.04108074,0.009845051,0.009579284,5.2998943
3019,2026-08-24,0.045097455,0.0097544575,0.00850836,0.010717371,5.299747
2114,2026-08-24,0.057997122,0.0796865,0.011022511,0.00985403,5.2612205
3546,2026-08-24,0.046139542,0.050340958,0.008778124,0.008712258,5.255597
7765,2026-08-24,0.060057387,0.06432393,0.011426726,0.010659345,5.2554097
1324,2026-08-24,0.051462404,0.058518063,0.009793864,0.009896904,5.2540193
6697,2026-08-24,0.06589794,0.08368193,0.012577844,0.013520103,5.2387915
3664,2026-08-24,0.05609142,0.039662465,0.010706914,0.008534658,5.2383146
2308,2026-08-24,0.06805553,0.061677948,0.013033807,0.010882928,5.2210617
1213,2026-08-24,0.04962813,0.048401877,0.009517311,0.008223307,5.213964
2235,2026-08-24,0.056983408,0.059535343,0.010972267,0.0100874435,5.1929297
5706,2026-08-24,0.047782563,0.0569114,0.009207106,0.009571786,5.1891847
1535,2026-08-24,0.04266378,0.048011888,0.008227644,0.009217104,5.1847887
6720,2026-08-24,0.051798303,0.030455224,0.010031497,0.008369266,5.1630516
6835,2026-08-24,0.032783914,0.026724692,0.0063504954,0.00683521,5.161606
7743,2026-08-24,0.04566449,0.06733218,0.008857883,0.012206448,5.1546555
7738,2026-08-24,0.040789317,0.058028307,0.007912701,0.008232744,5.1542654
9928,2026-08-24,0.05412964,0.07246746,0.010512839,0.010147943,5.148418
8390,2026-08-24,0.04431331,0.05955162,0.008606675,0.009857022,5.148116
1342,2026-08-24,0.060348544,0.076102704,0.011732461,0.011870542,5.1432858
2832,2026-08-24,0.051446747,0.084318824,0.010022985,0.011483941,5.1323647
6151,2026-08-24,0.053346716,0.060813006,0.010401082,0.009805694,5.128465
9962,2026-08-24,0.058883548,0.08696939,0.011490967,0.01202945,5.1238875
1731,2026-08-24,0.044493675,0.07141283,0.008699453,0.009125706,5.113949
6612,2026-08-24,0.04871648,0.068066336,0.009528084,0.011626233,5.112399
3169,2026-08-24,0.054520674,0.052914917,0.010696948,0.012575321,5.0963674
2247,2026-08-24,0.047129624,0.066995315,0.0092629045,0.01014783,5.0874467
6642,2026-08-24,0.07463308,0.043558102,0.014670371,0.011336963,5.086987
9902,2026-08-24,0.053363618,0.06845816,0.010492,0.010113523,5.0856395
1736,2026-08-24,0.051957723,0.035666306,0.010218091,0.010845586,5.084378
8446,2026-08-24,0.04419496,0.05039103,0.008692387,0.011444526,5.0837445
7713,2026-08-24,0.052505527,0.09683465,0.0103489375,0.009268213,5.073028
5223,2026-08-24,0.053314622,0.050483473,0.010516267,0.009368445,5.069247
2107,2026-08-24,0.06098148,0.09603929,0.012053132,0.01101599,5.0589685
5438,2026-08-24,0.039434027,0.029905546,0.0078065507,0.009044138,5.0507555
3025,2026-08-24,0.03717347,0.03879256,0.007359027,0.009662378,5.0507245
6776,2026-08-24,0.048962634,0.05344834,0.009698802,0.009205508,5.047797
3373,2026-08-24,0.047705684,0.06526041,0.009464495,0.011474079,5.0399566
2520,2026-08-24,0.04733301,0.0744541,0.009405815,0.008949047,5.0317783
8099,2026-08-24,0.06307517,0.06365753,0.012539624,0.0106661655,5.0296674
4555,2026-08-24,0.050542947,0.023240069,0.010092143,0.010681044,5.007652
6955,2026-08-24,0.031547565,0.03001651,0.006300775,0.005361198,5.0061398
4114,2026-08-24,0.04885138,0.06790023,0.009792513,0.010624362,4.9881363
8016,2026-08-24,0.04041593,0.031116549,0.008101736,0.009288633,4.987936
5016,2026-08-24,0.05860347,0.09697696,0.011796984,0.011715892,4.967244
6904,2026-08-24,0.044488452,0.07750141,0.008970096,0.010370711,4.959088
4153,2026-08-24,0.05528517,0.09465397,0.011154191,0.009182381,4.956004
4711,2026-08-24,0.058454428,0.08388664,0.01182265,0.015682124,4.9438562
6205,2026-08-24,0.04540368,0.03208391,0.009216736,0.008296874,4.925687
8279,2026-08-24,0.056190524,0.054856118,0.011424137,0.009504486,4.9181485
1437,2026-08-24,0.06010235,0.0861239,0.012234906,0.010013765,4.911966
5878,2026-08-24,0.04901018,0.06844958,0.009978553,0.009088653,4.9110594
7703,2026-08-24,0.04421739,0.052880593,0.009046105,0.010877412,4.8874626
2376,2026-08-24,0.047226753,0.023866473,0.009749918,0.011280314,4.843313
4767,2026-08-24,0.06149505,0.08319863,0.012704617,0.012605653,4.839989
2404,2026-08-24,0.047363963,0.04159539,0.009840033,0.009126012,4.8129053
1521,2026-08-24,0.046280272,0.06745205,0.009617607,0.009732074,4.811536
1608,2026-08-24,0.037238672,0.0412335,0.0077416035,0.010005622,4.8095803
2527,2026-08-24,0.043980267,0.037536662,0.009164905,0.009391102,4.798246
4935,2026-08-24,0.045842588,0.037273947,0.009570589,0.011160638,4.7894435
8415,2026-08-24,0.047339004,0.06804191,0.009894469,0.013196392,4.783907
1465,2026-08-24,0.04572493,0.046911325,0.009570529,0.008251527,4.777181
0055,2026-08-24,0.12877816,0.1830678,0.027103847,0.020198166,4.751112
5604,2026-08-24,0.056240544,0.077223785,0.011842212,0.011021849,4.748758
2731,2026-08-24,0.036977746,0.0559348,0.0077982545,0.00702617,4.74119
6865,2026-08-24,0.056439567,0.046267223,0.011908248,0.011600593,4.7391376
6491,2026-08-24,0.0438056,0.039803974,0.0092472285,0.010170944,4.7366476
5512,2026-08-24,0.038200542,0.05414487,0.00811546,0.00914346,4.706552
1796,2026-08-24,0.043018594,0.04498517,0.009141572,0.0077533294,4.7053056
2707,2026-08-24,0.047344428,0.06941081,0.01008728,0.010340226,4.6930127
8083,2026-08-24,0.04316102,0.050794482,0.0091987075,0.011206316,4.691564
4104,2026-08-24,0.05699517,0.08398081,0.012150163,0.011846349,4.690511
3646,2026-08-24,0.039745577,0.05348994,0.008480532,0.009421463,4.6861315
5474,2026-08-24,0.04786821,0.033761922,0.010222181,0.010817778,4.6823206
1410,2026-08-24,0.044602036,0.039225455,0.009539961,0.0073121665,4.6747947
6637,2026-08-24,0.055516366,0.07510813,0.011937901,0.011659703,4.6500397
1240,2026-08-24,0.06505809,0.10918868,0.014075216,0.014710904,4.6218452
3680,2026-08-24,0.041280612,0.033990446,0.00893387,0.009819746,4.620169
7642,2026-08-24,0.05662837,0.07720835,0.012258124,0.011629466,4.6192837
8183,2026-08-24,0.045793403,0.041769933,0.009912558,0.007883535,4.6192703
9945,2026-08-24,0.053466093,0.06476166,0.0115749305,0.011181454,4.6187296
8240,2026-08-24,0.058698513,0.058183275,0.012731704,0.011761713,4.610059
6508,2026-08-24,0.05677475,0.08301411,0.012318869,0.011172555,4.608389
6112,2026-08-24,0.040948495,0.0451955,0.008913429,0.008080583,4.593507
5546,2026-08-24,0.03692426,0.039538655,0.008039876,0.009355706,4.5920696
4745,2026-08-24,0.051486984,0.07043776,0.011214312,0.009941483,4.5907755
6177,2026-08-24,0.04625826,0.056289896,0.010120282,0.010066766,4.570395
8401,2026-08-24,0.047452968,0.077080615,0.010466398,0.013548242,4.5334063
2382,2026-08-24,0.04090474,0.037782248,0.009059136,0.009902622,4.5148044
3416,2026-08-24,0.037468426,0.009409626,0.008303968,0.0074565667,4.5115676
2413,2026-08-24,0.049327534,0.037468657,0.010965515,0.009440849,4.4980135
3672,2026-08-24,0.04982752,0.03331553,0.011079139,0.010611788,4.497012
5228,2026-08-24,0.036795158,0.007362833,0.008217238,0.008659086,4.4772563
7716,2026-08-24,0.052577328,0.078245126,0.011745613,0.010747913,4.4759564
3432,2026-08-24,0.042382814,0.04384118,0.009473932,0.0098526245,4.473152
6988,2026-08-24,0.036400326,0.03513454,0.008164468,0.009679157,4.4578366
8426,2026-08-24,0.045726284,0.03033604,0.010269243,0.008921372,4.4523077
9926,2026-08-24,0.03982539,0.06677678,0.009039292,0.0093302345,4.405321
9911,2026-08-24,0.03961126,0.060196657,0.0090132,0.009665648,4.3943176
3066,2026-08-24,0.047571912,0.06481813,0.010849948,0.012229182,4.3841248
4306,2026-08-24,0.033044856,0.049642365,0.0075476095,0.010314301,4.3776083
2109,2026-08-24,0.045479212,0.0735015,0.010399028,0.009725612,4.372989
9935,2026-08-24,0.0484358,0.06765862,0.011084577,0.012200924,4.3692627
8437,2026-08-24,0.04373276,0.054678086,0.010035277,0.009546193,4.357468
1773,2026-08-24,0.045732085,0.061193187,0.010506377,0.009570925,4.352379
6541,2026-08-24,0.03635997,0.039069977,0.0083983075,0.008891313,4.3289247
5478,2026-08-24,0.03968485,0.042141985,0.009168589,0.008172358,4.327877
1456,2026-08-24,0.043997873,0.043855842,0.010180828,0.009733323,4.321215
4207,2026-08-24,0.03494891,0.06616808,0.008118933,0.008036955,4.3040886
6425,2026-08-24,0.030571809,0.01742371,0.0071094376,0.008980426,4.299568
6143,2026-08-24,0.041519217,0.04406384,0.009664454,0.01264357,4.2956305
1527,2026-08-24,0.037248,0.029692002,0.008671239,0.008888213,4.2950845
9933,2026-08-24,0.03453157,0.043641005,0.008058151,0.010618517,4.2847652
1215,2026-08-24,0.03908788,0.043462034,0.009129022,0.010470418,4.2812467
1453,2026-08-24,0.050067876,0.0637918,0.011699127,0.010157967,4.279259
2704,2026-08-24,0.04244697,0.051044967,0.009921232,0.009756215,4.2779655
4590,2026-08-24,0.045316122,0.0341546,0.010624734,0.0076397397,4.2647524
1617,2026-08-24,0.048915338,0.038245033,0.011518756,0.009063095,4.246213
0051,2026-08-24,0.036116276,0.054427974,0.008517426,0.013636065,4.2397823
3556,2026-08-24,0.035997696,0.041835975,0.008519027,0.008526513,4.225068
8091,2026-08-24,0.04148472,0.02381125,0.009861331,0.0100484295,4.206381
3711,2026-08-24,0.04408864,0.03580456,0.010487105,0.006642642,4.20368
6592,2026-08-24,0.039268717,0.060715023,0.00934387,0.01057236,4.2021685
8443,2026-08-24,0.043526098,0.053114053,0.010370508,0.010823293,4.196699
9912,2026-08-24,0.044233657,0.06590794,0.010548884,0.0111152325,4.1928096
6811,2026-08-24,0.04826703,0.051369343,0.011518656,0.009599691,4.1899714
4552,2026-08-24,0.030411098,0.031606596,0.0072640446,0.009789117,4.185948
6129,2026-08-24,0.037074566,0.026112754,0.008875448,0.009792457,4.176734
6121,2026-08-24,0.050224915,0.03965436,0.012034439,0.010432577,4.1730857
2380,2026-08-24,0.05284535,0.041657258,0.012690504,0.009348079,4.1638365
9942,2026-08-24,0.03349329,0.0380365,0.008044803,0.010938264,4.162828
6804,2026-08-24,0.033468142,0.024874002,0.008067774,0.010069505,4.1478596
6023,2026-08-24,0.0354175,0.03286275,0.00854025,0.008705219,4.1466413
2228,2026-08-24,0.03922393,0.02604719,0.009494371,0.008123094,4.130848
3402,2026-08-24,0.0387859,0.028112061,0.009455839,0.009693939,4.10136
5450,2026-08-24,0.036444888,0.05930286,0.008892677,0.010683243,4.0978427
5601,2026-08-24,0.035736475,0.054068964,0.008750312,0.0088273715,4.083556
5283,2026-08-24,0.044229593,0.08316372,0.010836298,0.01107257,4.0812383
0050,2026-08-24,0.09194103,0.06300075,0.022535557,0.02043972,4.0796394
2745,2026-08-24,0.039914273,0.04953801,0.009799597,0.009158184,4.0726366
1558,2026-08-24,0.036498673,0.07693122,0.008981306,0.01027904,4.0633965
1539,2026-08-24,0.037174974,0.040506516,0.009157509,0.0069854637,4.059064
6763,2026-08-24,0.03124906,0.031236922,0.007700582,0.007223251,4.057486
3044,2026-08-24,0.046731066,0.019344263,0.0115505485,0.010242162,4.0454373
3306,2026-08-24,0.047149498,0.059839,0.011675469,0.014234622,4.037993
8201,2026-08-24,0.040537454,0.053177185,0.0100460835,0.010087924,4.0347486
8433,2026-08-24,0.03638119,0.073337175,0.009028145,0.010366193,4.029306
2729,2026-08-24,0.05430657,0.08527181,0.013488617,0.012090547,4.025805
4502,2026-08-24,0.040879913,0.057903524,0.010153541,0.009157182,4.0257764
4414,2026-08-24,0.03588624,0.03669022,0.008926987,0.0095663415,4.0195217
8084,2026-08-24,0.040208913,-0.002681234,0.01001838,0.010244959,4.0131135
6918,2026-08-24,0.050328616,0.08500085,0.012573548,0.012912134,4.0024195
4440,2026-08-24,0.04151993,0.05649121,0.0103775505,0.0097222775,4.0005517
5278,2026-08-24,0.040087067,0.05559104,0.010032748,0.010333446,3.9952235
6605,2026-08-24,0.042411312,0.071097456,0.01065718,0.011685252,3.9792264
3687,2026-08-24,0.044220064,0.02516577,0.011113704,0.0089414725,3.9785192
6996,2026-08-24,0.06815509,0.0740389,0.017139176,0.024048084,3.9763353
6844,2026-08-24,0.0329578,0.030712314,0.008340886,0.008359831,3.950881
4744,2026-08-24,0.03883749,0.038422275,0.009850584,0.009579955,3.9422581
2383,2026-08-24,0.04556175,0.026333472,0.011562454,0.012456804,3.9401505
1786,2026-08-24,0.02973129,0.029991945,0.007551451,0.006846261,3.9366412
8213,2026-08-24,0.03430995,0.034359403,0.008719826,0.008493308,3.9342544
7747,2026-08-24,0.04686744,0.065780945,0.011915183,0.010528093,3.9330919
6130,2026-08-24,0.030928114,0.03901099,0.00787428,0.008718223,3.9272397
7770,2026-08-24,0.035665587,0.029128294,0.009108816,0.008366046,3.915072
2727,2026-08-24,0.03732435,0.055680588,0.009556342,0.009994498,3.9053066
4770,2026-08-24,0.033550818,0.016439013,0.0085953,0.007491173,3.902937
3467,2026-08-24,0.03519534,0.05488554,0.009069132,0.009174021,3.8803558
6916,2026-08-24,0.04168162,0.057662692,0.010781239,0.010936658,3.8657668
5211,2026-08-24,0.041273713,0.039635647,0.010719516,0.010888727,3.8499744
3609,2026-08-24,0.030767506,0.002301717,0.008008827,0.008043052,3.8412194
4129,2026-08-24,0.04398609,0.0691631,0.011452313,0.011695409,3.8404686
2477,2026-08-24,0.031041734,0.023158876,0.008082495,0.007806405,3.8401375
2706,2026-08-24,0.032004215,0.0392617,0.008341393,0.009041852,3.8363347
4755,2026-08-24,0.035755973,0.038009126,0.00937784,0.010353602,3.812409
2330,2026-08-24,0.05092609,0.051442932,0.013359694,0.013437271,3.811635
7805,2026-08-24,0.046548728,0.014257024,0.012215797,0.010759056,3.8102236
1110,2026-08-24,0.03275399,0.033175305,0.008606356,0.007818653,3.8053486
4538,2026-08-24,0.035163403,0.04039968,0.009242831,0.010224171,3.8039858
5324,2026-08-24,0.047992844,0.06822206,0.012615891,0.011555694,3.8038564
8059,2026-08-24,0.033535656,0.032999292,0.00882751,0.007995426,3.7985632
6923,2026-08-24,0.03928051,0.057393428,0.010391335,0.010365028,3.779758
3188,2026-08-24,0.034387365,0.070119046,0.009117857,0.012255712,3.771017
1513,2026-08-24,0.04030405,0.016070742,0.010705255,0.009549598,3.7645328
6281,2026-08-24,0.03144299,0.056995936,0.008354204,0.011659368,3.763282
1707,2026-08-24,0.026547214,0.03937246,0.007054062,0.009497068,3.7628605
2911,2026-08-24,0.030584984,0.03731703,0.008131898,0.009440251,3.76065
6266,2026-08-24,0.04179235,0.06633969,0.011159941,0.011949914,3.7445188
8255,2026-08-24,0.031327646,0.012298228,0.008370456,0.008298478,3.7421978
3276,2026-08-24,0.033166267,0.026208682,0.008875054,0.009666766,3.7366002
3679,2026-08-24,0.03661066,0.044368345,0.009830035,0.010741454,3.723988
6216,2026-08-24,0.028983893,0.04426984,0.0077959923,0.012463695,3.717317
3713,2026-08-24,0.03724478,0.060279902,0.010021017,0.010313487,3.716296
3492,2026-08-24,0.03298777,0.027368378,0.008890753,0.009600954,3.7099288
2542,2026-08-24,0.047013577,0.079727694,0.012686891,0.011067898,3.7053895
5215,2026-08-24,0.038812995,0.05113351,0.010485249,0.0068055512,3.701323
5533,2026-08-24,0.04790958,0.07003341,0.012975308,0.011955237,3.692081
8284,2026-08-24,0.04383149,0.07481359,0.0118803745,0.011077679,3.6890924
1201,2026-08-24,0.037475068,0.05807483,0.010161222,0.009955092,3.6876843
1452,2026-08-24,0.036344666,0.063569136,0.00986798,0.007742842,3.6827173
1432,2026-08-24,0.027830314,0.023499839,0.0075974,0.00873415,3.6626546
6156,2026-08-24,0.030497422,0.016116522,0.008329748,0.008338463,3.6608262
6629,2026-08-24,0.03993474,0.052158333,0.010912999,0.01046153,3.6590383
6486,2026-08-24,0.030251952,0.03323201,0.00827046,0.008240671,3.6573894
7769,2026-08-24,0.028404105,0.016663106,0.0077819712,0.009547209,3.6495197
2230,2026-08-24,0.03160791,0.008879255,0.0086653745,0.010471339,3.6471896
8109,2026-08-24,0.024859821,0.0124116,0.0068191816,0.00985781,3.6450381
6732,2026-08-24,0.037393518,0.031974066,0.010346965,0.011640352,3.6136107
4571,2026-08-24,0.033230565,0.008592355,0.009206252,0.008226938,3.6091728
2360,2026-08-24,0.03563938,0.016905371,0.009881599,0.009808119,3.6062758
3577,2026-08-24,0.04257443,0.028979983,0.011830999,0.011628284,3.5982451
2505,2026-08-24,0.02576462,0.015091393,0.007192406,0.0070878933,3.5816998
2643,2026-08-24,0.043981664,0.07540841,0.012383719,0.01141927,3.5512848
3564,2026-08-24,0.032799594,0.029281886,0.009245938,0.0070888014,3.5470762
6874,2026-08-24,0.043981012,0.0723152,0.012408046,0.013747124,3.54427
6708,2026-08-24,0.03597647,0.037194755,0.010158242,0.009667194,3.5412552
3272,2026-08-24,0.025057308,0.017985582,0.00708474,0.006557982,3.5363011
1907,2026-08-24,0.04724,0.06884351,0.013360356,0.013332718,3.5355692
6194,2026-08-24,0.027127843,0.021405984,0.0076761404,0.009025684,3.533587
7705,2026-08-24,0.049930003,0.07933197,0.014170419,0.013168898,3.5232887
1340,2026-08-24,0.018981883,0.02868138,0.005388964,0.007240355,3.521709
4528,2026-08-24,0.04045973,0.036616173,0.011488557,0.009769285,3.521435
1319,2026-08-24,0.03696808,0.048267167,0.010513068,0.010578827,3.5160584
1466,2026-08-24,0.02995693,0.026442604,0.008521676,0.008327355,3.5149674
5904,2026-08-24,0.041012205,0.044816192,0.011701049,0.0133673055,3.5047028
3528,2026-08-24,0.033004306,0.015094172,0.0094193565,0.008900069,3.5035093
4121,2026-08-24,0.032082357,0.051972985,0.009161729,0.0070955004,3.5013974
3501,2026-08-24,0.035323653,0.05239479,0.0101020355,0.008700757,3.4963405
6658,2026-08-24,0.025235338,-0.0040501934,0.007224413,0.008286576,3.492581
2726,2026-08-24,0.042217594,0.038491786,0.012096069,0.009005916,3.4899027
2640,2026-08-24,0.032366596,0.07066906,0.009294435,0.010402579,3.4819882
6272,2026-08-24,0.030069789,0.025585862,0.008645188,0.009769705,3.4778087
9940,2026-08-24,0.033314276,0.042579196,0.009603677,0.010446319,3.468547
3005,2026-08-24,0.027903683,0.017643444,0.008049077,0.010448505,3.4662626
2476,2026-08-24,0.03933809,0.019200249,0.0113667715,0.01076178,3.4604926
6692,2026-08-24,0.039169144,0.047012135,0.011358149,0.011106928,3.4482462
3580,2026-08-24,0.029944459,0.010841573,0.00869033,0.010450291,3.4453251
8436,2026-08-24,0.030075757,0.04479591,0.008730708,0.008161461,3.44443
1470,2026-08-24,0.03074875,0.058784153,0.008932188,0.009829259,3.44208
7750,2026-08-24,0.035710916,0.010341909,0.010380651,0.007448231,3.4398108
6516,2026-08-24,0.036404844,0.033271357,0.010622942,0.009467878,3.4266794
1473,2026-08-24,0.033382498,0.049750056,0.009744053,0.011346457,3.425584
4951,2026-08-24,0.028680304,0.021651125,0.0083968425,0.008958029,3.415199
6227,2026-08-24,0.040169086,0.028039781,0.011808675,0.010767706,3.401371
3430,2026-08-24,0.030211799,0.028799238,0.008890086,0.009515391,3.3979874
2312,2026-08-24,0.026426869,-0.005952763,0.0077849496,0.007257302,3.394174
8450,2026-08-24,0.027038766,0.02909552,0.007969132,0.009070457,3.3925118
8049,2026-08-24,0.024504669,0.0073620654,0.0072371587,0.008707363,3.385484
6616,2026-08-24,0.03200895,0.025514401,0.009471684,0.008917604,3.379079
3535,2026-08-24,0.032820377,0.000847094,0.009737882,0.008198706,3.3700354
6870,2026-08-24,0.033971004,0.04040253,0.010088522,0.010442441,3.3669586
6472,2026-08-24,0.037811723,0.051092014,0.011238367,0.010590159,3.3642216
4950,2026-08-24,0.04086622,0.054796465,0.012162629,0.010719333,3.3597062
9944,2026-08-24,0.031163765,0.049334455,0.009336602,0.010475459,3.3374484
3494,2026-08-24,0.032945603,0.040667646,0.009875565,0.011399704,3.3357348
6248,2026-08-24,0.037557244,0.06804945,0.011259685,0.009191045,3.3352537
6515,2026-08-24,0.03481025,0.030605787,0.010441866,0.012741153,3.3334
6971,2026-08-24,0.0255451,0.050799213,0.007667896,0.008569761,3.331001
4420,2026-08-24,0.029686356,0.05594253,0.008923538,0.008963394,3.3263745
4551,2026-08-24,0.024406614,-0.003194391,0.0073367865,0.0096969,3.326155
6667,2026-08-24,0.035218053,0.030488342,0.010587269,0.012811751,3.3261385
5274,2026-08-24,0.038877707,0.021567052,0.011696836,0.009508636,3.3234956
2748,2026-08-24,0.031603158,0.046245683,0.00952619,0.010267252,3.317154
8024,2026-08-24,0.030838039,0.03217005,0.009303921,0.0097801145,3.3141644
6015,2026-08-24,0.033377696,0.046743326,0.010070663,0.010192609,3.3140202
2536,2026-08-24,0.030342834,0.05271174,0.009198076,0.010736162,3.2984653
3527,2026-08-24,0.030264389,0.020864291,0.009201324,0.0105568515,3.2887766
1530,2026-08-24,0.030281143,0.04830795,0.009234488,0.011919411,3.278781
2368,2026-08-24,0.032867834,0.010431417,0.010027722,0.008334212,3.27737
2359,2026-08-24,0.045852788,0.0018256732,0.01403168,0.011599701,3.2675714
6856,2026-08-24,0.027480697,0.021600472,0.008412199,0.009206388,3.2663789
6198,2026-08-24,0.029230844,0.029268326,0.008956601,0.008826326,3.2632446
6109,2026-08-24,0.027251104,0.016040878,0.008360109,0.007841768,3.2592688
4439,2026-08-24,0.035363827,0.017297179,0.010875632,0.010330997,3.251358
6782,2026-08-24,0.033507127,0.055805348,0.010314493,0.011811004,3.248233
4746,2026-08-24,0.030926056,0.007883868,0.009549922,0.011111627,3.2380178
1720,2026-08-24,0.028140139,0.05515133,0.0087038,0.007938114,3.2327151
2327,2026-08-24,0.042940933,0.01940965,0.013321171,0.010153728,3.2232685
4735,2026-08-24,0.035777785,0.057265844,0.011108358,0.010584457,3.2205086
3615,2026-08-24,0.042258944,0.023538817,0.013122987,0.011478463,3.2199776
4102,2026-08-24,0.028859952,0.05553819,0.008964945,0.010126841,3.218841
2633,2026-08-24,0.029719025,0.049798246,0.009292325,0.013536436,3.1978893
6791,2026-08-24,0.031901024,0.044982262,0.009975662,0.011441783,3.1975646
7757,2026-08-24,0.06551418,0.05601444,0.020496218,0.01899144,3.1962473
2497,2026-08-24,0.029759007,0.02340823,0.009327743,0.009689085,3.1900337
6792,2026-08-24,0.02835525,0.043628924,0.008929609,0.010334528,3.1750631
2317,2026-08-24,0.03598346,0.029025758,0.011345448,0.011714207,3.1713412
1805,2026-08-24,0.027934818,0.053303964,0.00881054,0.008795535,3.1702538
6855,2026-08-24,0.042625666,0.056074873,0.013467176,0.012162254,3.1649175
1446,2026-08-24,0.029232828,0.021999335,0.0092831375,0.008492958,3.1486852
8463,2026-08-24,0.030582722,0.050444826,0.009737914,0.010545676,3.1402597
6574,2026-08-24,0.030365078,0.026521029,0.009680846,0.009749308,3.13629
1760,2026-08-24,0.02746842,0.021165948,0.008770951,0.009718369,3.1313922
4171,2026-08-24,0.038530525,0.05768737,0.012306355,0.01343041,3.1306908
6197,2026-08-24,0.030876923,-0.0010749166,0.009863532,0.00807247,3.130095
3689,2026-08-24,0.034081478,0.029428653,0.010901078,0.010847041,3.1261451
6693,2026-08-24,0.03917631,-0.011205103,0.012537668,0.012622965,3.1244395
6506,2026-08-24,0.031082816,0.058212083,0.009952444,0.01170147,3.1228204
3147,2026-08-24,0.030226385,0.01063661,0.00968102,0.0095221205,3.121909
6442,2026-08-24,0.029159153,0.009089104,0.009339636,0.009671298,3.1217523
2537,2026-08-24,0.036850743,0.068040505,0.0118132215,0.009550176,3.119185
8163,2026-08-24,0.023012824,0.009950398,0.007380972,0.008113023,3.117436
3360,2026-08-24,0.035769504,0.023582935,0.011505454,0.010665547,3.1086469
4195,2026-08-24,0.02362997,0.020160656,0.007604618,0.0075136144,3.10691
1734,2026-08-24,0.030456817,0.064509846,0.009805281,0.011305229,3.1058478
5536,2026-08-24,0.032288175,0.028970223,0.010400121,0.009443096,3.1042974
9951,2026-08-24,0.029707722,0.06509308,0.00956917,0.0092836525,3.1042
6412,2026-08-24,0.020265622,0.013043698,0.0065327776,0.007538203,3.10167
3164,2026-08-24,0.036352146,0.05093806,0.011788037,0.013485163,3.0835552
6751,2026-08-24,0.024115674,0.042257205,0.007825359,0.007965097,3.08134
2883,2026-08-24,0.032414064,0.033023655,0.0105204955,0.01149163,3.0807467
1417,2026-08-24,0.03273083,0.05483161,0.010631445,0.0126164695,3.0783916
3093,2026-08-24,0.037794974,0.0169212,0.012299149,0.011911273,3.0727248
2607,2026-08-24,0.03149924,0.06455924,0.010289235,0.012135036,3.0610807
8477,2026-08-24,0.028432462,0.03386199,0.009298355,0.009428415,3.0574658
5439,2026-08-24,0.030789021,0.014345537,0.0100761,0.009586997,3.0553453
5364,2026-08-24,0.034450315,0.025138052,0.011288872,0.009437705,3.0514352
1414,2026-08-24,0.023640135,0.013250278,0.007758091,0.0060575334,3.046766
2515,2026-08-24,0.024354696,0.013296539,0.008037624,0.008825121,3.0297096
6525,2026-08-24,0.032744966,0.010269168,0.01082642,0.008914562,3.024263
2480,2026-08-24,0.031874422,0.050959077,0.010543355,0.010503001,3.0228896
2066,2026-08-24,0.023667328,0.003683905,0.00783558,0.008680502,3.0201092
6788,2026-08-24,0.03699244,0.025259534,0.01227784,0.0109802205,3.0126982
2010,2026-08-24,0.035839222,0.058202036,0.011909861,0.009629903,3.008953
2467,2026-08-24,0.023465458,-0.015350477,0.007816319,0.011690913,3.0017269
6523,2026-08-24,0.02604669,0.046709605,0.008699001,0.009434044,2.993872
4167,2026-08-24,0.03749428,0.072335005,0.012527218,0.010822773,2.9927862
6417,2026-08-24,0.029904576,0.03397209,0.010033241,0.008572692,2.980253
6464,2026-08-24,0.02633674,0.059905004,0.008849924,0.0082247825,2.975592
4766,2026-08-24,0.029569205,0.050262444,0.009966603,0.009527523,2.9665313
6292,2026-08-24,0.034934472,0.028330347,0.011803816,0.008580265,2.9593406
2373,2026-08-24,0.019525906,0.018799264,0.006599532,0.0066013834,2.9582322
2496,2026-08-24,0.02962772,0.015148943,0.010021176,0.008187484,2.956216
4999,2026-08-24,0.02133465,0.034894142,0.0072464393,0.007361835,2.9437501
5489,2026-08-24,0.02512807,0.009055809,0.008554239,0.007307594,2.9371557
2316,2026-08-24,0.0340973,-0.00649648,0.011618971,0.012668567,2.9343703
3533,2026-08-24,0.025475074,0.024141382,0.008683824,0.008889271,2.933286
2115,2026-08-24,0.033482585,0.063748114,0.011435097,0.010393893,2.9277983
4949,2026-08-24,0.026292454,0.009233474,0.008981023,0.010692981,2.9272308
1612,2026-08-24,0.030838896,0.05581758,0.010560286,0.009809633,2.919994
4416,2026-08-24,0.03519514,0.063976154,0.012097222,0.012580483,2.9091165
1597,2026-08-24,0.0255104,-0.01610978,0.008796035,0.009865327,2.8998861
5483,2026-08-24,0.02573428,0.015847199,0.008930225,0.013517216,2.881383
4942,2026-08-24,0.021553148,0.02060318,0.007484937,0.008460373,2.8791516
5443,2026-08-24,0.023092214,-0.016115855,0.008023337,0.009956659,2.8777719
5468,2026-08-24,0.032934655,-0.01042341,0.01158505,0.011171315,2.8426127
6138,2026-08-24,0.032469273,0.015007883,0.011449511,0.00907274,2.8356178
9917,2026-08-24,0.021910196,0.03729209,0.0077605667,0.0072285123,2.822909
6217,2026-08-24,0.04406519,0.007337095,0.015642358,0.014837024,2.8168626
8147,2026-08-24,0.030499598,0.023732992,0.010868745,0.008928871,2.8059165
4162,2026-08-24,0.022864293,0.028685799,0.008149086,0.009264203,2.8054051
3438,2026-08-24,0.029977893,0.024564654,0.010703983,0.010045558,2.800368
2701,2026-08-24,0.028446745,0.056900866,0.010187266,0.010083872,2.7921085
1321,2026-08-24,0.028304188,0.047194537,0.01015203,0.009812769,2.7877576
6527,2026-08-24,0.031306945,0.07011404,0.0112408735,0.012492543,2.784851
4120,2026-08-24,0.023245594,0.026113786,0.008352729,0.010432604,2.7826607
1109,2026-08-24,0.021628307,0.027123582,0.0077751838,0.008678332,2.7813525
2221,2026-08-24,0.035237774,0.037429683,0.012715942,0.013640398,2.7709312
5522,2026-08-24,0.023926647,0.034622207,0.008648798,0.011050171,2.766151
3567,2026-08-24,0.028308026,0.015043578,0.010257,0.011757623,2.7596047
6026,2026-08-24,0.024650289,0.04322522,0.008943221,0.009635837,2.7560017
1474,2026-08-24,0.027933931,0.047381315,0.010159371,0.00858878,2.7493021
1587,2026-08-24,0.031652994,0.030827042,0.0115352515,0.009946482,2.743785
8908,2026-08-24,0.02535183,0.05115803,0.009246582,0.008678944,2.7414548
4943,2026-08-24,0.028705422,0.037509494,0.010481721,0.01050451,2.7383559
6925,2026-08-24,0.026587052,0.024578584,0.009727043,0.009410647,2.7330317
4430,2026-08-24,0.028580384,0.038238887,0.01047784,0.011728668,2.7274377
4160,2026-08-24,0.025005031,0.020029336,0.009169058,0.009685316,2.7268128
6220,2026-08-24,0.02444959,0.021636644,0.008977386,0.009064334,2.723161
8367,2026-08-24,0.024575997,0.048593707,0.009030506,0.008308571,2.7211404
2461,2026-08-24,0.03406275,0.053464413,0.012518185,0.009834285,2.720844
1323,2026-08-24,0.043368623,0.0795538,0.015957331,0.009451502,2.7176163
4119,2026-08-24,0.027773293,0.026620079,0.010229752,0.010027553,2.714687
8222,2026-08-24,0.021508442,0.0077039097,0.007930711,0.009987837,2.7117026
3484,2026-08-24,0.019361246,0.017398208,0.0071458877,0.0076709916,2.709046
1516,2026-08-24,0.025287798,0.028607028,0.009347088,0.010942685,2.7051306
2065,2026-08-24,0.032485683,0.063373804,0.012009828,0.011028843,2.7046995
4148,2026-08-24,0.021494087,0.02437228,0.007953972,0.0085750185,2.701969
5903,2026-08-24,0.02070624,0.026310384,0.0076679136,0.009672635,2.7000227
3050,2026-08-24,0.024698893,0.039147653,0.00915095,0.008452881,2.6987572
2926,2026-08-24,0.02475131,0.020832907,0.009183274,0.008075329,2.6949663
7721,2026-08-24,0.02544368,0.014983645,0.009487519,0.008486369,2.6815228
2441,2026-08-24,0.029775988,-0.00096470123,0.011124238,0.011319927,2.676436
1541,2026-08-24,0.024634214,0.03549155,0.009227929,0.0077158795,2.6692386
3232,2026-08-24,0.030065743,0.045278337,0.0113895675,0.010084154,2.6395297
5876,2026-08-24,0.027126035,0.041251842,0.010403066,0.009428215,2.607253
1423,2026-08-24,0.02235213,0.016876766,0.008578132,0.010170327,2.6054068
2349,2026-08-24,0.019571988,0.010854247,0.0075211367,0.00915316,2.6019187
4163,2026-08-24,0.019006025,0.011867204,0.0073135276,0.008448579,2.5983942
2313,2026-08-24,0.02900339,0.006504142,0.011170552,0.010246728,2.5961826
9110,2026-08-24,0.023389718,0.037900146,0.009010985,0.009624716,2.5954013
7767,2026-08-24,0.023151333,0.03640956,0.008988798,0.008179205,2.5752895
3666,2026-08-24,0.02174762,0.032771125,0.008463338,0.008679178,2.5693233
6790,2026-08-24,0.023076328,0.042370867,0.008984163,0.011474134,2.5682702
1603,2026-08-24,0.028828295,0.061771654,0.011251569,0.011473992,2.5619302
6569,2026-08-24,0.02108663,0.029133366,0.008250259,0.009830428,2.555565
6449,2026-08-24,0.018742628,-0.010805926,0.0074178963,0.008558514,2.5263367
6739,2026-08-24,0.027076896,0.013477545,0.010738617,0.008634821,2.5212162
2034,2026-08-24,0.019115975,0.050780494,0.007590921,0.01043986,2.5179365
5525,2026-08-24,0.0218106,0.04373551,0.008677772,0.010804332,2.5130973
6164,2026-08-24,0.02353396,0.0368848,0.009369967,0.01198057,2.5113695
6225,2026-08-24,0.029787904,0.037357997,0.011876988,0.010386957,2.507824
3325,2026-08-24,0.019251283,0.013846317,0.0076811267,0.008041781,2.5059836
2069,2026-08-24,0.029394336,0.07068345,0.011788235,0.011158878,2.49332
5288,2026-08-24,0.035350595,0.061505597,0.014189294,0.012614643,2.4911814
2397,2026-08-24,0.026650218,0.022089068,0.010716105,0.008314137,2.4866993
9918,2026-08-24,0.03207262,0.06329033,0.012917221,0.012032982,2.4827428
7828,2026-08-24,0.02183967,-0.0019901567,0.008856896,0.009055613,2.4655595
6146,2026-08-24,0.020451182,0.02455229,0.008310618,0.011152477,2.4605536
2013,2026-08-24,0.026599647,0.0537502,0.010810597,0.0121495975,2.4602885
2937,2026-08-24,0.025993824,0.063924044,0.010569708,0.010221132,2.4590428
2834,2026-08-24,0.030638395,0.03299717,0.012460456,0.010654657,2.4586527
3285,2026-08-24,0.023345446,0.03416917,0.009495445,0.010339797,2.4583354
2596,2026-08-24,0.027938163,0.06706988,0.011373548,0.008338407,2.4562
1476,2026-08-24,0.02281464,0.0141511625,0.0092980545,0.008592695,2.4534366
3317,2026-08-24,0.02522901,0.0081067765,0.010365279,0.008035836,2.4337575
2031,2026-08-24,0.020305531,0.05387783,0.008414437,0.011523832,2.4128907
2412,2026-08-24,0.021785842,0.023603965,0.009030556,0.013778984,2.4121914
4972,2026-08-24,0.023412408,0.03826008,0.009724588,0.008538988,2.4073
2947,2026-08-24,0.020611385,0.016411023,0.008583111,0.009457503,2.4011087
3712,2026-08-24,0.022108614,0.0029788427,0.00924705,0.009316115,2.3906245
5212,2026-08-24,0.022948148,0.037056923,0.009605038,0.009937799,2.3889294
6158,2026-08-24,0.024089951,0.028351614,0.010134429,0.013388507,2.3768063
1904,2026-08-24,0.02780088,0.051341724,0.0116980765,0.013746142,2.376331
3021,2026-08-24,0.020727403,0.015470759,0.008722205,0.007660254,2.3761225
2901,2026-08-24,0.024649192,0.043164182,0.010373857,0.011999978,2.3758583
8272,2026-08-24,0.019236414,0.017678412,0.008103609,0.0073727258,2.3735151
1216,2026-08-24,0.01665696,0.026017928,0.007020968,0.0082491515,2.3721213
2353,2026-08-24,0.018648965,-0.013964093,0.007871927,0.008827642,2.368746
3593,2026-08-24,0.02172612,0.031907447,0.009215024,0.009856792,2.3574286
4164,2026-08-24,0.020585692,0.02293938,0.008739182,0.008989121,2.3552933
5432,2026-08-24,0.020783365,0.0413845,0.008833104,0.0103708645,2.3526285
7794,2026-08-24,0.022164555,0.03672827,0.00942152,0.010380223,2.3522959
4995,2026-08-24,0.02360353,0.038962327,0.010039812,0.010835684,2.350759
3191,2026-08-24,0.026700202,0.04125525,0.011362279,0.0134327365,2.3496916
5434,2026-08-24,0.022492256,0.017570538,0.009591354,0.0111459,2.3448107
6228,2026-08-24,0.023455253,0.027490381,0.010009922,0.008904277,2.3429663
1609,2026-08-24,0.023033956,0.027175153,0.009844841,0.00977507,2.3394604
3588,2026-08-24,0.018445393,0.008342058,0.007908887,0.009354889,2.3319414
2889,2026-08-24,0.017303694,0.039162386,0.0074463803,0.009975704,2.3234606
2458,2026-08-24,0.021820951,0.008665136,0.009449326,0.009236897,2.3090155
3004,2026-08-24,0.024728773,0.007623878,0.010715926,0.008137486,2.30745
4958,2026-08-24,0.022716898,-0.005903774,0.009868722,0.010881991,2.3016756
6242,2026-08-24,0.019119866,0.020850273,0.008354341,0.010495744,2.2883406
6114,2026-08-24,0.021139322,0.010658568,0.009251539,0.010028866,2.284705
5607,2026-08-24,0.022080641,0.061240744,0.009694118,0.010658334,2.2775009
3206,2026-08-24,0.019565744,0.033458505,0.008615424,0.006583432,2.2707498
1463,2026-08-24,0.022063395,0.031585548,0.009764936,0.010839555,2.2592196
1784,2026-08-24,0.018796202,0.033274963,0.008343748,0.0073141376,2.2524588
2432,2026-08-24,0.022535026,0.026338214,0.010012435,0.010096782,2.250479
1217,2026-08-24,0.027611371,0.055000186,0.012310086,0.01096466,2.2428055
6997,2026-08-24,0.016071174,0.013954955,0.0071858484,0.009404272,2.2361922
6931,2026-08-24,0.01978118,0.054049864,0.008904075,0.008794573,2.2213378
5205,2026-08-24,0.021124514,0.01636664,0.009522717,0.008102588,2.2180953
6615,2026-08-24,0.022956293,0.042563025,0.010350065,0.011304979,2.217771
2421,2026-08-24,0.018927911,-0.0033766627,0.008541846,0.009923294,2.2156446
4933,2026-08-24,0.023701899,0.02830843,0.010766157,0.0069058067,2.2013144
1442,2026-08-24,0.027088817,0.05772938,0.012326286,0.010777387,2.197468
6645,2026-08-24,0.01832701,0.028796518,0.008354046,0.0077364873,2.1935258
8150,2026-08-24,0.019545399,-0.005290575,0.0089112595,0.009355143,2.1930912
6294,2026-08-24,0.020867944,0.045186885,0.009555124,0.010697019,2.1837246
6937,2026-08-24,0.017378801,-0.013144825,0.008013157,0.008384488,2.1685126
6405,2026-08-24,0.021886576,0.004110501,0.0101462025,0.010595141,2.1569073
6170,2026-08-24,0.021393107,0.041897807,0.009921972,0.010688842,2.1559174
1402,2026-08-24,0.027628694,0.03660816,0.012886626,0.008569122,2.1438155
8074,2026-08-24,0.02009875,-0.0030917153,0.009396037,0.009276823,2.138839
8289,2026-08-24,0.026324578,0.017747317,0.012307835,0.013264881,2.1386733
6799,2026-08-24,0.019659,0.013725654,0.009210441,0.009393393,2.1341937
2850,2026-08-24,0.021735903,0.037588727,0.010254908,0.012672145,2.1193542
9946,2026-08-24,0.017838117,0.046919297,0.008423462,0.010991991,2.1174192
5315,2026-08-24,0.01977856,0.023397323,0.009352531,0.008446416,2.1145554
4576,2026-08-24,0.02525367,-0.02393069,0.011974547,0.009560523,2.1087697
3178,2026-08-24,0.017092578,0.027965248,0.008118135,0.008663821,2.1052215
2912,2026-08-24,0.024195053,0.056848515,0.011516599,0.012949856,2.1007028
6982,2026-08-24,0.026076488,0.028708342,0.012416752,0.011471934,2.0999362
9904,2026-08-24,0.014829788,0.027632864,0.007066122,0.008686068,2.09842
5519,2026-08-24,0.020824779,0.02590301,0.0099253915,0.009567933,2.0979204
6753,2026-08-24,0.023236517,0.0035925026,0.011088783,0.012752752,2.0953085
3684,2026-08-24,0.020337043,0.044812225,0.009751887,0.0105584245,2.085233
9906,2026-08-24,0.02191839,0.02758024,0.010514816,0.009938431,2.084326
8411,2026-08-24,0.022517854,0.030984525,0.010820733,0.01008204,2.080799
7811,2026-08-24,0.02328525,0.05151579,0.011220237,0.012535987,2.0751052
3138,2026-08-24,0.017975485,-0.0039150766,0.008670729,0.008451781,2.0728836
4907,2026-08-24,0.024343988,0.06710516,0.011775746,0.010412988,2.0671234
3372,2026-08-24,0.019981368,0.016155459,0.009708774,0.010702375,2.057861
0056,2026-08-24,0.027636435,0.018777454,0.013452937,0.012457813,2.0541523
3158,2026-08-24,0.028391382,0.058575407,0.013906387,0.011943389,2.0414605
4113,2026-08-24,0.018338688,0.02822746,0.0089952955,0.01008123,2.038471
5312,2026-08-24,0.017706506,0.05237883,0.008695926,0.007463572,2.03595
4582,2026-08-24,0.023432935,0.015139082,0.011529511,0.009930392,2.0322547
4173,2026-08-24,0.02334546,0.033102226,0.011603316,0.008302385,2.011791
5515,2026-08-24,0.028076729,0.06168421,0.013996539,0.010171401,2.0058331
6672,2026-08-24,0.030595737,-0.004008822,0.01526588,0.010923577,2.0040596
3227,2026-08-24,0.015465186,0.0065760124,0.007716357,0.0083648935,2.0039487
5245,2026-08-24,0.01761365,0.008378585,0.00883826,0.009384158,1.9926611
2511,2026-08-24,0.018676082,0.033281483,0.009390455,0.008103553,1.9886249
6546,2026-08-24,0.019371232,0.028646596,0.009743289,0.008616724,1.9879574
4523,2026-08-24,0.021525197,0.0077568847,0.010863607,0.0097354,1.9812218
6414,2026-08-24,0.021975653,0.0062825033,0.011126479,0.009045959,1.9748995
6596,2026-08-24,0.020669656,0.05263457,0.010468949,0.00796742,1.9741888
2528,2026-08-24,0.016678613,0.035336334,0.0084705185,0.008733693,1.9687866
1103,2026-08-24,0.020421477,0.03813424,0.010371623,0.010950009,1.9687862
6722,2026-08-24,0.020785805,0.025912642,0.010589418,0.010893608,1.9626992
1531,2026-08-24,0.021719694,0.047152445,0.0110739805,0.011568194,1.9611496
3581,2026-08-24,0.016534897,-0.007518629,0.008443152,0.009392409,1.9581478
4577,2026-08-24,0.019075273,-0.0014770082,0.009756586,0.009661549,1.9549172
3040,2026-08-24,0.02390642,0.049671847,0.01226667,0.013910633,1.9487336
8087,2026-08-24,0.019345317,0.015312445,0.009958834,0.0090477,1.9423331
9950,2026-08-24,0.018669654,0.035344362,0.009634072,0.010493762,1.9376765
3028,2026-08-24,0.015797632,0.011853699,0.008151885,0.009342107,1.9376737
4108,2026-08-24,0.013649806,0.021906901,0.0070531745,0.007328384,1.9349971
3376,2026-08-24,0.01592402,-0.004456208,0.008252529,0.009997371,1.9293587
2022,2026-08-24,0.022489678,0.044198122,0.01167662,0.012088106,1.9258785
1570,2026-08-24,0.018019177,0.017391028,0.009377044,0.008407957,1.9214216
1519,2026-08-24,0.014240271,0.019629022,0.0074206353,0.008703818,1.9187512
3162,2026-08-24,0.01769025,0.0014189617,0.00922422,0.009344906,1.9175966
8114,2026-08-24,0.015162562,0.008150318,0.007935212,0.008893752,1.910554
6245,2026-08-24,0.022016875,0.0063941083,0.011530209,0.009619622,1.9093292
2428,2026-08-24,0.017547127,0.005856502,0.009237814,0.010533363,1.8992835
1813,2026-08-24,0.0226894,0.033203647,0.0119529255,0.010957703,1.898071
2072,2026-08-24,0.016300999,0.0074204854,0.008594647,0.009660762,1.8964248
1416,2026-08-24,0.025435511,0.06753015,0.0134298,0.011568638,1.8938195
8076,2026-08-24,0.018277088,0.014562633,0.009666335,0.008918639,1.8906026
3017,2026-08-24,0.024704004,0.01486637,0.013106413,0.013689447,1.8847352
1101,2026-08-24,0.020907143,0.03525799,0.011148857,0.009690726,1.8751041
2233,2026-08-24,0.019016083,0.00036068607,0.010164639,0.010663873,1.8706235
4737,2026-08-24,0.016831469,0.025007438,0.009015293,0.0103487065,1.8667836
1712,2026-08-24,0.016769769,0.033802386,0.0090296995,0.009579131,1.8569733
8930,2026-08-24,0.017477712,0.038222447,0.009452795,0.009658206,1.8487508
3266,2026-08-24,0.022574516,0.05252785,0.012218426,0.010887335,1.8474284
2616,2026-08-24,0.02143383,0.03936027,0.011604758,0.011168325,1.8468273
5523,2026-08-24,0.017923035,0.041368287,0.009799461,0.010146671,1.8287951
6167,2026-08-24,0.023775462,0.04419946,0.013116646,0.011300827,1.8124794
3290,2026-08-24,0.015699055,-0.0035268143,0.008675835,0.0074414224,1.8093065
8487,2026-08-24,0.01257729,0.014244755,0.0069530313,0.008633443,1.808633
1503,2026-08-24,0.01887267,0.0073240935,0.010443289,0.007380751,1.8069848
8047,2026-08-24,0.0155339185,0.020333175,0.008597561,0.009133331,1.8065718
6171,2026-08-24,0.015130357,0.027797425,0.008436548,0.008331334,1.7932173
2444,2026-08-24,0.015814902,0.018425075,0.008825497,0.008782753,1.7917529
3705,2026-08-24,0.018728716,0.049857542,0.010502167,0.013280521,1.7831494
3231,2026-08-24,0.0152622545,0.0061409385,0.008559031,0.008917845,1.7829671
2379,2026-08-24,0.01913119,0.019354919,0.010758664,0.010661972,1.778047
6118,2026-08-24,0.016708653,0.020201726,0.009434455,0.006971325,1.770837
3268,2026-08-24,0.014933079,-0.0026698357,0.008450122,0.009155177,1.7669936
2365,2026-08-24,0.01794719,0.0041645295,0.010249371,0.010362882,1.7508819
6231,2026-08-24,0.015999546,0.0043306095,0.009151451,0.011941477,1.7481159
2408,2026-08-24,0.019010194,0.009605653,0.010883088,0.012339059,1.7466041
2012,2026-08-24,0.015294138,0.017263846,0.008766191,0.008165585,1.7444742
2642,2026-08-24,0.01503558,0.0372005,0.008625699,0.00943986,1.7429122
6185,2026-08-24,0.013768685,0.00027741038,0.007931856,0.007466762,1.7356528
2516,2026-08-24,0.017291792,0.05785381,0.010013207,0.011538682,1.726726
6283,2026-08-24,0.013391766,0.021626597,0.0077568856,0.005693316,1.7262135
8107,2026-08-24,0.018670937,0.046363853,0.010845386,0.009753617,1.7213969
4545,2026-08-24,0.014688264,0.021097952,0.008554481,0.008209952,1.716825
2606,2026-08-24,0.019298656,0.057283234,0.011258325,0.014774182,1.7140154
3357,2026-08-24,0.019033225,-0.018562902,0.011141177,0.013340665,1.7082142
3095,2026-08-24,0.014517405,0.010570983,0.008504025,0.011308581,1.706921
3167,2026-08-24,0.018911136,-0.012136987,0.011098231,0.011361212,1.7038239
2722,2026-08-24,0.015908334,0.025748204,0.009349817,0.008349213,1.7012774
3443,2026-08-24,0.023377892,0.01098276,0.013895239,0.008690063,1.6823179
3617,2026-08-24,0.0148137715,0.027240105,0.008821009,0.011274249,1.6791835
2610,2026-08-24,0.014134344,0.02262777,0.00844206,0.007040261,1.6740782
4580,2026-08-24,0.017015247,0.022517439,0.010229873,0.011918051,1.6631275
3131,2026-08-24,0.021651149,0.018839756,0.013044536,0.012622819,1.6596595
2207,2026-08-24,0.014691819,0.02866421,0.0089000305,0.006729893,1.650575
2543,2026-08-24,0.013184767,0.00974748,0.008020313,0.0072647375,1.6437167
6556,2026-08-24,0.011620376,0.023878997,0.0070842444,0.011405473,1.6400813
2501,2026-08-24,0.01175862,0.025450738,0.0072028562,0.0071750367,1.6322675
7402,2026-08-24,0.017042257,0.0046761823,0.010464551,0.011885315,1.6284146
2105,2026-08-24,0.014714094,0.03145363,0.009073071,0.009550442,1.6215537
8476,2026-08-24,0.01910022,0.02671629,0.011781155,0.012559683,1.6211144
6657,2026-08-24,0.01869811,0.024789672,0.011555735,0.007769829,1.6179404
2739,2026-08-24,0.017446427,0.06642249,0.010783673,0.010101709,1.6177056
2852,2026-08-24,0.018777924,0.069986805,0.01168714,0.011486781,1.6065793
3029,2026-08-24,0.014478149,0.034115814,0.009041741,0.013657738,1.6010797
7584,2026-08-24,0.014678095,0.0068466286,0.009167801,0.010283263,1.600874
1626,2026-08-24,0.011472968,0.01684117,0.0071686134,0.009380283,1.6002214
6139,2026-08-24,0.017372744,0.002838905,0.011070157,0.010940264,1.5691894
2427,2026-08-24,0.012338885,0.0071710707,0.007877505,0.008492337,1.5661454
2062,2026-08-24,0.015739897,0.051970545,0.0101972455,0.012370763,1.5433927
6568,2026-08-24,0.016239263,-0.0005500657,0.010560678,0.011177738,1.5375646
3520,2026-08-24,0.01763084,0.014450908,0.011466433,0.009271053,1.5374705
1315,2026-08-24,0.0151053425,0.046415694,0.009858412,0.009966208,1.5320734
6716,2026-08-24,0.018294957,0.009909089,0.011955002,0.013526304,1.5301901
4909,2026-08-24,0.0142709315,-0.0050999452,0.0093544135,0.011140425,1.5254196
2419,2026-08-24,0.013687451,0.023090323,0.008991717,0.009521096,1.5220596
4198,2026-08-24,0.012597853,0.026370559,0.008289155,0.008750434,1.5196161
4908,2026-08-24,0.017210377,-0.01975492,0.011340738,0.010349749,1.5174373
6278,2026-08-24,0.017495604,0.005819955,0.011555354,0.013708677,1.5139381
4556,2026-08-24,0.01722501,-0.00014782697,0.011383513,0.012960096,1.5130212
2906,2026-08-24,0.016495882,0.055579763,0.010905631,0.0099350605,1.5124636
4562,2026-08-24,0.009988741,-0.0062342077,0.0066405158,0.007924069,1.5039852
9934,2026-08-24,0.017122922,0.031815283,0.0114101,0.008643961,1.5005496
4433,2026-08-24,0.014880532,0.003039484,0.009963572,0.009434581,1.4933438
0052,2026-08-24,0.029518435,-0.017168099,0.019786486,0.019765051,1.4917728
6517,2026-08-24,0.013457866,0.0067857704,0.009087124,0.010796049,1.480819
3625,2026-08-24,0.016865015,0.007073147,0.011517973,0.011564677,1.4641075
9930,2026-08-24,0.01608539,0.04184765,0.010994574,0.010283238,1.4628967
2539,2026-08-24,0.012130231,-0.008691071,0.00830753,0.008021118,1.4599732
1409,2026-08-24,0.011836507,0.010252114,0.008132241,0.008418026,1.4553248
3038,2026-08-24,0.013532282,0.02477873,0.009301785,0.009141838,1.4546484
3653,2026-08-24,0.016396683,0.009266879,0.011318391,0.0114657795,1.4485481
8472,2026-08-24,0.011256355,0.006243511,0.007774007,0.010869219,1.4477614
8034,2026-08-24,0.015157366,0.007852748,0.0104766125,0.008806017,1.4466431
2887,2026-08-24,0.01295003,0.028050002,0.0089749945,0.008462301,1.4427404
4979,2026-08-24,0.01628621,-0.0149801755,0.011306574,0.01171839,1.4402921
2348,2026-08-24,0.014421567,0.028385222,0.010056074,0.011570855,1.4339725
5529,2026-08-24,0.014935949,0.032656632,0.010445986,0.012074804,1.4296898
6767,2026-08-24,0.0140997525,0.029436354,0.009875656,0.009570902,1.4275836
2547,2026-08-24,0.010447397,0.019880915,0.007320015,0.007821626,1.4270421
1220,2026-08-24,0.011846127,0.017024504,0.008346506,0.009268931,1.4191216
0057,2026-08-24,0.07749902,0.025014618,0.055345725,0.06397088,1.4002458
3563,2026-08-24,0.011203969,-0.00028115895,0.008016065,0.009149885,1.397515
2020,2026-08-24,0.015413916,0.044170316,0.011030438,0.010583768,1.3972716
4109,2026-08-24,0.0129446685,0.028818743,0.009290045,0.010425266,1.3932413
1506,2026-08-24,0.010330183,0.020530045,0.007434989,0.007999971,1.3892145
3623,2026-08-24,0.015762303,0.046283644,0.011407624,0.012846536,1.3816129
2945,2026-08-24,0.012233983,0.016736565,0.008883841,0.009003468,1.37695
1108,2026-08-24,0.010823188,0.006728977,0.007878275,0.007998109,1.3736274
1234,2026-08-24,0.010977275,0.017276807,0.008048225,0.011136894,1.3637679
2027,2026-08-24,0.015634881,0.035992216,0.011555439,0.015409977,1.3529152
4541,2026-08-24,0.018655,0.0017285661,0.013805546,0.015857285,1.3511707
1604,2026-08-24,0.012978242,0.03199051,0.009721811,0.011039685,1.334824
6577,2026-08-24,0.014143709,0.034290377,0.010670557,0.011998636,1.3253651
6234,2026-08-24,0.015318581,0.0068392376,0.011590555,0.012228692,1.3215294
6215,2026-08-24,0.013817014,-0.031941775,0.010465168,0.009399944,1.3201597
6861,2026-08-24,0.014626638,-0.0032613322,0.011123707,0.010656206,1.3147886
3515,2026-08-24,0.008764994,-0.008056485,0.006682388,0.0085355425,1.3114598
6961,2026-08-24,0.01611253,0.023089604,0.012297661,0.0088460725,1.3101044
6115,2026-08-24,0.011469547,0.0030418963,0.008771126,0.006809951,1.307499
6223,2026-08-24,0.010881098,0.008736537,0.008365688,0.006936051,1.3005263
8069,2026-08-24,0.0145108085,-0.012308525,0.011261542,0.012635575,1.2884132
6024,2026-08-24,0.011661553,0.047232088,0.009070376,0.010549467,1.285533
6689,2026-08-24,0.00841411,0.011999895,0.0065523074,0.00792544,1.2839487
2355,2026-08-24,0.00959832,-0.005680864,0.0074953777,0.0075255027,1.2803944
3026,2026-08-24,0.00983173,-0.008667266,0.0076840846,0.008772054,1.2793263
5521,2026-08-24,0.01237674,0.041045204,0.009716732,0.007744424,1.2736242
1236,2026-08-24,0.014743602,0.043773334,0.011596485,0.009182704,1.2712758
8040,2026-08-24,0.012391601,0.0008065836,0.009785264,0.007443075,1.2662238
4934,2026-08-24,0.0074887127,0.018737892,0.0059801363,0.008434985,1.2520552
3532,2026-08-24,0.010645977,0.00018503903,0.008579043,0.00931154,1.2407837
6924,2026-08-24,0.013677594,0.017657245,0.011135381,0.010684885,1.2281902
6235,2026-08-24,0.0076853875,-0.0052870167,0.0062937965,0.0076702256,1.2209113
8215,2026-08-24,0.010424614,-0.0066398242,0.008596459,0.006146384,1.2125226
6947,2026-08-24,0.011073524,-0.0030143892,0.00913199,0.009622548,1.2124752
4133,2026-08-24,0.012401861,0.01705555,0.010245948,0.010624681,1.2102981
6526,2026-08-24,0.013567345,-0.010227612,0.011230034,0.01181199,1.2080228
8938,2026-08-24,0.010197014,0.006783815,0.0085025905,0.010034468,1.1991421
6271,2026-08-24,0.013169545,0.0069648745,0.010999723,0.00968796,1.1971526
6257,2026-08-24,0.016247433,-0.012777602,0.013595524,0.013185828,1.1949695
4952,2026-08-24,0.0131211635,0.020698372,0.010995287,0.008863964,1.1932358
5514,2026-08-24,0.010942327,0.043518957,0.0091898395,0.00869055,1.1905688
2028,2026-08-24,0.015009659,0.04479676,0.012729078,0.0108113745,1.1790705
7760,2026-08-24,0.01020917,0.034214966,0.008683595,0.009047443,1.1755494
3056,2026-08-24,0.012679493,0.030180687,0.010790875,0.008373552,1.174911
4557,2026-08-24,0.010131236,0.027343236,0.008657694,0.00837364,1.1700652
1524,2026-08-24,0.010059514,0.031551536,0.00859648,0.009304481,1.1700537
6207,2026-08-24,0.019529533,-0.025443435,0.016722526,0.01584171,1.1677879
4741,2026-08-24,0.009408697,0.0053811865,0.008092042,0.010574033,1.1625661
2636,2026-08-24,0.014790807,0.065787025,0.012760359,0.014388886,1.1590307
9929,2026-08-24,0.010509499,0.029100616,0.009075422,0.008729264,1.1578901
1560,2026-08-24,0.014024203,-0.0074098557,0.012170785,0.011763622,1.1521895
1468,2026-08-24,0.010447562,0.03257565,0.009072929,0.009842863,1.1513823
2492,2026-08-24,0.016046127,-0.01823011,0.01397695,0.0118626775,1.14796
6208,2026-08-24,0.011862745,0.014729189,0.010408551,0.011741304,1.1396018
6805,2026-08-24,0.012008027,-0.012770113,0.010593568,0.010373878,1.1334136
6591,2026-08-24,0.010083479,-0.0016753209,0.008926773,0.009428488,1.1294506
3211,2026-08-24,0.016273268,-0.021962605,0.014465088,0.014591986,1.1249253
1537,2026-08-24,0.010420612,-0.0042448053,0.00929602,0.009002629,1.1208551
6285,2026-08-24,0.012050013,-0.022561053,0.010766043,0.009602591,1.1191571
3058,2026-08-24,0.012848184,0.017878244,0.011636766,0.009767999,1.1040078
3035,2026-08-24,0.017116122,-0.011326869,0.015505702,0.011051732,1.1037886
6743,2026-08-24,0.007987357,0.0047563533,0.007235603,0.006512532,1.103744
2617,2026-08-24,0.013099804,0.052206766,0.011930967,0.013407638,1.0978746
3015,2026-08-24,0.007983978,-0.01822136,0.007306156,0.007740706,1.0926245
2908,2026-08-24,0.010342403,0.021116138,0.009476603,0.00902344,1.0912467
6535,2026-08-24,0.0077730413,0.0017142709,0.0071250508,0.008182857,1.0907923
4419,2026-08-24,0.009514668,0.0126536945,0.008763292,0.008391511,1.0856174
2321,2026-08-24,0.011024686,0.024933884,0.010194457,0.011048094,1.0813332
6244,2026-08-24,0.011429003,-0.011599283,0.010590277,0.009551055,1.0790958
6496,2026-08-24,0.013779643,0.019662078,0.0128229335,0.010592156,1.0745255
3041,2026-08-24,0.010580931,-0.002141576,0.009848656,0.008144086,1.0742437
1227,2026-08-24,0.008028692,0.016994927,0.0075331405,0.009845825,1.0656414
3228,2026-08-24,0.0076302346,0.005525319,0.007218289,0.0070928386,1.0569233
1903,2026-08-24,0.011169066,0.035052005,0.010574228,0.008233638,1.0561537
8438,2026-08-24,0.008054944,0.00951833,0.007657673,0.008913584,1.0517415
6222,2026-08-24,0.011036464,0.012057668,0.0106981015,0.008659918,1.0315318
2377,2026-08-24,0.010468956,-0.009531037,0.0101530515,0.009092867,1.0310127
5202,2026-08-24,0.009570096,0.016141532,0.009312645,0.007774733,1.027535
3030,2026-08-24,0.011959318,-0.016911335,0.011655433,0.010416897,1.0259843
6821,2026-08-24,0.011687317,0.0018723408,0.011411879,0.0089095505,1.0240463
5425,2026-08-24,0.015277611,-0.009554232,0.014941052,0.012674257,1.0224574
1326,2026-08-24,0.011304217,0.002175459,0.011059252,0.009646175,1.0220579
6122,2026-08-24,0.012549081,0.03898297,0.012389028,0.011913851,1.0128372
6730,2026-08-24,0.0091033345,0.031788956,0.008996812,0.009648303,1.0117276
2454,2026-08-24,0.010869575,0.0025433854,0.010941336,0.010276576,0.99335045
9955,2026-08-24,0.010032496,0.03495287,0.010108003,0.0100240335,0.99243176
2836,2026-08-24,0.0065413783,0.014779638,0.006676099,0.008999436,0.97967374
2375,2026-08-24,0.014166664,-0.01416549,0.014525606,0.009788506,0.9752219
6944,2026-08-24,0.011834396,-0.013417152,0.012141842,0.012711084,0.97459847
6862,2026-08-24,0.0091766035,-0.0106691895,0.009420014,0.008435459,0.97405684
1439,2026-08-24,0.013149842,0.04460244,0.013530695,0.014595996,0.97178084
2897,2026-08-24,0.0121220695,0.029613074,0.012512781,0.012101595,0.9686976
2453,2026-08-24,0.0071681757,0.009693022,0.007409466,0.007308315,0.96730435
2904,2026-08-24,0.0069676046,0.015922595,0.007240443,0.006479566,0.9621846
6725,2026-08-24,0.010101316,0.0009921413,0.010529125,0.01078446,0.9592778
8354,2026-08-24,0.01110866,0.039480425,0.01159141,0.0118636545,0.9582701
1733,2026-08-24,0.010273814,0.049287964,0.011010591,0.009170269,0.93299997
8473,2026-08-24,0.012323094,0.017061029,0.013229639,0.012507221,0.9314057
2905,2026-08-24,0.008649608,0.011996191,0.009304235,0.011348859,0.9295421
2204,2026-08-24,0.008813829,0.03642165,0.00954834,0.007946146,0.9229778
4168,2026-08-24,0.0060412707,0.020534087,0.00658006,0.008961351,0.9179784
2637,2026-08-24,0.010379379,0.025008857,0.011312392,0.0122511005,0.9174418
6144,2026-08-24,0.009682806,0.0020846347,0.010593208,0.012310841,0.9139717
8482,2026-08-24,0.008522661,-0.0039087865,0.009371283,0.010103716,0.90934736
8112,2026-08-24,0.0072646816,-0.01285874,0.008019864,0.009084595,0.9057231
1229,2026-08-24,0.009768693,0.017846879,0.01081404,0.009453228,0.9032507
4560,2026-08-24,0.008058443,0.016908599,0.008925883,0.00592205,0.9027163
5490,2026-08-24,0.009398063,-0.007882376,0.010469941,0.010599311,0.89753747
3322,2026-08-24,0.007846719,-0.0044157407,0.008744774,0.008152674,0.8972011
6875,2026-08-24,0.0066805673,-0.0012147981,0.0074767857,0.009448029,0.89338845
6967,2026-08-24,0.009054331,0.02931291,0.010205945,0.010208525,0.8870755
5460,2026-08-24,0.008170643,0.032415107,0.009211988,0.011144325,0.8868613
2201,2026-08-24,0.011008022,0.036970615,0.012432873,0.009391927,0.88532525
6834,2026-08-24,0.01017959,-0.033582877,0.011514774,0.011651925,0.8839693
4532,2026-08-24,0.008409711,0.02261091,0.009515015,0.009835063,0.8837428
3305,2026-08-24,0.009549884,-0.021997001,0.010830163,0.007416613,0.8817044
8028,2026-08-24,0.008438822,-0.013128668,0.0097098695,0.010338014,0.8690078
6906,2026-08-24,0.00875653,0.00045631814,0.010178297,0.009685806,0.8602293
1614,2026-08-24,0.007897217,0.023131698,0.00927084,0.009993088,0.8517421
3521,2026-08-24,0.007621663,0.0061697518,0.008970517,0.0094522415,0.84954005
5014,2026-08-24,0.009288642,0.006852863,0.011066576,0.011001271,0.8392661
2754,2026-08-24,0.0084223505,0.006549349,0.010165267,0.012879857,0.8284605
4561,2026-08-24,0.009322094,-0.0005158905,0.011372189,0.009732593,0.8196552
6510,2026-08-24,0.00812598,-0.0064768353,0.010084657,0.00991624,0.80569667
1732,2026-08-24,0.009212671,0.028339019,0.011442624,0.008990171,0.80504835
5269,2026-08-24,0.006193442,-0.0039343187,0.0078120953,0.008995857,0.7927002
1713,2026-08-24,0.0052428646,-0.010381343,0.006723745,0.00749996,0.77963775
6423,2026-08-24,0.00928376,0.016262298,0.012029995,0.009533489,0.7716535
1623,2026-08-24,0.006802009,-0.01237962,0.008852048,0.008693692,0.76832396
3043,2026-08-24,0.008183908,0.024241036,0.01070472,0.009249231,0.7644425
1338,2026-08-24,0.0058167796,-0.0041407407,0.0076181134,0.008053922,0.76344573
6435,2026-08-24,0.009555655,0.006156183,0.012548787,0.012570839,0.76141965
8227,2026-08-24,0.008544224,-0.007893439,0.011235691,0.011415983,0.76038617
1231,2026-08-24,0.006495331,0.0041449466,0.008556905,0.0089015905,0.75898606
7610,2026-08-24,0.00583663,0.011104187,0.0077398084,0.0074138143,0.7540078
7818,2026-08-24,0.0062956125,0.004566455,0.008399698,0.0075149927,0.7494154
7819,2026-08-24,0.009054458,-0.0006605994,0.0122641,0.009533858,0.7382294
4534,2026-08-24,0.0077553787,0.013193249,0.010547414,0.0095735965,0.73521745
6770,2026-08-24,0.0078511145,-0.0016599611,0.010917915,0.0103837345,0.71903795
6111,2026-08-24,0.005496554,-4.085737e-05,0.0076519856,0.008159231,0.7182235
4720,2026-08-24,0.0067170183,0.0022663623,0.009369756,0.010731476,0.7168064
7734,2026-08-24,0.0066607436,-0.0110986205,0.00935706,0.009784807,0.7117654
6684,2026-08-24,0.006419166,-0.0016832314,0.009039135,0.014072949,0.7100741
4154,2026-08-24,0.0062349667,0.02413005,0.008806885,0.0069453777,0.7078846
8454,2026-08-24,0.0062689623,-0.017036092,0.008914403,0.009009186,0.7031608
1434,2026-08-24,0.006706682,0.012943937,0.009578197,0.009552216,0.70012987
2248,2026-08-24,0.0067469236,0.021496467,0.00964364,0.012348204,0.6995516
1723,2026-08-24,0.006485603,0.033325657,0.009288884,0.010408897,0.69813603
5234,2026-08-24,0.007129578,-0.01823283,0.010228635,0.009347557,0.6969533
6613,2026-08-24,0.0060129673,-0.0070153344,0.008643739,0.01097589,0.6955638
8155,2026-08-24,0.0058386405,0.00040565067,0.008560733,0.012185721,0.6819461
2017,2026-08-24,0.0068859337,0.03269217,0.010170404,0.009653093,0.6769895
4566,2026-08-24,0.0057487865,-0.04950281,0.008524326,0.011763913,0.6743187
4806,2026-08-24,0.00586676,0.0068456302,0.008719683,0.007843667,0.6727409
6179,2026-08-24,0.0073222606,0.0016894636,0.010927894,0.011186545,0.66999096
4583,2026-08-24,0.009179681,-0.0125983795,0.014003994,0.008566016,0.6554577
6609,2026-08-24,0.0075298636,0.011538532,0.01164057,0.010141366,0.64680827
2884,2026-08-24,0.0061100647,0.0060610175,0.009501617,0.008008787,0.64298755
6148,2026-08-24,0.004221381,-0.006083259,0.006618197,0.008050489,0.63774824
5871,2026-08-24,0.00402381,0.016370485,0.006356399,0.008339416,0.6329334
4585,2026-08-24,0.0065657794,-0.020944217,0.010444542,0.010442466,0.62857234
6614,2026-08-24,0.004171831,0.005105066,0.006645693,0.006501461,0.62765515
5203,2026-08-24,0.0045519094,-0.011945307,0.007317019,0.008683734,0.62201387
1235,2026-08-24,0.0061470205,0.013649625,0.009907116,0.01008195,0.6204025
8121,2026-08-24,0.0061547547,-0.011009562,0.010023231,0.010448613,0.61398774
2345,2026-08-24,0.0061053867,-0.010309494,0.010012479,0.009412037,0.60971683
6994,2026-08-24,0.004734463,-0.0016037832,0.007883418,0.00999734,0.6004835
6470,2026-08-24,0.0051254774,0.0031886552,0.008612343,0.0078515895,0.5950625
3008,2026-08-24,0.005660803,0.004239741,0.009575661,0.011538542,0.59110403
2442,2026-08-24,0.005550248,0.038223878,0.0095127495,0.009416762,0.58339226
4763,2026-08-24,0.0061236843,-0.01047254,0.010549824,0.009891433,0.5803987
1742,2026-08-24,0.005354733,0.041665103,0.009507071,0.011488257,0.56317765
3293,2026-08-24,0.006534205,-0.001995652,0.011683288,0.008950179,0.55923
3122,2026-08-24,0.004826539,0.010401936,0.008732376,0.008151292,0.55265445
5210,2026-08-24,0.0046749697,0.013730126,0.008474624,0.008540695,0.5515782
1781,2026-08-24,0.0026151761,0.000753683,0.0049205464,0.007006774,0.53137285
8068,2026-08-24,0.004112317,0.004156048,0.0077627064,0.008089085,0.5296848
3583,2026-08-24,0.0045897276,-0.016723203,0.008775327,0.007418512,0.52296674
7744,2026-08-24,0.004708326,0.007071914,0.009152982,0.010604927,0.51434726
1307,2026-08-24,0.005060244,0.011358309,0.010098123,0.0111069,0.50105774
1590,2026-08-24,0.0036334933,-0.009856838,0.007274822,0.006776351,0.49939287
6155,2026-08-24,0.00608462,-0.04256567,0.012477684,0.012798498,0.4876011
1517,2026-08-24,0.0050381487,-0.0015179291,0.01034107,0.00764622,0.4871509
2254,2026-08-24,0.0030460306,-0.001742324,0.0062741432,0.0073138815,0.48541215
3379,2026-08-24,0.0042424193,0.0066436827,0.008743183,0.009636536,0.48517045
8929,2026-08-24,0.0051810322,0.0023036532,0.010710153,0.010752879,0.48370445
9910,2026-08-24,0.004136776,0.011253859,0.008653409,0.0100673605,0.47799638
4739,2026-08-24,0.0034489115,-0.0314599,0.007373264,0.008977648,0.4676957
5457,2026-08-24,0.0039451974,-0.0043623177,0.008526884,0.009989699,0.46262324
2440,2026-08-24,0.004033473,0.008264452,0.008726497,0.008232685,0.46215686
6237,2026-08-24,0.0049012545,0.0029962235,0.01088938,0.008656241,0.45005357
8442,2026-08-24,0.0038250904,0.017138388,0.0086058965,0.008348195,0.44442156
8249,2026-08-24,0.0046002776,-0.0060104528,0.010512114,0.007956829,0.4375752
3294,2026-08-24,0.0046134195,-0.014019045,0.010583358,0.008340715,0.43587145
6505,2026-08-24,0.004751287,0.0029777035,0.010981508,0.010622805,0.43262312
8104,2026-08-24,0.0030010915,-0.003503973,0.007031753,0.008373215,0.4267307
2474,2026-08-24,0.0034890168,0.002210503,0.008368418,0.009345193,0.41687688
7772,2026-08-24,0.0046214103,-0.0074564423,0.011264298,0.007462961,0.41023415
1599,2026-08-24,0.0035248485,0.0010409297,0.008658829,0.008447627,0.4070344
1303,2026-08-24,0.0045682937,-0.00010309044,0.011385088,0.012502643,0.40121713
0053,2026-08-24,0.0064413673,0.004279187,0.016243163,0.020867066,0.39653426
6175,2026-08-24,0.0037364538,-0.026427098,0.009444498,0.008588343,0.39558035
1580,2026-08-24,0.0040430194,-0.0035661708,0.0103793,0.008859005,0.38948962
3287,2026-08-24,0.0038443427,0.037441134,0.009908991,0.012715447,0.38792595
3002,2026-08-24,0.0039680856,0.007593885,0.010410858,0.0090087615,0.38111213
6264,2026-08-24,0.005019923,0.02701753,0.013376891,0.010252407,0.37524027
3257,2026-08-24,0.00297856,-0.015641596,0.008086152,0.007987096,0.36830762
6277,2026-08-24,0.0038950893,0.0038318783,0.010912963,0.009012927,0.35689044
6233,2026-08-24,0.0036479519,0.014962202,0.010614694,0.007807466,0.34363762
1454,2026-08-24,0.0034682616,0.003753603,0.010344012,0.009682972,0.33525932
1325,2026-08-24,0.0031265388,-0.0017813534,0.009428824,0.009129736,0.33155853
3023,2026-08-24,0.003238361,0.004835136,0.009845022,0.010855634,0.32890043
1725,2026-08-24,0.0036783107,0.033320338,0.012112223,0.011518895,0.30366078
2472,2026-08-24,0.0032364165,-0.029017663,0.010748555,0.008229555,0.30107445
2029,2026-08-24,0.002589745,0.016797973,0.0086706765,0.007952578,0.2986441
3516,2026-08-24,0.0028507444,0.011300993,0.0095716575,0.010921339,0.29780072
3042,2026-08-24,0.0037774732,-0.031377375,0.012800244,0.0100062685,0.2950864
7780,2026-08-24,0.0026049162,0.018814946,0.009002102,0.009676028,0.28933543
6796,2026-08-24,0.0028842026,0.015214922,0.010089093,0.011844473,0.285845
6274,2026-08-24,0.0034192635,-0.021218177,0.012141244,0.010908562,0.28160062
7791,2026-08-24,0.0022221173,-0.006928392,0.008119806,0.008662431,0.27363262
6934,2026-08-24,0.0031235346,0.011798126,0.011467249,0.009341603,0.2723637
1104,2026-08-24,0.0027032164,0.019309519,0.010007286,0.009605649,0.27009782
6117,2026-08-24,0.0027625237,-0.018771123,0.010303905,0.009852942,0.2680785
4966,2026-08-24,0.0026682392,-0.00012496846,0.0101041375,0.01027703,0.26404777
3413,2026-08-24,0.0028814378,-0.006006065,0.011522427,0.009629844,0.25005043
6284,2026-08-24,0.0018933421,-0.03366152,0.0076304153,0.008899078,0.24809843
4157,2026-08-24,0.0021890774,0.017385872,0.009031047,0.008602096,0.2423678
4426,2026-08-24,0.0016318931,0.0038108393,0.0067804833,0.007853629,0.24063955
2460,2026-08-24,0.0022805224,0.0063605094,0.009605127,0.008041146,0.23740289
2347,2026-08-24,0.0024300567,-0.010650093,0.010277799,0.010003572,0.23641445
3447,2026-08-24,0.0018177518,0.012000064,0.008305369,0.008402138,0.2188383
3284,2026-08-24,0.002135158,-0.0045826808,0.009965489,0.010552418,0.21423373
4931,2026-08-24,0.003417159,-0.01537028,0.016166287,0.015574578,0.21136256
3709,2026-08-24,0.0018348116,-0.009363213,0.008934045,0.011046317,0.20535001
3526,2026-08-24,0.0019132296,-0.01363942,0.009562533,0.009774891,0.20005468
1336,2026-08-24,0.0019652485,0.006501907,0.009828126,0.010083381,0.19994132
6706,2026-08-24,0.0022156227,-0.032167546,0.011371629,0.011289961,0.19482061
3354,2026-08-24,0.002274704,0.0041399985,0.011727885,0.0075683407,0.19394033
3703,2026-08-24,0.0013598864,0.007862317,0.007350848,0.006926309,0.18497205
6291,2026-08-24,0.0016106346,-0.020595675,0.008961149,0.010106245,0.17971523
2614,2026-08-24,0.0016066466,0.025489544,0.009152825,0.008741571,0.17551641
3338,2026-08-24,0.0016409818,-0.013432075,0.009478226,0.008489428,0.17311347
6754,2026-08-24,0.0016379409,0.026847355,0.009592974,0.010527662,0.17072602
4131,2026-08-24,0.0017801583,0.003841339,0.010819168,0.0086429585,0.16452223
8499,2026-08-24,0.0025951534,0.00664289,0.01700698,0.016808374,0.15258445
1721,2026-08-24,0.0011913151,0.008739864,0.008253094,0.009865816,0.1443302
2015,2026-08-24,0.0014022898,0.020657381,0.010193208,0.010075213,0.1375575
6789,2026-08-24,0.0013750807,-0.028125307,0.010108907,0.008880225,0.13601318
5487,2026-08-24,0.0017391677,0.024605963,0.013566493,0.010122362,0.12818637
3450,2026-08-24,0.0018140725,-0.04779579,0.014346857,0.011644663,0.12643509
3057,2026-08-24,0.001289213,0.0029484502,0.010671387,0.010307446,0.12079892
6530,2026-08-24,0.0014156546,-0.027809003,0.011745885,0.010394404,0.120513186
6846,2026-08-24,0.0011001277,-0.007641823,0.010073308,0.01062279,0.10920131
2367,2026-08-24,0.0009509566,-0.018326266,0.010067074,0.012051321,0.09445269
2481,2026-08-24,0.0009305234,-0.035108566,0.009935597,0.010400952,0.09364608
3217,2026-08-24,0.0009437713,-0.0021204224,0.01007986,0.0089326445,0.093620114
3558,2026-08-24,0.0011629482,0.0023675277,0.01293987,0.011372737,0.0898663
4142,2026-08-24,0.0010027097,0.01596142,0.011359357,0.010034262,0.08826392
8422,2026-08-24,0.00083476154,0.0031535267,0.009532185,0.007207327,0.08756375
3003,2026-08-24,0.000930959,-0.021579532,0.010693763,0.007666231,0.08704811
3483,2026-08-24,0.0006998631,-0.012693113,0.008684805,0.008111606,0.0805755
2032,2026-08-24,0.0007187466,0.027655639,0.009038985,0.0073426864,0.0795075
6282,2026-08-24,0.00066220516,-0.022370454,0.008392157,0.007825492,0.07889822
8440,2026-08-24,0.0009723172,0.037672374,0.012489238,0.011340262,0.07784617
5251,2026-08-24,0.0005962527,0.004687205,0.008889567,0.011177663,0.06706576
2913,2026-08-24,0.00066969893,0.019481506,0.010545599,0.009264076,0.06349904
3071,2026-08-24,0.0005935127,-0.0043125395,0.009709638,0.0087971585,0.06111985
3557,2026-08-24,0.0005707202,0.007531436,0.009616269,0.009152773,0.059343267
6698,2026-08-24,0.00052613387,-0.012024689,0.009390643,0.009727587,0.056021493
2049,2026-08-24,0.00044257965,-0.0448911,0.0109280925,0.0106355995,0.040495552
1540,2026-08-24,0.00044044977,0.0067135096,0.011541972,0.01015126,0.038157396
7732,2026-08-24,0.00032869304,0.017583458,0.008879204,0.009037928,0.03701413
2101,2026-08-24,0.0003075838,0.017853437,0.010120214,0.009287584,0.030390011
5299,2026-08-24,0.00024909078,-0.02152729,0.008858407,0.010479009,0.028115965
2303,2026-08-24,0.0001932151,0.0011388103,0.008396098,0.012771042,0.023009745
1532,2026-08-24,0.0002235995,0.0319841,0.011380025,0.011323331,0.019646693
3530,2026-08-24,0.0001740165,0.00091405615,0.0095367115,0.010112767,0.0182451
9907,2026-08-24,7.769602e-05,0.023141734,0.011633853,0.010874741,0.0066778683
4549,2026-08-24,5.7317597e-05,0.028938334,0.010221994,0.009526777,0.005606733
6465,2026-08-24,1.8673763e-05,-0.006309008,0.008396931,0.0092846,0.0022236146
5272,2026-08-24,-0.00011919836,-0.016191153,0.008779832,0.007921095,-0.013574836
8261,2026-08-24,-0.0004449604,-0.029825041,0.011922512,0.013447243,-0.037317898
6771,2026-08-24,-0.00036414538,0.037747674,0.008742337,0.008569061,-0.04164833
3297,2026-08-24,-0.00045442893,0.0055714496,0.010823681,0.009362415,-0.041980814
4973,2026-08-24,-0.0003870573,0.0052609923,0.00916049,0.01015085,-0.042248294
6683,2026-08-24,-0.00046483811,-0.011876522,0.010076907,0.009647601,-0.046124466
2323,2026-08-24,-0.00029921718,-0.014458886,0.006454201,0.0061642313,-0.046352886
3661,2026-08-24,-0.0003927966,-0.006351272,0.008233511,0.009929184,-0.047701266
3518,2026-08-24,-0.0005602172,-0.019116245,0.011025798,0.01072528,-0.050805066
5907,2026-08-24,-0.00049460767,0.012692595,0.009714347,0.008512055,-0.05090993
3555,2026-08-24,-0.0005796897,0.0012527506,0.010658705,0.011567763,-0.0543814
6124,2026-08-24,-0.00042586258,-0.008219409,0.0077556176,0.008390537,-0.05490313
6679,2026-08-24,-0.00063398766,-0.015617201,0.009369396,0.00767433,-0.06765858
2608,2026-08-24,-0.00086500257,0.010342724,0.009728971,0.007339118,-0.088900834
3086,2026-08-24,-0.00065586955,-0.0019939302,0.0072139967,0.008250005,-0.090903655
2705,2026-08-24,-0.001048522,0.015047838,0.010641457,0.009888273,-0.098522544
8927,2026-08-24,-0.0011570794,0.027662616,0.011101123,0.010397314,-0.10422145
6187,2026-08-24,-0.0010554385,-0.021966295,0.009983241,0.011720612,-0.10571045
4137,2026-08-24,-0.001116896,-0.0088051595,0.010464905,0.008764809,-0.10671758
6680,2026-08-24,-0.0010795776,-0.0049328376,0.009813677,0.011514455,-0.109996244
3481,2026-08-24,-0.0010691601,-0.009421516,0.0088533545,0.009551925,-0.12074963
5703,2026-08-24,-0.001453679,0.045728642,0.010269211,0.0118626645,-0.14154325
5289,2026-08-24,-0.0010856693,0.0049705347,0.007182168,0.010528649,-0.15114073
2059,2026-08-24,-0.0018446007,0.012420025,0.011234386,0.0075337603,-0.16417778
6829,2026-08-24,-0.0024478068,-0.023295641,0.014801877,0.009244874,-0.16536021
7827,2026-08-24,-0.0015877634,0.013255875,0.009164963,0.013881231,-0.17322385
2324,2026-08-24,-0.0020013964,-0.011871012,0.011418616,0.010598564,-0.1752595
5243,2026-08-24,-0.0017964796,-0.010008842,0.010175232,0.011568404,-0.17653681
6872,2026-08-24,-0.0018022747,0.0099956505,0.009473994,0.009563319,-0.1902138
5530,2026-08-24,-0.0016980226,0.009831377,0.008640182,0.009774253,-0.1965035
2417,2026-08-24,-0.0019760332,-0.014629829,0.010019272,0.01015058,-0.19720355
3346,2026-08-24,-0.0016661264,0.008254958,0.008354044,0.0078435,-0.19941564
4513,2026-08-24,-0.002334045,0.0025964503,0.011391309,0.012216886,-0.204879
2007,2026-08-24,-0.002384746,0.017366458,0.011320932,0.009458612,-0.21063066
6214,2026-08-24,-0.002107253,0.021735495,0.009978469,0.010625589,-0.21115883
6182,2026-08-24,-0.0030901984,-0.0032601727,0.014215783,0.011135458,-0.2173627
2816,2026-08-24,-0.0027531513,0.047802098,0.012434065,0.01126584,-0.22140224
1616,2026-08-24,-0.0024663026,0.016371246,0.010846562,0.009315329,-0.22736008
6492,2026-08-24,-0.0024590825,-0.02164442,0.010376071,0.012785873,-0.2369727
8429,2026-08-24,-0.0022098562,-0.005038591,0.009171304,0.009306403,-0.24092704
6669,2026-08-24,-0.002321759,-0.015994227,0.008759614,0.007622854,-0.2650224
5351,2026-08-24,-0.0031738868,-0.01011075,0.0119413445,0.010955792,-0.26576748
5222,2026-08-24,-0.0023502966,-0.025851225,0.008453639,0.007994894,-0.27798897
1815,2026-08-24,-0.003218095,-0.0072301785,0.011498789,0.013351562,-0.2798395
4543,2026-08-24,-0.0033272563,0.026329,0.011700963,0.012386665,-0.28433317
4749,2026-08-24,-0.0021327264,-0.007620754,0.007388324,0.008466405,-0.28862268
1514,2026-08-24,-0.0022755181,-0.013246228,0.007742754,0.009210967,-0.29385206
8046,2026-08-24,-0.0031390823,-0.042524766,0.010546234,0.014966444,-0.29762137
6781,2026-08-24,-0.0028749905,-0.019074254,0.00962979,0.009233987,-0.29852074
3311,2026-08-24,-0.0031360134,0.0007112107,0.010374354,0.008103499,-0.30225602
2104,2026-08-24,-0.0029090822,0.0054107592,0.009585058,0.009945011,-0.3034701
5464,2026-08-24,-0.0046229316,-0.03763579,0.014838401,0.0143747,-0.31153086
1533,2026-08-24,-0.0027528268,0.008504424,0.0087033855,0.00705147,-0.31625745
3062,2026-08-24,-0.0029728978,-0.014415395,0.009277755,0.005890027,-0.32039833
3491,2026-08-24,-0.00271311,-0.0082782265,0.008412431,0.008038658,-0.32247368
4510,2026-08-24,-0.0043654055,-0.022416038,0.01315489,0.01166322,-0.33182135
6578,2026-08-24,-0.0038173308,0.025315825,0.011409246,0.008810967,-0.33455288
3264,2026-08-24,-0.0038810656,-0.02355522,0.011557911,0.01175084,-0.33576396
2424,2026-08-24,-0.00380951,0.0053028087,0.01120473,0.01020335,-0.3399609
6910,2026-08-24,-0.0029495033,0.009051289,0.008637144,0.008822694,-0.34145102
7704,2026-08-24,-0.003090695,0.001658641,0.008789691,0.010717077,-0.35158724
3308,2026-08-24,-0.0039233607,0.006659967,0.010915934,0.012955039,-0.35938302
8011,2026-08-24,-0.0025609077,0.002378644,0.007090155,0.007047121,-0.36114115
4938,2026-08-24,-0.0025094398,-0.017998297,0.0068685454,0.010136778,-0.36529925
7556,2026-08-24,-0.0040110177,0.017065175,0.0108765885,0.008657975,-0.36874145
9802,2026-08-24,-0.0028746768,0.0058435923,0.0075991494,0.01033554,-0.37823954
6757,2026-08-24,-0.004267867,0.011902982,0.011276648,0.011165991,-0.3784359
8277,2026-08-24,-0.0033865382,0.014921761,0.008669907,0.011705125,-0.3905633
8466,2026-08-24,-0.003574052,-0.010288628,0.00899667,0.00898415,-0.3972197
4569,2026-08-24,-0.0045228056,-0.012546888,0.011304362,0.0089502465,-0.40005845
3694,2026-08-24,-0.0033499685,-0.023457782,0.008208706,0.009905253,-0.40804973
2880,2026-08-24,-0.0048983535,0.003349522,0.011755931,0.009805148,-0.41663536
5276,2026-08-24,-0.004039285,0.0057629105,0.009583405,0.009742948,-0.42144343
6482,2026-08-24,-0.0045297644,0.022982448,0.010508579,0.009838063,-0.4310129
6202,2026-08-24,-0.005266285,-0.048212893,0.012083149,0.010953422,-0.4358011
3529,2026-08-24,-0.0043012346,-0.011772287,0.00976249,0.0075705107,-0.44054273
8996,2026-08-24,-0.0042311046,-0.024740364,0.0094032455,0.010148435,-0.4499143
6020,2026-08-24,-0.0037139084,-0.0019013495,0.008107072,0.0073381956,-0.45805073
6558,2026-08-24,-0.0034507369,-0.005976413,0.007485081,0.007002846,-0.46095374
7715,2026-08-24,-0.003916362,-0.014627392,0.0084320605,0.010363379,-0.46440575
4904,2026-08-24,-0.00650073,0.022804582,0.013866901,0.009370785,-0.46876088
2002,2026-08-24,-0.0039226734,0.0033743372,0.008361957,0.008492205,-0.4690534
4906,2026-08-24,-0.0055676443,-0.024178637,0.011808952,0.008676141,-0.47143662
5291,2026-08-24,-0.005743148,-0.005945124,0.011911502,0.013110494,-0.48211095
8932,2026-08-24,-0.0051866313,-0.020277869,0.010562669,0.0096621085,-0.4909877
2712,2026-08-24,-0.004337786,0.015577735,0.00851417,0.0072417334,-0.50941867
2106,2026-08-24,-0.0046274373,-0.005287341,0.008862274,0.012537478,-0.5220912
3669,2026-08-24,-0.004422364,-0.012643756,0.008465625,0.007081277,-0.522329
9943,2026-08-24,-0.0050493763,0.008273964,0.009574742,0.008102174,-0.5273091
6512,2026-08-24,-0.004136649,0.01646943,0.0078077153,0.009853882,-0.5297477
6218,2026-08-24,-0.0060892384,0.020036109,0.011396047,0.010019873,-0.53428215
1605,2026-08-24,-0.005771344,-0.017957823,0.010783844,0.011090036,-0.5351347
3552,2026-08-24,-0.0052770134,-0.0057181357,0.009682425,0.00905031,-0.54495317
6695,2026-08-24,-0.0046260017,-0.025377743,0.008229917,0.0091782715,-0.5620275
5258,2026-08-24,-0.0052207094,-0.008335252,0.009225506,0.0066571664,-0.56583816
8404,2026-08-24,-0.0047696223,-0.0057444945,0.008393706,0.008469226,-0.56817025
5543,2026-08-24,-0.005206505,-0.0062244106,0.009038664,0.010593105,-0.5759622
6651,2026-08-24,-0.00569587,-0.0028990612,0.009625754,0.010132229,-0.5916709
4178,2026-08-24,-0.0056601507,-0.0044086385,0.009509614,0.0076383404,-0.5951404
2395,2026-08-24,-0.006160295,-0.01853587,0.010250928,0.011865144,-0.60089135
6654,2026-08-24,-0.008253129,-0.022269713,0.013646539,0.015855387,-0.6047339
2478,2026-08-24,-0.009528356,-0.04942223,0.015730845,0.013293545,-0.60567313
6649,2026-08-24,-0.005835885,0.0038759152,0.009618581,0.010481254,-0.6066673
6582,2026-08-24,-0.007477217,0.019780455,0.012141442,0.011769011,-0.61579186
2615,2026-08-24,-0.009603758,0.024142325,0.01553473,0.014336704,-0.61817235
6603,2026-08-24,-0.0056653176,-0.043136343,0.009122014,0.010314311,-0.6209919
2357,2026-08-24,-0.004627866,-0.019465584,0.0072957077,0.0084574465,-0.6342403
6133,2026-08-24,-0.005425283,0.0142994905,0.008526447,0.008073811,-0.6362142
8071,2026-08-24,-0.004960408,-0.023232,0.007756138,0.009905167,-0.63946366
1785,2026-08-24,-0.0068366406,-0.023585157,0.010585966,0.0117871165,-0.6457602
6441,2026-08-24,-0.0050502885,-0.010481707,0.007818249,0.0067448146,-0.645879
8488,2026-08-24,-0.0058438512,-0.0077954386,0.008946617,0.0077466425,-0.65311813
6909,2026-08-24,-0.0055600237,-0.010068949,0.008456635,0.007990749,-0.6573969
6152,2026-08-24,-0.0071710865,-0.025002101,0.010813443,0.0116535155,-0.6631027
5344,2026-08-24,-0.0049285493,-0.009938111,0.007405629,0.0075410567,-0.6654241
2038,2026-08-24,-0.0087127155,0.014246803,0.013077419,0.010159699,-0.66619027
8478,2026-08-24,-0.00467919,-0.003510757,0.0068245586,0.008383316,-0.68553954
2243,2026-08-24,-0.007885719,-0.0063519357,0.011468806,0.012296626,-0.6875198
4190,2026-08-24,-0.0054817167,0.0011557323,0.007953783,0.009448112,-0.68910956
6671,2026-08-24,-0.007305046,0.0050944756,0.010544242,0.0118222665,-0.6927338
2014,2026-08-24,-0.0064554526,0.012218724,0.009055239,0.010733891,-0.71281826
4563,2026-08-24,-0.0069064926,0.0080025615,0.009619332,0.011666897,-0.7179058
4768,2026-08-24,-0.009966841,-0.0016756718,0.013849482,0.016320512,-0.71960247
2618,2026-08-24,-0.0063038007,0.0016727346,0.008752142,0.008425493,-0.72017574
3081,2026-08-24,-0.0070216674,-0.018928427,0.009719357,0.0095022805,-0.7223672
3596,2026-08-24,-0.0057345587,-0.019099243,0.0076955,0.0075955265,-0.7450866
3716,2026-08-24,-0.007049354,0.025734935,0.009439755,0.010598389,-0.74669385
6206,2026-08-24,-0.006431365,-0.034199674,0.0084317615,0.007283063,-0.76266414
6877,2026-08-24,-0.008055883,-0.031320393,0.010532071,0.010546938,-0.7648181
2023,2026-08-24,-0.007453772,0.011367882,0.009643609,0.009105967,-0.77284336
2462,2026-08-24,-0.0067054094,-0.0026375821,0.00851728,0.010196636,-0.78717875
1538,2026-08-24,-0.0073630046,-0.018298436,0.009339664,0.008330207,-0.78827417
1618,2026-08-24,-0.0099104205,1.2643464e-05,0.012502229,0.009229217,-0.7926289
5225,2026-08-24,-0.006776564,-0.015824754,0.008372581,0.007620898,-0.8092791
2337,2026-08-24,-0.009560509,-0.02434944,0.011776781,0.011959151,-0.81174105
2762,2026-08-24,-0.006009993,-0.0045922473,0.0072333612,0.010359749,-0.8307566
6188,2026-08-24,-0.0075806123,-0.033378903,0.009104878,0.009304634,-0.8324966
3090,2026-08-24,-0.011404826,-0.03724781,0.013208528,0.014310739,-0.86337876
2450,2026-08-24,-0.0057325833,0.0012518486,0.0065790066,0.007945586,-0.8712124
8409,2026-08-24,-0.008553883,-0.010448557,0.009594986,0.010149931,-0.8914022
2923,2026-08-24,-0.008150871,-0.017030975,0.009122464,0.009145798,-0.8933965
4772,2026-08-24,-0.012853703,-0.0046791676,0.01427203,0.01435591,-0.9005588
4722,2026-08-24,-0.012215636,-0.05118339,0.013428306,0.016592842,-0.90962523
4916,2026-08-24,-0.009307614,-0.05470466,0.010114801,0.011031848,-0.9201064
5321,2026-08-24,-0.012708758,5.9354832e-05,0.013777659,0.009997109,-0.9223508
3390,2026-08-24,-0.007860078,-0.013962789,0.008355421,0.007868513,-0.9406033
2024,2026-08-24,-0.008978887,0.018031755,0.009288298,0.009580194,-0.966584
6485,2026-08-24,-0.01064093,-0.025051916,0.01079437,0.01034358,-0.9856938
4991,2026-08-24,-0.010514909,-0.029207153,0.01066378,0.014129806,-0.9859471
8467,2026-08-24,-0.009160764,-0.021694671,0.009287696,0.0084444,-0.98622704
2466,2026-08-24,-0.012115051,0.019413127,0.012263313,0.013826162,-0.98782957
2634,2026-08-24,-0.009240439,-0.013461842,0.009334382,0.009759546,-0.9898298
1301,2026-08-24,-0.009414643,-0.011731333,0.00942118,0.011072414,-0.99920005
1528,2026-08-24,-0.009110759,-0.0186035,0.00902202,0.007992808,-1.0097239
4726,2026-08-24,-0.009413628,-0.0074974676,0.009318455,0.008148743,-1.0101049
3209,2026-08-24,-0.012626656,-0.010463059,0.012447902,0.010651211,-1.0142787
3047,2026-08-24,-0.008446601,-0.0158755,0.00814171,0.008286228,-1.0373206
2645,2026-08-24,-0.012868543,-0.036665082,0.012297385,0.012320816,-1.0463604
3380,2026-08-24,-0.0102057615,-0.01599267,0.009714134,0.01147521,-1.0505013
6721,2026-08-24,-0.010906409,0.020179499,0.010367948,0.010408477,-1.0518336
6161,2026-08-24,-0.011960747,0.0065165204,0.011262394,0.008848098,-1.0619133
2723,2026-08-24,-0.008694933,-0.0036829896,0.008177455,0.010158204,-1.063151
1789,2026-08-24,-0.007976533,0.008530173,0.0074004526,0.0077620405,-1.0776983
9924,2026-08-24,-0.009558341,0.0028153858,0.008820685,0.0103398925,-1.0835052
1477,2026-08-24,-0.01010039,-0.014538707,0.009176299,0.009722245,-1.1005841
3045,2026-08-24,-0.012111467,-0.00022351221,0.01099491,0.012457593,-1.101452
2449,2026-08-24,-0.012417408,-0.026038976,0.011184676,0.013406485,-1.1101168
6901,2026-08-24,-0.014626847,-0.005842756,0.013170986,0.014279107,-1.1104511
5905,2026-08-24,-0.008089291,0.00090117776,0.007250114,0.0081338575,-1.115593
2702,2026-08-24,-0.009512414,0.014695171,0.00844818,0.009991137,-1.1258388
1219,2026-08-24,-0.0106131,-0.00030987116,0.00935593,0.010784264,-1.1342502
2374,2026-08-24,-0.010933125,-0.037270155,0.009569958,0.009204698,-1.142323
1102,2026-08-24,-0.01149043,0.0010401736,0.0100444835,0.008512136,-1.1438403
2329,2026-08-24,-0.012643466,-0.035260692,0.011011385,0.009357388,-1.1481133
2890,2026-08-24,-0.010257308,-0.0013210896,0.008916791,0.009092828,-1.1502073
8086,2026-08-24,-0.0141714495,-0.04137555,0.012290818,0.013483575,-1.1529173
2538,2026-08-24,-0.0112066865,-0.018301554,0.009622521,0.009258317,-1.16451
7709,2026-08-24,-0.011442912,-0.006916621,0.009807077,0.0077752094,-1.1666825
8043,2026-08-24,-0.016540391,-0.040785924,0.014034392,0.013977934,-1.1784773
2392,2026-08-24,-0.008395162,-0.004083345,0.007118303,0.007716027,-1.1792114
1440,2026-08-24,-0.009999019,0.0046270727,0.008478356,0.009710685,-1.1792192
6221,2026-08-24,-0.012976098,0.013935853,0.010853346,0.009275109,-1.1954747
6113,2026-08-24,-0.014016014,-0.012038867,0.01171317,0.01171373,-1.1965007
3324,2026-08-24,-0.01140106,-0.014671306,0.00940942,0.009800511,-1.2115357
3511,2026-08-24,-0.008778464,-0.017156849,0.007241432,0.00974796,-1.2120879
3234,2026-08-24,-0.01372929,-0.022183534,0.011158326,0.010399766,-1.2302974
3686,2026-08-24,-0.015124615,-0.0066009825,0.012213416,0.008770869,-1.2382593
6885,2026-08-24,-0.012104618,0.0057725743,0.009745528,0.010402,-1.2419416
8374,2026-08-24,-0.012596766,-0.045203153,0.010137018,0.009383019,-1.2425275
3011,2026-08-24,-0.008292085,-0.013169499,0.006623588,0.008543324,-1.2517133
2371,2026-08-24,-0.01122438,-0.01174534,0.008939432,0.0077605806,-1.2554628
1459,2026-08-24,-0.011186484,0.023367615,0.008887501,0.010565235,-1.2585343
3060,2026-08-24,-0.013191834,-0.024439273,0.010478686,0.009113282,-1.2588005
6488,2026-08-24,-0.014700031,-0.02525518,0.011646993,0.009595394,-1.2620226
2491,2026-08-24,-0.009085703,0.0020409927,0.0071265935,0.009024228,-1.2747223
3419,2026-08-24,-0.013339372,0.002651816,0.010444833,0.010913186,-1.2770041
2431,2026-08-24,-0.016011914,0.0049615772,0.012381189,0.010169384,-1.2931409
3545,2026-08-24,-0.009133784,-0.0031773536,0.007055285,0.009550903,-1.2944183
6166,2026-08-24,-0.018856043,-0.06257062,0.014258977,0.011032531,-1.3223053
2509,2026-08-24,-0.01421857,0.028931506,0.010726459,0.013616732,-1.3254368
6756,2026-08-24,-0.011955742,-0.0048747202,0.008990768,0.008247554,-1.3296318
9939,2026-08-24,-0.013536521,0.009814889,0.010170741,0.010926265,-1.3307968
6873,2026-08-24,-0.012245518,-0.016264929,0.0091398945,0.009386431,-1.3396411
3236,2026-08-24,-0.02171772,-0.051429078,0.015985698,0.016154282,-1.3584869
1310,2026-08-24,-0.0147917,-0.018207382,0.010863802,0.011365667,-1.3614329
6261,2026-08-24,-0.013608588,-0.010865659,0.009923726,0.0098525835,-1.3711802
2387,2026-08-24,-0.009178921,-0.013197436,0.006558117,0.007569495,-1.3994142
8410,2026-08-24,-0.016869878,0.013029001,0.011967284,0.00950336,-1.4095486
6199,2026-08-24,-0.015277356,-0.03766811,0.010823544,0.009085785,-1.4113625
3055,2026-08-24,-0.016634727,-0.058292143,0.011766291,0.012402359,-1.4136411
3259,2026-08-24,-0.015073657,-0.009661736,0.010591399,0.010049927,-1.4230635
5864,2026-08-24,-0.013341247,0.008451475,0.009301444,0.008197175,-1.4341658
2354,2026-08-24,-0.016386142,-0.027797408,0.011404077,0.009711829,-1.436741
8038,2026-08-24,-0.01287984,-0.0148984045,0.00895958,0.008489185,-1.437389
3048,2026-08-24,-0.012478048,-0.044848308,0.00866589,0.011535292,-1.4397376
4183,2026-08-24,-0.017085921,0.008680696,0.011806237,0.013330844,-1.4470719
4166,2026-08-24,-0.011721815,-0.0006694039,0.007996442,0.0076985946,-1.4656955
2401,2026-08-24,-0.015120878,-0.036407836,0.010292146,0.010413325,-1.4690238
2208,2026-08-24,-0.014095122,-0.013845656,0.009580908,0.009370592,-1.471014
1233,2026-08-24,-0.012034964,0.0068383706,0.008175514,0.008537994,-1.4718943
6134,2026-08-24,-0.012527911,0.0024735949,0.008445081,0.01031395,-1.4832809
3224,2026-08-24,-0.015656283,-0.028759308,0.010544289,0.008581743,-1.4846709
6661,2026-08-24,-0.015572065,0.015600846,0.0104614915,0.012372365,-1.4883705
6534,2026-08-24,-0.011355142,-0.012971571,0.0076113665,0.008608579,-1.4916705
2009,2026-08-24,-0.01836015,-0.017104145,0.0123021705,0.010125371,-1.4923104
6785,2026-08-24,-0.015698727,-0.014000495,0.010435465,0.009110503,-1.5042188
8299,2026-08-24,-0.016120935,-0.020527948,0.010625961,0.009302583,-1.5169845
3252,2026-08-24,-0.015237445,-0.014459237,0.010042653,0.008058623,-1.5171217
3105,2026-08-24,-0.013480037,-0.042498663,0.008870143,0.012350728,-1.5195377
9105,2026-08-24,-0.015916567,-0.032241173,0.010435042,0.011053972,-1.5251536
2342,2026-08-24,-0.016655046,-0.03756057,0.010802669,0.012442092,-1.5416101
4128,2026-08-24,-0.018490303,-0.00036921987,0.011955754,0.0134492805,-1.5464317
4540,2026-08-24,-0.016769318,-0.06665946,0.010805175,0.0115540745,-1.5518273
1906,2026-08-24,-0.016618228,0.008341982,0.01070068,0.008836792,-1.5528615
3323,2026-08-24,-0.014553225,-0.034469582,0.009336181,0.00929918,-1.5586315
5469,2026-08-24,-0.015382226,-0.055700637,0.009822933,0.008832821,-1.5657909
6142,2026-08-24,-0.013420972,-0.027262688,0.008561774,0.009026977,-1.5673625
2609,2026-08-24,-0.025087142,0.009460295,0.015863564,0.013900969,-1.581332
6887,2026-08-24,-0.01830758,-0.00046276712,0.011502178,0.011806925,-1.5915235
3714,2026-08-24,-0.019722948,-0.03435745,0.012376628,0.010140512,-1.5934352
3037,2026-08-24,-0.019525379,-0.026107784,0.0122487,0.015018021,-1.5939475
1312,2026-08-24,-0.019469338,-0.028163247,0.012193276,0.010218308,-1.5965965
2482,2026-08-24,-0.017443664,-0.0018075806,0.010922704,0.009167192,-1.5968635
6416,2026-08-24,-0.015019262,-0.0042507,0.009403201,0.011033698,-1.5970801
3710,2026-08-24,-0.012812563,0.0065958095,0.008013303,0.009772846,-1.598712
1504,2026-08-24,-0.013126344,-0.0063179205,0.008199769,0.008451,-1.6006235
2211,2026-08-24,-0.010664918,0.0072190245,0.00663515,0.007627411,-1.6070943
1464,2026-08-24,-0.015119189,0.011545226,0.009381095,0.011879512,-1.611494
1438,2026-08-24,-0.020063333,-0.008362848,0.012441429,0.011655082,-1.6124932
2231,2026-08-24,-0.016177999,-0.05755893,0.0099763,0.011589428,-1.6214806
6719,2026-08-24,-0.01511112,-0.033857834,0.009304994,0.009575592,-1.623805
6243,2026-08-24,-0.021900784,-0.0695905,0.013407138,0.017567381,-1.6333948
3531,2026-08-24,-0.01591919,0.011142677,0.009728221,0.0076154904,-1.6362244
8039,2026-08-24,-0.020846939,-0.030052463,0.012733474,0.013454905,-1.6370474
2455,2026-08-24,-0.020478632,-0.059049178,0.0124657,0.011405361,-1.6426667
5465,2026-08-24,-0.018292239,0.011402736,0.011115021,0.010156908,-1.6455743
2236,2026-08-24,-0.020735677,-0.037459604,0.012562375,0.013628593,-1.6504862
3537,2026-08-24,-0.01448999,-0.01451632,0.008741175,0.009844687,-1.6574811
6169,2026-08-24,-0.0164802,-0.021022324,0.009835495,0.009226278,-1.6754138
2393,2026-08-24,-0.016642798,-0.008975368,0.009911744,0.008384521,-1.6789294
4402,2026-08-24,-0.01547808,-0.0118155815,0.009205504,0.009401072,-1.6812114
6477,2026-08-24,-0.021308728,-0.027652582,0.012668777,0.01285967,-1.681855
3321,2026-08-24,-0.011401044,-0.013590901,0.006766015,0.0076051764,-1.6847967
2493,2026-08-24,-0.016870614,-0.05050551,0.009852497,0.013409566,-1.7121449
5701,2026-08-24,-0.01928459,-0.01414127,0.011261717,0.009183237,-1.7122501
7821,2026-08-24,-0.015429274,-0.013753167,0.008989522,0.010020373,-1.716171
4503,2026-08-24,-0.021789743,-0.026570396,0.012649357,0.01412692,-1.7224606
1795,2026-08-24,-0.021496296,-0.0039578797,0.012442448,0.010380933,-1.7275192
6432,2026-08-24,-0.013465154,-0.038063582,0.0077862893,0.0058619664,-1.7291195
8027,2026-08-24,-0.022153893,-0.046098877,0.012810488,0.011562455,-1.7292209
2206,2026-08-24,-0.016335988,0.0040140627,0.009428215,0.009566245,-1.7324865
3645,2026-08-24,-0.016104428,-0.041922458,0.009214676,0.0117023345,-1.7475036
1536,2026-08-24,-0.016759757,-0.05176921,0.009504138,0.008183864,-1.7632314
3024,2026-08-24,-0.019383872,0.0061722766,0.010981874,0.009717821,-1.764918
3631,2026-08-24,-0.018063793,-0.0040016896,0.010200234,0.00908993,-1.7707458
8182,2026-08-24,-0.017082274,-0.04292087,0.009622987,0.012367065,-1.7749684
3523,2026-08-24,-0.017873807,-0.008406873,0.010060252,0.011355782,-1.7764993
6126,2026-08-24,-0.01586546,-0.02946101,0.008879485,0.0077052186,-1.7865534
6120,2026-08-24,-0.018003317,-0.024750885,0.010068683,0.011503636,-1.7878731
8210,2026-08-24,-0.023221767,-0.032771118,0.01290502,0.0130906915,-1.7992972
6831,2026-08-24,-0.016752167,-0.048044015,0.009201253,0.009485402,-1.8204418
3128,2026-08-24,-0.015454629,0.0118277585,0.008375,0.010472062,-1.8451085
4127,2026-08-24,-0.021032292,-0.03563893,0.011196758,0.010383396,-1.8782593
1436,2026-08-24,-0.020099886,-0.001256496,0.010662105,0.011800483,-1.8849937
6462,2026-08-24,-0.02003624,-0.03195198,0.010579778,0.010197809,-1.8936452
3675,2026-08-24,-0.018285615,-0.041358232,0.009561523,0.015945952,-1.9122165
6768,2026-08-24,-0.01789997,-0.0217988,0.009331032,0.008392513,-1.9181213
5386,2026-08-24,-0.023372138,-0.031296805,0.012153666,0.012902594,-1.9228944
4174,2026-08-24,-0.015595461,-0.011665859,0.00806879,0.011807338,-1.9325733
9919,2026-08-24,-0.014689668,-0.01617415,0.0075984974,0.009833597,-1.932979
6863,2026-08-24,-0.025565663,-0.029345203,0.013193221,0.012808383,-1.937641
2820,2026-08-24,-0.017708171,0.0012029974,0.009089867,0.009782591,-1.9479079
1413,2026-08-24,-0.020632613,0.0017936368,0.010575652,0.01366664,-1.9507698
6180,2026-08-24,-0.017281024,-0.010757152,0.008843442,0.007922313,-1.953885
5452,2026-08-24,-0.022049164,-0.0041406676,0.011268466,0.009075488,-1.9565403
1337,2026-08-24,-0.016251303,-0.022209907,0.008292729,0.0090790205,-1.9594687
6246,2026-08-24,-0.04899044,-0.04020671,0.024992105,0.023826515,-1.9601582
9938,2026-08-24,-0.017899087,-0.013696492,0.009129289,0.008065385,-1.9604075
5398,2026-08-24,-0.022126555,-0.0030000776,0.011280703,0.0093263285,-1.9612778
6165,2026-08-24,-0.016516503,-0.021563698,0.008401951,0.007915918,-1.9655598
3288,2026-08-24,-0.023403944,-0.016531698,0.011880532,0.011917118,-1.969775
6163,2026-08-24,-0.018333025,-0.055373974,0.009277481,0.010388434,-1.975865
2545,2026-08-24,-0.016662415,-0.00097651535,0.008388634,0.010128952,-1.9860717
5206,2026-08-24,-0.018912612,0.008456063,0.009488606,0.007987622,-1.9929817
2415,2026-08-24,-0.020416172,-0.010290756,0.010092337,0.010106598,-2.0227375
1802,2026-08-24,-0.027719183,-0.047284137,0.013691361,0.00950272,-2.0244267
2414,2026-08-24,-0.017853552,-0.018386591,0.00873643,0.008748196,-2.0433414
3708,2026-08-24,-0.02424548,-0.0313658,0.011828602,0.011904066,-2.04956
2239,2026-08-24,-0.024445366,-0.028358754,0.011916186,0.011246215,-2.05127
6209,2026-08-24,-0.03910384,-0.08102996,0.0190344,0.018469898,-2.0542693
9949,2026-08-24,-0.020172378,-0.018584859,0.009780671,0.008913467,-2.0622628
8905,2026-08-24,-0.019777663,0.013353572,0.009582564,0.0077968244,-2.0637064
4526,2026-08-24,-0.020435425,-0.037334163,0.0099001825,0.0097784,-2.0639377
9103,2026-08-24,-0.040470026,-0.047710303,0.019606687,0.020711564,-2.0639877
6712,2026-08-24,-0.02022508,-0.0061796685,0.009754883,0.011552012,-2.0731163
4406,2026-08-24,-0.019107783,0.006134592,0.009211079,0.010136963,-2.0742095
6201,2026-08-24,-0.017343074,-0.021533692,0.008351698,0.009448789,-2.076344
3083,2026-08-24,-0.017603783,-0.02124135,0.008461824,0.0090988455,-2.080131
1218,2026-08-24,-0.015081263,-0.02599082,0.0072310995,0.008720752,-2.085323
2362,2026-08-24,-0.016726414,-0.007975766,0.00798878,0.009860351,-2.093476
5498,2026-08-24,-0.034513757,-0.053907163,0.01642808,0.016057918,-2.1007724
8916,2026-08-24,-0.0141248545,-0.015781585,0.0067068483,0.00824311,-2.1057208
5704,2026-08-24,-0.025207687,0.010147123,0.011943476,0.0088172,-2.1104054
3289,2026-08-24,-0.017735831,-0.03561754,0.008322066,0.0099055655,-2.1309252
6576,2026-08-24,-0.018853243,-0.012719015,0.0088348305,0.006106175,-2.1337261
5348,2026-08-24,-0.029742816,0.0005884322,0.01385649,0.013675054,-2.146335
8171,2026-08-24,-0.019775433,-0.0040987935,0.009199728,0.010069706,-2.1493335
3207,2026-08-24,-0.018363118,-0.03319161,0.008454473,0.0076601407,-2.1717434
3078,2026-08-24,-0.017295409,-0.010590672,0.007955832,0.009909027,-2.173655
5603,2026-08-24,-0.02769017,0.012855212,0.012701137,0.013084607,-2.1799614
2061,2026-08-24,-0.03147057,-0.04404991,0.014405107,0.013279745,-2.1845298
2719,2026-08-24,-0.013338457,-0.018900016,0.006099988,0.009479074,-2.1862783
6104,2026-08-24,-0.024401017,-0.012830147,0.010973805,0.013034777,-2.2233667
4542,2026-08-24,-0.020275371,-0.033304732,0.009079616,0.012256216,-2.2328188
3548,2026-08-24,-0.022336777,-0.012048173,0.009826866,0.011700155,-2.2728002
2388,2026-08-24,-0.0273389,-0.061499603,0.012021127,0.012022813,-2.2740483
1529,2026-08-24,-0.027479494,-0.029276269,0.012050588,0.0110284975,-2.2801554
2356,2026-08-24,-0.020148806,-0.04161505,0.00880749,0.012447698,-2.2874303
2756,2026-08-24,-0.023129897,0.022057557,0.01004815,0.009748429,-2.301677
3665,2026-08-24,-0.023614246,-0.0348556,0.010250605,0.011358685,-2.3034682
1304,2026-08-24,-0.021132609,-0.032314517,0.009109278,0.0087703625,-2.3196447
7722,2026-08-24,-0.019061474,-0.020800568,0.008146359,0.010407394,-2.3395894
6952,2026-08-24,-0.02627637,0.0046557756,0.011224052,0.013467811,-2.3408685
1809,2026-08-24,-0.024320178,-0.052472863,0.010332378,0.011693696,-2.3535554
3465,2026-08-24,-0.021279378,-0.020150328,0.008917994,0.011029898,-2.3858495
3022,2026-08-24,-0.023947354,-0.03695141,0.010033349,0.01077578,-2.386538
6190,2026-08-24,-0.024777273,-0.043745447,0.010272593,0.0076841204,-2.4117436
5538,2026-08-24,-0.02035282,-0.0004074519,0.008434625,0.009770147,-2.412722
1526,2026-08-24,-0.026226338,-0.040433716,0.010868738,0.009464448,-2.4127846
6579,2026-08-24,-0.018208394,-0.039229967,0.0075179846,0.009497295,-2.4216561
7822,2026-08-24,-0.0199834,-0.024438636,0.008217131,0.009057247,-2.4316235
8926,2026-08-24,-0.031671517,-0.027220313,0.012921638,0.0105461,-2.4508553
3034,2026-08-24,-0.020336222,-0.011375809,0.008209467,0.008594792,-2.4768653
3221,2026-08-24,-0.032010823,-0.04893697,0.0128183225,0.019395139,-2.497076
3265,2026-08-24,-0.026441673,-0.05397634,0.010565113,0.010932502,-2.5024974
6666,2026-08-24,-0.019117583,-0.007594473,0.0076121693,0.009881197,-2.5111203
6418,2026-08-24,-0.030423252,-0.008097116,0.012104952,0.012346137,-2.5130823
5880,2026-08-24,-0.027405333,-0.026148554,0.010877223,0.010869714,-2.519284
8924,2026-08-24,-0.0205898,-0.036233623,0.008147419,0.007893385,-2.526846
5531,2026-08-24,-0.020811554,-0.022318695,0.008226751,0.0094956765,-2.529434
6219,2026-08-24,-0.02577546,-0.01752777,0.0101754265,0.008567119,-2.5328596
5284,2026-08-24,-0.027134953,-0.025958037,0.010710375,0.008698086,-2.5332837
3189,2026-08-24,-0.028656634,-0.06578299,0.0113030495,0.009924197,-2.5350769
7810,2026-08-24,-0.030359391,-0.0056626885,0.011957341,0.010720891,-2.5387628
8021,2026-08-24,-0.020415807,-0.050894953,0.007951163,0.009561865,-2.5673275
6210,2026-08-24,-0.024785824,-0.002417085,0.009650122,0.0096657565,-2.5681803
6552,2026-08-24,-0.028306054,-0.014718064,0.010992832,0.009916727,-2.5747213
2903,2026-08-24,-0.026701223,-0.0068630665,0.010315917,0.011013251,-2.588101
6840,2026-08-24,-0.029376173,-0.006990349,0.011339591,0.010688234,-2.5903563
3466,2026-08-24,-0.02132783,-0.024840467,0.008206613,0.0077620447,-2.5985422
2363,2026-08-24,-0.016650068,-0.025581252,0.006389384,0.00951966,-2.6054878
2351,2026-08-24,-0.039419755,-0.04478931,0.015045647,0.016974201,-2.6198366
6922,2026-08-24,-0.018472577,-0.015794808,0.0070494576,0.010141913,-2.6200535
5340,2026-08-24,-0.035475112,-0.05888974,0.01351132,0.012989858,-2.6253903
6184,2026-08-24,-0.018089725,-0.024849808,0.0068239034,0.0065476256,-2.6505468
5244,2026-08-24,-0.03244157,-0.006422177,0.012223936,0.011611878,-2.653721
7711,2026-08-24,-0.02877787,-0.030163785,0.01080861,0.010587886,-2.6622484
3051,2026-08-24,-0.031953115,-0.016057706,0.011998339,0.011970848,-2.6629064
3522,2026-08-24,-0.032573093,-0.015701685,0.012081686,0.01026945,-2.6958485
6823,2026-08-24,-0.024402654,-0.02825344,0.008990756,0.0076159607,-2.7138917
2436,2026-08-24,-0.027915848,-0.057364028,0.010265195,0.012539619,-2.719201
1210,2026-08-24,-0.028635193,-0.026500098,0.010523843,0.009760548,-2.720724
6150,2026-08-24,-0.024266569,0.0039536115,0.00889865,0.010173657,-2.726688
6761,2026-08-24,-0.03778858,-0.03483377,0.013756368,0.0106753465,-2.7467885
6504,2026-08-24,-0.023436014,-0.011181369,0.008520483,0.00793701,-2.750227
6949,2026-08-24,-0.021477107,-0.02947251,0.0078052403,0.008133694,-2.751274
3691,2026-08-24,-0.028428383,-0.052327406,0.010285896,0.0108642625,-2.763553
2524,2026-08-24,-0.027827088,-0.024176646,0.010061623,0.009963189,-2.765391
6443,2026-08-24,-0.029411245,-0.0714081,0.010617611,0.014163429,-2.7697825
4303,2026-08-24,-0.024078619,0.0044457377,0.008689322,0.011107422,-2.7707396
2801,2026-08-24,-0.032042567,-0.025181217,0.011526946,0.010991758,-2.7795556
5388,2026-08-24,-0.022891069,-0.03134748,0.008232719,0.009141992,-2.7801614
4760,2026-08-24,-0.03475834,-0.053687118,0.012489912,0.018903313,-2.7826903
4442,2026-08-24,-0.030291991,-0.042556994,0.010855329,0.008703941,-2.7902608
1905,2026-08-24,-0.03194042,-0.03346518,0.011431717,0.009159503,-2.7937732
1598,2026-08-24,-0.026898645,-0.0020560154,0.009616512,0.010134573,-2.7968402
3605,2026-08-24,-0.027008224,-0.052253008,0.009632664,0.0112258205,-2.8035257
8042,2026-08-24,-0.0372197,-0.09260688,0.013269586,0.014783368,-2.8046765
2886,2026-08-24,-0.020691054,-0.032849677,0.007373311,0.01129854,-2.8058288
5201,2026-08-24,-0.029300129,-0.02487672,0.010436339,0.00968273,-2.8072412
7728,2026-08-24,-0.021142717,-0.03568525,0.0074703237,0.0067015872,-2.829849
4968,2026-08-24,-0.023433888,-0.036711104,0.008222838,0.0058601014,-2.8495076
1447,2026-08-24,-0.026650248,-0.0034875732,0.009316986,0.010577225,-2.8600864
4584,2026-08-24,-0.032868467,-0.007949842,0.0114036845,0.011223173,-2.8820145
1308,2026-08-24,-0.026245458,-0.012547547,0.009096666,0.008594741,-2.884856
6538,2026-08-24,-0.033014588,-0.017683934,0.0114114005,0.01134064,-2.8928697
8455,2026-08-24,-0.031092871,-0.024623966,0.010709039,0.012891322,-2.903152
7740,2026-08-24,-0.036368523,-0.049198586,0.012524938,0.010271746,-2.903457
2352,2026-08-24,-0.01989615,-0.027346468,0.0067489026,0.0084621245,-2.9476204
5011,2026-08-24,-0.037349064,-0.040358584,0.012641068,0.012377725,-2.9543476
6116,2026-08-24,-0.034089066,-0.049250416,0.011533348,0.0077287294,-2.9554393
1722,2026-08-24,-0.03604342,-0.020756615,0.012138016,0.0124960365,-2.9692209
4924,2026-08-24,-0.028088544,-0.03683583,0.009382472,0.011790797,-2.993406
6983,2026-08-24,-0.02819832,-0.04388725,0.00941746,0.011207343,-2.9939415
2108,2026-08-24,-0.028966231,-0.01272838,0.009666188,0.009533866,-2.996345
8080,2026-08-24,-0.029786885,-0.016497018,0.009898479,0.009801686,-3.0089345
6531,2026-08-24,-0.035275083,-0.054125827,0.011692401,0.0122876605,-3.0166657
4905,2026-08-24,-0.027737867,0.0075302143,0.009165493,0.012016721,-3.0260065
6189,2026-08-24,-0.03207427,-0.013445574,0.010573084,0.011731724,-3.0332906
2390,2026-08-24,-0.03247188,-0.033159666,0.0106809335,0.008141243,-3.039888
3550,2026-08-24,-0.029732985,-0.035194136,0.009746064,0.01357635,-3.0504553
1595,2026-08-24,-0.032009248,-0.0516138,0.010464968,0.008877534,-3.0584123
2258,2026-08-24,-0.027964799,-0.021944372,0.009107449,0.0068069627,-3.070204
3693,2026-08-24,-0.03213739,-0.04259707,0.010463019,0.010405911,-3.0712283
3115,2026-08-24,-0.03767751,-0.014417694,0.012241951,0.011675154,-3.077486
1443,2026-08-24,-0.024899956,-0.008275526,0.008088504,0.0074782576,-3.078057
3632,2026-08-24,-0.02940577,-0.03250343,0.009550078,0.008647976,-3.0787907
6741,2026-08-24,-0.035314687,-0.0226172,0.011382772,0.01032723,-3.1021955
4533,2026-08-24,-0.028138898,-0.04257505,0.009051713,0.009975409,-3.1083386
3027,2026-08-24,-0.028268106,-0.024050597,0.009063289,0.01001989,-3.1186237
6446,2026-08-24,-0.03388091,-0.037751842,0.010847544,0.010868376,-3.1230836
8033,2026-08-24,-0.04666839,-0.05272256,0.014883155,0.01635665,-3.135441
3715,2026-08-24,-0.0317472,-0.057283316,0.010048099,0.012427433,-3.1592085
6593,2026-08-24,-0.03606708,-0.029013604,0.011394116,0.011707673,-3.165135
4714,2026-08-24,-0.027022414,-0.012635573,0.008475534,0.008736313,-3.1879084
5475,2026-08-24,-0.027544627,-0.03574314,0.008628392,0.009712275,-3.1919546
3576,2026-08-24,-0.031186413,-0.056077957,0.009761783,0.00964161,-3.1944182
2612,2026-08-24,-0.035489134,0.0036779225,0.011106232,0.011031047,-3.1951375
6173,2026-08-24,-0.04613854,-0.07180433,0.014383575,0.016993126,-3.207501
1449,2026-08-24,-0.043508474,-0.021924471,0.01346782,0.009995008,-3.2303107
2030,2026-08-24,-0.035542764,-0.009927571,0.011000278,0.01013389,-3.230785
1762,2026-08-24,-0.02941522,0.0034425403,0.009092234,0.009906069,-3.2348468
6461,2026-08-24,-0.032780416,-0.032918703,0.0101313,0.010001174,-3.2352393
6203,2026-08-24,-0.021871692,-0.035870653,0.0067396336,0.0075378376,-3.2447531
3479,2026-08-24,-0.028642833,-0.045131024,0.008777847,0.010108307,-3.2627103
2103,2026-08-24,-0.03376654,-0.0161251,0.010305711,0.008142734,-3.2761703
2344,2026-08-24,-0.03618237,-0.0362497,0.011042151,0.008662205,-3.2764535
2438,2026-08-24,-0.031616848,-0.025304474,0.009620091,0.008972517,-3.286202
2534,2026-08-24,-0.031025616,-0.01830062,0.009432082,0.010592045,-3.2890222
2409,2026-08-24,-0.03306675,-0.036361337,0.010047864,0.009861903,-3.2905958
2881,2026-08-24,-0.030729802,-0.031116433,0.0093339505,0.010373012,-3.2919083
5355,2026-08-24,-0.039103944,-0.021605467,0.011860949,0.012116829,-3.2965868
2605,2026-08-24,-0.04515474,-0.025813106,0.013673636,0.013671456,-3.3020797
6431,2026-08-24,-0.04773728,-0.035212096,0.014411128,0.011902996,-3.3122993
4911,2026-08-24,-0.037201483,-0.010991156,0.011216617,0.012666237,-3.3163445
3059,2026-08-24,-0.03061627,-0.05660093,0.009160375,0.009060772,-3.3418858
3374,2026-08-24,-0.030162899,-0.04450088,0.009015487,0.010013273,-3.345305
8933,2026-08-24,-0.026667265,0.0028512145,0.007937193,0.007595695,-3.3593621
1702,2026-08-24,-0.030313086,-0.011085075,0.008996022,0.0075854766,-3.3692355
8070,2026-08-24,-0.044487476,-0.06568123,0.013186112,0.0110871,-3.373557
2851,2026-08-24,-0.060245883,-0.013898823,0.01785349,0.015275242,-3.374271
3016,2026-08-24,-0.0437403,-0.08926984,0.012950574,0.014721736,-3.3772187
7795,2026-08-24,-0.037988767,-0.058386754,0.01124189,0.009006541,-3.3789148
8936,2026-08-24,-0.029941123,-0.024797114,0.008847942,0.008078934,-3.3835824
2641,2026-08-24,-0.04746399,-0.015376447,0.013903185,0.014421539,-3.413648
2064,2026-08-24,-0.03229503,-0.011116833,0.00942059,0.009703563,-3.4277687
3149,2026-08-24,-0.025367975,-0.057650004,0.007394157,0.012530873,-3.4303498
6890,2026-08-24,-0.041410618,-0.059028994,0.012054041,0.013331441,-3.4351287
2430,2026-08-24,-0.030132588,-4.356069e-05,0.008758155,0.008891525,-3.440125
3205,2026-08-24,-0.03600993,-0.022680283,0.010461913,0.010020319,-3.4416733
6742,2026-08-24,-0.033886883,-0.048151944,0.00983607,0.009434421,-3.4448144
2332,2026-08-24,-0.039108396,-0.06512744,0.011331456,0.010529768,-3.4510078
3018,2026-08-24,-0.04493555,-0.04386879,0.012992526,0.012984908,-3.458303
6854,2026-08-24,-0.027492387,-0.0389003,0.007942817,0.0091993725,-3.4608533
8096,2026-08-24,-0.041782618,-0.06437798,0.012051071,0.01206663,-3.4668412
1583,2026-08-24,-0.029509837,-0.006145538,0.008495761,0.007223683,-3.4730687
2405,2026-08-24,-0.035975028,-0.05540038,0.010347238,0.010156964,-3.47644
3219,2026-08-24,-0.03869972,-0.03879696,0.0110937,0.013632698,-3.4881265
3226,2026-08-24,-0.034133416,-0.007823568,0.009612283,0.009368466,-3.5506513
8064,2026-08-24,-0.039204605,-0.07553081,0.011040101,0.010076094,-3.5507877
5292,2026-08-24,-0.055399243,-0.02693189,0.015561306,0.010625542,-3.559835
6016,2026-08-24,-0.035641503,-0.043635137,0.00999951,0.014280044,-3.5639684
3490,2026-08-24,-0.05707071,-0.020951752,0.01597765,0.014463003,-3.571685
1467,2026-08-24,-0.031303354,-0.026621424,0.0087222885,0.009457401,-3.5884807
1810,2026-08-24,-0.03058498,-0.052974742,0.008506447,0.011780545,-3.595083
2882,2026-08-24,-0.038929064,-0.03701741,0.01081672,0.010971094,-3.5986383
5285,2026-08-24,-0.045322165,-0.059101827,0.012563348,0.014295291,-3.607204
1445,2026-08-24,-0.021929558,-0.0102139665,0.0060662553,0.0084211305,-3.6144118
2006,2026-08-24,-0.033266474,-0.014556201,0.009199306,0.008590568,-3.6158006
6643,2026-08-24,-0.03453184,-0.050630134,0.009544136,0.011942454,-3.6177418
2328,2026-08-24,-0.037295464,-0.05837563,0.01030532,0.011176419,-3.6186984
3717,2026-08-24,-0.052202858,-0.07087534,0.014415377,0.014769883,-3.6210802
3455,2026-08-24,-0.035257813,-0.056250222,0.009692957,0.0130807925,-3.6370919
1203,2026-08-24,-0.029434247,-0.027391097,0.00809105,0.008954451,-3.6374276
2718,2026-08-24,-0.045667972,-0.01211537,0.012490626,0.010972519,-3.6558867
6533,2026-08-24,-0.05097163,-0.049764447,0.013932196,0.010399489,-3.6582868
4989,2026-08-24,-0.034225427,-0.07605379,0.009307774,0.011303979,-3.6766846
6005,2026-08-24,-0.04354859,-0.053237088,0.01184044,0.011673858,-3.677643
8906,2026-08-24,-0.031120788,-0.0048677013,0.008425636,0.01221023,-3.6931448
2033,2026-08-24,-0.04781908,-0.040054306,0.012880722,0.0106257545,-3.712165
5314,2026-08-24,-0.055022232,-0.050222017,0.014804326,0.020047663,-3.7163808
7788,2026-08-24,-0.034411717,-0.05982573,0.009238264,0.010537718,-3.7245085
5013,2026-08-24,-0.04092614,-0.0045159985,0.01096281,0.0130835315,-3.732839
2849,2026-08-24,-0.029976498,-0.020772776,0.008024786,0.008423425,-3.7350235
6240,2026-08-24,-0.041814487,-0.024684096,0.011190061,0.011558904,-3.7364182
3312,2026-08-24,-0.039040234,-0.059404526,0.010444578,0.010777034,-3.737489
6958,2026-08-24,-0.038839705,-0.020735675,0.01037926,0.0102173,-3.7416887
6640,2026-08-24,-0.0391541,-0.055790816,0.0104624955,0.010982266,-3.7419713
8092,2026-08-24,-0.035052188,-0.021535913,0.009361639,0.009137922,-3.7438364
4764,2026-08-24,-0.041317955,-0.05629636,0.010953802,0.0111682415,-3.771675
6213,2026-08-24,-0.050871897,-0.07116421,0.013466668,0.015512591,-3.7773352
3685,2026-08-24,-0.04311776,-0.033726003,0.011407605,0.0076093725,-3.7794068
6830,2026-08-24,-0.067386635,-0.092365876,0.01775629,0.017221741,-3.7948713
5009,2026-08-24,-0.034212556,-0.019204903,0.008999779,0.008319288,-3.801066
3663,2026-08-24,-0.032392588,-0.057094183,0.008501394,0.009896537,-3.8098197
6573,2026-08-24,-0.063552335,-0.04754188,0.016637351,0.020285826,-3.8196292
4413,2026-08-24,-0.056303423,-0.033138268,0.014712075,0.012300714,-3.826761
1418,2026-08-24,-0.03936382,-0.03645373,0.010283764,0.010449315,-3.8273914
2439,2026-08-24,-0.04370404,-0.027337376,0.011368731,0.0111397235,-3.8438938
2301,2026-08-24,-0.03644124,-0.04257985,0.009407127,0.009486242,-3.8733788
3591,2026-08-24,-0.04789885,-0.054141045,0.012303597,0.013648332,-3.8927605
6928,2026-08-24,-0.035591498,-0.050917044,0.009113126,0.008969445,-3.9050915
3033,2026-08-24,-0.046949547,-0.058752943,0.012000915,0.011770405,-3.911838
3141,2026-08-24,-0.047272086,-0.06200498,0.011983052,0.009481818,-3.9445827
6153,2026-08-24,-0.038521037,-0.058318924,0.0097347135,0.010684708,-3.9566731
6409,2026-08-24,-0.02747201,-0.03423686,0.006936793,0.010125685,-3.959762
1714,2026-08-24,-0.03337449,-0.02707115,0.008419541,0.010920594,-3.9634614
6469,2026-08-24,-0.026388789,-0.016186723,0.0066561727,0.008751169,-3.9639635
2630,2026-08-24,-0.045736138,-0.05609378,0.011518047,0.010305832,-3.9704792
4977,2026-08-24,-0.051756885,-0.092649095,0.01296888,0.015962552,-3.9905446
1611,2026-08-24,-0.051543638,-0.027132029,0.012900054,0.009824568,-3.995304
6174,2026-08-24,-0.036845554,-0.05042865,0.009215018,0.010425514,-3.9979906
6617,2026-08-24,-0.041405138,-0.055912722,0.010332201,0.009529945,-4.007
6108,2026-08-24,-0.067118995,-0.037407205,0.016738191,0.016004473,-4.0096917
3704,2026-08-24,-0.04983852,-0.06805609,0.012378951,0.010999275,-4.0257444
4706,2026-08-24,-0.04831033,-0.029019717,0.0119917,0.011075267,-4.0283113
7712,2026-08-24,-0.04775876,-0.041692797,0.011833039,0.014994379,-4.035711
2025,2026-08-24,-0.031118372,0.0032431027,0.007683422,0.010485494,-4.04954
6838,2026-08-24,-0.051440664,-0.046922628,0.012694777,0.013487336,-4.051793
7799,2026-08-24,-0.03960061,-0.051092196,0.009761725,0.011492645,-4.0563073
3701,2026-08-24,-0.043123808,-0.0631928,0.010625815,0.008313247,-4.058018
6715,2026-08-24,-0.06604848,-0.10497019,0.016202765,0.01657937,-4.0761194
5471,2026-08-24,-0.03766555,-0.06405298,0.009237676,0.009468797,-4.0769424
7792,2026-08-24,-0.05611163,-0.019451618,0.013749574,0.012009455,-4.080675
6965,2026-08-24,-0.045024257,-0.04759453,0.01096023,0.010432615,-4.1075916
6933,2026-08-24,-0.04345412,-0.050066862,0.0105741145,0.011687909,-4.109092
6962,2026-08-24,-0.045263313,-0.053576224,0.010989114,0.009477478,-4.118548
2892,2026-08-24,-0.029148994,-0.03617466,0.0070692296,0.007686624,-4.122779
4915,2026-08-24,-0.033392914,-0.035454523,0.008064134,0.007702156,-4.1404037
1586,2026-08-24,-0.035042353,-0.05356378,0.008430274,0.011034975,-4.1562343
7730,2026-08-24,-0.04596847,-0.054396067,0.01105603,0.01261183,-4.1573973
8050,2026-08-24,-0.04791131,-0.046561293,0.011510672,0.012975442,-4.1619763
8097,2026-08-24,-0.03751572,-0.044292353,0.009001394,0.0076691713,-4.1673045
3707,2026-08-24,-0.03774036,-0.082500026,0.008967825,0.013971051,-4.207949
8940,2026-08-24,-0.035585903,-0.019300656,0.008454824,0.008715055,-4.208449
2305,2026-08-24,-0.061751977,-0.10289208,0.0146618765,0.017324897,-4.21145
6451,2026-08-24,-0.05476892,-0.08517798,0.013000536,0.013057499,-4.2124963
2646,2026-08-24,-0.037236292,-0.021284418,0.008828638,0.008293555,-4.217193
1444,2026-08-24,-0.06047202,-0.036316965,0.014010159,0.011727771,-4.3159895
1909,2026-08-24,-0.043784913,-0.017814403,0.010138667,0.011478802,-4.3181806
4192,2026-08-24,-0.042782426,-0.018429132,0.009894781,0.008902158,-4.3232994
6548,2026-08-24,-0.059887372,-0.084572196,0.0137826335,0.014757803,-4.3448176
4123,2026-08-24,-0.04737662,-0.056113426,0.010867734,0.012265476,-4.358982
2457,2026-08-24,-0.037551858,-0.054327115,0.008574147,0.0076151956,-4.3791504
2939,2026-08-24,-0.047665518,-0.04160525,0.01085206,0.011503673,-4.3918962
6186,2026-08-24,-0.036839094,-0.039047528,0.008383752,0.011037184,-4.393582
5516,2026-08-24,-0.053536598,-0.03756794,0.012181328,0.009743047,-4.3946114
2338,2026-08-24,-0.039409228,-0.052662194,0.00896351,0.009008091,-4.396138
5309,2026-08-24,-0.028778192,-0.052792754,0.0065192273,0.00854509,-4.4136796
6226,2026-08-24,-0.09310655,-0.087011464,0.021060668,0.018258654,-4.420664
3054,2026-08-24,-0.034806803,-0.016667703,0.007866009,0.013010201,-4.424401
6191,2026-08-24,-0.04122505,-0.08348989,0.009306991,0.011073235,-4.4289956
2498,2026-08-24,-0.042925015,-0.058756042,0.009688469,0.010626642,-4.430069
1522,2026-08-24,-0.043726,-0.02416969,0.009774502,0.012401675,-4.473018
8431,2026-08-24,-0.041112583,-0.052541263,0.009153678,0.011762994,-4.4908824
2949,2026-08-24,-0.043645095,-0.031053936,0.009705125,0.010638716,-4.4966545
3437,2026-08-24,-0.06411617,-0.05104064,0.0141894305,0.013223475,-4.518268
1808,2026-08-24,-0.04651506,-0.013545952,0.010254543,0.011314479,-4.5356016
2464,2026-08-24,-0.051721826,-0.08841855,0.011394898,0.010895864,-4.5386353
4139,2026-08-24,-0.0756118,-0.06037041,0.016481977,0.017435756,-4.587266
1718,2026-08-24,-0.058289494,-0.05972522,0.012661197,0.01649534,-4.6034265
3349,2026-08-24,-0.047469307,-0.010061178,0.010278393,0.009108044,-4.6179094
4716,2026-08-24,-0.0580089,-0.074572094,0.012545478,0.011679618,-4.623521
5263,2026-08-24,-0.049952406,-0.063430145,0.010796374,0.012425308,-4.6263475
1455,2026-08-24,-0.047888797,-0.013859386,0.010323089,0.0123651875,-4.6385493
6598,2026-08-24,-0.049329378,-0.05256622,0.010573565,0.0080693485,-4.6649084
4707,2026-08-24,-0.059199397,-0.059302427,0.012687183,0.013098545,-4.665711
5227,2026-08-24,-0.048283003,-0.057699647,0.010304114,0.013322507,-4.6853437
5345,2026-08-24,-0.07048556,-0.07161885,0.015012735,0.017411968,-4.694739
8935,2026-08-24,-0.058874328,-0.026527366,0.012501268,0.013395837,-4.7090917
6127,2026-08-24,-0.047174074,-0.08998313,0.010014434,0.012209314,-4.7101374
6265,2026-08-24,-0.055486728,-0.06339865,0.011739515,0.014869462,-4.72609
4919,2026-08-24,-0.051108822,-0.09402909,0.010773268,0.013121273,-4.7436004
3296,2026-08-24,-0.050595403,-0.026089553,0.010646453,0.013567293,-4.7518783
6584,2026-08-24,-0.05126155,-0.061452772,0.010766207,0.010831352,-4.7608957
4188,2026-08-24,-0.050823435,-0.04179628,0.0106518995,0.009149489,-4.7708545
3673,2026-08-24,-0.047369733,-0.04785683,0.009902849,0.01594646,-4.782962
2611,2026-08-24,-0.066097215,-0.0026832456,0.013807836,0.012649364,-4.786588
1305,2026-08-24,-0.044496536,-0.04370653,0.009272586,0.00976879,-4.7982016
6230,2026-08-24,-0.038725264,-0.054773174,0.008053988,0.008687883,-4.8076124
1435,2026-08-24,-0.058187168,-0.08859272,0.0120403385,0.012288522,-4.832284
2227,2026-08-24,-0.048484385,-0.04185611,0.009989772,0.010765524,-4.8529167
8937,2026-08-24,-0.07257712,-0.03927482,0.014942371,0.010885795,-4.85681
1708,2026-08-24,-0.06357731,-0.04852069,0.0130850375,0.015378009,-4.858408
6668,2026-08-24,-0.046289094,-0.068592995,0.009524244,0.00950444,-4.859623
3543,2026-08-24,-0.07777633,-0.068413146,0.015898865,0.011755546,-4.8916345
2504,2026-08-24,-0.039239485,-0.019848425,0.007949887,0.010572797,-4.9352336
3032,2026-08-24,-0.061784517,-0.08437004,0.012516374,0.013005591,-4.9359007
8093,2026-08-24,-0.04755776,-0.04502848,0.009619073,0.013161023,-4.9435964
2812,2026-08-24,-0.031323563,-0.048195824,0.006318067,0.009357861,-4.9569917
3489,2026-08-24,-0.037546657,-0.04007806,0.00755987,0.009256263,-4.9659176
3594,2026-08-24,-0.05542638,-0.06762913,0.011141301,0.0075200833,-4.9744105
3406,2026-08-24,-0.04178761,-0.046184056,0.008360215,0.009850585,-4.9977913
1475,2026-08-24,-0.047475968,-0.019207036,0.009490763,0.010774235,-5.001807
6727,2026-08-24,-0.059154768,-0.07335992,0.011789513,0.008591882,-5.0171494
5410,2026-08-24,-0.042481594,-0.01613633,0.008424737,0.009307384,-5.041885
1225,2026-08-24,-0.027467962,-0.024864797,0.0054437756,0.008442,-5.0448294
6589,2026-08-24,-0.045173228,-0.03615105,0.008905671,0.009161452,-5.071842
3088,2026-08-24,-0.06332934,-0.08066896,0.012463462,0.012199737,-5.080792
2429,2026-08-24,-0.062149815,-0.0736759,0.01222461,0.012489824,-5.0835757
2331,2026-08-24,-0.042850222,-0.055588104,0.008425641,0.010716185,-5.085089
6542,2026-08-24,-0.055918258,-0.053108346,0.010958031,0.013947865,-5.102482
3363,2026-08-24,-0.051101983,-0.06733414,0.00996081,0.010943013,-5.129789
6125,2026-08-24,-0.11373425,-0.11960734,0.022103874,0.0201902,-5.1452117
6735,2026-08-24,-0.07183922,-0.07684884,0.013961116,0.015822377,-5.145296
1711,2026-08-24,-0.0674089,-0.06427272,0.0130960625,0.011518655,-5.1468716
4927,2026-08-24,-0.06377827,-0.074139945,0.012384203,0.017537719,-5.1495533
3176,2026-08-24,-0.06809141,-0.0496058,0.01312867,0.01072839,-5.1860714
2838,2026-08-24,-0.036929496,-0.022893583,0.0071077347,0.008061909,-5.194947
6290,2026-08-24,-0.08676149,-0.09073938,0.016696744,0.016423078,-5.1960006
1709,2026-08-24,-0.079722404,-0.038270116,0.015321682,0.016925149,-5.2029014
1419,2026-08-24,-0.04586792,-0.025631554,0.00881163,0.011652771,-5.2047935
6275,2026-08-24,-0.047204036,-0.03381007,0.008963537,0.01165736,-5.2656407
4960,2026-08-24,-0.042390782,-0.06172777,0.008046367,0.009545294,-5.267658
8110,2026-08-24,-0.05831332,-0.08431885,0.011048231,0.010522146,-5.2775908
1460,2026-08-24,-0.060151204,-0.03272141,0.011345478,0.009245485,-5.3013105
1515,2026-08-24,-0.07910431,-0.06684046,0.014868414,0.015007448,-5.319935
1563,2026-08-24,-0.06394376,-0.04433037,0.011980129,0.014607721,-5.337039
1717,2026-08-24,-0.0571059,-0.08073218,0.010692237,0.01326847,-5.3403754
9914,2026-08-24,-0.06373392,-0.06419538,0.011918128,0.012759512,-5.3471966
6664,2026-08-24,-0.064038344,-0.060467497,0.011951314,0.0095079895,-5.3578196
3163,2026-08-24,-0.06399325,-0.07320641,0.011893736,0.007872371,-5.379964
3587,2026-08-24,-0.05378705,-0.07449327,0.009987622,0.013033121,-5.384832
2102,2026-08-24,-0.05873653,-0.053603563,0.0108889155,0.009717324,-5.3936625
7751,2026-08-24,-0.049885716,-0.04789253,0.009209478,0.010248037,-5.4161916
2740,2026-08-24,-0.05055181,-0.024691723,0.009331472,0.007836444,-5.4167647
3092,2026-08-24,-0.084775016,-0.071961746,0.015644928,0.01254458,-5.4183435
4923,2026-08-24,-0.04885893,-0.04044513,0.008998451,0.0074674604,-5.429101
8054,2026-08-24,-0.0734446,-0.08934038,0.013522014,0.012480559,-5.431082
2434,2026-08-24,-0.07750548,-0.080462165,0.014269623,0.01829563,-5.431121
2743,2026-08-24,-0.05991589,-0.035218827,0.010981461,0.010426661,-5.4555974
4946,2026-08-24,-0.054459278,-0.035970427,0.009957779,0.012196377,-5.468469
2514,2026-08-24,-0.052196924,-0.051495973,0.009523109,0.009066377,-5.4805045
7714,2026-08-24,-0.06186189,-0.030905096,0.0112718195,0.0115925055,-5.4877033
6415,2026-08-24,-0.053401075,-0.08120266,0.009716148,0.010918955,-5.49555
3624,2026-08-24,-0.046509106,-0.070115834,0.008455993,0.009371846,-5.499485
7749,2026-08-24,-0.05888323,-0.054627188,0.010647939,0.009772573,-5.529493
8088,2026-08-24,-0.056745246,-0.06754572,0.010236419,0.011357413,-5.542925
2548,2026-08-24,-0.052507695,-0.05259168,0.009417854,0.009875999,-5.5747433
6624,2026-08-24,-0.088562995,-0.08175221,0.015877724,0.013336436,-5.577463
2406,2026-08-24,-0.065595515,-0.085373096,0.01167314,0.011519628,-5.618873
3498,2026-08-24,-0.06856162,-0.047663562,0.012125098,0.011115067,-5.6540546
2426,2026-08-24,-0.060573254,-0.07696485,0.010676538,0.010237212,-5.6729608
2465,2026-08-24,-0.14423364,-0.19424959,0.025195912,0.032822248,-5.724259
8103,2026-08-24,-0.096629985,-0.07274628,0.016687756,0.011649937,-5.790125
5302,2026-08-24,-0.064084396,-0.056552902,0.011056892,0.0115580605,-5.795354
3444,2026-08-24,-0.063220575,-0.06698486,0.0108139375,0.011310103,-5.8456717
8131,2026-08-24,-0.058584176,-0.08282342,0.010001524,0.012917617,-5.856939
7768,2026-08-24,-0.07511672,-0.06467467,0.0128157465,0.012752644,-5.8608255
3388,2026-08-24,-0.059518646,-0.049986877,0.0101497555,0.009711356,-5.8634696
5381,2026-08-24,-0.05476798,-0.044219315,0.009331221,0.010001337,-5.868697
2495,2026-08-24,-0.04927249,-0.076320045,0.008374749,0.012463368,-5.882756
3006,2026-08-24,-0.061081443,-0.06641907,0.010364812,0.008488886,-5.892586
4564,2026-08-24,-0.059999462,-0.079209834,0.010169314,0.011965337,-5.89947
8234,2026-08-24,-0.059962727,-0.07887594,0.010160086,0.010274819,-5.901212
9921,2026-08-24,-0.07472646,-0.078771,0.01264505,0.013625216,-5.9090753
1313,2026-08-24,-0.072696425,-0.06364961,0.012277203,0.010577009,-5.9207706
6881,2026-08-24,-0.059639804,-0.037641253,0.010008939,0.009582368,-5.958059
7803,2026-08-24,-0.055654693,-0.042624652,0.009332087,0.009626359,-5.96316
2425,2026-08-24,-0.08219449,-0.10036942,0.013623522,0.014433607,-6.032835
3485,2026-08-24,-0.11681738,-0.09890489,0.019338693,0.016681837,-6.040291
9958,2026-08-24,-0.10565996,-0.10560803,0.017339723,0.018523557,-6.093169
2070,2026-08-24,-0.089881465,-0.07646866,0.014641011,0.01064117,-6.138601
2485,2026-08-24,-0.063107654,-0.09284544,0.010270455,0.013054618,-6.143984
2483,2026-08-24,-0.05244949,-0.080853,0.008507598,0.0098257605,-6.164293
6168,2026-08-24,-0.0974946,-0.10467224,0.015770065,0.014125599,-6.1818657
6269,2026-08-24,-0.06193828,-0.10313055,0.009984162,0.008532271,-6.203032
2613,2026-08-24,-0.0914272,-0.033948112,0.014678847,0.013981144,-6.2280755
1799,2026-08-24,-0.06451294,-0.06676758,0.010337837,0.012086469,-6.239864
4994,2026-08-24,-0.0719521,-0.06947501,0.011485389,0.012064813,-6.2641177
5213,2026-08-24,-0.05904164,-0.034719754,0.009375684,0.00700903,-6.2966437
8421,2026-08-24,-0.08338874,-0.053460598,0.013229588,0.011351044,-6.3027234
2402,2026-08-24,-0.05923624,-0.0645955,0.009385553,0.011251677,-6.3107553
4558,2026-08-24,-0.07283856,-0.051411025,0.011540071,0.01580642,-6.311248
8358,2026-08-24,-0.07306615,-0.08420857,0.011568166,0.010838944,-6.3155932
5481,2026-08-24,-0.06605497,-0.053474355,0.010438406,0.010881361,-6.327464
1441,2026-08-24,-0.06565406,-0.045884285,0.010365808,0.010192505,-6.3331027
1471,2026-08-24,-0.080558695,-0.062132977,0.012707168,0.013805162,-6.339127
1806,2026-08-24,-0.096341945,-0.08435257,0.015160273,0.011363222,-6.354476
4971,2026-08-24,-0.09771641,-0.107689254,0.01536855,0.014313362,-6.3577924
2736,2026-08-24,-0.073142484,-0.041244943,0.011461488,0.011832588,-6.38103
3013,2026-08-24,-0.05526585,-0.072333224,0.008591724,0.008806709,-6.4317036
3313,2026-08-24,-0.0792522,-0.073328495,0.012318647,0.009947215,-6.432993
7723,2026-08-24,-0.16339706,-0.16078036,0.025261786,0.028141955,-6.4678955
5608,2026-08-24,-0.11251116,-0.06087787,0.017325712,0.016920486,-6.493509
2451,2026-08-24,-0.06607624,-0.05885031,0.010174299,0.010562156,-6.4937887
4147,2026-08-24,-0.07849973,-0.08393382,0.012013106,0.01263364,-6.533963
3630,2026-08-24,-0.07446286,-0.10204061,0.011296335,0.011359106,-6.5911884
8089,2026-08-24,-0.093804106,-0.08312653,0.014143211,0.012389482,-6.6319785
6426,2026-08-24,-0.08288727,-0.08718155,0.0124231195,0.012759864,-6.67148
2910,2026-08-24,-0.07315316,-0.055863205,0.010949961,0.010703263,-6.6800675
1316,2026-08-24,-0.12909468,-0.071215935,0.01927414,0.016811075,-6.69747
3260,2026-08-24,-0.06241296,-0.06645142,0.009273756,0.010533928,-6.7293367
6841,2026-08-24,-0.08144521,-0.075665876,0.012100741,0.012991565,-6.7300406
5484,2026-08-24,-0.06277971,-0.055623207,0.009324874,0.011562743,-6.7317777
9136,2026-08-24,-0.07548504,-0.07790827,0.011159061,0.00952136,-6.7638555
5426,2026-08-24,-0.07410186,-0.07394042,0.010918594,0.012402328,-6.7861366
2724,2026-08-24,-0.07100247,-0.05207975,0.0104336785,0.011723711,-6.804471
4939,2026-08-24,-0.11573125,-0.0988159,0.016985748,0.014325784,-6.813031
6499,2026-08-24,-0.08633945,-0.082915515,0.012621368,0.013537126,-6.840194
3230,2026-08-24,-0.075330116,-0.09296131,0.011010122,0.012163983,-6.841275
1314,2026-08-24,-0.055679973,-0.047726672,0.008104964,0.007115915,-6.869013
6869,2026-08-24,-0.07158114,-0.06476595,0.010409901,0.010070268,-6.875595
5328,2026-08-24,-0.09398599,-0.13814764,0.013663866,0.012004656,-6.8779297
6929,2026-08-24,-0.07862077,-0.046110738,0.011403391,0.011467798,-6.8939033
6620,2026-08-24,-0.06625895,-0.07467749,0.009567541,0.01066529,-6.924666
6919,2026-08-24,-0.07406577,-0.06733372,0.010541159,0.012639454,-7.0256734
6532,2026-08-24,-0.07126413,-0.05769763,0.010118533,0.010270281,-7.0422354
6101,2026-08-24,-0.094053395,-0.07146526,0.013340973,0.01348554,-7.0494366
6204,2026-08-24,-0.10124406,-0.100950874,0.014347844,0.014414911,-7.055904
8162,2026-08-24,-0.07852014,-0.059993513,0.011125634,0.011425952,-7.0569534
5392,2026-08-24,-0.09140994,-0.09667338,0.0128758,0.015716042,-7.0988083
3135,2026-08-24,-0.083374895,-0.084819585,0.01174389,0.010898534,-7.0988226
3152,2026-08-24,-0.11786019,-0.10038754,0.016418774,0.018447215,-7.1779423
3049,2026-08-24,-0.10812925,-0.11219184,0.015043741,0.015400065,-7.187179
6547,2026-08-24,-0.08849548,-0.098492846,0.012268598,0.012528229,-7.2125816
3441,2026-08-24,-0.12826249,-0.10330285,0.017657083,0.01826416,-7.2636704
8044,2026-08-24,-0.06190959,-0.07305977,0.008500276,0.009928097,-7.2823877
1727,2026-08-24,-0.09106121,-0.07406292,0.012484102,0.015973503,-7.29359
2530,2026-08-24,-0.0688262,-0.07238519,0.009417663,0.010445108,-7.3074274
4956,2026-08-24,-0.09035484,-0.10555308,0.012096754,0.013084796,-7.468728
7777,2026-08-24,-0.085092835,-0.10228655,0.011384752,0.013361618,-7.4736247
4304,2026-08-24,-0.08957354,-0.06345801,0.011938508,0.012414184,-7.5022807
6456,2026-08-24,-0.07188215,-0.097025655,0.009580266,0.012925477,-7.5023646
4530,2026-08-24,-0.074113086,-0.047074776,0.009783331,0.010622302,-7.5746703
8271,2026-08-24,-0.0575949,-0.06091049,0.0075951493,0.010067733,-7.582118
4743,2026-08-24,-0.06871109,-0.07137123,0.009022852,0.012039058,-7.6143847
3339,2026-08-24,-0.11430157,-0.1326204,0.014885304,0.01572779,-7.678304
1591,2026-08-24,-0.07486783,-0.07305935,0.009740778,0.009746143,-7.685232
4903,2026-08-24,-0.105909415,-0.113393195,0.013203141,0.012601301,-8.020924
4169,2026-08-24,-0.10199404,-0.09401616,0.012666078,0.0126162665,-8.051899
3540,2026-08-24,-0.12197044,-0.11792707,0.015102479,0.016703663,-8.075652
2489,2026-08-24,-0.09554324,-0.08758139,0.011641821,0.0104141785,-8.206194
6276,2026-08-24,-0.072461605,-0.055881277,0.008755864,0.007611273,-8.274836
3094,2026-08-24,-0.08650199,-0.10163477,0.010414349,0.012273174,-8.305242
2314,2026-08-24,-0.08651587,-0.082749814,0.010375688,0.011359285,-8.3375225
2601,2026-08-24,-0.1156065,-0.080633335,0.013750936,0.01377848,-8.406562
3114,2026-08-24,-0.10093836,-0.10090122,0.011968344,0.014218807,-8.433073
6160,2026-08-24,-0.117755905,-0.10429111,0.013821919,0.013153101,-8.518888
2540,2026-08-24,-0.0674274,-0.084984675,0.007890396,0.011347259,-8.544419
6550,2026-08-24,-0.11852905,-0.11810628,0.013699522,0.014360923,-8.651425
3622,2026-08-24,-0.116282806,-0.13405171,0.013327506,0.01532533,-8.724369
1569,2026-08-24,-0.09434041,-0.0800657,0.010675523,0.010090843,-8.836247
8085,2026-08-24,-0.109158434,-0.076095186,0.012278648,0.010790108,-8.889378
2340,2026-08-24,-0.08239452,-0.09182086,0.0092639625,0.012396308,-8.89313
6859,2026-08-24,-0.10269761,-0.08144871,0.011446643,0.013802209,-8.97107
2241,2026-08-24,-0.1088017,-0.10684557,0.012056319,0.013250235,-9.0237055
6021,2026-08-24,-0.095092915,-0.063083455,0.01051702,0.01020352,-9.040952
6103,2026-08-24,-0.13387218,-0.14254759,0.0148046985,0.015724696,-9.041936
6674,2026-08-24,-0.12794077,-0.118152246,0.014077258,0.012044237,-9.087827
7842,2026-08-24,-0.1546924,-0.1182333,0.016857767,0.014327715,-9.175783
6176,2026-08-24,-0.14894667,-0.16463307,0.016136575,0.015913768,-9.229805
1309,2026-08-24,-0.09769937,-0.093563415,0.010579013,0.009639016,-9.234333
3504,2026-08-24,-0.14673077,-0.15310176,0.015876742,0.012252428,-9.241286
7820,2026-08-24,-0.101007,-0.08149539,0.010921532,0.012510429,-9.247581
2369,2026-08-24,-0.07513817,-0.10841748,0.008004595,0.01311211,-9.385707
3508,2026-08-24,-0.09897022,-0.057728127,0.010525562,0.010542903,-9.401951
4967,2026-08-24,-0.079324864,-0.08425819,0.0083721215,0.008518333,-9.47375
2399,2026-08-24,-0.13010424,-0.13460681,0.013708763,0.014961405,-9.489898
1710,2026-08-24,-0.12522613,-0.11389355,0.013127436,0.011889065,-9.538541
6141,2026-08-24,-0.110768124,-0.07414128,0.011566274,0.011871819,-9.575992
3229,2026-08-24,-0.13422543,-0.11772917,0.013915702,0.011725656,-9.644917
2486,2026-08-24,-0.112583764,-0.123758055,0.011533758,0.011148062,-9.760392
6794,2026-08-24,-0.10788005,-0.0933617,0.010637779,0.010837643,-10.140265
6224,2026-08-24,-0.12258642,-0.0907409,0.011531911,0.012020611,-10.62927
4976,2026-08-24,-0.13688679,-0.1498202,0.01280327,0.013642011,-10.690714
3031,2026-08-24,-0.10731774,-0.08590153,0.009912432,0.0109231165,-10.825487
8101,2026-08-24,-0.1254742,-0.11894,0.011548289,0.013035151,-10.864236
8111,2026-08-24,-0.20931561,-0.20856118,0.019134054,0.023179099,-10.938856
6140,2026-08-24,-0.117334984,-0.08379558,0.010692291,0.008710672,-10.972766
6588,2026-08-24,-0.19033533,-0.18546861,0.017168825,0.01692539,-11.085455
2302,2026-08-24,-0.12266536,-0.15168336,0.010846155,0.012318504,-11.308528
2484,2026-08-24,-0.12638089,-0.1397551,0.010951822,0.013605877,-11.53866
6733,2026-08-24,-0.08515255,-0.080722585,0.0073388806,0.008367448,-11.601355
6895,2026-08-24,-0.14499979,-0.13768277,0.012098424,0.013682207,-11.984024
8045,2026-08-24,-0.09556257,-0.08971457,0.00770345,0.012447986,-12.403555
3362,2026-08-24,-0.19686823,-0.20044684,0.0156112,0.0210611,-12.609897
6969,2026-08-24,-0.12039889,-0.09487157,0.009324135,0.011840031,-12.9112215
