stock_id,Date,Score_20d,Score_60d,Unc_20d,Unc_60d,SQ_20d
3014,2026-08-24,0.2082021,0.16683652,0.012844933,0.010981049,16.207626
3293,2026-08-24,0.24782546,0.25212213,0.018264249,0.020633921,13.56814
5274,2026-08-24,0.1664243,0.1640764,0.0130150635,0.016581174,12.78607
3611,2026-08-24,0.14875275,0.07733253,0.011785529,0.015714325,12.620573
3086,2026-08-24,0.15690492,0.14829467,0.012592305,0.017080372,12.459392
3030,2026-08-24,0.24452148,0.16287537,0.019816585,0.02101249,12.338612
3592,2026-08-24,0.2053729,0.13892847,0.0168355,0.018444104,12.198075
6691,2026-08-24,0.1947429,0.16074975,0.01601723,0.017934548,12.157579
1777,2026-08-24,0.1515775,0.12298393,0.012929922,0.016173199,11.7220955
6229,2026-08-24,0.1865806,0.15464315,0.016207201,0.015033369,11.511493
1476,2026-08-24,0.14396764,0.15046063,0.012675462,0.015113517,11.357083
1817,2026-08-24,0.14239123,0.13213044,0.01254544,0.014872829,11.3491335
5478,2026-08-24,0.087690905,0.09352592,0.007801461,0.009909561,11.238878
6789,2026-08-24,0.21225792,0.23386554,0.019204112,0.023271015,11.052157
1268,2026-08-24,0.16796036,0.09418221,0.01540744,0.012762535,10.900542
3593,2026-08-24,0.21894096,0.08884341,0.020183984,0.01962058,10.8467245
6023,2026-08-24,0.12574282,0.13121495,0.011729913,0.01514345,10.718929
5609,2026-08-24,0.110504545,0.11834239,0.010375519,0.013227258,10.649481
3227,2026-08-24,0.18627372,0.098596655,0.01754629,0.014461942,10.615526
3596,2026-08-24,0.17878489,0.14806134,0.017038258,0.019448265,10.492528
2752,2026-08-24,0.11787267,0.051598717,0.01143766,0.012725399,10.304762
6982,2026-08-24,0.14702465,0.12894458,0.014296349,0.016436305,10.28335
4506,2026-08-24,0.13780141,0.13313083,0.013437991,0.01202046,10.253851
4961,2026-08-24,0.16590641,0.09047089,0.016512007,0.01503117,10.047014
3533,2026-08-24,0.14770581,0.09626317,0.014726012,0.015353372,10.029584
3044,2026-08-24,0.20273119,0.16640425,0.020336412,0.020595688,9.968387
2459,2026-08-24,0.11980009,0.08889755,0.012034309,0.014223614,9.954052
7708,2026-08-24,0.1632343,0.122303866,0.016905826,0.023580456,9.654934
1726,2026-08-24,0.10351861,0.08770965,0.010777722,0.013777702,9.603978
1342,2026-08-24,0.14944643,0.1564229,0.01556482,0.015665656,9.600935
4126,2026-08-24,0.15011121,0.085053936,0.015778115,0.01632207,9.513285
3130,2026-08-24,0.13458057,0.07644739,0.014203673,0.012205921,9.474386
2474,2026-08-24,0.12519507,0.13019904,0.013226947,0.015254793,9.464437
2486,2026-08-24,0.21435314,0.1351883,0.02294215,0.028887484,9.342794
6227,2026-08-24,0.22068945,0.10658636,0.024292469,0.025095748,9.0843115
2207,2026-08-24,0.13057636,0.13611943,0.014408381,0.016948897,9.061899
0055,2026-08-24,0.11156831,0.17194271,0.012388352,0.017787602,9.005177
1593,2026-08-24,0.13858731,0.09764984,0.015570468,0.016988177,8.90008
2506,2026-08-24,0.10069575,0.12082725,0.01137082,0.017352432,8.854849
2488,2026-08-24,0.09234924,0.08185877,0.01043907,0.01459764,8.845653
8069,2026-08-24,0.17665164,0.1538063,0.020015012,0.0260897,8.825516
1788,2026-08-24,0.10856547,0.04591324,0.012372516,0.0131052155,8.774019
9905,2026-08-24,0.12135466,0.11614648,0.013902138,0.015853705,8.72858
3711,2026-08-24,0.13294657,0.10298686,0.015276944,0.016150137,8.701862
6739,2026-08-24,0.15508705,0.08639772,0.017845768,0.017651476,8.689923
3010,2026-08-24,0.11110249,0.09484065,0.012829108,0.012940341,8.659513
5288,2026-08-24,0.107251786,0.10416188,0.012569469,0.014538805,8.5320425
2535,2026-08-24,0.09575807,0.15279198,0.011273171,0.014645789,8.49358
6951,2026-08-24,0.1339245,0.100529306,0.01584569,0.01746186,8.45126
0061,2026-08-24,0.17941856,0.19399017,0.021342305,0.019545324,8.406316
5209,2026-08-24,0.13789855,0.060104616,0.016442092,0.01762375,8.386412
2421,2026-08-24,0.15587507,0.116350256,0.018604107,0.021033313,8.378079
9944,2026-08-24,0.1210018,0.1392325,0.014500807,0.018342273,8.343912
3213,2026-08-24,0.112367146,0.06788425,0.013569308,0.018175062,8.280368
1516,2026-08-24,0.17934634,0.17174228,0.021898374,0.021322342,8.189565
4535,2026-08-24,0.090249635,0.059554067,0.011191261,0.013277957,8.063575
2414,2026-08-24,0.13580896,0.12661599,0.016891079,0.019792633,8.039802
1519,2026-08-24,0.17255472,0.22566843,0.0215703,0.01860285,7.999273
4104,2026-08-24,0.086986445,0.062160708,0.010919384,0.013240998,7.965512
5272,2026-08-24,0.11738735,0.0781207,0.014750305,0.01694629,7.9577603
3680,2026-08-24,0.12660518,0.054867286,0.015956575,0.017419148,7.933861
0051,2026-08-24,0.16348696,0.12654455,0.020677643,0.022372216,7.9060774
5536,2026-08-24,0.10220372,0.038880944,0.012964296,0.016332865,7.882868
6223,2026-08-24,0.09568426,0.038055576,0.012260557,0.014665973,7.8035975
6474,2026-08-24,0.12490673,0.06864201,0.016072666,0.017769318,7.7708926
8481,2026-08-24,0.12042443,0.07398642,0.0155104045,0.0147900935,7.7636056
8424,2026-08-24,0.09656968,0.047452863,0.012535749,0.013768141,7.702928
9925,2026-08-24,0.08315287,0.12410326,0.01080701,0.012783579,7.693633
6988,2026-08-24,0.11986062,0.10359621,0.015598993,0.02061984,7.6833763
6803,2026-08-24,0.09698035,0.03168807,0.0126435505,0.012370396,7.6697345
6903,2026-08-24,0.111112274,-0.10292505,0.014507035,0.017225856,7.6586714
6121,2026-08-24,0.13837093,0.13206531,0.018073576,0.016549198,7.655556
6015,2026-08-24,0.13722129,0.13553248,0.017968867,0.023174541,7.6361885
6573,2026-08-24,0.1264119,0.20743372,0.017019814,0.022181144,7.426901
3661,2026-08-24,0.10901702,0.08472514,0.01469463,0.01488738,7.4183292
6515,2026-08-24,0.1229622,0.04118366,0.016719926,0.0151127465,7.353791
8024,2026-08-24,0.13472567,0.14858498,0.018322503,0.01900001,7.3526154
5234,2026-08-24,0.11486699,0.064398915,0.015822168,0.018489253,7.2594175
2067,2026-08-24,0.12086638,0.10805367,0.01666142,0.018422265,7.253831
7728,2026-08-24,0.12339662,0.07894994,0.017025623,0.017167784,7.247275
2385,2026-08-24,0.06584026,0.03828849,0.009150201,0.010083116,7.1947117
8464,2026-08-24,0.12732965,0.15521695,0.017728148,0.018960532,7.181938
6028,2026-08-24,0.09423785,0.07719358,0.0132908095,0.01288798,7.0899186
3005,2026-08-24,0.10337346,0.11477852,0.014584048,0.016541502,7.0876327
8081,2026-08-24,0.108281404,0.042682417,0.01530392,0.017476304,7.0749407
4107,2026-08-24,0.100271605,0.057088964,0.014251891,0.016473066,7.0351768
2458,2026-08-24,0.10506519,0.061150678,0.014960616,0.014430258,7.0223155
6192,2026-08-24,0.07598564,0.014578179,0.0108610345,0.0152781345,6.9955254
6661,2026-08-24,0.107040964,0.13480328,0.0153398365,0.017571894,6.977518
5871,2026-08-24,0.10661998,0.12723856,0.015286501,0.019341398,6.9743237
2388,2026-08-24,0.11409044,0.06939954,0.016380336,0.022450712,6.96466
6781,2026-08-24,0.12536785,0.12763661,0.018053817,0.01657714,6.943734
1539,2026-08-24,0.10806902,0.115404226,0.015718652,0.018625803,6.8747716
2727,2026-08-24,0.0881921,0.011920933,0.01290311,0.014924011,6.8344193
2912,2026-08-24,0.1407213,0.16483548,0.0206116,0.027197598,6.826956
2433,2026-08-24,0.095077194,0.061139267,0.013938319,0.016768392,6.8207917
3702,2026-08-24,0.120060906,0.079936,0.017684758,0.015760642,6.788564
2444,2026-08-24,0.10576436,0.06728892,0.015615508,0.02113129,6.7725997
1213,2026-08-24,0.10797854,0.07001669,0.01594744,0.018325735,6.770476
5015,2026-08-24,0.090190746,0.106188886,0.013320202,0.017068435,6.770466
9912,2026-08-24,0.081354365,0.045722205,0.012102201,0.016808208,6.721723
6667,2026-08-24,0.07871411,-0.03947564,0.011723642,0.01390965,6.7135615
6177,2026-08-24,0.15880953,0.12832952,0.023846835,0.027259858,6.659285
5464,2026-08-24,0.17161728,0.05339543,0.025818411,0.025920786,6.646832
2885,2026-08-24,0.1421506,0.13398488,0.021537254,0.026137358,6.5999126
8383,2026-08-24,0.18321486,0.15414344,0.027904226,0.034702834,6.565611
0052,2026-08-24,0.12882671,0.176293,0.019670853,0.027026255,6.5487833
5547,2026-08-24,0.089470334,0.08895501,0.013775722,0.015259657,6.4943123
2383,2026-08-24,0.0769435,0.082368866,0.011857745,0.012639845,6.488334
8299,2026-08-24,0.08512941,0.025552306,0.013167879,0.015212357,6.464439
6894,2026-08-24,0.056233767,-0.0957915,0.008741039,0.011299503,6.4325686
2404,2026-08-24,0.101170726,0.091649264,0.015773563,0.012980275,6.413536
1537,2026-08-24,0.077548504,0.043864265,0.012114344,0.0117305415,6.4008503
3709,2026-08-24,0.10043033,0.013164084,0.015735002,0.013200684,6.382201
4807,2026-08-24,0.14864302,0.12982962,0.023329346,0.025728093,6.3712306
6581,2026-08-24,0.08934175,0.0546546,0.0140221985,0.01666713,6.3709965
4904,2026-08-24,0.109620795,0.10152246,0.017216247,0.014453908,6.3669176
6670,2026-08-24,0.087784134,0.057433214,0.01379238,0.013030825,6.364222
6509,2026-08-24,0.09436779,0.012439337,0.014829554,0.017515568,6.3630657
3494,2026-08-24,0.0879679,0.04596233,0.013860575,0.018062863,6.3461695
5876,2026-08-24,0.121563956,0.11210398,0.019191667,0.020296846,6.3338747
1102,2026-08-24,0.093047455,0.14144114,0.01480698,0.015784321,6.2836018
2423,2026-08-24,0.09366999,0.082148835,0.014918386,0.018243765,6.2784076
2493,2026-08-24,0.17064387,0.14041446,0.027307836,0.034638263,6.2486687
3557,2026-08-24,0.11710666,0.12428643,0.018887436,0.022455687,6.199913
2832,2026-08-24,0.11769511,0.13594143,0.019090319,0.01905503,6.1648493
8435,2026-08-24,0.13561021,0.10636432,0.022056948,0.027588464,6.147907
5356,2026-08-24,0.10414829,0.06966729,0.017077329,0.018821016,6.098272
4432,2026-08-24,0.11454079,0.07919968,0.018784009,0.015483774,6.0974574
6510,2026-08-24,0.06686447,0.025914768,0.01097732,0.013408909,6.090592
6625,2026-08-24,0.07689878,0.022766491,0.012628368,0.013882586,6.088886
8942,2026-08-24,0.07072572,0.067895316,0.011617888,0.01363154,6.087133
1730,2026-08-24,0.07242171,0.044964667,0.011909537,0.016525215,6.0804734
1264,2026-08-24,0.091580406,0.00024147463,0.015083765,0.015453703,6.071053
6412,2026-08-24,0.09151543,0.04825345,0.015099597,0.014361892,6.0603848
8941,2026-08-24,0.077231154,0.03472375,0.0128806885,0.013328312,5.9954214
6535,2026-08-24,0.10126632,0.01754797,0.016992856,0.02050913,5.958996
4966,2026-08-24,0.1286864,0.00509536,0.021629836,0.019951157,5.94921
2908,2026-08-24,0.067558035,0.056571364,0.011423225,0.012461048,5.913577
5388,2026-08-24,0.08000979,0.051214464,0.01368112,0.013041233,5.847762
7743,2026-08-24,0.07348703,0.05402225,0.012567205,0.014896626,5.8470583
5520,2026-08-24,0.07659575,0.062015813,0.01310093,0.01640005,5.846143
6231,2026-08-24,0.07684001,-0.027758209,0.013166009,0.015663069,5.8357983
1737,2026-08-24,0.05061776,0.02889345,0.008710615,0.015920337,5.8103757
1773,2026-08-24,0.066352874,-7.632406e-05,0.011436916,0.015537972,5.801133
2850,2026-08-24,0.091891244,0.14323552,0.015916029,0.020908166,5.7731404
5533,2026-08-24,0.077367544,0.080251694,0.013401734,0.013576258,5.7725196
2726,2026-08-24,0.086564325,0.053341337,0.015013338,0.016491108,5.765444
3305,2026-08-24,0.08714993,-0.03817296,0.015201358,0.022982698,5.732659
5543,2026-08-24,0.094719924,0.06565566,0.016557237,0.020521259,5.720411
6234,2026-08-24,0.11266316,0.05050211,0.019711236,0.017226288,5.715392
3581,2026-08-24,0.122835524,0.045187943,0.021499526,0.02231575,5.7131405
6183,2026-08-24,0.081647605,0.058855586,0.01435314,0.016602367,5.6880875
3115,2026-08-24,0.10481294,0.1029223,0.018474186,0.0222288,5.673174
4995,2026-08-24,0.063423365,0.06018229,0.011203193,0.017498892,5.6606812
8277,2026-08-24,0.078428596,0.09638528,0.013863745,0.017769719,5.656692
2373,2026-08-24,0.060356062,0.03743611,0.010678465,0.015690807,5.6516
4770,2026-08-24,0.08536892,0.028047284,0.015104619,0.015960805,5.651468
3131,2026-08-24,0.06975276,-0.0047315643,0.012371464,0.014073192,5.637742
3563,2026-08-24,0.074675165,0.009371922,0.013265482,0.015079296,5.6288595
5878,2026-08-24,0.06819311,0.042230774,0.012136514,0.013123031,5.618375
2887,2026-08-24,0.10380285,0.11101104,0.018476818,0.016344205,5.6177006
3217,2026-08-24,0.07375455,-0.0029105737,0.013200105,0.014040363,5.586998
9904,2026-08-24,0.07732029,0.12387274,0.013892194,0.020353483,5.5653358
6679,2026-08-24,0.074710235,-0.064115815,0.013475095,0.013925803,5.543908
2114,2026-08-24,0.07270257,0.059522,0.013171477,0.013365999,5.5192785
4555,2026-08-24,0.08474957,0.04405474,0.015416808,0.020076644,5.4968624
4527,2026-08-24,0.09337299,0.04789795,0.017043477,0.015552346,5.4781966
1418,2026-08-24,0.072955415,0.11227326,0.013316441,0.020421831,5.4781857
9927,2026-08-24,0.05738159,0.011652922,0.010482634,0.014335985,5.473444
4417,2026-08-24,0.07379163,0.051055733,0.013516442,0.012069225,5.4589934
3356,2026-08-24,0.090442404,0.028229503,0.016612543,0.017309573,5.4438963
1760,2026-08-24,0.0701748,0.049105667,0.01290945,0.016045721,5.435504
6947,2026-08-24,0.08343996,0.1295193,0.015413751,0.020857919,5.4129944
6561,2026-08-24,0.066600814,0.028285706,0.012337132,0.012016762,5.3979654
2305,2026-08-24,0.10739864,0.07941448,0.019896667,0.025574995,5.397549
6216,2026-08-24,0.08525842,0.06453221,0.015796764,0.015632924,5.396866
6877,2026-08-24,0.13438669,0.12859833,0.024912823,0.025385164,5.394061
3715,2026-08-24,0.12317983,0.14144507,0.022860603,0.029478345,5.3880663
3380,2026-08-24,0.07967782,0.07078966,0.014796635,0.014706325,5.3844967
6263,2026-08-24,0.08584547,-0.030874256,0.015971178,0.014361293,5.3746877
2838,2026-08-24,0.0682436,0.1353624,0.012701664,0.014008585,5.3723845
8067,2026-08-24,0.07411275,0.05498797,0.013807592,0.014397702,5.3671474
7713,2026-08-24,0.06612318,0.02688837,0.012469275,0.010250836,5.3024635
6605,2026-08-24,0.059569575,0.034145705,0.0112428935,0.01016389,5.297949
3105,2026-08-24,0.07280881,-0.023643842,0.0138329165,0.014435345,5.2630653
1468,2026-08-24,0.060490735,0.11484595,0.011494051,0.015307716,5.2623286
1512,2026-08-24,0.06786005,0.05022606,0.0129252225,0.014115948,5.2497973
5403,2026-08-24,0.08017554,0.034920026,0.015279717,0.018137757,5.2468443
4924,2026-08-24,0.059685055,0.026332742,0.011375324,0.01309099,5.246427
6996,2026-08-24,0.12320118,0.047323655,0.023567475,0.0250562,5.227371
3529,2026-08-24,0.10495874,0.10453059,0.020082721,0.023641674,5.2260604
8059,2026-08-24,0.06064087,-0.0061231013,0.011651582,0.016093876,5.2040715
4766,2026-08-24,0.07287477,-0.026133053,0.014098855,0.015222687,5.1684766
0050,2026-08-24,0.072308846,0.060788903,0.014003909,0.01953623,5.163107
1477,2026-08-24,0.073352985,0.06425726,0.014206895,0.012419375,5.1628327
3218,2026-08-24,0.06940176,-0.005514705,0.013576136,0.016389744,5.1116643
6264,2026-08-24,0.10533211,0.11280059,0.02067192,0.02273971,5.095173
5516,2026-08-24,0.09446578,0.09219548,0.018557705,0.02123999,5.090106
4529,2026-08-24,0.14452499,0.14926535,0.028531715,0.025943246,5.065238
6908,2026-08-24,0.081831835,0.052711803,0.016177328,0.016177379,5.0581145
3413,2026-08-24,0.069819525,-0.0036686782,0.013812021,0.014021632,5.0546165
5345,2026-08-24,0.22535147,0.3710681,0.04463738,0.053193696,5.0483794
6542,2026-08-24,0.082351685,0.06322716,0.016316462,0.014310494,5.046844
4749,2026-08-24,0.090404876,0.04814887,0.017980242,0.020867273,5.0277324
2353,2026-08-24,0.09620954,0.16526957,0.019136904,0.01797953,5.027172
8032,2026-08-24,0.077689745,0.027951065,0.015581217,0.019461114,4.9857955
4771,2026-08-24,0.06490619,-0.013440411,0.013050821,0.014041981,4.9729605
2496,2026-08-24,0.09338389,0.064255476,0.018818261,0.02121159,4.9621444
8284,2026-08-24,0.06440556,0.009790807,0.013123159,0.015149941,4.9074044
3526,2026-08-24,0.086704,-0.016307432,0.017705075,0.016142145,4.89685
3228,2026-08-24,0.070650935,0.017310645,0.014556804,0.01565343,4.8531313
3033,2026-08-24,0.08752877,0.036111344,0.01807484,0.023573581,4.842307
1783,2026-08-24,0.038978305,0.02039225,0.008076777,0.0109036425,4.825375
5904,2026-08-24,0.13373232,0.048998315,0.027747022,0.026759004,4.819526
3499,2026-08-24,0.07987282,0.058455713,0.016587486,0.02047073,4.8149548
6568,2026-08-24,0.08441629,-0.082844906,0.017616775,0.018664025,4.791541
3376,2026-08-24,0.07302782,-0.0052336766,0.0153007815,0.020405728,4.7725043
9945,2026-08-24,0.099311784,0.1396342,0.020846264,0.02791135,4.76378
8176,2026-08-24,0.08297475,-0.001590091,0.017441232,0.017252183,4.7571173
3465,2026-08-24,0.08407862,0.056213997,0.017802756,0.016877452,4.7225213
6154,2026-08-24,0.06850069,0.016840912,0.014655977,0.014120429,4.673589
3017,2026-08-24,0.06742573,0.09480463,0.014635886,0.01873971,4.606562
6949,2026-08-24,0.07214403,0.033386685,0.015667157,0.01779796,4.6045
4111,2026-08-24,0.06425132,0.031546727,0.013962621,0.019063953,4.6013365
3570,2026-08-24,0.065094724,0.00062592595,0.014214556,0.014963385,4.579119
4207,2026-08-24,0.048991553,0.019393615,0.010756433,0.01244577,4.554205
6983,2026-08-24,0.06909407,-0.04100653,0.0152535895,0.019461038,4.5293956
8021,2026-08-24,0.10090735,0.045137916,0.022408932,0.026378538,4.5027957
5511,2026-08-24,0.05373017,0.09272143,0.011942666,0.015189085,4.498633
2317,2026-08-24,0.05339473,0.014365969,0.011991657,0.013704915,4.4522853
6277,2026-08-24,0.063685894,0.068405055,0.014318143,0.014773225,4.447605
3532,2026-08-24,0.14926521,0.2316241,0.03363886,0.04166999,4.4371533
6609,2026-08-24,0.09027001,0.096213974,0.020386435,0.019158106,4.4277277
3432,2026-08-24,0.063570544,0.0122842295,0.014378004,0.014448393,4.421067
2367,2026-08-24,0.09458141,0.0153568685,0.021448454,0.026321514,4.409502
2937,2026-08-24,0.05741106,0.0353367,0.013054893,0.013623153,4.397329
8050,2026-08-24,0.093929306,0.13349588,0.021496007,0.026209224,4.369413
6170,2026-08-24,0.07316664,0.04101007,0.016908795,0.020878186,4.326879
8114,2026-08-24,0.08879318,-0.024890682,0.02053905,0.023745965,4.322929
2063,2026-08-24,0.048642218,0.017966235,0.011336685,0.01311841,4.290313
7556,2026-08-24,0.051616788,-0.07383976,0.012038949,0.015098837,4.2871265
8087,2026-08-24,0.07538246,0.025968878,0.017651726,0.020186588,4.270302
2420,2026-08-24,0.06769447,0.04075922,0.015882673,0.013606604,4.2618904
2107,2026-08-24,0.05652207,0.087365374,0.013293913,0.014056639,4.2514057
4953,2026-08-24,0.06425216,0.01945206,0.015145568,0.0134138,4.2420278
2731,2026-08-24,0.06218342,-0.0027477478,0.014718919,0.013303608,4.2244406
2352,2026-08-24,0.0662431,0.09634037,0.015723493,0.015393474,4.2127333
2880,2026-08-24,0.07573013,0.08057089,0.01809711,0.015551392,4.184422
5228,2026-08-24,0.06775749,0.00903691,0.016195841,0.01583522,4.183377
4915,2026-08-24,0.052231573,0.05731089,0.012496807,0.014981687,4.179259
5016,2026-08-24,0.060587358,0.035921704,0.0145343095,0.01378729,4.168288
8446,2026-08-24,0.056910552,-0.0039518173,0.013720862,0.01397333,4.1474366
7767,2026-08-24,0.06843422,0.07238775,0.016537959,0.016388759,4.1377587
3023,2026-08-24,0.06240734,0.072156064,0.015110089,0.017353833,4.1299033
6291,2026-08-24,0.046271127,-0.030015636,0.011229997,0.012347702,4.1199484
4583,2026-08-24,0.05682887,-0.013893364,0.013794005,0.013533577,4.1195254
8016,2026-08-24,0.06702538,0.015197778,0.016343229,0.014765304,4.100859
8455,2026-08-24,0.067588285,0.030918593,0.016487973,0.020763367,4.098999
2537,2026-08-24,0.0639732,0.08994447,0.015623082,0.01950574,4.0945253
3264,2026-08-24,0.08398916,0.037261732,0.020512527,0.023745304,4.0943303
6217,2026-08-24,0.20178215,0.06914404,0.049295634,0.047890373,4.093224
3512,2026-08-24,0.087072164,0.052210353,0.021285387,0.029064957,4.0905094
6139,2026-08-24,0.063297555,-0.051518105,0.015518756,0.01483912,4.078515
7610,2026-08-24,0.07550993,-0.05664209,0.018592319,0.01971758,4.0611324
4502,2026-08-24,0.05854799,0.05245108,0.014445178,0.01573963,4.052836
1808,2026-08-24,0.2486895,0.28390425,0.06140505,0.06089553,4.0499187
8416,2026-08-24,0.046878114,-0.004591863,0.011624352,0.015446422,4.032404
6138,2026-08-24,0.06104039,-0.016588772,0.015192257,0.01722028,4.017597
3285,2026-08-24,0.05598378,0.086481825,0.01398105,0.013704642,4.0039754
6936,2026-08-24,0.041919548,-0.008468205,0.010543281,0.016794097,3.9755719
2605,2026-08-24,0.07612223,0.07784953,0.019152943,0.02089803,3.974233
4946,2026-08-24,0.058521047,-0.03649338,0.014746588,0.021482604,3.9681776
3150,2026-08-24,0.052561574,0.032141864,0.013318397,0.019184375,3.9462426
3419,2026-08-24,0.055620696,0.061424773,0.014128369,0.01794072,3.9365306
6788,2026-08-24,0.07973733,-0.115199395,0.02028344,0.02182214,3.9309602
3209,2026-08-24,0.060839437,-0.036134955,0.015527949,0.019141305,3.9178078
2362,2026-08-24,0.04547756,0.10996513,0.011619035,0.013092149,3.9137197
6151,2026-08-24,0.0716754,-0.012917447,0.018369509,0.020854121,3.9016554
3259,2026-08-24,0.0818789,-0.01452649,0.021085544,0.024025023,3.882993
3048,2026-08-24,0.048132025,-0.009285146,0.012519399,0.011314087,3.8442883
3491,2026-08-24,0.08991367,0.053971853,0.02343199,0.02588902,3.837055
6735,2026-08-24,0.07827159,0.00691627,0.020576444,0.023404853,3.8037567
1240,2026-08-24,0.056617755,0.017710516,0.014939953,0.01669195,3.789434
3528,2026-08-24,0.0501249,-0.03552901,0.013228973,0.016136372,3.7887375
8390,2026-08-24,0.050297238,-0.059316777,0.013282686,0.016562073,3.7863917
2428,2026-08-24,0.05611987,0.0025163265,0.014846629,0.01754337,3.779719
2369,2026-08-24,0.08470395,0.0011286256,0.022449885,0.023568949,3.7728558
6442,2026-08-24,0.062269982,0.041851845,0.016624372,0.015517166,3.7454789
6494,2026-08-24,0.060973756,-0.006870138,0.016297499,0.021941952,3.7410657
6109,2026-08-24,0.065275475,0.064459644,0.017596394,0.020508477,3.709383
8930,2026-08-24,0.04778005,0.012503231,0.012979006,0.011513884,3.6810498
2308,2026-08-24,0.05821039,0.062199038,0.01588241,0.01931918,3.6648548
1339,2026-08-24,0.04295784,-0.0022865364,0.011884025,0.013387939,3.6144507
6123,2026-08-24,0.04008681,-0.0050253705,0.011094296,0.0130475005,3.612955
3664,2026-08-24,0.08614753,0.12100032,0.023982635,0.026356952,3.5919297
8034,2026-08-24,0.051221676,-0.021175323,0.014271733,0.016455064,3.5887783
5525,2026-08-24,0.09968456,0.12223695,0.027819863,0.036620505,3.5830865
6464,2026-08-24,0.038787268,0.021316143,0.010877515,0.011055924,3.5654929
2753,2026-08-24,0.048912637,-0.01898423,0.013762033,0.015087279,3.553914
3088,2026-08-24,0.07267628,-0.018773606,0.020522162,0.018759701,3.5411832
3022,2026-08-24,0.048990283,0.016075233,0.013857371,0.014811146,3.5350678
9908,2026-08-24,0.06030916,0.101994686,0.017101286,0.016402943,3.52638
1731,2026-08-24,0.045072675,0.0061012832,0.012781209,0.015327586,3.5262036
8341,2026-08-24,0.053577457,0.042725015,0.015220256,0.017769186,3.5199103
6128,2026-08-24,0.051731583,0.050923,0.014729892,0.016687494,3.5117753
4585,2026-08-24,0.048781887,0.010649423,0.013940797,0.012672252,3.498967
2327,2026-08-24,0.06786295,-0.038108516,0.01943145,0.019801367,3.4922488
2480,2026-08-24,0.056660336,0.056946523,0.016343063,0.014634586,3.4667227
2412,2026-08-24,0.05700426,0.06570368,0.016544571,0.020128641,3.4452882
4116,2026-08-24,0.048154127,0.024279026,0.014015392,0.015132539,3.4355578
4153,2026-08-24,0.045462232,0.030007232,0.01333626,0.015875965,3.4086635
6026,2026-08-24,0.060170524,0.04106703,0.01767361,0.020773211,3.4043481
1472,2026-08-24,0.0624584,-0.00086263625,0.018429514,0.014202414,3.3888583
2360,2026-08-24,0.04664534,0.051023122,0.013841219,0.013329949,3.3697877
6266,2026-08-24,0.055156793,-0.017045243,0.01642432,0.017429668,3.3580344
2355,2026-08-24,0.049981527,-0.005850697,0.014929448,0.016206186,3.347624
3058,2026-08-24,0.047274146,0.04624931,0.014136003,0.017510489,3.3440003
4729,2026-08-24,0.048807535,-0.030370768,0.014599162,0.017188797,3.3429446
6190,2026-08-24,0.045238454,-0.047464855,0.013581402,0.01654209,3.3306668
5434,2026-08-24,0.031818297,0.05241217,0.009555269,0.011507123,3.3295732
1216,2026-08-24,0.059550364,0.056515332,0.017970733,0.018008657,3.313557
2527,2026-08-24,0.08307863,0.029910691,0.02515234,0.026130442,3.3028865
2915,2026-08-24,0.056043375,0.05119682,0.017104857,0.016241165,3.2762682
6606,2026-08-24,0.047112927,0.03749459,0.014482258,0.014139194,3.2529233
4974,2026-08-24,0.0471906,-0.01191622,0.0146009885,0.017314421,3.2317927
1586,2026-08-24,0.047827363,-0.00748998,0.014814561,0.019739427,3.2281842
5301,2026-08-24,0.050852068,-0.028010944,0.01578617,0.01868637,3.221101
3402,2026-08-24,0.057701375,-0.03102994,0.017970176,0.017165313,3.2107735
3016,2026-08-24,0.0774494,0.07725121,0.02417693,0.021048471,3.20331
1503,2026-08-24,0.034827523,0.038590826,0.010958643,0.013673709,3.1777973
6855,2026-08-24,0.034051515,-0.011390526,0.010752308,0.013904475,3.1666083
5355,2026-08-24,0.061299626,0.08678724,0.019361587,0.020861581,3.16588
7716,2026-08-24,0.0585898,0.016923014,0.018521916,0.016280986,3.163098
2431,2026-08-24,0.041093048,0.04530008,0.012994041,0.01509962,3.16221
2889,2026-08-24,0.06674443,0.104464106,0.021241952,0.021333514,3.1419566
6269,2026-08-24,0.0535999,0.08322222,0.017082792,0.014378122,3.137471
2066,2026-08-24,0.03179938,0.01867433,0.010170021,0.013303411,3.1264687
6115,2026-08-24,0.042045783,0.03228944,0.013493875,0.014738763,3.1156852
6690,2026-08-24,0.036768816,-0.0396126,0.011805627,0.016107336,3.1142523
5439,2026-08-24,0.05970053,-0.08096733,0.01925174,0.022115719,3.100885
4764,2026-08-24,0.054271445,-0.071388245,0.017533422,0.02475551,3.0951374
6411,2026-08-24,0.04439907,-0.040134136,0.014408921,0.015132794,3.081146
6491,2026-08-24,0.033123974,0.005814762,0.010757508,0.014357112,3.0788631
5534,2026-08-24,0.06937163,0.08452576,0.022556938,0.022983577,3.0752647
4440,2026-08-24,0.04974023,0.009300378,0.01617636,0.015937246,3.0746815
2406,2026-08-24,0.06268634,0.010430815,0.02039932,0.026267067,3.0728114
2330,2026-08-24,0.060243327,0.05994301,0.019687291,0.01940812,3.0598555
6831,2026-08-24,0.063691884,0.05914263,0.020846818,0.019663792,3.0550864
2852,2026-08-24,0.0627855,0.07118549,0.020604152,0.022224007,3.0470777
1256,2026-08-24,0.04345114,-0.046143837,0.014409483,0.017006755,3.0152452
2701,2026-08-24,0.032866515,0.036585983,0.010913992,0.011564092,3.0111349
6683,2026-08-24,0.046954345,0.02078798,0.015650047,0.021464188,3.0000768
5353,2026-08-24,0.036204755,-0.006304911,0.012071832,0.014708356,2.9988618
2345,2026-08-24,0.04282882,-0.015528164,0.014345934,0.0149905505,2.9852247
2397,2026-08-24,0.035579007,0.02023537,0.011977665,0.014701348,2.970198
7704,2026-08-24,0.043575875,-0.013355388,0.014762351,0.01518811,2.9516249
4105,2026-08-24,0.041823044,0.05015473,0.014217936,0.015104823,2.9413624
4534,2026-08-24,0.077783294,0.0035234964,0.026568191,0.025944572,2.9275749
9911,2026-08-24,0.040639885,0.04317193,0.0139674675,0.015597344,2.909402
5469,2026-08-24,0.03232002,-0.011977669,0.011134893,0.013552003,2.9023285
6114,2026-08-24,0.03858429,-0.01975079,0.013319781,0.016629256,2.8965485
3686,2026-08-24,0.04220714,-0.032037493,0.014598636,0.020253409,2.8909721
6968,2026-08-24,0.06353188,0.043105252,0.02197802,0.020780899,2.8905692
6613,2026-08-24,0.053329296,-0.01588757,0.018535191,0.017100565,2.8770363
4711,2026-08-24,0.051061515,0.029550927,0.017782291,0.020365056,2.8713198
6417,2026-08-24,0.038731936,-0.082760714,0.013519846,0.017843347,2.864609
3450,2026-08-24,0.053333424,-0.01843068,0.018670447,0.027381252,2.8564162
8083,2026-08-24,0.044147834,-0.010548864,0.015596381,0.020650022,2.8304644
3163,2026-08-24,0.064859375,0.0076336456,0.02300127,0.02201773,2.8196945
8476,2026-08-24,0.050807796,-0.09741476,0.018231116,0.01909093,2.7867196
3679,2026-08-24,0.04258744,-0.00720059,0.01531508,0.015805027,2.7805705
4582,2026-08-24,0.053766843,-0.016556289,0.019609142,0.021974564,2.7417874
9950,2026-08-24,0.031977538,0.029984254,0.011689451,0.013685438,2.7353554
6585,2026-08-24,0.042914525,0.09572285,0.01578586,0.0146229705,2.71837
7786,2026-08-24,0.038701516,0.041396793,0.014250334,0.020384723,2.7156415
6134,2026-08-24,0.06216379,0.01037599,0.023016304,0.026658826,2.7007415
2816,2026-08-24,0.042235795,0.05704001,0.015655795,0.016246775,2.6976016
6844,2026-08-24,0.032963898,0.027744036,0.012258983,0.014685049,2.6887393
2886,2026-08-24,0.03992123,0.03078928,0.014883255,0.017451704,2.6821115
3672,2026-08-24,0.044848427,0.0918639,0.016837718,0.017751927,2.663411
1722,2026-08-24,0.034490455,0.03491634,0.013066831,0.016211802,2.6393404
2441,2026-08-24,0.04664832,-0.035867862,0.017825628,0.01908797,2.6167777
1734,2026-08-24,0.0453737,0.03859533,0.01738126,0.0135773225,2.6103451
6146,2026-08-24,0.03276298,-0.023488482,0.012561574,0.014750845,2.6079829
5703,2026-08-24,0.034722243,0.0040918356,0.013352495,0.014900083,2.6002364
6171,2026-08-24,0.05381291,0.057454664,0.020958027,0.024715487,2.567529
4938,2026-08-24,0.032519452,0.04397071,0.012684236,0.013271633,2.563567
3349,2026-08-24,0.029754663,0.0102745015,0.0116666835,0.017471414,2.5501773
6278,2026-08-24,0.061584525,0.044703465,0.024300868,0.0290866,2.5341477
8926,2026-08-24,0.09388921,0.10502643,0.03706842,0.04573297,2.5327942
6187,2026-08-24,0.04423593,0.010813077,0.017495912,0.014379663,2.5282135
4536,2026-08-24,0.03267134,0.031636287,0.012982803,0.0147408545,2.516315
6590,2026-08-24,0.032150056,-0.032471042,0.012806335,0.017346272,2.5102844
1712,2026-08-24,0.032538127,-0.005516197,0.01298344,0.017265586,2.505932
3541,2026-08-24,0.033289257,-0.025418084,0.013307808,0.015712293,2.501295
6805,2026-08-24,0.033379633,0.019379497,0.013705497,0.016032752,2.4353147
2247,2026-08-24,0.031030815,0.037895784,0.012752925,0.015872853,2.4330404
1781,2026-08-24,0.030829882,0.0373298,0.012720615,0.011687513,2.4234252
1615,2026-08-24,0.032279734,0.021190843,0.013337349,0.014476855,2.4200697
3577,2026-08-24,0.04520396,0.0031287575,0.018723853,0.016788915,2.4141157
7794,2026-08-24,0.03137274,-0.024516443,0.013073825,0.016286395,2.3994768
3357,2026-08-24,0.041186117,-0.04521863,0.017185383,0.017074559,2.3964388
9939,2026-08-24,0.027327843,0.046345107,0.011413409,0.013637675,2.3941529
6285,2026-08-24,0.033222344,-0.015633972,0.013897573,0.013787571,2.390342
6281,2026-08-24,0.03957147,0.019470049,0.016598254,0.017072605,2.3839307
4123,2026-08-24,0.04069747,0.0066030077,0.017071651,0.017722296,2.3837814
8996,2026-08-24,0.039605077,0.04808156,0.016683368,0.016513443,2.3737833
6165,2026-08-24,0.036183104,0.01988365,0.015483475,0.019016404,2.3367343
8091,2026-08-24,0.035265446,-0.052930657,0.015170221,0.01416077,2.324496
6202,2026-08-24,0.037338573,-0.021752203,0.01650978,0.01733924,2.2614663
2354,2026-08-24,0.033393923,-0.006049471,0.014766117,0.015129682,2.2613707
2049,2026-08-24,0.051116068,0.035479587,0.02266197,0.021068573,2.2554884
6214,2026-08-24,0.04607006,0.049857035,0.020484664,0.023848401,2.2488928
8086,2026-08-24,0.042130224,-0.053187624,0.018890668,0.019260073,2.2300956
5251,2026-08-24,0.0378643,-0.04751174,0.01706864,0.02208024,2.218225
5205,2026-08-24,0.032870222,-0.03343152,0.0148289045,0.015996125,2.2164824
5220,2026-08-24,0.035593033,-0.01262635,0.016122326,0.01503958,2.2075489
3321,2026-08-24,0.023425976,0.04564148,0.010653777,0.01318167,2.1986358
5548,2026-08-24,0.035274982,0.02677255,0.016043808,0.018722977,2.1985292
0057,2026-08-24,0.057606984,-0.09689064,0.026213702,0.026616434,2.1975067
9951,2026-08-24,0.025708508,-0.0037853657,0.011781782,0.016739124,2.1818707
2947,2026-08-24,0.025675368,-0.010238505,0.011780694,0.014658586,2.1792593
1591,2026-08-24,0.050812863,-0.044451952,0.023525031,0.022644578,2.159857
5287,2026-08-24,0.027115999,-0.024188848,0.012670979,0.011371119,2.1398392
6020,2026-08-24,0.03709426,0.051408816,0.017432496,0.018754074,2.127758
5328,2026-08-24,0.047898404,-0.007417817,0.022583684,0.028461395,2.1208358
2356,2026-08-24,0.037586592,0.017717024,0.018032236,0.019270573,2.0842955
8432,2026-08-24,0.029766142,-0.009318239,0.014433794,0.015265256,2.0621107
4735,2026-08-24,0.02754472,0.02207743,0.013359546,0.015752008,2.0616462
1580,2026-08-24,0.02590349,-0.028670052,0.012594706,0.013878532,2.0565333
2390,2026-08-24,0.038117614,-0.011252121,0.018583532,0.021855958,2.0510397
6596,2026-08-24,0.03912014,-0.012035277,0.019130247,0.014186442,2.0448296
3443,2026-08-24,0.020683832,0.017987557,0.01011637,0.013744574,2.044388
5310,2026-08-24,0.02989477,0.015542066,0.01465769,0.021448541,2.039389
8163,2026-08-24,0.020449996,0.011911848,0.010038777,0.010623018,2.0368974
5210,2026-08-24,0.018758671,0.024865622,0.009244656,0.009233758,2.0289173
3535,2026-08-24,0.055108566,-0.13414024,0.027238572,0.027573902,2.0231068
3665,2026-08-24,0.024577988,0.043682873,0.0121776955,0.010982859,2.0181134
6654,2026-08-24,0.052444324,0.054841444,0.026139634,0.030425174,2.0062377
2534,2026-08-24,0.03545823,0.06841218,0.017691117,0.020599527,2.0041823
2718,2026-08-24,0.026895493,-0.010750639,0.013474742,0.01702543,1.9958451
1229,2026-08-24,0.027460704,0.0689348,0.013790362,0.015803091,1.9911524
1315,2026-08-24,0.027679449,0.0069481595,0.014156442,0.016557451,1.9551165
6246,2026-08-24,0.042948168,-0.090940885,0.02198246,0.029978307,1.9536582
5443,2026-08-24,0.029783862,-0.052244447,0.015312238,0.011640361,1.9449748
4806,2026-08-24,0.024973623,0.038598377,0.012897663,0.016269151,1.9361404
3028,2026-08-24,0.03004189,-0.07041823,0.015535047,0.017377222,1.9336894
3122,2026-08-24,0.032228377,-0.0046582757,0.016679477,0.01915179,1.9321016
6643,2026-08-24,0.041998375,-0.07449794,0.021932598,0.024600977,1.9147964
8213,2026-08-24,0.03565844,0.0030034685,0.01881969,0.019139476,1.8946404
3705,2026-08-24,0.02844457,0.014413263,0.0150907,0.01603183,1.8847823
6669,2026-08-24,0.027180059,-0.007815753,0.014426786,0.01224876,1.8838689
2426,2026-08-24,0.038391605,0.016047278,0.020630708,0.030167263,1.860806
1438,2026-08-24,0.04587151,0.09917121,0.024660274,0.030452535,1.8600625
2706,2026-08-24,0.025805231,0.032097477,0.013994449,0.015032865,1.8438301
3045,2026-08-24,0.04009598,0.047046687,0.021840092,0.019518286,1.8358048
2536,2026-08-24,0.027506037,0.020253949,0.014997605,0.019701706,1.8339063
3625,2026-08-24,0.03281696,-0.010550232,0.017915698,0.022917436,1.8316412
8201,2026-08-24,0.024339749,-0.017864192,0.013300575,0.017489124,1.8298395
3583,2026-08-24,0.033808723,-0.0054462682,0.018526133,0.014664937,1.8248222
7747,2026-08-24,0.024625834,-0.009673609,0.013509319,0.015805827,1.8227426
3555,2026-08-24,0.04059162,-0.047371387,0.022321992,0.022441017,1.8183773
3290,2026-08-24,0.02669773,-0.018791037,0.014692653,0.014279856,1.8169566
4205,2026-08-24,0.031205352,-0.026883164,0.017199026,0.015999855,1.8142619
9926,2026-08-24,0.036529556,0.065804265,0.020717217,0.020005973,1.7631612
3546,2026-08-24,0.025208784,-0.058147725,0.014303877,0.014373768,1.762251
8049,2026-08-24,0.018931588,-0.037579484,0.010753959,0.012558298,1.7602658
2732,2026-08-24,0.022207933,-0.022728447,0.0127169145,0.014595996,1.7461929
8131,2026-08-24,0.030938271,-0.016501157,0.01779569,0.026244963,1.7384285
4133,2026-08-24,0.020448806,0.033714794,0.011762109,0.01372104,1.7383845
3034,2026-08-24,0.03128235,0.029696377,0.01804241,0.024190169,1.7337272
4958,2026-08-24,0.033066913,-0.08006024,0.019114569,0.019720668,1.729842
6136,2026-08-24,0.021538144,0.012009384,0.012451059,0.015544821,1.7296853
8039,2026-08-24,0.028954366,-0.031563774,0.016811771,0.022949187,1.722165
6570,2026-08-24,0.027397366,-0.030408533,0.015935658,0.019671403,1.7191412
6525,2026-08-24,0.030873805,-0.07008899,0.018268887,0.024400948,1.6898739
1776,2026-08-24,0.026518865,-0.008781133,0.015706927,0.015361808,1.6882473
8064,2026-08-24,0.03640059,-0.055657275,0.021584818,0.02042366,1.6863197
5529,2026-08-24,0.039676715,0.018794231,0.023885345,0.019874888,1.6610626
2303,2026-08-24,0.027466396,-0.009929576,0.016578859,0.01873752,1.6566122
0056,2026-08-24,0.02665633,0.037850752,0.01617409,0.022779083,1.6479865
6811,2026-08-24,0.025815578,0.042318225,0.015678456,0.018554848,1.6464587
2109,2026-08-24,0.029462513,0.04333591,0.017918585,0.019996805,1.6441514
6548,2026-08-24,0.027701791,0.020870062,0.016858855,0.018017866,1.6430622
2065,2026-08-24,0.023078764,-0.0072478335,0.014110986,0.014240469,1.6354015
3191,2026-08-24,0.030461943,0.026806807,0.018735213,0.026199486,1.6258324
2424,2026-08-24,0.026250597,0.006393597,0.01618233,0.015660426,1.6220764
8093,2026-08-24,0.032142527,0.016015893,0.02001412,0.02523973,1.6059122
1513,2026-08-24,0.028959464,0.015696619,0.01806239,0.017279847,1.6032131
9929,2026-08-24,0.021491282,0.039598323,0.013450732,0.017195048,1.597659
5604,2026-08-24,0.017554361,0.017758032,0.011094184,0.012813871,1.5821605
6574,2026-08-24,0.031406656,-0.059558835,0.019968046,0.018084168,1.5727669
2883,2026-08-24,0.025255488,0.026255103,0.016220486,0.020405363,1.5569159
6206,2026-08-24,0.030687379,0.0015287456,0.02000283,0.020604696,1.5340751
6527,2026-08-24,0.026160788,0.0017295623,0.01706642,0.020505615,1.532791
6642,2026-08-24,0.02332534,-0.042523924,0.015263839,0.017723532,1.5280437
7765,2026-08-24,0.01901836,-0.071041346,0.012448745,0.012546985,1.5276103
6862,2026-08-24,0.023982579,-0.04411318,0.015698776,0.013607801,1.5275747
4102,2026-08-24,0.019993564,0.020503104,0.01310471,0.016793815,1.5255613
3597,2026-08-24,0.020162117,-0.0075834217,0.013227719,0.013912975,1.5241171
2478,2026-08-24,0.07596992,0.074840404,0.05000841,0.05535978,1.5191126
2329,2026-08-24,0.02043796,-0.0660058,0.013493061,0.016645273,1.5145892
3374,2026-08-24,0.032343317,-0.0779347,0.021491563,0.03283585,1.5048609
5475,2026-08-24,0.031380296,-0.06255902,0.021023631,0.025924355,1.4925492
2393,2026-08-24,0.02411782,0.0060067573,0.01638669,0.019411879,1.4717034
3095,2026-08-24,0.017677102,-0.08923884,0.012025712,0.013936221,1.46982
4138,2026-08-24,0.016482677,-0.024921266,0.011216885,0.014118777,1.4693213
2606,2026-08-24,0.024946341,0.084115244,0.017059619,0.0201766,1.4622178
6916,2026-08-24,0.016482437,0.046181526,0.011444205,0.014724034,1.4401171
6914,2026-08-24,0.017562801,-0.01787309,0.012442482,0.0142447185,1.4114057
4973,2026-08-24,0.023711229,-0.089375466,0.017030427,0.021113377,1.3922044
6645,2026-08-24,0.01549046,0.049230583,0.011179066,0.013909032,1.3855428
2704,2026-08-24,0.015050936,0.05225619,0.010882352,0.010970095,1.3829321
6962,2026-08-24,0.019369869,0.0046062605,0.014017911,0.014537477,1.3816956
3026,2026-08-24,0.03681155,0.008452519,0.02665843,0.029290225,1.3808078
2633,2026-08-24,0.015690168,0.05047315,0.011435608,0.011452305,1.3719249
4550,2026-08-24,0.021957418,-0.0013137783,0.016039561,0.01958809,1.3688684
3527,2026-08-24,0.014142289,-0.042270586,0.010565079,0.013932353,1.3384614
1451,2026-08-24,0.01738691,-0.011161334,0.013028734,0.016424809,1.3344024
2025,2026-08-24,0.016768238,0.005599866,0.012681474,0.015708249,1.3221582
4977,2026-08-24,0.053120304,0.0040427563,0.042094704,0.04263906,1.2618937
6199,2026-08-24,0.0268127,0.032579448,0.021480331,0.024197966,1.2481861
6189,2026-08-24,0.02147779,-0.003678109,0.017248858,0.01968927,1.2450995
2105,2026-08-24,0.023008194,0.036361396,0.01849048,0.018613778,1.2442591
5880,2026-08-24,0.017202878,0.0105349505,0.013883035,0.01573091,1.2390403
7718,2026-08-24,0.01470749,-0.046720996,0.011918169,0.012675004,1.2339358
1402,2026-08-24,0.020960415,0.045636304,0.016994635,0.015213783,1.2332822
2729,2026-08-24,0.014193621,-0.05254611,0.011545191,0.014873821,1.2292904
3363,2026-08-24,0.051817995,-0.069052935,0.04227369,0.060133282,1.2257452
5493,2026-08-24,0.015475184,-0.0767547,0.012624405,0.014726152,1.2257178
2013,2026-08-24,0.019128472,-0.024061183,0.015914345,0.013773445,1.2018886
1103,2026-08-24,0.016555024,0.044841312,0.013820522,0.016728885,1.1977714
7631,2026-08-24,0.016220298,-0.06761085,0.013579434,0.01704849,1.1943873
6771,2026-08-24,0.02112403,-0.014660702,0.017834712,0.018341783,1.1843671
6129,2026-08-24,0.018472124,0.0032391772,0.015597618,0.0155267175,1.1842154
6799,2026-08-24,0.020918854,-0.06717609,0.017762592,0.013493246,1.1776252
8070,2026-08-24,0.025099127,0.010591011,0.021499602,0.02649126,1.1673685
6924,2026-08-24,0.022413405,-0.022596173,0.019277645,0.019486617,1.1626027
2316,2026-08-24,0.019741885,-0.048647366,0.017050726,0.014743172,1.1577646
3268,2026-08-24,0.01494227,-0.031287905,0.012964352,0.016485723,1.1524769
3372,2026-08-24,0.01878078,-0.02598529,0.01631409,0.021643652,1.1511294
3211,2026-08-24,0.027942482,-0.0408826,0.024326583,0.026672306,1.1485926
2455,2026-08-24,0.024458444,-0.0067816544,0.021306118,0.024808893,1.1479001
2313,2026-08-24,0.018594502,0.0039010034,0.016267473,0.016794564,1.1429777
5546,2026-08-24,0.02195385,0.0042437683,0.019454284,0.020243425,1.1284261
2243,2026-08-24,0.01823824,0.093028136,0.016174516,0.018870154,1.1275214
1527,2026-08-24,0.017244512,0.0007371121,0.015392047,0.015692223,1.1202793
8155,2026-08-24,0.02075961,-0.07225931,0.018536625,0.020080738,1.1198635
4161,2026-08-24,0.016832333,-0.025716865,0.015172874,0.015483337,1.109297
5490,2026-08-24,0.02218609,-0.015654225,0.020018263,0.018778218,1.108237
1413,2026-08-24,0.010990288,0.0426976,0.010033859,0.01486231,1.095211
2755,2026-08-24,0.0162941,-0.06752535,0.01489277,0.015204733,1.0940211
1795,2026-08-24,0.014390737,-0.00080523716,0.013316032,0.018271012,1.0806265
1597,2026-08-24,0.022871982,-0.07419879,0.021218622,0.0178142,1.0778694
2449,2026-08-24,0.023415057,-0.052679308,0.021903725,0.029503766,1.06895
6640,2026-08-24,0.017462237,0.023037294,0.016484322,0.020980347,1.0592597
3021,2026-08-24,0.016565595,-0.006409007,0.015651673,0.016163446,1.0583236
3481,2026-08-24,0.020097435,-0.067892216,0.019093486,0.021202685,1.0525255
8210,2026-08-24,0.012311918,-0.07511034,0.011904235,0.016193582,1.03416
6279,2026-08-24,0.014269036,-0.04455809,0.013829633,0.015546172,1.031698
3617,2026-08-24,0.014410236,0.00026859567,0.014071405,0.014988872,1.0240066
4721,2026-08-24,0.018190775,-0.14043407,0.017812481,0.017635133,1.0211803
6722,2026-08-24,0.01599971,-0.022525303,0.015851367,0.018691828,1.0092946
2462,2026-08-24,0.013470956,-0.022811742,0.013417262,0.015543967,1.0039271
2115,2026-08-24,0.013540207,0.005928579,0.013507927,0.014773364,1.0023155
8466,2026-08-24,0.019762957,0.07743556,0.019886348,0.020652514,0.9937452
2338,2026-08-24,0.013180331,-0.063091554,0.013296459,0.018879239,0.99119174
6526,2026-08-24,0.023048159,-0.015253011,0.023314506,0.022689229,0.9885335
2482,2026-08-24,0.0154286325,0.00049315393,0.015775302,0.022698473,0.9779625
3303,2026-08-24,0.015854385,-0.0076759546,0.016376192,0.016798005,0.9680771
8423,2026-08-24,0.013483568,-0.03897709,0.014182588,0.015509102,0.95064574
8150,2026-08-24,0.020492863,-0.072831124,0.021747725,0.024450034,0.9422558
4576,2026-08-24,0.0181733,-0.044908807,0.019299991,0.01947315,0.9415734
3588,2026-08-24,0.018574698,-0.076845884,0.019751666,0.0254471,0.94036406
6863,2026-08-24,0.014305295,-0.012292788,0.015232824,0.017961102,0.93904823
6175,2026-08-24,0.012149564,-0.056681555,0.013027949,0.01328672,0.93250525
6143,2026-08-24,0.013999661,-0.08918454,0.015045383,0.015329255,0.93043363
5007,2026-08-24,0.011115819,0.004582951,0.011983225,0.014509742,0.92753756
6874,2026-08-24,0.012642698,-0.07442746,0.013757383,0.017423816,0.9189087
7734,2026-08-24,0.013777688,-0.057463385,0.015073848,0.012601019,0.91395205
3046,2026-08-24,0.01471856,-0.045955412,0.016516227,0.014459281,0.8911035
2882,2026-08-24,0.017805267,0.009246677,0.020338938,0.0199481,0.8753845
1514,2026-08-24,0.0115704,-0.035876352,0.013242368,0.016779097,0.873675
2402,2026-08-24,0.014189006,-0.027678447,0.016417922,0.016129674,0.86418617
1220,2026-08-24,0.010354994,0.01796617,0.012027811,0.014367225,0.8608493
6409,2026-08-24,0.0140592335,0.06355183,0.016465064,0.017949145,0.8538308
2890,2026-08-24,0.013229236,0.0055910493,0.01568224,0.018487006,0.843527
4960,2026-08-24,0.013757398,-0.08887009,0.016312078,0.01938969,0.84333557
5484,2026-08-24,0.01630144,0.0022351441,0.0193691,0.022896003,0.84157753
6228,2026-08-24,0.011653795,-0.052464236,0.014097846,0.021598386,0.8265779
8038,2026-08-24,0.014151816,-0.06681608,0.017181236,0.020409968,0.82363063
6435,2026-08-24,0.014106882,-0.042912517,0.017329896,0.015688319,0.813973
2640,2026-08-24,0.011046191,-0.060570948,0.013615445,0.01709235,0.81123894
6259,2026-08-24,0.015836326,-0.009980602,0.019599449,0.021766488,0.80795735
6592,2026-08-24,0.011713049,0.044017017,0.014992205,0.013253896,0.78122383
3556,2026-08-24,0.012973335,-0.02577708,0.016664522,0.015423324,0.7784535
3483,2026-08-24,0.01402546,-0.08088754,0.018107451,0.018471466,0.77452564
7828,2026-08-24,0.015864598,-0.0083497595,0.020577006,0.024609827,0.7709492
4552,2026-08-24,0.013157752,0.0070517934,0.017144017,0.01960439,0.7674388
4979,2026-08-24,0.015083087,-0.09930296,0.01986951,0.022563305,0.7590689
5289,2026-08-24,0.012117567,-0.11075867,0.0159874,0.018426325,0.7578974
2712,2026-08-24,0.011877505,0.015030477,0.015892603,0.014446356,0.74731356
3019,2026-08-24,0.00950334,-0.044947244,0.012720155,0.014495182,0.7470501
8477,2026-08-24,0.009636095,-0.008009395,0.013031407,0.01628081,0.73939484
2467,2026-08-24,0.015877632,-0.006616966,0.02164342,0.020823946,0.733567
9942,2026-08-24,0.012083636,-0.01315599,0.016518801,0.017129129,0.73146373
8487,2026-08-24,0.00789849,-0.0028509707,0.010915056,0.0146494685,0.7235663
3118,2026-08-24,0.01050019,-0.055560436,0.0145755885,0.016292844,0.72034615
2464,2026-08-24,0.019783495,0.001106675,0.027605794,0.028251551,0.71661687
4588,2026-08-24,0.0118916435,-0.03910199,0.016714703,0.020117939,0.7114055
6684,2026-08-24,0.014009831,-0.06539499,0.019721825,0.018981881,0.7103359
1340,2026-08-24,0.009257958,-0.011764779,0.013229244,0.013317184,0.69975716
9933,2026-08-24,0.008344257,0.030698415,0.01205639,0.014969852,0.69204503
8433,2026-08-24,0.006499654,-0.022937508,0.009867604,0.0128205875,0.6586194
2395,2026-08-24,0.009214529,0.03277032,0.014090591,0.019638255,0.65390265
4580,2026-08-24,0.0063595665,-0.033490226,0.009836243,0.011771059,0.6464785
6904,2026-08-24,0.00907828,-0.032116797,0.014058254,0.01736083,0.64571565
1452,2026-08-24,0.007913318,0.01012452,0.012290779,0.012698397,0.6437895
4306,2026-08-24,0.009802409,0.02411996,0.015326955,0.018561594,0.6395119
6242,2026-08-24,0.008972999,-0.05682617,0.014126562,0.014361896,0.6351414
7744,2026-08-24,0.010153401,-0.07948602,0.016013721,0.020493086,0.63400424
4772,2026-08-24,0.011474361,-0.105694756,0.018208126,0.016078373,0.6301434
2610,2026-08-24,0.0072208466,-0.002310609,0.011672248,0.012685456,0.61858076
3653,2026-08-24,0.007969212,0.0042410186,0.013005171,0.01244032,0.61272544
3171,2026-08-24,0.008794453,-0.04040316,0.014690904,0.01519189,0.59859174
1232,2026-08-24,0.008010218,0.02647471,0.013626972,0.0140692005,0.5877777
3689,2026-08-24,0.0074258796,-0.08851008,0.0126724355,0.013925474,0.58594054
1609,2026-08-24,0.007690432,0.026998281,0.013175485,0.013221232,0.5836482
6703,2026-08-24,0.0071234065,-0.054441415,0.0123279225,0.012101679,0.5777801
3551,2026-08-24,0.006927075,-0.10086449,0.011994074,0.011674674,0.5774933
3287,2026-08-24,0.008367657,-0.020512272,0.015531005,0.014508772,0.5387364
9917,2026-08-24,0.00686528,0.018361425,0.012807966,0.018666398,0.53597456
3605,2026-08-24,0.008658169,0.01868492,0.016215581,0.015939964,0.53390837
3265,2026-08-24,0.009106964,-0.0833585,0.017119437,0.023127407,0.5319352
2637,2026-08-24,0.011159801,0.04251049,0.02128762,0.023417277,0.5242144
4545,2026-08-24,0.006560425,0.03591285,0.012539907,0.010122778,0.523122
8437,2026-08-24,0.008519506,-0.024153043,0.016398318,0.01608025,0.51950365
3704,2026-08-24,0.009303616,-0.016806407,0.018138299,0.01969205,0.5128983
4933,2026-08-24,0.006890456,-0.0861632,0.013546662,0.016054692,0.50860846
1471,2026-08-24,0.006933855,0.017247418,0.013655116,0.01664403,0.50774723
3317,2026-08-24,0.010592029,-0.08958985,0.020894466,0.023570165,0.5069056
6144,2026-08-24,0.0077038826,0.028122671,0.015789693,0.014005185,0.48787487
1752,2026-08-24,0.0065984884,-0.0049121203,0.013829109,0.016026074,0.47711036
3710,2026-08-24,0.008348451,0.002087289,0.017587055,0.017759923,0.47466597
3518,2026-08-24,0.005919683,-0.09526311,0.012775882,0.015766114,0.463312
4754,2026-08-24,0.007095145,-0.07603362,0.016431522,0.015178712,0.43177456
2481,2026-08-24,0.009020949,-0.10509933,0.022496626,0.02462934,0.40097335
3490,2026-08-24,0.009096965,0.02670856,0.023219703,0.029325213,0.39176098
1323,2026-08-24,0.0053046397,-0.018490179,0.013640785,0.015098632,0.38885233
5905,2026-08-24,0.006816013,0.016876727,0.017787103,0.017720953,0.38317817
3035,2026-08-24,0.0109986495,-0.019635025,0.028836634,0.02628194,0.38139915
2702,2026-08-24,0.0059217345,0.00025679325,0.015528394,0.016230877,0.38132423
3169,2026-08-24,0.006178385,-0.10569466,0.017315613,0.019974412,0.35678947
2916,2026-08-24,0.0041726213,-0.050556794,0.012069733,0.012965893,0.34568086
4950,2026-08-24,0.0045515895,-0.009258717,0.013307633,0.016213307,0.34200278
7769,2026-08-24,0.003983074,-0.027457569,0.011667092,0.008339889,0.34136462
2845,2026-08-24,0.005751513,0.0008666602,0.017106771,0.020029914,0.336193
9962,2026-08-24,0.005528015,-0.00026274342,0.01644567,0.015658787,0.33611757
3467,2026-08-24,0.0054568998,-0.11618788,0.016282907,0.017327001,0.33510998
6245,2026-08-24,0.005900528,-0.049062744,0.017752614,0.019777682,0.33235642
3003,2026-08-24,0.004694111,0.010066495,0.0142276725,0.01595374,0.32990506
9941,2026-08-24,0.0042560487,0.023383582,0.01319828,0.014814369,0.3224455
2377,2026-08-24,0.0045044413,-0.05073409,0.0142381415,0.020573774,0.3163422
2314,2026-08-24,0.0043809107,-0.04894593,0.013924373,0.016999517,0.31459916
3531,2026-08-24,0.0053169173,0.024247566,0.017931424,0.019320391,0.2964974
7705,2026-08-24,0.004141077,-0.040633034,0.014231052,0.018047547,0.29096836
6257,2026-08-24,0.004763347,-0.03140701,0.016729977,0.015171268,0.28470227
8358,2026-08-24,0.008277199,-0.05275125,0.029248841,0.0315356,0.2829827
3036,2026-08-24,0.0045007416,-0.04557808,0.016236404,0.019656453,0.27718356
4999,2026-08-24,0.0040595387,-0.07236545,0.014705422,0.013628643,0.2760385
6885,2026-08-24,0.004568548,0.012096549,0.019831954,0.019335015,0.23035136
3615,2026-08-24,0.005878922,-0.0050573354,0.025693756,0.026793998,0.22879852
9958,2026-08-24,0.0063155196,-0.047481786,0.028031215,0.033082444,0.22529505
6556,2026-08-24,0.0032031836,-0.020275826,0.015435712,0.018252283,0.20750426
4155,2026-08-24,0.0022476325,-0.0036416128,0.010837751,0.0120334355,0.20737006
3390,2026-08-24,0.002509917,-0.09144432,0.012215795,0.017404445,0.20544806
4183,2026-08-24,0.0029224295,-0.009624433,0.014254674,0.014620922,0.20500113
1590,2026-08-24,0.003016312,0.010353844,0.014808269,0.014306261,0.2036773
2520,2026-08-24,0.0033105023,0.022189336,0.01661636,0.01652625,0.19921951
2006,2026-08-24,0.0031895016,0.03653574,0.016037038,0.018230231,0.19887106
4768,2026-08-24,0.0059256647,-0.07008123,0.032556105,0.030232854,0.18200834
6856,2026-08-24,0.0022729689,-0.055915754,0.015619031,0.01834201,0.14551628
9946,2026-08-24,0.0016588363,-0.006345876,0.011629102,0.013866497,0.14263299
6219,2026-08-24,0.003506479,0.01833555,0.02583287,0.02668451,0.13573186
6486,2026-08-24,0.0017620374,0.0034285395,0.013226891,0.013201961,0.13320622
6451,2026-08-24,0.008038795,0.14630921,0.063701585,0.07649518,0.1261926
2820,2026-08-24,0.0013333815,0.033008046,0.010967968,0.014363664,0.121559426
3624,2026-08-24,0.003066816,-0.05623644,0.03034227,0.03928743,0.10107071
9931,2026-08-24,0.001345854,0.0033394573,0.015225136,0.01931156,0.08839104
3231,2026-08-24,0.0013692471,-0.06528493,0.018187162,0.015276414,0.07528233
2434,2026-08-24,0.0019567406,-0.073083505,0.027731474,0.028538885,0.070557736
2440,2026-08-24,0.001162148,-0.07137833,0.017642947,0.019708812,0.065866664
4755,2026-08-24,0.0006801073,-0.054472666,0.011673709,0.017353103,0.05825475
3164,2026-08-24,0.00065557286,-0.069576785,0.015797585,0.017485714,0.04149567
1453,2026-08-24,0.0006114122,-0.03390558,0.015613329,0.018792417,0.039157126
6244,2026-08-24,0.0007038772,-0.059689067,0.019370902,0.019158378,0.036334954
9937,2026-08-24,0.0004902345,0.04248849,0.019772725,0.018995112,0.024792219
4551,2026-08-24,9.825323e-05,-0.042625543,0.013870883,0.018426819,0.007082905
2542,2026-08-24,0.00015849074,-0.011184405,0.026058499,0.026746057,0.00608188
4162,2026-08-24,2.1762526e-05,0.05326317,0.020617569,0.018698609,0.0010554818
1608,2026-08-24,-3.8893708e-05,0.011051448,0.014715382,0.02007516,-0.002642885
2603,2026-08-24,-0.00018372486,0.06827368,0.016423,0.017976709,-0.011186365
2357,2026-08-24,-0.00019246477,-0.035013594,0.013163147,0.014875131,-0.014620375
3324,2026-08-24,-0.00031406843,-0.035785127,0.01402379,0.01097516,-0.022393806
3189,2026-08-24,-0.0005961043,-0.08993871,0.018674783,0.01922883,-0.03191857
9943,2026-08-24,-0.00035177972,-0.047541086,0.011009499,0.012476336,-0.03194948
3479,2026-08-24,-0.00068345346,-0.04126098,0.01829611,0.01954041,-0.037353083
6697,2026-08-24,-0.00048706128,-0.07577548,0.01181684,0.014417699,-0.04121407
6918,2026-08-24,-0.00056580815,-0.04612655,0.013727472,0.012955961,-0.04121421
4542,2026-08-24,-0.0008570464,-0.07767885,0.019995613,0.020984475,-0.042859577
7827,2026-08-24,-0.0008701347,-0.027003583,0.015794907,0.01743961,-0.055086084
5223,2026-08-24,-0.00071180874,-0.02880654,0.0124318255,0.014923097,-0.05725237
4736,2026-08-24,-0.0005803139,-0.009393071,0.00963185,0.010291845,-0.06024322
2059,2026-08-24,-0.0007934963,-0.04439102,0.012378635,0.01628351,-0.064096905
6415,2026-08-24,-0.0010253228,0.011309491,0.014870804,0.018840907,-0.06894408
6142,2026-08-24,-0.000990105,0.038905505,0.0127922995,0.013360271,-0.07739247
2891,2026-08-24,-0.0010844129,0.021929685,0.013925314,0.015812393,-0.0778679
6708,2026-08-24,-0.0010479689,-0.015950117,0.01213294,0.01425121,-0.08636674
6579,2026-08-24,-0.0011315926,-0.07662842,0.012872948,0.014103611,-0.08789786
2408,2026-08-24,-0.0023094888,-0.0861664,0.020892963,0.025383273,-0.11053379
8046,2026-08-24,-0.001920337,-0.08430395,0.016619204,0.021017104,-0.11554232
2762,2026-08-24,-0.0017835454,0.018742193,0.014310469,0.017534526,-0.1246235
2547,2026-08-24,-0.0021243792,0.05000147,0.01499856,0.016933171,-0.14162943
7757,2026-08-24,-0.0030672008,-0.09580705,0.021460243,0.02503088,-0.14291814
6161,2026-08-24,-0.0022955541,-0.10656109,0.015529265,0.015576987,-0.14781165
4767,2026-08-24,-0.002251532,-0.061956827,0.014481301,0.014737316,-0.15546782
4744,2026-08-24,-0.0030724108,-0.031005962,0.018146044,0.017486623,-0.16930641
3645,2026-08-24,-0.0026385202,-0.09395776,0.01529583,0.018107938,-0.17248803
6292,2026-08-24,-0.0029096124,-0.04698788,0.015023459,0.017616518,-0.19365838
6767,2026-08-24,-0.003389494,-0.010190864,0.015889086,0.018818544,-0.21330872
4554,2026-08-24,-0.0028184229,-0.05325698,0.013053161,0.01500612,-0.21590225
5706,2026-08-24,-0.003110998,-0.0666785,0.014180348,0.014292788,-0.21937251
7740,2026-08-24,-0.008236508,0.010175232,0.035316054,0.039551437,-0.23321618
2897,2026-08-24,-0.0035144999,0.035817213,0.014867548,0.013877246,-0.23637143
2498,2026-08-24,-0.004338288,-0.08988288,0.017879006,0.02204311,-0.24263349
5324,2026-08-24,-0.0044274926,0.049368158,0.016824098,0.018031469,-0.2631481
8240,2026-08-24,-0.005097995,-0.075306006,0.018815173,0.016770886,-0.27093688
3158,2026-08-24,-0.003746123,-0.056821093,0.01366554,0.012168142,-0.2741091
6124,2026-08-24,-0.0048044194,0.01965938,0.017273406,0.014084778,-0.27812356
6725,2026-08-24,-0.004409078,-0.13432144,0.015153009,0.018864585,-0.29095125
6210,2026-08-24,-0.0057307933,-0.0008877896,0.019481566,0.021416118,-0.29414982
1604,2026-08-24,-0.004453835,-0.043668494,0.0149434665,0.017733106,-0.2980257
9110,2026-08-24,-0.0041657435,0.024581503,0.013922125,0.014370432,-0.299196
4528,2026-08-24,-0.00418744,-0.09026955,0.013946346,0.01877606,-0.30023202
5299,2026-08-24,-0.007822616,-0.10668173,0.026019854,0.03086173,-0.30062872
2618,2026-08-24,-0.0038377014,0.027406724,0.012728679,0.014418861,-0.3014767
3276,2026-08-24,-0.004130503,0.025144227,0.013656812,0.01474428,-0.3024279
6692,2026-08-24,-0.0054960037,-0.080757745,0.018094812,0.018855976,-0.3037169
3522,2026-08-24,-0.0037579208,-0.01673155,0.011894106,0.0190068,-0.31592157
1611,2026-08-24,-0.0061880304,0.00087060797,0.019516686,0.024714898,-0.31704733
5425,2026-08-24,-0.0075016636,-0.05579962,0.023307707,0.021029718,-0.32183954
4558,2026-08-24,-0.003222234,-0.023015201,0.010001847,0.012500345,-0.3221317
3694,2026-08-24,-0.0061585903,-0.1004676,0.018783648,0.02068394,-0.3278523
3567,2026-08-24,-0.0050765066,-0.09604756,0.015448017,0.016997991,-0.3285974
6664,2026-08-24,-0.005150025,-0.10321546,0.015610729,0.011513536,-0.32988176
3015,2026-08-24,-0.004587987,-0.0101891095,0.013115942,0.013249214,-0.34977567
3515,2026-08-24,-0.00502984,-0.047903694,0.014082197,0.017245164,-0.35715184
6461,2026-08-24,-0.0052753156,-0.018598553,0.014712627,0.013300407,-0.35853264
2485,2026-08-24,-0.008481481,-0.14955623,0.023643825,0.031147737,-0.35870346
1535,2026-08-24,-0.0051906994,-0.022162672,0.014467434,0.01381858,-0.35876027
2734,2026-08-24,-0.003728417,-0.040930264,0.010379348,0.013403673,-0.35918033
1506,2026-08-24,-0.0045153648,0.023342747,0.012419008,0.010970036,-0.3635557
2471,2026-08-24,-0.0074980813,-0.08224404,0.020426637,0.019349074,-0.36705574
1531,2026-08-24,-0.006653178,-0.045334704,0.017678197,0.017157974,-0.37632805
6449,2026-08-24,-0.0063765985,-0.077956125,0.016745474,0.015764248,-0.3807726
2926,2026-08-24,-0.0048464187,-0.05066479,0.012542441,0.016241344,-0.38637075
6164,2026-08-24,-0.004688,-0.05793113,0.01195397,0.016494272,-0.39213812
6834,2026-08-24,-0.009878737,-0.07418203,0.024870247,0.023826819,-0.39719507
5348,2026-08-24,-0.005566175,-0.032546025,0.013984022,0.019543475,-0.39800975
1303,2026-08-24,-0.0067243925,-0.10979672,0.01642856,0.021880848,-0.4092862
2892,2026-08-24,-0.0059059286,-0.014444057,0.01434273,0.013866246,-0.41174287
2347,2026-08-24,-0.004491535,-0.025362967,0.010776198,0.011202599,-0.4167628
2401,2026-08-24,-0.0077945767,-0.022137217,0.018435346,0.01993119,-0.42278317
4568,2026-08-24,-0.0055521727,-0.051228985,0.013101512,0.017439507,-0.42374873
6768,2026-08-24,-0.009349242,-0.040703353,0.021843366,0.027269851,-0.42799327
4406,2026-08-24,-0.005868548,-0.0020903123,0.013030052,0.015594575,-0.45035103
4572,2026-08-24,-0.0058800266,-0.04479288,0.012821584,0.01629105,-0.45856798
2851,2026-08-24,-0.014061055,0.038529165,0.030417616,0.023581702,-0.46225163
8401,2026-08-24,-0.006440828,-0.05757296,0.013904311,0.015992949,-0.46319196
6021,2026-08-24,-0.011698675,0.031487234,0.025220469,0.026384205,-0.46383798
1707,2026-08-24,-0.0055275043,-0.06794142,0.011634198,0.014579133,-0.47506747
2484,2026-08-24,-0.00831294,-0.035265956,0.017098932,0.016907835,-0.48613876
2027,2026-08-24,-0.009920975,0.010982996,0.02009307,0.019066129,-0.4937265
3236,2026-08-24,-0.009769046,-0.102803834,0.019443223,0.02911183,-0.50241375
1617,2026-08-24,-0.0083536105,0.029441329,0.016621621,0.018019466,-0.5025447
1533,2026-08-24,-0.007933761,-0.03333927,0.015607393,0.015936716,-0.50830096
4991,2026-08-24,-0.024615793,-0.25342593,0.04827994,0.049681425,-0.50984496
6155,2026-08-24,-0.009617726,-0.07963705,0.018691137,0.021160267,-0.5145332
5340,2026-08-24,-0.013763022,-0.119058736,0.026669908,0.025147002,-0.5160312
2945,2026-08-24,-0.008708908,-0.014382719,0.016774049,0.015722709,-0.5191584
7723,2026-08-24,-0.014530203,-0.09346537,0.027872087,0.027914083,-0.52129865
2438,2026-08-24,-0.008445198,-0.08446549,0.015797993,0.018779108,-0.53454024
6552,2026-08-24,-0.008401871,-0.09670275,0.015676059,0.015395484,-0.5359341
7715,2026-08-24,-0.008350043,-0.07234771,0.015468578,0.015650649,-0.53977185
5903,2026-08-24,-0.008036837,0.016328836,0.014774434,0.015332934,-0.5439324
6577,2026-08-24,-0.008257931,-0.062251713,0.015131007,0.017177843,-0.54572606
2324,2026-08-24,-0.010172107,-0.04326194,0.018453645,0.017460698,-0.55119497
4168,2026-08-24,-0.007950636,-0.0152499415,0.014276238,0.018115016,-0.5568749
7803,2026-08-24,-0.008975178,-0.04280196,0.015167738,0.020229958,-0.59168917
4745,2026-08-24,-0.010730128,-0.017830253,0.017469326,0.01864098,-0.6141916
8928,2026-08-24,-0.009583571,-0.024165137,0.015388484,0.017168324,-0.622735
8450,2026-08-24,-0.008928934,-0.08810629,0.014225759,0.015639106,-0.6276155
6547,2026-08-24,-0.013464281,-0.011715857,0.02116764,0.020963872,-0.6360485
6821,2026-08-24,-0.011909362,-0.123751484,0.01863807,0.021683984,-0.6389461
6208,2026-08-24,-0.008248243,-0.12130615,0.012737214,0.015877442,-0.6475195
6443,2026-08-24,-0.011448976,-0.11352121,0.017601598,0.020492041,-0.65041393
5522,2026-08-24,-0.011924881,-0.030272743,0.018098196,0.019109571,-0.6588624
1457,2026-08-24,-0.012518394,-0.018879656,0.018561535,0.017148053,-0.6743903
5489,2026-08-24,-0.009583082,-0.013702426,0.014158726,0.015511629,-0.67678446
7760,2026-08-24,-0.008664026,-0.034333788,0.012693469,0.015912857,-0.682504
4939,2026-08-24,-0.012532503,0.036908116,0.018338865,0.026374046,-0.68334764
4952,2026-08-24,-0.009230829,-0.06704548,0.013422628,0.012173217,-0.68765527
7750,2026-08-24,-0.008295279,-0.07919069,0.012053995,0.0136617785,-0.6881196
6182,2026-08-24,-0.017321743,-0.12458849,0.025011577,0.029618515,-0.69252133
6248,2026-08-24,-0.0118226325,-0.026660366,0.01694891,0.021426199,-0.6975041
8109,2026-08-24,-0.008093556,-0.06131828,0.0114623625,0.013015027,-0.70603687
6672,2026-08-24,-0.016384719,-0.039313618,0.023051327,0.023723526,-0.710762
2884,2026-08-24,-0.012997606,-0.029677097,0.017998548,0.021133052,-0.72210735
5902,2026-08-24,-0.009490684,-0.05572342,0.012824491,0.016438134,-0.739986
7772,2026-08-24,-0.013796103,-0.16195723,0.018611832,0.018486373,-0.74121463
4154,2026-08-24,-0.010553976,-0.014604348,0.01420381,0.0159991,-0.742986
6472,2026-08-24,-0.019001601,-0.09544993,0.0255556,0.02582144,-0.74351054
3492,2026-08-24,-0.011479422,-0.049655955,0.015282132,0.01829912,-0.75111717
2425,2026-08-24,-0.016040616,0.03521521,0.02110747,0.02790209,-0.7599137
1437,2026-08-24,-0.007627521,-0.011064637,0.010017339,0.010842824,-0.7613558
2501,2026-08-24,-0.010565773,0.019621689,0.0138734365,0.013849826,-0.761528
3484,2026-08-24,-0.01402517,-0.03356425,0.018225858,0.021976672,-0.7694782
2069,2026-08-24,-0.011222387,-0.037619065,0.014565665,0.018392399,-0.7704156
5438,2026-08-24,-0.007853181,-0.0046227523,0.010144511,0.014074648,-0.7740547
9935,2026-08-24,-0.012010199,-0.01882821,0.015243128,0.014053534,-0.7878574
6271,2026-08-24,-0.011160123,-0.10549686,0.014110117,0.021202857,-0.79087454
7805,2026-08-24,-0.012453226,-0.13858742,0.015737621,0.01870119,-0.7912527
6506,2026-08-24,-0.012789882,-0.029907571,0.016134106,0.018143004,-0.7926742
3306,2026-08-24,-0.013286014,-0.09148885,0.016591515,0.02319121,-0.8007233
2204,2026-08-24,-0.011347319,0.010611615,0.013678375,0.017686037,-0.8295203
8289,2026-08-24,-0.017432312,-0.1202722,0.020979142,0.022672655,-0.8308958
6176,2026-08-24,-0.015207592,0.0091614295,0.017837983,0.019210113,-0.85249215
6222,2026-08-24,-0.021865971,-0.03212802,0.025387606,0.029938428,-0.86125135
2608,2026-08-24,-0.013963608,0.012026974,0.015996609,0.019173812,-0.87285596
9910,2026-08-24,-0.010471412,0.011243939,0.011977647,0.014772614,-0.8741731
1540,2026-08-24,-0.011307313,-0.06742743,0.012897572,0.01820703,-0.8766329
6456,2026-08-24,-0.016507866,-0.0483372,0.018783063,0.021407986,-0.878823
6104,2026-08-24,-0.014978993,-0.10663379,0.017035253,0.021633863,-0.8792422
1104,2026-08-24,-0.014645473,0.011683454,0.01636643,0.015433711,-0.8947937
5410,2026-08-24,-0.018169133,-0.07166389,0.020104859,0.025813686,-0.9036735
4581,2026-08-24,-0.011201073,-0.039702114,0.012393571,0.0139740845,-0.903708
6194,2026-08-24,-0.01410441,-0.10496311,0.01557319,0.015364854,-0.9056272
3360,2026-08-24,-0.014741554,-0.037038207,0.015982507,0.018541077,-0.92229784
2206,2026-08-24,-0.011757314,0.012358114,0.012722937,0.014076661,-0.92403114
3558,2026-08-24,-0.017276444,-0.040325474,0.018569743,0.02049194,-0.93030435
6776,2026-08-24,-0.013381978,-0.04474581,0.014035147,0.016190926,-0.95339394
1612,2026-08-24,-0.014265495,-0.045406982,0.014896411,0.018403167,-0.9575821
8415,2026-08-24,-0.008663978,0.020469379,0.009044863,0.014401695,-0.95778346
6158,2026-08-24,-0.013114589,-0.051279426,0.013668685,0.0112245185,-0.9593922
8033,2026-08-24,-0.04891672,-0.16869693,0.050913822,0.049379747,-0.960756
5276,2026-08-24,-0.016019935,-0.021297118,0.016062006,0.016027743,-0.99731857
8182,2026-08-24,-0.017595118,-0.060305655,0.017547846,0.01642544,-1.0026368
1570,2026-08-24,-0.015372397,-0.09763677,0.015262853,0.016562553,-1.0071112
6612,2026-08-24,-0.009781894,-0.035943095,0.009527722,0.012656049,-1.0265694
8367,2026-08-24,-0.014813227,-0.038631216,0.0143573275,0.017036421,-1.0316819
1459,2026-08-24,-0.016508155,-0.03262969,0.015942244,0.014941778,-1.0354326
8027,2026-08-24,-0.023615154,-0.12913424,0.022686727,0.025462585,-1.0408778
1324,2026-08-24,-0.0151449265,-0.07359781,0.014517221,0.017011527,-1.0431669
3167,2026-08-24,-0.020333137,-0.11669508,0.019461457,0.021803344,-1.0447364
3162,2026-08-24,-0.01735748,-0.07998799,0.016357863,0.01758467,-1.0610443
7753,2026-08-24,-0.014392907,-0.10337177,0.013368051,0.014399012,-1.0765841
1906,2026-08-24,-0.016721684,0.031058924,0.015508045,0.014532637,-1.0781891
6770,2026-08-24,-0.018596249,-0.10836127,0.017041568,0.017995657,-1.0911647
6706,2026-08-24,-0.017103354,-0.16336451,0.01565543,0.020143168,-1.0924172
8279,2026-08-24,-0.013666425,-0.07214321,0.012381397,0.016029317,-1.1036978
8409,2026-08-24,-0.01404743,-0.018531498,0.012635252,0.012330258,-1.1116769
3693,2026-08-24,-0.02166542,-0.066229,0.019315865,0.021033358,-1.1215806
6240,2026-08-24,-0.02342431,-0.025918031,0.020826576,0.026554618,-1.1246777
2736,2026-08-24,-0.015562494,-0.022601625,0.013775487,0.016620278,-1.1296417
6899,2026-08-24,-0.01552156,-0.08065147,0.013717801,0.01745104,-1.1314079
8080,2026-08-24,-0.014159606,0.04096757,0.012503024,0.014679935,-1.1324039
1419,2026-08-24,-0.016068967,-0.060377177,0.014178078,0.014129005,-1.1332872
1215,2026-08-24,-0.014426116,-0.04903781,0.012655713,0.015520858,-1.1397996
2233,2026-08-24,-0.019786755,-0.116593994,0.017233152,0.021597363,-1.148113
3516,2026-08-24,-0.016779553,-0.0027401561,0.014517998,0.010245746,-1.1556963
5523,2026-08-24,-0.026870314,-0.038325172,0.0231364,0.027987516,-1.1613368
3083,2026-08-24,-0.013303507,-0.07313789,0.011444711,0.014487331,-1.1623137
6698,2026-08-24,-0.014821702,-0.086697325,0.0127479695,0.014136669,-1.1625804
2643,2026-08-24,-0.016486058,-0.026946982,0.0141717065,0.015501158,-1.1632258
4120,2026-08-24,-0.016772587,-0.05919234,0.014370641,0.017033486,-1.1670613
6226,2026-08-24,-0.028292332,-0.08737442,0.024067326,0.023139343,-1.1755006
4108,2026-08-24,-0.01853625,-0.04375116,0.015706625,0.016687052,-1.1800797
6196,2026-08-24,-0.015008054,-0.029141992,0.012640448,0.010979828,-1.18721
6902,2026-08-24,-0.015835911,-0.088006906,0.013284073,0.016739769,-1.1920078
4106,2026-08-24,-0.013827145,-0.038511924,0.011572587,0.011921011,-1.1947155
2707,2026-08-24,-0.0122543,-0.05991452,0.010119124,0.013760943,-1.2108842
5351,2026-08-24,-0.036094252,-0.101522535,0.02965068,0.04086923,-1.217275
3038,2026-08-24,-0.024460793,-0.046990406,0.020040235,0.020483969,-1.2205232
6732,2026-08-24,-0.020653483,-0.15702318,0.016875368,0.021077437,-1.2238109
8042,2026-08-24,-0.029063292,-0.10196694,0.02373324,0.02830953,-1.2245301
2739,2026-08-24,-0.020035904,-0.06297203,0.016344804,0.019117838,-1.2257521
2337,2026-08-24,-0.019959342,-0.06389142,0.01614274,0.0137138665,-1.2363517
8104,2026-08-24,-0.0214968,-0.048559316,0.017091574,0.01834791,-1.257669
7821,2026-08-24,-0.020157235,-0.07475605,0.01599626,0.016304227,-1.2600429
6112,2026-08-24,-0.015241842,-0.055850077,0.012060263,0.011086314,-1.2637019
2439,2026-08-24,-0.014732839,-0.04018183,0.0116535155,0.012926775,-1.2641313
8111,2026-08-24,-0.035378825,-0.08486559,0.027873985,0.032540523,-1.2691962
2834,2026-08-24,-0.018083181,-0.025416346,0.014202472,0.014141208,-1.2731521
4503,2026-08-24,-0.024799027,-0.07603989,0.019464724,0.019256515,-1.2739843
4906,2026-08-24,-0.020625003,-0.07246903,0.01609656,0.022139138,-1.2812502
2419,2026-08-24,-0.014879124,-0.07807088,0.011609782,0.016477266,-1.2814919
2101,2026-08-24,-0.029592104,-0.06698167,0.023089558,0.026773708,-1.2815673
6751,2026-08-24,-0.021911394,-0.067997426,0.016875362,0.018112095,-1.2983482
4513,2026-08-24,-0.025658017,-0.07691709,0.019699913,0.030409459,-1.3023771
6910,2026-08-24,-0.01823809,-0.09382973,0.013941733,0.017841227,-1.3080714
1720,2026-08-24,-0.015974456,-0.009735067,0.012196774,0.014160746,-1.3096206
8403,2026-08-24,-0.02299525,-0.07794083,0.01741284,0.016683752,-1.3205158
7547,2026-08-24,-0.016979313,-0.09214688,0.012807573,0.018492717,-1.3256209
4439,2026-08-24,-0.017423408,-0.00777441,0.013061096,0.012486012,-1.3338907
3052,2026-08-24,-0.019447453,-0.041049045,0.014501511,0.014755963,-1.3409715
9918,2026-08-24,-0.02226211,-0.014129211,0.016556874,0.019083874,-1.3445029
6721,2026-08-24,-0.01974466,-0.052689966,0.014622883,0.016639246,-1.3501654
4173,2026-08-24,-0.027433567,-0.064636424,0.020165581,0.022988025,-1.3603479
3530,2026-08-24,-0.02397359,-0.069213584,0.017589837,0.017023388,-1.3628453
1294,2026-08-24,-0.016968649,-0.08310411,0.0123542,0.011496965,-1.3734014
6209,2026-08-24,-0.028487992,-0.059893552,0.020709112,0.021688579,-1.3755594
6727,2026-08-24,-0.03711297,-0.087376975,0.026928475,0.024079747,-1.3781542
6016,2026-08-24,-0.023505177,-0.04745538,0.017035682,0.022657638,-1.3796805
2332,2026-08-24,-0.036801808,-0.107417695,0.02663407,0.025041264,-1.3817049
1714,2026-08-24,-0.029455654,-0.041204873,0.021286301,0.018904964,-1.3837194
1565,2026-08-24,-0.016819095,-0.11265586,0.011977273,0.014968893,-1.4041336
4943,2026-08-24,-0.019523902,-0.051813986,0.013863395,0.01480845,-1.4082043
1538,2026-08-24,-0.03571729,-0.101640835,0.025253337,0.02978983,-1.4143032
2015,2026-08-24,-0.015484561,0.023602072,0.010883541,0.011968361,-1.4226196
6213,2026-08-24,-0.02567589,-0.07211863,0.017983718,0.014123169,-1.4276503
2472,2026-08-24,-0.023215214,-0.07747088,0.01623439,0.018052533,-1.4299141
6147,2026-08-24,-0.030289076,-0.08196314,0.020960614,0.025630584,-1.4449782
3188,2026-08-24,-0.030479379,-0.04777431,0.02108481,0.020555217,-1.4454925
6160,2026-08-24,-0.024775414,-0.008133525,0.017069075,0.02401889,-1.4513946
4931,2026-08-24,-0.039279267,-0.106086634,0.026861163,0.024709532,-1.4622526
3054,2026-08-24,-0.035593398,-0.10923685,0.024336634,0.02716518,-1.4624839
4951,2026-08-24,-0.026526136,-0.14844264,0.018054813,0.02099925,-1.4691188
5508,2026-08-24,-0.029150244,-0.02778033,0.0197427,0.019327559,-1.4764327
5215,2026-08-24,-0.022995014,-0.06683251,0.015548357,0.015537257,-1.4788401
8107,2026-08-24,-0.017599026,-0.056433924,0.011884913,0.017659653,-1.4806625
8043,2026-08-24,-0.04265174,-0.065443784,0.028664963,0.02944805,-1.4878879
3311,2026-08-24,-0.022994323,-0.103097916,0.015195894,0.016455526,-1.5130936
3706,2026-08-24,-0.019383652,-0.013001483,0.012785685,0.010808723,-1.5159247
8096,2026-08-24,-0.025794536,-0.11124214,0.017001644,0.019332116,-1.5170897
3294,2026-08-24,-0.029075716,-0.10461595,0.019138917,0.02061084,-1.5191139
3310,2026-08-24,-0.02501415,-0.034779828,0.016410949,0.015614605,-1.5241426
2007,2026-08-24,-0.019484194,-0.023424244,0.012782694,0.015290816,-1.5241443
6276,2026-08-24,-0.027746396,-0.15150793,0.018131047,0.021693375,-1.5302407
2371,2026-08-24,-0.031038793,-0.06690052,0.020162474,0.020751847,-1.5393573
1558,2026-08-24,-0.015872857,-0.049497627,0.010213865,0.012754158,-1.5538979
4401,2026-08-24,-0.018013773,-0.036680274,0.011399281,0.01336052,-1.5801165
6185,2026-08-24,-0.02300834,-0.08513009,0.014546914,0.015837103,-1.5815558
5432,2026-08-24,-0.028524792,-0.11912904,0.017908968,0.01838625,-1.5926769
6282,2026-08-24,-0.021032803,-0.055759463,0.013178987,0.014100245,-1.5958135
9949,2026-08-24,-0.027154569,-0.0949985,0.017006395,0.01733036,-1.596633
5302,2026-08-24,-0.027255839,-0.022562694,0.01702546,0.021727515,-1.600793
2836,2026-08-24,-0.023482088,0.019461341,0.014249639,0.015742756,-1.647792
3257,2026-08-24,-0.025443561,-0.14799663,0.015421461,0.019183263,-1.649773
4114,2026-08-24,-0.018787405,-0.026495226,0.011159255,0.011963414,-1.6834207
1101,2026-08-24,-0.023318863,0.016790915,0.013654272,0.015842414,-1.707682
1326,2026-08-24,-0.020139985,-0.057650026,0.011755987,0.014055503,-1.7130226
6197,2026-08-24,-0.024962092,-0.020594873,0.014560613,0.015054447,-1.7142395
5347,2026-08-24,-0.030373583,-0.12829636,0.017715909,0.024946583,-1.7143838
8048,2026-08-24,-0.031471696,-0.15439428,0.018288251,0.023198267,-1.7207755
7811,2026-08-24,-0.02552999,-0.06347899,0.014707965,0.019321311,-1.7356755
6274,2026-08-24,-0.025774594,-0.08151135,0.014848028,0.016942056,-1.7357764
2515,2026-08-24,-0.031225063,-0.051561084,0.017957577,0.019216675,-1.738727
2596,2026-08-24,-0.032560132,-0.05334281,0.018695932,0.022876522,-1.7414693
3041,2026-08-24,-0.031034624,-0.119040854,0.017762786,0.023607042,-1.7470726
3011,2026-08-24,-0.023612965,-0.1120382,0.0134620955,0.016705599,-1.753903
4543,2026-08-24,-0.030366551,-0.061371684,0.017302638,0.019050255,-1.7549229
6901,2026-08-24,-0.04388887,-0.07464286,0.02494646,0.027821988,-1.7592521
2344,2026-08-24,-0.029630315,-0.11995335,0.016833039,0.018452331,-1.7601429
6270,2026-08-24,-0.022832274,-0.011666076,0.01294072,0.015872672,-1.764238
9921,2026-08-24,-0.059347685,-0.03317795,0.033177692,0.034762114,-1.788729
4989,2026-08-24,-0.031959537,-0.15170336,0.017811393,0.023827164,-1.7942303
6719,2026-08-24,-0.02833424,-0.13800843,0.01564299,0.016896792,-1.8111901
5269,2026-08-24,-0.025796087,-0.102521196,0.014171027,0.019645322,-1.8202115
6838,2026-08-24,-0.03444411,-0.00025069813,0.018906875,0.019966029,-1.8216805
6790,2026-08-24,-0.0322982,-0.0013810359,0.01752533,0.013613674,-1.8428386
6120,2026-08-24,-0.02916384,-0.06278782,0.015806353,0.01822047,-1.844954
5514,2026-08-24,-0.027064268,-0.0530322,0.014611745,0.017283686,-1.8521001
6531,2026-08-24,-0.028958334,-0.026515521,0.015548946,0.02326252,-1.8622787
2379,2026-08-24,-0.020815114,-0.011375511,0.011167931,0.014209438,-1.863662
2454,2026-08-24,-0.026925446,-0.034523804,0.014424976,0.01452301,-1.8664558
6414,2026-08-24,-0.02991202,-0.05803052,0.015942922,0.01940362,-1.8760766
5452,2026-08-24,-0.046136912,-0.08641369,0.024326922,0.02534794,-1.8964592
2359,2026-08-24,-0.036102954,-0.030311452,0.019015228,0.017802918,-1.8985338
2028,2026-08-24,-0.02612826,-0.031405475,0.013752202,0.012168218,-1.8997947
6861,2026-08-24,-0.029342506,-0.17601459,0.015383548,0.017526735,-1.9072713
3037,2026-08-24,-0.041078225,-0.044629,0.02152488,0.025708158,-1.908318
2548,2026-08-24,-0.041673742,-0.09966359,0.0218093,0.020219395,-1.9107367
6584,2026-08-24,-0.021514742,-0.10697602,0.011238788,0.015765894,-1.9141589
3147,2026-08-24,-0.04573742,-0.14277071,0.023889126,0.027498852,-1.9144905
9928,2026-08-24,-0.02301108,-0.03966478,0.011934071,0.015711598,-1.9280221
6261,2026-08-24,-0.027377324,-0.12878355,0.014176601,0.019403083,-1.9310266
2450,2026-08-24,-0.02584668,-0.045556154,0.013279051,0.013386476,-1.9462787
6782,2026-08-24,-0.026297307,-0.0654187,0.013465966,0.015592219,-1.9527268
2855,2026-08-24,-0.071806304,-0.061029427,0.036120046,0.039124016,-1.9879354
6752,2026-08-24,-0.02286443,-0.12386171,0.011483256,0.01656182,-1.9909369
8092,2026-08-24,-0.03799092,-0.096229576,0.01900448,0.022266552,-1.9989455
8410,2026-08-24,-0.032634135,-0.082494624,0.016170535,0.019737687,-2.0179985
4912,2026-08-24,-0.024050836,-0.12053749,0.011843451,0.014572703,-2.0305572
2351,2026-08-24,-0.047080684,-0.072035484,0.022858959,0.026848583,-2.0595262
6582,2026-08-24,-0.03490477,0.019136954,0.01692944,0.013644082,-2.0616577
2740,2026-08-24,-0.029576568,-0.08097891,0.014187311,0.01593808,-2.0845728
6284,2026-08-24,-0.028580474,-0.09859918,0.013560726,0.018597672,-2.1074362
2010,2026-08-24,-0.033010427,-0.054554284,0.015508514,0.019296795,-2.1283984
3580,2026-08-24,-0.03977939,-0.15207338,0.018625824,0.022475889,-2.135597
5212,2026-08-24,-0.02944965,-0.08082638,0.013743566,0.014281258,-2.1426394
6126,2026-08-24,-0.035418313,-0.129625,0.01651373,0.015715934,-2.14465
3703,2026-08-24,-0.03610022,-0.008000277,0.016820613,0.0158506,-2.1460617
8028,2026-08-24,-0.028717192,-0.10577099,0.013338678,0.01771226,-2.152765
2745,2026-08-24,-0.028505076,-0.10615654,0.013218605,0.011473652,-2.156273
5488,2026-08-24,-0.0356419,-0.02256717,0.01651297,0.01303387,-2.158288
2002,2026-08-24,-0.02731328,-0.031391844,0.0126509685,0.011938719,-2.1588166
4195,2026-08-24,-0.02678989,-0.08949347,0.01239512,0.015939767,-2.1611512
6715,2026-08-24,-0.03170516,-0.08939346,0.014666218,0.014507452,-2.1616342
5465,2026-08-24,-0.0352504,-0.05332762,0.016239602,0.015899556,-2.1705105
2504,2026-08-24,-0.034859452,-0.048434116,0.015963446,0.015421736,-2.1835678
6614,2026-08-24,-0.04256571,-0.08625468,0.019408451,0.01964993,-2.1930404
4532,2026-08-24,-0.036684275,-0.051422816,0.016691009,0.016202053,-2.1977148
2442,2026-08-24,-0.058202066,-0.02683502,0.026424192,0.025179151,-2.202522
4569,2026-08-24,-0.041109078,-0.082747824,0.018643169,0.01970538,-2.2049296
5245,2026-08-24,-0.029970502,-0.057109915,0.013576864,0.012160267,-2.2073061
6931,2026-08-24,-0.032246675,-0.067901835,0.014564014,0.014847399,-2.2139816
2415,2026-08-24,-0.026834467,0.028524483,0.012100246,0.016721336,-2.2174962
5864,2026-08-24,-0.04567636,-0.094734736,0.020597016,0.024309201,-2.2175126
9930,2026-08-24,-0.033113193,-0.058953688,0.014850584,0.017357297,-2.2296069
1432,2026-08-24,-0.031623293,-0.10340177,0.01417857,0.01211398,-2.230201
1805,2026-08-24,-0.033722416,-0.050950035,0.015054487,0.016449803,-2.2398756
2382,2026-08-24,-0.0461361,-0.092392735,0.020529209,0.02465053,-2.2472298
6534,2026-08-24,-0.028515799,-0.036758877,0.012669417,0.016474552,-2.2505808
8261,2026-08-24,-0.057433914,-0.13911806,0.025354233,0.03219903,-2.26517
6432,2026-08-24,-0.05319605,-0.06476882,0.023482608,0.026443304,-2.2652419
3609,2026-08-24,-0.04424912,-0.044796444,0.01952126,0.018121378,-2.2665982
2923,2026-08-24,-0.038867872,-0.04734805,0.017124252,0.016716205,-2.2696233
2020,2026-08-24,-0.0385055,-0.061634656,0.016954673,0.017769573,-2.2709506
6492,2026-08-24,-0.025691845,-0.08104961,0.01130892,0.013533502,-2.2716203
1603,2026-08-24,-0.046766326,-0.0641831,0.020547815,0.021811267,-2.2758648
3707,2026-08-24,-0.03309488,-0.10306302,0.014539617,0.024527319,-2.2760298
4972,2026-08-24,-0.036750175,-0.0826333,0.01609022,0.019856729,-2.283865
5284,2026-08-24,-0.060192093,-0.11193272,0.02631605,0.027584607,-2.28719
6290,2026-08-24,-0.042157628,-0.09996198,0.018394211,0.017920664,-2.291772
6655,2026-08-24,-0.030536193,-0.08627321,0.013321348,0.013227876,-2.292103
6184,2026-08-24,-0.028501427,-0.033538923,0.012372196,0.01595887,-2.3034813
2705,2026-08-24,-0.029159307,-0.052643377,0.012563175,0.012307828,-2.3208294
5230,2026-08-24,-0.04293579,-0.033581186,0.01845217,0.018952953,-2.3267434
5457,2026-08-24,-0.042550504,-0.04998374,0.01824744,0.018425005,-2.3317337
3687,2026-08-24,-0.032374393,-0.07391728,0.013853267,0.012399658,-2.3367813
2387,2026-08-24,-0.030675534,-0.067169555,0.013067434,0.016312864,-2.3473
6152,2026-08-24,-0.033095412,-0.06720676,0.014031065,0.0126451235,-2.358556
1442,2026-08-24,-0.028256647,-0.012527597,0.011892534,0.015127928,-2.3757992
2432,2026-08-24,-0.028450869,-0.054987893,0.011969497,0.014285342,-2.376749
6125,2026-08-24,-0.08404451,-0.16369121,0.035299525,0.030245842,-2.380829
1460,2026-08-24,-0.035187896,-0.010257703,0.014748847,0.01649165,-2.3856447
5364,2026-08-24,-0.034438014,-0.08399388,0.014416304,0.013293114,-2.3886583
1210,2026-08-24,-0.029985558,-0.033881977,0.012541878,0.015296919,-2.390644
8463,2026-08-24,-0.029251747,-0.044057127,0.012209341,0.018066902,-2.3956535
2597,2026-08-24,-0.03394501,-0.036626127,0.014147175,0.012948542,-2.39925
4942,2026-08-24,-0.026222432,-0.04474026,0.010887707,0.013829625,-2.4082227
6804,2026-08-24,-0.03590027,-0.033865113,0.014894657,0.018619437,-2.4101164
2034,2026-08-24,-0.04520666,-0.051052887,0.018708125,0.01951497,-2.4162893
7822,2026-08-24,-0.03176827,-0.12730084,0.013144927,0.014599668,-2.4165864
6470,2026-08-24,-0.028841233,-0.086678214,0.011911316,0.01723157,-2.4211273
6754,2026-08-24,-0.04170309,-0.051648777,0.017214896,0.019306077,-2.4223595
1434,2026-08-24,-0.034620132,0.012798033,0.014230706,0.019638216,-2.432606
2211,2026-08-24,-0.03400468,-0.039196037,0.013973588,0.011629905,-2.4333224
8478,2026-08-24,-0.044999443,-0.05537691,0.018483415,0.019414363,-2.434453
6169,2026-08-24,-0.03507699,-0.14615402,0.014368799,0.014064214,-2.4410217
8935,2026-08-24,-0.034796555,-0.031588152,0.014200901,0.017977789,-2.4501336
7721,2026-08-24,-0.029204361,-0.11683419,0.011801657,0.014359832,-2.4743886
4720,2026-08-24,-0.040590297,-0.12374345,0.016400764,0.02087596,-2.474752
5312,2026-08-24,-0.026742734,-0.0779546,0.010800217,0.011899658,-2.4759
2376,2026-08-24,-0.04099927,-0.06797266,0.016515998,0.018801372,-2.482247
4131,2026-08-24,-0.03662451,-0.092733175,0.014740974,0.015554154,-2.4843695
2340,2026-08-24,-0.047008958,-0.10042729,0.01890688,0.02267136,-2.4862099
4178,2026-08-24,-0.030069001,0.009524046,0.011988925,0.0150687955,-2.5078557
2008,2026-08-24,-0.030839717,0.009701967,0.012257658,0.01447602,-2.5157497
6117,2026-08-24,-0.041622076,-0.1594657,0.016524406,0.016946351,-2.5186718
3272,2026-08-24,-0.042780112,-0.09705433,0.016951445,0.018443227,-2.5235362
6225,2026-08-24,-0.05651224,-0.047684837,0.022361899,0.028196355,-2.5270534
2911,2026-08-24,-0.027783377,-0.09530929,0.010975311,0.014562673,-2.5312126
4760,2026-08-24,-0.039378066,-0.13027939,0.015493924,0.020380327,-2.5413525
6438,2026-08-24,-0.036321435,-0.16079174,0.014285495,0.020650731,-2.5423615
4905,2026-08-24,-0.052457638,-0.10306179,0.020581035,0.020896334,-2.5487099
5512,2026-08-24,-0.03229569,0.017183391,0.012630303,0.012799358,-2.5567977
8076,2026-08-24,-0.03652877,-0.08543856,0.014280895,0.019136546,-2.5576978
6188,2026-08-24,-0.053600676,-0.08079711,0.020684086,0.02067325,-2.5912716
4169,2026-08-24,-0.047603283,-0.03079063,0.018207181,0.018405395,-2.6143897
6925,2026-08-24,-0.03380827,-0.14838272,0.012856673,0.013204821,-2.6294234
2374,2026-08-24,-0.03283973,-0.054773595,0.012467876,0.020476842,-2.6337361
2392,2026-08-24,-0.04486829,-0.027183989,0.017028378,0.022501593,-2.634758
2748,2026-08-24,-0.038655195,-0.075785,0.014624373,0.016217798,-2.6430228
2349,2026-08-24,-0.035020273,-0.13125823,0.013226513,0.017088685,-2.6475327
6756,2026-08-24,-0.035417277,-0.074628204,0.013365347,0.015894705,-2.649735
8940,2026-08-24,-0.037978493,-0.100529306,0.014157469,0.014814823,-2.6823869
4908,2026-08-24,-0.04974448,-0.14009966,0.018457463,0.021384107,-2.6949415
3081,2026-08-24,-0.059669662,-0.18027364,0.022135237,0.022343881,-2.6955647
6235,2026-08-24,-0.05446357,-0.0965292,0.020190805,0.023860332,-2.6973104
3652,2026-08-24,-0.057941396,-0.09254777,0.021337619,0.020952903,-2.7153301
2103,2026-08-24,-0.041900683,-0.016610987,0.01540504,0.01565952,-2.7197568
3284,2026-08-24,-0.04170235,0.019795632,0.015322079,0.017958755,-2.7215383
2528,2026-08-24,-0.043191455,-0.044304125,0.015801286,0.018309545,-2.7332408
0053,2026-08-24,-0.039418332,-0.12497856,0.01441916,0.014235149,-2.7335572
6179,2026-08-24,-0.0861547,-0.09087055,0.031387728,0.023044651,-2.7447658
8147,2026-08-24,-0.051561672,-0.13784719,0.01877747,0.022308832,-2.7457867
5344,2026-08-24,-0.05115584,-0.13860439,0.018589238,0.019383466,-2.751758
3325,2026-08-24,-0.030533314,-0.054386925,0.011091565,0.011031242,-2.7525928
1423,2026-08-24,-0.037327465,-0.096284986,0.013541905,0.0177879,-2.7562375
8908,2026-08-24,-0.050105307,-0.037550785,0.018168446,0.021884022,-2.7576685
1234,2026-08-24,-0.03255873,-0.022532916,0.011796938,0.015646057,-2.7596967
1727,2026-08-24,-0.05677615,-0.06477578,0.020562684,0.025182541,-2.760991
8936,2026-08-24,-0.042588003,-0.080800086,0.015410086,0.015781434,-2.7634654
6156,2026-08-24,-0.05072136,-0.007820456,0.018351333,0.016677165,-2.7637553
1446,2026-08-24,-0.043049615,-0.07501744,0.015513005,0.014404633,-2.7748873
6512,2026-08-24,-0.03237169,-0.11372675,0.011657867,0.014586633,-2.7765725
6482,2026-08-24,-0.049419165,-0.1390423,0.017730357,0.018765558,-2.7871056
2949,2026-08-24,-0.03597603,-0.031946156,0.012890533,0.016807152,-2.7906713
6198,2026-08-24,-0.07247218,-0.06710793,0.025896348,0.026505971,-2.79844
2465,2026-08-24,-0.118768536,-0.040543817,0.04229143,0.044045854,-2.8082695
5315,2026-08-24,-0.040266547,-0.07374327,0.014335008,0.018722147,-2.8087697
2436,2026-08-24,-0.068183,-0.12446182,0.024244437,0.023114318,-2.812199
1626,2026-08-24,-0.028390517,-0.030617096,0.010024779,0.012338052,-2.8317518
6728,2026-08-24,-0.03585825,-0.097850755,0.012646829,0.013715123,-2.835131
6913,2026-08-24,-0.035905406,-0.12642056,0.012642959,0.013494801,-2.839728
3008,2026-08-24,-0.04436078,-0.0638674,0.015597071,0.016287154,-2.8439915
5460,2026-08-24,-0.051481012,-0.124804705,0.018089382,0.018855836,-2.845767
4442,2026-08-24,-0.04202464,-0.09018592,0.014736626,0.018402247,-2.85152
2235,2026-08-24,-0.04486122,-0.12580304,0.015713008,0.015529135,-2.8548553
1813,2026-08-24,-0.05489971,-0.13415442,0.019216496,0.021794526,-2.8567567
4420,2026-08-24,-0.039507873,-0.0946929,0.0136458445,0.019156199,-2.8950188
1109,2026-08-24,-0.047823086,-0.035026915,0.016476171,0.018554432,-2.9023845
1217,2026-08-24,-0.026744723,-0.03983931,0.00915625,0.014470243,-2.9206061
8349,2026-08-24,-0.034712512,-0.037499413,0.01184927,0.012809088,-2.929259
6641,2026-08-24,-0.040072944,-0.054874722,0.013637193,0.015275858,-2.9382885
5203,2026-08-24,-0.03676944,-0.12906665,0.012502998,0.015629552,-2.9406145
6955,2026-08-24,-0.026646309,-0.109597795,0.009032539,0.016244343,-2.9497087
6730,2026-08-24,-0.043642648,-0.06995036,0.014785146,0.01706544,-2.9515903
4741,2026-08-24,-0.06822627,-0.1686635,0.02297916,0.027381757,-2.9689205
2509,2026-08-24,-0.036035374,-0.06422585,0.012007728,0.014847899,-3.000765
3545,2026-08-24,-0.054046035,-0.10520145,0.018003335,0.019358015,-3.0018344
4541,2026-08-24,-0.061258554,-0.14871384,0.020366307,0.021637069,-3.0076904
4167,2026-08-24,-0.03149339,-0.07310257,0.010409524,0.012910895,-3.0251496
7711,2026-08-24,-0.05991405,-0.12788591,0.019803323,0.014250329,-3.0253015
6207,2026-08-24,-0.06946058,-0.19130291,0.022728626,0.03175123,-3.055949
1336,2026-08-24,-0.050617322,-0.0672797,0.016551353,0.01941789,-3.0580137
3289,2026-08-24,-0.043191265,-0.16929337,0.014073378,0.018503305,-3.0687866
3312,2026-08-24,-0.081896394,-0.11435873,0.026616542,0.02367766,-3.0767827
2609,2026-08-24,-0.056073625,-0.019986924,0.018081734,0.021558192,-3.1009483
7791,2026-08-24,-0.034155812,-0.08407336,0.011013023,0.013428115,-3.1011205
3059,2026-08-24,-0.052842267,-0.02903345,0.016997265,0.015171967,-3.108686
3354,2026-08-24,-0.058750566,-0.14294745,0.018888872,0.020530945,-3.1101623
5515,2026-08-24,-0.07368051,-0.06285295,0.023647476,0.023479605,-3.115656
3666,2026-08-24,-0.06188998,-0.1422178,0.019857535,0.016848743,-3.116543
2492,2026-08-24,-0.0793304,-0.21570541,0.02541345,0.028904822,-3.1214683
6113,2026-08-24,-0.044745944,-0.09382764,0.014266992,0.015677297,-3.1361065
3338,2026-08-24,-0.05292528,-0.12355503,0.016850496,0.015427521,-3.1406875
2751,2026-08-24,-0.04930834,-0.11389324,0.015671564,0.026144091,-3.1461565
2024,2026-08-24,-0.038400974,-0.030412445,0.012192297,0.014051774,-3.1493511
8084,2026-08-24,-0.080926456,-0.120857425,0.025637161,0.02935254,-3.1564844
6111,2026-08-24,-0.0528888,-0.14905201,0.016703365,0.021216756,-3.1661663
1521,2026-08-24,-0.046918828,-0.033759873,0.0148007665,0.0141977975,-3.1698127
8272,2026-08-24,-0.047156733,-0.112881735,0.014841919,0.01712142,-3.1770525
3093,2026-08-24,-0.06878046,-0.159863,0.021644747,0.022259884,-3.1775508
3632,2026-08-24,-0.038715992,-0.1383334,0.0121727185,0.015921135,-3.1802928
3708,2026-08-24,-0.051991142,-0.09741871,0.016346322,0.019558454,-3.1804073
1307,2026-08-24,-0.042116817,-0.0628391,0.01323906,0.01401941,-3.181014
4971,2026-08-24,-0.077115275,-0.17773889,0.024225147,0.028900294,-3.1831422
2031,2026-08-24,-0.06471107,-0.04640872,0.02027126,0.017504457,-3.1920993
1319,2026-08-24,-0.04752124,-0.080618836,0.01487569,0.01654528,-3.1943421
2363,2026-08-24,-0.0678152,-0.090249665,0.021028535,0.022889331,-3.2247598
2323,2026-08-24,-0.067319,-0.07227416,0.020683575,0.022585867,-3.2545507
1735,2026-08-24,-0.044895656,-0.13196678,0.013749727,0.013822186,-3.264966
8473,2026-08-24,-0.053771216,-0.036358874,0.016441,0.021078566,-3.2703571
8482,2026-08-24,-0.059344705,-0.019818615,0.018107025,0.017612053,-3.2772598
1802,2026-08-24,-0.058726206,-0.10670521,0.01791325,0.020443829,-3.278184
7738,2026-08-24,-0.041785136,-0.11590481,0.012745143,0.016712599,-3.2782571
1711,2026-08-24,-0.056744553,-0.111339375,0.017265024,0.021123182,-3.2864864
2328,2026-08-24,-0.035284497,-0.07166168,0.01073003,0.015861867,-3.288081
3050,2026-08-24,-0.059912752,-0.10392688,0.018131245,0.018256012,-3.3042104
6140,2026-08-24,-0.040072996,-0.10156822,0.012082413,0.014008816,-3.316364
6505,2026-08-24,-0.0585519,-0.110253125,0.017648987,0.024062928,-3.3173904
5306,2026-08-24,-0.038228583,-0.02584828,0.011511864,0.014039897,-3.3205101
1713,2026-08-24,-0.0473089,-0.11207899,0.014238532,0.017417427,-3.3223634
2453,2026-08-24,-0.043559954,-0.11923497,0.01309833,0.016618181,-3.3253572
3078,2026-08-24,-0.06290692,-0.15045916,0.018907318,0.02166291,-3.3269444
3607,2026-08-24,-0.050736915,-0.106987685,0.015210018,0.01857042,-3.3355372
8097,2026-08-24,-0.054747757,-0.099335276,0.01635209,0.01996313,-3.3478541
2539,2026-08-24,-0.063949905,-0.06294612,0.019063644,0.016486347,-3.3543718
2615,2026-08-24,-0.05758197,-0.065373324,0.017160011,0.018500838,-3.3553948
1560,2026-08-24,-0.074180685,-0.030235041,0.022027243,0.022255369,-3.367526
6615,2026-08-24,-0.058579817,-0.11178304,0.017393067,0.016927578,-3.3678043
2812,2026-08-24,-0.043171227,-0.05103921,0.012773865,0.016414927,-3.379388
6872,2026-08-24,-0.038538046,-0.05482022,0.011384721,0.014643834,-3.38477
2106,2026-08-24,-0.045812115,0.017513009,0.01352219,0.012291121,-3.3876708
6215,2026-08-24,-0.07226733,-0.1715099,0.021289073,0.025983796,-3.3944144
8488,2026-08-24,-0.052724883,-0.04341411,0.0155241685,0.014961735,-3.3960907
1907,2026-08-24,-0.063228704,-0.041763797,0.018590944,0.013216698,-3.4008656
4934,2026-08-24,-0.05260011,-0.045471396,0.015463669,0.016807394,-3.4013085
6835,2026-08-24,-0.0535204,-0.13268644,0.015645163,0.022093296,-3.4206724
1227,2026-08-24,-0.048187528,-0.021959823,0.014084153,0.017795587,-3.4211576
2301,2026-08-24,-0.04573353,-0.10293342,0.013323281,0.01677146,-3.432345
8183,2026-08-24,-0.0406773,-0.07962214,0.011796829,0.01155415,-3.447863
6906,2026-08-24,-0.06303158,-0.12862079,0.018269265,0.018944135,-3.449954
2929,2026-08-24,-0.0564534,-0.04634089,0.016358268,0.01570592,-3.4508512
6887,2026-08-24,-0.0704136,-0.050807443,0.020324567,0.023297101,-3.4642868
6971,2026-08-24,-0.042233236,-0.10087555,0.012151753,0.018998906,-3.4751992
6239,2026-08-24,-0.06336543,-0.15219587,0.018214496,0.026917066,-3.478655
3406,2026-08-24,-0.052498903,-0.12665874,0.015088307,0.017778445,-3.4792123
4416,2026-08-24,-0.09972961,-0.109319285,0.028600594,0.031553514,-3.486855
4192,2026-08-24,-0.067959234,-0.13860789,0.019472545,0.022776026,-3.4898233
2634,2026-08-24,-0.06182749,-0.101292856,0.017708458,0.017285265,-3.4912128
6465,2026-08-24,-0.052084375,-0.061999306,0.01491767,0.017435921,-3.491221
4571,2026-08-24,-0.05902403,-0.11761206,0.016890597,0.016042043,-3.4942834
5206,2026-08-24,-0.058989994,-0.09341101,0.016855244,0.019578464,-3.499593
3438,2026-08-24,-0.06273902,-0.19052003,0.01783171,0.020550074,-3.518199
6807,2026-08-24,-0.058515348,-0.085540004,0.016488975,0.016700134,-3.5485406
6720,2026-08-24,-0.061606463,-0.1635286,0.017358722,0.018685728,-3.5488162
4916,2026-08-24,-0.05895349,-0.12874894,0.016588485,0.015741903,-3.553666
3713,2026-08-24,-0.039978642,-0.033157125,0.011234555,0.014588593,-3.5582256
1736,2026-08-24,-0.06946673,-0.115906574,0.019453386,0.014715904,-3.570749
1721,2026-08-24,-0.04913753,-0.086349,0.013757648,0.016109252,-3.5713923
6024,2026-08-24,-0.06954697,-0.027334014,0.019443706,0.021148736,-3.576653
3071,2026-08-24,-0.05696708,-0.14452766,0.015919998,0.01791891,-3.5781097
6693,2026-08-24,-0.043680493,-0.12175187,0.012185326,0.014942637,-3.5843856
6166,2026-08-24,-0.058219586,-0.10577878,0.016226983,0.015252035,-3.5876045
5471,2026-08-24,-0.06517916,-0.13530806,0.018119484,0.022905046,-3.5969877
6944,2026-08-24,-0.047526963,-0.09354286,0.013174304,0.017202588,-3.6072764
3260,2026-08-24,-0.06891537,-0.21561652,0.019075366,0.016754573,-3.6126046
9802,2026-08-24,-0.07554753,-0.03456657,0.020897996,0.01830541,-3.6148882
3288,2026-08-24,-0.06628609,-0.09796873,0.018321639,0.022642097,-3.6177151
1416,2026-08-24,-0.047855455,-0.073732086,0.013201996,0.012933448,-3.6245906
2546,2026-08-24,-0.05092999,-0.026994657,0.014026701,0.014468742,-3.6306725
4967,2026-08-24,-0.10401072,-0.16597621,0.028621484,0.025069121,-3.6338818
1473,2026-08-24,-0.061805025,-0.07083627,0.016957419,0.019493965,-3.6445038
6205,2026-08-24,-0.058509555,-0.13586421,0.0159637,0.016948313,-3.664933
4441,2026-08-24,-0.050002743,-0.07643827,0.013586753,0.01435668,-3.679986
1614,2026-08-24,-0.04458847,-0.041974362,0.012079651,0.015695106,-3.6908996
1709,2026-08-24,-0.058818895,-0.06875889,0.015905315,0.020708907,-3.6978328
9940,2026-08-24,-0.038001146,0.005166427,0.010172018,0.012717224,-3.735484
6929,2026-08-24,-0.06991427,-0.07928614,0.018649004,0.023940157,-3.7487533
6180,2026-08-24,-0.054036114,-0.05352896,0.014343859,0.013290493,-3.7669325
2719,2026-08-24,-0.04429148,-0.12281019,0.011750113,0.017652381,-3.7691307
2430,2026-08-24,-0.064248815,-0.09945502,0.0170329,0.020365687,-3.7718203
2023,2026-08-24,-0.044416342,-0.05903381,0.011772133,0.013943971,-3.7726865
6761,2026-08-24,-0.07282153,-0.1369531,0.019286688,0.023844354,-3.7755446
8121,2026-08-24,-0.06984585,-0.14144565,0.01844484,0.024821179,-3.7865365
3168,2026-08-24,-0.059672117,-0.108003534,0.015749153,0.019542294,-3.788669
6419,2026-08-24,-0.07480972,-0.2035243,0.019695338,0.023512065,-3.7981539
6763,2026-08-24,-0.050243568,-0.09105876,0.013193522,0.015981697,-3.8079112
8255,2026-08-24,-0.053277366,-0.11578323,0.013971077,0.01585483,-3.8131313
6195,2026-08-24,-0.05048116,-0.07651577,0.013230468,0.014227073,-3.815235
2029,2026-08-24,-0.059506346,-0.0696236,0.015590332,0.013836828,-3.81663
6283,2026-08-24,-0.039615776,-0.06745039,0.010372298,0.013989639,-3.8190145
3489,2026-08-24,-0.08799434,-0.14012603,0.022967137,0.025722442,-3.8311481
1733,2026-08-24,-0.051615175,-0.06640105,0.013421588,0.015629916,-3.8453968
3434,2026-08-24,-0.059281845,-0.08347009,0.015413314,0.020002298,-3.8458958
9934,2026-08-24,-0.05447396,-0.036104582,0.014157914,0.013776886,-3.847326
6742,2026-08-24,-0.04867076,-0.1070645,0.012648018,0.014404705,-3.8477895
4560,2026-08-24,-0.07333549,-0.09496424,0.019047705,0.018959701,-3.8498936
3623,2026-08-24,-0.0730612,-0.18256733,0.018924233,0.021731136,-3.8605177
9924,2026-08-24,-0.050366297,-0.08677986,0.013043061,0.016512565,-3.8612435
9914,2026-08-24,-0.07102188,-0.050828848,0.018377986,0.018958565,-3.8642979
5398,2026-08-24,-0.059561092,-0.10624444,0.015410993,0.021615937,-3.8645937
5483,2026-08-24,-0.094428554,-0.24682505,0.024388159,0.027702462,-3.871743
2849,2026-08-24,-0.037165936,0.06837616,0.009577437,0.013997633,-3.8801668
8234,2026-08-24,-0.0804323,-0.12745257,0.020705525,0.022100432,-3.8843942
6616,2026-08-24,-0.060969118,-0.079551674,0.01566109,0.013637837,-3.892783
7751,2026-08-24,-0.07774498,-0.12842093,0.019926064,0.018712254,-3.901477
2754,2026-08-24,-0.05689835,-0.0600909,0.014550961,0.012364458,-3.9100127
5386,2026-08-24,-0.23848915,-0.33964965,0.060707215,0.0552501,-3.9284494
4148,2026-08-24,-0.076791786,-0.065903276,0.01940152,0.021178948,-3.9578252
2429,2026-08-24,-0.077689044,-0.098175116,0.019578544,0.022614904,-3.9678679
2495,2026-08-24,-0.06957199,-0.12905328,0.017481297,0.0178494,-3.9795678
5601,2026-08-24,-0.05851225,-0.06449082,0.014687666,0.015957229,-3.9834967
2616,2026-08-24,-0.09277156,-0.11773658,0.02327085,0.023886131,-3.9864283
2427,2026-08-24,-0.06951683,-0.06565605,0.017352462,0.017688207,-4.0059342
3673,2026-08-24,-0.062037673,-0.07016872,0.015458625,0.015360144,-4.012883
7768,2026-08-24,-0.051402196,-0.14486447,0.01278957,0.016111,-4.0187573
5213,2026-08-24,-0.07522769,-0.11105814,0.018683754,0.018962556,-4.0261536
4722,2026-08-24,-0.07024438,-0.122098655,0.017426029,0.019776065,-4.0307717
2906,2026-08-24,-0.058946848,-0.069728404,0.014605982,0.015720064,-4.0355253
2904,2026-08-24,-0.05300273,-0.10944055,0.0130923055,0.01417816,-4.0480785
1445,2026-08-24,-0.07086789,-0.12155552,0.01749668,0.018005203,-4.0501304
3135,2026-08-24,-0.090365715,-0.21012722,0.022268703,0.02396959,-4.057787
4137,2026-08-24,-0.05475724,-0.04591187,0.013258513,0.013197478,-4.129657
1201,2026-08-24,-0.059732605,-0.06097014,0.014438027,0.013496995,-4.1368856
6854,2026-08-24,-0.06977522,-0.14891821,0.016842617,0.021178987,-4.142532
1474,2026-08-24,-0.071649544,-0.10273476,0.017208751,0.016012365,-4.163311
4728,2026-08-24,-0.052222285,-0.050577346,0.012516501,0.012027418,-4.1719418
3178,2026-08-24,-0.056471307,-0.111396104,0.013526323,0.019024093,-4.1746106
8440,2026-08-24,-0.07803812,-0.1549769,0.018652705,0.0263007,-4.1835184
3207,2026-08-24,-0.09304174,-0.18987584,0.022237623,0.026077516,-4.1837907
2483,2026-08-24,-0.08666228,-0.104306266,0.020664448,0.023503024,-4.1935835
1762,2026-08-24,-0.05494009,-0.12920287,0.013077903,0.019465625,-4.200665
8462,2026-08-24,-0.06919302,-0.08525865,0.016457375,0.018758282,-4.204122
6005,2026-08-24,-0.06122418,-0.03140469,0.014559827,0.014545455,-4.2047186
6508,2026-08-24,-0.060356975,-0.06258079,0.0143421395,0.016127141,-4.2080727
1218,2026-08-24,-0.05787793,-0.10525379,0.013745852,0.017499033,-4.210268
3714,2026-08-24,-0.07086099,-0.085449085,0.016811753,0.023443868,-4.2147164
5013,2026-08-24,-0.064517066,-0.062111303,0.01529816,0.018137269,-4.2170334
1435,2026-08-24,-0.08564989,-0.040182505,0.02028724,0.023293315,-4.221652
2348,2026-08-24,-0.086571835,-0.07760083,0.02045641,0.022382593,-4.231808
8443,2026-08-24,-0.05974875,-0.12937765,0.014085895,0.013444246,-4.2414417
4540,2026-08-24,-0.06030284,-0.14902101,0.014214593,0.012227446,-4.2420206
2516,2026-08-24,-0.054152377,-0.037488617,0.012742021,0.015702743,-4.2495713
2617,2026-08-24,-0.06451841,-0.03858049,0.015169657,0.015996786,-4.252842
2072,2026-08-24,-0.04703094,-0.14503098,0.011000934,0.012859082,-4.2747884
4121,2026-08-24,-0.06516072,-0.08982838,0.015221344,0.01603253,-4.2805967
5701,2026-08-24,-0.04201885,-0.062313024,0.009813495,0.013425342,-4.2813053
6523,2026-08-24,-0.055498917,-0.108482644,0.012939603,0.013847504,-4.2887425
3587,2026-08-24,-0.060794957,-0.15107346,0.014152804,0.022682996,-4.2953086
3373,2026-08-24,-0.041562863,-0.069590256,0.00967439,0.013217607,-4.29573
8047,2026-08-24,-0.07149968,-0.13158633,0.016625443,0.022556396,-4.3003592
2607,2026-08-24,-0.06815759,-0.045663245,0.015840035,0.016029406,-4.302597
6666,2026-08-24,-0.08633423,-0.0651531,0.019971631,0.019682867,-4.3226266
3630,2026-08-24,-0.081103586,-0.07682417,0.018742697,0.019553442,-4.326979
3232,2026-08-24,-0.05856774,-0.100494586,0.013528317,0.018000985,-4.32895
8938,2026-08-24,-0.06093831,-0.08382592,0.014047602,0.01709638,-4.337678
4433,2026-08-24,-0.06815539,-0.14022692,0.01565509,0.017979732,-4.3532834
8499,2026-08-24,-0.08011731,-0.13187817,0.018400405,0.0205425,-4.353869
5243,2026-08-24,-0.06014047,-0.11769959,0.013791204,0.016026778,-4.360468
6961,2026-08-24,-0.07878819,-0.13466397,0.01805073,0.019086886,-4.3645782
4590,2026-08-24,-0.06713448,-0.05055199,0.015362281,0.019840993,-4.3698006
3024,2026-08-24,-0.07514565,-0.06237703,0.01719483,0.01968952,-4.3699923
4538,2026-08-24,-0.070607215,-0.13070136,0.016113225,0.01825029,-4.38167
6405,2026-08-24,-0.0908641,-0.20564546,0.020692162,0.023857376,-4.3910203
6651,2026-08-24,-0.06307178,-0.1372055,0.014325586,0.017895045,-4.402429
6485,2026-08-24,-0.101836205,-0.20075512,0.023033032,0.024568142,-4.421119
1439,2026-08-24,-0.05350174,-0.06368878,0.01209406,0.013818302,-4.423437
6221,2026-08-24,-0.05508353,-0.07029144,0.012415473,0.015011511,-4.4363265
4175,2026-08-24,-0.053231645,-0.15422612,0.011995434,0.017151985,-4.437289
6431,2026-08-24,-0.06909096,-0.057927627,0.015539399,0.020050466,-4.445894
1464,2026-08-24,-0.058458105,-0.048400305,0.013135084,0.017154021,-4.4501925
3564,2026-08-24,-0.054665472,-0.056265164,0.012268172,0.014718469,-4.4555144
9906,2026-08-24,-0.050326604,-0.047690745,0.011290025,0.01499123,-4.457222
6958,2026-08-24,-0.063336834,-0.014017677,0.014154779,0.014519573,-4.474274
3252,2026-08-24,-0.05266625,-0.07227688,0.011763821,0.012247825,-4.4765873
5309,2026-08-24,-0.055799946,-0.11720496,0.012457519,0.01475735,-4.4788585
2642,2026-08-24,-0.09025929,-0.13842909,0.020106915,0.017486526,-4.4887443
6558,2026-08-24,-0.07888048,-0.13799779,0.017482404,0.017056145,-4.511735
4907,2026-08-24,-0.06616458,-0.08798296,0.014661896,0.012453685,-4.5123816
7749,2026-08-24,-0.0862851,-0.18834704,0.019084016,0.022568509,-4.5210915
8249,2026-08-24,-0.06914767,-0.14760628,0.01528137,0.019206215,-4.524669
6423,2026-08-24,-0.07676583,-0.20245476,0.016915232,0.027411804,-4.537998
3090,2026-08-24,-0.10853545,-0.14115284,0.023823326,0.025549104,-4.555657
1708,2026-08-24,-0.06495418,-0.05180083,0.014240805,0.014281336,-4.5608106
7770,2026-08-24,-0.053003106,-0.12821494,0.011617686,0.015478534,-4.561885
3141,2026-08-24,-0.07463691,-0.14463106,0.016355108,0.019256052,-4.5632434
6237,2026-08-24,-0.07702323,-0.1653524,0.016862566,0.019015754,-4.5674343
6890,2026-08-24,-0.07583739,-0.0832146,0.016590424,0.017107898,-4.570879
3537,2026-08-24,-0.12061119,-0.18238744,0.026340697,0.022711445,-4.5787177
8074,2026-08-24,-0.10781157,-0.23072563,0.023541825,0.023660567,-4.579381
2368,2026-08-24,-0.07308619,-0.13261452,0.015941942,0.018986272,-4.5842347
3229,2026-08-24,-0.09335163,-0.09191098,0.020352121,0.020206492,-4.5866003
8422,2026-08-24,-0.09809049,-0.13424447,0.02137372,0.021046497,-4.589089
3032,2026-08-24,-0.069782704,-0.1494293,0.01516703,0.018046256,-4.600644
6272,2026-08-24,-0.066103026,-0.12066304,0.014357354,0.015145234,-4.6038027
6953,2026-08-24,-0.07971679,-0.20456024,0.01726085,0.023907343,-4.6180906
7736,2026-08-24,-0.06864251,-0.124012515,0.014857477,0.016987853,-4.6197543
6994,2026-08-24,-0.09144159,-0.1313621,0.019784845,0.019588843,-4.621566
2511,2026-08-24,-0.05574196,0.0069171917,0.012025136,0.014456244,-4.635068
5704,2026-08-24,-0.05002462,-0.08634819,0.010771179,0.015941177,-4.6438723
5468,2026-08-24,-0.06462908,-0.07278852,0.013912429,0.013088457,-4.6450863
2466,2026-08-24,-0.12107514,-0.23206753,0.026048496,0.02726474,-4.6478877
3055,2026-08-24,-0.0901006,-0.14915971,0.019370785,0.024831006,-4.6511254
8421,2026-08-24,-0.07433138,-0.04579198,0.015847553,0.017687052,-4.6901054
7642,2026-08-24,-0.06782567,-0.08297119,0.014422954,0.015323922,-4.7022934
3511,2026-08-24,-0.054520402,-0.067337506,0.011587458,0.017555805,-4.7047157
5201,2026-08-24,-0.09153284,-0.15569852,0.019438187,0.020911774,-4.7086763
3042,2026-08-24,-0.08207788,-0.14216779,0.017421229,0.017462377,-4.711101
2497,2026-08-24,-0.09826655,-0.11241937,0.020744186,0.01556333,-4.7368364
3523,2026-08-24,-0.08928914,-0.10620579,0.018792683,0.023382727,-4.751019
6716,2026-08-24,-0.09612442,-0.20121904,0.020110918,0.025860474,-4.779475
1587,2026-08-24,-0.079474136,-0.1180484,0.016612656,0.017955627,-4.7836633
1582,2026-08-24,-0.08501733,-0.15571906,0.017742742,0.023289273,-4.791398
3066,2026-08-24,-0.07619781,-0.12328242,0.015898254,0.017530259,-4.79254
4930,2026-08-24,-0.07203446,-0.15277727,0.015014016,0.015119713,-4.797495
2460,2026-08-24,-0.05791619,-0.090286896,0.012004957,0.011768651,-4.8239546
4739,2026-08-24,-0.105694264,-0.27228358,0.021860763,0.022844959,-4.8346634
3669,2026-08-24,-0.081282474,-0.11055914,0.01673329,0.014681112,-4.85724
4702,2026-08-24,-0.08472889,-0.09997048,0.017427145,0.0177814,-4.861613
4129,2026-08-24,-0.058521196,-0.08600356,0.012021181,0.017970363,-4.8677683
6593,2026-08-24,-0.07255591,-0.1774324,0.014899026,0.016324868,-4.8695154
6997,2026-08-24,-0.07213904,-0.12488996,0.014808753,0.02209025,-4.8710494
6629,2026-08-24,-0.087778926,-0.116949126,0.017920421,0.01835954,-4.897989
2477,2026-08-24,-0.08936453,-0.09846449,0.018232897,0.020687828,-4.901011
4113,2026-08-24,-0.118577786,-0.16151482,0.024165094,0.023433216,-4.906783
2302,2026-08-24,-0.10469184,-0.09875497,0.02130663,0.022467976,-4.9133496
2409,2026-08-24,-0.08454391,-0.19778074,0.017138261,0.01704288,-4.932763
6477,2026-08-24,-0.13374183,-0.17488922,0.027068706,0.0335469,-4.9406457
2375,2026-08-24,-0.1283032,-0.21758051,0.025964806,0.039124276,-4.941237
4968,2026-08-24,-0.07619173,-0.21993063,0.015416054,0.022844883,-4.942042
1809,2026-08-24,-0.10756476,-0.14807144,0.021747814,0.025818042,-4.945776
5450,2026-08-24,-0.09482266,-0.09164918,0.019152634,0.017510038,-4.9506354
4923,2026-08-24,-0.088831134,-0.14749806,0.01791776,0.024516271,-4.9574375
7712,2026-08-24,-0.123871915,-0.2058896,0.024950095,0.026339883,-4.964588
4188,2026-08-24,-0.09361712,-0.099246405,0.018835127,0.023144608,-4.970083
1723,2026-08-24,-0.05997572,-0.044008933,0.012043944,0.013745692,-4.9793277
1417,2026-08-24,-0.09346172,-0.14754444,0.018744806,0.020642059,-4.98574
1732,2026-08-24,-0.06172352,-0.09598765,0.0123702595,0.010826283,-4.989267
4935,2026-08-24,-0.065078616,-0.06589326,0.013021748,0.013072013,-4.997303
3416,2026-08-24,-0.054469347,-0.09048222,0.010888245,0.014068916,-5.0021234
3062,2026-08-24,-0.06942723,-0.13700429,0.013872499,0.01944704,-5.004306
2201,2026-08-24,-0.05805254,-0.027747909,0.011596641,0.01176776,-5.0055475
2468,2026-08-24,-0.11192557,-0.15104939,0.022312077,0.021080442,-5.0161424
5519,2026-08-24,-0.07798484,-0.120538406,0.015514328,0.016167285,-5.0263095
2062,2026-08-24,-0.07671209,-0.07154726,0.015260872,0.0175119,-5.0263877
8215,2026-08-24,-0.069189824,-0.10135395,0.013761637,0.016058257,-5.0273666
5211,2026-08-24,-0.05413825,-0.13628154,0.010765684,0.013786882,-5.028312
2881,2026-08-24,-0.08098408,-0.093507305,0.016096355,0.017494436,-5.0308933
8916,2026-08-24,-0.07693961,-0.11175038,0.015283275,0.017106203,-5.0339065
6680,2026-08-24,-0.06739426,-0.100801624,0.013345501,0.0123152165,-5.049582
3057,2026-08-24,-0.09236915,-0.21789506,0.018259646,0.022892918,-5.058372
5314,2026-08-24,-0.168687,-0.29814014,0.033273056,0.03978632,-5.069626
2321,2026-08-24,-0.073738016,-0.12818883,0.014489561,0.015006703,-5.0886927
6695,2026-08-24,-0.08729606,-0.15099226,0.01711405,0.020408751,-5.1005435
3501,2026-08-24,-0.0751611,-0.10819377,0.014696889,0.019159919,-5.1137342
3051,2026-08-24,-0.09431378,-0.17094253,0.018404843,0.01636529,-5.1241217
8054,2026-08-24,-0.1540696,-0.3106971,0.030034382,0.036787987,-5.1296034
8924,2026-08-24,-0.07995227,-0.14504918,0.0155496625,0.017954469,-5.141406
6425,2026-08-24,-0.112590045,-0.2517871,0.021886783,0.02439094,-5.1439676
8072,2026-08-24,-0.09163971,-0.19604903,0.01773707,0.021260064,-5.166273
1454,2026-08-24,-0.08300506,-0.10919722,0.016045738,0.017014435,-5.172706
3313,2026-08-24,-0.104627065,-0.07560255,0.02016348,0.016733803,-5.1886816
6127,2026-08-24,-0.07102379,-0.14634638,0.0136605995,0.02168329,-5.19879
4523,2026-08-24,-0.081929766,-0.13633572,0.015743354,0.01698446,-5.203755
2399,2026-08-24,-0.094448805,-0.11763933,0.018087544,0.016461575,-5.221471
4919,2026-08-24,-0.08941387,-0.19440219,0.01711201,0.02243487,-5.224906
3056,2026-08-24,-0.11452602,-0.10581501,0.021862937,0.026423035,-5.2381244
6757,2026-08-24,-0.08099888,-0.084473945,0.015458501,0.0137023255,-5.239424
7709,2026-08-24,-0.069765426,-0.15024906,0.013308877,0.016552527,-5.241628
4584,2026-08-24,-0.07023999,-0.08196402,0.013381683,0.017554346,-5.248573
7730,2026-08-24,-0.096757315,-0.12809652,0.018389015,0.022177951,-5.261405
3498,2026-08-24,-0.14446561,-0.20867474,0.027438888,0.036123943,-5.264803
1463,2026-08-24,-0.06444355,-0.037450332,0.012216559,0.016175205,-5.274667
5227,2026-08-24,-0.10511069,-0.16521434,0.019909058,0.023104278,-5.279276
6830,2026-08-24,-0.19796091,-0.24906874,0.037462603,0.047597382,-5.2840867
4556,2026-08-24,-0.09672782,-0.11755158,0.018258918,0.013453428,-5.2972755
2227,2026-08-24,-0.055610534,-0.021781567,0.010495281,0.013385204,-5.2981176
3297,2026-08-24,-0.11139735,-0.23976627,0.020994036,0.021859564,-5.30589
3675,2026-08-24,-0.12417185,-0.25684586,0.023372205,0.024969483,-5.312573
6265,2026-08-24,-0.17025146,-0.15012358,0.03197153,0.0391971,-5.3249297
3029,2026-08-24,-0.090593845,-0.11563896,0.016996434,0.016469344,-5.329854
6167,2026-08-24,-0.11987912,-0.19891305,0.022451503,0.025123158,-5.339232
1785,2026-08-24,-0.114455335,-0.14594491,0.021421524,0.022817513,-5.3427567
4949,2026-08-24,-0.12792894,-0.25584605,0.023942415,0.035594802,-5.34297
6578,2026-08-24,-0.08418608,-0.110948116,0.015683305,0.019847907,-5.3675365
2505,2026-08-24,-0.053647842,-0.026782984,0.009990533,0.012818865,-5.3693304
6785,2026-08-24,-0.14969912,-0.14699255,0.027789148,0.02902111,-5.38677
2070,2026-08-24,-0.09498981,-0.15786168,0.017593382,0.021308431,-5.3988714
2724,2026-08-24,-0.086107306,-0.08665995,0.015945947,0.022300517,-5.3996105
1338,2026-08-24,-0.07246583,-0.08941921,0.013399154,0.017363468,-5.4078355
6792,2026-08-24,-0.06863916,-0.12410578,0.012674178,0.01586574,-5.415242
8227,2026-08-24,-0.089382425,-0.2494301,0.016494472,0.01875535,-5.418604
7819,2026-08-24,-0.089639045,-0.18265368,0.016534671,0.017697388,-5.42095
6517,2026-08-24,-0.11434952,-0.11845972,0.021043394,0.024615208,-5.433728
2108,2026-08-24,-0.077289335,-0.04729615,0.014186698,0.015157334,-5.4476304
8932,2026-08-24,-0.18451753,-0.291882,0.03383704,0.038704377,-5.452962
6469,2026-08-24,-0.085379146,-0.15421444,0.015621289,0.02200314,-5.465214
1618,2026-08-24,-0.06879888,-0.12563555,0.012512667,0.014483445,-5.497899
6598,2026-08-24,-0.088765554,-0.043515738,0.016130956,0.015505771,-5.5024667
3073,2026-08-24,-0.093996406,-0.13501409,0.017080825,0.020330777,-5.5027146
3684,2026-08-24,-0.07684741,-0.18610969,0.013948927,0.020157892,-5.508804
2248,2026-08-24,-0.08070142,-0.09069504,0.014636192,0.016306669,-5.5134497
1259,2026-08-24,-0.086107604,-0.14967018,0.015611471,0.015643362,-5.5153093
2342,2026-08-24,-0.14460278,-0.24935439,0.026213195,0.029082324,-5.516201
3027,2026-08-24,-0.081719965,-0.08278747,0.014793281,0.016879706,-5.5237536
2723,2026-08-24,-0.09760175,-0.11863389,0.017651679,0.017518627,-5.529005
3466,2026-08-24,-0.11776374,-0.21263215,0.021202527,0.025884546,-5.5539694
5244,2026-08-24,-0.09688131,-0.14456354,0.017434947,0.020590033,-5.556412
8110,2026-08-24,-0.13076402,-0.22005962,0.023490056,0.029941995,-5.566545
2221,2026-08-24,-0.10588141,-0.13939458,0.019015895,0.023180477,-5.5677547
5011,2026-08-24,-0.07500769,-0.062340926,0.013462212,0.01599694,-5.571307
4526,2026-08-24,-0.11993715,-0.17526487,0.02152284,0.024703825,-5.5722933
3628,2026-08-24,-0.09849623,-0.19984402,0.01761851,0.021891678,-5.5901794
3717,2026-08-24,-0.09977404,-0.17834257,0.01784314,0.019742787,-5.5914173
1470,2026-08-24,-0.08968829,-0.10947564,0.016036926,0.018891301,-5.5922627
2545,2026-08-24,-0.0657885,-0.07836693,0.0117304195,0.015415802,-5.607889
2461,2026-08-24,-0.08628933,-0.12079963,0.015308808,0.018392038,-5.6362123
9902,2026-08-24,-0.08480822,-0.078770064,0.015038156,0.020009594,-5.639161
6118,2026-08-24,-0.10141999,-0.1451549,0.017953197,0.017582234,-5.648818
4563,2026-08-24,-0.078814276,-0.13040894,0.013942374,0.017587278,-5.6524534
3576,2026-08-24,-0.076287016,-0.099684194,0.013466013,0.018698342,-5.664732
1806,2026-08-24,-0.13369296,-0.11920468,0.023563903,0.02195517,-5.6733932
2380,2026-08-24,-0.07844015,-0.18734458,0.013788216,0.019357545,-5.688514
6791,2026-08-24,-0.07401753,-0.17559758,0.012984194,0.020853592,-5.700148
6846,2026-08-24,-0.075343415,-0.14123224,0.013216231,0.016487977,-5.700393
3205,2026-08-24,-0.08318158,-0.1301298,0.01453269,0.016391337,-5.723363
3520,2026-08-24,-0.08641219,-0.08847145,0.015092082,0.018802995,-5.7252846
1441,2026-08-24,-0.0903633,-0.17787708,0.015779313,0.016612465,-5.726331
6969,2026-08-24,-0.09537668,-0.09312485,0.016640104,0.022313805,-5.731391
1108,2026-08-24,-0.09895194,-0.10888774,0.01725653,0.017663855,-5.7338414
1584,2026-08-24,-0.10024384,-0.093355045,0.017467853,0.020647766,-5.738433
1623,2026-08-24,-0.08939648,-0.15159756,0.015529539,0.014353944,-5.756173
6168,2026-08-24,-0.10810886,-0.15488437,0.018765135,0.01901172,-5.7608485
3025,2026-08-24,-0.119165294,-0.24978215,0.020639725,0.025318705,-5.773309
3323,2026-08-24,-0.1332298,-0.21080133,0.023058413,0.020613767,-5.7776756
1231,2026-08-24,-0.052717224,-0.10098571,0.0091157835,0.013108754,-5.7824364
2413,2026-08-24,-0.064376,-0.15345256,0.011117383,0.013895345,-5.79005
8454,2026-08-24,-0.09656798,-0.077627674,0.016664471,0.016528148,-5.794494
3430,2026-08-24,-0.11367297,-0.2008464,0.019551074,0.020190332,-5.8138576
3206,2026-08-24,-0.12720491,-0.21075693,0.021866834,0.021609766,-5.816987
2801,2026-08-24,-0.07481014,-0.091530256,0.012828596,0.014119243,-5.8310595
1725,2026-08-24,-0.09622674,-0.118123524,0.016466342,0.019801298,-5.843489
2910,2026-08-24,-0.08965702,-0.073075786,0.015326778,0.019665075,-5.849316
3149,2026-08-24,-0.1500818,-0.19958098,0.025615204,0.029114291,-5.858862
6875,2026-08-24,-0.068665154,-0.07049753,0.011717482,0.013170326,-5.8595605
6416,2026-08-24,-0.08286998,-0.10532411,0.014120503,0.016208919,-5.868354
2636,2026-08-24,-0.1006478,-0.08957789,0.017146012,0.015465226,-5.869699
1532,2026-08-24,-0.107599996,-0.09915692,0.01830946,0.016679434,-5.8764224
1233,2026-08-24,-0.08171744,-0.05774728,0.013903372,0.015073546,-5.877104
7780,2026-08-24,-0.08448828,-0.08308295,0.014353475,0.016316252,-5.8858495
1815,2026-08-24,-0.103936195,-0.16331524,0.0176562,0.027551476,-5.886335
2903,2026-08-24,-0.08589175,-0.046803012,0.014588051,0.016413819,-5.887412
2646,2026-08-24,-0.099037744,-0.05623084,0.016792115,0.0153562045,-5.8975205
6937,2026-08-24,-0.09562116,-0.14668821,0.01617791,0.014097494,-5.9102354
4706,2026-08-24,-0.07398478,-0.051135413,0.012500655,0.014928408,-5.917999
6533,2026-08-24,-0.11277489,-0.16008802,0.018987274,0.02312245,-5.939186
2230,2026-08-24,-0.115072705,-0.2276418,0.019348739,0.02453855,-5.94699
3004,2026-08-24,-0.09002359,-0.16681263,0.015114517,0.015406737,-5.955707
7820,2026-08-24,-0.09207858,-0.14050223,0.015457523,0.016832994,-5.956493
6796,2026-08-24,-0.14230783,-0.16270326,0.023803644,0.021973142,-5.978154
3455,2026-08-24,-0.13876052,-0.23389022,0.023151845,0.023468258,-5.9932384
1203,2026-08-24,-0.09181572,-0.047043476,0.015313345,0.01596937,-5.995406
2722,2026-08-24,-0.0820112,-0.11511578,0.013644233,0.014161249,-6.0102453
1541,2026-08-24,-0.065613136,-0.07366424,0.010909887,0.01762301,-6.0135474
3646,2026-08-24,-0.08269448,-0.10676339,0.013745233,0.016638583,-6.015792
4566,2026-08-24,-0.11930481,-0.17197536,0.019825578,0.019718613,-6.0174184
5009,2026-08-24,-0.086341314,-0.11670675,0.014323801,0.016269214,-6.0274005
2228,2026-08-24,-0.103415534,-0.1424894,0.017156467,0.016649755,-6.027436
8112,2026-08-24,-0.11880021,-0.08369451,0.01968436,0.020438759,-6.034952
1444,2026-08-24,-0.10049621,-0.022162385,0.016633812,0.015104576,-6.041319
4716,2026-08-24,-0.14660081,-0.15533593,0.024235444,0.028397957,-6.0487757
1436,2026-08-24,-0.10930317,-0.10401715,0.018065233,0.024111973,-6.050136
3631,2026-08-24,-0.10088902,-0.13283534,0.016670167,0.017408948,-6.051707
4438,2026-08-24,-0.07645784,-0.10333539,0.012631498,0.012640844,-6.052472
8906,2026-08-24,-0.106957115,-0.103724495,0.017648285,0.015695954,-6.0601387
1321,2026-08-24,-0.11052419,-0.12336644,0.018225443,0.015087223,-6.0639477
6498,2026-08-24,-0.13191815,-0.23979202,0.02173902,0.022653282,-6.0679865
6294,2026-08-24,-0.10819138,-0.21465199,0.017635643,0.020772384,-6.134465
1475,2026-08-24,-0.08500164,-0.06144831,0.013827277,0.015254006,-6.1469436
6923,2026-08-24,-0.08142298,-0.14889832,0.013231606,0.018037612,-6.153208
6230,2026-08-24,-0.103688434,-0.122259095,0.016846754,0.01525128,-6.1544366
1599,2026-08-24,-0.0817427,-0.15633526,0.013166276,0.016616035,-6.208019
5474,2026-08-24,-0.09383418,-0.1894991,0.015062656,0.02259318,-6.2291765
2405,2026-08-24,-0.09117891,-0.13219835,0.014530961,0.013718835,-6.27437
8489,2026-08-24,-0.08162789,-0.15987483,0.013007919,0.015957626,-6.274763
6843,2026-08-24,-0.08614515,-0.16342448,0.013726671,0.017105445,-6.275292
6538,2026-08-24,-0.18679075,-0.13605009,0.029737227,0.033118647,-6.2811666
2645,2026-08-24,-0.06825156,-0.067571595,0.010858467,0.01671514,-6.284982
3322,2026-08-24,-0.13877958,-0.18523215,0.021983523,0.025504652,-6.3126035
6153,2026-08-24,-0.08432797,-0.13756831,0.013355512,0.017807674,-6.313622
3296,2026-08-24,-0.09164858,-0.08965983,0.014509628,0.017811805,-6.3159623
6441,2026-08-24,-0.08455814,-0.15262216,0.013377185,0.017255357,-6.3205986
1455,2026-08-24,-0.10761017,-0.10709231,0.016965736,0.016784826,-6.3424206
6689,2026-08-24,-0.10711101,-0.18039621,0.016885607,0.02102929,-6.342956
3346,2026-08-24,-0.090574615,-0.06201584,0.014208645,0.016739663,-6.3741646
3266,2026-08-24,-0.074142694,-0.060282458,0.011620617,0.020172339,-6.379723
2491,2026-08-24,-0.14802262,-0.10136884,0.023197869,0.018945867,-6.3805966
8411,2026-08-24,-0.07556388,-0.049354587,0.011832389,0.014217386,-6.3856497
7722,2026-08-24,-0.09442694,-0.1274936,0.014730212,0.015351587,-6.409991
7788,2026-08-24,-0.11410899,-0.15864633,0.017782848,0.020907661,-6.4164395
3441,2026-08-24,-0.17440109,-0.24997218,0.027127715,0.029357163,-6.428653
6658,2026-08-24,-0.08138016,-0.19451353,0.012649388,0.017476365,-6.433017
8271,2026-08-24,-0.12810391,-0.30443668,0.019829497,0.022419022,-6.4599447
4139,2026-08-24,-0.13129656,-0.07711523,0.020249525,0.018619211,-6.4836125
1295,2026-08-24,-0.12060346,-0.18157308,0.018597279,0.02137122,-6.484657
3128,2026-08-24,-0.108214505,-0.17184812,0.016683348,0.023022467,-6.4859896
8442,2026-08-24,-0.09138902,-0.069692284,0.014088224,0.018905213,-6.4864483
3047,2026-08-24,-0.1271517,-0.16394153,0.01956572,0.01710484,-6.4983654
1515,2026-08-24,-0.16605745,-0.19681174,0.025491908,0.02962403,-6.5138683
5225,2026-08-24,-0.09453309,-0.15842311,0.014506838,0.015400189,-6.516001
8085,2026-08-24,-0.10085835,-0.116069146,0.015468789,0.020171782,-6.5196977
3219,2026-08-24,-0.12321439,-0.22951423,0.018887464,0.01931129,-6.523261
6591,2026-08-24,-0.08984706,-0.17481531,0.013743023,0.020370636,-6.537173
4763,2026-08-24,-0.106462605,-0.17445414,0.016284222,0.016433379,-6.537375
4171,2026-08-24,-0.10385846,-0.119382985,0.015835896,0.015128694,-6.5580063
8467,2026-08-24,-0.099933214,-0.15063176,0.015232177,0.017750498,-6.560234
5498,2026-08-24,-0.15516119,-0.28963375,0.023638694,0.025113272,-6.563587
6516,2026-08-24,-0.08193469,-0.11817298,0.012467629,0.015421175,-6.5712667
1314,2026-08-24,-0.109589934,-0.13089806,0.01659416,0.024487188,-6.6037283
1313,2026-08-24,-0.10859708,-0.10421423,0.016369918,0.018349504,-6.633536
4164,2026-08-24,-0.10985565,-0.11625188,0.016538834,0.017658947,-6.6418834
5014,2026-08-24,-0.0977221,-0.11699202,0.014684041,0.016003326,-6.6545334
4198,2026-08-24,-0.10001026,-0.10733848,0.015023528,0.01650518,-6.656466
5285,2026-08-24,-0.11499298,-0.16550933,0.01724823,0.02135461,-6.6665573
8933,2026-08-24,-0.10335281,-0.09332888,0.015498122,0.019660518,-6.6683006
4577,2026-08-24,-0.12620321,-0.2427688,0.01890603,0.024176454,-6.6749353
3043,2026-08-24,-0.12123152,-0.19930038,0.018070582,0.0194463,-6.7084064
8088,2026-08-24,-0.092830434,-0.20516036,0.013820393,0.017181518,-6.716431
3701,2026-08-24,-0.09739146,-0.16500801,0.014487126,0.015125399,-6.722157
1702,2026-08-24,-0.09714278,-0.06476982,0.014426821,0.017409684,-6.733018
8089,2026-08-24,-0.12139093,-0.16832434,0.017979719,0.019745916,-6.751172
1465,2026-08-24,-0.08461778,-0.13006598,0.012529684,0.013356429,-6.752846
8436,2026-08-24,-0.096780844,-0.1194423,0.014327899,0.016576326,-6.7542415
6674,2026-08-24,-0.12641901,-0.15771593,0.01871186,0.022884697,-6.755729
1568,2026-08-24,-0.09257643,-0.16084118,0.013648467,0.016740078,-6.7824206
5538,2026-08-24,-0.08858752,-0.07204396,0.013047089,0.01604944,-6.78931
6637,2026-08-24,-0.11062883,-0.116043285,0.016289063,0.012032673,-6.791185
1440,2026-08-24,-0.1094854,-0.091867894,0.016114183,0.015513098,-6.7939286
8068,2026-08-24,-0.089671105,-0.1180488,0.013194078,0.011080881,-6.7957997
6530,2026-08-24,-0.1971028,-0.3100082,0.02884617,0.03299125,-6.832656
3226,2026-08-24,-0.11767205,-0.17765567,0.017158296,0.02119322,-6.857627
3716,2026-08-24,-0.08441146,-0.14248021,0.012280773,0.014489132,-6.8729043
6909,2026-08-24,-0.11933656,-0.22684829,0.017359478,0.021493642,-6.8740363
6426,2026-08-24,-0.20782223,-0.26977634,0.030221302,0.030717894,-6.876453
6541,2026-08-24,-0.09935925,-0.10151073,0.014384337,0.015692402,-6.906981
3094,2026-08-24,-0.13516235,-0.18430544,0.019553116,0.020454166,-6.91222
6496,2026-08-24,-0.14964001,-0.2526209,0.021579653,0.025624387,-6.933989
8103,2026-08-24,-0.15600045,-0.18471794,0.022431843,0.016604556,-6.9541097
4994,2026-08-24,-0.09275986,-0.14637206,0.013336671,0.01461461,-6.954727
7732,2026-08-24,-0.078537144,-0.09219728,0.011288221,0.017176455,-6.9568257
8929,2026-08-24,-0.09764291,-0.18765329,0.014033858,0.015417505,-6.9571714
3224,2026-08-24,-0.12016519,-0.21130805,0.0172689,0.020232221,-6.958071
7810,2026-08-24,-0.11253803,-0.23125185,0.016172394,0.01896627,-6.9582195
4426,2026-08-24,-0.08503458,-0.076288715,0.01221276,0.013669189,-6.962195
1784,2026-08-24,-0.14452438,-0.24479325,0.020744666,0.028697997,-6.966485
4909,2026-08-24,-0.12271009,-0.263743,0.017583907,0.023250615,-6.978148
8431,2026-08-24,-0.14072424,-0.26645473,0.020157633,0.021105116,-6.980842
5278,2026-08-24,-0.079580136,-0.07349448,0.011364782,0.011016172,-7.0017295
6741,2026-08-24,-0.11974441,-0.12844478,0.017066339,0.016333276,-7.015998
6201,2026-08-24,-0.096060485,-0.15217212,0.013631907,0.01692223,-7.0462213
6965,2026-08-24,-0.11840839,-0.114648156,0.016786234,0.01626517,-7.053478
3504,2026-08-24,-0.11952259,-0.15615347,0.016888125,0.019747872,-7.076896
2901,2026-08-24,-0.11585692,-0.13510188,0.016357226,0.015489514,-7.0824866
3437,2026-08-24,-0.14193226,-0.21379426,0.020005811,0.019276638,-7.0941973
9907,2026-08-24,-0.08358534,-0.07775103,0.0117574455,0.014164364,-7.1085362
6488,2026-08-24,-0.15108459,-0.2479693,0.021183215,0.02185749,-7.131942
6865,2026-08-24,-0.12596756,-0.21094485,0.017653337,0.024072172,-7.135219
9105,2026-08-24,-0.13168687,-0.20690437,0.018446641,0.025146661,-7.138412
1504,2026-08-24,-0.104953445,-0.110277444,0.014674064,0.017560644,-7.151822
1312,2026-08-24,-0.12691197,-0.23398568,0.017736964,0.024548348,-7.1548214
5392,2026-08-24,-0.14091459,-0.1464805,0.01964463,0.024300577,-7.1728215
6859,2026-08-24,-0.14339918,-0.19768022,0.019932967,0.02340082,-7.1937103
6671,2026-08-24,-0.10630957,-0.1262961,0.0147752175,0.018654333,-7.19464
5603,2026-08-24,-0.11516778,-0.14499606,0.015984055,0.020438045,-7.204716
3508,2026-08-24,-0.11570723,-0.16015619,0.016041998,0.022666635,-7.21232
8905,2026-08-24,-0.10757312,-0.114106394,0.014903102,0.017637232,-7.217685
1810,2026-08-24,-0.16773729,-0.30201626,0.023212407,0.025887124,-7.2258797
6446,2026-08-24,-0.13666855,-0.14700685,0.018887093,0.016984418,-7.235698
8472,2026-08-24,-0.093773745,-0.10253198,0.012951087,0.017973082,-7.240049
6733,2026-08-24,-0.09121581,-0.09789004,0.012579593,0.013108143,-7.2505174
6873,2026-08-24,-0.10430064,-0.15626045,0.01436984,0.017359883,-7.2577972
6173,2026-08-24,-0.14834926,-0.23952456,0.020405784,0.01907355,-7.2696047
6174,2026-08-24,-0.14132993,-0.15078892,0.019433431,0.018777825,-7.272141
6191,2026-08-24,-0.07897563,-0.12395065,0.010837218,0.014275598,-7.2867727
3594,2026-08-24,-0.13222934,-0.18968643,0.018126937,0.021621471,-7.29423
3712,2026-08-24,-0.15245637,-0.14892553,0.020890988,0.01915144,-7.2973604
7818,2026-08-24,-0.08328187,-0.09910069,0.011408452,0.012526014,-7.2993746
2258,2026-08-24,-0.104734115,-0.09679324,0.01434062,0.015828615,-7.3028092
4714,2026-08-24,-0.16745785,-0.2550958,0.022892762,0.025089905,-7.3145623
6186,2026-08-24,-0.108175054,-0.1874039,0.014749871,0.020370563,-7.333469
8429,2026-08-24,-0.08062855,-0.09617225,0.010976873,0.012616352,-7.344642
2061,2026-08-24,-0.15156408,-0.21721958,0.020561503,0.023329316,-7.370896
4419,2026-08-24,-0.09544824,-0.11617695,0.012947235,0.010511759,-7.371525
8040,2026-08-24,-0.10865938,-0.21693914,0.014735949,0.023015134,-7.3732615
6712,2026-08-24,-0.15173353,-0.18086395,0.020556942,0.01974768,-7.3807745
1598,2026-08-24,-0.107656606,-0.1331484,0.014525469,0.0190757,-7.4110646
7792,2026-08-24,-0.1301213,-0.22743012,0.017541165,0.0195673,-7.417631
6203,2026-08-24,-0.10172247,-0.19123563,0.0137017295,0.019690592,-7.4235187
2939,2026-08-24,-0.12039056,-0.1540588,0.016171362,0.015990507,-7.444216
3691,2026-08-24,-0.111282,-0.26314226,0.014935113,0.021148395,-7.450533
6546,2026-08-24,-0.1432288,-0.26693365,0.019209374,0.026946643,-7.455805
1595,2026-08-24,-0.13996452,-0.27259216,0.018744329,0.01929598,-7.4666343
6952,2026-08-24,-0.10451422,-0.12192659,0.0139859,0.014614621,-7.472293
3006,2026-08-24,-0.17315738,-0.313315,0.023122866,0.027868763,-7.488254
2236,2026-08-24,-0.11815896,-0.15632959,0.015771493,0.015524077,-7.491457
9103,2026-08-24,-0.11257124,-0.12364884,0.014987133,0.014687329,-7.5106907
6753,2026-08-24,-0.13089712,-0.19717208,0.017401733,0.024414647,-7.5216417
6829,2026-08-24,-0.15928243,-0.21119696,0.021145586,0.022412056,-7.5323
1718,2026-08-24,-0.18928017,-0.29849496,0.025071623,0.03228668,-7.549277
7402,2026-08-24,-0.16689618,-0.22556807,0.02206887,0.02563871,-7.5621734
3362,2026-08-24,-0.13493964,-0.15863435,0.0177779,0.020890264,-7.5898757
6576,2026-08-24,-0.10224236,-0.065801926,0.013422475,0.012279217,-7.616683
6881,2026-08-24,-0.09334121,-0.1496277,0.012250927,0.018419018,-7.6184916
2038,2026-08-24,-0.118013225,-0.15149008,0.015471454,0.019152174,-7.627311
3221,2026-08-24,-0.12896213,-0.18794556,0.01689217,0.0271225,-7.6339803
8426,2026-08-24,-0.1273224,-0.16789354,0.016639922,0.019259142,-7.651163
1110,2026-08-24,-0.14625295,-0.10061317,0.019087201,0.019656207,-7.6619554
2543,2026-08-24,-0.08417852,-0.15406522,0.010978754,0.014124836,-7.6667037
2365,2026-08-24,-0.13590476,-0.2177416,0.017710647,0.020619774,-7.673186
3339,2026-08-24,-0.20122962,-0.264118,0.026162345,0.02887883,-7.69128
7703,2026-08-24,-0.09547333,-0.18499365,0.01239947,0.017098052,-7.6991696
1524,2026-08-24,-0.14481148,-0.19559924,0.018786043,0.019207451,-7.7080507
3138,2026-08-24,-0.14998055,-0.33012587,0.019432481,0.022046532,-7.7176366
1529,2026-08-24,-0.17739849,-0.26895407,0.0229777,0.021837011,-7.720127
2208,2026-08-24,-0.098296784,-0.11021714,0.012728621,0.015684018,-7.721894
2102,2026-08-24,-0.12533626,-0.07793102,0.016225994,0.014630849,-7.723936
1443,2026-08-24,-0.10722121,-0.095625326,0.013880384,0.014751242,-7.7241006
1301,2026-08-24,-0.07700463,-0.140714,0.009966229,0.013641659,-7.7257805
2012,2026-08-24,-0.09218882,-0.060958702,0.01191089,0.010933426,-7.739227
1583,2026-08-24,-0.11804266,-0.11236707,0.015248561,0.02068582,-7.740725
2064,2026-08-24,-0.097599186,-0.12231903,0.012604288,0.016468804,-7.7427177
4927,2026-08-24,-0.19538686,-0.36568928,0.025211321,0.029262917,-7.7496576
2530,2026-08-24,-0.17639644,-0.19549398,0.022668423,0.025194757,-7.7812495
7795,2026-08-24,-0.1466925,-0.24389727,0.01884774,0.025980402,-7.7826157
2524,2026-08-24,-0.11117527,-0.08655505,0.0142788505,0.015223064,-7.7854643
2612,2026-08-24,-0.13864864,-0.14413609,0.017782807,0.017619248,-7.796342
5222,2026-08-24,-0.12114024,-0.16509034,0.015523796,0.016637862,-7.8030167
2913,2026-08-24,-0.1367094,-0.18783095,0.017478058,0.020970553,-7.821326
3152,2026-08-24,-0.18763313,-0.3378678,0.023947442,0.027305465,-7.834878
3308,2026-08-24,-0.1376628,-0.17424777,0.01749281,0.01699571,-7.869229
3049,2026-08-24,-0.20649315,-0.30154407,0.026237356,0.029540068,-7.869897
3663,2026-08-24,-0.11285508,-0.20677495,0.014309161,0.019791467,-7.886359
4549,2026-08-24,-0.118080646,-0.19609044,0.014914203,0.019797865,-7.9167976
2417,2026-08-24,-0.15613247,-0.22026831,0.019651284,0.02996997,-7.9447494
1467,2026-08-24,-0.10195206,-0.07234774,0.012819482,0.013479715,-7.9522796
6668,2026-08-24,-0.12016582,-0.14259478,0.015088457,0.014575942,-7.9635615
6233,2026-08-24,-0.13343933,-0.18157062,0.01673945,0.025424372,-7.9710717
5426,2026-08-24,-0.15732458,-0.13805908,0.019732954,0.018665489,-7.9722786
8937,2026-08-24,-0.29268506,-0.3807488,0.036701765,0.03689995,-7.974469
3234,2026-08-24,-0.19504261,-0.28639862,0.024431454,0.029023524,-7.9829316
6243,2026-08-24,-0.25574973,-0.37758216,0.03202559,0.03704182,-7.9855437
8071,2026-08-24,-0.17227773,-0.15827493,0.02149213,0.02006093,-8.015479
6569,2026-08-24,-0.11392522,-0.16949436,0.014205965,0.014312487,-8.01897
5283,2026-08-24,-0.11951494,-0.13641112,0.01490131,0.014364222,-8.019894
6617,2026-08-24,-0.15312585,-0.20657334,0.019087847,0.020686937,-8.021744
1528,2026-08-24,-0.13471654,-0.22215025,0.016788075,0.018186422,-8.024059
6103,2026-08-24,-0.13150042,-0.16871093,0.016386462,0.018417085,-8.024453
4109,2026-08-24,-0.14479905,-0.1663695,0.018009186,0.020168707,-8.039843
1304,2026-08-24,-0.09552916,-0.092756145,0.01188016,0.013168503,-8.04039
1796,2026-08-24,-0.12054255,-0.15364899,0.014947093,0.017621145,-8.064075
5607,2026-08-24,-0.06884249,-0.058197122,0.00853477,0.013062213,-8.065176
1717,2026-08-24,-0.16167434,-0.16454573,0.020031372,0.02124097,-8.070654
4557,2026-08-24,-0.101514645,-0.09562874,0.012542715,0.0141675845,-8.092869
3013,2026-08-24,-0.14799856,-0.2721084,0.018223725,0.019173037,-8.120756
1409,2026-08-24,-0.1777229,-0.16077144,0.021851571,0.026861448,-8.132814
1447,2026-08-24,-0.13021304,-0.05767226,0.016004585,0.016367082,-8.135475
1219,2026-08-24,-0.14599316,-0.17004403,0.017943943,0.020705292,-8.135615
3040,2026-08-24,-0.1417624,-0.2167921,0.017416416,0.022017907,-8.139118
4911,2026-08-24,-0.15588382,-0.19535974,0.019117316,0.021763677,-8.153637
4510,2026-08-24,-0.15951572,-0.2776368,0.019549392,0.022720492,-8.159208
5487,2026-08-24,-0.18765384,-0.25302368,0.022964604,0.018941276,-8.1710825
2540,2026-08-24,-0.1405947,-0.12016765,0.017181778,0.01944482,-8.182303
2014,2026-08-24,-0.103085876,-0.08477991,0.012593126,0.0154211335,-8.185234
4402,2026-08-24,-0.08382241,-0.028954366,0.010226134,0.012983399,-8.196079
1517,2026-08-24,-0.11902169,-0.11573856,0.0144563345,0.01362291,-8.232616
9938,2026-08-24,-0.12699555,-0.15565142,0.015401003,0.018977692,-8.245392
6934,2026-08-24,-0.13906549,-0.14735545,0.016757755,0.02201458,-8.29808
3622,2026-08-24,-0.19478823,-0.17949194,0.023407737,0.02477642,-8.321177
3521,2026-08-24,-0.12643535,-0.13480051,0.015167997,0.016933182,-8.335116
4533,2026-08-24,-0.14234164,-0.2149183,0.017064836,0.017217344,-8.340736
2364,2026-08-24,-0.10309267,-0.16822991,0.012347064,0.01830785,-8.348893
2905,2026-08-24,-0.115995534,-0.065288395,0.013885982,0.01409648,-8.352825
1337,2026-08-24,-0.13347544,-0.15815607,0.015890907,0.015816672,-8.398956
5531,2026-08-24,-0.13058573,-0.13377853,0.015535769,0.015342068,-8.404947
2457,2026-08-24,-0.11254361,-0.17262714,0.013385103,0.015662387,-8.407496
9955,2026-08-24,-0.16101626,-0.22323917,0.01908366,0.024863156,-8.436946
6922,2026-08-24,-0.13097522,-0.19629513,0.015490973,0.018514091,-8.4543915
6141,2026-08-24,-0.20876947,-0.23603198,0.024636243,0.028385786,-8.473735
2743,2026-08-24,-0.20589247,-0.29325187,0.024278719,0.024146808,-8.480019
1236,2026-08-24,-0.11969097,-0.17399666,0.014089422,0.018149922,-8.494492
7842,2026-08-24,-0.18769412,-0.21719345,0.022088775,0.024616385,-8.496878
1305,2026-08-24,-0.18184319,-0.2203315,0.021288274,0.019980941,-8.54154
3447,2026-08-24,-0.16547652,-0.2209234,0.019361217,0.018207325,-8.546362
2601,2026-08-24,-0.19794291,-0.15082076,0.023134254,0.025051331,-8.5559
8927,2026-08-24,-0.13679901,-0.07405591,0.015985114,0.013824979,-8.557364
3444,2026-08-24,-0.25596732,-0.3351805,0.029888859,0.031028623,-8.563684
1616,2026-08-24,-0.18703708,-0.21957485,0.021821735,0.018573556,-8.570744
4707,2026-08-24,-0.16067663,-0.33150113,0.018670695,0.023788253,-8.605358
6869,2026-08-24,-0.18953691,-0.21382281,0.021987073,0.02605211,-8.6199875
4160,2026-08-24,-0.15146312,-0.2326094,0.017549537,0.022287467,-8.630113
6649,2026-08-24,-0.16219375,-0.20530386,0.018775957,0.022708585,-8.637915
1799,2026-08-24,-0.17547913,-0.22833554,0.020236285,0.021740306,-8.671081
2756,2026-08-24,-0.13628623,-0.19823223,0.015710576,0.016611194,-8.674256
1789,2026-08-24,-0.11992516,-0.11006494,0.013774287,0.014067921,-8.705819
4190,2026-08-24,-0.12711193,-0.1175549,0.014587757,0.01628791,-8.713006
3550,2026-08-24,-0.1498341,-0.21193519,0.01715737,0.017086372,-8.73242
9919,2026-08-24,-0.13541695,-0.1553927,0.015487839,0.020235797,-8.742873
3548,2026-08-24,-0.1851139,-0.28249556,0.021156298,0.025376137,-8.749412
6133,2026-08-24,-0.17501256,-0.2201098,0.019957308,0.02267191,-8.768908
5258,2026-08-24,-0.11578313,-0.17706594,0.013169167,0.015508832,-8.791319
4174,2026-08-24,-0.20886683,-0.16643807,0.023727952,0.023712397,-8.802194
6967,2026-08-24,-0.1238415,-0.19201638,0.014043628,0.015766576,-8.817713
1235,2026-08-24,-0.17821169,-0.17236808,0.020206062,0.022945054,-8.819278
2250,2026-08-24,-0.19389853,-0.25654075,0.0219428,0.024247954,-8.836142
6462,2026-08-24,-0.15771927,-0.26492208,0.017817818,0.02372804,-8.851275
6841,2026-08-24,-0.15250516,-0.18500628,0.01721574,0.017700216,-8.857958
4304,2026-08-24,-0.17158231,-0.2503208,0.01933248,0.02527386,-8.87488
3388,2026-08-24,-0.21794334,-0.29112783,0.02453197,0.031085387,-8.883692
6957,2026-08-24,-0.14142646,-0.09429906,0.015867213,0.015417839,-8.912563
4903,2026-08-24,-0.21421705,-0.24388187,0.023840299,0.020518286,-8.985125
4561,2026-08-24,-0.16810635,-0.24170023,0.018707335,0.023431113,-8.985639
1904,2026-08-24,-0.15344715,-0.06927339,0.017040985,0.01731618,-9.0040655
6418,2026-08-24,-0.113142855,-0.16343786,0.012545097,0.01605754,-9.018171
5321,2026-08-24,-0.27514467,-0.27761018,0.030412868,0.026235813,-9.046684
3018,2026-08-24,-0.16114183,-0.16148299,0.017802019,0.023868935,-9.051376
5521,2026-08-24,-0.24246222,-0.280275,0.02676407,0.027976764,-9.058905
1530,2026-08-24,-0.093781285,-0.108561985,0.010328396,0.010486833,-9.079067
2312,2026-08-24,-0.15322295,-0.22905156,0.016798925,0.01952897,-9.120455
6895,2026-08-24,-0.23534179,-0.31010655,0.025650747,0.026752647,-9.174494
6620,2026-08-24,-0.10842562,-0.11673722,0.011811778,0.016180087,-9.178672
3379,2026-08-24,-0.16998866,-0.24989489,0.01851779,0.018726615,-9.179253
1466,2026-08-24,-0.1596991,-0.1710551,0.017347323,0.020043619,-9.205449
5202,2026-08-24,-0.14751582,-0.17936264,0.016015396,0.017507765,-9.2103
3540,2026-08-24,-0.26098588,-0.30897248,0.028322902,0.026436526,-9.214334
5291,2026-08-24,-0.18037948,-0.3153865,0.019524924,0.022206122,-9.237948
4976,2026-08-24,-0.16087106,-0.2052683,0.017410815,0.020920001,-9.239189
8374,2026-08-24,-0.1623013,-0.24816903,0.017539842,0.020453138,-9.252766
8438,2026-08-24,-0.20619,-0.26615852,0.022266721,0.026454503,-9.259591
8099,2026-08-24,-0.09746615,-0.16076075,0.010485406,0.013319807,-9.294523
4726,2026-08-24,-0.13643065,-0.115635954,0.014664993,0.014581265,-9.302517
1525,2026-08-24,-0.10500545,-0.12663966,0.011261793,0.016186168,-9.3232155
3114,2026-08-24,-0.14948498,-0.16713746,0.01601097,0.021526592,-9.335827
7584,2026-08-24,-0.11919844,-0.2115562,0.012746529,0.014737496,-9.35071
4157,2026-08-24,-0.11860811,-0.18541397,0.012659501,0.016930064,-9.368358
6150,2026-08-24,-0.18745571,-0.2671642,0.02000686,0.026054544,-9.369103
8171,2026-08-24,-0.20888147,-0.25963104,0.022190657,0.024825012,-9.412613
8011,2026-08-24,-0.13144438,-0.18754308,0.013961382,0.01689871,-9.41418
4413,2026-08-24,-0.13562629,-0.13068108,0.01436377,0.018152453,-9.441591
8162,2026-08-24,-0.17634307,-0.2044935,0.018607352,0.026042577,-9.476555
1456,2026-08-24,-0.17731078,-0.16323966,0.01869206,0.017624544,-9.48538
1325,2026-08-24,-0.111614004,-0.15978698,0.011725568,0.0140884165,-9.518044
4564,2026-08-24,-0.18247652,-0.21597563,0.019148748,0.01826161,-9.528925
6823,2026-08-24,-0.24240883,-0.34885395,0.025409454,0.029652748,-9.539728
5530,2026-08-24,-0.08472619,-0.041985042,0.008879825,0.010546326,-9.540352
3591,2026-08-24,-0.17843816,-0.30470797,0.0186739,0.023189478,-9.554972
6130,2026-08-24,-0.1401198,-0.18942168,0.014605602,0.020874206,-9.592909
8354,2026-08-24,-0.13200267,-0.16033302,0.013668969,0.01420951,-9.656398
3230,2026-08-24,-0.20244175,-0.17257,0.020958481,0.021536235,-9.658719
6218,2026-08-24,-0.21313855,-0.25926656,0.02188009,0.025782822,-9.740765
1605,2026-08-24,-0.15744944,-0.19568716,0.01614213,0.022015551,-9.75334
3543,2026-08-24,-0.22373374,-0.24737902,0.022919267,0.02845942,-9.761393
1526,2026-08-24,-0.13338609,-0.12692967,0.013654877,0.017060535,-9.767669
6220,2026-08-24,-0.14011618,-0.201648,0.0143233575,0.019911401,-9.781673
8044,2026-08-24,-0.16868989,-0.15036343,0.017226681,0.017169075,-9.791793
3552,2026-08-24,-0.16070683,-0.21912482,0.016401315,0.018119851,-9.797813
3685,2026-08-24,-0.16535765,-0.12896687,0.016845396,0.014268546,-9.81561
6532,2026-08-24,-0.22177936,-0.28781754,0.022503989,0.024855712,-9.854675
1563,2026-08-24,-0.21943058,-0.20389809,0.022256853,0.020561622,-9.858569
5292,2026-08-24,-0.24410705,-0.2305343,0.024714518,0.0264605,-9.876671
6275,2026-08-24,-0.20205316,-0.2898706,0.020369956,0.025488678,-9.918688
8101,2026-08-24,-0.18115848,-0.2643453,0.018245589,0.02660005,-9.928348
6108,2026-08-24,-0.24345742,-0.20343256,0.024467723,0.027276525,-9.949739
4530,2026-08-24,-0.1397853,-0.17401578,0.014035187,0.020056006,-9.958923
2022,2026-08-24,-0.17891964,-0.23242074,0.017962402,0.015255919,-9.960232
1308,2026-08-24,-0.20660207,-0.20488545,0.020713858,0.019543478,-9.973617
3002,2026-08-24,-0.16358903,-0.19645748,0.016364118,0.018769652,-9.996202
2476,2026-08-24,-0.20747131,-0.38539928,0.020711584,0.025213145,-10.016679
6624,2026-08-24,-0.20904036,-0.27443632,0.020861717,0.022193832,-10.019805
3031,2026-08-24,-0.20145811,-0.20958826,0.020080678,0.026687775,-10.031936
3060,2026-08-24,-0.13046943,-0.19472675,0.012950904,0.014354645,-10.073379
4430,2026-08-24,-0.14974435,-0.20687856,0.014848351,0.015701888,-10.084235
1449,2026-08-24,-0.16337511,-0.14078365,0.016193224,0.017519906,-10.08848
4163,2026-08-24,-0.14164788,-0.1285842,0.0140245,0.01653893,-10.09931
2239,2026-08-24,-0.19380924,-0.19340134,0.019150719,0.022800218,-10.1196785
2231,2026-08-24,-0.17289111,-0.2331373,0.016860258,0.020429397,-10.253749
1903,2026-08-24,-0.15843548,-0.12165772,0.0154237235,0.021180252,-10.271528
6122,2026-08-24,-0.13635729,-0.1771827,0.013251365,0.022796888,-10.28928
6204,2026-08-24,-0.17820139,-0.23577671,0.017264476,0.017600717,-10.321256
2017,2026-08-24,-0.2203627,-0.25167105,0.021334972,0.020685311,-10.328223
2032,2026-08-24,-0.13614057,-0.19446428,0.01318016,0.014930174,-10.328421
6148,2026-08-24,-0.1797462,-0.24177113,0.01727265,0.01649117,-10.405803
4743,2026-08-24,-0.16460142,-0.22359127,0.01579416,0.018323611,-10.421003
5381,2026-08-24,-0.20817952,-0.29093513,0.019955557,0.023436084,-10.431635
3092,2026-08-24,-0.19849668,-0.24903676,0.018929157,0.01780122,-10.485739
1225,2026-08-24,-0.20184079,-0.23877831,0.019244729,0.021238184,-10.487563
2489,2026-08-24,-0.1923158,-0.21635945,0.018267093,0.023192976,-10.527415
8404,2026-08-24,-0.13886334,-0.11793435,0.013173444,0.013427716,-10.540357
2538,2026-08-24,-0.12354692,-0.15476058,0.0116817625,0.012273716,-10.575146
2033,2026-08-24,-0.21137324,-0.22638492,0.019768497,0.02363647,-10.691888
6550,2026-08-24,-0.17167383,-0.20762087,0.01600581,0.018765487,-10.725049
1710,2026-08-24,-0.22586542,-0.23787995,0.020850163,0.019382754,-10.83227
6840,2026-08-24,-0.13290474,-0.16090941,0.012163171,0.016738765,-10.925919
5263,2026-08-24,-0.1793545,-0.2499542,0.016321829,0.024664555,-10.987955
8222,2026-08-24,-0.22513077,-0.27834824,0.020410953,0.02175622,-11.029359
4142,2026-08-24,-0.18127626,-0.2171702,0.01642081,0.021420639,-11.038751
6116,2026-08-24,-0.20726767,-0.26628542,0.018618854,0.022863645,-11.131541
4166,2026-08-24,-0.13415833,-0.0765103,0.012037132,0.013574599,-11.144447
2331,2026-08-24,-0.18134196,-0.1995149,0.016260114,0.019218609,-11.151878
2641,2026-08-24,-0.1860992,-0.19746676,0.01662398,0.017919678,-11.193951
2030,2026-08-24,-0.15493219,-0.16210715,0.0137596885,0.019816546,-11.259043
4746,2026-08-24,-0.16374455,-0.20223774,0.0145039335,0.013644629,-11.288887
9136,2026-08-24,-0.19551148,-0.22095506,0.017317332,0.01920619,-11.289278
4414,2026-08-24,-0.15533924,-0.1109074,0.013609432,0.016525807,-11.413248
7799,2026-08-24,-0.2373085,-0.2558458,0.02068623,0.020561108,-11.471255
2611,2026-08-24,-0.1861013,-0.15097949,0.016184622,0.020586682,-11.497939
2614,2026-08-24,-0.17112255,-0.25127214,0.014788385,0.017699325,-11.570634
6224,2026-08-24,-0.23063968,-0.27393302,0.01991273,0.023171771,-11.581943
2254,2026-08-24,-0.17196742,-0.15462603,0.0148,0.015267397,-11.618635
2104,2026-08-24,-0.20074043,-0.20624727,0.017247211,0.02211358,-11.638333
4956,2026-08-24,-0.28027955,-0.3522063,0.024073154,0.027210342,-11.642343
6603,2026-08-24,-0.20738338,-0.2488292,0.01780645,0.02230355,-11.645877
1742,2026-08-24,-0.14795275,-0.18553823,0.012554847,0.01782284,-11.783574
1310,2026-08-24,-0.23169515,-0.285204,0.019545477,0.024153862,-11.85355
6504,2026-08-24,-0.19504087,-0.20290232,0.016441584,0.021582088,-11.861936
2241,2026-08-24,-0.23650287,-0.26351038,0.019929659,0.019101145,-11.866284
2630,2026-08-24,-0.18737364,-0.19394077,0.01564843,0.023166068,-11.973192
1569,2026-08-24,-0.24846707,-0.35458297,0.020736428,0.023708373,-11.981576
2514,2026-08-24,-0.14345104,-0.16417748,0.011960034,0.016980298,-11.9931965
1410,2026-08-24,-0.25328246,-0.30394453,0.020920807,0.022188721,-12.106146
1909,2026-08-24,-0.18978329,-0.11359526,0.015616399,0.016125709,-12.152041
7714,2026-08-24,-0.24131969,-0.2815771,0.019806474,0.023326708,-12.183264
1786,2026-08-24,-0.19471042,-0.2835174,0.015953807,0.019985495,-12.203872
2613,2026-08-24,-0.27077755,-0.2786422,0.022175223,0.022795562,-12.210265
6928,2026-08-24,-0.160898,-0.13381359,0.013121942,0.014551419,-12.260818
1309,2026-08-24,-0.22944856,-0.30452856,0.018634763,0.0242711,-12.312271
6657,2026-08-24,-0.15738413,-0.19372348,0.012726681,0.018932179,-12.365499
6933,2026-08-24,-0.23156838,-0.31756145,0.018714111,0.01939607,-12.373337
6589,2026-08-24,-0.26831028,-0.26333615,0.02155456,0.01952773,-12.447382
6870,2026-08-24,-0.23567428,-0.20890604,0.018929372,0.016365673,-12.4495325
5608,2026-08-24,-0.31094447,-0.2887977,0.02480643,0.027191995,-12.5343275
2451,2026-08-24,-0.24358901,-0.35622707,0.019326972,0.028580543,-12.602926
6794,2026-08-24,-0.21485434,-0.24154352,0.016986566,0.0221232,-12.647741
6163,2026-08-24,-0.22982429,-0.34783083,0.018087564,0.01980392,-12.705502
1316,2026-08-24,-0.37825325,-0.3671079,0.029699078,0.030984523,-12.735766
3485,2026-08-24,-0.22426316,-0.29250678,0.017352136,0.019477535,-12.923494
6588,2026-08-24,-0.30865523,-0.34886938,0.023857554,0.030816732,-12.936879
4127,2026-08-24,-0.25486156,-0.22852929,0.019646775,0.025365127,-12.971522
2009,2026-08-24,-0.21370386,-0.22956674,0.016467782,0.018535659,-12.9763
5907,2026-08-24,-0.20877308,-0.21688303,0.015754504,0.019133177,-13.250802
4128,2026-08-24,-0.18090335,-0.2097841,0.013601425,0.017062446,-13.299345
1414,2026-08-24,-0.27913314,-0.26173112,0.020711163,0.024547134,-13.476774
4303,2026-08-24,-0.20799214,-0.27586433,0.015427031,0.016525274,-13.481444
6101,2026-08-24,-0.28009415,-0.38910034,0.020743402,0.02061166,-13.502155
4562,2026-08-24,-0.18439588,-0.2995253,0.013399621,0.018193616,-13.760249
8045,2026-08-24,-0.23584184,-0.29176936,0.017102674,0.022853024,-13.788958
6743,2026-08-24,-0.24599463,-0.21158396,0.017520236,0.023115467,-14.039799
7777,2026-08-24,-0.39191258,-0.36799338,0.027725624,0.031053875,-14.134883
6499,2026-08-24,-0.29632473,-0.37705263,0.02082457,0.025074298,-14.2288885
4737,2026-08-24,-0.15043858,-0.1456199,0.0105494745,0.013892861,-14.258939
1905,2026-08-24,-0.23490533,-0.1870845,0.01604889,0.01915147,-14.635946
4119,2026-08-24,-0.20345274,-0.1381413,0.013849589,0.014718388,-14.689103
3176,2026-08-24,-0.23586349,-0.26153666,0.01563481,0.01893893,-15.084826
1536,2026-08-24,-0.23463994,-0.27669683,0.015532264,0.013615952,-15.105643
5481,2026-08-24,-0.23473059,-0.2404205,0.015479376,0.018192077,-15.163106
4147,2026-08-24,-0.27016312,-0.28045323,0.017018931,0.022761272,-15.873338
1522,2026-08-24,-0.19426657,-0.16772386,0.011709961,0.015846428,-16.58844
6919,2026-08-24,-0.23451068,-0.21338871,0.012007474,0.016892543,-19.528765
