Ticker,Date,Pred_5d,Pred_20d,Pred_60d,Uncertainty_5d,Uncertainty_20d,Uncertainty_60d
1101,2026-07-29,0.044440843,0.09111348,0.074781105,0.019106753,0.02504205,0.02990079
1102,2026-07-29,0.09305337,0.18049009,0.1915044,0.022022009,0.035825595,0.03398407
1103,2026-07-29,0.023169512,0.060243566,0.055248193,0.01464169,0.021234527,0.016975995
1104,2026-07-29,-0.015671259,3.1613916e-05,-0.016315157,0.016379245,0.018891305,0.020778628
1108,2026-07-29,-0.033725467,-0.041692313,-0.053218722,0.023449708,0.023002457,0.025741728
1109,2026-07-29,0.017187662,0.033125658,0.07024607,0.019347642,0.018874066,0.01861134
1110,2026-07-29,0.10907079,0.16286659,0.09244298,0.020031532,0.022660607,0.021783194
1201,2026-07-29,0.05498384,0.050909672,-0.00936061,0.01453714,0.021054266,0.025949597
1203,2026-07-29,0.11352924,0.1667179,0.102584384,0.022921504,0.028678808,0.03228681
1210,2026-07-29,0.11479162,0.16420041,0.13179637,0.014690513,0.020695211,0.028727114
1215,2026-07-29,-0.051426727,-0.08401213,-0.10597093,0.019286167,0.028666997,0.040017005
1216,2026-07-29,0.08237115,0.08759306,0.029699912,0.019328117,0.023475565,0.032215897
1217,2026-07-29,0.030466227,0.08797477,0.0656107,0.017826978,0.030605664,0.029257368
1218,2026-07-29,-0.024248904,-0.06188106,-0.113094725,0.017540589,0.026346544,0.028433269
1219,2026-07-29,-0.058252383,-0.040173404,-0.027103992,0.022096325,0.022356968,0.022666398
1220,2026-07-29,0.10153238,0.11637247,0.053674683,0.013979802,0.01859946,0.030377217
1225,2026-07-29,-0.05930243,-0.08124382,-0.095207244,0.022404332,0.02799496,0.029688522
1227,2026-07-29,0.055587076,0.07429286,0.029412758,0.01414326,0.018536419,0.020306917
1229,2026-07-29,0.12550534,0.20340522,0.1607605,0.017152563,0.024134928,0.027051667
1231,2026-07-29,0.051581364,0.14193675,0.0601185,0.013763972,0.023421055,0.027335824
1232,2026-07-29,0.03072823,0.0675715,0.05581065,0.012489094,0.020087915,0.02467745
1233,2026-07-29,0.15831687,0.27053452,0.26645693,0.025519716,0.030475976,0.03799175
1234,2026-07-29,0.02059756,0.058393035,0.040108666,0.014991315,0.023406936,0.024782894
1235,2026-07-29,-0.009980813,0.0057830987,-0.019644538,0.016968358,0.021136744,0.024161588
1236,2026-07-29,-0.06709016,-0.073652424,-0.07013566,0.031455625,0.029020224,0.03351175
1240,2026-07-29,-0.0118064,-0.028900003,-0.004468131,0.019043788,0.022239499,0.03252287
1256,2026-07-29,0.043285027,0.10189631,0.14649859,0.015781565,0.024588382,0.030044034
1259,2026-07-29,0.1059893,0.18296371,0.1411663,0.018359248,0.021184238,0.01956934
1264,2026-07-29,-0.011693303,-0.06452379,-0.095535964,0.017684167,0.022017669,0.022521699
1268,2026-07-29,0.099885024,0.11396968,0.09299198,0.016502764,0.021502025,0.024618132
1294,2026-07-29,-0.052663986,-0.027038757,-0.013181617,0.024245633,0.030213173,0.03476502
1295,2026-07-29,0.03525628,0.07758174,0.056885514,0.019363746,0.030317072,0.02941721
1301,2026-07-29,-0.08714926,-0.18165097,-0.23770687,0.02320444,0.030075092,0.032519933
1303,2026-07-29,-0.20100015,-0.30475044,-0.33368975,0.028118817,0.03616163,0.03208308
1304,2026-07-29,-0.067479715,-0.13289438,-0.12750937,0.02738827,0.032360848,0.035891805
1305,2026-07-29,-0.10730786,-0.15704817,-0.15378472,0.022155577,0.02070633,0.027065413
1307,2026-07-29,0.0073006423,0.014233386,0.025944086,0.020674048,0.028270837,0.030141395
1308,2026-07-29,-0.053869963,-0.11767559,-0.12684067,0.025199907,0.02928535,0.038213547
1309,2026-07-29,-0.23897499,-0.4373334,-0.43015078,0.028927352,0.03834379,0.0491262
1310,2026-07-29,-0.17859802,-0.32097676,-0.4112259,0.077297434,0.08292578,0.10520547
1312,2026-07-29,-0.04196306,-0.09778774,-0.10660804,0.01742415,0.033643533,0.033877995
1313,2026-07-29,-0.19438203,-0.20448314,-0.20062949,0.035686456,0.045472547,0.052852936
1314,2026-07-29,-0.029186768,-0.07778503,-0.086786695,0.022266792,0.029559735,0.03443902
1315,2026-07-29,0.027760295,0.027556015,0.028705532,0.019056622,0.026736908,0.027198834
1316,2026-07-29,-0.08929471,-0.06650903,-0.047907136,0.018362971,0.022542972,0.02775592
1319,2026-07-29,0.008199632,0.004600974,-0.020446267,0.017379975,0.020617591,0.023531957
1321,2026-07-29,0.058946706,0.040866233,-0.05460942,0.020332411,0.03334326,0.031177865
1323,2026-07-29,0.084265776,0.1390184,0.14395234,0.01932956,0.044796575,0.04552157
1324,2026-07-29,-0.07914462,-0.08448699,-0.044322405,0.027908647,0.03800842,0.03580017
1325,2026-07-29,0.050980035,-0.01752331,-0.14635125,0.0384927,0.054750007,0.046520658
1326,2026-07-29,-0.06920254,-0.16857585,-0.24010403,0.027614646,0.039068103,0.042016424
1336,2026-07-29,0.18884458,0.2892323,0.39846644,0.063647985,0.09315865,0.07672668
1337,2026-07-29,-0.08490677,-0.16669413,-0.18305215,0.018956026,0.031492665,0.032747958
1338,2026-07-29,-0.010798774,0.047764715,0.10543028,0.030141456,0.027971176,0.035543654
1339,2026-07-29,0.102337345,0.17320906,0.18972935,0.023651874,0.030886106,0.032810614
1340,2026-07-29,-0.0045697084,0.02336224,0.0548004,0.026457634,0.03402433,0.039849978
1341,2026-07-29,-0.053067446,-0.076710895,-0.07609571,0.016534736,0.021863999,0.028788054
1342,2026-07-29,0.159867,0.2706815,0.3378353,0.029408816,0.043671265,0.05749156
1402,2026-07-29,-0.03757288,-0.020438038,0.052092783,0.018845528,0.034498982,0.035276927
1409,2026-07-29,-0.038233746,-0.11060092,-0.013384751,0.023558037,0.03990171,0.04184915
1410,2026-07-29,-0.005601243,-0.0123841325,0.07564575,0.023681859,0.024656793,0.028445652
1413,2026-07-29,-0.08401836,-0.121942714,-0.10641889,0.04369221,0.048728324,0.044977937
1414,2026-07-29,-0.11720523,-0.09195009,-0.079027265,0.02420661,0.022625925,0.028149318
1416,2026-07-29,0.0033751014,-0.028448973,-0.0062569184,0.017835319,0.032186348,0.030464273
1417,2026-07-29,-0.026566911,-0.039973848,0.021570815,0.020961164,0.022289572,0.023940234
1418,2026-07-29,-0.04578204,-0.0927207,-0.05813276,0.021040678,0.03810725,0.035978243
1419,2026-07-29,0.049845997,0.060518105,0.006720476,0.015069407,0.01748774,0.018131254
1423,2026-07-29,-0.06130592,-0.06994256,-0.06973532,0.018006276,0.018843194,0.026756888
1432,2026-07-29,0.09343473,0.15021226,0.15276317,0.017098721,0.024075832,0.027832555
1434,2026-07-29,0.0010503754,-0.08340883,-0.053595737,0.01898384,0.020119566,0.022702003
1436,2026-07-29,-0.06149757,-0.12625827,-0.14331457,0.023815736,0.020427797,0.025557853
1437,2026-07-29,0.119715884,0.18314318,0.111666396,0.02208011,0.030647589,0.03307498
1438,2026-07-29,0.14872554,0.33626616,0.51675725,0.045592133,0.056950707,0.07133582
1439,2026-07-29,0.098646015,-0.015746923,0.0034262284,0.03709944,0.04376135,0.044472747
1440,2026-07-29,-0.033550065,-0.03818212,-0.050104406,0.014106326,0.015884822,0.023525372
1441,2026-07-29,-0.1654114,-0.23207718,-0.16000487,0.017614776,0.025170354,0.028329765
1442,2026-07-29,0.025130956,0.049483046,0.058589544,0.016670918,0.022450984,0.028469786
1443,2026-07-29,0.08883912,0.06184021,-0.017784359,0.02244081,0.021820266,0.030400349
1444,2026-07-29,-0.13800079,-0.23342279,-0.2211976,0.023177342,0.03262248,0.040029842
1445,2026-07-29,-0.106995344,-0.16464384,-0.051860522,0.026130361,0.025059296,0.026916804
1446,2026-07-29,0.019074177,0.016765332,0.05872196,0.023615232,0.026426269,0.03364085
1447,2026-07-29,-0.17447294,-0.24341224,-0.29999977,0.03195095,0.0385958,0.042243376
1449,2026-07-29,0.019646073,0.01064533,0.07825113,0.01671024,0.02614784,0.027178936
1451,2026-07-29,0.019089082,0.078406386,0.10565592,0.022675537,0.026641922,0.026894823
1452,2026-07-29,0.18857336,0.34143347,0.3416043,0.032010734,0.044052195,0.05355922
1453,2026-07-29,-0.04568406,-0.043688424,-0.0024102335,0.020310936,0.020733334,0.023270443
1454,2026-07-29,-0.051368304,-0.077028394,-0.0746309,0.025662778,0.027853923,0.035614036
1455,2026-07-29,-0.010984129,-0.06047615,-0.07836778,0.021048825,0.028860861,0.04458623
1456,2026-07-29,0.07264142,0.14811239,0.008852538,0.021244628,0.03183071,0.028732568
1457,2026-07-29,0.017565988,0.041167,0.065449014,0.018494805,0.021725764,0.023342451
1460,2026-07-29,-0.056780625,-0.10253764,-0.1014873,0.01800544,0.02651553,0.032398246
1463,2026-07-29,0.04898154,0.09178403,0.115420826,0.017266145,0.01860179,0.0201625
1464,2026-07-29,0.05360244,0.08748559,0.019920131,0.013433904,0.02608742,0.029645177
1465,2026-07-29,0.0026736918,0.021037705,0.02671598,0.017286118,0.028189976,0.02164278
1466,2026-07-29,-0.2103699,-0.39873827,-0.10549854,0.05880007,0.06564954,0.0687393
1467,2026-07-29,-0.20303719,-0.2862574,0.06809172,0.057099346,0.08111418,0.060272615
1468,2026-07-29,0.09694351,-0.02656676,-0.0021317273,0.056623485,0.06291354,0.06593463
1471,2026-07-29,0.2502451,0.3873263,0.55561066,0.042751964,0.069271676,0.08214749
1472,2026-07-29,-0.0060787275,-0.018828435,-0.01326102,0.018970009,0.023575367,0.02593942
1473,2026-07-29,-0.03417853,0.0152279,0.07155583,0.02727319,0.02213352,0.023436649
1474,2026-07-29,0.13930598,0.2200964,0.21756414,0.026066525,0.04415844,0.05260526
1475,2026-07-29,0.13093077,0.19497706,0.17657839,0.021365695,0.031690154,0.03755934
1476,2026-07-29,0.06012671,0.0764883,0.09108817,0.0169754,0.01634189,0.024608599
1477,2026-07-29,-0.044153657,0.0013740475,-0.024021586,0.017331397,0.027316764,0.025510225
1503,2026-07-29,0.011004371,0.029706243,0.018299064,0.018553903,0.025780242,0.031906556
1504,2026-07-29,0.014988423,0.07012933,0.040633034,0.023459971,0.03188703,0.024917886
1506,2026-07-29,0.052324668,0.062503286,0.115059204,0.019604089,0.03138188,0.04516595
1512,2026-07-29,0.015154805,0.025715057,0.13367222,0.021841936,0.029252918,0.028552994
1513,2026-07-29,0.023936851,0.055777375,0.035280515,0.017707113,0.029263755,0.035372466
1514,2026-07-29,-0.09205923,-0.14395921,-0.22715013,0.02485149,0.026913345,0.03057979
1515,2026-07-29,0.0459327,-0.33792102,-0.3536768,0.08320964,0.13586463,0.1026532
1516,2026-07-29,0.07738367,0.16404921,0.18073879,0.029033009,0.038249362,0.042705655
1517,2026-07-29,0.088568844,0.032790817,0.014324939,0.02930393,0.02775355,0.038276523
1519,2026-07-29,0.0010349546,0.016586035,-0.031833563,0.017804535,0.020157231,0.022254312
1521,2026-07-29,0.09397955,0.18616724,0.27604753,0.023119237,0.022523396,0.034263786
1522,2026-07-29,-0.009903902,-0.017764831,-0.032988265,0.014279314,0.022651913,0.02116574
1524,2026-07-29,-0.096705295,-0.12274691,-0.15568945,0.015523231,0.022887625,0.03539549
1525,2026-07-29,0.060308505,0.09106021,0.11894109,0.015528808,0.029071549,0.030579574
1526,2026-07-29,-0.08146844,-0.25513437,-0.27517286,0.07101372,0.09778105,0.084291495
1527,2026-07-29,0.07603188,0.2066184,0.2781796,0.019902946,0.029061418,0.039681625
1528,2026-07-29,0.004550994,-0.07512923,-0.00683976,0.03196998,0.039874274,0.046374343
1529,2026-07-29,-0.060842983,-0.09543207,-0.25318143,0.04726582,0.068163835,0.088961326
1530,2026-07-29,0.040157523,0.108959585,0.10609714,0.024677018,0.039308496,0.04335466
1531,2026-07-29,0.08308598,0.15568629,0.205131,0.021020135,0.020980388,0.03154172
1532,2026-07-29,0.06447596,0.10032546,0.088457756,0.014533631,0.020014308,0.022931559
1533,2026-07-29,-0.0021309452,0.011339073,0.01723047,0.02157434,0.026924437,0.033090636
1535,2026-07-29,-0.017090503,0.012940979,0.02614816,0.013243594,0.018578133,0.022837475
1536,2026-07-29,-0.27046186,-0.3997064,-0.37997347,0.042407684,0.051733546,0.051129717
1537,2026-07-29,0.035171643,0.08543695,0.07152605,0.017365152,0.019661775,0.026979962
1538,2026-07-29,-0.18136565,-0.28350487,-0.10544575,0.032945152,0.040823787,0.042097293
1539,2026-07-29,0.10092483,0.12478046,0.14777078,0.027507115,0.043414284,0.05322927
1540,2026-07-29,0.02999217,0.033196855,0.064696826,0.017304195,0.024932796,0.023173615
1541,2026-07-29,0.14521854,0.15327008,0.13788815,0.02447119,0.035222232,0.03977282
1558,2026-07-29,0.04786693,0.06655316,0.06365259,0.018320715,0.020394895,0.022488244
1560,2026-07-29,0.022308994,-0.0052286973,-0.04437776,0.019593934,0.02414273,0.021083301
1563,2026-07-29,-0.07710754,-0.24521485,-0.27894133,0.021437364,0.038073078,0.044971704
1565,2026-07-29,-0.06422464,-0.14960665,-0.1870109,0.018030819,0.02944607,0.029315282
1568,2026-07-29,0.09128485,0.025633216,0.19906138,0.031195987,0.042736858,0.05392981
1569,2026-07-29,-0.17725183,-0.31541425,-0.2841266,0.044385083,0.09284728,0.08584525
1570,2026-07-29,0.16312338,0.25373358,0.3544949,0.027410535,0.05381428,0.06050592
1580,2026-07-29,-0.020967212,-0.041694563,-0.082037546,0.0156088965,0.02771827,0.026535356
1582,2026-07-29,-0.014932338,-0.058753304,-0.09470363,0.01841206,0.025304161,0.028257258
1583,2026-07-29,0.07233519,0.1138443,0.06312241,0.016994482,0.027742311,0.029478885
1584,2026-07-29,0.041207645,0.024183394,0.033793665,0.024295166,0.030099625,0.032855812
1586,2026-07-29,-0.17993195,-0.2665672,-0.18075828,0.029199045,0.049973466,0.046197724
1587,2026-07-29,-0.03715708,-0.012458863,0.025006583,0.024338603,0.031769883,0.02890117
1590,2026-07-29,0.00874706,-0.01240879,-0.012899938,0.025231902,0.021428468,0.03606963
1591,2026-07-29,-0.40030244,0.052591395,-0.060930017,0.176792,0.27638358,0.24698251
1593,2026-07-29,-0.04461596,-0.010537337,0.07102104,0.018722344,0.02801426,0.037485845
1595,2026-07-29,0.48909658,0.58321023,0.40271202,0.076237395,0.102964535,0.09755708
1597,2026-07-29,-0.011050236,-0.07419305,-0.046303805,0.024692677,0.037617654,0.041552108
1598,2026-07-29,0.25954947,0.2969283,0.24323028,0.035733934,0.042345826,0.048959564
1599,2026-07-29,-0.14616975,-0.102067605,-0.047393147,0.03456589,0.04583317,0.043393366
1603,2026-07-29,-0.005477354,-0.015064851,-0.004291143,0.014659604,0.024101758,0.026564127
1604,2026-07-29,-0.015030803,0.0063580256,0.006049348,0.014210256,0.018424677,0.02076319
1605,2026-07-29,-0.012006755,-0.048811745,-0.11039012,0.022985531,0.031063559,0.032401998
1608,2026-07-29,0.0039400556,0.013846704,-0.012602359,0.013046585,0.019866852,0.021228902
1609,2026-07-29,-0.013965879,0.0460159,0.054771114,0.019567147,0.023324346,0.029783463
1611,2026-07-29,0.01045354,0.03262563,0.09332201,0.016917739,0.026576236,0.0350969
1612,2026-07-29,-0.03314678,-0.027406676,-0.056967784,0.014936793,0.013537071,0.02155497
1614,2026-07-29,0.031770393,0.06757813,0.031879935,0.01712746,0.018749788,0.020561745
1615,2026-07-29,0.06616152,0.12992015,0.17425682,0.016910456,0.021426223,0.022861231
1616,2026-07-29,-0.083656244,-0.102633685,-0.09390284,0.01948405,0.033093154,0.02523593
1617,2026-07-29,0.22819611,0.41844946,0.61360574,0.048842326,0.06947599,0.08428316
1618,2026-07-29,0.024749149,-0.033963483,-0.049975634,0.018637337,0.02590644,0.02588573
1626,2026-07-29,-0.0109713795,0.03634466,0.100782506,0.020391023,0.027333194,0.027945789
1702,2026-07-29,0.07005797,0.090098046,0.08995226,0.015879838,0.01921521,0.022088712
1707,2026-07-29,-0.06710526,-0.09224738,-0.12537841,0.018081302,0.017698232,0.028267162
1708,2026-07-29,0.020508647,-0.07456266,-0.037087772,0.032861125,0.03783614,0.035888772
1709,2026-07-29,0.2085359,0.19982626,0.23554286,0.03337168,0.03918803,0.042850394
1710,2026-07-29,-0.032346204,0.02822981,0.14057897,0.0503743,0.056054488,0.07516403
1711,2026-07-29,0.07027851,-0.017005514,-0.049117144,0.029685806,0.03969297,0.026352024
1712,2026-07-29,0.018732702,0.07397236,0.14738774,0.026375556,0.03182688,0.052416947
1713,2026-07-29,0.047561456,0.06382437,0.030757245,0.0133311665,0.017049585,0.018887311
1714,2026-07-29,0.24931721,0.16654637,0.20708086,0.05083807,0.049424853,0.056919206
1717,2026-07-29,0.026353827,0.1388027,0.23180959,0.032198638,0.055576656,0.07675283
1718,2026-07-29,-0.08363035,-0.22500902,-0.29396012,0.03153796,0.03858677,0.042787164
1720,2026-07-29,0.05424477,0.11563344,0.113777556,0.01734389,0.023086946,0.026814787
1721,2026-07-29,-0.035537545,-0.11463782,-0.14699747,0.044955067,0.065899305,0.09262891
1722,2026-07-29,-0.01674561,-0.007849133,-0.048396643,0.016326923,0.013011866,0.019098839
1723,2026-07-29,0.052541453,0.08524955,0.039563123,0.016391532,0.020538544,0.026039066
1725,2026-07-29,0.06013845,0.1083305,0.15366624,0.023091681,0.03815499,0.0383587
1726,2026-07-29,0.1356544,0.29396406,0.40094718,0.02625644,0.05642173,0.07303317
1727,2026-07-29,-0.051447786,0.059887227,0.30070844,0.10492322,0.15386151,0.15487926
1730,2026-07-29,0.123048574,0.21696027,0.24674937,0.014669993,0.019983968,0.027812613
1731,2026-07-29,0.049451288,0.09797006,0.14937872,0.013788781,0.026220052,0.026083523
1732,2026-07-29,0.059654523,0.113124706,0.1398859,0.02732982,0.03322532,0.038160387
1733,2026-07-29,0.15048748,0.24016815,0.3187097,0.022755623,0.040287893,0.058030684
1734,2026-07-29,0.015490812,0.083309494,0.07770559,0.01989503,0.023297513,0.031490628
1735,2026-07-29,-0.009256933,0.03204935,0.0036795908,0.021338144,0.031890664,0.033464182
1736,2026-07-29,0.13715057,0.19580077,0.16873583,0.020630443,0.030418083,0.037670188
1737,2026-07-29,0.068581864,0.15062027,0.19374041,0.016157897,0.023730397,0.02893011
1742,2026-07-29,0.26373568,0.42686042,0.4435251,0.061594225,0.09483771,0.11719696
1752,2026-07-29,0.015318949,0.07531075,0.113348454,0.025295323,0.032275442,0.035679415
1760,2026-07-29,-0.0031799278,0.04119227,0.03876659,0.014739806,0.022842178,0.022277994
1762,2026-07-29,-0.11533602,-0.19697267,-0.16088833,0.024101945,0.034770753,0.040729675
1773,2026-07-29,0.009712758,0.089215055,0.1454186,0.023316268,0.03701079,0.048939914
1776,2026-07-29,0.09683401,0.2064435,0.30624434,0.026767159,0.046533283,0.04306734
1777,2026-07-29,0.08064368,0.103800155,0.13015833,0.015841404,0.02939768,0.029027715
1781,2026-07-29,-0.011516036,0.051880796,0.2150611,0.023652509,0.03865702,0.03540517
1783,2026-07-29,0.08628447,0.14079835,0.18192469,0.018098665,0.023653021,0.022116905
1784,2026-07-29,-0.059368532,-0.09600552,-0.13298932,0.01936472,0.027659278,0.038903557
1785,2026-07-29,-0.009804575,-0.08030974,-0.13749965,0.014530166,0.02687688,0.02834808
1786,2026-07-29,-0.0895263,-0.0923159,-0.07470647,0.021642778,0.032882757,0.035191245
1788,2026-07-29,0.06648965,0.069220714,0.054499816,0.015575834,0.018077664,0.018445192
1789,2026-07-29,0.009694104,0.04030133,0.028342996,0.02077088,0.025624719,0.023336206
1795,2026-07-29,-0.11242627,-0.124877855,-0.13716778,0.02298408,0.030199556,0.03210184
1796,2026-07-29,0.15295246,0.06182518,0.11958046,0.039171293,0.03966786,0.05428035
1799,2026-07-29,-0.14085506,-0.3514883,-0.41912085,0.06898348,0.086286366,0.08352971
1802,2026-07-29,-0.017011065,-0.09706133,-0.14567839,0.035575118,0.04977074,0.045168143
1805,2026-07-29,0.10944514,0.27872136,0.43120986,0.0432428,0.059024148,0.07279956
1806,2026-07-29,0.05749023,0.09795655,0.106656484,0.02695697,0.030535202,0.039389785
1808,2026-07-29,0.14716096,0.22905973,0.27182075,0.039217144,0.054425184,0.04599375
1809,2026-07-29,0.07817324,0.11276512,0.27242628,0.043605957,0.061350867,0.061118603
1810,2026-07-29,0.105330124,-0.055010077,-0.059660673,0.032265168,0.034051515,0.04286793
1813,2026-07-29,-0.13306972,-0.24575408,-0.20646626,0.03223469,0.04635101,0.04189255
1815,2026-07-29,-0.040170904,-0.094131246,-0.122333765,0.030366028,0.042952977,0.056004796
1817,2026-07-29,0.08642713,0.14928834,0.20116481,0.019240465,0.03024696,0.028508326
1903,2026-07-29,0.04708661,0.08387086,0.009768262,0.01981162,0.020090042,0.02623758
1904,2026-07-29,-0.005300711,0.017302042,-0.013010953,0.015868045,0.023641337,0.023902673
1905,2026-07-29,-0.15860094,-0.17962117,-0.19577354,0.024519505,0.034837868,0.03241757
1906,2026-07-29,0.021449765,0.014471201,-0.031245487,0.021750659,0.03463259,0.032052018
1907,2026-07-29,0.12921613,0.17056872,0.17563629,0.025478352,0.028739024,0.032684665
1909,2026-07-29,-0.003589181,0.0410738,0.021827301,0.017564012,0.031127905,0.032651953
2002,2026-07-29,-0.0027576247,0.05364522,0.08454298,0.020168807,0.023756541,0.028230859
2006,2026-07-29,0.07080545,0.120004095,0.12624608,0.01318949,0.021888407,0.027811931
2007,2026-07-29,-0.052554127,-0.06105274,-0.06645035,0.022218294,0.03441396,0.035650983
2008,2026-07-29,0.13892272,0.20468378,0.21450104,0.018717421,0.024286764,0.030603146
2009,2026-07-29,-0.017080395,0.039673217,0.0068053333,0.017233904,0.02011143,0.016121915
2010,2026-07-29,0.009016534,0.026618803,-0.004217268,0.018653465,0.016144218,0.023480043
2012,2026-07-29,0.086773954,0.15795837,0.13445789,0.023680605,0.030227508,0.02637516
2013,2026-07-29,0.008359027,0.024045853,0.016788905,0.016432257,0.01701753,0.01982058
2014,2026-07-29,-0.011626798,0.0022404094,-0.0616801,0.018004123,0.021362659,0.021593636
2015,2026-07-29,0.072172165,0.09596822,0.055776007,0.016999593,0.015120385,0.019817682
2017,2026-07-29,-0.029347053,-0.023102444,-0.04698688,0.017384818,0.0209496,0.032202035
2020,2026-07-29,0.0014684747,0.024263421,0.0541031,0.011683056,0.021449454,0.029259738
2022,2026-07-29,-0.066857435,-0.058183145,-0.037120678,0.02340071,0.025713319,0.020486277
2023,2026-07-29,0.020333795,0.03503983,-0.023784244,0.0140232025,0.014632041,0.014732324
2024,2026-07-29,0.15777798,0.22466722,0.26655668,0.027421596,0.03925876,0.043662183
2025,2026-07-29,0.29660085,0.23245399,0.38217175,0.06309348,0.066422366,0.08289365
2027,2026-07-29,0.31858632,0.28183,0.4143296,0.06700026,0.06905532,0.08532571
2028,2026-07-29,0.03745653,0.0676312,0.039757863,0.019175712,0.02024126,0.023395952
2029,2026-07-29,0.074607536,0.09160559,0.107550494,0.019667886,0.027115561,0.024612706
2030,2026-07-29,0.010532528,0.05103602,0.031306606,0.016503753,0.026432484,0.024886547
2031,2026-07-29,0.07046621,0.13239153,0.111110404,0.015604372,0.01809968,0.021276528
2032,2026-07-29,0.03996575,0.045128588,0.06470492,0.01943153,0.018577393,0.025687348
2033,2026-07-29,0.03438043,0.09296575,0.087589726,0.02772612,0.02963813,0.027710283
2034,2026-07-29,0.024916083,0.04222018,0.04405801,0.012603525,0.01800021,0.015641632
2035,2026-07-29,-0.0013230011,0.045326237,0.010597254,0.021237053,0.0255752,0.02652372
2038,2026-07-29,-0.035759527,-0.066620566,-0.05381266,0.019037357,0.026918896,0.03512457
2049,2026-07-29,0.045181938,0.08361165,0.046692926,0.016350076,0.021718834,0.024173064
2059,2026-07-29,-0.007118699,-0.03137782,-0.033066828,0.015221533,0.024312379,0.026537873
2061,2026-07-29,0.15231584,0.3867077,0.19402947,0.09900409,0.1459179,0.11991812
2062,2026-07-29,0.059190556,0.118108466,0.15858498,0.020077877,0.025384396,0.026820557
2063,2026-07-29,-0.043632325,-0.036221195,-0.020325383,0.022126647,0.020870093,0.027382258
2064,2026-07-29,0.09349777,0.20404226,0.2555669,0.019094065,0.025154486,0.034095492
2065,2026-07-29,-0.045170426,-0.03028856,-0.033175245,0.01591331,0.018321227,0.021614091
2066,2026-07-29,-0.003111515,-0.012822096,-0.00012085065,0.0143583,0.022070928,0.022581646
2067,2026-07-29,0.088197514,0.09275982,0.27354565,0.0356784,0.04061133,0.039738137
2069,2026-07-29,0.14468779,0.22278443,0.25263813,0.020944053,0.029282562,0.037002545
2070,2026-07-29,-0.020328553,-0.062115002,-0.067104146,0.022906896,0.03200871,0.042809512
2101,2026-07-29,0.020276146,0.02470839,-0.035943855,0.019748103,0.01986759,0.025756013
2102,2026-07-29,0.156134,0.22432007,0.14083472,0.019465005,0.023876037,0.030380439
2103,2026-07-29,0.15756941,0.15014301,0.14786883,0.023516411,0.02745818,0.027393213
2104,2026-07-29,0.0055401665,0.064516015,0.1308572,0.026777485,0.029135322,0.032622337
2105,2026-07-29,0.034040138,0.094544105,0.12083706,0.014437928,0.024450239,0.025820304
2106,2026-07-29,0.030638244,0.094931364,0.09977257,0.016080357,0.022048676,0.028887602
2107,2026-07-29,0.09445252,0.18377823,0.21033105,0.013987339,0.023177039,0.031829037
2108,2026-07-29,0.02808134,0.06046351,0.04568506,0.011018831,0.021380322,0.02308801
2109,2026-07-29,0.02884742,0.10131712,0.087789804,0.02221846,0.027641246,0.031060604
2114,2026-07-29,0.03249006,0.08749442,0.060814723,0.012536486,0.016130881,0.015836166
2115,2026-07-29,0.14689636,0.2443377,0.29999122,0.031300534,0.037294365,0.03915343
2201,2026-07-29,0.044711243,0.08675358,0.1557413,0.023934381,0.024749596,0.029985083
2204,2026-07-29,0.034023922,0.08846577,0.07623431,0.014963227,0.011408095,0.017749181
2206,2026-07-29,0.092410594,0.14212622,0.10725334,0.021196552,0.025672028,0.03249217
2207,2026-07-29,0.09974379,0.14508435,0.17180006,0.019787809,0.031637605,0.034559377
2208,2026-07-29,-0.13284984,-0.14287733,-0.108915284,0.030184617,0.0357687,0.0360975
2211,2026-07-29,0.02431283,0.06382051,0.019772863,0.018336752,0.019904759,0.023564171
2221,2026-07-29,0.100496575,0.0016859912,0.3371135,0.045763537,0.06017173,0.1108126
2227,2026-07-29,0.014860022,0.034735203,0.02999295,0.017720718,0.02351804,0.022367517
2228,2026-07-29,-0.013781765,-0.026504332,-0.040590245,0.017006336,0.02252617,0.021079652
2230,2026-07-29,-0.015231955,-0.0008602609,0.022723598,0.023536408,0.027175043,0.033347264
2231,2026-07-29,-0.23068571,-0.4851697,-0.6213137,0.06210539,0.07282799,0.078029364
2233,2026-07-29,-0.06732903,-0.36547336,-0.23041195,0.06155958,0.09797879,0.101342246
2236,2026-07-29,-0.053079534,-0.07711983,-0.08968742,0.024080103,0.027332483,0.029077275
2239,2026-07-29,-0.00939227,0.026270052,-0.004810515,0.019810313,0.025583474,0.025170315
2241,2026-07-29,0.23871619,0.28696918,0.72423255,0.060209543,0.06484063,0.14135805
2243,2026-07-29,0.12850326,0.080979176,-0.032300368,0.045345712,0.04882584,0.07021371
2247,2026-07-29,-0.010207366,0.011681714,0.018958975,0.013958782,0.023136076,0.022817055
2248,2026-07-29,0.14365484,0.19269887,0.2613161,0.02559804,0.02812112,0.036425035
2250,2026-07-29,0.023456866,0.036263306,0.08074181,0.030478016,0.03144127,0.049252275
2254,2026-07-29,0.035510525,0.009592646,-0.027838422,0.023149928,0.026900489,0.027450394
2258,2026-07-29,0.1383646,0.184388,0.05883144,0.029690702,0.032352988,0.0263139
2301,2026-07-29,0.038675983,-0.029045291,-0.07435702,0.023351334,0.032869793,0.03987706
2302,2026-07-29,-0.11587798,-0.23346744,0.022819418,0.06620914,0.116283685,0.10733559
2303,2026-07-29,-0.123727165,-0.21181993,-0.2297117,0.03485945,0.036213353,0.039153244
2305,2026-07-29,0.14942075,0.21289116,0.07032995,0.07276338,0.09395403,0.09414941
2308,2026-07-29,-0.034784984,-0.09848884,-0.13748926,0.021830104,0.023630837,0.029889679
2312,2026-07-29,-0.026924102,-0.08732986,-0.058015157,0.021663854,0.03216861,0.031803492
2313,2026-07-29,-0.15404034,-0.2845731,-0.30287725,0.019982453,0.031477224,0.034549855
2314,2026-07-29,0.24097314,0.4997349,0.25368443,0.05206644,0.09388042,0.07302215
2316,2026-07-29,-0.19944906,-0.41366503,-0.49763453,0.04931817,0.07159083,0.08214357
2317,2026-07-29,0.07522523,0.050064262,0.021828782,0.023664372,0.03523018,0.026655149
2323,2026-07-29,-0.03464891,0.05131445,0.050986957,0.017825076,0.019858692,0.025754841
2324,2026-07-29,-0.0774943,-0.12162396,-0.11745049,0.024453806,0.024660017,0.03234538
2327,2026-07-29,-0.16712584,-0.3065563,-0.3792213,0.02992862,0.03404624,0.038315106
2328,2026-07-29,0.0053057396,-0.021903403,-0.021371806,0.01863863,0.02716054,0.03359387
2329,2026-07-29,0.049564037,0.10971309,0.08968279,0.026082557,0.031258553,0.036339704
2330,2026-07-29,-0.002935352,-0.09962702,-0.2032316,0.028538126,0.029035605,0.036931027
2331,2026-07-29,0.017246285,0.031298026,-0.055721775,0.017113693,0.017909976,0.020815814
2332,2026-07-29,-0.1641936,-0.1480339,-0.15292154,0.04361136,0.050088756,0.045600273
2337,2026-07-29,-0.10267345,-0.13250855,-0.20861483,0.027325764,0.03794344,0.045400452
2338,2026-07-29,-0.06996946,-0.042720713,-0.022610942,0.028083906,0.03742891,0.037298407
2340,2026-07-29,-0.002952136,0.089946605,0.10176741,0.045998394,0.06207819,0.0508571
2342,2026-07-29,-0.10178804,-0.17394018,-0.10644708,0.060028516,0.09283207,0.08285939
2344,2026-07-29,0.047981694,0.012242754,-0.08608155,0.02732117,0.0319132,0.033110887
2345,2026-07-29,-0.010771817,-0.046648104,-0.057717625,0.023620589,0.03800498,0.035411168
2347,2026-07-29,0.04887219,0.050474834,0.06256256,0.017726582,0.023098491,0.023590758
2348,2026-07-29,0.03861243,0.004763565,-0.004228293,0.015169543,0.017087372,0.022435054
2349,2026-07-29,-0.11958091,-0.24075417,-0.29003346,0.028003346,0.031500544,0.036352664
2351,2026-07-29,0.07301948,0.08457552,-0.07714093,0.05902767,0.07537142,0.08154298
2352,2026-07-29,-0.021295985,0.010641714,-0.049291007,0.019166943,0.03163243,0.031050557
2353,2026-07-29,-0.09623864,-0.14554366,-0.06421232,0.021142185,0.026747296,0.029020393
2354,2026-07-29,0.07378731,0.17862216,0.16099896,0.021792179,0.03405751,0.037651077
2355,2026-07-29,0.09507496,0.1674138,0.07980777,0.024990335,0.03315819,0.030138314
2356,2026-07-29,0.0029598312,-0.01798929,0.008079841,0.022578789,0.020153817,0.025667027
2357,2026-07-29,0.10711876,0.16153899,0.16405745,0.018372154,0.025570342,0.03385197
2359,2026-07-29,-0.16256748,-0.220148,-0.26457193,0.026320605,0.034711905,0.043656066
2360,2026-07-29,0.025635947,-0.018053139,-0.07550601,0.019935463,0.026881449,0.028305158
2362,2026-07-29,0.005043239,0.043033235,0.001428357,0.016119288,0.019363035,0.019608062
2363,2026-07-29,-0.07233087,-0.118766084,-0.17590459,0.0259804,0.033737622,0.04356078
2364,2026-07-29,0.4988708,0.87297934,0.7529644,0.0742473,0.11092301,0.12041095
2365,2026-07-29,-0.08137444,-0.12553643,-0.0965841,0.020037027,0.02933932,0.027665405
2367,2026-07-29,-0.04550017,-0.122470126,0.02663482,0.029519625,0.043553766,0.035242084
2368,2026-07-29,-0.015218123,-0.021830205,-0.045076717,0.022418585,0.024310317,0.032836795
2369,2026-07-29,0.12240811,0.20918484,0.24142891,0.03270939,0.049907,0.05218409
2371,2026-07-29,-0.105514675,-0.13745032,-0.1669242,0.021717565,0.019693553,0.032508638
2373,2026-07-29,-0.016408296,-0.0056339097,0.0050747762,0.017858304,0.022209283,0.02578561
2374,2026-07-29,-0.06524717,-0.11972129,-0.18751873,0.020892529,0.026167559,0.02961556
2375,2026-07-29,-0.25886062,-0.5321305,-0.37647858,0.07864748,0.091060504,0.092602685
2376,2026-07-29,0.08887887,0.024888653,-0.023020934,0.02455078,0.031425543,0.028863909
2377,2026-07-29,-0.05608605,-0.17031816,-0.12845121,0.019777304,0.03098025,0.033988934
2379,2026-07-29,-0.0251545,-0.06509338,-0.06377419,0.01975605,0.024383575,0.032052144
2380,2026-07-29,-0.12133256,-0.15898964,-0.2570148,0.0378688,0.055452544,0.07061035
2382,2026-07-29,0.025122149,0.0005228675,-0.03140853,0.025943635,0.030343495,0.036990367
2383,2026-07-29,0.05265106,0.11233446,0.06798716,0.032413665,0.059923727,0.06075666
2385,2026-07-29,-0.02948155,-0.08787988,-0.15474395,0.013587802,0.021417355,0.03165665
2387,2026-07-29,0.048503753,0.09207569,0.101406224,0.017225396,0.02104124,0.022927081
2388,2026-07-29,-0.07024494,-0.12966959,-0.15240714,0.029431565,0.056105506,0.052732147
2390,2026-07-29,0.0071646874,-0.010713843,0.08184411,0.02699103,0.04631216,0.042454354
2392,2026-07-29,0.036971092,0.0713314,0.040896893,0.015448891,0.017829044,0.021185178
2393,2026-07-29,0.040480774,0.031559665,-0.010007892,0.013275098,0.0216597,0.026325878
2395,2026-07-29,0.17589398,0.13444951,0.024577407,0.026590453,0.028340256,0.025821231
2397,2026-07-29,0.026431376,0.07312878,0.088326104,0.018117059,0.030682959,0.03174309
2399,2026-07-29,0.15026937,0.07453583,0.16019875,0.05278262,0.064813375,0.05200491
2401,2026-07-29,0.14822195,0.25130728,0.13243942,0.029056184,0.05002441,0.052205548
2402,2026-07-29,-0.08390727,-0.12226415,-0.11157971,0.023750681,0.0314533,0.036216404
2404,2026-07-29,0.022089936,-0.007400716,-0.022360867,0.019792322,0.020642227,0.020443251
2405,2026-07-29,-0.0145466225,-0.0073390766,-0.016189523,0.018912002,0.023287619,0.030459963
2406,2026-07-29,0.076379985,0.20015088,0.13664418,0.03371204,0.057672612,0.054406356
2408,2026-07-29,-0.08458851,-0.14469528,-0.26757655,0.016948866,0.01847188,0.030506408
2409,2026-07-29,-0.08902634,-0.16153453,-0.23797646,0.025007237,0.032333616,0.03394859
2412,2026-07-29,0.07577182,0.20752956,0.20478448,0.027255079,0.053552125,0.057997074
2413,2026-07-29,-0.06281482,-0.12659128,-0.034991667,0.019851757,0.027400985,0.027839806
2414,2026-07-29,0.04466788,0.16438855,0.21566342,0.016084107,0.023762405,0.032985374
2415,2026-07-29,0.11276707,0.12809336,0.18875697,0.02240856,0.030707233,0.039226584
2417,2026-07-29,0.04710771,0.053150572,0.06606395,0.023656305,0.027710114,0.024676068
2419,2026-07-29,-0.0472196,-0.04881791,-0.07660998,0.025496151,0.0302462,0.035547644
2420,2026-07-29,0.014039416,0.03972153,0.02945852,0.01779743,0.02101501,0.023431322
2421,2026-07-29,-0.020447364,-0.011303142,-0.04559022,0.015899768,0.016787518,0.027251534
2423,2026-07-29,-0.005581984,0.07808032,0.18823637,0.01858536,0.039728187,0.056348052
2424,2026-07-29,0.23263788,0.24288686,0.3605707,0.076941125,0.08571747,0.093781516
2425,2026-07-29,-0.28861597,-0.3461941,-0.23218371,0.044834852,0.057524167,0.05214497
2426,2026-07-29,-0.020026056,-0.11444195,-0.15479396,0.036408976,0.034353577,0.04240384
2427,2026-07-29,-0.21158746,-0.3182958,-0.2534422,0.029719034,0.03131685,0.031188712
2428,2026-07-29,0.07336833,0.010851009,0.1161118,0.046038844,0.051357597,0.06926709
2429,2026-07-29,-0.038854923,-0.23429918,-0.3065244,0.054709673,0.07836623,0.079437956
2430,2026-07-29,-0.077344395,-0.086515315,-0.09291776,0.01906039,0.028303783,0.029822987
2431,2026-07-29,-0.02455594,-0.012983573,0.111289434,0.018954989,0.034039892,0.032069474
2432,2026-07-29,0.17102171,0.2829031,0.34167594,0.022593446,0.027423518,0.031344764
2433,2026-07-29,-0.02536604,0.008477342,0.038807515,0.014247446,0.021904038,0.026437987
2434,2026-07-29,-0.2469757,-0.44079018,-0.2792812,0.19261079,0.19069056,0.19781868
2436,2026-07-29,-0.062317763,-0.017999114,-0.030200712,0.04664811,0.068098895,0.060908657
2438,2026-07-29,-0.058656283,-0.11649356,0.013640193,0.029386582,0.02668951,0.038334403
2439,2026-07-29,-0.0152131915,-0.016652353,-0.04851716,0.014141207,0.022782007,0.020016199
2440,2026-07-29,0.17049105,0.27197132,0.3340849,0.032962173,0.04368036,0.04741528
2441,2026-07-29,0.09013553,0.09307582,0.09293699,0.021289604,0.03207109,0.032583922
2442,2026-07-29,0.08058088,0.11411442,0.1451864,0.020841442,0.01901558,0.024105614
2444,2026-07-29,0.047543135,0.101311766,0.23727588,0.022426456,0.031367127,0.03839765
2449,2026-07-29,-0.042981233,-0.13220885,-0.18411474,0.026791897,0.02969644,0.03378028
2450,2026-07-29,0.060183868,0.12909883,0.14735724,0.020514503,0.027286416,0.026996
2451,2026-07-29,-0.0022175922,-0.0124493865,-0.11477114,0.02981386,0.03475713,0.044249367
2453,2026-07-29,0.01916856,0.097100176,0.07323382,0.021126103,0.032764345,0.034176193
2454,2026-07-29,-0.015459055,-0.04925366,-0.066029355,0.016206268,0.027032174,0.028017355
2455,2026-07-29,-0.13709636,-0.24057935,-0.24824123,0.02628425,0.03504103,0.038908005
2457,2026-07-29,-0.03312443,0.028424842,0.0752275,0.017653625,0.02992689,0.027352517
2458,2026-07-29,-0.0053505157,-0.023157084,-0.015660357,0.016760096,0.028546574,0.029193185
2459,2026-07-29,0.05733288,0.11708311,0.17185728,0.030419357,0.042231154,0.040778413
2460,2026-07-29,-0.0897222,-0.21132758,-0.33009872,0.040401485,0.04773551,0.05022014
2461,2026-07-29,-0.0011250412,0.051645983,0.0801258,0.023873925,0.030523477,0.03333362
2462,2026-07-29,0.071949825,0.14460711,0.24963792,0.019730639,0.021426871,0.032195628
2464,2026-07-29,-0.25027475,-0.43987432,-0.40332645,0.042589955,0.05827257,0.0637879
2465,2026-07-29,-0.17522946,-0.30037948,-0.30244955,0.036570393,0.050902214,0.057169553
2466,2026-07-29,-0.2791713,-0.45184353,-0.18969597,0.10523755,0.15407267,0.14671901
2467,2026-07-29,-0.13734643,-0.15910181,-0.15833683,0.030810583,0.039503325,0.03811081
2468,2026-07-29,0.032994956,-0.020885967,-0.0060795182,0.022907859,0.025966583,0.02727481
2471,2026-07-29,0.051446676,0.10983972,0.115487546,0.014935448,0.018215144,0.022947526
2472,2026-07-29,-0.049630444,-0.15715829,-0.061119698,0.04249355,0.067525946,0.095247954
2474,2026-07-29,-0.05330931,-0.11832759,-0.11084311,0.023752097,0.026346626,0.031256106
2476,2026-07-29,0.06115947,0.06697352,0.0021988228,0.021453712,0.024090098,0.027858146
2477,2026-07-29,0.024217626,0.13165757,0.1921146,0.027200604,0.042804264,0.04822312
2478,2026-07-29,0.20966095,0.24253055,-0.12495318,0.08555518,0.1518907,0.11437041
2480,2026-07-29,0.1358532,0.25917974,0.27067393,0.019222246,0.03411598,0.03256358
2481,2026-07-29,-0.022568962,-0.103007935,-0.054533076,0.02469278,0.03186413,0.031209376
2482,2026-07-29,0.007493022,-0.019263532,0.04865302,0.027456742,0.033041585,0.03895658
2483,2026-07-29,0.20341797,-0.04186575,0.30137193,0.12924181,0.19170398,0.15614544
2484,2026-07-29,-0.065427735,-0.23070891,-0.26948082,0.04071536,0.03497315,0.04562202
2485,2026-07-29,0.19870166,0.32301533,0.27823335,0.07882309,0.11636951,0.114955835
2486,2026-07-29,0.008619805,-0.046147924,-0.15743297,0.047664944,0.053072896,0.051832367
2488,2026-07-29,0.062265802,0.10717901,0.10454203,0.021190414,0.025944572,0.032919515
2489,2026-07-29,0.05807632,-0.016382465,-0.0022695516,0.032003164,0.040298104,0.039615728
2491,2026-07-29,0.17650442,0.10302235,0.11102838,0.060377773,0.07951516,0.07565936
2492,2026-07-29,0.039393596,-0.058851495,-0.09700216,0.037202887,0.06637389,0.058550827
2493,2026-07-29,0.085331686,0.20997554,0.34035656,0.06637218,0.11029811,0.09548912
2495,2026-07-29,-0.002239847,-0.015790492,-0.010631504,0.03086098,0.03358981,0.036652263
2496,2026-07-29,-0.042914636,-0.027585626,-0.041684043,0.020825606,0.02597728,0.026777025
2497,2026-07-29,-0.008529719,-0.013038303,0.08926487,0.041427564,0.055693712,0.061874762
2498,2026-07-29,-0.07875808,-0.023197448,-0.033468507,0.021436142,0.024690002,0.027648425
2501,2026-07-29,0.080193266,0.12714596,0.09515019,0.009760175,0.017755708,0.022482648
2504,2026-07-29,0.095000125,0.06672235,0.0015951336,0.020138718,0.019686297,0.02635362
2505,2026-07-29,0.11865307,0.21152209,0.23229772,0.026011849,0.046076097,0.044689212
2506,2026-07-29,0.117889866,0.15931861,0.22202322,0.017779429,0.03262378,0.04354013
2509,2026-07-29,0.009310568,0.08013571,0.091088705,0.0183768,0.021606173,0.029332792
2511,2026-07-29,0.08198629,0.13166417,0.1066011,0.013560465,0.019352054,0.022405015
2514,2026-07-29,0.016052213,-0.0037148434,-0.03695929,0.022699373,0.021907546,0.030486742
2515,2026-07-29,0.04541519,0.13872851,0.13889882,0.022498572,0.031739548,0.030019052
2516,2026-07-29,0.07057957,0.105344675,0.10402911,0.021869827,0.030309508,0.027495805
2520,2026-07-29,0.06767801,0.10444333,0.06689402,0.013446151,0.02009846,0.021171536
2524,2026-07-29,-0.01372564,-0.036991812,-0.05503595,0.014738688,0.014609217,0.023121841
2527,2026-07-29,0.14391854,0.23617293,0.34941247,0.039478227,0.045347795,0.053464875
2528,2026-07-29,0.057450484,0.10285125,0.09534048,0.023044642,0.023549167,0.03083526
2530,2026-07-29,0.10284706,0.13105181,0.14229944,0.03587807,0.04319946,0.047676254
2534,2026-07-29,-0.0044223242,-0.022994105,-0.054454517,0.023835532,0.026594043,0.018663976
2535,2026-07-29,0.1246693,0.23776755,0.2219287,0.018310167,0.025435226,0.026608428
2536,2026-07-29,0.012467805,0.0016438428,-0.03593274,0.019583672,0.018044887,0.019251628
2537,2026-07-29,0.063531585,0.014441308,0.023593199,0.043576527,0.065948136,0.06606719
2538,2026-07-29,0.03800916,0.07154309,0.11369457,0.015043642,0.017171448,0.02557077
2539,2026-07-29,0.20124418,0.2826038,0.23591287,0.02385495,0.02594492,0.026720036
2540,2026-07-29,0.10071926,0.117021464,0.07725644,0.019572467,0.024766652,0.023504777
2542,2026-07-29,0.09503241,0.14847222,0.13073133,0.020900365,0.03201865,0.031842284
2543,2026-07-29,0.02138642,0.05785549,0.020543445,0.014213015,0.018942375,0.022543034
2545,2026-07-29,-0.06401875,-0.07496107,-0.08001967,0.017493008,0.018175462,0.022420773
2546,2026-07-29,0.07397661,0.13412829,0.12921208,0.016457679,0.02659289,0.0344386
2547,2026-07-29,0.013666755,0.02035277,0.00020778539,0.013524899,0.01904342,0.026614986
2548,2026-07-29,0.13545093,0.23358841,0.21494268,0.0313996,0.044658463,0.036226
2596,2026-07-29,0.1130826,0.19071986,0.21727175,0.020751733,0.028765537,0.026625311
2597,2026-07-29,0.011057298,0.09331798,0.100943595,0.010903579,0.017166816,0.022863457
2601,2026-07-29,-0.058556378,-0.14895964,-0.058717005,0.031198084,0.04684389,0.05004364
2603,2026-07-29,0.0808737,0.09507809,0.081505425,0.018647686,0.026367728,0.026261326
2605,2026-07-29,-0.09134832,-0.1844299,-0.14706977,0.020878397,0.021299554,0.03345162
2606,2026-07-29,0.011059062,-0.0032017748,-0.018868165,0.018389134,0.020617904,0.023750668
2607,2026-07-29,0.009832935,0.02784168,0.0010539847,0.015500662,0.016211886,0.017622625
2608,2026-07-29,0.0109586315,0.026116114,0.017389512,0.016254261,0.023275774,0.028099777
2609,2026-07-29,0.033484623,0.049461044,0.07106818,0.01722638,0.018872047,0.027542401
2610,2026-07-29,-0.0028637603,-0.009622926,-0.036376692,0.018887205,0.024844052,0.022195648
2611,2026-07-29,0.13736404,0.24395698,0.33513007,0.02041906,0.028528178,0.041875616
2612,2026-07-29,-0.04085535,-0.058150526,-0.121272646,0.019897342,0.023502972,0.030283881
2613,2026-07-29,-0.06659002,-0.057433587,-0.030405058,0.014809361,0.02625443,0.029212814
2614,2026-07-29,-0.0120535055,-0.01891267,0.035889108,0.025179407,0.031363733,0.03140928
2615,2026-07-29,0.03216711,-0.03184294,-0.020275585,0.017251384,0.024944948,0.027012443
2616,2026-07-29,-0.07065647,-0.09283418,-0.048354387,0.023905428,0.025413193,0.026447464
2617,2026-07-29,0.052483864,0.08309154,0.06309696,0.015480494,0.024257187,0.02935491
2618,2026-07-29,0.044881634,0.11641094,0.14556722,0.02362186,0.024805566,0.03090706
2630,2026-07-29,-0.23433949,-0.518588,-0.4060955,0.043153774,0.06512013,0.049525455
2633,2026-07-29,0.07382957,0.10871136,0.13564049,0.018736752,0.02171416,0.026027335
2634,2026-07-29,-0.09689343,-0.16169854,-0.13053897,0.02685849,0.03119666,0.038405266
2636,2026-07-29,0.011459542,0.056001116,0.028558714,0.022176636,0.019837799,0.021705374
2637,2026-07-29,0.06837852,0.046871122,0.044814195,0.011902861,0.023728509,0.022923982
2640,2026-07-29,0.009616171,0.021210916,0.008591652,0.018355537,0.024792766,0.021235174
2641,2026-07-29,-0.03139035,-0.046423852,-0.046618685,0.022315025,0.023328342,0.024295177
2642,2026-07-29,-0.10487234,-0.19201867,-0.20261692,0.023366151,0.027186131,0.038230866
2643,2026-07-29,-0.0505703,-0.038961444,-0.05858395,0.022109319,0.026927372,0.029746138
2645,2026-07-29,-0.0015057778,0.06841819,0.060643997,0.03486522,0.05091454,0.052298583
2646,2026-07-29,-0.03143074,-0.03909279,0.021228509,0.021342825,0.03231109,0.031062042
2701,2026-07-29,0.07326724,0.11674186,0.10437153,0.012301193,0.01982725,0.021214634
2702,2026-07-29,0.07798871,0.12583789,0.1680713,0.019331504,0.023738818,0.02760682
2704,2026-07-29,0.12394008,0.12781125,0.037639223,0.02589288,0.024833508,0.026698288
2705,2026-07-29,0.008642414,0.05357229,0.054648485,0.017039383,0.024289563,0.030227626
2706,2026-07-29,0.052558146,0.06741336,0.034457434,0.01890246,0.020325262,0.021875508
2707,2026-07-29,0.06517601,0.15236698,0.1024326,0.020852802,0.028900083,0.03134293
2712,2026-07-29,0.027253993,0.08209167,0.19307041,0.022753414,0.026579972,0.03133509
2718,2026-07-29,-0.047891207,-0.036765203,-0.048099097,0.028267946,0.028508874,0.024816899
2719,2026-07-29,-0.07745255,-0.22031103,-0.22002916,0.045014523,0.05788003,0.06942945
2722,2026-07-29,-0.084971786,-0.1087465,-0.10806514,0.016068367,0.02439864,0.025894655
2723,2026-07-29,-0.06067358,-0.07475775,-0.12202034,0.0147714885,0.017321605,0.02037606
2724,2026-07-29,0.034126695,-0.15727976,-0.022508152,0.039010894,0.054905325,0.04669478
2726,2026-07-29,0.08929284,0.14732082,0.2646803,0.034762807,0.032771844,0.053538956
2727,2026-07-29,0.0064770696,0.030806255,-0.034401156,0.022786515,0.032337684,0.035861436
2729,2026-07-29,-0.085967176,-0.08334727,-0.0923843,0.019047521,0.030453678,0.02680911
2731,2026-07-29,-0.027187204,-0.035916977,-0.03757798,0.012174412,0.018090433,0.024904575
2732,2026-07-29,-0.067277335,-0.061778013,-0.09221439,0.019738168,0.025070103,0.027097069
2734,2026-07-29,-0.07824229,-0.0826852,0.03323319,0.023058947,0.030956933,0.030754004
2736,2026-07-29,0.005756237,0.07602211,0.107439294,0.024398582,0.02818675,0.035227455
2739,2026-07-29,0.07481375,0.14364249,0.15382218,0.013995888,0.017544512,0.021675901
2740,2026-07-29,-0.4175171,-0.7079645,-0.36894166,0.07709389,0.1184428,0.091352046
2743,2026-07-29,-0.12552848,-0.17878114,-0.23425753,0.015422824,0.023758203,0.031990074
2745,2026-07-29,-0.010158049,-0.010620314,-0.06964942,0.017061833,0.020566884,0.026119452
2748,2026-07-29,0.017875275,0.058420666,0.10084057,0.01430249,0.01479913,0.023556866
2751,2026-07-29,0.029727725,0.07735822,0.13213919,0.015672041,0.030493543,0.034199696
2752,2026-07-29,-0.041200824,-0.09031979,-0.115806565,0.011071837,0.02025368,0.024754861
2753,2026-07-29,0.008946345,0.01898715,-0.0017418509,0.013948168,0.015333448,0.019074824
2754,2026-07-29,-0.059044547,-0.083405495,-0.112155885,0.01921936,0.023090532,0.027207108
2755,2026-07-29,-0.04721546,-0.045757588,-0.046402853,0.0148965595,0.019651968,0.025161583
2756,2026-07-29,-0.09051688,-0.15561584,-0.21713467,0.02074076,0.026290242,0.03180246
2762,2026-07-29,-0.028069189,-0.023936177,-0.02647152,0.02340573,0.023003943,0.029562015
2801,2026-07-29,0.07131829,0.08092967,0.065019436,0.028340083,0.027360259,0.031608164
2812,2026-07-29,0.106374435,0.24644175,0.28738368,0.028310422,0.032091122,0.043169495
2816,2026-07-29,0.066653475,0.114004895,0.1274766,0.01657069,0.022412945,0.022724777
2820,2026-07-29,-0.03287144,0.0057140305,-0.011185069,0.015431935,0.020668417,0.020982739
2832,2026-07-29,0.10625255,0.19984917,0.20685925,0.016685061,0.019384626,0.01655657
2834,2026-07-29,0.15992035,0.24346282,0.26733539,0.019967338,0.032464873,0.048397154
2836,2026-07-29,0.06316674,0.053210214,0.03169291,0.022215188,0.021498911,0.027018847
2838,2026-07-29,0.015520099,0.04264753,0.007914621,0.016359784,0.0157429,0.01629048
2845,2026-07-29,0.060316317,0.027127434,0.0480716,0.019872783,0.022566313,0.035270885
2849,2026-07-29,0.06261765,0.060974892,0.048875723,0.018707925,0.018571122,0.020677716
2850,2026-07-29,0.09747159,0.14086342,0.15482639,0.019545853,0.028015155,0.034439187
2851,2026-07-29,0.090288445,0.13639471,0.10511376,0.014023471,0.017308129,0.024857104
2852,2026-07-29,0.07472291,0.14078215,0.15648931,0.017871054,0.019749563,0.0273245
2855,2026-07-29,0.085073665,0.032091666,-0.04357286,0.018763516,0.019479802,0.021134432
2867,2026-07-29,0.102003895,0.23741516,0.40180627,0.033000723,0.039641935,0.05616501
2880,2026-07-29,0.048453648,0.05921274,0.07812744,0.022447579,0.025745511,0.025252482
2881,2026-07-29,0.095999435,0.12262385,0.124020696,0.01829199,0.018374206,0.022518506
2882,2026-07-29,0.08109143,0.13215412,0.1584377,0.020697402,0.033615474,0.032103512
2883,2026-07-29,0.07868169,0.107106574,0.11512106,0.017728806,0.022496177,0.026733803
2884,2026-07-29,0.10044293,0.15599705,0.18076232,0.020317726,0.02692638,0.031658493
2885,2026-07-29,0.110159986,0.15038875,0.09328119,0.017791674,0.025764,0.026379569
2886,2026-07-29,0.07262126,0.09932158,0.13892913,0.024888307,0.02899924,0.043976635
2887,2026-07-29,0.025421552,0.030167807,0.03283754,0.026565874,0.031907227,0.028245635
2889,2026-07-29,0.017281441,0.07514043,0.08340171,0.016372353,0.025669472,0.02352166
2890,2026-07-29,0.029117532,0.05420364,0.046315502,0.020397764,0.030119332,0.034688044
2891,2026-07-29,0.06652761,0.057677027,0.022180973,0.027698051,0.029361047,0.03120508
2892,2026-07-29,0.080394164,0.12750408,0.18615873,0.023769813,0.034749836,0.044333562
2897,2026-07-29,0.07322037,0.1159121,0.115275815,0.02209548,0.02074821,0.02344314
2901,2026-07-29,-0.04344539,0.04732023,0.09906128,0.029409485,0.029405847,0.034187585
2903,2026-07-29,0.06851809,0.1049232,0.07824251,0.021792538,0.02298907,0.022641817
2904,2026-07-29,-0.07781316,-0.0832224,-0.049756885,0.023511434,0.026089087,0.023504294
2905,2026-07-29,0.124502435,0.1855034,0.21029612,0.018707247,0.022036333,0.034153026
2906,2026-07-29,0.097453676,0.18119247,0.22517984,0.02692678,0.037809025,0.03475027
2908,2026-07-29,0.1310973,0.21443237,0.22163792,0.019246338,0.021101754,0.024311995
2910,2026-07-29,-0.1452229,-0.3151516,-0.06093262,0.10944654,0.15395232,0.115305744
2911,2026-07-29,-0.08897313,-0.068538055,-0.13167186,0.024638006,0.034076516,0.03303778
2912,2026-07-29,0.10283499,0.09860549,0.029561682,0.018008526,0.017646903,0.031254083
2913,2026-07-29,-0.090056725,-0.094069675,-0.11888792,0.01921895,0.020783516,0.022543646
2915,2026-07-29,0.118908145,0.1160681,0.069074005,0.02182897,0.029227851,0.03200432
2916,2026-07-29,-0.057533596,-0.08592309,-0.09717658,0.017205538,0.022716504,0.027610658
2923,2026-07-29,-0.23370782,-0.34288692,-0.3557616,0.026176166,0.036655724,0.029936688
2926,2026-07-29,-0.045254555,-0.044111498,-0.053775813,0.017252306,0.020522542,0.034426015
2929,2026-07-29,0.15423752,0.22484663,0.3573843,0.025187455,0.035424206,0.033264287
2937,2026-07-29,0.1474611,0.2445311,0.29163095,0.01815383,0.025871094,0.023328803
2939,2026-07-29,0.09635188,0.14133908,0.223124,0.036737405,0.035730463,0.040307857
2945,2026-07-29,0.073482275,0.14173847,0.21356426,0.02815093,0.0341031,0.030591821
2947,2026-07-29,-0.04934798,-0.05223658,-0.019991668,0.016414365,0.025903678,0.027962755
3002,2026-07-29,0.007935397,-0.005806145,0.085124135,0.023294587,0.023654772,0.032043975
3003,2026-07-29,0.08737373,0.1246931,0.11461238,0.023161618,0.03404689,0.03521816
3004,2026-07-29,-0.10278352,-0.10634442,-0.119733684,0.022062404,0.02766448,0.023883315
3005,2026-07-29,0.108032115,0.098465,0.0789919,0.02040684,0.025728967,0.028805649
3006,2026-07-29,-0.026760003,-0.14586277,-0.3003133,0.030027749,0.047238447,0.047843516
3008,2026-07-29,0.040281907,0.09069971,0.07932406,0.016635144,0.022459144,0.028613782
3010,2026-07-29,0.038132176,0.07811464,0.044674024,0.011139652,0.02063999,0.024373254
3011,2026-07-29,0.08212945,0.19777326,0.22886038,0.017001275,0.03199366,0.041910034
3013,2026-07-29,-0.0034210228,0.052855324,-0.051659353,0.025060821,0.03540123,0.04204303
3014,2026-07-29,-0.060696226,-0.082166225,-0.11508524,0.020399624,0.023082089,0.026274094
3015,2026-07-29,-0.14035973,-0.23143175,-0.26776603,0.021126976,0.034767237,0.03586982
3016,2026-07-29,-0.18643402,-0.23902582,-0.21484585,0.05325395,0.06824909,0.07179921
3017,2026-07-29,0.014282022,0.0020369734,-0.013996761,0.020531649,0.028186588,0.027260495
3018,2026-07-29,0.020334387,0.13568787,0.116332166,0.040440276,0.03945631,0.0678545
3019,2026-07-29,-0.07957158,-0.071484424,-0.11550818,0.020384235,0.028726894,0.028698662
3021,2026-07-29,0.12718281,0.13873716,0.24222504,0.040360622,0.052291673,0.04434762
3022,2026-07-29,0.045045495,0.082370944,0.087211564,0.02584456,0.034428194,0.029263124
3023,2026-07-29,-0.03853775,-0.05582996,-0.012927558,0.019352667,0.027702203,0.03346757
3024,2026-07-29,-0.02344698,-0.111643866,-0.04937289,0.029465359,0.041135002,0.046847876
3025,2026-07-29,0.027764857,0.018925453,-0.0065329764,0.020041341,0.030747233,0.032095283
3026,2026-07-29,-0.04428738,-0.0911665,-0.087367505,0.027291162,0.038729288,0.036170427
3027,2026-07-29,0.088366404,0.16579281,0.21861143,0.029776426,0.038175557,0.041445233
3028,2026-07-29,0.059842482,0.09395892,0.086476885,0.0315407,0.037798867,0.041317865
3029,2026-07-29,0.124781914,0.21376035,0.16071129,0.020268714,0.030643204,0.03031955
3030,2026-07-29,-0.014420779,-0.050340936,-0.0861701,0.02082408,0.02671343,0.024365656
3031,2026-07-29,0.012614915,-0.027923664,0.1391559,0.03256462,0.034727186,0.041340802
3032,2026-07-29,0.054994766,0.1354633,0.074257515,0.024389785,0.035752118,0.04065018
3033,2026-07-29,0.08355396,0.09784622,0.11252321,0.020792162,0.028164687,0.027499225
3034,2026-07-29,0.07465804,0.10465786,0.087345004,0.018551927,0.022774853,0.02885294
3035,2026-07-29,-0.12780802,-0.2170613,-0.27970985,0.028725667,0.03329996,0.03508118
3036,2026-07-29,0.0058467826,-0.06690765,-0.13334481,0.022473082,0.03458558,0.038285166
3037,2026-07-29,-0.0031645303,-0.044338994,-0.12402558,0.03112291,0.041552052,0.0641785
3038,2026-07-29,0.008932545,0.07828195,0.11792781,0.021713985,0.028525537,0.031197736
3040,2026-07-29,-0.00702192,0.021733107,0.053610872,0.019089572,0.025616238,0.025327224
3041,2026-07-29,-0.10331129,-0.23541568,-0.28116828,0.027328312,0.047110666,0.042315934
3042,2026-07-29,-0.014517455,-0.20276758,-0.15452226,0.034280267,0.047079995,0.044842027
3043,2026-07-29,0.07398551,0.008142574,0.01365475,0.0351312,0.036416426,0.045365777
3044,2026-07-29,0.031518046,0.015969332,0.0016844299,0.020775843,0.02144657,0.03010728
3045,2026-07-29,0.090524346,0.18893316,0.20253797,0.016703974,0.027718114,0.034665477
3046,2026-07-29,0.20910116,0.5000142,0.60451216,0.047640268,0.10459419,0.10956039
3047,2026-07-29,0.028812233,0.023808036,0.024357984,0.017711611,0.027612729,0.03277187
3048,2026-07-29,0.094232954,0.12071706,0.016766872,0.030825144,0.043032583,0.03981905
3049,2026-07-29,-0.042445235,-0.12416935,-0.101508774,0.030199345,0.04923489,0.049838785
3050,2026-07-29,0.10510878,0.13974164,0.14767036,0.027827905,0.03368549,0.029912012
3051,2026-07-29,-0.04611603,-0.027534079,-0.013408563,0.030787516,0.052876346,0.06105651
3052,2026-07-29,-0.0031276783,0.034033492,0.074944735,0.017937765,0.023072986,0.02297557
3054,2026-07-29,0.1195213,0.2510503,0.35117665,0.052193202,0.07295741,0.09946955
3055,2026-07-29,-0.32237017,-0.30519333,-0.4933891,0.08732161,0.11319629,0.1529641
3056,2026-07-29,-0.0096599925,-0.04190828,-0.053785447,0.0156188235,0.023918748,0.028366352
3057,2026-07-29,0.044591643,-0.09557716,-0.19484955,0.037726037,0.051490918,0.06294146
3058,2026-07-29,-0.071517296,-0.07285448,0.037705082,0.022145133,0.033482812,0.035595633
3059,2026-07-29,-0.09101143,-0.10299028,-0.023501834,0.025822733,0.033174824,0.037886567
3060,2026-07-29,-0.118089184,-0.20516385,-0.15909767,0.03724849,0.04302869,0.033575855
3062,2026-07-29,-0.047227602,-0.059165962,-0.11094379,0.020436313,0.023473548,0.019110125
3066,2026-07-29,-0.092490464,-0.2291171,0.0207776,0.049639866,0.076570444,0.08299548
3071,2026-07-29,-0.0040504406,0.0296928,0.06807876,0.02481897,0.034114245,0.041973006
3073,2026-07-29,0.110154256,0.116543576,0.22430655,0.031396598,0.05330418,0.06491056
3078,2026-07-29,-0.04706741,-0.084899835,-0.13332067,0.020930033,0.026559347,0.034314334
3081,2026-07-29,-0.061164476,-0.08206443,-0.16487052,0.021143386,0.02966543,0.034546137
3083,2026-07-29,-0.021164676,0.005968092,0.022747787,0.012897106,0.021266803,0.017889721
3085,2026-07-29,-0.06669285,-0.05824948,0.04527257,0.035804078,0.045288555,0.04500597
3086,2026-07-29,0.027749946,-0.019112464,0.13210377,0.056725428,0.07344618,0.065513015
3088,2026-07-29,-0.07990485,-0.1500802,-0.28680477,0.038608428,0.057582237,0.053404473
3090,2026-07-29,0.25700468,0.42108586,0.6892287,0.12063314,0.16713473,0.16357164
3092,2026-07-29,0.13996385,0.09254599,-0.028273828,0.030918512,0.032064125,0.034909975
3093,2026-07-29,-0.08571546,-0.15038672,-0.16264628,0.027793067,0.040040076,0.037429947
3094,2026-07-29,0.94893765,1.576388,1.3482399,0.16853847,0.25770542,0.17376937
3095,2026-07-29,0.03742491,0.045353714,0.08278827,0.025312413,0.034849383,0.040160418
3105,2026-07-29,-0.15154843,-0.2614964,-0.3275285,0.044225164,0.08434076,0.07940776
3114,2026-07-29,0.3241274,0.2630108,0.5756006,0.06886743,0.07193974,0.09002972
3118,2026-07-29,0.13324259,0.24619277,0.3184138,0.020182472,0.025865994,0.024799887
3122,2026-07-29,0.3035056,0.33808225,0.445746,0.070104696,0.09616009,0.09854108
3128,2026-07-29,-0.061445985,-0.09510234,-0.061971117,0.0252326,0.038132563,0.02589047
3130,2026-07-29,-0.03363335,-0.058932703,-0.06652607,0.018192282,0.023126673,0.023218011
3131,2026-07-29,0.025515832,-0.0028062204,-0.033846296,0.023773981,0.030332128,0.02927916
3135,2026-07-29,-0.46419236,-0.7910725,-0.28635237,0.08294201,0.11507441,0.119095154
3138,2026-07-29,0.07134606,-0.04233565,-0.1480759,0.018635312,0.027991794,0.033603474
3141,2026-07-29,-0.025473941,-0.0013656233,-0.044231366,0.01773711,0.027044458,0.029503522
3147,2026-07-29,0.20002444,0.43959293,0.4776809,0.097293764,0.14555022,0.1255774
3149,2026-07-29,-0.110283405,-0.19376488,-0.19691119,0.033229895,0.04962556,0.04108616
3150,2026-07-29,0.15729085,0.18778335,0.2741111,0.024738923,0.02865453,0.042669453
3152,2026-07-29,-0.17322809,-0.27325433,-0.32902443,0.027902406,0.04742054,0.055676624
3162,2026-07-29,-0.02700545,-0.039740488,-0.10548147,0.01395556,0.02580096,0.029798612
3163,2026-07-29,-0.08897606,-0.14914745,-0.22788216,0.022914642,0.032846604,0.037471455
3164,2026-07-29,0.029225476,0.052876666,0.10532662,0.018863913,0.02880773,0.033214718
3167,2026-07-29,-0.017974945,-0.015663551,-0.043117285,0.028385015,0.027487192,0.03847545
3168,2026-07-29,0.053128887,0.09698853,0.12726463,0.023412848,0.031935915,0.024772786
3169,2026-07-29,-0.074929975,-0.12731788,-0.1944296,0.0199595,0.028543891,0.031221181
3171,2026-07-29,0.13717328,0.2583454,0.32204425,0.018076342,0.02929531,0.03908951
3176,2026-07-29,-0.089388065,-0.12967435,-0.110718265,0.022462152,0.03741522,0.034307383
3178,2026-07-29,0.055099826,0.03836815,0.020424942,0.036276583,0.051960427,0.045845613
3188,2026-07-29,0.02399838,0.021513427,0.071630046,0.024727134,0.033965338,0.045130625
3189,2026-07-29,0.069121696,-0.024851328,-0.13759969,0.022059022,0.024895275,0.042960647
3191,2026-07-29,0.043506317,-0.02672375,0.025843434,0.036798067,0.04119956,0.06810959
3205,2026-07-29,-0.06513923,-0.07210407,-0.08580691,0.018684948,0.02897881,0.032066397
3206,2026-07-29,0.05093526,0.1215347,0.13650385,0.02579195,0.032631375,0.024142606
3207,2026-07-29,0.28144136,0.3997139,0.6249936,0.08871465,0.10753315,0.13419737
3209,2026-07-29,0.102197565,0.17805812,0.14256595,0.021269418,0.034870483,0.033704992
3211,2026-07-29,0.12577035,0.050830696,-0.013485507,0.027374823,0.029042337,0.030362276
3213,2026-07-29,0.0663059,0.22449297,0.31155542,0.02553355,0.043615635,0.046115007
3217,2026-07-29,-0.010532222,0.00791374,-0.012712568,0.014961234,0.019186106,0.026735619
3218,2026-07-29,0.06555699,0.09010987,0.073798366,0.014211862,0.019511884,0.022418402
3219,2026-07-29,-0.015151843,-0.1255863,-0.17719872,0.037110303,0.06548845,0.06461985
3221,2026-07-29,0.5015564,0.8554741,0.6353561,0.15779692,0.20771039,0.2255006
3224,2026-07-29,-0.048297796,-0.060284447,-0.022569425,0.026938826,0.03507685,0.03588156
3226,2026-07-29,0.036214665,0.07881263,0.16226657,0.022330217,0.028725643,0.029306484
3227,2026-07-29,-0.06904588,-0.09951508,-0.17339261,0.03279525,0.057518955,0.055485275
3228,2026-07-29,0.38416278,0.7028376,0.6735551,0.13084966,0.2581593,0.19283395
3229,2026-07-29,0.11322679,0.23137566,0.350932,0.03310873,0.062568806,0.07277535
3230,2026-07-29,0.36728418,0.4738513,0.4432656,0.1491442,0.23131406,0.17328554
3231,2026-07-29,-0.012238827,-0.09608677,-0.09563354,0.027582616,0.030332375,0.037654385
3232,2026-07-29,0.060911957,0.05014024,0.052919704,0.017530799,0.025788812,0.02792529
3234,2026-07-29,0.25115886,0.36098877,0.29589587,0.076680325,0.15978354,0.12618157
3236,2026-07-29,0.0829062,0.042098843,0.2548417,0.09436957,0.12587495,0.11983171
3252,2026-07-29,-0.068186186,-0.07196525,-0.021098373,0.021646386,0.025097316,0.030789886
3257,2026-07-29,-0.2311492,-0.4113687,-0.30147028,0.024848346,0.043890674,0.042576376
3259,2026-07-29,-0.039487224,0.051584817,0.21570714,0.023308558,0.040616702,0.05003175
3260,2026-07-29,-0.07286557,-0.13448556,-0.2643091,0.034943536,0.05191284,0.04691037
3264,2026-07-29,-0.10680221,-0.23457572,-0.24726978,0.025375774,0.030014737,0.042598125
3265,2026-07-29,0.12243717,0.04572562,0.1027888,0.07617031,0.09204209,0.09404819
3266,2026-07-29,0.16779807,0.3013391,0.34259388,0.020915452,0.035750765,0.036791172
3268,2026-07-29,0.44487762,0.8849952,0.92758846,0.09807596,0.17452596,0.18128976
3272,2026-07-29,-0.0021830315,-0.011698078,0.030853737,0.020320807,0.023720236,0.031499602
3276,2026-07-29,0.20990488,0.48320326,0.6545648,0.066775344,0.112464346,0.1334927
3284,2026-07-29,0.017782068,-0.028129114,0.70915014,0.061412755,0.08531959,0.15536503
3285,2026-07-29,0.08644072,0.18242995,0.43655643,0.04422323,0.081980914,0.120713554
3287,2026-07-29,0.035070553,0.091695435,0.09080028,0.017707458,0.027868671,0.030743748
3288,2026-07-29,-0.07895914,-0.09243869,-0.048039522,0.05732969,0.07971481,0.069269165
3289,2026-07-29,-0.15444097,-0.30790442,-0.35506096,0.024338745,0.033829242,0.035692453
3290,2026-07-29,0.11860817,0.22887863,0.3607773,0.025176419,0.04559691,0.060347322
3293,2026-07-29,0.0062139314,0.0377269,0.01843375,0.016512305,0.019355413,0.021228107
3294,2026-07-29,0.020918364,-0.07218281,0.016777528,0.053196378,0.064359486,0.061231945
3296,2026-07-29,0.1900168,0.35412788,0.6470906,0.05094637,0.08570052,0.096079074
3297,2026-07-29,0.04725671,0.0099080205,0.07707872,0.029460922,0.032281063,0.03483585
3303,2026-07-29,-0.11142888,-0.14468066,-0.09186216,0.02036065,0.02829581,0.033413094
3305,2026-07-29,-0.015405089,-0.08250507,-0.17438678,0.024251055,0.032794613,0.04529422
3306,2026-07-29,0.03946084,0.10640586,0.06897898,0.026750026,0.041087862,0.045342308
3308,2026-07-29,0.0864093,0.13140723,0.2204,0.031070502,0.037904374,0.043595344
3310,2026-07-29,-0.013287899,0.0147875035,0.007382038,0.021864012,0.020183176,0.026463276
3311,2026-07-29,-0.043111976,-0.10970647,-0.091104746,0.028395113,0.033768415,0.029910132
3312,2026-07-29,0.124831714,0.06492505,0.14616323,0.039722987,0.05845351,0.078842126
3313,2026-07-29,0.056610942,0.08918125,0.19644587,0.030130822,0.04927292,0.062895246
3317,2026-07-29,0.004865682,-0.068346515,-0.039668884,0.03245547,0.04527267,0.03959256
3321,2026-07-29,-0.03207714,-0.15529229,-0.21591584,0.06322571,0.081976764,0.08482653
3322,2026-07-29,0.1327206,0.36243495,0.47307327,0.044873767,0.099271394,0.11811103
3323,2026-07-29,0.20258884,0.09360765,0.022986824,0.0289595,0.028025156,0.03519879
3324,2026-07-29,-0.017062813,-0.022996511,-0.072352394,0.017242573,0.028900294,0.0337765
3325,2026-07-29,-0.020117538,0.02439281,0.26660293,0.054980136,0.07694881,0.107705496
3332,2026-07-29,0.03636644,0.09175703,0.13974221,0.02599959,0.039802954,0.040940303
3338,2026-07-29,0.027759137,-0.03329513,-0.0674196,0.029416777,0.033133384,0.034743737
3339,2026-07-29,-0.1535953,-0.44284675,-0.29122606,0.042878293,0.0824779,0.07702355
3346,2026-07-29,0.22082315,0.2216431,0.3336981,0.045517758,0.043529738,0.05861994
3349,2026-07-29,-0.0899096,-0.20772712,-0.27299544,0.031349313,0.057034947,0.06379874
3354,2026-07-29,0.3502812,0.3616701,0.34844977,0.050645676,0.07776423,0.086379826
3356,2026-07-29,0.1117187,0.23148373,0.2806205,0.0187017,0.030283164,0.03435554
3357,2026-07-29,0.06826849,-0.016394835,0.13891172,0.050006744,0.085009225,0.082233585
3360,2026-07-29,0.36806962,0.44823498,0.4048509,0.09510608,0.13585828,0.11542481
3362,2026-07-29,-0.19932562,-0.18314959,-0.19092797,0.042307477,0.054108266,0.043692183
3363,2026-07-29,-0.25005698,-0.36355597,-0.40483838,0.043398548,0.06559332,0.062188007
3372,2026-07-29,0.06046463,-0.12359107,-0.030144505,0.047165234,0.052186657,0.058358565
3373,2026-07-29,0.053137217,0.042651106,0.061720982,0.024153277,0.019689508,0.03036844
3374,2026-07-29,0.01591217,-0.12210528,-0.18497865,0.031011999,0.028434176,0.037548017
3376,2026-07-29,-0.104749784,-0.1898834,-0.20578057,0.031704128,0.032949988,0.052766677
3379,2026-07-29,0.020728303,-0.0799898,0.040780913,0.027399154,0.03615366,0.039266143
3380,2026-07-29,0.021877082,0.07147636,0.03385081,0.024857854,0.024824457,0.026906298
3388,2026-07-29,-0.083730936,-0.060690198,0.02006193,0.022236902,0.03165948,0.050493706
3390,2026-07-29,0.13788308,0.2200093,0.27426645,0.03193902,0.039226856,0.05832212
3402,2026-07-29,0.0014563693,-0.052455653,-0.06969063,0.021021215,0.033972267,0.038594138
3406,2026-07-29,-0.11798207,-0.1414909,-0.1416199,0.032084372,0.025314748,0.02966008
3413,2026-07-29,-0.021646846,-0.08133845,-0.053445444,0.020720208,0.037753824,0.033342272
3416,2026-07-29,0.0061294464,0.09935136,0.10110559,0.0314591,0.063416936,0.06583919
3419,2026-07-29,0.027069513,0.14693405,0.21216987,0.028126659,0.031548187,0.032856286
3430,2026-07-29,0.18404548,0.2335213,0.12424819,0.049856015,0.06978159,0.06525592
3432,2026-07-29,0.03729669,0.15832224,0.37612006,0.031101918,0.048968505,0.043432526
3434,2026-07-29,0.08978959,0.16031356,0.2398478,0.02658903,0.052566785,0.058425635
3437,2026-07-29,0.15856768,0.13052027,0.08929731,0.03202879,0.033334177,0.034035422
3438,2026-07-29,0.40480155,0.3164204,0.2821344,0.10683462,0.12807213,0.14255232
3441,2026-07-29,-0.19131082,0.44396788,0.08717966,0.14044653,0.23372152,0.22863847
3443,2026-07-29,-0.022910703,-0.028926292,-0.08461079,0.02076139,0.02507342,0.026331913
3444,2026-07-29,0.16724272,0.16983531,0.103086725,0.040437106,0.05275219,0.05844062
3447,2026-07-29,0.10364596,0.06736001,0.12972131,0.027715812,0.03355814,0.03497712
3450,2026-07-29,0.09556413,0.15773767,0.122362696,0.04027399,0.06681563,0.07084765
3455,2026-07-29,0.20644172,-0.0990808,0.13375759,0.09018672,0.1437648,0.13929048
3465,2026-07-29,0.07477795,0.13898824,0.14302032,0.032132756,0.047191616,0.046009656
3466,2026-07-29,-0.0036757216,-0.007181573,0.0076737893,0.02440873,0.044378895,0.049408913
3467,2026-07-29,0.3146556,0.34751,0.47825667,0.06315708,0.076269746,0.0995888
3479,2026-07-29,0.15709274,0.012626419,0.17445278,0.050306972,0.06568962,0.07986242
3481,2026-07-29,-0.03752168,-0.07626343,-0.2063913,0.030237434,0.035564315,0.040239133
3483,2026-07-29,-0.03903661,-0.088325664,-0.13562702,0.027904896,0.037894458,0.053565145
3484,2026-07-29,0.036593597,0.07227742,0.11492958,0.0220956,0.036639545,0.03798065
3489,2026-07-29,0.012550589,0.10516068,0.16856283,0.024027893,0.0340018,0.033749785
3490,2026-07-29,-0.09813474,-0.15296586,-0.17547701,0.028084086,0.035838056,0.040440284
3491,2026-07-29,-0.03334866,-0.0413083,-0.077401005,0.016696298,0.02309953,0.029972749
3492,2026-07-29,0.09779237,0.21368627,0.26289946,0.019818634,0.036410198,0.040534925
3494,2026-07-29,0.008692088,0.10037243,0.18672225,0.028547326,0.03885157,0.04809936
3498,2026-07-29,0.0453755,0.049627837,0.001434835,0.055493917,0.10080125,0.11311033
3499,2026-07-29,0.050751146,0.02863351,0.12153996,0.024522109,0.03022143,0.02977209
3501,2026-07-29,0.04435381,0.098607525,0.11570743,0.021706624,0.034661785,0.037697345
3504,2026-07-29,0.10085232,-0.30246767,-0.45282465,0.09986084,0.079757854,0.08518403
3508,2026-07-29,-0.33830702,-0.6587143,-0.6076192,0.0560735,0.076162286,0.08615501
3511,2026-07-29,0.12447289,0.071461186,0.7670092,0.049132843,0.055248898,0.19353361
3512,2026-07-29,0.10919692,0.21035631,0.2519049,0.01549073,0.029173685,0.033382043
3515,2026-07-29,0.058881555,0.09449183,0.06795363,0.018969044,0.023800323,0.031430278
3516,2026-07-29,0.024782075,0.12441445,0.19430694,0.026860276,0.063049525,0.05417575
3518,2026-07-29,0.32208222,0.2818641,0.26399925,0.031681433,0.04119292,0.051657416
3520,2026-07-29,0.09041944,0.17473857,0.116296336,0.04700635,0.07832858,0.0890238
3521,2026-07-29,0.08711857,0.10378293,0.16757567,0.03915536,0.06974338,0.068874866
3522,2026-07-29,0.2311936,0.33932987,0.569708,0.06906778,0.11735946,0.14569268
3523,2026-07-29,-0.054480035,-0.18145071,-0.08031598,0.06185039,0.078391925,0.088051476
3526,2026-07-29,0.0154105,-0.029612875,-0.0031548054,0.023897134,0.04174649,0.06342252
3527,2026-07-29,0.13583559,0.12637408,0.12824032,0.02330609,0.026724605,0.039187178
3528,2026-07-29,0.076055676,0.15543722,0.10886122,0.024221564,0.02898152,0.030463697
3529,2026-07-29,-0.001334701,0.013046948,-0.024569202,0.02609116,0.032407112,0.02778888
3530,2026-07-29,0.042487454,0.081084475,0.03701566,0.019020222,0.024502363,0.0246092
3531,2026-07-29,0.2774021,0.50860506,0.68993086,0.03851153,0.061895896,0.07426229
3532,2026-07-29,-0.078928865,-0.19031572,-0.13293171,0.03351806,0.047280498,0.044594128
3533,2026-07-29,0.035056133,0.061183237,0.022073021,0.02640463,0.0321067,0.028009111
3535,2026-07-29,-0.028956112,-0.15046215,-0.16598414,0.029520482,0.043388188,0.04357026
3537,2026-07-29,0.42702052,0.3531851,0.18122627,0.06394326,0.06763845,0.07635401
3540,2026-07-29,0.16077913,0.1591731,0.10076065,0.043133527,0.060346235,0.07733019
3541,2026-07-29,-0.06558386,-0.06709444,-0.014563933,0.028504424,0.036910597,0.04081569
3543,2026-07-29,-0.102275625,-0.13979138,-0.11916348,0.026069857,0.035766114,0.03634329
3545,2026-07-29,-0.0016833164,-0.021972705,-0.07971177,0.013373011,0.021983154,0.02299238
3546,2026-07-29,0.07319899,0.14630371,0.14983702,0.019887028,0.029423717,0.028114073
3548,2026-07-29,-0.015074458,-0.0413515,-0.101986274,0.026081452,0.03536813,0.04274884
3550,2026-07-29,0.86145985,1.6854008,4.0234175,0.28878456,0.5049942,1.1994199
3551,2026-07-29,-0.090173155,-0.1289292,-0.11967695,0.020686513,0.023995852,0.037322965
3552,2026-07-29,-0.06292291,-0.07594908,-0.09557351,0.015451501,0.023930373,0.03344891
3555,2026-07-29,0.42949173,0.19997586,0.013959342,0.19326226,0.25288093,0.27892935
3556,2026-07-29,0.5337393,1.0365394,0.9742,0.07819496,0.16089545,0.16057946
3557,2026-07-29,0.08030154,0.114129476,0.07821603,0.028101996,0.034220014,0.03608992
3558,2026-07-29,-0.051171813,-0.13942912,-0.18845126,0.0174779,0.028120046,0.025885954
3563,2026-07-29,-0.048034918,-0.035376254,-0.108504094,0.021359295,0.04198781,0.034450755
3564,2026-07-29,0.08345931,0.059354696,0.15893975,0.041061427,0.060568295,0.064508244
3567,2026-07-29,0.10215724,0.23616041,0.3528223,0.067701004,0.14899196,0.17442895
3570,2026-07-29,-0.017844709,-0.035816763,-0.008376704,0.016064757,0.022135701,0.026992513
3576,2026-07-29,-0.02517325,-0.2505205,-0.22226651,0.023873407,0.032616753,0.041712243
3577,2026-07-29,-0.011443672,-0.40346676,-0.38082504,0.15502134,0.20587336,0.21376549
3580,2026-07-29,0.06854798,0.026650993,-0.099648096,0.035954416,0.051079404,0.055407025
3581,2026-07-29,0.31893665,0.23883499,0.2534553,0.18608463,0.20775352,0.20708567
3583,2026-07-29,-0.061903324,-0.09938157,-0.12931582,0.020637376,0.028572405,0.038448323
3587,2026-07-29,-0.15118234,-0.29749626,-0.3052894,0.02955898,0.04562571,0.056497335
3588,2026-07-29,0.3225993,0.15264677,0.105178006,0.0508316,0.05612074,0.057873778
3591,2026-07-29,0.011048913,0.015660409,0.13449857,0.021183446,0.026701981,0.030794045
3592,2026-07-29,-0.012848435,0.026388688,0.06952119,0.020365968,0.025355885,0.021968154
3593,2026-07-29,-0.15040633,-0.23417316,-0.099435076,0.03822603,0.05354759,0.05589522
3594,2026-07-29,-0.28424862,-0.31308377,-0.2692745,0.04129393,0.057691265,0.067122504
3596,2026-07-29,-0.028687228,-0.06720602,-0.06658973,0.017106868,0.020613095,0.02198688
3597,2026-07-29,0.1299885,0.26633438,0.36234188,0.029066727,0.057277825,0.06058315
3605,2026-07-29,-0.030146746,-0.16418903,-0.18547532,0.023340749,0.03816505,0.036528498
3607,2026-07-29,0.003880711,0.015167153,0.13309017,0.0202747,0.03395842,0.034039356
3609,2026-07-29,0.084998816,0.26881996,0.46231985,0.041692313,0.06377376,0.0834449
3611,2026-07-29,-0.03849194,-0.07261011,-0.0821132,0.01881532,0.01686618,0.027306711
3615,2026-07-29,0.48215267,0.50283843,1.2507678,0.11516974,0.20150968,0.21053654
3617,2026-07-29,-0.003722119,0.100793794,0.109160684,0.027014827,0.052663315,0.057004023
3622,2026-07-29,-0.043618646,-0.047370687,-0.0791999,0.012842701,0.019376984,0.024039837
3623,2026-07-29,-0.04417867,-0.02621595,0.17187716,0.027852448,0.048680477,0.0520943
3624,2026-07-29,-0.04930455,-0.262016,-0.30443102,0.059558213,0.09236287,0.13111131
3625,2026-07-29,0.3317266,0.42371604,0.4358989,0.069905125,0.11460512,0.118750505
3628,2026-07-29,0.053233407,0.03783738,0.0242272,0.018553581,0.024204008,0.030061452
3630,2026-07-29,-0.1481484,-0.18670566,-0.2117395,0.029981269,0.034929343,0.03289893
3631,2026-07-29,0.12833938,0.13629109,0.16606659,0.031544883,0.041251443,0.03528303
3632,2026-07-29,-0.04145994,-0.09316931,-0.0010305755,0.031023366,0.048540615,0.054039624
3645,2026-07-29,0.15907504,0.20249987,0.053160693,0.025997527,0.028359333,0.043968063
3646,2026-07-29,-0.024499768,0.047453232,0.038661424,0.028634554,0.031944003,0.038841423
3652,2026-07-29,0.08302219,0.23934284,0.51501304,0.03774007,0.0531717,0.06942233
3653,2026-07-29,-0.008031659,-0.03036702,-0.07081278,0.024725717,0.025412995,0.030880807
3661,2026-07-29,0.0119306715,0.078256465,0.08418215,0.02583558,0.044006307,0.048616055
3663,2026-07-29,-0.004285461,-0.1037714,-0.086655825,0.07179963,0.127323,0.09973228
3664,2026-07-29,0.000982626,0.019393662,-0.098827206,0.03837245,0.057806566,0.064354114
3665,2026-07-29,-0.010010936,-0.030308152,-0.032612216,0.0321196,0.026262634,0.027371433
3666,2026-07-29,0.024104659,0.16478732,0.14637288,0.0281424,0.044379253,0.044701762
3669,2026-07-29,-0.060761794,0.08244154,0.1843057,0.052027512,0.08050254,0.08271235
3672,2026-07-29,1.1551476,2.0223746,1.8444813,0.24076185,0.42279795,0.33445105
3673,2026-07-29,0.099030934,0.067832045,-0.04184502,0.024925072,0.04020031,0.053927183
3675,2026-07-29,-0.2193401,-0.48574027,-0.4117479,0.058472708,0.06999571,0.08968008
3679,2026-07-29,0.03156467,0.060786087,0.080581106,0.023921566,0.022548517,0.025119534
3680,2026-07-29,-0.045957685,-0.089485444,-0.10682894,0.024363464,0.026296223,0.039274707
3684,2026-07-29,-0.05196992,-0.13800809,-0.16086127,0.021055063,0.032251094,0.036474355
3685,2026-07-29,-0.17659092,-0.36098644,-0.49188104,0.0724434,0.113666564,0.12716353
3686,2026-07-29,-0.03132379,-0.045363504,-0.007718834,0.023230407,0.033162992,0.030597733
3687,2026-07-29,-0.03735641,-0.14920972,-0.15416098,0.018704556,0.029604051,0.023604931
3689,2026-07-29,-0.009528518,-0.039081816,-0.076417655,0.02170496,0.034864917,0.041761555
3691,2026-07-29,-0.08682247,-0.09887578,-0.1495685,0.032801647,0.050608475,0.045874916
3693,2026-07-29,-0.077473976,-0.1997667,-0.24488847,0.026790107,0.045518037,0.05127183
3694,2026-07-29,-0.022085266,-0.10965128,-0.20294397,0.020184688,0.0325346,0.042876333
3701,2026-07-29,0.019577961,-0.02767383,-0.10589342,0.024779838,0.025482647,0.030251764
3702,2026-07-29,0.11455536,0.087032564,0.048423555,0.017873922,0.030624524,0.029523913
3703,2026-07-29,0.08186209,0.11999876,0.08972359,0.018406732,0.017979119,0.021506598
3704,2026-07-29,0.08539099,0.038915794,0.0017418322,0.021383103,0.027491419,0.025282206
3705,2026-07-29,0.006284072,0.027554277,0.018651674,0.015920285,0.01891755,0.019402394
3706,2026-07-29,-0.019535752,-0.014133886,-0.059289716,0.019062512,0.02630239,0.026280582
3707,2026-07-29,-0.019144412,0.015298307,-0.017195562,0.04594722,0.089804664,0.08994454
3708,2026-07-29,0.0251965,0.08028633,0.10354371,0.027911913,0.052921433,0.052965038
3709,2026-07-29,-0.0692863,-0.075069234,-0.06748341,0.022431076,0.0345615,0.03468652
3710,2026-07-29,0.068471715,0.095354475,0.2371281,0.035451617,0.06525668,0.08899423
3711,2026-07-29,-0.00059457,-0.14237764,-0.1761947,0.03448374,0.041269686,0.04046878
3712,2026-07-29,-0.07766899,-0.048353102,-0.15113923,0.041869894,0.051183548,0.03823995
3713,2026-07-29,0.06812089,0.12253925,0.21378747,0.034430645,0.046808094,0.049576104
3714,2026-07-29,-0.10851776,-0.1302577,-0.13651493,0.017808622,0.01729794,0.017703272
3715,2026-07-29,0.08075769,0.11562502,0.18901297,0.038964145,0.040297955,0.03975146
3716,2026-07-29,0.01149055,0.020648964,0.0044888062,0.018256126,0.024912018,0.030180471
3717,2026-07-29,-0.17156614,-0.15605967,0.10697276,0.061989967,0.090402246,0.10367834
4102,2026-07-29,-0.03104595,-0.08532176,-0.05559621,0.02702888,0.039080378,0.036953297
4104,2026-07-29,0.022514407,0.03502898,0.03329594,0.015959198,0.02007844,0.0238656
4105,2026-07-29,0.04570992,0.11898725,0.13983522,0.017997706,0.019738397,0.029974995
4106,2026-07-29,0.1471317,0.20064606,0.22494136,0.026646668,0.036161833,0.037991527
4107,2026-07-29,0.07725517,0.10284942,0.07595617,0.01597763,0.025154654,0.028751936
4108,2026-07-29,-0.12731005,-0.13250732,-0.09017686,0.028023342,0.02641111,0.03293265
4109,2026-07-29,-0.023589408,-0.04557914,-0.006353809,0.025087848,0.03292441,0.028449293
4111,2026-07-29,0.0046805902,0.047993675,0.056066442,0.021625122,0.021399332,0.027448624
4113,2026-07-29,0.10081914,0.11367246,0.07023346,0.019480081,0.022836646,0.03010494
4114,2026-07-29,0.058937304,0.11069572,0.09124587,0.016735708,0.021121139,0.022386905
4116,2026-07-29,0.15984493,0.2409702,0.31296983,0.03622074,0.047534198,0.055677842
4119,2026-07-29,-0.006324,0.015266955,-0.11490365,0.029917559,0.03046314,0.030827425
4120,2026-07-29,0.010143787,-0.027373465,0.054097295,0.028224329,0.04539427,0.04758742
4121,2026-07-29,-0.103351824,-0.107895456,-0.018032236,0.024162456,0.027659656,0.022756917
4123,2026-07-29,0.19908866,0.21536732,0.11260348,0.03065959,0.035358753,0.034337305
4126,2026-07-29,0.0075879158,0.0050500412,0.015175474,0.012492896,0.017644675,0.021420274
4127,2026-07-29,-0.030941447,-0.043882173,-0.0032476308,0.028732844,0.047555447,0.048457686
4128,2026-07-29,-0.1468804,-0.21610549,-0.21537755,0.023177823,0.029357294,0.033073973
4129,2026-07-29,0.00286228,0.018341282,0.008430845,0.01720552,0.026345871,0.026325451
4131,2026-07-29,-0.023722943,0.1170523,0.0831907,0.03383035,0.04239308,0.044927143
4133,2026-07-29,0.060345385,0.08335397,0.21342435,0.037440367,0.043311775,0.049122225
4137,2026-07-29,-0.06785866,-0.081933476,-0.11123492,0.021220399,0.02298127,0.020749249
4138,2026-07-29,-0.030993907,-0.06959547,-0.08510197,0.012299307,0.020124523,0.020493891
4139,2026-07-29,0.034082167,-0.0588688,0.17370342,0.04501264,0.06441966,0.06406483
4142,2026-07-29,0.04747835,0.08573332,0.061804555,0.0135611985,0.020268556,0.026389776
4147,2026-07-29,-0.13566676,-0.16779158,-0.2173987,0.025741832,0.037143588,0.046413705
4148,2026-07-29,-0.05228689,-0.06923667,-0.06059746,0.029253036,0.025745679,0.031907115
4153,2026-07-29,0.037115913,0.07972134,0.12372379,0.01972108,0.031565115,0.029726498
4154,2026-07-29,0.06894107,0.105802804,0.20461048,0.03308489,0.046025056,0.049563654
4155,2026-07-29,0.0392856,0.055332832,0.09054596,0.01899076,0.026988074,0.030462915
4157,2026-07-29,0.5418313,1.304708,7.4941583,0.26584747,0.4206114,2.1111345
4160,2026-07-29,-0.03139758,-0.067299984,-0.056186024,0.027336799,0.03661931,0.033194546
4161,2026-07-29,0.034897458,0.062298093,0.07613392,0.018191438,0.022716412,0.026907666
4162,2026-07-29,0.08445661,0.1146921,0.11111588,0.01492521,0.017818267,0.018403996
4163,2026-07-29,-0.08769973,-0.1610245,-0.20082566,0.021707403,0.029445188,0.03849628
4164,2026-07-29,-0.032805275,0.01864905,0.033751562,0.018632764,0.028234592,0.045784496
4166,2026-07-29,0.06677207,0.086967915,0.061260328,0.01762699,0.030254647,0.033309374
4167,2026-07-29,-0.0103644,-0.019401586,0.0033250009,0.016999498,0.02016174,0.019410348
4168,2026-07-29,-0.024150126,-0.017984303,0.07227198,0.026785677,0.031320434,0.04207227
4171,2026-07-29,0.123101234,0.1506876,0.13938674,0.028125215,0.0293514,0.03275365
4173,2026-07-29,-0.07224891,-0.12061869,-0.067309506,0.019574609,0.028671507,0.02956889
4174,2026-07-29,-0.09660093,-0.20302261,-0.24079093,0.024401713,0.037269767,0.044151545
4175,2026-07-29,-0.031508993,-0.08960361,-0.122415304,0.016057385,0.023527628,0.034531426
4183,2026-07-29,-0.26498824,-0.4370972,-0.097391464,0.05839957,0.07761901,0.10710258
4188,2026-07-29,-0.029790346,0.0063978713,0.12905715,0.0283048,0.028414201,0.044573758
4190,2026-07-29,0.028980287,-0.040108748,-0.0776896,0.025441078,0.033800095,0.03621484
4198,2026-07-29,-0.16091377,-0.1229066,-0.18234898,0.063147046,0.07073373,0.08382262
4205,2026-07-29,0.0006339098,-0.012591376,-0.003602936,0.0137604065,0.023382729,0.024916233
4207,2026-07-29,0.07505776,0.1534447,0.17824432,0.016417354,0.020612108,0.02452148
4303,2026-07-29,-0.052357018,-0.070099324,-0.10879142,0.019364908,0.019539349,0.027717838
4304,2026-07-29,0.08194407,-0.035952624,-0.03740818,0.06750126,0.083953224,0.08650554
4305,2026-07-29,0.044165887,0.083606124,0.14693244,0.025579955,0.0337867,0.031888384
4306,2026-07-29,-0.013953407,-0.0060901297,-0.021238754,0.016261693,0.016358513,0.016934471
4401,2026-07-29,0.063187726,0.10334158,0.15469293,0.02112241,0.023009472,0.022365054
4402,2026-07-29,0.012401311,-0.21607576,-0.002242677,0.06746709,0.07164656,0.05820086
4406,2026-07-29,0.14272285,0.21443583,0.29784253,0.034982678,0.046396334,0.04478465
4413,2026-07-29,0.100641295,0.16290344,0.09989075,0.021811785,0.024968911,0.036727108
4414,2026-07-29,0.057090584,0.12473669,0.18519865,0.030156685,0.03741426,0.04020647
4416,2026-07-29,0.22831379,0.37984034,0.67669487,0.05454236,0.074971296,0.102697395
4417,2026-07-29,-0.018809773,-0.012313706,-0.010022327,0.014811475,0.020852137,0.023555009
4419,2026-07-29,-0.050381318,-0.20055361,-0.2975144,0.039822623,0.044821065,0.055355173
4420,2026-07-29,-0.04050695,-0.10855714,-0.11693876,0.016401315,0.02579281,0.029835815
4426,2026-07-29,0.045792546,0.025522882,0.060139764,0.021166299,0.034411516,0.03191222
4430,2026-07-29,-0.0641558,-0.057118166,-0.036621705,0.020015113,0.029784145,0.030996026
4432,2026-07-29,0.011323551,0.03398835,0.06846609,0.014032553,0.02182696,0.027894128
4433,2026-07-29,-0.029124593,-0.0633609,-0.06036327,0.016833788,0.025444925,0.025883976
4438,2026-07-29,-0.034248885,-0.06420191,-0.078239396,0.020394733,0.021375118,0.021805432
4439,2026-07-29,-0.023697078,-0.088764906,-0.051029574,0.02178399,0.023932736,0.027830716
4440,2026-07-29,0.035688736,0.09869539,0.13973822,0.022880454,0.028569162,0.035243373
4441,2026-07-29,-0.060383502,-0.090916045,-0.12020068,0.017906247,0.0299983,0.030690288
4442,2026-07-29,-0.16633424,-0.17925535,-0.20825337,0.022206118,0.050106075,0.054027993
4502,2026-07-29,0.00056504016,0.027816866,0.02119729,0.029756892,0.048113264,0.038498145
4503,2026-07-29,0.07920396,-0.007874247,-0.10125436,0.039606765,0.039073452,0.04750392
4506,2026-07-29,0.08872959,0.13157855,0.11204005,0.019837847,0.023562819,0.02509318
4510,2026-07-29,-0.10310853,-0.37258103,-0.44176203,0.04224206,0.049776338,0.05797119
4513,2026-07-29,0.022320246,-0.34321487,0.059007697,0.0683489,0.09703068,0.06932473
4523,2026-07-29,-0.11312197,-0.14571728,-0.07148232,0.020361653,0.034322944,0.027749453
4526,2026-07-29,0.08434,0.08826769,0.056540202,0.029392503,0.036973976,0.040005315
4527,2026-07-29,0.006085307,0.035383906,0.06877487,0.011797326,0.01655088,0.01760352
4528,2026-07-29,-0.044604514,-0.032420848,0.050949153,0.019037236,0.027992006,0.033499945
4529,2026-07-29,0.04446847,0.056336425,-0.009716249,0.029812628,0.04041399,0.045476317
4530,2026-07-29,0.03418793,0.10443062,0.08234098,0.025104722,0.038401224,0.045821823
4532,2026-07-29,-0.048530232,-0.03799684,-0.04194121,0.019005632,0.020486545,0.023033239
4533,2026-07-29,-0.0033176546,-0.0025006696,0.014800574,0.031223921,0.04041665,0.037061196
4534,2026-07-29,0.39115974,0.5176895,0.39294428,0.11862163,0.18358797,0.149894
4535,2026-07-29,0.04440727,0.0921539,0.14225738,0.021316014,0.025708286,0.029294344
4536,2026-07-29,0.084015064,0.114608094,0.119972736,0.017698662,0.01806895,0.025816502
4538,2026-07-29,-0.003205177,0.039487753,0.062270902,0.0170672,0.02120372,0.024593515
4540,2026-07-29,-0.008896415,-0.07232955,-0.13170624,0.029924452,0.0583243,0.057596996
4541,2026-07-29,-0.3746462,-0.8260589,-0.5196362,0.082517095,0.12291203,0.10930348
4542,2026-07-29,-0.055146124,-0.16384836,-0.17123964,0.043696687,0.051642243,0.055683654
4543,2026-07-29,0.087090366,0.09359015,0.08013644,0.02211223,0.024795277,0.033075422
4545,2026-07-29,0.08782018,0.16336352,0.23088351,0.019210316,0.021488564,0.026814846
4549,2026-07-29,-0.014341614,-0.10071349,-0.21996848,0.020441372,0.031371888,0.036242813
4550,2026-07-29,0.07972873,0.17583163,0.20769437,0.019309679,0.028386004,0.040424
4551,2026-07-29,-0.15469246,-0.36107925,-0.5694797,0.056647003,0.06692144,0.06995299
4552,2026-07-29,-0.014158247,-0.007239957,-0.030295713,0.016241506,0.01887875,0.028567377
4554,2026-07-29,0.09745045,0.21694237,0.29535377,0.023032986,0.03364317,0.04151906
4555,2026-07-29,0.08098391,0.048332755,0.1243464,0.029512364,0.034583747,0.0464201
4556,2026-07-29,0.04866988,-0.2957885,-0.28281307,0.04659731,0.093391284,0.103386916
4557,2026-07-29,0.14610118,0.12391612,0.1327189,0.02833983,0.03389666,0.041654225
4558,2026-07-29,0.0437791,0.09012476,0.19934225,0.022458047,0.018164659,0.026028821
4560,2026-07-29,0.03205238,0.10091574,0.16399333,0.022079036,0.030865949,0.029833963
4561,2026-07-29,0.120212704,0.0820159,0.07355161,0.026729727,0.031248404,0.03485883
4562,2026-07-29,0.068302155,-0.09412268,-0.058170345,0.027819177,0.048285276,0.053919524
4563,2026-07-29,-0.054211106,-0.093382105,-0.047123447,0.021627424,0.03055097,0.027916785
4564,2026-07-29,-0.04206175,-0.19235793,-0.017700715,0.03836447,0.056686137,0.04311814
4566,2026-07-29,-0.29562777,-0.49881533,-0.47317752,0.052960888,0.06792273,0.045521993
4568,2026-07-29,0.124908835,0.17033225,0.189312,0.027212603,0.036802348,0.03829282
4569,2026-07-29,-0.11390735,-0.15542555,-0.18260708,0.017624523,0.034162708,0.033999223
4571,2026-07-29,-0.1241991,-0.17763682,-0.18767089,0.02595026,0.036892414,0.03345899
4572,2026-07-29,0.014561095,0.047351014,0.03729379,0.017576382,0.028557586,0.026659911
4576,2026-07-29,-0.0048907804,-0.052198038,-0.13329908,0.026503514,0.039680865,0.056115642
4577,2026-07-29,-0.18649448,-0.004047933,-0.06034184,0.064945474,0.08862752,0.100463025
4580,2026-07-29,-0.01243655,-0.011417771,-0.0623795,0.01765273,0.01834047,0.028521024
4581,2026-07-29,0.15408488,0.20784327,0.2235867,0.022466635,0.029894087,0.03132604
4583,2026-07-29,-0.03291912,-0.07079447,-0.13440906,0.021592423,0.028736768,0.027663177
4584,2026-07-29,0.049187247,0.11085276,0.18879011,0.020860773,0.026567992,0.040105455
4588,2026-07-29,0.0331895,0.11985396,0.15976524,0.020577295,0.04274494,0.053664133
4609,2026-07-29,-0.07735174,-0.02494825,0.5356004,0.06547923,0.090971276,0.15857492
4702,2026-07-29,0.3691978,0.5400178,0.45981807,0.0782108,0.11760234,0.13026522
4707,2026-07-29,-0.002682786,-0.14915587,-0.04515089,0.049281266,0.08107965,0.08000391
4711,2026-07-29,0.05548101,0.061328683,0.12567234,0.017812712,0.027063044,0.033604752
4714,2026-07-29,0.012370702,-0.047535222,-0.083285205,0.029844416,0.025649713,0.02846566
4716,2026-07-29,-0.19434333,-0.33337986,-0.17566322,0.026863776,0.03752753,0.045670327
4720,2026-07-29,-0.08964906,-0.1688033,0.0535168,0.037759118,0.03853468,0.052396633
4721,2026-07-29,0.066430524,-0.044796158,-0.045047093,0.034258023,0.04125924,0.03998455
4722,2026-07-29,0.29795176,0.8091894,1.0383576,0.11860424,0.23209465,0.22068503
4726,2026-07-29,-0.07174483,-0.1267129,-0.17991379,0.020687943,0.018692793,0.038953606
4728,2026-07-29,-0.014603655,-0.028506959,-0.0052555385,0.021245968,0.030092148,0.031235205
4729,2026-07-29,0.11421355,0.15921058,0.2839223,0.03459181,0.05422498,0.054928817
4735,2026-07-29,0.08123413,0.12567756,0.16074578,0.015982246,0.032471176,0.03577618
4736,2026-07-29,0.0885174,0.14796089,0.14884134,0.01870412,0.028414614,0.028829172
4737,2026-07-29,-0.017630382,0.06650295,0.12485566,0.024170015,0.033962764,0.039720394
4739,2026-07-29,0.09810354,0.108631566,-0.05254896,0.034406424,0.059768833,0.051892202
4741,2026-07-29,0.2859749,0.33013126,0.31957486,0.054991838,0.08373926,0.09687686
4743,2026-07-29,-0.13549422,-0.20385332,-0.19212893,0.022000259,0.028054344,0.024052456
4744,2026-07-29,0.19069381,0.11851389,0.27987644,0.050491072,0.058960773,0.0833767
4745,2026-07-29,0.1833226,0.25563496,0.35088634,0.037684087,0.05355676,0.06325485
4746,2026-07-29,0.046386793,0.13046804,0.21191505,0.01969568,0.035429336,0.04783741
4747,2026-07-29,-0.110816464,-0.09972296,-0.0748993,0.030373046,0.030337948,0.03343249
4749,2026-07-29,-0.079892,-0.09120617,-0.11057803,0.013714942,0.015844116,0.022869674
4754,2026-07-29,-0.01445022,-0.06251303,-0.037055485,0.02493438,0.035000257,0.036771566
4755,2026-07-29,-0.027697451,-0.0065004556,-0.011054904,0.01856361,0.027234117,0.031529866
4760,2026-07-29,0.12593268,0.0009667352,0.13922215,0.08828561,0.12001444,0.12887973
4763,2026-07-29,-0.10059598,-0.18881449,-0.18174587,0.026529863,0.040152404,0.05401746
4764,2026-07-29,-0.4691613,-0.65088636,-0.5449841,0.07444231,0.093687385,0.09521141
4766,2026-07-29,0.1014696,0.28151524,0.2730422,0.037599206,0.05443944,0.06527622
4767,2026-07-29,0.029948838,0.071055934,0.094126396,0.02500367,0.03356514,0.03956632
4768,2026-07-29,-0.15342708,-0.41838405,-0.4654008,0.049069896,0.07104889,0.0850877
4770,2026-07-29,0.04953702,0.047866486,0.048936613,0.016419506,0.029150398,0.028159522
4771,2026-07-29,0.011897529,0.0511667,0.077596016,0.016737567,0.020028656,0.028917136
4772,2026-07-29,-0.003292573,-0.107823476,-0.1597652,0.06374666,0.078568146,0.09306213
4806,2026-07-29,0.158572,0.22928089,0.57822776,0.04289608,0.050840605,0.1114008
4807,2026-07-29,-0.020814275,-0.06858983,-0.077475786,0.024209041,0.034905996,0.0345498
4903,2026-07-29,-0.31418073,-0.37796935,-0.34809208,0.047947314,0.060933635,0.059838116
4904,2026-07-29,-0.04024697,0.03547971,0.12753578,0.023958636,0.027418692,0.04115502
4905,2026-07-29,-0.06278909,-0.06321321,-0.076202266,0.022632953,0.026717763,0.034563005
4906,2026-07-29,-0.03158043,-0.035413723,-0.041703146,0.021175105,0.031525977,0.0278885
4907,2026-07-29,0.13417965,0.2446673,0.24948606,0.025241332,0.03590376,0.035633903
4908,2026-07-29,0.06870503,0.010083501,0.045568656,0.11354196,0.11683341,0.118407205
4909,2026-07-29,0.024210295,-0.045594588,-0.13336422,0.042878497,0.06455906,0.044559214
4911,2026-07-29,-0.13003962,-0.23790754,-0.2068519,0.036916245,0.057883162,0.06078986
4912,2026-07-29,0.03849709,0.05461448,0.04111936,0.018510925,0.020271294,0.02174772
4915,2026-07-29,-0.03234147,-0.049274717,-0.075889446,0.015997117,0.020556416,0.027740862
4916,2026-07-29,0.048129335,-0.026260635,-0.09880341,0.02886342,0.04161293,0.045997724
4919,2026-07-29,-0.20480229,-0.18388297,-0.12484298,0.048626427,0.07586331,0.08096902
4923,2026-07-29,0.34357548,0.22626542,0.28417224,0.09462489,0.1492728,0.11454525
4924,2026-07-29,0.12493668,0.26229092,0.20891285,0.017577456,0.034842305,0.037685674
4927,2026-07-29,-0.03256151,-0.08025491,-0.09080244,0.052643992,0.05951267,0.0707749
4930,2026-07-29,-0.14735931,-0.25080195,-0.2210315,0.024058362,0.027471283,0.029438205
4931,2026-07-29,0.04682072,-0.0009804979,0.014546707,0.037378352,0.04994875,0.054721564
4933,2026-07-29,0.034939606,0.058079235,0.017295515,0.017293986,0.019168101,0.027679037
4934,2026-07-29,-0.008246485,-0.14493042,-0.101374485,0.042516783,0.04418337,0.047901746
4935,2026-07-29,0.08759999,0.14002606,0.15584777,0.020816585,0.024837809,0.03580121
4938,2026-07-29,0.08815919,0.13449678,0.16521476,0.017856276,0.025076179,0.034152273
4939,2026-07-29,-0.09116803,-0.118941784,-0.061979763,0.040313046,0.051751226,0.054295897
4942,2026-07-29,0.0012111614,0.0653919,0.118804246,0.016926648,0.01873438,0.02541614
4943,2026-07-29,-0.058097493,-0.11387087,-0.1229814,0.028145488,0.031792633,0.042924225
4946,2026-07-29,-0.16670665,-0.31353515,-0.4198923,0.028996795,0.03843158,0.040623706
4949,2026-07-29,0.37119865,0.3785125,0.19293894,0.08977575,0.08689203,0.09522899
4950,2026-07-29,-0.030110585,0.055723526,0.1648787,0.01903885,0.02501777,0.03292784
4951,2026-07-29,-0.04078265,-0.08480267,-0.16037579,0.022451732,0.034866806,0.030098496
4952,2026-07-29,0.010825272,-0.07667086,-0.035223983,0.029610312,0.034824453,0.0342257
4953,2026-07-29,0.09367941,0.11321522,0.065563075,0.02068571,0.035547923,0.030049091
4956,2026-07-29,0.38407925,0.41601136,0.25949898,0.05115047,0.06487805,0.061063394
4958,2026-07-29,-0.17395943,-0.34564528,-0.40317768,0.03340079,0.040250715,0.038803995
4960,2026-07-29,-0.006963798,-0.080030546,-0.1522899,0.014713525,0.02198042,0.028948173
4961,2026-07-29,0.20879377,0.32059616,0.3348668,0.03315772,0.050639633,0.05498126
4966,2026-07-29,-0.03400197,-0.072243266,-0.13972822,0.02723059,0.029802626,0.04282648
4967,2026-07-29,-0.002908746,0.100804076,0.07251304,0.045712695,0.059293818,0.057777435
4968,2026-07-29,-0.09961829,-0.17028019,-0.17228451,0.021362685,0.022293955,0.024362527
4971,2026-07-29,-0.034676623,-0.1980962,-0.19724241,0.038745273,0.055771004,0.053507015
4972,2026-07-29,-0.046381388,-0.025664989,-0.0082744155,0.03327708,0.05020513,0.049492974
4973,2026-07-29,0.15159631,0.3056153,0.28527623,0.05535367,0.09541347,0.07855446
4974,2026-07-29,0.004864028,0.016256737,-0.0034816551,0.019783143,0.024745287,0.02278839
4976,2026-07-29,0.10458116,-0.2983969,0.14205746,0.13969141,0.22900681,0.21173882
4977,2026-07-29,-0.2532687,-0.45682016,-0.41417086,0.04105673,0.05898884,0.06465004
4979,2026-07-29,-0.14365228,-0.14512847,-0.2061417,0.04105462,0.05189323,0.042315304
4989,2026-07-29,-0.25213385,-0.3771819,-0.45663658,0.04642891,0.06721906,0.06691586
4991,2026-07-29,-0.21935774,-0.31750125,-0.34977818,0.059917435,0.078248784,0.059044383
4994,2026-07-29,0.17644058,0.40739828,0.37180874,0.05027412,0.08387402,0.09675525
4995,2026-07-29,0.10100198,0.21412656,0.2409628,0.028478198,0.05127562,0.05492666
4999,2026-07-29,-0.096070595,-0.117741585,-0.07887351,0.02245138,0.02838237,0.027375225
5007,2026-07-29,-0.015237019,0.054446407,0.04052593,0.017583322,0.016521096,0.021154737
5009,2026-07-29,-0.04015896,0.0061911293,0.004327967,0.025633812,0.024878472,0.027599728
5011,2026-07-29,0.04522499,0.0674796,0.6660023,0.058057632,0.06834429,0.10842236
5014,2026-07-29,0.06782026,0.115949124,0.163917,0.018046455,0.01920968,0.026686128
5015,2026-07-29,0.054365676,0.052424066,0.065081984,0.014171704,0.022931764,0.022675019
5016,2026-07-29,0.029823966,0.08492548,0.17526232,0.016901135,0.02029766,0.029371193
5201,2026-07-29,-0.06951844,-0.16987301,-0.2356246,0.031893194,0.0388398,0.03814439
5202,2026-07-29,0.21382795,0.38332558,0.48222542,0.046888463,0.088246405,0.09747749
5203,2026-07-29,0.0012176812,0.01726966,-0.012229071,0.015257924,0.019741023,0.021505268
5206,2026-07-29,-0.05392162,-0.039898574,-0.0487415,0.018140417,0.02475968,0.02525445
5209,2026-07-29,-0.02578139,-0.019878149,-0.029226935,0.012652207,0.015830297,0.022704886
5210,2026-07-29,0.014014706,0.041246153,0.11837959,0.02215465,0.030329825,0.03676981
5211,2026-07-29,-0.023680564,-0.008544475,0.038728006,0.026634553,0.04913371,0.04872909
5212,2026-07-29,0.17378922,0.3728485,0.3976702,0.03341008,0.059624627,0.06490712
5213,2026-07-29,-0.014838411,-0.022356668,-0.06494495,0.015331605,0.019084392,0.030416746
5215,2026-07-29,0.08632179,0.21474536,0.28512305,0.01982514,0.029270418,0.034276392
5220,2026-07-29,0.1911225,0.39619282,0.5290364,0.046360936,0.07123682,0.0786386
5222,2026-07-29,-0.04741454,-0.068590276,-0.050325576,0.013008982,0.020084059,0.026988115
5223,2026-07-29,0.1161503,0.19423413,0.24122912,0.02542005,0.03642856,0.03861457
5225,2026-07-29,-0.016067963,-0.01665418,-0.021130407,0.023058482,0.031612393,0.033016108
5227,2026-07-29,0.015134504,0.15865211,0.07014489,0.059060093,0.09829861,0.098935865
5228,2026-07-29,1.5696031,2.058138,1.6976062,0.26088074,0.35411176,0.33728892
5230,2026-07-29,0.022828821,0.12698703,0.95993537,0.055352118,0.06594676,0.2038078
5234,2026-07-29,-0.065928824,-0.09069889,-0.15225989,0.021899322,0.032403026,0.042557158
5243,2026-07-29,-0.03850967,-0.07667492,-0.10746298,0.020155175,0.029455787,0.027937928
5244,2026-07-29,0.075894676,0.09045132,0.051114067,0.01733745,0.022052236,0.022098655
5245,2026-07-29,-0.03820831,0.038180623,0.17634742,0.02603075,0.050656125,0.06212142
5251,2026-07-29,0.00038633248,0.049910285,0.10649369,0.03117867,0.03866727,0.032485936
5258,2026-07-29,0.110423595,0.14248483,0.103734426,0.017553102,0.01882098,0.022898296
5263,2026-07-29,-0.06855569,-0.07952048,-0.08563646,0.021612616,0.027400836,0.024320817
5269,2026-07-29,-0.016080638,-0.013305653,-0.056933556,0.01835157,0.02235948,0.034271214
5272,2026-07-29,0.14017655,0.21654873,0.34966472,0.03385915,0.062514156,0.07207546
5274,2026-07-29,0.059633758,0.088188,0.02800547,0.023523726,0.04239407,0.0375862
5278,2026-07-29,-0.009138878,-0.0050830008,-0.0517284,0.02212893,0.019845441,0.022383245
5283,2026-07-29,0.034394152,0.078071594,-0.0048425985,0.023233978,0.03301691,0.022362389
5284,2026-07-29,-0.0953805,-0.24851182,-0.3094622,0.041475445,0.06034145,0.083483055
5285,2026-07-29,0.2579289,0.23831135,0.09850315,0.09392573,0.13950607,0.11950746
5287,2026-07-29,-0.07467256,-0.15626208,-0.19939886,0.018221974,0.024363866,0.030771775
5288,2026-07-29,-0.042160332,-0.10617624,-0.104791716,0.019862846,0.025441732,0.027917216
5289,2026-07-29,-0.0412323,-0.0654165,-0.1830492,0.018316247,0.03029785,0.03680794
5291,2026-07-29,0.11444814,0.27610078,0.34959114,0.037799265,0.07210779,0.07446872
5292,2026-07-29,0.026024591,0.1192302,0.1341905,0.033062164,0.0477721,0.05192816
5299,2026-07-29,-0.08560292,-0.5125625,-0.36421117,0.091266595,0.11335695,0.10918501
5301,2026-07-29,-0.00900489,0.013502991,0.14148153,0.020027703,0.028212082,0.03351831
5302,2026-07-29,-0.07662633,-0.27710527,-0.15185413,0.04299657,0.054781314,0.071920194
5306,2026-07-29,0.12363103,0.13579576,0.12483776,0.015662488,0.023759766,0.02530697
5309,2026-07-29,-0.23280194,-0.40009066,-0.37660933,0.03346564,0.05852244,0.05807424
5310,2026-07-29,0.1399804,0.55877686,0.5946869,0.07046476,0.13449344,0.12853691
5312,2026-07-29,-0.0156374,-0.05639273,-0.07044411,0.016559126,0.01980098,0.028994009
5314,2026-07-29,-0.14662476,-0.13911517,-0.08010828,0.04355669,0.05790059,0.060113627
5315,2026-07-29,-0.04883996,-0.09710946,-0.039454773,0.024476755,0.02938673,0.032824792
5321,2026-07-29,-0.13514322,-0.10706042,-0.03147831,0.050681867,0.08225491,0.08778028
5324,2026-07-29,0.016716784,0.077664725,0.13175279,0.021940956,0.026121896,0.0333426
5328,2026-07-29,-0.2494237,-0.19211109,-0.17345762,0.05671258,0.07668649,0.1009434
5340,2026-07-29,-0.09842782,-0.1589649,-0.1797004,0.028494809,0.027584145,0.038920306
5344,2026-07-29,0.0694213,0.072313614,0.24047956,0.031360526,0.053910036,0.057451274
5345,2026-07-29,0.07285197,0.60798305,0.50263214,0.08349382,0.19384742,0.14741194
5347,2026-07-29,-0.094995566,-0.15460685,-0.14841767,0.031739037,0.034281317,0.032370027
5348,2026-07-29,-0.10928143,-0.042316254,0.19123663,0.04895394,0.06114488,0.07400322
5351,2026-07-29,0.12535922,0.2220415,0.1971875,0.04671134,0.0688215,0.06772536
5353,2026-07-29,0.105735585,0.2401283,0.20943372,0.02648224,0.037772473,0.043874644
5355,2026-07-29,0.17504899,0.2775349,0.49008876,0.027697137,0.044921245,0.056991123
5356,2026-07-29,0.018623056,0.048398327,0.08736305,0.015992206,0.020871613,0.023250565
5364,2026-07-29,-0.115642644,-0.1657095,-0.108295105,0.02185919,0.028321048,0.027583016
5371,2026-07-29,-0.09782302,-0.20206665,-0.18462577,0.02793111,0.038632993,0.041762892
5381,2026-07-29,-0.02202781,0.036279622,0.18786998,0.058959436,0.094154954,0.11467933
5386,2026-07-29,0.13616072,0.24150419,0.10895906,0.07062052,0.0892493,0.09525443
5388,2026-07-29,-0.032082673,0.04668683,0.10662982,0.025829965,0.045900732,0.0584614
5392,2026-07-29,-0.16114508,-0.29546338,-0.26115122,0.033600863,0.051488854,0.042699467
5398,2026-07-29,0.12254621,0.20031601,0.16424192,0.028161278,0.03629714,0.043036066
5403,2026-07-29,0.10391591,0.19508806,0.18454066,0.021218328,0.034551267,0.038369272
5410,2026-07-29,0.028516391,0.11610661,0.16079554,0.02278369,0.027357109,0.027787158
5425,2026-07-29,0.0739791,0.051175673,-0.10554978,0.066278145,0.09679948,0.09302472
5426,2026-07-29,0.19184974,0.18871559,0.28450093,0.05828631,0.068955265,0.08119038
5432,2026-07-29,-0.14985347,-0.23570092,-0.37215504,0.035970837,0.043288495,0.05528954
5434,2026-07-29,0.024152005,0.007313873,0.008529797,0.017623909,0.028732115,0.030356092
5438,2026-07-29,-0.021669913,-0.0015128645,0.043921072,0.022625763,0.029312173,0.02821582
5439,2026-07-29,0.11393194,0.1189877,0.1742708,0.059126496,0.07795751,0.07399356
5443,2026-07-29,-0.061621726,-0.17254826,-0.28150976,0.0356674,0.067091085,0.0715894
5450,2026-07-29,0.044718504,0.22128922,0.6062401,0.06958646,0.14359447,0.16498256
5452,2026-07-29,0.11476289,0.09432439,0.16758019,0.031355754,0.03442074,0.0443689
5457,2026-07-29,0.019723136,0.066221245,0.03214678,0.021663705,0.023858001,0.025265796
5460,2026-07-29,0.043857113,0.13224897,0.2486495,0.031194529,0.049942695,0.046126105
5464,2026-07-29,-0.18310323,0.101391144,-0.074821405,0.07968082,0.14506069,0.19603838
5465,2026-07-29,-0.011735809,-0.03230654,-0.038497332,0.01981353,0.025080882,0.029524315
5468,2026-07-29,0.57500833,0.91460156,0.94402975,0.22657557,0.43920997,0.44377664
5469,2026-07-29,-0.04829294,7.719162e-05,-0.035474326,0.019523947,0.036925334,0.037497573
5471,2026-07-29,0.038077295,-0.052071266,0.011280462,0.041343573,0.052227713,0.047434542
5474,2026-07-29,-0.096141726,-0.23150511,-0.40330237,0.0342934,0.044301417,0.06779244
5475,2026-07-29,0.33060056,0.5830424,0.54084957,0.11135732,0.16369715,0.19741191
5478,2026-07-29,-0.010962264,0.037309095,0.012943363,0.01478263,0.021438885,0.020889247
5481,2026-07-29,0.07580201,0.02539612,-0.024976186,0.017579468,0.033502754,0.03329663
5483,2026-07-29,-0.114309154,-0.16729692,-0.20749922,0.03218795,0.04615655,0.053062856
5484,2026-07-29,0.13409203,0.25363854,0.32839662,0.051471673,0.078095816,0.075912304
5487,2026-07-29,0.04643787,0.097779356,0.054980017,0.019451687,0.03562841,0.035897784
5488,2026-07-29,-0.047344197,0.09046449,0.18110533,0.057064228,0.07512878,0.057899628
5489,2026-07-29,-0.10674443,-0.26078334,-0.015538666,0.05180479,0.07048394,0.069305666
5490,2026-07-29,-0.021770528,0.15557067,0.12527932,0.07825436,0.120786704,0.11788979
5493,2026-07-29,-0.019330986,-0.07390281,-0.086228244,0.020143315,0.030496972,0.030757084
5498,2026-07-29,0.05283357,0.043881424,0.07015947,0.04921438,0.077865876,0.0782971
5508,2026-07-29,-0.024759166,-0.011836662,-0.038476508,0.020175144,0.01909847,0.023898605
5511,2026-07-29,0.11029408,0.12463954,0.1730359,0.023829963,0.025515778,0.032089937
5512,2026-07-29,0.06621759,0.10567499,0.08727887,0.009231897,0.020539256,0.02878507
5515,2026-07-29,0.13350907,0.23359199,0.27883142,0.018134736,0.021538533,0.028897582
5516,2026-07-29,0.18265104,0.31903383,0.4514592,0.032966364,0.046418227,0.060725853
5519,2026-07-29,0.01712847,0.069182366,0.07392203,0.015267803,0.020312423,0.022975266
5520,2026-07-29,0.040103815,0.079909995,0.06719423,0.011547158,0.020434344,0.021450402
5521,2026-07-29,-0.042026863,0.053614855,0.13017197,0.02149932,0.022519827,0.030123644
5522,2026-07-29,0.06905653,0.16385207,0.18858884,0.017478848,0.025313599,0.029263131
5523,2026-07-29,-0.062080577,0.0085535,-0.042016115,0.026959822,0.028146194,0.034119613
5525,2026-07-29,0.15498905,0.16685088,0.14843985,0.02628906,0.0301245,0.028133117
5529,2026-07-29,0.14292412,0.2533613,0.23936956,0.021709494,0.033867545,0.03013829
5530,2026-07-29,-0.05672667,-0.11961714,-0.15275021,0.01898641,0.021025188,0.024046509
5531,2026-07-29,0.01941818,0.03360527,0.019037692,0.019468509,0.025242085,0.026860636
5533,2026-07-29,0.096214935,0.21387796,0.21912098,0.020241432,0.035437677,0.037934735
5534,2026-07-29,0.07085611,0.13970017,0.11101357,0.021138798,0.020489339,0.021866027
5536,2026-07-29,0.02141127,-0.0252746,-0.04000079,0.024600472,0.026286002,0.02399643
5538,2026-07-29,0.031780925,0.026277518,0.0657038,0.017978206,0.021562586,0.02652885
5543,2026-07-29,0.028009765,0.068866156,0.15147386,0.022748867,0.03719654,0.039858576
5546,2026-07-29,0.1499539,0.2851238,0.41078043,0.034782775,0.0562884,0.057864513
5548,2026-07-29,0.11588003,0.20584933,0.25975543,0.02284173,0.02674194,0.033943933
5601,2026-07-29,-0.031321876,-0.052195262,0.0050850445,0.02477327,0.026568057,0.023204397
5603,2026-07-29,-0.14911547,-0.20619297,-0.21174546,0.022530166,0.029850094,0.035932776
5604,2026-07-29,-0.113523774,-0.11464815,-0.110302016,0.017937895,0.027630225,0.026280494
5607,2026-07-29,0.015596411,0.044351943,0.01833755,0.012180704,0.016387206,0.02203157
5608,2026-07-29,-0.037827067,0.008453546,0.009311272,0.019553376,0.016019842,0.01720252
5609,2026-07-29,0.10628347,0.18668503,0.1890865,0.016775066,0.02414518,0.025791181
5701,2026-07-29,-0.117852785,-0.26765686,-0.15838248,0.029186679,0.048988827,0.042435333
5704,2026-07-29,0.06384442,0.11949022,0.15635611,0.025251051,0.029485015,0.03416102
5706,2026-07-29,-0.0002225907,-0.006816589,-0.035262812,0.018562892,0.024124835,0.033542763
5864,2026-07-29,0.11008658,0.23014005,0.27205187,0.035936777,0.059244335,0.060989052
5871,2026-07-29,-0.0067026117,-0.0033513822,0.015737962,0.017396092,0.0261948,0.022352932
5876,2026-07-29,0.019447941,0.00924626,0.031632803,0.026651425,0.027329372,0.025444454
5878,2026-07-29,0.036974337,0.14419594,0.22039804,0.014894199,0.029966136,0.032317404
5880,2026-07-29,0.12705605,0.1720151,0.25239933,0.022815391,0.02244871,0.033912826
5902,2026-07-29,-0.026697092,-0.069960356,-0.09869358,0.017039316,0.026510773,0.030009406
5903,2026-07-29,-0.019474251,-0.028500346,-0.049816296,0.021310553,0.016475055,0.019236462
5904,2026-07-29,0.013546358,0.0337837,0.0061985836,0.016936766,0.020680083,0.020062203
5905,2026-07-29,-0.02791537,-0.02407546,0.0005534217,0.023796048,0.0249072,0.025910018
5907,2026-07-29,0.05554309,0.12492532,0.16112186,0.015215184,0.025797417,0.028532933
6005,2026-07-29,0.03198975,0.11919116,0.15659621,0.024606053,0.029084545,0.03714952
6015,2026-07-29,0.086965434,0.1897254,0.20659634,0.024129879,0.028483098,0.032824293
6016,2026-07-29,0.027830226,0.1567693,0.23952195,0.019799845,0.02838759,0.035634514
6020,2026-07-29,0.04307433,0.10175036,0.09934748,0.02328593,0.034144424,0.03466303
6021,2026-07-29,0.043848075,0.0880003,0.06321298,0.022714483,0.025159901,0.041388173
6023,2026-07-29,0.07131647,0.16417176,0.14663911,0.020396248,0.022807831,0.0319692
6024,2026-07-29,0.08597509,0.12798686,0.116544984,0.020633705,0.022247981,0.022444991
6026,2026-07-29,0.060654227,0.10869189,0.11152862,0.01934439,0.027506487,0.026984263
6101,2026-07-29,0.019133301,0.080160044,0.18365058,0.03459031,0.055963855,0.065065496
6104,2026-07-29,-0.012467051,0.03202409,-0.02095648,0.02241696,0.026567256,0.030006422
6108,2026-07-29,0.008031578,0.1329728,0.23541759,0.03820289,0.07544228,0.07816732
6109,2026-07-29,0.17890057,0.2874209,0.6926082,0.057449587,0.08934506,0.11874543
6111,2026-07-29,-0.057374947,-0.06278504,-0.01171956,0.02471243,0.02820181,0.027865944
6112,2026-07-29,-0.00611266,-0.027459554,-0.054460693,0.013141092,0.019103006,0.019687453
6113,2026-07-29,0.20321909,0.12791568,0.39595154,0.06766716,0.08398648,0.117241964
6114,2026-07-29,0.012321559,0.12576962,0.24857524,0.031644724,0.0749971,0.08035031
6115,2026-07-29,0.07200281,0.15150718,0.17027004,0.016532728,0.026497034,0.02621209
6116,2026-07-29,-0.111751445,-0.17319341,-0.16174746,0.03070471,0.03254933,0.03815176
6117,2026-07-29,-0.114495784,-0.107936114,-0.17862819,0.020584818,0.01832719,0.02372004
6118,2026-07-29,-0.08269178,-0.119590454,-0.12726006,0.022977445,0.03881312,0.044636067
6120,2026-07-29,0.017467346,0.03861106,0.03738731,0.019954689,0.026180208,0.034471374
6121,2026-07-29,-0.08087161,-0.096983604,-0.1640029,0.030235266,0.039316732,0.05310897
6122,2026-07-29,0.05098396,0.083712496,0.10114069,0.0148447575,0.02952629,0.02722212
6123,2026-07-29,0.084089965,0.21726857,0.19954954,0.023109233,0.04345481,0.049342725
6124,2026-07-29,0.0047616945,0.000666884,-0.09443993,0.019478135,0.026677512,0.035519134
6125,2026-07-29,-0.049134817,0.06740033,-0.018367728,0.06821148,0.078662395,0.10327968
6126,2026-07-29,-0.13703579,-0.1910272,0.0005855521,0.027800176,0.037765723,0.038991228
6127,2026-07-29,0.10947673,0.070833065,0.30856666,0.12123868,0.1778508,0.16331397
6128,2026-07-29,0.084070094,0.20385745,0.23976626,0.020629358,0.02768231,0.027864082
6129,2026-07-29,0.18014011,0.13254549,0.35925177,0.1258676,0.23851483,0.29334936
6130,2026-07-29,0.0012373364,-0.0065498245,0.10483764,0.032495834,0.048252434,0.059470862
6133,2026-07-29,0.17084552,0.6526005,0.93881184,0.073960446,0.1738443,0.20057733
6134,2026-07-29,0.09538476,0.19589758,0.18218778,0.029135497,0.046001542,0.049749773
6136,2026-07-29,0.04969962,0.10120988,0.12500848,0.01650513,0.022479435,0.022077551
6138,2026-07-29,0.20971686,0.18027817,0.18728665,0.09632215,0.31534144,0.2119644
6139,2026-07-29,0.029963337,-0.030027937,-0.041724943,0.030002048,0.05256189,0.052934147
6140,2026-07-29,0.16051026,0.20594953,0.47452015,0.038636923,0.04746741,0.061508216
6141,2026-07-29,0.03692353,-0.55343884,-0.6362823,0.12632255,0.20463997,0.12352234
6142,2026-07-29,-0.33627462,-0.356791,-0.16172965,0.07533955,0.084474914,0.0739439
6143,2026-07-29,-0.045515873,-0.10808884,-0.114217915,0.019534482,0.025757233,0.021285094
6144,2026-07-29,0.04337294,0.091657445,0.17872104,0.025776321,0.03471866,0.03654826
6146,2026-07-29,0.014852592,0.08678519,0.10940238,0.01761975,0.022928404,0.032058243
6147,2026-07-29,-0.022999886,-0.15765966,-0.13409497,0.052351605,0.1143544,0.11773841
6148,2026-07-29,0.06778885,0.010878329,0.10500466,0.034858618,0.036546152,0.05012158
6150,2026-07-29,0.03901706,-0.017449329,-0.10837574,0.029631779,0.030335432,0.028764894
6151,2026-07-29,0.0035791642,-0.00077186816,0.019013535,0.020444773,0.023587206,0.038683735
6152,2026-07-29,0.038162757,0.034206502,0.069305174,0.017627614,0.03339304,0.041560072
6153,2026-07-29,0.0047377227,0.04714442,0.003671941,0.023323191,0.030488657,0.025082987
6154,2026-07-29,0.03277707,0.05234604,0.0934717,0.018055111,0.031934235,0.031010361
6155,2026-07-29,0.64191335,0.8801096,0.73833454,0.10726445,0.15360458,0.14251614
6156,2026-07-29,0.06683419,0.22122245,0.74905545,0.04639338,0.08129618,0.14623512
6158,2026-07-29,-0.020895166,0.027727723,0.13472718,0.03590343,0.05433156,0.07321714
6160,2026-07-29,0.12802286,0.20988709,0.37624997,0.03522229,0.035841063,0.052726254
6161,2026-07-29,0.14381297,0.18833205,0.21761586,0.03249206,0.03648103,0.04778982
6163,2026-07-29,-0.0051719192,-0.051594175,-0.12424894,0.035433523,0.052408073,0.054154906
6164,2026-07-29,0.018546108,0.09506277,0.0872104,0.027415555,0.05696004,0.06594221
6165,2026-07-29,0.024259022,0.060183525,0.068415835,0.013316505,0.023670254,0.025975697
6166,2026-07-29,-0.06273757,-0.10873728,-0.17374144,0.031804487,0.047778286,0.04712496
6167,2026-07-29,-0.039500307,0.059414994,0.28629258,0.032514874,0.043393895,0.06534002
6168,2026-07-29,0.040735222,-0.22075962,0.24941963,0.066973455,0.11588793,0.12304038
6169,2026-07-29,-0.14035605,-0.2460928,-0.12656455,0.028427204,0.03846076,0.034981646
6170,2026-07-29,0.010295586,0.04275824,0.028494596,0.01694958,0.023601865,0.034908418
6171,2026-07-29,0.016711386,-0.00422473,0.009350223,0.029598545,0.032966632,0.041484173
6173,2026-07-29,-0.2519399,-0.4422125,-0.5955753,0.06755096,0.11182848,0.11397324
6174,2026-07-29,0.15260416,0.21773507,0.3760142,0.099159405,0.15544946,0.16999184
6175,2026-07-29,0.08259491,-0.09073842,-0.23048322,0.03985852,0.07300893,0.059119448
6176,2026-07-29,-0.05329137,-0.11527934,-0.1425602,0.014508358,0.028950062,0.026552439
6177,2026-07-29,0.124123186,0.15839122,0.16265185,0.016945766,0.019865517,0.029224573
6179,2026-07-29,-0.03401578,-0.04539598,-0.08805076,0.031421192,0.034072638,0.06009039
6180,2026-07-29,-0.064336635,-0.052584045,-0.058690723,0.020145172,0.026335575,0.02980567
6182,2026-07-29,-0.15412982,-0.2942133,-0.305701,0.036456097,0.04345357,0.057391796
6183,2026-07-29,-0.027572244,0.003932652,-0.01909123,0.018479059,0.027708309,0.022793895
6184,2026-07-29,-0.06911096,-0.055009652,-0.045090858,0.015474355,0.023997456,0.024219943
6186,2026-07-29,-0.029954791,-0.040189404,-0.05266123,0.016896289,0.023500295,0.01911324
6187,2026-07-29,-0.0653932,-0.056179725,-0.08553795,0.024881985,0.04048708,0.03830736
6188,2026-07-29,0.021294935,0.02057856,-0.06591897,0.014425618,0.024745695,0.032080606
6189,2026-07-29,0.012196612,0.026217913,-0.010847042,0.013347938,0.018231083,0.024347728
6190,2026-07-29,-0.115425,-0.23738392,-0.38566145,0.035758812,0.05376096,0.052361544
6191,2026-07-29,-0.007919966,-0.0084153395,-0.030724399,0.018732388,0.01896842,0.025700932
6192,2026-07-29,-0.027264023,-0.076641954,-0.13869266,0.018595057,0.033017803,0.036920678
6194,2026-07-29,-0.031766925,-0.109359674,-0.1547212,0.0203356,0.03582311,0.037590317
6195,2026-07-29,0.08542395,0.063492455,0.031337142,0.03876091,0.047688916,0.06295608
6196,2026-07-29,-0.027091479,-0.057699237,-0.05177319,0.013815323,0.023339838,0.027232265
6197,2026-07-29,-0.124264255,-0.2435676,-0.21009876,0.023334756,0.030700581,0.025853459
6198,2026-07-29,-0.05590282,-0.118893266,-0.10614791,0.023182472,0.033293556,0.04169961
6199,2026-07-29,-0.12132898,-0.050523322,0.31468028,0.13617063,0.17652293,0.331678
6201,2026-07-29,0.040014483,0.10261554,0.12420763,0.018855989,0.026121,0.028622152
6202,2026-07-29,0.17085883,0.22531037,0.10302938,0.07634031,0.112538956,0.099273816
6203,2026-07-29,0.04008278,0.109654106,0.12716526,0.022351528,0.038624484,0.037466776
6204,2026-07-29,0.484769,0.3749729,0.53660816,0.14432341,0.19600287,0.23044898
6205,2026-07-29,0.1781258,0.09788619,0.017275695,0.028435273,0.02861899,0.03437302
6206,2026-07-29,-0.1719039,-0.1384247,-0.033063516,0.046948723,0.0737787,0.069709755
6207,2026-07-29,-0.20716317,-0.36215553,-0.2971159,0.05206644,0.099278644,0.09597004
6208,2026-07-29,-0.06711515,-0.07623722,-0.12094948,0.027183853,0.035165545,0.042026374
6209,2026-07-29,-0.10669985,-0.08379607,-0.09321907,0.03787481,0.08305267,0.10075512
6210,2026-07-29,0.1049634,0.23680942,0.3430936,0.034355354,0.05019693,0.05218545
6212,2026-07-29,0.14559339,0.2478893,0.23140574,0.019182703,0.026323285,0.03150657
6213,2026-07-29,0.00959083,-0.033727933,-0.014866253,0.031614374,0.035852946,0.057469655
6214,2026-07-29,0.16170254,0.250844,0.26396203,0.020646097,0.029935302,0.039892066
6215,2026-07-29,-0.14692324,-0.30568936,-0.30902106,0.035041448,0.038492825,0.044396445
6216,2026-07-29,0.08653164,0.15812655,0.13968216,0.017250616,0.031501994,0.039178878
6217,2026-07-29,-0.089653336,-0.15653515,-0.16929276,0.033271525,0.051736444,0.05374932
6218,2026-07-29,-0.10925286,-0.24338208,-0.14564463,0.03442012,0.057081334,0.048336904
6219,2026-07-29,0.13716093,0.12714024,0.08974555,0.05174428,0.06769188,0.073573254
6220,2026-07-29,0.08953306,0.053377803,0.15719643,0.045801826,0.057892658,0.057268936
6221,2026-07-29,-0.041050743,-0.08338822,-0.1025739,0.013190021,0.01910223,0.02345402
6222,2026-07-29,0.11493669,0.28745392,0.3274402,0.034792636,0.051500052,0.06394324
6223,2026-07-29,0.01862836,0.02867803,-0.021907806,0.019205205,0.027295323,0.026591389
6224,2026-07-29,0.684545,0.74899787,0.531686,0.09739388,0.14184293,0.13722572
6225,2026-07-29,-0.22376484,-0.3867927,-0.39891422,0.04441937,0.052767992,0.052241
6226,2026-07-29,0.26942617,0.63951963,0.7513983,0.15183373,0.29751647,0.30830097
6227,2026-07-29,-0.05746216,0.05788438,0.010640191,0.025363663,0.03196594,0.041789718
6228,2026-07-29,0.05757071,0.12156548,0.29775923,0.038717914,0.06833072,0.07538094
6229,2026-07-29,0.05731163,0.12864837,0.13011028,0.034813605,0.05752954,0.062057015
6230,2026-07-29,-0.095454074,-0.1588431,-0.21403173,0.02081437,0.028087389,0.03264817
6231,2026-07-29,-0.119563594,-0.24653286,-0.23096536,0.04535705,0.08936145,0.118634045
6233,2026-07-29,0.19207083,0.2652537,0.37285873,0.04785131,0.09567293,0.08123815
6234,2026-07-29,0.03726556,0.10642896,0.11877552,0.046337333,0.055851616,0.047882896
6235,2026-07-29,-0.13126479,-0.21929993,-0.24816163,0.016657155,0.028504658,0.03767513
6237,2026-07-29,0.18262123,0.124933906,0.16703933,0.071761794,0.073661424,0.08185884
6239,2026-07-29,0.026560778,-0.005521999,-0.038789213,0.025991736,0.04867378,0.041690666
6240,2026-07-29,0.14412282,0.2551956,0.37633386,0.024150671,0.0354156,0.03987805
6241,2026-07-29,0.12949075,-0.008047772,0.49620342,0.05399383,0.083126,0.13988061
6242,2026-07-29,-0.016726557,-0.028641751,-0.040942337,0.02189053,0.029419282,0.03332167
6243,2026-07-29,-0.31217375,-0.59551585,-0.45542273,0.067696795,0.11438552,0.10543944
6244,2026-07-29,-0.12602939,-0.25365394,-0.23772947,0.029401477,0.042093482,0.04800598
6245,2026-07-29,-0.041149132,0.028462697,-0.012951901,0.020659052,0.029556192,0.032154005
6246,2026-07-29,-0.17999415,-0.26525465,-0.10620691,0.038103465,0.06390066,0.05019225
6248,2026-07-29,0.026118176,0.060354464,0.08035408,0.01608923,0.021407528,0.02991535
6257,2026-07-29,0.026930165,-0.07050042,-0.07596216,0.0223646,0.026675235,0.031669624
6259,2026-07-29,-0.04518557,-0.1399097,-0.1766799,0.03880965,0.058397792,0.06274505
6261,2026-07-29,0.080229536,-0.008509788,-0.083634,0.019102342,0.033319637,0.036191385
6263,2026-07-29,0.019145664,0.019117737,0.029729372,0.01732022,0.02444804,0.025081908
6264,2026-07-29,0.18262717,0.3119549,0.3418377,0.02502334,0.033741027,0.04375118
6265,2026-07-29,-0.11625647,-0.035659067,-0.009580057,0.05919858,0.07834005,0.08270071
6266,2026-07-29,-0.026987353,0.0605574,0.14509162,0.033950273,0.060384035,0.08103315
6269,2026-07-29,0.06678464,0.111757405,0.025009789,0.027029015,0.03462542,0.03894142
6270,2026-07-29,0.12502488,-0.007930817,1.3721817,0.074141175,0.10582727,0.2942923
6271,2026-07-29,0.020789612,0.01270121,0.032574665,0.045415677,0.08093281,0.08497907
6274,2026-07-29,-0.005880433,-0.044040952,-0.11117104,0.028265057,0.032667644,0.03301625
6275,2026-07-29,-0.01289911,-0.036371768,-0.069282375,0.018696567,0.023652133,0.021090247
6276,2026-07-29,-0.09129596,-0.1789746,-0.14110118,0.023238596,0.03469099,0.026502028
6277,2026-07-29,0.10476947,0.1906653,0.16212097,0.03536536,0.063936405,0.0651155
6278,2026-07-29,-0.10635192,-0.2653752,-0.16414349,0.023091773,0.036054965,0.049997322
6279,2026-07-29,0.02801287,0.017108368,-0.05539213,0.018797405,0.02304057,0.02535609
6281,2026-07-29,-0.043471973,-0.06525687,-0.047665227,0.014076193,0.023683503,0.019815402
6282,2026-07-29,-0.027220456,-0.05876934,-0.0155594805,0.027408144,0.043103438,0.039205134
6283,2026-07-29,0.026685687,0.10854592,0.13837518,0.019746797,0.028914392,0.032919396
6284,2026-07-29,0.14882272,0.2510768,0.14922196,0.045887824,0.06438773,0.05580247
6285,2026-07-29,-0.011984023,-0.1126517,-0.15686607,0.022206854,0.021706859,0.02904816
6290,2026-07-29,-0.025854584,-0.07526273,-0.12502667,0.025874408,0.03145382,0.033894196
6291,2026-07-29,0.07672368,0.1121237,0.14640148,0.075777486,0.11872654,0.17574018
6292,2026-07-29,-0.14551733,-0.1822804,-0.040810216,0.032911986,0.04808359,0.043962058
6294,2026-07-29,-0.025945997,-0.044117104,-0.07395455,0.02768791,0.032750014,0.035318688
6405,2026-07-29,0.05330723,0.23395976,0.4951787,0.0794947,0.15832311,0.1786886
6409,2026-07-29,0.00044077958,-0.009376045,-0.0021371404,0.024969166,0.033170633,0.047005583
6411,2026-07-29,0.02970057,-0.07608392,-0.20600158,0.02598958,0.030632261,0.03175936
6412,2026-07-29,-0.005307259,-0.009905828,-0.068233304,0.015576618,0.021282393,0.023364587
6414,2026-07-29,0.059780188,-0.010665124,-0.0012776142,0.024160985,0.032105636,0.03298847
6415,2026-07-29,-0.035957385,-0.08794085,-0.13433518,0.024176236,0.029827155,0.029276568
6416,2026-07-29,-0.064364225,-0.2106224,-0.20050485,0.032350417,0.041539215,0.05430554
6417,2026-07-29,0.017427715,0.022638451,-0.06672786,0.017897397,0.034654047,0.028910706
6418,2026-07-29,0.09925852,0.26071218,0.45157722,0.043389194,0.066599324,0.10192433
6419,2026-07-29,-0.042129267,0.03322623,-0.0240539,0.05386668,0.077835426,0.056580406
6423,2026-07-29,-0.115905575,-0.07498178,-0.117665544,0.050213944,0.06466484,0.08621198
6425,2026-07-29,0.1929792,0.046440713,-0.11923911,0.04233712,0.060478855,0.050833754
6426,2026-07-29,0.027517455,-0.23746388,-0.21342525,0.12194698,0.12188216,0.13598229
6431,2026-07-29,-0.047925934,-0.09266675,-0.16050392,0.019874878,0.024269423,0.02894033
6432,2026-07-29,-0.13818388,-0.11877812,0.07441609,0.065799184,0.079687975,0.07908724
6435,2026-07-29,-0.16166897,-0.3793895,-0.21109743,0.07604625,0.1100588,0.090429604
6438,2026-07-29,-0.050253503,-0.12399576,-0.12694572,0.017652255,0.033074595,0.02929768
6441,2026-07-29,0.015476668,0.0012901005,0.07956686,0.027308652,0.032711923,0.04349648
6442,2026-07-29,0.020335378,0.07763104,0.00972229,0.021596523,0.03201057,0.03321577
6443,2026-07-29,-0.18271914,-0.38070488,-0.5503585,0.02883882,0.052209474,0.060199365
6446,2026-07-29,-0.09463115,-0.12986629,-0.15341964,0.024277756,0.029767526,0.03178391
6449,2026-07-29,0.54650307,0.59899735,0.354459,0.12684038,0.18491082,0.13129857
6451,2026-07-29,-0.09033254,-0.19123048,-0.20323451,0.027909176,0.03257314,0.041289028
6456,2026-07-29,0.012573759,-0.050956983,-0.19926879,0.028927026,0.040170442,0.036207598
6461,2026-07-29,-0.21826644,-0.25061318,-0.14161377,0.041885436,0.059007667,0.061582375
6462,2026-07-29,-0.09255032,-0.19317618,-0.22603267,0.017820165,0.028622624,0.027332895
6464,2026-07-29,0.03710983,0.1122918,-0.0005117615,0.020469746,0.025402397,0.027532049
6465,2026-07-29,0.15601161,0.30094707,0.27564543,0.046590637,0.07404951,0.09415124
6469,2026-07-29,0.09775456,0.10856492,0.0931608,0.022026861,0.028007373,0.03191482
6470,2026-07-29,-0.0055761435,0.006722114,0.0059227,0.016057814,0.017974576,0.019282369
6472,2026-07-29,-0.0063797464,-0.050383933,-0.13342717,0.026691345,0.037231065,0.04010981
6477,2026-07-29,0.7401784,1.0483298,1.0620688,0.20177244,0.41529822,0.34079075
6482,2026-07-29,0.08570496,0.17169306,0.18521468,0.024069985,0.028253073,0.03581955
6485,2026-07-29,0.08957909,0.057519484,-0.016453493,0.04164572,0.050496444,0.043538038
6486,2026-07-29,0.12200276,0.24654265,0.27391568,0.021201378,0.03380151,0.043788895
6488,2026-07-29,-0.052951064,-0.14521527,-0.05887003,0.02815872,0.042876862,0.03978249
6491,2026-07-29,-0.0027732814,0.015606338,0.05209399,0.038119204,0.09955627,0.05831334
6492,2026-07-29,-0.121062234,-0.21160154,-0.18153073,0.033964664,0.04030895,0.037046213
6494,2026-07-29,0.20796724,0.23065548,0.28780383,0.05953291,0.07854893,0.084590636
6496,2026-07-29,-0.105335884,-0.08992996,0.009844344,0.02471172,0.03700505,0.039730348
6498,2026-07-29,0.06019039,0.010450615,0.0058295787,0.034525536,0.05465718,0.05485883
6499,2026-07-29,-0.11096816,-0.19751422,-0.2638641,0.03136053,0.027357407,0.035511605
6504,2026-07-29,0.05838178,0.07825073,0.043966554,0.023918316,0.035024423,0.03805042
6505,2026-07-29,-0.011375254,-0.04450702,-0.05384953,0.032583646,0.038489453,0.041741293
6506,2026-07-29,0.09959478,0.15343319,0.2121773,0.018714007,0.020923927,0.030018046
6508,2026-07-29,0.0736162,0.07307363,0.10984894,0.019183127,0.024155172,0.027247073
6509,2026-07-29,-0.03122122,-0.08427917,-0.097876325,0.017068464,0.026530845,0.027302561
6510,2026-07-29,-0.055340838,-0.053787876,-0.10143228,0.024692563,0.028900674,0.03362215
6512,2026-07-29,0.048130415,-0.0028858415,0.14134458,0.036638018,0.050646134,0.05639404
6515,2026-07-29,-0.018817289,-0.012420326,-0.07491941,0.017077537,0.017738195,0.026555318
6516,2026-07-29,0.068418495,0.14356565,0.13514441,0.018463736,0.034597732,0.035000768
6517,2026-07-29,-0.2750997,-0.58995146,-0.52708757,0.046606004,0.053126536,0.055208217
6523,2026-07-29,-0.11247328,-0.13265434,-0.15230565,0.021923183,0.028192384,0.030311836
6525,2026-07-29,-0.03651108,-0.21899764,-0.071663015,0.057572976,0.108915284,0.11743964
6526,2026-07-29,0.0037493566,0.011737137,-0.029502986,0.016225867,0.020627415,0.02148553
6527,2026-07-29,0.025517115,0.050416436,0.056964364,0.013137786,0.021138117,0.022073902
6530,2026-07-29,-0.030838246,-0.11378348,-0.31691068,0.033510383,0.03676427,0.043966047
6531,2026-07-29,0.055789184,-0.018765004,-0.071975596,0.027133906,0.029697392,0.03203856
6532,2026-07-29,0.026387585,-0.0058808126,-0.062418137,0.014299887,0.020912884,0.019956816
6533,2026-07-29,-0.29561284,-0.6001046,-0.56507367,0.058114417,0.09240878,0.09451254
6534,2026-07-29,0.054323364,0.06218982,0.082754545,0.0263956,0.03128857,0.043111086
6535,2026-07-29,-0.038161535,-0.0526558,-0.11134816,0.029713418,0.03816024,0.03843789
6538,2026-07-29,-0.20071866,-0.41023389,-0.48125187,0.069598794,0.10045708,0.09751399
6541,2026-07-29,-0.05151642,-0.09343075,-0.14576706,0.014857956,0.020238945,0.026350792
6542,2026-07-29,0.04553466,0.10876022,0.16307287,0.027023483,0.048351098,0.050267886
6546,2026-07-29,0.081484966,0.030691056,-0.0052047772,0.019050637,0.024024438,0.026546448
6547,2026-07-29,0.092367046,0.030659147,-0.076318584,0.047791533,0.055585425,0.069114156
6548,2026-07-29,0.24865675,0.20872028,0.11651258,0.042096786,0.050339215,0.058592364
6550,2026-07-29,-0.051778793,-0.029851079,-0.032437135,0.029591922,0.031608846,0.046187017
6552,2026-07-29,0.10510103,0.17688738,0.17294955,0.029818323,0.044799514,0.05083151
6556,2026-07-29,0.0101414,0.1013765,0.09822855,0.022389462,0.026992481,0.028257795
6558,2026-07-29,0.109192304,0.12546395,0.18666385,0.025862856,0.032575957,0.040344454
6560,2026-07-29,0.026881617,0.055571064,0.10327975,0.021932703,0.02797688,0.031581312
6561,2026-07-29,-0.003444005,-0.008478528,-0.062029865,0.016709222,0.019436562,0.027178826
6568,2026-07-29,-0.10678233,-0.21996441,-0.27571318,0.019701986,0.03444874,0.038652543
6569,2026-07-29,0.10942621,0.20389739,0.14287993,0.02579788,0.042078834,0.033669513
6570,2026-07-29,0.029402595,0.085830994,0.15438268,0.03128055,0.044318426,0.052636154
6573,2026-07-29,-0.18082911,-0.31878644,-0.36961514,0.038700186,0.050296,0.053026777
6574,2026-07-29,-0.057702813,-0.062201533,-0.032890145,0.017482238,0.027236367,0.03472684
6576,2026-07-29,0.013872432,0.070527524,0.11239425,0.033705533,0.04586338,0.047012627
6577,2026-07-29,-0.06865303,0.19282685,0.37942988,0.07506588,0.085546374,0.08925739
6578,2026-07-29,-0.06388576,-0.027089957,0.073001094,0.02276745,0.032717995,0.034331758
6579,2026-07-29,-0.054012943,-0.06482626,0.02437836,0.042778134,0.068824925,0.07291099
6581,2026-07-29,0.05970927,0.121439695,0.10742378,0.018835444,0.019135464,0.020523373
6582,2026-07-29,0.084250696,0.14222063,0.09618975,0.023672484,0.030739002,0.03314943
6584,2026-07-29,-0.04414133,-0.043523487,-0.074577175,0.02977196,0.045200016,0.0514335
6585,2026-07-29,0.12318115,0.15164885,0.19305795,0.018308936,0.022141252,0.027873771
6588,2026-07-29,-0.26645935,-0.24946426,-0.36157915,0.095893525,0.13455854,0.13957158
6589,2026-07-29,0.0011823478,0.017894657,-0.11142682,0.015512123,0.025542183,0.034393374
6590,2026-07-29,-0.023089103,0.027390309,0.057352655,0.019026993,0.020763045,0.025110777
6591,2026-07-29,-0.030935701,-0.042808738,-0.01955749,0.019462343,0.028932115,0.041065324
6592,2026-07-29,0.109334484,0.1669627,0.14228068,0.01812186,0.023421424,0.029005557
6593,2026-07-29,-0.09907293,-0.11265327,-0.09615558,0.021602482,0.024440173,0.027701652
6596,2026-07-29,-0.1345778,-0.22005756,-0.26058388,0.027022108,0.037252855,0.038038574
6597,2026-07-29,-0.19424964,-0.20167786,0.017983586,0.046763226,0.05614874,0.054904554
6598,2026-07-29,0.30558807,0.40029126,0.5075698,0.10310609,0.12043835,0.13442892
6603,2026-07-29,0.012276397,-0.10093529,-0.18591842,0.06580151,0.06229238,0.052352756
6605,2026-07-29,0.05200266,0.05284555,0.020663274,0.0131277,0.018736903,0.02504741
6606,2026-07-29,0.20408288,0.35751203,0.41903618,0.034865975,0.06092336,0.06750204
6609,2026-07-29,0.038307205,0.05982904,0.06034715,0.022432838,0.020906584,0.025643917
6612,2026-07-29,-0.004620871,0.009689829,0.05854169,0.020959754,0.022670666,0.02520261
6613,2026-07-29,0.05231928,-0.11181142,0.012780852,0.046409078,0.060262296,0.07033979
6615,2026-07-29,-0.02683207,-0.036815573,-0.007845799,0.02114551,0.024810458,0.02894852
6616,2026-07-29,0.09861757,0.20115384,0.2153792,0.023114597,0.031434678,0.03842565
6617,2026-07-29,-0.09983088,-0.22828537,-0.24035507,0.032429785,0.044284742,0.047983587
6624,2026-07-29,0.12350664,0.20331006,0.25515085,0.062575184,0.06274402,0.06975481
6625,2026-07-29,0.036645796,0.11609668,0.16684659,0.01830528,0.027303822,0.031728704
6629,2026-07-29,-0.08033403,-0.09674899,-0.10708804,0.017422553,0.028245645,0.026611026
6637,2026-07-29,-0.012505849,-0.028727444,-0.029832387,0.025674319,0.034931943,0.027822226
6640,2026-07-29,-0.0825874,-0.09160124,-0.14450847,0.034922194,0.06419154,0.04796321
6641,2026-07-29,0.051828627,0.21826528,0.3068666,0.02881038,0.027813962,0.035057668
6642,2026-07-29,0.12687932,0.21148528,0.1427566,0.030144311,0.051606875,0.04920784
6643,2026-07-29,-0.015352628,-0.11189496,-0.16659787,0.03490425,0.0779328,0.08665606
6645,2026-07-29,-0.1488013,-0.1597101,0.12429809,0.036543887,0.045294084,0.042651042
6649,2026-07-29,0.059984256,0.057617366,0.14141159,0.031596582,0.036919985,0.04858371
6651,2026-07-29,-0.14671093,-0.27129987,-0.38286617,0.04288086,0.06348485,0.06483242
6654,2026-07-29,0.22935699,0.42241472,0.26457104,0.105430216,0.13013433,0.13311948
6655,2026-07-29,0.0355464,0.043049414,0.02028918,0.017224299,0.016113674,0.021281838
6657,2026-07-29,0.0019018404,-0.111330256,-0.019625671,0.031724796,0.04228782,0.045424487
6658,2026-07-29,-0.005639239,-0.096731596,-0.069439776,0.043662608,0.059415225,0.054657195
6661,2026-07-29,0.42808124,0.73366445,0.9776568,0.07568696,0.14384401,0.20462595
6662,2026-07-29,0.14958282,0.20469926,0.34557405,0.041856676,0.05249502,0.06046118
6664,2026-07-29,-0.025127186,-0.08043417,-0.031678513,0.02893864,0.04130151,0.040260598
6666,2026-07-29,0.038569465,0.067504615,0.07541944,0.01926401,0.026443852,0.026828682
6667,2026-07-29,0.033305507,0.07966525,0.084439464,0.043330465,0.05997328,0.0615148
6668,2026-07-29,0.04088988,0.050329994,0.06275003,0.04349277,0.03469065,0.044833425
6669,2026-07-29,0.047159918,0.05043977,0.021927746,0.021652438,0.020611774,0.030270258
6670,2026-07-29,0.069723405,0.07452439,0.079002924,0.014017118,0.019432832,0.023655653
6671,2026-07-29,-0.10308928,-0.074124455,-0.08060483,0.02510515,0.026820483,0.02686985
6672,2026-07-29,-0.19516426,-0.39382473,-0.3040161,0.033212256,0.05514662,0.06460597
6674,2026-07-29,0.05073308,0.19302988,0.26957333,0.025544636,0.061423935,0.08116058
6679,2026-07-29,0.06623453,0.08281973,0.006604767,0.020394776,0.029849371,0.04055664
6680,2026-07-29,0.04391699,0.08066201,0.025830993,0.03764034,0.05869873,0.056576923
6683,2026-07-29,-0.109726615,-0.1724367,-0.24369587,0.02199411,0.03579864,0.040916838
6684,2026-07-29,0.007318519,-0.048182268,-0.068469554,0.042848594,0.04701833,0.032201726
6689,2026-07-29,-0.014832697,-0.020128999,-0.07704123,0.019910581,0.03275222,0.032552935
6690,2026-07-29,0.040920854,0.04586703,0.0035310409,0.014814978,0.023844337,0.030878153
6691,2026-07-29,0.042275634,0.025862595,-0.018364975,0.011968789,0.022380913,0.024174178
6692,2026-07-29,0.18985586,0.31465787,0.49312836,0.032421913,0.06526964,0.09160084
6693,2026-07-29,1.0074103,1.4043063,1.3121396,0.20968166,0.29846022,0.27259463
6695,2026-07-29,-0.09594207,-0.22083731,-0.24885505,0.03881718,0.059239265,0.057483256
6697,2026-07-29,0.058538754,0.14985733,0.21041797,0.023760507,0.034460556,0.037063
6698,2026-07-29,0.0063022575,-0.05158205,0.08434669,0.029896973,0.04760096,0.05362019
6703,2026-07-29,0.07316117,0.123560734,0.18365508,0.023496477,0.03187315,0.038444187
6706,2026-07-29,-0.0664236,-0.14164203,-0.1971233,0.03196233,0.041539352,0.032683626
6708,2026-07-29,-0.009307983,0.13379249,0.3284216,0.02853041,0.046423264,0.061812863
6712,2026-07-29,-0.14744323,-0.14284463,-0.1751454,0.027320605,0.044551507,0.044835642
6715,2026-07-29,-0.013745883,-0.14133428,-0.17594416,0.04044174,0.057593655,0.05309747
6716,2026-07-29,0.11646484,-0.0110928435,-0.15183286,0.056164596,0.056374956,0.051586848
6719,2026-07-29,0.2342221,0.43914822,0.21822542,0.21629621,0.33202207,0.37628916
6720,2026-07-29,-0.082979605,-0.15438941,-0.29355237,0.02374085,0.04488867,0.046395466
6721,2026-07-29,-0.015055031,0.0032813486,0.020536618,0.015897684,0.020284884,0.022214105
6727,2026-07-29,-0.15746601,-0.27150056,-0.2277734,0.035635527,0.05178695,0.056585558
6728,2026-07-29,-0.05948976,-0.12412996,-0.1505392,0.020497905,0.024564119,0.024164435
6732,2026-07-29,-0.08624471,-0.18688153,-0.06874727,0.04486078,0.06350216,0.077767625
6733,2026-07-29,-0.40425232,-0.45174205,-0.3964578,0.06420533,0.061190095,0.061500818
6735,2026-07-29,0.084275216,0.24881753,0.3319219,0.037590645,0.055422153,0.04871025
6739,2026-07-29,0.03852342,0.06965236,0.029700521,0.019119129,0.02423417,0.028240837
6741,2026-07-29,-0.07382237,-0.076024644,-0.14042209,0.019966526,0.027951468,0.027461994
6742,2026-07-29,0.60571367,0.46158007,0.8036308,0.1536014,0.19209567,0.21283065
6743,2026-07-29,-0.045557663,-0.06783509,0.033503994,0.024958495,0.032437924,0.03227439
6751,2026-07-29,-0.037911024,-0.049640417,-0.018325271,0.01748757,0.02423494,0.032383505
6752,2026-07-29,0.021098489,0.009363509,-0.015432519,0.012747838,0.02379401,0.022774495
6753,2026-07-29,-0.00021333086,-0.034573853,0.05454058,0.029761855,0.044060487,0.045111936
6754,2026-07-29,0.07861252,0.20356575,0.2639991,0.023832053,0.041038275,0.03887257
6756,2026-07-29,0.081871554,0.03958877,-0.044623856,0.01987609,0.023440912,0.03025282
6757,2026-07-29,0.032710966,0.10777301,0.15418409,0.017656483,0.020610422,0.021114867
6761,2026-07-29,0.23976663,0.23981085,0.06556674,0.04872016,0.05923834,0.06638462
6763,2026-07-29,-0.06358058,-0.12667038,-0.16786449,0.018561432,0.022806225,0.032025576
6767,2026-07-29,-0.13785481,-0.19478026,-0.035678428,0.028914934,0.03645632,0.036532816
6768,2026-07-29,-0.048930693,-0.02380691,-0.043349735,0.01574395,0.023400888,0.026067208
6770,2026-07-29,-0.02091319,-0.10045894,-0.18319862,0.029084729,0.02917082,0.034561682
6771,2026-07-29,0.050725475,0.10230492,0.14577436,0.019695636,0.028083468,0.032498453
6776,2026-07-29,0.0031235,-0.007481747,-0.0072855847,0.016031254,0.01795012,0.02318233
6781,2026-07-29,0.007714243,0.012586379,0.0034022063,0.0207418,0.025050757,0.03667092
6782,2026-07-29,-0.03972783,-0.027339714,-0.012885415,0.014426078,0.023755385,0.027052699
6785,2026-07-29,-0.020485554,-0.037714794,-0.010834935,0.0401128,0.031568978,0.049741544
6788,2026-07-29,0.07225172,-0.077273585,0.0886647,0.079643406,0.13780431,0.12803929
6789,2026-07-29,-0.02501439,0.026166417,0.0047151623,0.029625956,0.059030592,0.06389219
6790,2026-07-29,0.027540024,0.071150035,0.064928144,0.012561286,0.018784255,0.028832812
6791,2026-07-29,0.12548056,0.05209892,0.021362806,0.041247815,0.05533461,0.055706795
6792,2026-07-29,0.016279904,0.010681395,0.042663086,0.027011799,0.026251055,0.033846598
6794,2026-07-29,-0.068185076,-0.07671865,-0.029837904,0.032664683,0.04241,0.043342225
6796,2026-07-29,0.057870258,0.0728447,0.079950266,0.02504077,0.032886326,0.026460486
6799,2026-07-29,0.33027756,0.32350203,0.2188777,0.074184164,0.12992392,0.13470316
6803,2026-07-29,-0.028968096,-0.056066036,-0.09966602,0.014624295,0.026395092,0.029406426
6804,2026-07-29,0.11636089,0.2654832,0.34073767,0.04821348,0.058537804,0.06481012
6805,2026-07-29,0.0028672114,0.04468473,-0.041448817,0.018161584,0.01546503,0.018984687
6807,2026-07-29,0.0048775277,0.044666544,0.08334955,0.026795078,0.038943958,0.04640556
6811,2026-07-29,0.10670568,0.13152511,0.12481956,0.01843,0.022820583,0.028321283
6821,2026-07-29,0.3687537,0.41925105,0.65638435,0.06677116,0.089709006,0.13294281
6823,2026-07-29,-0.072779104,-0.07373102,-0.057687514,0.03294929,0.0338677,0.044895396
6829,2026-07-29,0.4001953,0.5906861,0.2732877,0.14314915,0.2609949,0.1921413
6830,2026-07-29,-0.19573607,-0.28730997,-0.4140089,0.07331349,0.08183848,0.10524399
6834,2026-07-29,0.30637518,-0.05278154,0.07541796,0.13033108,0.1635096,0.15374805
6835,2026-07-29,-0.036257464,-0.03534406,-0.002041126,0.017848268,0.021427086,0.02056671
6838,2026-07-29,0.102785364,0.2659374,0.40486798,0.04656157,0.043624636,0.078083016
6840,2026-07-29,0.022814708,0.09492939,0.076114416,0.023172695,0.034127377,0.038008202
6841,2026-07-29,-0.084371395,-0.06811602,-0.067085974,0.021869974,0.032172207,0.039572887
6843,2026-07-29,0.01736354,-0.005980373,0.076278195,0.021272488,0.02839681,0.031792052
6844,2026-07-29,0.022643529,0.021127421,0.038185246,0.01923494,0.02205486,0.029778315
6846,2026-07-29,0.091940366,0.14152387,0.19588086,0.018551398,0.027518079,0.036524765
6854,2026-07-29,-0.057092894,-0.09669663,-0.1971403,0.023380596,0.030343775,0.03489282
6855,2026-07-29,-0.022602642,-0.07079751,-0.060252104,0.016372325,0.026992004,0.034880597
6859,2026-07-29,-0.067997694,-0.03111919,-0.083249524,0.024903115,0.023435978,0.03595051
6861,2026-07-29,0.4330784,0.27383867,0.40077114,0.11384612,0.17139524,0.16368805
6862,2026-07-29,-0.020437317,-0.03368165,-0.017748117,0.026654538,0.026306963,0.033317413
6863,2026-07-29,-0.14952148,-0.21678072,-0.16525725,0.028260281,0.043071017,0.036814943
6865,2026-07-29,-0.061924014,-0.088629164,-0.00095676136,0.034173667,0.035907984,0.042410683
6869,2026-07-29,-0.12570961,-0.10494775,-0.11724638,0.018940927,0.02758005,0.031947315
6870,2026-07-29,0.1058421,-0.026702123,-0.03561191,0.04362145,0.0633521,0.07032451
6872,2026-07-29,0.07304614,0.18333855,0.3592485,0.035583172,0.0619967,0.07438515
6873,2026-07-29,0.035124175,0.0030671468,-2.4189303e-05,0.01475901,0.019426195,0.025699716
6874,2026-07-29,-0.020800011,0.0336095,0.098784596,0.016279638,0.022211878,0.03320799
6875,2026-07-29,-0.004673636,0.059789736,0.13651833,0.036871653,0.047833007,0.055503696
6877,2026-07-29,-0.1753903,0.43588817,0.26362953,0.17650491,0.25815785,0.23799324
6881,2026-07-29,-0.04485569,-0.009630592,-0.019910414,0.021787787,0.027224628,0.02950704
6885,2026-07-29,-0.043694865,-0.04729355,0.0724456,0.041915886,0.06889193,0.04848489
6887,2026-07-29,0.05674955,0.08963432,0.12444673,0.037129946,0.06739231,0.06611253
6890,2026-07-29,-0.06830777,-0.078425504,-0.105500445,0.031544995,0.04597303,0.057430472
6894,2026-07-29,0.026299201,0.20472829,0.03203057,0.055828676,0.058281932,0.06790347
6895,2026-07-29,-0.24247144,-0.4212747,-0.5607704,0.034783263,0.046700437,0.056805465
6899,2026-07-29,-0.050951354,-0.018195009,-0.01648963,0.01881248,0.03248896,0.039850008
6901,2026-07-29,-0.15399973,-0.0983424,0.08293312,0.028127747,0.03236936,0.031919
6902,2026-07-29,0.017756065,0.024483997,0.0479631,0.02137824,0.03524166,0.042409725
6903,2026-07-29,0.1521893,0.28091672,0.2628156,0.027582051,0.047619503,0.044908285
6906,2026-07-29,-0.0835493,-0.066760555,-0.10017439,0.02784793,0.032602713,0.033212014
6909,2026-07-29,0.114210956,0.038229156,0.20089434,0.043696806,0.05592724,0.05880992
6913,2026-07-29,-0.04549648,-0.042584196,-0.104200706,0.02123556,0.0280107,0.029867977
6914,2026-07-29,0.06930606,0.13592897,0.13245367,0.014224336,0.02048983,0.02098939
6916,2026-07-29,0.20660162,0.38508356,0.6366408,0.037514143,0.07135979,0.08281221
6918,2026-07-29,-0.04233302,-0.041325856,-1.13074975e-05,0.012998342,0.021718523,0.025305104
6919,2026-07-29,0.09300621,0.037903562,0.30289164,0.0603472,0.06876572,0.08182283
6922,2026-07-29,0.009083702,-0.02521753,-0.10878307,0.029841753,0.053328685,0.04776424
6923,2026-07-29,0.057146676,0.14360736,0.16101041,0.019403817,0.024436926,0.03957429
6924,2026-07-29,-0.18730968,-0.2629148,-0.30297336,0.02776742,0.044544924,0.0474184
6925,2026-07-29,-0.063017935,-0.17627494,-0.2595434,0.02613621,0.035541274,0.03932389
6928,2026-07-29,0.065882064,-0.03728163,-0.027135758,0.04486172,0.05928902,0.045766696
6929,2026-07-29,-0.01910904,0.053948045,0.16631413,0.02829115,0.031901855,0.032124866
6931,2026-07-29,-0.13587768,-0.1693302,-0.20920752,0.021456111,0.026952328,0.024548456
6933,2026-07-29,-0.2381036,-0.48215362,-0.55508727,0.056231663,0.08912834,0.09169414
6936,2026-07-29,-0.027943073,0.033289,0.0797167,0.020879136,0.025687408,0.024589723
6937,2026-07-29,-0.036074433,-0.20887476,-0.15798852,0.047718126,0.074628286,0.06750191
6944,2026-07-29,0.10587847,0.11273451,-0.13084118,0.043628868,0.047240343,0.06258954
6949,2026-07-29,0.21498339,0.30128542,0.44660327,0.043582905,0.054202184,0.06853817
6951,2026-07-29,0.11349521,0.27488604,0.3606659,0.026362274,0.041196767,0.05132911
6952,2026-07-29,-0.013803831,0.011749502,-0.024436943,0.017107863,0.025539542,0.022358594
6953,2026-07-29,-0.04193141,-0.031205384,-0.09476248,0.024577811,0.024274755,0.038116124
6955,2026-07-29,-0.021019531,-0.037087604,-0.14726764,0.018298116,0.027586218,0.029781269
6957,2026-07-29,0.14861606,0.2363386,0.2798716,0.026808526,0.03961705,0.04673321
6958,2026-07-29,0.13663553,0.15184388,0.1849854,0.026301214,0.03323082,0.03376028
6962,2026-07-29,-0.04035691,-0.06371423,-0.11779046,0.014368512,0.015640432,0.024400031
6965,2026-07-29,0.012854806,0.015340721,0.03733686,0.018941017,0.021519972,0.021398244
6967,2026-07-29,-0.07492961,0.067402735,0.5440627,0.082981296,0.11739497,0.108160384
6968,2026-07-29,0.011962708,0.25058696,0.26067862,0.074428335,0.070736334,0.089263596
6969,2026-07-29,0.23847874,0.044174455,0.1410638,0.08844948,0.119780764,0.14091246
6982,2026-07-29,-0.033635605,-0.014129883,-0.038693603,0.019438999,0.028661475,0.036397688
6988,2026-07-29,0.06974498,0.16150203,0.28063095,0.02252635,0.033936087,0.0458865
6994,2026-07-29,0.044160962,0.15733026,0.27276066,0.023988921,0.045289822,0.046979256
6996,2026-07-29,0.059894823,0.21203461,0.22097486,0.022490194,0.041872434,0.045455977
6997,2026-07-29,0.002505333,-0.02303275,0.002574162,0.0131850345,0.027080959,0.026720542
7402,2026-07-29,-0.37136814,-0.5144525,-0.68679553,0.10435785,0.13950107,0.17928442
7547,2026-07-29,0.033758104,-0.022926131,-0.092228666,0.024545774,0.027019113,0.03007108
7556,2026-07-29,-0.07281494,-0.07486799,-0.14030434,0.037338044,0.04494945,0.044788785
7584,2026-07-29,-0.07253003,-0.050677847,0.01899612,0.024026064,0.02730516,0.03754239
7610,2026-07-29,-0.12962392,-0.13090532,-0.11069334,0.03719712,0.035111517,0.036829177
7631,2026-07-29,-0.028831625,0.03769266,-0.19403173,0.028379368,0.03174562,0.04966592
7642,2026-07-29,-0.067557186,-0.12777339,-0.048391007,0.02560397,0.03901258,0.034761246
7703,2026-07-29,-0.09999369,-0.1921504,-0.23594932,0.01986066,0.022189265,0.034472454
7704,2026-07-29,-0.0010493797,0.061177395,0.10171167,0.024662105,0.03814965,0.037643176
7705,2026-07-29,-0.049388662,-0.0677959,-0.053995237,0.023196174,0.026423125,0.034593597
7708,2026-07-29,0.09367051,0.20350596,0.23328534,0.042474926,0.04706834,0.05304647
7709,2026-07-29,0.054621194,-0.11974141,-0.17235947,0.067546755,0.068326175,0.07815526
7712,2026-07-29,0.2615804,0.09237402,-0.1546635,0.0966529,0.10447289,0.08625072
7713,2026-07-29,0.06569701,0.140019,0.16654415,0.016316917,0.021828268,0.023619063
7714,2026-07-29,0.13749719,-0.15396506,-0.14360017,0.075914934,0.0882189,0.09953727
7715,2026-07-29,-0.11872525,-0.17820841,0.24719651,0.043566816,0.057928707,0.07820833
7718,2026-07-29,0.07770981,0.17807467,0.20210981,0.01295195,0.01896783,0.023003042
7721,2026-07-29,0.1716297,0.1219422,0.087298624,0.04733021,0.08351334,0.087055854
7722,2026-07-29,-0.040064428,-0.10981705,-0.10757275,0.024845697,0.03410462,0.053393256
7723,2026-07-29,-0.062097825,-0.051862486,0.03702499,0.055810485,0.06179298,0.06393916
7728,2026-07-29,-0.084854744,-0.17814566,-0.22110695,0.015851058,0.027097987,0.025275523
7732,2026-07-29,0.13447192,0.17725605,0.14660527,0.023568733,0.028755354,0.028909234
7734,2026-07-29,-0.047681015,-0.07255192,-0.15949003,0.019910002,0.023356868,0.02787306
7736,2026-07-29,-0.088350095,-0.07561204,-0.085782416,0.020100875,0.02127421,0.019589048
7740,2026-07-29,0.040725566,-0.12646534,-0.24169777,0.054875154,0.09386426,0.09883959
7749,2026-07-29,0.054665424,-0.0033767966,0.0470385,0.061655868,0.08637369,0.08406981
7750,2026-07-29,-0.0008143612,-0.01563395,-0.08051122,0.018649507,0.018641198,0.02340325
7751,2026-07-29,-0.022619111,0.04780159,-0.034208763,0.02737343,0.059508123,0.06440388
7753,2026-07-29,-0.0031463508,0.06445027,0.065074004,0.03208627,0.041881613,0.040965293
7765,2026-07-29,-0.0032227999,-0.004544956,-0.030585498,0.018496312,0.029385468,0.029004456
7780,2026-07-29,-0.114341065,-0.122355364,-0.13942838,0.023797493,0.030675603,0.033498414
7799,2026-07-29,0.054886628,0.2588994,-0.16550033,0.074153654,0.17866282,0.15620273
8011,2026-07-29,-0.004774979,0.013416676,0.022285651,0.018457666,0.025408553,0.032605812
8016,2026-07-29,0.04672805,0.05488003,0.08419069,0.05261777,0.098862186,0.07915309
8021,2026-07-29,-0.054795362,-0.030745145,-0.047591813,0.039265346,0.077706076,0.07921423
8024,2026-07-29,0.0441801,0.016023211,0.20005566,0.06097335,0.09865388,0.110314175
8027,2026-07-29,-0.115637414,-0.2182003,-0.25258598,0.040857576,0.05474231,0.052689314
8028,2026-07-29,-0.19794582,-0.27208245,-0.19352643,0.034757398,0.051251095,0.03592282
8032,2026-07-29,0.07657589,0.10857944,0.10875449,0.028982036,0.041152712,0.041353572
8033,2026-07-29,-0.1831368,-0.29349586,-0.20439062,0.043645054,0.05564124,0.04403123
8034,2026-07-29,-0.11491101,-0.23043846,-0.26400897,0.034272894,0.04754973,0.04376768
8038,2026-07-29,1.3554535,2.6956086,2.9462047,0.30858126,0.6326716,0.69611627
8039,2026-07-29,-0.07331915,-0.19870539,-0.15072212,0.029930329,0.051814158,0.0601692
8040,2026-07-29,0.19110231,0.012256813,-0.28257236,0.053832043,0.058639754,0.055448294
8042,2026-07-29,-0.24543813,-0.5363976,-0.7451853,0.09084752,0.13316815,0.15060353
8043,2026-07-29,-0.2953391,-0.35870388,-0.046994448,0.085553,0.12482942,0.10346701
8044,2026-07-29,-0.05400661,-0.08150568,-0.14595836,0.01981324,0.021019513,0.026594901
8045,2026-07-29,0.02702145,0.0034949535,-0.00811075,0.0278226,0.031382564,0.042254206
8046,2026-07-29,-0.04999129,-0.09181289,-0.09544204,0.0267346,0.038016524,0.03207274
8047,2026-07-29,-0.09301053,-0.02098105,-0.027318489,0.052074015,0.0919976,0.09309267
8048,2026-07-29,0.014866083,0.08208421,0.07273172,0.022360237,0.030315006,0.037714295
8049,2026-07-29,0.06505588,0.13016942,0.12930304,0.02550092,0.03177295,0.031753283
8050,2026-07-29,-0.027166465,-0.058637086,-0.059606034,0.035392664,0.04292126,0.04597862
8054,2026-07-29,-0.097778685,-0.20553803,-0.26017484,0.033620883,0.05999465,0.062185697
8059,2026-07-29,0.11941277,0.20465101,0.3591457,0.065301426,0.088130504,0.09378266
8064,2026-07-29,-0.10252883,-0.1863678,0.054881047,0.04314016,0.06761075,0.09292569
8066,2026-07-29,-0.097630784,-0.18530144,-0.14169769,0.022969007,0.031211304,0.033677142
8067,2026-07-29,-0.0053959014,0.05001955,0.3354406,0.04600734,0.06838194,0.09908724
8068,2026-07-29,0.119277336,0.14171807,0.21044104,0.03122094,0.045167744,0.053956736
8069,2026-07-29,-0.04094944,-0.08592553,-0.11534598,0.023024581,0.02917869,0.029775724
8070,2026-07-29,-0.02934436,-0.045278482,-0.08791909,0.018167045,0.022302333,0.025757888
8071,2026-07-29,1.0489961,2.1666377,2.5832586,0.22911909,0.4276435,0.51921666
8072,2026-07-29,-0.022298444,-0.033194225,-0.026976716,0.025526728,0.035686076,0.032703348
8074,2026-07-29,0.21487604,0.0889322,-0.116966836,0.05375025,0.03870646,0.044935867
8076,2026-07-29,0.008736448,0.043545935,0.037962873,0.02432138,0.022936884,0.024044268
8080,2026-07-29,0.17420478,0.32181403,0.51249844,0.041790023,0.046442848,0.074542984
8081,2026-07-29,-0.027861424,0.022156024,0.07600214,0.035198286,0.057414122,0.06188397
8083,2026-07-29,0.014719065,0.08557539,0.10571502,0.012573194,0.019494522,0.022646587
8084,2026-07-29,-0.004306692,0.07248928,0.18116404,0.05435393,0.056158733,0.08846615
8085,2026-07-29,-0.051021956,0.002683335,0.02982101,0.031093128,0.048646413,0.044661265
8086,2026-07-29,0.043115273,0.05829874,0.004374637,0.027135449,0.045009773,0.049902126
8087,2026-07-29,0.13366875,0.1582983,0.21692072,0.042774204,0.074803516,0.08448842
8088,2026-07-29,-0.043256864,-0.15962146,-0.050666537,0.037313003,0.039473537,0.04081099
8089,2026-07-29,0.06511332,0.016011436,0.04396395,0.035278734,0.03465948,0.04964074
8091,2026-07-29,0.08268143,-0.062170006,0.08511855,0.08349996,0.107997835,0.10239608
8092,2026-07-29,0.13243921,0.17515922,0.19670126,0.04108236,0.044075172,0.054091185
8093,2026-07-29,-0.02617968,0.0070527634,0.2279525,0.04136186,0.058349464,0.0725172
8096,2026-07-29,-0.048833054,-0.1425487,-0.23949471,0.03076562,0.037477933,0.04571256
8097,2026-07-29,-0.06761742,-0.013796895,0.008209205,0.027379457,0.033278726,0.039870374
8099,2026-07-29,0.04573308,0.06368649,0.0140147405,0.01786986,0.022452915,0.02368553
8101,2026-07-29,-0.14099155,-0.38655373,-0.23563197,0.043401442,0.061554488,0.057864044
8103,2026-07-29,0.02683671,0.030790579,-0.014790432,0.019044943,0.031754136,0.031705588
8104,2026-07-29,-0.042307097,-0.17772134,-0.14372095,0.039117724,0.05514381,0.042623483
8105,2026-07-29,-0.054411914,-0.024281166,-0.07706572,0.047341786,0.071436085,0.087954
8107,2026-07-29,-0.039774682,-0.054061994,0.05371426,0.017282791,0.024009744,0.023592222
8109,2026-07-29,-0.0016906144,0.07264296,0.0749623,0.02751298,0.034827214,0.03889909
8110,2026-07-29,0.12501524,0.11510623,0.17228404,0.039001975,0.049673818,0.05524073
8111,2026-07-29,-0.022496339,-0.093494974,-0.14037696,0.046254277,0.045848608,0.0651013
8112,2026-07-29,-0.13183029,-0.17592797,-0.121488415,0.021760559,0.028959522,0.030224983
8114,2026-07-29,-0.17478119,-0.113263085,0.088821985,0.05949481,0.0865259,0.09911767
8121,2026-07-29,0.72227365,0.79743826,0.41619205,0.122819245,0.16133265,0.17789254
8131,2026-07-29,0.008060352,0.036938135,0.08686171,0.040994365,0.058517024,0.081685334
8147,2026-07-29,-0.03867511,-0.16328034,-0.29196206,0.030425182,0.04718401,0.048993986
8150,2026-07-29,-0.12354205,-0.25971496,-0.31221458,0.026683943,0.03601652,0.04645228
8155,2026-07-29,0.08571601,-0.027048199,0.19735387,0.06409745,0.07338051,0.09144839
8162,2026-07-29,2.0024786,3.2831337,3.4753907,0.3721473,0.72611433,0.8075183
8163,2026-07-29,0.01613708,-0.02510035,-0.0034580051,0.028042462,0.03649155,0.03744004
8171,2026-07-29,-0.02215785,-0.012613561,0.03096079,0.023409577,0.022595087,0.027478624
8176,2026-07-29,-0.0696559,-0.07158837,0.048949584,0.025418175,0.031873148,0.040184043
8182,2026-07-29,-0.16079882,-0.20178437,-0.15655495,0.034585547,0.048070423,0.05198308
8183,2026-07-29,0.0073199375,0.01806149,0.003881495,0.01693111,0.025143763,0.032610383
8201,2026-07-29,-0.114573635,-0.12098242,0.02957087,0.02144606,0.031323854,0.024038887
8210,2026-07-29,0.032944597,0.013506486,-0.06186928,0.019965362,0.029221628,0.035103153
8213,2026-07-29,0.07586997,0.13340643,0.085800804,0.016909007,0.035194326,0.03255609
8215,2026-07-29,-0.043698896,-0.12586625,-0.11274172,0.021870553,0.02784204,0.026991604
8222,2026-07-29,-0.23751722,-0.34699586,-0.14495918,0.04322248,0.0610565,0.049616285
8227,2026-07-29,-0.1534473,-0.260641,-0.18445466,0.0555649,0.09688193,0.11497866
8234,2026-07-29,-0.15949564,-0.133929,-0.06330641,0.03572251,0.04699719,0.04986779
8240,2026-07-29,0.10953934,0.043479107,-0.01770143,0.02268797,0.037653316,0.038634297
8249,2026-07-29,-0.10371424,-0.16706178,-0.18754916,0.019349737,0.028184231,0.028654408
8255,2026-07-29,0.0023478635,-0.10491133,-0.030977516,0.03523478,0.04307881,0.03967849
8261,2026-07-29,-0.0914899,-0.2202777,-0.1319547,0.04379069,0.057472512,0.054314613
8271,2026-07-29,0.00074896694,-0.074913405,-0.15412869,0.029453754,0.04048105,0.052100424
8272,2026-07-29,0.020275107,0.06016257,0.08975323,0.019570338,0.022618776,0.028231347
8277,2026-07-29,0.27076358,0.41595465,0.75404865,0.055718638,0.08544471,0.12820283
8279,2026-07-29,-0.028135542,-0.051744822,-0.07141454,0.015922971,0.018657252,0.022418745
8284,2026-07-29,0.058972344,0.10688685,0.12666322,0.018497858,0.024948223,0.023893774
8289,2026-07-29,-0.0014464366,0.026450543,0.0848661,0.03810826,0.051562067,0.056829136
8299,2026-07-29,-0.028124897,-0.025725571,-0.07458965,0.021960031,0.023668664,0.028622027
8341,2026-07-29,0.06651257,0.13415648,0.13252656,0.019928282,0.0238294,0.026067724
8349,2026-07-29,0.015381322,0.0750227,0.053219028,0.020389771,0.019004058,0.022069862
8354,2026-07-29,-0.036524177,-0.041994445,0.011329374,0.017865049,0.025890084,0.028897041
8358,2026-07-29,0.031408325,0.09999272,0.21114917,0.046018302,0.075307675,0.09241447
8367,2026-07-29,0.007905822,0.05506246,0.080846995,0.017999744,0.019053696,0.021526702
8374,2026-07-29,-0.20381273,-0.5246926,-0.6274026,0.03735663,0.0626887,0.07198375
8383,2026-07-29,0.012441482,-0.19107288,-0.11472349,0.03633159,0.047021214,0.036315996
8390,2026-07-29,0.021104109,0.025670102,-0.0038233676,0.01699684,0.02153303,0.024979685
8401,2026-07-29,0.044840276,0.08215396,0.087778226,0.019600825,0.021633042,0.023656776
8403,2026-07-29,-0.08101199,-0.14094402,-0.121394604,0.023359224,0.03135097,0.031340834
8404,2026-07-29,0.007058346,0.022475833,0.028256323,0.01934643,0.025240935,0.0260938
8409,2026-07-29,0.031079106,0.08381585,0.13986057,0.018767128,0.028646242,0.026900966
8410,2026-07-29,0.052082207,0.11180617,0.07647182,0.023170164,0.024809735,0.029589048
8411,2026-07-29,0.14696659,0.24929507,0.27188352,0.025539018,0.03766422,0.045432568
8415,2026-07-29,0.07127554,0.104192,0.044303585,0.013403794,0.018927397,0.027063139
8416,2026-07-29,0.0062469286,0.013925042,0.025296666,0.01682624,0.020863134,0.022145376
8421,2026-07-29,-0.25434163,-0.38394445,-0.22410111,0.06456173,0.07446349,0.07214454
8422,2026-07-29,-0.025401866,-0.063621625,-0.103992224,0.019711705,0.028887166,0.026816824
8423,2026-07-29,-0.0033889278,0.015061338,0.07472846,0.018909521,0.025519088,0.034166627
8424,2026-07-29,0.027826607,0.07891289,0.08503071,0.019369336,0.026829226,0.020863416
8426,2026-07-29,0.003771257,0.0005475561,0.012470716,0.020189896,0.02929529,0.027708415
8429,2026-07-29,-0.07200595,-0.100495145,-0.09653543,0.015052753,0.018662514,0.013273505
8431,2026-07-29,-0.05103996,-0.076807134,-0.091301486,0.03350677,0.054699995,0.056351453
8432,2026-07-29,0.054580014,0.11595886,0.13615899,0.015618466,0.021582311,0.027472302
8433,2026-07-29,0.098787576,0.1685913,0.18626092,0.013565309,0.018832525,0.021934714
8435,2026-07-29,0.04508067,0.10381751,0.13170111,0.016991585,0.018868288,0.027935714
8436,2026-07-29,0.03032879,0.056551132,0.01641382,0.020068778,0.027589167,0.028965328
8437,2026-07-29,-0.022942984,0.02957208,0.1242326,0.020670734,0.020136105,0.027883986
8438,2026-07-29,1.1636173,2.1208522,1.7946187,0.17202142,0.31217203,0.2388174
8440,2026-07-29,-0.033848945,-0.07931611,-0.049199443,0.01636332,0.026899878,0.032903157
8442,2026-07-29,0.035624195,0.05455827,0.11096152,0.024439849,0.03346903,0.032197256
8443,2026-07-29,-0.16940676,-0.19486117,-0.11186533,0.040006217,0.044856254,0.03850485
8444,2026-07-29,0.11417811,0.11305477,0.051228415,0.02959159,0.039398834,0.045972098
8446,2026-07-29,0.04922288,0.105035305,0.12350828,0.017691873,0.025919776,0.025716083
8450,2026-07-29,-0.11903129,-0.0945474,-0.028941477,0.027617263,0.031212904,0.028316034
8454,2026-07-29,-0.12234686,-0.06889316,-0.030858586,0.065009445,0.088285565,0.081576206
8455,2026-07-29,-0.08099253,-0.12313571,-0.16565964,0.025357913,0.027104001,0.03751978
8462,2026-07-29,0.039387397,0.09445741,0.12691958,0.019959621,0.018352184,0.020483363
8463,2026-07-29,0.024413856,0.08743267,0.16040869,0.020702029,0.022001319,0.029011717
8464,2026-07-29,0.04696765,0.07010285,0.07504297,0.013898674,0.016651427,0.020564053
8466,2026-07-29,0.14849824,0.19958347,0.22175387,0.022970106,0.032510106,0.034255885
8467,2026-07-29,-0.07889461,-0.08123606,-0.14687175,0.026114771,0.028265323,0.031927764
8472,2026-07-29,-0.1423507,-0.18028173,0.19893385,0.054981075,0.06752669,0.08405915
8473,2026-07-29,0.016927624,0.034001246,0.07410546,0.022014203,0.029512858,0.033365626
8476,2026-07-29,0.05295583,-0.11044376,-0.120079964,0.047353093,0.08104876,0.07890771
8477,2026-07-29,0.012331849,0.00797457,0.07338777,0.028026232,0.03643413,0.034203846
8478,2026-07-29,-0.0626127,-0.109179854,-0.107926264,0.018629365,0.02510068,0.027113408
8481,2026-07-29,0.05963714,0.13956025,0.22158474,0.020907057,0.03759473,0.04325844
8482,2026-07-29,-0.0002205013,0.019733684,0.06302626,0.02426961,0.02797139,0.032118544
8487,2026-07-29,0.1479194,0.21220297,0.24693674,0.021273741,0.030074961,0.029584488
8488,2026-07-29,0.05212764,0.11067133,0.15542905,0.021758541,0.030274885,0.033040777
8489,2026-07-29,-0.08621696,-0.14129438,-0.10253893,0.019098403,0.02941013,0.02457309
8499,2026-07-29,-0.18118423,-0.2860591,-0.29452822,0.05849504,0.09782084,0.08309011
8905,2026-07-29,-0.00909855,0.01975583,0.057735734,0.025212187,0.034361444,0.03693947
8906,2026-07-29,-0.10318686,-0.12249387,-0.043922734,0.030531595,0.03599232,0.033852976
8908,2026-07-29,-0.060417008,-0.040697563,-0.09531822,0.0139551405,0.01825016,0.017849542
8916,2026-07-29,-0.05470558,-0.05675752,-0.08243159,0.017733218,0.031053511,0.030940836
8917,2026-07-29,-0.009661299,0.010084257,0.014207442,0.014785502,0.01775633,0.019028831
8924,2026-07-29,0.051963966,0.10399948,0.10996938,0.018553058,0.030027809,0.028929573
8926,2026-07-29,-0.0052763456,0.099345125,0.053774145,0.028959645,0.03220896,0.044910967
8927,2026-07-29,-0.058332037,-0.048500296,-0.0916715,0.019136628,0.028269349,0.029195905
8928,2026-07-29,0.122144274,0.17820352,0.28999966,0.03122771,0.037933797,0.042538323
8929,2026-07-29,-0.019267816,-0.051677164,0.017626895,0.020348383,0.030430617,0.031059705
8930,2026-07-29,0.08661496,0.1325458,0.24557383,0.022841685,0.02885094,0.036221046
8931,2026-07-29,-0.029129852,-0.02053192,-0.022815527,0.014795625,0.018506255,0.020762406
8932,2026-07-29,-0.01363696,0.022983024,0.039962687,0.0231229,0.031556327,0.027550375
8933,2026-07-29,-0.13751991,-0.2708521,-0.13799573,0.0308454,0.038160052,0.038414873
8935,2026-07-29,0.029145984,0.0997431,0.25121182,0.045435745,0.071347,0.06920346
8936,2026-07-29,-0.06463461,-0.06538569,-0.06646193,0.01909103,0.023475643,0.023028417
8937,2026-07-29,0.107548386,0.19759105,0.152425,0.055197183,0.06323082,0.06466397
8938,2026-07-29,0.07963319,0.13747488,0.13230093,0.016240891,0.02397051,0.027297474
8940,2026-07-29,-0.026553852,-0.007951655,0.017012129,0.020259062,0.01732204,0.023780867
8941,2026-07-29,-0.02966656,0.032415148,0.03116951,0.023120068,0.039475743,0.044302028
8942,2026-07-29,-0.02093393,0.010136892,0.0053166887,0.025368696,0.024213778,0.032817516
8996,2026-07-29,0.010069256,0.042227704,0.0110547375,0.02972653,0.038073514,0.038550716
9103,2026-07-29,-0.05118708,-0.043439984,0.008963868,0.064681605,0.089241415,0.108362526
9105,2026-07-29,-0.020200346,-0.08751262,-0.07318429,0.025803013,0.030441737,0.04541488
9110,2026-07-29,-0.09964428,-0.09599321,0.075341895,0.03706899,0.05743771,0.074726336
9136,2026-07-29,-0.17969364,-0.1946694,-0.1296598,0.035522137,0.03664308,0.038602125
9802,2026-07-29,-0.05425844,-0.10052837,-0.13141073,0.01982002,0.028843045,0.028084103
9902,2026-07-29,-0.053531807,0.047085725,0.14623536,0.016450021,0.02507454,0.028406983
9904,2026-07-29,0.07859692,0.09800789,0.06697467,0.02081007,0.026775867,0.028331783
9905,2026-07-29,0.076658726,0.13458215,0.16306506,0.016570212,0.02184314,0.028268814
9906,2026-07-29,0.1664725,0.2614649,0.23888215,0.014485349,0.032365445,0.032436013
9907,2026-07-29,0.06560679,0.06018343,0.012845313,0.020307597,0.02474683,0.027703809
9908,2026-07-29,0.051410083,0.08805933,0.06498226,0.016412152,0.02467793,0.022449462
9910,2026-07-29,0.075847656,0.1213918,0.10359923,0.019238759,0.0248624,0.026455676
9911,2026-07-29,0.008437598,0.054138683,0.026161516,0.014586406,0.023839248,0.02541494
9912,2026-07-29,-0.062077746,0.041416388,0.12767561,0.022407986,0.03140555,0.033238143
9914,2026-07-29,0.14987291,0.13005486,0.08583934,0.03280038,0.03965419,0.035044327
9917,2026-07-29,0.02086144,0.012507451,-0.008367555,0.014669252,0.025319263,0.024671169
9918,2026-07-29,0.061116062,0.124479674,0.14178954,0.01612685,0.02244644,0.022429246
9919,2026-07-29,-0.020833135,-0.005000441,0.009604023,0.019284388,0.025036806,0.0232479
9921,2026-07-29,-0.027223745,-0.06584655,-0.07795302,0.021219842,0.03164605,0.031168358
9924,2026-07-29,-0.04877642,-0.047322687,-0.03269493,0.018317511,0.017513689,0.02305011
9925,2026-07-29,0.032291375,0.051987443,0.024533726,0.015069656,0.02110022,0.022442702
9926,2026-07-29,0.030205095,0.08218792,0.02758319,0.018364148,0.020949593,0.022718968
9927,2026-07-29,0.09046714,0.18334977,0.19685358,0.019558046,0.033647154,0.03457375
9928,2026-07-29,-0.019842856,0.035310235,0.12233464,0.021781335,0.022224884,0.029666726
9929,2026-07-29,0.003101796,0.0044680885,0.0488496,0.03839279,0.05424523,0.06668024
9930,2026-07-29,-0.036827043,-0.020244362,-0.055327773,0.0254896,0.027023135,0.024474425
9931,2026-07-29,0.033469316,0.067236975,0.088605605,0.01862672,0.020640844,0.026830396
9933,2026-07-29,0.04067031,0.07648207,0.073024,0.01420033,0.0232721,0.025706394
9934,2026-07-29,0.104959376,0.18365069,0.17400135,0.022758247,0.031775758,0.02954523
9935,2026-07-29,0.08792427,0.1931052,0.2277701,0.02344826,0.029380081,0.036027852
9937,2026-07-29,0.05508549,0.09135883,0.06184397,0.019652646,0.025706703,0.022247374
9938,2026-07-29,0.03974638,0.03858264,-0.009713453,0.015006654,0.01911254,0.025205325
9939,2026-07-29,0.09750883,0.09426741,0.053912077,0.0252051,0.03334991,0.031816598
9940,2026-07-29,0.07953254,0.09364243,0.03008699,0.016176468,0.018652491,0.019343235
9941,2026-07-29,0.052134816,0.10971802,0.11727255,0.01303714,0.015471146,0.023077628
9942,2026-07-29,0.06676944,0.10708585,0.12780823,0.01697469,0.02357099,0.03165254
9943,2026-07-29,-0.014162835,-0.012914052,-0.017269425,0.018898064,0.023579923,0.021624917
9944,2026-07-29,0.07778718,0.09667556,0.2031189,0.025513124,0.034309786,0.037236415
9945,2026-07-29,0.022100262,0.036825784,0.08470753,0.0154879335,0.019210182,0.021770433
9946,2026-07-29,0.023742236,0.02877227,0.08804556,0.040722672,0.053548492,0.04030598
9949,2026-07-29,-0.18694767,-0.30317065,-0.18315779,0.029560275,0.043232802,0.03686518
9950,2026-07-29,-0.006620064,0.04644521,0.11175692,0.017167728,0.022239996,0.04224939
9951,2026-07-29,0.039047383,0.06380941,0.05164719,0.012897215,0.020938106,0.023473978
9955,2026-07-29,-0.026373664,-0.030064017,-0.050407212,0.018627284,0.026017966,0.027892385
9958,2026-07-29,0.09055836,0.11619168,0.100273356,0.014887094,0.017088125,0.029305082
9960,2026-07-29,0.13109444,0.22443955,0.29931104,0.01947629,0.023454646,0.03819571
9962,2026-07-29,0.15673588,0.22813979,0.23634619,0.027118498,0.038970288,0.034874685
