{
 "experiment": "phase3_A_dropout_sweep",
 "baseline": {
  "dropout": 0.1,
  "peak_ic_5d": 0.0951,
  "peak_epoch": 8
 },
 "results": [
  {
   "dropout": 0.1,
   "checkpoint": "v6_short_A_do0p1.pt",
   "peak_ic_5d": 0.08695277764173771,
   "peak_epoch": 3,
   "post_peak_decay_per_epoch": 0.002863440705234285,
   "epochs_ran": 13,
   "val_ic_5d_curve": [
    0.0406,
    0.0851,
    0.087,
    0.0848,
    0.0768,
    0.0766,
    0.0713,
    0.0631,
    0.0603,
    0.058,
    0.0553,
    0.0542,
    0.0583
   ],
   "val_ic_10d_curve": [
    0.0275,
    0.082,
    0.0853,
    0.081,
    0.0713,
    0.0681,
    0.0594,
    0.0559,
    0.055,
    0.0552,
    0.0516,
    0.0542,
    0.0576
   ],
   "val_loss_curve": [
    0.13262,
    0.12351,
    0.12382,
    0.1241,
    0.12724,
    0.12496,
    0.12659,
    0.12779,
    0.12921,
    0.13224,
    0.13597,
    0.13681,
    0.13644
   ]
  },
  {
   "dropout": 0.2,
   "checkpoint": "v6_short_A_do0p2.pt",
   "peak_ic_5d": 0.09590054777431321,
   "peak_epoch": 4,
   "post_peak_decay_per_epoch": 0.004172768271914821,
   "epochs_ran": 14,
   "val_ic_5d_curve": [
    0.0581,
    0.0915,
    0.0862,
    0.0959,
    0.0896,
    0.075,
    0.0644,
    0.0726,
    0.0783,
    0.0609,
    0.0586,
    0.0585,
    0.0558,
    0.0542
   ],
   "val_ic_10d_curve": [
    0.053,
    0.0905,
    0.0865,
    0.092,
    0.0854,
    0.0662,
    0.0571,
    0.0648,
    0.0718,
    0.0502,
    0.0528,
    0.0552,
    0.0524,
    0.0508
   ],
   "val_loss_curve": [
    0.12805,
    0.12345,
    0.1234,
    0.12331,
    0.12371,
    0.12682,
    0.12713,
    0.12629,
    0.1271,
    0.12908,
    0.12902,
    0.13065,
    0.13432,
    0.13321
   ]
  }
 ]
}